solid labcem
  facet normal 0.0 0.0 0.0
    outer loop
      vertex 6.0 10.0 14.0
      vertex 6.0 10.0 14.0
      vertex 6.0 10.0 14.0
    endloop
  endfacet
  facet normal 0.0 0.0 0.0
    outer loop
      vertex 6.0 10.0 14.0
      vertex 6.0 10.0 14.0
      vertex 6.0 10.0 14.0
    endloop
  endfacet
  facet normal 0.0 0.0 0.0
    outer loop
      vertex 6.0 10.0 14.0
      vertex 6.0 10.0 14.0
      vertex 6.0 11.0 14.0
    endloop
  endfacet
  facet normal 0.0 0.0 0.0
    outer loop
      vertex 6.0 10.0 14.0
      vertex 6.0 11.0 14.0
      vertex 6.0 11.0 14.0
    endloop
  endfacet
  facet normal 0.0 0.0 0.0
    outer loop
      vertex 6.0 10.0 14.0
      vertex 6.0 10.0 14.0
      vertex 6.0 11.0 14.0
    endloop
  endfacet
  facet normal 0.0 0.0 0.0
    outer loop
      vertex 6.0 10.0 14.0
      vertex 6.0 11.0 14.0
      vertex 6.0 11.0 14.0
    endloop
  endfacet
  facet normal 0.0 0.0 0.0
    outer loop
      vertex 6.0 11.0 14.0
      vertex 6.0 11.0 14.0
      vertex 6.0 12.0 14.0
    endloop
  endfacet
  facet normal 0.0 0.0 0.0
    outer loop
      vertex 6.0 11.0 14.0
      vertex 6.0 12.0 14.0
      vertex 6.0 12.0 14.0
    endloop
  endfacet
  facet normal 0.0 0.0 0.0
    outer loop
      vertex 6.0 11.0 14.0
      vertex 6.0 11.0 14.0
      vertex 6.0 12.0 14.0
    endloop
  endfacet
  facet normal 0.0 0.0 0.0
    outer loop
      vertex 6.0 11.0 14.0
      vertex 6.0 12.0 14.0
      vertex 6.0 12.0 14.0
    endloop
  endfacet
  facet normal 0.0 0.0 0.0
    outer loop
      vertex 6.0 12.0 14.0
      vertex 6.0 12.0 14.0
      vertex 6.0 13.0 14.0
    endloop
  endfacet
  facet normal 0.0 0.0 0.0
    outer loop
      vertex 6.0 12.0 14.0
      vertex 6.0 13.0 14.0
      vertex 6.0 13.0 14.0
    endloop
  endfacet
  facet normal 0.0 0.0 0.0
    outer loop
      vertex 6.0 12.0 14.0
      vertex 6.0 12.0 14.0
      vertex 6.0 13.0 14.0
    endloop
  endfacet
  facet normal 0.0 0.0 0.0
    outer loop
      vertex 6.0 12.0 14.0
      vertex 6.0 13.0 14.0
      vertex 6.0 13.0 14.0
    endloop
  endfacet
  facet normal 0.0 0.0 0.0
    outer loop
      vertex 6.0 13.0 14.0
      vertex 6.0 13.0 14.0
      vertex 6.0 13.0 14.0
    endloop
  endfacet
  facet normal 0.0 0.0 0.0
    outer loop
      vertex 6.0 13.0 14.0
      vertex 6.0 13.0 14.0
      vertex 6.0 13.0 14.0
    endloop
  endfacet
  facet normal 0.0 0.0 0.0
    outer loop
      vertex 7.0 9.0 14.0
      vertex 7.0 9.0 14.0
      vertex 7.0 9.0 14.0
    endloop
  endfacet
  facet normal 0.0 0.0 0.0
    outer loop
      vertex 7.0 9.0 14.0
      vertex 7.0 9.0 14.0
      vertex 7.0 9.0 14.0
    endloop
  endfacet
  facet normal 0.0 0.0 0.0
    outer loop
      vertex 7.0 9.0 14.0
      vertex 7.0 9.0 14.0
      vertex 6.0 10.0 14.0
    endloop
  endfacet
  facet normal 0.0 0.0 0.0
    outer loop
      vertex 6.0 10.0 14.0
      vertex 7.0 9.0 14.0
      vertex 6.0 10.0 14.0
    endloop
  endfacet
  facet normal -0.0 -0.0 -1.0
    outer loop
      vertex 7.0 10.0 14.0
      vertex 7.0 9.0 14.0
      vertex 6.0 10.0 14.0
    endloop
  endfacet
  facet normal 0.0 0.0 0.0
    outer loop
      vertex 6.0 10.0 14.0
      vertex 6.0 10.0 14.0
      vertex 7.0 9.0 14.0
    endloop
  endfacet
  facet normal 0.0 0.0 0.0
    outer loop
      vertex 7.0 9.0 14.0
      vertex 6.0 10.0 14.0
      vertex 7.0 9.0 14.0
    endloop
  endfacet
  facet normal 0.0 0.0 1.0
    outer loop
      vertex 7.0 10.0 14.0
      vertex 6.0 10.0 14.0
      vertex 7.0 9.0 14.0
    endloop
  endfacet
  facet normal 0.0 0.0 0.0
    outer loop
      vertex 7.0 11.0 13.0
      vertex 7.0 11.0 13.0
      vertex 7.0 11.0 13.0
    endloop
  endfacet
  facet normal 0.0 0.0 0.0
    outer loop
      vertex 7.0 11.0 13.0
      vertex 7.0 10.0 14.0
      vertex 7.0 11.0 13.0
    endloop
  endfacet
  facet normal -0.5773502588272095 -0.5773502588272095 -0.5773502588272095
    outer loop
      vertex 7.0 10.0 14.0
      vertex 6.0 11.0 14.0
      vertex 7.0 11.0 13.0
    endloop
  endfacet
  facet normal 0.0 0.0 -1.0
    outer loop
      vertex 7.0 10.0 14.0
      vertex 6.0 10.0 14.0
      vertex 6.0 11.0 14.0
    endloop
  endfacet
  facet normal 0.0 0.0 1.0
    outer loop
      vertex 7.0 10.0 14.0
      vertex 6.0 11.0 14.0
      vertex 6.0 10.0 14.0
    endloop
  endfacet
  facet normal 0.0 0.0 1.0
    outer loop
      vertex 7.0 11.0 14.0
      vertex 6.0 11.0 14.0
      vertex 7.0 10.0 14.0
    endloop
  endfacet
  facet normal 0.0 0.0 0.0
    outer loop
      vertex 7.0 11.0 13.0
      vertex 7.0 11.0 13.0
      vertex 7.0 12.0 13.0
    endloop
  endfacet
  facet normal 0.0 0.0 0.0
    outer loop
      vertex 7.0 11.0 13.0
      vertex 7.0 12.0 13.0
      vertex 7.0 12.0 13.0
    endloop
  endfacet
  facet normal -0.7071067690849304 -0.0 -0.7071067690849304
    outer loop
      vertex 6.0 12.0 14.0
      vertex 7.0 12.0 13.0
      vertex 6.0 11.0 14.0
    endloop
  endfacet
  facet normal -0.7071067690849304 0.0 -0.7071067690849304
    outer loop
      vertex 6.0 11.0 14.0
      vertex 7.0 12.0 13.0
      vertex 7.0 11.0 13.0
    endloop
  endfacet
  facet normal 0.0 0.0 1.0
    outer loop
      vertex 7.0 11.0 14.0
      vertex 6.0 12.0 14.0
      vertex 6.0 11.0 14.0
    endloop
  endfacet
  facet normal 0.0 0.0 1.0
    outer loop
      vertex 7.0 12.0 14.0
      vertex 6.0 12.0 14.0
      vertex 7.0 11.0 14.0
    endloop
  endfacet
  facet normal 0.0 0.0 0.0
    outer loop
      vertex 7.0 12.0 13.0
      vertex 7.0 12.0 13.0
      vertex 7.0 12.0 13.0
    endloop
  endfacet
  facet normal 0.0 0.0 0.0
    outer loop
      vertex 7.0 12.0 13.0
      vertex 6.0 12.0 14.0
      vertex 7.0 12.0 13.0
    endloop
  endfacet
  facet normal -0.5773502588272095 0.5773502588272095 -0.5773502588272095
    outer loop
      vertex 6.0 12.0 14.0
      vertex 7.0 13.0 14.0
      vertex 7.0 12.0 13.0
    endloop
  endfacet
  facet normal 0.0 0.0 -1.0
    outer loop
      vertex 6.0 12.0 14.0
      vertex 6.0 13.0 14.0
      vertex 7.0 13.0 14.0
    endloop
  endfacet
  facet normal 0.0 0.0 1.0
    outer loop
      vertex 7.0 12.0 14.0
      vertex 6.0 13.0 14.0
      vertex 6.0 12.0 14.0
    endloop
  endfacet
  facet normal 0.0 0.0 1.0
    outer loop
      vertex 7.0 13.0 14.0
      vertex 6.0 13.0 14.0
      vertex 7.0 12.0 14.0
    endloop
  endfacet
  facet normal 0.0 0.0 0.0
    outer loop
      vertex 6.0 13.0 14.0
      vertex 6.0 13.0 14.0
      vertex 7.0 14.0 14.0
    endloop
  endfacet
  facet normal 0.0 0.0 0.0
    outer loop
      vertex 7.0 14.0 14.0
      vertex 6.0 13.0 14.0
      vertex 7.0 14.0 14.0
    endloop
  endfacet
  facet normal 0.0 0.0 -1.0
    outer loop
      vertex 7.0 13.0 14.0
      vertex 6.0 13.0 14.0
      vertex 7.0 14.0 14.0
    endloop
  endfacet
  facet normal 0.0 0.0 0.0
    outer loop
      vertex 7.0 14.0 14.0
      vertex 7.0 14.0 14.0
      vertex 6.0 13.0 14.0
    endloop
  endfacet
  facet normal 0.0 0.0 0.0
    outer loop
      vertex 6.0 13.0 14.0
      vertex 7.0 14.0 14.0
      vertex 6.0 13.0 14.0
    endloop
  endfacet
  facet normal 0.0 -0.0 1.0
    outer loop
      vertex 7.0 13.0 14.0
      vertex 7.0 14.0 14.0
      vertex 6.0 13.0 14.0
    endloop
  endfacet
  facet normal 0.0 0.0 0.0
    outer loop
      vertex 7.0 14.0 14.0
      vertex 7.0 14.0 14.0
      vertex 7.0 14.0 14.0
    endloop
  endfacet
  facet normal 0.0 0.0 0.0
    outer loop
      vertex 7.0 14.0 14.0
      vertex 7.0 14.0 14.0
      vertex 7.0 14.0 14.0
    endloop
  endfacet
  facet normal 0.0 0.0 0.0
    outer loop
      vertex 8.0 9.0 14.0
      vertex 8.0 9.0 14.0
      vertex 7.0 9.0 14.0
    endloop
  endfacet
  facet normal 0.0 0.0 0.0
    outer loop
      vertex 8.0 9.0 14.0
      vertex 7.0 9.0 14.0
      vertex 7.0 9.0 14.0
    endloop
  endfacet
  facet normal 0.0 0.0 0.0
    outer loop
      vertex 7.0 9.0 14.0
      vertex 7.0 9.0 14.0
      vertex 8.0 9.0 14.0
    endloop
  endfacet
  facet normal 0.0 0.0 0.0
    outer loop
      vertex 7.0 9.0 14.0
      vertex 8.0 9.0 14.0
      vertex 8.0 9.0 14.0
    endloop
  endfacet
  facet normal 0.0 0.0 0.0
    outer loop
      vertex 8.0 10.0 13.0
      vertex 8.0 10.0 13.0
      vertex 8.0 10.0 13.0
    endloop
  endfacet
  facet normal 0.0 0.0 0.0
    outer loop
      vertex 8.0 10.0 13.0
      vertex 8.0 9.0 14.0
      vertex 8.0 10.0 13.0
    endloop
  endfacet
  facet normal -0.5773502588272095 -0.5773502588272095 -0.5773502588272095
    outer loop
      vertex 8.0 9.0 14.0
      vertex 7.0 10.0 14.0
      vertex 8.0 10.0 13.0
    endloop
  endfacet
  facet normal 0.0 0.0 -1.0
    outer loop
      vertex 8.0 9.0 14.0
      vertex 7.0 9.0 14.0
      vertex 7.0 10.0 14.0
    endloop
  endfacet
  facet normal 0.0 0.0 1.0
    outer loop
      vertex 8.0 9.0 14.0
      vertex 7.0 10.0 14.0
      vertex 7.0 9.0 14.0
    endloop
  endfacet
  facet normal 0.0 0.0 1.0
    outer loop
      vertex 8.0 10.0 14.0
      vertex 7.0 10.0 14.0
      vertex 8.0 9.0 14.0
    endloop
  endfacet
  facet normal 0.0 0.0 0.0
    outer loop
      vertex 8.0 11.0 12.0
      vertex 8.0 11.0 12.0
      vertex 8.0 11.0 12.0
    endloop
  endfacet
  facet normal 0.0 0.0 0.0
    outer loop
      vertex 8.0 11.0 12.0
      vertex 8.0 11.0 12.0
      vertex 8.0 10.0 13.0
    endloop
  endfacet
  facet normal 0.0 0.0 0.0
    outer loop
      vertex 8.0 11.0 12.0
      vertex 8.0 10.0 13.0
      vertex 8.0 10.0 13.0
    endloop
  endfacet
  facet normal -0.5773502588272095 -0.5773502588272095 -0.5773502588272095
    outer loop
      vertex 7.0 11.0 13.0
      vertex 8.0 11.0 12.0
      vertex 8.0 10.0 13.0
    endloop
  endfacet
  facet normal 0.0 0.0 0.0
    outer loop
      vertex 7.0 11.0 13.0
      vertex 7.0 11.0 13.0
      vertex 8.0 10.0 13.0
    endloop
  endfacet
  facet normal -0.5773502588272095 -0.5773502588272095 -0.5773502588272095
    outer loop
      vertex 7.0 11.0 13.0
      vertex 8.0 10.0 13.0
      vertex 7.0 10.0 14.0
    endloop
  endfacet
  facet normal 0.0 0.0 1.0
    outer loop
      vertex 8.0 10.0 14.0
      vertex 7.0 11.0 14.0
      vertex 7.0 10.0 14.0
    endloop
  endfacet
  facet normal 0.0 0.0 1.0
    outer loop
      vertex 8.0 11.0 14.0
      vertex 7.0 11.0 14.0
      vertex 8.0 10.0 14.0
    endloop
  endfacet
  facet normal 0.0 0.0 0.0
    outer loop
      vertex 8.0 11.0 12.0
      vertex 8.0 11.0 12.0
      vertex 8.0 12.0 12.0
    endloop
  endfacet
  facet normal 0.0 0.0 0.0
    outer loop
      vertex 8.0 11.0 12.0
      vertex 8.0 12.0 12.0
      vertex 8.0 12.0 12.0
    endloop
  endfacet
  facet normal -0.7071067690849304 -0.0 -0.7071067690849304
    outer loop
      vertex 7.0 12.0 13.0
      vertex 8.0 12.0 12.0
      vertex 7.0 11.0 13.0
    endloop
  endfacet
  facet normal -0.7071067690849304 0.0 -0.7071067690849304
    outer loop
      vertex 7.0 11.0 13.0
      vertex 8.0 12.0 12.0
      vertex 8.0 11.0 12.0
    endloop
  endfacet
  facet normal 0.0 0.0 1.0
    outer loop
      vertex 8.0 11.0 14.0
      vertex 7.0 12.0 14.0
      vertex 7.0 11.0 14.0
    endloop
  endfacet
  facet normal 0.0 0.0 1.0
    outer loop
      vertex 8.0 12.0 14.0
      vertex 7.0 12.0 14.0
      vertex 8.0 11.0 14.0
    endloop
  endfacet
  facet normal 0.0 0.0 0.0
    outer loop
      vertex 8.0 12.0 12.0
      vertex 8.0 12.0 12.0
      vertex 8.0 12.0 12.0
    endloop
  endfacet
  facet normal 0.0 0.0 0.0
    outer loop
      vertex 8.0 13.0 13.0
      vertex 8.0 12.0 12.0
      vertex 8.0 13.0 13.0
    endloop
  endfacet
  facet normal -0.5773502588272095 0.5773502588272095 -0.5773502588272095
    outer loop
      vertex 8.0 13.0 13.0
      vertex 8.0 12.0 12.0
      vertex 7.0 12.0 13.0
    endloop
  endfacet
  facet normal 0.0 0.0 0.0
    outer loop
      vertex 8.0 12.0 12.0
      vertex 8.0 12.0 12.0
      vertex 7.0 12.0 13.0
    endloop
  endfacet
  facet normal 0.0 0.0 0.0
    outer loop
      vertex 8.0 12.0 12.0
      vertex 7.0 12.0 13.0
      vertex 7.0 12.0 13.0
    endloop
  endfacet
  facet normal -0.5773502588272095 0.5773502588272095 -0.5773502588272095
    outer loop
      vertex 7.0 13.0 14.0
      vertex 8.0 13.0 13.0
      vertex 7.0 12.0 13.0
    endloop
  endfacet
  facet normal 0.0 0.0 1.0
    outer loop
      vertex 8.0 12.0 14.0
      vertex 7.0 13.0 14.0
      vertex 7.0 12.0 14.0
    endloop
  endfacet
  facet normal 0.0 0.0 1.0
    outer loop
      vertex 8.0 13.0 14.0
      vertex 7.0 13.0 14.0
      vertex 8.0 12.0 14.0
    endloop
  endfacet
  facet normal 0.0 0.0 0.0
    outer loop
      vertex 8.0 13.0 13.0
      vertex 8.0 13.0 13.0
      vertex 8.0 13.0 13.0
    endloop
  endfacet
  facet normal 0.0 0.0 0.0
    outer loop
      vertex 8.0 13.0 13.0
      vertex 7.0 13.0 14.0
      vertex 8.0 13.0 13.0
    endloop
  endfacet
  facet normal -0.5773502588272095 0.5773502588272095 -0.5773502588272095
    outer loop
      vertex 7.0 13.0 14.0
      vertex 8.0 14.0 14.0
      vertex 8.0 13.0 13.0
    endloop
  endfacet
  facet normal 0.0 0.0 -1.0
    outer loop
      vertex 7.0 13.0 14.0
      vertex 7.0 14.0 14.0
      vertex 8.0 14.0 14.0
    endloop
  endfacet
  facet normal 0.0 0.0 1.0
    outer loop
      vertex 8.0 13.0 14.0
      vertex 7.0 14.0 14.0
      vertex 7.0 13.0 14.0
    endloop
  endfacet
  facet normal 0.0 0.0 1.0
    outer loop
      vertex 8.0 14.0 14.0
      vertex 7.0 14.0 14.0
      vertex 8.0 13.0 14.0
    endloop
  endfacet
  facet normal 0.0 0.0 0.0
    outer loop
      vertex 8.0 14.0 14.0
      vertex 8.0 14.0 14.0
      vertex 7.0 14.0 14.0
    endloop
  endfacet
  facet normal 0.0 0.0 0.0
    outer loop
      vertex 8.0 14.0 14.0
      vertex 7.0 14.0 14.0
      vertex 7.0 14.0 14.0
    endloop
  endfacet
  facet normal 0.0 0.0 0.0
    outer loop
      vertex 7.0 14.0 14.0
      vertex 7.0 14.0 14.0
      vertex 8.0 14.0 14.0
    endloop
  endfacet
  facet normal 0.0 0.0 0.0
    outer loop
      vertex 7.0 14.0 14.0
      vertex 8.0 14.0 14.0
      vertex 8.0 14.0 14.0
    endloop
  endfacet
  facet normal -0.7184314727783203 -0.5175391435623169 -0.46476808190345764
    outer loop
      vertex 9.0 7.0 9.91032886505127
      vertex 9.0 6.9194722175598145 10.0
      vertex 8.94198989868164 7.0 10.0
    endloop
  endfacet
  facet normal -0.562073826789856 -0.40490326285362244 0.7211978435516357
    outer loop
      vertex 9.0 7.0 10.045210838317871
      vertex 8.94198989868164 7.0 10.0
      vertex 9.0 6.9194722175598145 10.0
    endloop
  endfacet
  facet normal -0.7800639867782593 0.3699178397655487 -0.5046394467353821
    outer loop
      vertex 9.0 7.122328758239746 10.0
      vertex 9.0 7.0 9.91032886505127
      vertex 8.94198989868164 7.0 10.0
    endloop
  endfacet
  facet normal -0.5901549458503723 0.2798601984977722 0.7572287917137146
    outer loop
      vertex 9.0 7.122328758239746 10.0
      vertex 8.94198989868164 7.0 10.0
      vertex 9.0 7.0 10.045210838317871
    endloop
  endfacet
  facet normal 0.0 0.0 0.0
    outer loop
      vertex 9.0 8.0 14.0
      vertex 9.0 8.0 14.0
      vertex 9.0 8.0 14.0
    endloop
  endfacet
  facet normal 0.0 0.0 0.0
    outer loop
      vertex 9.0 8.0 14.0
      vertex 9.0 8.0 14.0
      vertex 9.0 8.0 14.0
    endloop
  endfacet
  facet normal 0.0 0.0 0.0
    outer loop
      vertex 9.0 9.0 13.0
      vertex 9.0 9.0 13.0
      vertex 9.0 9.0 13.0
    endloop
  endfacet
  facet normal 0.0 0.0 0.0
    outer loop
      vertex 9.0 9.0 13.0
      vertex 9.0 9.0 13.0
      vertex 9.0 8.0 14.0
    endloop
  endfacet
  facet normal 0.0 0.0 0.0
    outer loop
      vertex 9.0 9.0 13.0
      vertex 9.0 8.0 14.0
      vertex 9.0 8.0 14.0
    endloop
  endfacet
  facet normal -0.5773502588272095 -0.5773502588272095 -0.5773502588272095
    outer loop
      vertex 8.0 9.0 14.0
      vertex 9.0 9.0 13.0
      vertex 9.0 8.0 14.0
    endloop
  endfacet
  facet normal 0.0 0.0 0.0
    outer loop
      vertex 8.0 9.0 14.0
      vertex 8.0 9.0 14.0
      vertex 9.0 8.0 14.0
    endloop
  endfacet
  facet normal 0.0 0.0 0.0
    outer loop
      vertex 8.0 9.0 14.0
      vertex 8.0 9.0 14.0
      vertex 9.0 8.0 14.0
    endloop
  endfacet
  facet normal 0.0 0.0 0.0
    outer loop
      vertex 9.0 8.0 14.0
      vertex 8.0 9.0 14.0
      vertex 9.0 8.0 14.0
    endloop
  endfacet
  facet normal 0.0 0.0 1.0
    outer loop
      vertex 9.0 9.0 14.0
      vertex 8.0 9.0 14.0
      vertex 9.0 8.0 14.0
    endloop
  endfacet
  facet normal 0.0 0.0 0.0
    outer loop
      vertex 9.0 10.0 12.0
      vertex 9.0 10.0 12.0
      vertex 9.0 10.0 12.0
    endloop
  endfacet
  facet normal 0.0 0.0 0.0
    outer loop
      vertex 9.0 10.0 12.0
      vertex 9.0 10.0 12.0
      vertex 9.0 9.0 13.0
    endloop
  endfacet
  facet normal 0.0 0.0 0.0
    outer loop
      vertex 9.0 10.0 12.0
      vertex 9.0 9.0 13.0
      vertex 9.0 9.0 13.0
    endloop
  endfacet
  facet normal -0.5773502588272095 -0.5773502588272095 -0.5773502588272095
    outer loop
      vertex 8.0 10.0 13.0
      vertex 9.0 10.0 12.0
      vertex 9.0 9.0 13.0
    endloop
  endfacet
  facet normal 0.0 0.0 0.0
    outer loop
      vertex 8.0 10.0 13.0
      vertex 8.0 10.0 13.0
      vertex 9.0 9.0 13.0
    endloop
  endfacet
  facet normal -0.5773502588272095 -0.5773502588272095 -0.5773502588272095
    outer loop
      vertex 8.0 10.0 13.0
      vertex 9.0 9.0 13.0
      vertex 8.0 9.0 14.0
    endloop
  endfacet
  facet normal 0.0 0.0 1.0
    outer loop
      vertex 9.0 9.0 14.0
      vertex 8.0 10.0 14.0
      vertex 8.0 9.0 14.0
    endloop
  endfacet
  facet normal 0.0 0.0 1.0
    outer loop
      vertex 9.0 10.0 14.0
      vertex 8.0 10.0 14.0
      vertex 9.0 9.0 14.0
    endloop
  endfacet
  facet normal 0.0 0.0 0.0
    outer loop
      vertex 9.0 11.0 11.0
      vertex 9.0 11.0 11.0
      vertex 9.0 11.0 11.0
    endloop
  endfacet
  facet normal 0.0 0.0 0.0
    outer loop
      vertex 9.0 11.0 11.0
      vertex 9.0 11.0 11.0
      vertex 9.0 10.0 12.0
    endloop
  endfacet
  facet normal 0.0 0.0 0.0
    outer loop
      vertex 9.0 11.0 11.0
      vertex 9.0 10.0 12.0
      vertex 9.0 10.0 12.0
    endloop
  endfacet
  facet normal -0.5773502588272095 -0.5773502588272095 -0.5773502588272095
    outer loop
      vertex 8.0 11.0 12.0
      vertex 9.0 11.0 11.0
      vertex 9.0 10.0 12.0
    endloop
  endfacet
  facet normal 0.0 0.0 0.0
    outer loop
      vertex 8.0 11.0 12.0
      vertex 8.0 11.0 12.0
      vertex 9.0 10.0 12.0
    endloop
  endfacet
  facet normal -0.5773502588272095 -0.5773502588272095 -0.5773502588272095
    outer loop
      vertex 8.0 11.0 12.0
      vertex 9.0 10.0 12.0
      vertex 8.0 10.0 13.0
    endloop
  endfacet
  facet normal 0.0 0.0 1.0
    outer loop
      vertex 9.0 10.0 14.0
      vertex 8.0 11.0 14.0
      vertex 8.0 10.0 14.0
    endloop
  endfacet
  facet normal 0.0 0.0 1.0
    outer loop
      vertex 9.0 11.0 14.0
      vertex 8.0 11.0 14.0
      vertex 9.0 10.0 14.0
    endloop
  endfacet
  facet normal 0.0 0.0 0.0
    outer loop
      vertex 9.0 11.0 11.0
      vertex 9.0 11.0 11.0
      vertex 9.0 12.0 11.0
    endloop
  endfacet
  facet normal 0.0 0.0 0.0
    outer loop
      vertex 9.0 11.0 11.0
      vertex 9.0 12.0 11.0
      vertex 9.0 12.0 11.0
    endloop
  endfacet
  facet normal -0.7071067690849304 -0.0 -0.7071067690849304
    outer loop
      vertex 8.0 12.0 12.0
      vertex 9.0 12.0 11.0
      vertex 8.0 11.0 12.0
    endloop
  endfacet
  facet normal -0.7071067690849304 0.0 -0.7071067690849304
    outer loop
      vertex 8.0 11.0 12.0
      vertex 9.0 12.0 11.0
      vertex 9.0 11.0 11.0
    endloop
  endfacet
  facet normal 0.0 0.0 1.0
    outer loop
      vertex 9.0 11.0 14.0
      vertex 8.0 12.0 14.0
      vertex 8.0 11.0 14.0
    endloop
  endfacet
  facet normal 0.0 0.0 1.0
    outer loop
      vertex 9.0 12.0 14.0
      vertex 8.0 12.0 14.0
      vertex 9.0 11.0 14.0
    endloop
  endfacet
  facet normal 0.0 0.0 0.0
    outer loop
      vertex 9.0 12.0 11.0
      vertex 9.0 12.0 11.0
      vertex 9.0 12.0 11.0
    endloop
  endfacet
  facet normal 0.0 0.0 0.0
    outer loop
      vertex 9.0 13.0 12.0
      vertex 9.0 12.0 11.0
      vertex 9.0 13.0 12.0
    endloop
  endfacet
  facet normal -0.5773502588272095 0.5773502588272095 -0.5773502588272095
    outer loop
      vertex 9.0 13.0 12.0
      vertex 9.0 12.0 11.0
      vertex 8.0 12.0 12.0
    endloop
  endfacet
  facet normal 0.0 0.0 0.0
    outer loop
      vertex 9.0 12.0 11.0
      vertex 9.0 12.0 11.0
      vertex 8.0 12.0 12.0
    endloop
  endfacet
  facet normal 0.0 0.0 0.0
    outer loop
      vertex 9.0 12.0 11.0
      vertex 8.0 12.0 12.0
      vertex 8.0 12.0 12.0
    endloop
  endfacet
  facet normal -0.5773502588272095 0.5773502588272095 -0.5773502588272095
    outer loop
      vertex 8.0 13.0 13.0
      vertex 9.0 13.0 12.0
      vertex 8.0 12.0 12.0
    endloop
  endfacet
  facet normal 0.0 0.0 1.0
    outer loop
      vertex 9.0 12.0 14.0
      vertex 8.0 13.0 14.0
      vertex 8.0 12.0 14.0
    endloop
  endfacet
  facet normal 0.0 0.0 1.0
    outer loop
      vertex 9.0 13.0 14.0
      vertex 8.0 13.0 14.0
      vertex 9.0 12.0 14.0
    endloop
  endfacet
  facet normal 0.0 0.0 0.0
    outer loop
      vertex 9.0 13.0 12.0
      vertex 9.0 13.0 12.0
      vertex 9.0 13.0 12.0
    endloop
  endfacet
  facet normal 0.0 0.0 0.0
    outer loop
      vertex 9.0 14.0 13.0
      vertex 9.0 13.0 12.0
      vertex 9.0 14.0 13.0
    endloop
  endfacet
  facet normal -0.5773502588272095 0.5773502588272095 -0.5773502588272095
    outer loop
      vertex 9.0 14.0 13.0
      vertex 9.0 13.0 12.0
      vertex 8.0 13.0 13.0
    endloop
  endfacet
  facet normal 0.0 0.0 0.0
    outer loop
      vertex 9.0 13.0 12.0
      vertex 9.0 13.0 12.0
      vertex 8.0 13.0 13.0
    endloop
  endfacet
  facet normal 0.0 0.0 0.0
    outer loop
      vertex 9.0 13.0 12.0
      vertex 8.0 13.0 13.0
      vertex 8.0 13.0 13.0
    endloop
  endfacet
  facet normal -0.5773502588272095 0.5773502588272095 -0.5773502588272095
    outer loop
      vertex 8.0 14.0 14.0
      vertex 9.0 14.0 13.0
      vertex 8.0 13.0 13.0
    endloop
  endfacet
  facet normal 0.0 0.0 1.0
    outer loop
      vertex 9.0 13.0 14.0
      vertex 8.0 14.0 14.0
      vertex 8.0 13.0 14.0
    endloop
  endfacet
  facet normal 0.0 0.0 1.0
    outer loop
      vertex 9.0 14.0 14.0
      vertex 8.0 14.0 14.0
      vertex 9.0 13.0 14.0
    endloop
  endfacet
  facet normal 0.0 0.0 0.0
    outer loop
      vertex 9.0 14.0 13.0
      vertex 9.0 14.0 13.0
      vertex 9.0 14.0 13.0
    endloop
  endfacet
  facet normal 0.0 0.0 0.0
    outer loop
      vertex 9.0 15.0 14.0
      vertex 9.0 14.0 13.0
      vertex 9.0 15.0 14.0
    endloop
  endfacet
  facet normal -0.5773502588272095 0.5773502588272095 -0.5773502588272095
    outer loop
      vertex 9.0 15.0 14.0
      vertex 9.0 14.0 13.0
      vertex 8.0 14.0 14.0
    endloop
  endfacet
  facet normal 0.0 0.0 0.0
    outer loop
      vertex 9.0 14.0 13.0
      vertex 9.0 14.0 13.0
      vertex 8.0 14.0 14.0
    endloop
  endfacet
  facet normal 0.0 0.0 0.0
    outer loop
      vertex 9.0 14.0 13.0
      vertex 8.0 14.0 14.0
      vertex 8.0 14.0 14.0
    endloop
  endfacet
  facet normal 0.0 0.0 0.0
    outer loop
      vertex 9.0 15.0 14.0
      vertex 9.0 15.0 14.0
      vertex 8.0 14.0 14.0
    endloop
  endfacet
  facet normal 0.0 0.0 0.0
    outer loop
      vertex 8.0 14.0 14.0
      vertex 9.0 15.0 14.0
      vertex 8.0 14.0 14.0
    endloop
  endfacet
  facet normal 0.0 -0.0 1.0
    outer loop
      vertex 9.0 14.0 14.0
      vertex 9.0 15.0 14.0
      vertex 8.0 14.0 14.0
    endloop
  endfacet
  facet normal -0.7800639867782593 -0.3699178397655487 -0.5046394467353821
    outer loop
      vertex 9.0 16.0 9.91032886505127
      vertex 9.0 15.877671241760254 10.0
      vertex 8.94198989868164 16.0 10.0
    endloop
  endfacet
  facet normal -0.5901549458503723 -0.2798601984977722 0.7572287917137146
    outer loop
      vertex 9.0 16.0 10.045210838317871
      vertex 8.94198989868164 16.0 10.0
      vertex 9.0 15.877671241760254 10.0
    endloop
  endfacet
  facet normal 0.0 0.0 0.0
    outer loop
      vertex 9.0 15.0 14.0
      vertex 9.0 15.0 14.0
      vertex 9.0 15.0 14.0
    endloop
  endfacet
  facet normal 0.0 0.0 0.0
    outer loop
      vertex 9.0 15.0 14.0
      vertex 9.0 15.0 14.0
      vertex 9.0 15.0 14.0
    endloop
  endfacet
  facet normal -0.718432605266571 0.5175369381904602 -0.46476882696151733
    outer loop
      vertex 9.0 16.080528259277344 10.0
      vertex 9.0 16.0 9.91032886505127
      vertex 8.94198989868164 16.0 10.0
    endloop
  endfacet
  facet normal -0.5620744228363037 0.40490126609802246 0.721198558807373
    outer loop
      vertex 9.0 16.080528259277344 10.0
      vertex 8.94198989868164 16.0 10.0
      vertex 9.0 16.0 10.045210838317871
    endloop
  endfacet
  facet normal 0.7891494631767273 -0.45697855949401855 -0.41038253903388977
    outer loop
      vertex 9.0 7.0 9.91032886505127
      vertex 9.046631813049316 7.0 10.0
      vertex 9.0 6.9194722175598145 10.0
    endloop
  endfacet
  facet normal 0.6456077694892883 -0.3738568127155304 0.6658991575241089
    outer loop
      vertex 9.046631813049316 7.0 10.0
      vertex 9.0 7.0 10.045210838317871
      vertex 9.0 6.9194722175598145 10.0
    endloop
  endfacet
  facet normal 0.8404409885406494 0.3203767240047455 -0.437055766582489
    outer loop
      vertex 9.0 7.122328758239746 10.0
      vertex 9.046631813049316 7.0 10.0
      vertex 9.0 7.0 9.91032886505127
    endloop
  endfacet
  facet normal 0.6728004217147827 0.25647202134132385 0.6939465403556824
    outer loop
      vertex 9.046631813049316 7.0 10.0
      vertex 9.0 7.122328758239746 10.0
      vertex 9.0 7.0 10.045210838317871
    endloop
  endfacet
  facet normal 0.0 0.0 0.0
    outer loop
      vertex 10.0 8.0 14.0
      vertex 10.0 8.0 14.0
      vertex 9.0 8.0 14.0
    endloop
  endfacet
  facet normal 0.0 0.0 0.0
    outer loop
      vertex 10.0 8.0 14.0
      vertex 9.0 8.0 14.0
      vertex 9.0 8.0 14.0
    endloop
  endfacet
  facet normal 0.0 0.0 0.0
    outer loop
      vertex 9.0 8.0 14.0
      vertex 9.0 8.0 14.0
      vertex 10.0 8.0 14.0
    endloop
  endfacet
  facet normal 0.0 0.0 0.0
    outer loop
      vertex 9.0 8.0 14.0
      vertex 10.0 8.0 14.0
      vertex 10.0 8.0 14.0
    endloop
  endfacet
  facet normal -0.8082813620567322 -0.37512364983558655 -0.45383214950561523
    outer loop
      vertex 10.0 9.0 9.843122482299805
      vertex 10.0 8.810206413269043 10.0
      vertex 9.911916732788086 9.0 10.0
    endloop
  endfacet
  facet normal -0.7957212924957275 -0.36929452419281006 0.4800512492656708
    outer loop
      vertex 10.0 9.0 10.146004676818848
      vertex 9.911916732788086 9.0 10.0
      vertex 10.0 8.810206413269043 10.0
    endloop
  endfacet
  facet normal 0.0 0.0 0.0
    outer loop
      vertex 10.0 9.0 12.0
      vertex 10.0 9.0 12.0
      vertex 10.0 9.0 12.0
    endloop
  endfacet
  facet normal 0.0 0.0 0.0
    outer loop
      vertex 9.0 9.0 13.0
      vertex 9.0 9.0 13.0
      vertex 10.0 9.0 12.0
    endloop
  endfacet
  facet normal 0.0 0.0 0.0
    outer loop
      vertex 10.0 9.0 12.0
      vertex 9.0 9.0 13.0
      vertex 10.0 9.0 12.0
    endloop
  endfacet
  facet normal -0.0 -1.0 -0.0
    outer loop
      vertex 10.0 9.0 13.0
      vertex 9.0 9.0 13.0
      vertex 10.0 9.0 12.0
    endloop
  endfacet
  facet normal 0.0 -0.7071067690849304 -0.7071067690849304
    outer loop
      vertex 9.0 8.0 14.0
      vertex 9.0 9.0 13.0
      vertex 10.0 8.0 14.0
    endloop
  endfacet
  facet normal 0.0 -0.7071067690849304 -0.7071067690849304
    outer loop
      vertex 10.0 8.0 14.0
      vertex 9.0 9.0 13.0
      vertex 10.0 9.0 13.0
    endloop
  endfacet
  facet normal 0.0 0.0 1.0
    outer loop
      vertex 10.0 8.0 14.0
      vertex 9.0 9.0 14.0
      vertex 9.0 8.0 14.0
    endloop
  endfacet
  facet normal 0.0 0.0 1.0
    outer loop
      vertex 10.0 9.0 14.0
      vertex 9.0 9.0 14.0
      vertex 10.0 8.0 14.0
    endloop
  endfacet
  facet normal -0.870171070098877 0.06395314633846283 -0.48858189582824707
    outer loop
      vertex 10.0 9.0 9.843122482299805
      vertex 9.911916732788086 9.0 10.0
      vertex 9.985411643981934 10.0 10.0
    endloop
  endfacet
  facet normal -0.8383602499961853 0.07252597063779831 -0.5402703285217285
    outer loop
      vertex 10.0 9.0 9.843122482299805
      vertex 9.985411643981934 10.0 10.0
      vertex 10.0 10.0 9.977362632751465
    endloop
  endfacet
  facet normal -0.7834050059318542 -0.40361613035202026 0.47262099385261536
    outer loop
      vertex 9.911916732788086 9.0 10.0
      vertex 10.0 9.0 10.146004676818848
      vertex 10.0 10.0 11.0
    endloop
  endfacet
  facet normal 0.0 0.0 0.0
    outer loop
      vertex 10.0 10.0 11.0
      vertex 9.911916732788086 9.0 10.0
      vertex 10.0 10.0 11.0
    endloop
  endfacet
  facet normal -0.997204601764679 0.07328946888446808 0.014547576196491718
    outer loop
      vertex 9.985411643981934 10.0 10.0
      vertex 9.911916732788086 9.0 10.0
      vertex 10.0 10.0 11.0
    endloop
  endfacet
  facet normal 0.0 0.0 0.0
    outer loop
      vertex 10.0 10.0 11.0
      vertex 10.0 10.0 11.0
      vertex 10.0 9.0 12.0
    endloop
  endfacet
  facet normal 0.0 0.0 0.0
    outer loop
      vertex 10.0 10.0 11.0
      vertex 10.0 9.0 12.0
      vertex 10.0 9.0 12.0
    endloop
  endfacet
  facet normal -0.5773502588272095 -0.5773502588272095 -0.5773502588272095
    outer loop
      vertex 9.0 10.0 12.0
      vertex 10.0 10.0 11.0
      vertex 10.0 9.0 12.0
    endloop
  endfacet
  facet normal 0.0 0.0 0.0
    outer loop
      vertex 9.0 10.0 12.0
      vertex 9.0 10.0 12.0
      vertex 10.0 9.0 12.0
    endloop
  endfacet
  facet normal -0.5773502588272095 -0.5773502588272095 -0.5773502588272095
    outer loop
      vertex 9.0 10.0 12.0
      vertex 10.0 9.0 12.0
      vertex 9.0 9.0 13.0
    endloop
  endfacet
  facet normal 0.0 0.0 1.0
    outer loop
      vertex 10.0 9.0 14.0
      vertex 9.0 10.0 14.0
      vertex 9.0 9.0 14.0
    endloop
  endfacet
  facet normal 0.0 0.0 1.0
    outer loop
      vertex 10.0 10.0 14.0
      vertex 9.0 10.0 14.0
      vertex 10.0 9.0 14.0
    endloop
  endfacet
  facet normal 0.0 0.0 0.0
    outer loop
      vertex 10.0 11.0 9.0
      vertex 10.0 11.0 9.0
      vertex 10.0 11.0 9.0
    endloop
  endfacet
  facet normal 0.0 0.0 0.0
    outer loop
      vertex 10.0 11.0 9.0
      vertex 10.0 11.0 9.0
      vertex 10.0 10.0 9.977362632751465
    endloop
  endfacet
  facet normal -0.7428821325302124 -0.4679032564163208 -0.47874072194099426
    outer loop
      vertex 9.985411643981934 10.0 10.0
      vertex 10.0 11.0 9.0
      vertex 10.0 10.0 9.977362632751465
    endloop
  endfacet
  facet normal -0.8420342803001404 -0.3752390146255493 -0.3875229060649872
    outer loop
      vertex 9.539777755737305 11.0 10.0
      vertex 10.0 11.0 9.0
      vertex 9.985411643981934 10.0 10.0
    endloop
  endfacet
  facet normal 0.0 0.0 0.0
    outer loop
      vertex 9.0 11.0 11.0
      vertex 9.539777755737305 11.0 10.0
      vertex 9.0 11.0 11.0
    endloop
  endfacet
  facet normal -0.6606224775314331 -0.6606224775314331 -0.35658931732177734
    outer loop
      vertex 9.539777755737305 11.0 10.0
      vertex 10.0 10.0 11.0
      vertex 9.0 11.0 11.0
    endloop
  endfacet
  facet normal -0.9133267998695374 -0.4070093631744385 0.013323936611413956
    outer loop
      vertex 9.539777755737305 11.0 10.0
      vertex 9.985411643981934 10.0 10.0
      vertex 10.0 10.0 11.0
    endloop
  endfacet
  facet normal -0.5773502588272095 -0.5773502588272095 -0.5773502588272095
    outer loop
      vertex 9.0 11.0 11.0
      vertex 10.0 10.0 11.0
      vertex 9.0 10.0 12.0
    endloop
  endfacet
  facet normal 0.0 0.0 1.0
    outer loop
      vertex 10.0 10.0 14.0
      vertex 9.0 11.0 14.0
      vertex 9.0 10.0 14.0
    endloop
  endfacet
  facet normal 0.0 0.0 1.0
    outer loop
      vertex 10.0 11.0 14.0
      vertex 9.0 11.0 14.0
      vertex 10.0 10.0 14.0
    endloop
  endfacet
  facet normal 0.0 0.0 0.0
    outer loop
      vertex 10.0 11.0 9.0
      vertex 10.0 11.0 9.0
      vertex 10.0 12.0 9.0
    endloop
  endfacet
  facet normal 0.0 0.0 0.0
    outer loop
      vertex 10.0 11.0 9.0
      vertex 10.0 12.0 9.0
      vertex 10.0 12.0 9.0
    endloop
  endfacet
  facet normal -0.9084137678146362 -0.0 -0.4180722236633301
    outer loop
      vertex 9.539777755737305 12.0 10.0
      vertex 10.0 11.0 9.0
      vertex 9.539777755737305 11.0 10.0
    endloop
  endfacet
  facet normal -0.9084137678146362 -0.0 -0.4180722236633301
    outer loop
      vertex 10.0 12.0 9.0
      vertex 10.0 11.0 9.0
      vertex 9.539777755737305 12.0 10.0
    endloop
  endfacet
  facet normal -0.8799871802330017 -0.0 -0.47499749064445496
    outer loop
      vertex 9.0 12.0 11.0
      vertex 9.539777755737305 12.0 10.0
      vertex 9.0 11.0 11.0
    endloop
  endfacet
  facet normal -0.8799871802330017 0.0 -0.47499749064445496
    outer loop
      vertex 9.0 11.0 11.0
      vertex 9.539777755737305 12.0 10.0
      vertex 9.539777755737305 11.0 10.0
    endloop
  endfacet
  facet normal 0.0 0.0 1.0
    outer loop
      vertex 10.0 11.0 14.0
      vertex 9.0 12.0 14.0
      vertex 9.0 11.0 14.0
    endloop
  endfacet
  facet normal 0.0 0.0 1.0
    outer loop
      vertex 10.0 12.0 14.0
      vertex 9.0 12.0 14.0
      vertex 10.0 11.0 14.0
    endloop
  endfacet
  facet normal 0.0 0.0 0.0
    outer loop
      vertex 10.0 12.0 9.0
      vertex 10.0 12.0 9.0
      vertex 10.0 12.0 9.0
    endloop
  endfacet
  facet normal -0.7428821325302124 0.4679032564163208 -0.47874072194099426
    outer loop
      vertex 9.985411643981934 13.0 10.0
      vertex 10.0 13.0 9.977362632751465
      vertex 10.0 12.0 9.0
    endloop
  endfacet
  facet normal 0.0 0.0 0.0
    outer loop
      vertex 10.0 12.0 9.0
      vertex 9.985411643981934 13.0 10.0
      vertex 10.0 12.0 9.0
    endloop
  endfacet
  facet normal -0.8420342803001404 0.3752390146255493 -0.3875229060649872
    outer loop
      vertex 9.539777755737305 12.0 10.0
      vertex 9.985411643981934 13.0 10.0
      vertex 10.0 12.0 9.0
    endloop
  endfacet
  facet normal 0.0 0.0 0.0
    outer loop
      vertex 9.0 12.0 11.0
      vertex 10.0 13.0 11.0
      vertex 9.0 12.0 11.0
    endloop
  endfacet
  facet normal -0.6606224775314331 0.6606224775314331 -0.35658931732177734
    outer loop
      vertex 10.0 13.0 11.0
      vertex 9.539777755737305 12.0 10.0
      vertex 9.0 12.0 11.0
    endloop
  endfacet
  facet normal -0.9133267998695374 0.4070093631744385 0.013323936611413956
    outer loop
      vertex 10.0 13.0 11.0
      vertex 9.985411643981934 13.0 10.0
      vertex 9.539777755737305 12.0 10.0
    endloop
  endfacet
  facet normal -0.5773502588272095 0.5773502588272095 -0.5773502588272095
    outer loop
      vertex 9.0 13.0 12.0
      vertex 10.0 13.0 11.0
      vertex 9.0 12.0 11.0
    endloop
  endfacet
  facet normal 0.0 0.0 1.0
    outer loop
      vertex 10.0 12.0 14.0
      vertex 9.0 13.0 14.0
      vertex 9.0 12.0 14.0
    endloop
  endfacet
  facet normal 0.0 0.0 1.0
    outer loop
      vertex 10.0 13.0 14.0
      vertex 9.0 13.0 14.0
      vertex 10.0 12.0 14.0
    endloop
  endfacet
  facet normal -0.8389744162559509 -0.06166034936904907 -0.5406661033630371
    outer loop
      vertex 10.0 13.0 9.977362632751465
      vertex 9.985411643981934 13.0 10.0
      vertex 9.911916732788086 14.0 10.0
    endloop
  endfacet
  facet normal -0.870078980922699 -0.06558036059141159 -0.48853015899658203
    outer loop
      vertex 10.0 13.0 9.977362632751465
      vertex 9.911916732788086 14.0 10.0
      vertex 10.0 14.0 9.843122482299805
    endloop
  endfacet
  facet normal 0.0 0.0 0.0
    outer loop
      vertex 10.0 13.0 11.0
      vertex 10.0 13.0 11.0
      vertex 10.0 14.0 10.146004676818848
    endloop
  endfacet
  facet normal -0.7834050059318542 0.40361613035202026 0.47262099385261536
    outer loop
      vertex 9.911916732788086 14.0 10.0
      vertex 10.0 13.0 11.0
      vertex 10.0 14.0 10.146004676818848
    endloop
  endfacet
  facet normal -0.997204601764679 -0.07328946888446808 0.014547576196491718
    outer loop
      vertex 9.985411643981934 13.0 10.0
      vertex 10.0 13.0 11.0
      vertex 9.911916732788086 14.0 10.0
    endloop
  endfacet
  facet normal 0.0 0.0 0.0
    outer loop
      vertex 10.0 14.0 12.0
      vertex 10.0 13.0 11.0
      vertex 10.0 14.0 12.0
    endloop
  endfacet
  facet normal -0.5773502588272095 0.5773502588272095 -0.5773502588272095
    outer loop
      vertex 10.0 14.0 12.0
      vertex 10.0 13.0 11.0
      vertex 9.0 13.0 12.0
    endloop
  endfacet
  facet normal 0.0 0.0 0.0
    outer loop
      vertex 10.0 13.0 11.0
      vertex 10.0 13.0 11.0
      vertex 9.0 13.0 12.0
    endloop
  endfacet
  facet normal 0.0 0.0 0.0
    outer loop
      vertex 10.0 13.0 11.0
      vertex 9.0 13.0 12.0
      vertex 9.0 13.0 12.0
    endloop
  endfacet
  facet normal -0.5773502588272095 0.5773502588272095 -0.5773502588272095
    outer loop
      vertex 9.0 14.0 13.0
      vertex 10.0 14.0 12.0
      vertex 9.0 13.0 12.0
    endloop
  endfacet
  facet normal 0.0 0.0 1.0
    outer loop
      vertex 10.0 13.0 14.0
      vertex 9.0 14.0 14.0
      vertex 9.0 13.0 14.0
    endloop
  endfacet
  facet normal 0.0 0.0 1.0
    outer loop
      vertex 10.0 14.0 14.0
      vertex 9.0 14.0 14.0
      vertex 10.0 13.0 14.0
    endloop
  endfacet
  facet normal -0.8082813620567322 0.37512364983558655 -0.45383214950561523
    outer loop
      vertex 10.0 14.189793586730957 10.0
      vertex 10.0 14.0 9.843122482299805
      vertex 9.911916732788086 14.0 10.0
    endloop
  endfacet
  facet normal -0.7957212924957275 0.36929452419281006 0.4800512492656708
    outer loop
      vertex 10.0 14.189793586730957 10.0
      vertex 9.911916732788086 14.0 10.0
      vertex 10.0 14.0 10.146004676818848
    endloop
  endfacet
  facet normal 0.0 0.0 0.0
    outer loop
      vertex 10.0 14.0 12.0
      vertex 10.0 14.0 12.0
      vertex 10.0 14.0 12.0
    endloop
  endfacet
  facet normal 0.0 0.0 0.0
    outer loop
      vertex 10.0 14.0 12.0
      vertex 10.0 14.0 12.0
      vertex 9.0 14.0 13.0
    endloop
  endfacet
  facet normal 0.0 0.0 0.0
    outer loop
      vertex 9.0 14.0 13.0
      vertex 10.0 14.0 12.0
      vertex 9.0 14.0 13.0
    endloop
  endfacet
  facet normal 0.0 1.0 0.0
    outer loop
      vertex 10.0 14.0 13.0
      vertex 10.0 14.0 12.0
      vertex 9.0 14.0 13.0
    endloop
  endfacet
  facet normal 0.0 0.7071067690849304 -0.7071067690849304
    outer loop
      vertex 9.0 14.0 13.0
      vertex 9.0 15.0 14.0
      vertex 10.0 14.0 13.0
    endloop
  endfacet
  facet normal 0.0 0.7071067690849304 -0.7071067690849304
    outer loop
      vertex 10.0 14.0 13.0
      vertex 9.0 15.0 14.0
      vertex 10.0 15.0 14.0
    endloop
  endfacet
  facet normal 0.0 0.0 1.0
    outer loop
      vertex 10.0 14.0 14.0
      vertex 9.0 15.0 14.0
      vertex 9.0 14.0 14.0
    endloop
  endfacet
  facet normal 0.0 0.0 1.0
    outer loop
      vertex 10.0 15.0 14.0
      vertex 9.0 15.0 14.0
      vertex 10.0 14.0 14.0
    endloop
  endfacet
  facet normal 0.8404409885406494 -0.3203767240047455 -0.437055766582489
    outer loop
      vertex 9.0 16.0 9.91032886505127
      vertex 9.046631813049316 16.0 10.0
      vertex 9.0 15.877671241760254 10.0
    endloop
  endfacet
  facet normal 0.6728004217147827 -0.25647202134132385 0.6939465403556824
    outer loop
      vertex 9.046631813049316 16.0 10.0
      vertex 9.0 16.0 10.045210838317871
      vertex 9.0 15.877671241760254 10.0
    endloop
  endfacet
  facet normal 0.0 0.0 0.0
    outer loop
      vertex 10.0 15.0 14.0
      vertex 10.0 15.0 14.0
      vertex 9.0 15.0 14.0
    endloop
  endfacet
  facet normal 0.0 0.0 0.0
    outer loop
      vertex 10.0 15.0 14.0
      vertex 9.0 15.0 14.0
      vertex 9.0 15.0 14.0
    endloop
  endfacet
  facet normal 0.0 0.0 0.0
    outer loop
      vertex 9.0 15.0 14.0
      vertex 9.0 15.0 14.0
      vertex 10.0 15.0 14.0
    endloop
  endfacet
  facet normal 0.0 0.0 0.0
    outer loop
      vertex 9.0 15.0 14.0
      vertex 10.0 15.0 14.0
      vertex 10.0 15.0 14.0
    endloop
  endfacet
  facet normal 0.7891504168510437 0.45697641372680664 -0.41038307547569275
    outer loop
      vertex 9.0 16.080528259277344 10.0
      vertex 9.046631813049316 16.0 10.0
      vertex 9.0 16.0 9.91032886505127
    endloop
  endfacet
  facet normal 0.6456083059310913 0.3738549053668976 0.6658997535705566
    outer loop
      vertex 9.046631813049316 16.0 10.0
      vertex 9.0 16.080528259277344 10.0
      vertex 9.0 16.0 10.045210838317871
    endloop
  endfacet
  facet normal 0.0 0.0 0.0
    outer loop
      vertex 11.0 8.0 14.0
      vertex 11.0 8.0 14.0
      vertex 10.0 8.0 14.0
    endloop
  endfacet
  facet normal 0.0 0.0 0.0
    outer loop
      vertex 11.0 8.0 14.0
      vertex 10.0 8.0 14.0
      vertex 10.0 8.0 14.0
    endloop
  endfacet
  facet normal 0.0 0.0 0.0
    outer loop
      vertex 10.0 8.0 14.0
      vertex 10.0 8.0 14.0
      vertex 11.0 8.0 14.0
    endloop
  endfacet
  facet normal 0.0 0.0 0.0
    outer loop
      vertex 10.0 8.0 14.0
      vertex 11.0 8.0 14.0
      vertex 11.0 8.0 14.0
    endloop
  endfacet
  facet normal 0.6156636476516724 -0.5020424127578735 -0.6073810458183289
    outer loop
      vertex 10.0 9.0 9.843122482299805
      vertex 10.154767036437988 9.0 10.0
      vertex 10.0 8.810206413269043 10.0
    endloop
  endfacet
  facet normal 0.5988358855247498 -0.4883202910423279 0.6347746253013611
    outer loop
      vertex 10.154767036437988 9.0 10.0
      vertex 10.0 9.0 10.146004676818848
      vertex 10.0 8.810206413269043 10.0
    endloop
  endfacet
  facet normal 0.0 0.0 0.0
    outer loop
      vertex 11.0 9.0 12.0
      vertex 11.0 9.0 12.0
      vertex 10.0 9.0 12.0
    endloop
  endfacet
  facet normal 0.0 0.0 0.0
    outer loop
      vertex 11.0 9.0 12.0
      vertex 10.0 9.0 12.0
      vertex 10.0 9.0 12.0
    endloop
  endfacet
  facet normal 0.0 -1.0 0.0
    outer loop
      vertex 10.0 9.0 12.0
      vertex 11.0 9.0 13.0
      vertex 10.0 9.0 13.0
    endloop
  endfacet
  facet normal 0.0 -1.0 0.0
    outer loop
      vertex 11.0 9.0 12.0
      vertex 11.0 9.0 13.0
      vertex 10.0 9.0 12.0
    endloop
  endfacet
  facet normal 0.0 -0.7071067690849304 -0.7071067690849304
    outer loop
      vertex 10.0 8.0 14.0
      vertex 10.0 9.0 13.0
      vertex 11.0 8.0 14.0
    endloop
  endfacet
  facet normal 0.0 -0.7071067690849304 -0.7071067690849304
    outer loop
      vertex 11.0 8.0 14.0
      vertex 10.0 9.0 13.0
      vertex 11.0 9.0 13.0
    endloop
  endfacet
  facet normal 0.0 0.0 1.0
    outer loop
      vertex 11.0 8.0 14.0
      vertex 10.0 9.0 14.0
      vertex 10.0 8.0 14.0
    endloop
  endfacet
  facet normal 0.0 0.0 1.0
    outer loop
      vertex 11.0 9.0 14.0
      vertex 10.0 9.0 14.0
      vertex 11.0 8.0 14.0
    endloop
  endfacet
  facet normal 0.0 0.0 0.0
    outer loop
      vertex 11.0 10.0 9.0
      vertex 11.0 10.0 9.0
      vertex 11.0 10.0 9.0
    endloop
  endfacet
  facet normal 0.5234071612358093 -0.7816404104232788 -0.3392393887042999
    outer loop
      vertex 11.0 10.0 9.0
      vertex 11.0 9.565990447998047 10.0
      vertex 10.154767036437988 9.0 10.0
    endloop
  endfacet
  facet normal -0.6936222910881042 -0.12341532856225967 -0.7096877694129944
    outer loop
      vertex 10.0 10.0 9.977362632751465
      vertex 11.0 10.0 9.0
      vertex 10.154767036437988 9.0 10.0
    endloop
  endfacet
  facet normal 0.7087363004684448 0.0938609316945076 -0.6992016434669495
    outer loop
      vertex 10.0 9.0 9.843122482299805
      vertex 10.0 10.0 9.977362632751465
      vertex 10.154767036437988 9.0 10.0
    endloop
  endfacet
  facet normal 0.0 0.0 0.0
    outer loop
      vertex 11.0 10.0 9.0
      vertex 11.0 10.0 9.0
      vertex 10.0 10.0 9.977362632751465
    endloop
  endfacet
  facet normal 0.47925496101379395 -0.7157048583030701 0.5080170631408691
    outer loop
      vertex 10.154767036437988 9.0 10.0
      vertex 11.0 9.565990447998047 10.0
      vertex 10.0 9.0 10.146004676818848
    endloop
  endfacet
  facet normal 0.4316954016685486 -0.585780918598175 0.6859298944473267
    outer loop
      vertex 11.0 9.565990447998047 10.0
      vertex 10.0 10.0 11.0
      vertex 10.0 9.0 10.146004676818848
    endloop
  endfacet
  facet normal 0.0 -0.9173291325569153 0.3981296122074127
    outer loop
      vertex 11.0 9.565990447998047 10.0
      vertex 11.0 10.0 11.0
      vertex 10.0 10.0 11.0
    endloop
  endfacet
  facet normal 0.0 -0.7071067690849304 -0.7071067690849304
    outer loop
      vertex 10.0 9.0 12.0
      vertex 10.0 10.0 11.0
      vertex 11.0 9.0 12.0
    endloop
  endfacet
  facet normal 0.0 -0.7071067690849304 -0.7071067690849304
    outer loop
      vertex 11.0 9.0 12.0
      vertex 10.0 10.0 11.0
      vertex 11.0 10.0 11.0
    endloop
  endfacet
  facet normal 0.0 0.0 1.0
    outer loop
      vertex 11.0 9.0 14.0
      vertex 10.0 10.0 14.0
      vertex 10.0 9.0 14.0
    endloop
  endfacet
  facet normal 0.0 0.0 1.0
    outer loop
      vertex 11.0 10.0 14.0
      vertex 10.0 10.0 14.0
      vertex 11.0 9.0 14.0
    endloop
  endfacet
  facet normal 0.0 0.0 0.0
    outer loop
      vertex 10.0 11.0 9.0
      vertex 10.0 11.0 9.0
      vertex 10.0 11.0 9.0
    endloop
  endfacet
  facet normal 0.0 0.0 0.0
    outer loop
      vertex 11.0 10.0 9.0
      vertex 11.0 10.0 9.0
      vertex 11.0 10.0 9.0
    endloop
  endfacet
  facet normal 0.0 0.0 0.0
    outer loop
      vertex 11.0 10.0 9.0
      vertex 11.0 10.0 9.0
      vertex 11.0 10.41990852355957 10.0
    endloop
  endfacet
  facet normal -0.35390689969062805 0.8623401522636414 -0.36210399866104126
    outer loop
      vertex 10.0 10.0 9.977362632751465
      vertex 11.0 10.41990852355957 10.0
      vertex 11.0 10.0 9.0
    endloop
  endfacet
  facet normal 0.015938784927129745 0.015938784927129745 -0.9997459053993225
    outer loop
      vertex 11.0 10.41990852355957 10.0
      vertex 10.0 10.0 9.977362632751465
      vertex 10.41990852355957 11.0 10.0
    endloop
  endfacet
  facet normal 0.8623401522636414 -0.35390689969062805 -0.36210399866104126
    outer loop
      vertex 10.0 11.0 9.0
      vertex 10.41990852355957 11.0 10.0
      vertex 10.0 10.0 9.977362632751465
    endloop
  endfacet
  facet normal 0.0 0.0 0.0
    outer loop
      vertex 10.41990852355957 11.0 10.0
      vertex 10.0 11.0 9.0
      vertex 10.0 11.0 9.0
    endloop
  endfacet
  facet normal 0.6778573393821716 0.6778573393821716 0.28463807702064514
    outer loop
      vertex 10.0 11.0 11.0
      vertex 11.0 10.0 11.0
      vertex 10.41990852355957 11.0 10.0
    endloop
  endfacet
  facet normal 0.6778573393821716 0.6778573393821716 0.28463807702064514
    outer loop
      vertex 10.41990852355957 11.0 10.0
      vertex 11.0 10.0 11.0
      vertex 11.0 10.41990852355957 10.0
    endloop
  endfacet
  facet normal 0.7071067690849304 0.7071067690849304 0.0
    outer loop
      vertex 10.0 11.0 12.0
      vertex 11.0 10.0 12.0
      vertex 10.0 11.0 11.0
    endloop
  endfacet
  facet normal 0.7071067690849304 0.7071067690849304 0.0
    outer loop
      vertex 10.0 11.0 11.0
      vertex 11.0 10.0 12.0
      vertex 11.0 10.0 11.0
    endloop
  endfacet
  facet normal 0.7071067690849304 0.7071067690849304 0.0
    outer loop
      vertex 10.0 11.0 13.0
      vertex 11.0 10.0 13.0
      vertex 10.0 11.0 12.0
    endloop
  endfacet
  facet normal 0.7071067690849304 0.7071067690849304 0.0
    outer loop
      vertex 10.0 11.0 12.0
      vertex 11.0 10.0 13.0
      vertex 11.0 10.0 12.0
    endloop
  endfacet
  facet normal 0.7071067690849304 0.7071067690849304 0.0
    outer loop
      vertex 10.0 11.0 14.0
      vertex 11.0 10.0 14.0
      vertex 10.0 11.0 13.0
    endloop
  endfacet
  facet normal 0.7071067690849304 0.7071067690849304 0.0
    outer loop
      vertex 10.0 11.0 13.0
      vertex 11.0 10.0 14.0
      vertex 11.0 10.0 13.0
    endloop
  endfacet
  facet normal 0.0 0.0 0.0
    outer loop
      vertex 11.0 10.0 14.0
      vertex 11.0 10.0 14.0
      vertex 10.0 11.0 14.0
    endloop
  endfacet
  facet normal 0.0 0.0 0.0
    outer loop
      vertex 10.0 11.0 14.0
      vertex 11.0 10.0 14.0
      vertex 10.0 11.0 14.0
    endloop
  endfacet
  facet normal 0.0 0.0 1.0
    outer loop
      vertex 10.0 10.0 14.0
      vertex 11.0 10.0 14.0
      vertex 10.0 11.0 14.0
    endloop
  endfacet
  facet normal 0.0 0.0 0.0
    outer loop
      vertex 10.0 12.0 9.0
      vertex 10.0 12.0 9.0
      vertex 10.0 11.0 9.0
    endloop
  endfacet
  facet normal 0.0 0.0 0.0
    outer loop
      vertex 10.0 12.0 9.0
      vertex 10.0 11.0 9.0
      vertex 10.0 11.0 9.0
    endloop
  endfacet
  facet normal 0.922012209892273 0.0 -0.3871607780456543
    outer loop
      vertex 10.0 11.0 9.0
      vertex 10.41990852355957 12.0 10.0
      vertex 10.41990852355957 11.0 10.0
    endloop
  endfacet
  facet normal 0.922012209892273 0.0 -0.3871607780456543
    outer loop
      vertex 10.0 11.0 9.0
      vertex 10.0 12.0 9.0
      vertex 10.41990852355957 12.0 10.0
    endloop
  endfacet
  facet normal 0.922012209892273 0.0 0.3871607780456543
    outer loop
      vertex 10.41990852355957 11.0 10.0
      vertex 10.0 12.0 11.0
      vertex 10.0 11.0 11.0
    endloop
  endfacet
  facet normal 0.922012209892273 -0.0 0.3871607780456543
    outer loop
      vertex 10.41990852355957 11.0 10.0
      vertex 10.41990852355957 12.0 10.0
      vertex 10.0 12.0 11.0
    endloop
  endfacet
  facet normal 1.0 0.0 0.0
    outer loop
      vertex 10.0 11.0 11.0
      vertex 10.0 12.0 12.0
      vertex 10.0 11.0 12.0
    endloop
  endfacet
  facet normal 1.0 0.0 0.0
    outer loop
      vertex 10.0 11.0 11.0
      vertex 10.0 12.0 11.0
      vertex 10.0 12.0 12.0
    endloop
  endfacet
  facet normal 1.0 0.0 0.0
    outer loop
      vertex 10.0 11.0 12.0
      vertex 10.0 12.0 13.0
      vertex 10.0 11.0 13.0
    endloop
  endfacet
  facet normal 1.0 0.0 0.0
    outer loop
      vertex 10.0 11.0 12.0
      vertex 10.0 12.0 12.0
      vertex 10.0 12.0 13.0
    endloop
  endfacet
  facet normal 1.0 0.0 0.0
    outer loop
      vertex 10.0 11.0 13.0
      vertex 10.0 12.0 14.0
      vertex 10.0 11.0 14.0
    endloop
  endfacet
  facet normal 1.0 0.0 0.0
    outer loop
      vertex 10.0 11.0 13.0
      vertex 10.0 12.0 13.0
      vertex 10.0 12.0 14.0
    endloop
  endfacet
  facet normal 0.0 0.0 0.0
    outer loop
      vertex 10.0 12.0 14.0
      vertex 10.0 12.0 14.0
      vertex 10.0 11.0 14.0
    endloop
  endfacet
  facet normal 0.0 0.0 0.0
    outer loop
      vertex 10.0 12.0 14.0
      vertex 10.0 11.0 14.0
      vertex 10.0 11.0 14.0
    endloop
  endfacet
  facet normal 0.0 0.0 0.0
    outer loop
      vertex 11.0 13.0 9.0
      vertex 10.0 12.0 9.0
      vertex 11.0 13.0 9.0
    endloop
  endfacet
  facet normal 0.0 0.0 0.0
    outer loop
      vertex 11.0 13.0 9.0
      vertex 10.0 12.0 9.0
      vertex 10.0 12.0 9.0
    endloop
  endfacet
  facet normal 0.0 0.0 0.0
    outer loop
      vertex 10.0 12.0 9.0
      vertex 10.0 12.0 9.0
      vertex 11.0 13.0 9.0
    endloop
  endfacet
  facet normal 0.0 0.0 0.0
    outer loop
      vertex 10.0 12.0 9.0
      vertex 11.0 13.0 9.0
      vertex 11.0 13.0 9.0
    endloop
  endfacet
  facet normal 0.0 0.0 0.0
    outer loop
      vertex 11.0 12.58009147644043 10.0
      vertex 11.0 13.0 9.0
      vertex 11.0 13.0 9.0
    endloop
  endfacet
  facet normal -0.35390689969062805 -0.8623401522636414 -0.36210399866104126
    outer loop
      vertex 11.0 13.0 9.0
      vertex 11.0 12.58009147644043 10.0
      vertex 10.0 13.0 9.977362632751465
    endloop
  endfacet
  facet normal 0.015938784927129745 -0.015938784927129745 -0.9997459053993225
    outer loop
      vertex 10.41990852355957 12.0 10.0
      vertex 10.0 13.0 9.977362632751465
      vertex 11.0 12.58009147644043 10.0
    endloop
  endfacet
  facet normal 0.8623401522636414 0.35390689969062805 -0.36210399866104126
    outer loop
      vertex 10.0 13.0 9.977362632751465
      vertex 10.41990852355957 12.0 10.0
      vertex 10.0 12.0 9.0
    endloop
  endfacet
  facet normal 0.0 0.0 0.0
    outer loop
      vertex 10.0 12.0 9.0
      vertex 10.0 12.0 9.0
      vertex 10.41990852355957 12.0 10.0
    endloop
  endfacet
  facet normal 0.6778573393821716 -0.6778573393821716 0.28463807702064514
    outer loop
      vertex 10.41990852355957 12.0 10.0
      vertex 11.0 12.58009147644043 10.0
      vertex 10.0 12.0 11.0
    endloop
  endfacet
  facet normal 0.6778573393821716 -0.6778573393821716 0.28463807702064514
    outer loop
      vertex 10.0 12.0 11.0
      vertex 11.0 12.58009147644043 10.0
      vertex 11.0 13.0 11.0
    endloop
  endfacet
  facet normal 0.7071067690849304 -0.7071067690849304 0.0
    outer loop
      vertex 10.0 12.0 11.0
      vertex 11.0 13.0 11.0
      vertex 10.0 12.0 12.0
    endloop
  endfacet
  facet normal 0.7071067690849304 -0.7071067690849304 0.0
    outer loop
      vertex 10.0 12.0 12.0
      vertex 11.0 13.0 11.0
      vertex 11.0 13.0 12.0
    endloop
  endfacet
  facet normal 0.7071067690849304 -0.7071067690849304 0.0
    outer loop
      vertex 10.0 12.0 12.0
      vertex 11.0 13.0 12.0
      vertex 10.0 12.0 13.0
    endloop
  endfacet
  facet normal 0.7071067690849304 -0.7071067690849304 0.0
    outer loop
      vertex 10.0 12.0 13.0
      vertex 11.0 13.0 12.0
      vertex 11.0 13.0 13.0
    endloop
  endfacet
  facet normal 0.7071067690849304 -0.7071067690849304 0.0
    outer loop
      vertex 10.0 12.0 13.0
      vertex 11.0 13.0 13.0
      vertex 10.0 12.0 14.0
    endloop
  endfacet
  facet normal 0.7071067690849304 -0.7071067690849304 0.0
    outer loop
      vertex 10.0 12.0 14.0
      vertex 11.0 13.0 13.0
      vertex 11.0 13.0 14.0
    endloop
  endfacet
  facet normal 0.0 0.0 0.0
    outer loop
      vertex 10.0 12.0 14.0
      vertex 10.0 12.0 14.0
      vertex 11.0 13.0 14.0
    endloop
  endfacet
  facet normal 0.0 0.0 0.0
    outer loop
      vertex 11.0 13.0 14.0
      vertex 10.0 12.0 14.0
      vertex 11.0 13.0 14.0
    endloop
  endfacet
  facet normal -0.0 0.0 1.0
    outer loop
      vertex 10.0 13.0 14.0
      vertex 10.0 12.0 14.0
      vertex 11.0 13.0 14.0
    endloop
  endfacet
  facet normal 0.0 0.0 0.0
    outer loop
      vertex 11.0 13.0 9.0
      vertex 11.0 13.0 9.0
      vertex 11.0 13.0 9.0
    endloop
  endfacet
  facet normal -0.6957669258117676 -0.09556315094232559 -0.7118820548057556
    outer loop
      vertex 10.0 13.0 9.977362632751465
      vertex 10.0 14.0 9.843122482299805
      vertex 11.0 13.0 9.0
    endloop
  endfacet
  facet normal 0.5027895569801331 0.7929474115371704 -0.3441467583179474
    outer loop
      vertex 10.0 14.0 9.843122482299805
      vertex 11.0 13.434009552001953 10.0
      vertex 11.0 13.0 9.0
    endloop
  endfacet
  facet normal 0.0 0.0 0.0
    outer loop
      vertex 11.0 13.434009552001953 10.0
      vertex 11.0 13.0 9.0
      vertex 11.0 13.0 9.0
    endloop
  endfacet
  facet normal 0.4877510368824005 0.7283926010131836 -0.4811892509460449
    outer loop
      vertex 11.0 13.434009552001953 10.0
      vertex 10.0 14.0 9.843122482299805
      vertex 10.154767036437988 14.0 10.0
    endloop
  endfacet
  facet normal 0.5829043388366699 0.5276724696159363 0.6178869009017944
    outer loop
      vertex 10.0 14.0 10.146004676818848
      vertex 10.0 13.0 11.0
      vertex 10.154767036437988 14.0 10.0
    endloop
  endfacet
  facet normal 0.4100804030895233 0.6124016642570496 0.675868570804596
    outer loop
      vertex 10.0 13.0 11.0
      vertex 11.0 13.434009552001953 10.0
      vertex 10.154767036437988 14.0 10.0
    endloop
  endfacet
  facet normal -0.0 0.9173291325569153 0.3981296122074127
    outer loop
      vertex 10.0 13.0 11.0
      vertex 11.0 13.0 11.0
      vertex 11.0 13.434009552001953 10.0
    endloop
  endfacet
  facet normal 0.0 0.7071067690849304 -0.7071067690849304
    outer loop
      vertex 10.0 13.0 11.0
      vertex 10.0 14.0 12.0
      vertex 11.0 13.0 11.0
    endloop
  endfacet
  facet normal 0.0 0.7071067690849304 -0.7071067690849304
    outer loop
      vertex 11.0 13.0 11.0
      vertex 10.0 14.0 12.0
      vertex 11.0 14.0 12.0
    endloop
  endfacet
  facet normal 0.0 0.0 1.0
    outer loop
      vertex 11.0 13.0 14.0
      vertex 10.0 14.0 14.0
      vertex 10.0 13.0 14.0
    endloop
  endfacet
  facet normal 0.0 0.0 1.0
    outer loop
      vertex 11.0 14.0 14.0
      vertex 10.0 14.0 14.0
      vertex 11.0 13.0 14.0
    endloop
  endfacet
  facet normal 0.6156636476516724 0.5020424127578735 -0.6073810458183289
    outer loop
      vertex 10.0 14.189793586730957 10.0
      vertex 10.154767036437988 14.0 10.0
      vertex 10.0 14.0 9.843122482299805
    endloop
  endfacet
  facet normal 0.5988358855247498 0.4883202910423279 0.6347746253013611
    outer loop
      vertex 10.154767036437988 14.0 10.0
      vertex 10.0 14.189793586730957 10.0
      vertex 10.0 14.0 10.146004676818848
    endloop
  endfacet
  facet normal 0.0 0.0 0.0
    outer loop
      vertex 11.0 14.0 12.0
      vertex 11.0 14.0 12.0
      vertex 10.0 14.0 12.0
    endloop
  endfacet
  facet normal 0.0 0.0 0.0
    outer loop
      vertex 11.0 14.0 12.0
      vertex 10.0 14.0 12.0
      vertex 10.0 14.0 12.0
    endloop
  endfacet
  facet normal 0.0 1.0 0.0
    outer loop
      vertex 11.0 14.0 13.0
      vertex 10.0 14.0 12.0
      vertex 10.0 14.0 13.0
    endloop
  endfacet
  facet normal 0.0 1.0 0.0
    outer loop
      vertex 11.0 14.0 13.0
      vertex 11.0 14.0 12.0
      vertex 10.0 14.0 12.0
    endloop
  endfacet
  facet normal 0.0 0.7071067690849304 -0.7071067690849304
    outer loop
      vertex 10.0 14.0 13.0
      vertex 10.0 15.0 14.0
      vertex 11.0 14.0 13.0
    endloop
  endfacet
  facet normal 0.0 0.7071067690849304 -0.7071067690849304
    outer loop
      vertex 11.0 14.0 13.0
      vertex 10.0 15.0 14.0
      vertex 11.0 15.0 14.0
    endloop
  endfacet
  facet normal 0.0 0.0 1.0
    outer loop
      vertex 11.0 14.0 14.0
      vertex 10.0 15.0 14.0
      vertex 10.0 14.0 14.0
    endloop
  endfacet
  facet normal 0.0 0.0 1.0
    outer loop
      vertex 11.0 15.0 14.0
      vertex 10.0 15.0 14.0
      vertex 11.0 14.0 14.0
    endloop
  endfacet
  facet normal 0.0 0.0 0.0
    outer loop
      vertex 11.0 15.0 14.0
      vertex 11.0 15.0 14.0
      vertex 10.0 15.0 14.0
    endloop
  endfacet
  facet normal 0.0 0.0 0.0
    outer loop
      vertex 11.0 15.0 14.0
      vertex 10.0 15.0 14.0
      vertex 10.0 15.0 14.0
    endloop
  endfacet
  facet normal 0.0 0.0 0.0
    outer loop
      vertex 10.0 15.0 14.0
      vertex 10.0 15.0 14.0
      vertex 11.0 15.0 14.0
    endloop
  endfacet
  facet normal 0.0 0.0 0.0
    outer loop
      vertex 10.0 15.0 14.0
      vertex 11.0 15.0 14.0
      vertex 11.0 15.0 14.0
    endloop
  endfacet
  facet normal 0.0 0.0 0.0
    outer loop
      vertex 12.0 8.0 14.0
      vertex 12.0 8.0 14.0
      vertex 11.0 8.0 14.0
    endloop
  endfacet
  facet normal 0.0 0.0 0.0
    outer loop
      vertex 12.0 8.0 14.0
      vertex 11.0 8.0 14.0
      vertex 11.0 8.0 14.0
    endloop
  endfacet
  facet normal 0.0 0.0 0.0
    outer loop
      vertex 11.0 8.0 14.0
      vertex 11.0 8.0 14.0
      vertex 12.0 8.0 14.0
    endloop
  endfacet
  facet normal 0.0 0.0 0.0
    outer loop
      vertex 11.0 8.0 14.0
      vertex 12.0 8.0 14.0
      vertex 12.0 8.0 14.0
    endloop
  endfacet
  facet normal 0.0 0.0 0.0
    outer loop
      vertex 12.0 9.0 12.0
      vertex 12.0 9.0 12.0
      vertex 11.0 9.0 12.0
    endloop
  endfacet
  facet normal 0.0 0.0 0.0
    outer loop
      vertex 12.0 9.0 12.0
      vertex 11.0 9.0 12.0
      vertex 11.0 9.0 12.0
    endloop
  endfacet
  facet normal 0.0 -1.0 0.0
    outer loop
      vertex 11.0 9.0 12.0
      vertex 12.0 9.0 13.0
      vertex 11.0 9.0 13.0
    endloop
  endfacet
  facet normal 0.0 -1.0 0.0
    outer loop
      vertex 12.0 9.0 12.0
      vertex 12.0 9.0 13.0
      vertex 11.0 9.0 12.0
    endloop
  endfacet
  facet normal 0.0 -0.7071067690849304 -0.7071067690849304
    outer loop
      vertex 11.0 8.0 14.0
      vertex 11.0 9.0 13.0
      vertex 12.0 8.0 14.0
    endloop
  endfacet
  facet normal 0.0 -0.7071067690849304 -0.7071067690849304
    outer loop
      vertex 12.0 8.0 14.0
      vertex 11.0 9.0 13.0
      vertex 12.0 9.0 13.0
    endloop
  endfacet
  facet normal 0.0 0.0 1.0
    outer loop
      vertex 12.0 8.0 14.0
      vertex 11.0 9.0 14.0
      vertex 11.0 8.0 14.0
    endloop
  endfacet
  facet normal 0.0 0.0 1.0
    outer loop
      vertex 12.0 9.0 14.0
      vertex 11.0 9.0 14.0
      vertex 12.0 8.0 14.0
    endloop
  endfacet
  facet normal 0.0 0.0 0.0
    outer loop
      vertex 12.0 10.0 9.0
      vertex 12.0 10.0 9.0
      vertex 11.0 10.0 9.0
    endloop
  endfacet
  facet normal 0.0 0.0 0.0
    outer loop
      vertex 12.0 10.0 9.0
      vertex 11.0 10.0 9.0
      vertex 11.0 10.0 9.0
    endloop
  endfacet
  facet normal 0.0 -0.9173291325569153 -0.3981296122074127
    outer loop
      vertex 11.0 10.0 9.0
      vertex 12.0 9.565990447998047 10.0
      vertex 11.0 9.565990447998047 10.0
    endloop
  endfacet
  facet normal -0.0 -0.9173291325569153 -0.3981296122074127
    outer loop
      vertex 12.0 10.0 9.0
      vertex 12.0 9.565990447998047 10.0
      vertex 11.0 10.0 9.0
    endloop
  endfacet
  facet normal 0.0 -0.9173291325569153 0.3981296122074127
    outer loop
      vertex 11.0 9.565990447998047 10.0
      vertex 12.0 10.0 11.0
      vertex 11.0 10.0 11.0
    endloop
  endfacet
  facet normal 0.0 -0.9173291325569153 0.3981296122074127
    outer loop
      vertex 12.0 9.565990447998047 10.0
      vertex 12.0 10.0 11.0
      vertex 11.0 9.565990447998047 10.0
    endloop
  endfacet
  facet normal 0.0 -0.7071067690849304 -0.7071067690849304
    outer loop
      vertex 11.0 9.0 12.0
      vertex 11.0 10.0 11.0
      vertex 12.0 9.0 12.0
    endloop
  endfacet
  facet normal 0.0 -0.7071067690849304 -0.7071067690849304
    outer loop
      vertex 12.0 9.0 12.0
      vertex 11.0 10.0 11.0
      vertex 12.0 10.0 11.0
    endloop
  endfacet
  facet normal 0.0 0.0 1.0
    outer loop
      vertex 12.0 9.0 14.0
      vertex 11.0 10.0 14.0
      vertex 11.0 9.0 14.0
    endloop
  endfacet
  facet normal 0.0 0.0 1.0
    outer loop
      vertex 12.0 10.0 14.0
      vertex 11.0 10.0 14.0
      vertex 12.0 9.0 14.0
    endloop
  endfacet
  facet normal 0.0 0.0 0.0
    outer loop
      vertex 12.0 10.0 9.0
      vertex 12.0 10.0 9.0
      vertex 11.0 10.0 9.0
    endloop
  endfacet
  facet normal 0.0 0.0 0.0
    outer loop
      vertex 12.0 10.0 9.0
      vertex 11.0 10.0 9.0
      vertex 11.0 10.0 9.0
    endloop
  endfacet
  facet normal 0.0 0.922012209892273 -0.3871607780456543
    outer loop
      vertex 12.0 10.41990852355957 10.0
      vertex 11.0 10.0 9.0
      vertex 11.0 10.41990852355957 10.0
    endloop
  endfacet
  facet normal 0.0 0.922012209892273 -0.3871607780456543
    outer loop
      vertex 12.0 10.41990852355957 10.0
      vertex 12.0 10.0 9.0
      vertex 11.0 10.0 9.0
    endloop
  endfacet
  facet normal 0.0 0.922012209892273 0.3871607780456543
    outer loop
      vertex 12.0 10.0 11.0
      vertex 11.0 10.41990852355957 10.0
      vertex 11.0 10.0 11.0
    endloop
  endfacet
  facet normal 0.0 0.922012209892273 0.3871607780456543
    outer loop
      vertex 12.0 10.0 11.0
      vertex 12.0 10.41990852355957 10.0
      vertex 11.0 10.41990852355957 10.0
    endloop
  endfacet
  facet normal 0.0 1.0 0.0
    outer loop
      vertex 12.0 10.0 12.0
      vertex 11.0 10.0 11.0
      vertex 11.0 10.0 12.0
    endloop
  endfacet
  facet normal 0.0 1.0 0.0
    outer loop
      vertex 12.0 10.0 12.0
      vertex 12.0 10.0 11.0
      vertex 11.0 10.0 11.0
    endloop
  endfacet
  facet normal 0.0 1.0 0.0
    outer loop
      vertex 12.0 10.0 13.0
      vertex 11.0 10.0 12.0
      vertex 11.0 10.0 13.0
    endloop
  endfacet
  facet normal 0.0 1.0 0.0
    outer loop
      vertex 12.0 10.0 13.0
      vertex 12.0 10.0 12.0
      vertex 11.0 10.0 12.0
    endloop
  endfacet
  facet normal 0.0 1.0 0.0
    outer loop
      vertex 12.0 10.0 14.0
      vertex 11.0 10.0 13.0
      vertex 11.0 10.0 14.0
    endloop
  endfacet
  facet normal 0.0 1.0 0.0
    outer loop
      vertex 12.0 10.0 14.0
      vertex 12.0 10.0 13.0
      vertex 11.0 10.0 13.0
    endloop
  endfacet
  facet normal 0.0 0.0 0.0
    outer loop
      vertex 11.0 10.0 14.0
      vertex 11.0 10.0 14.0
      vertex 12.0 10.0 14.0
    endloop
  endfacet
  facet normal 0.0 0.0 0.0
    outer loop
      vertex 11.0 10.0 14.0
      vertex 12.0 10.0 14.0
      vertex 12.0 10.0 14.0
    endloop
  endfacet
  facet normal 0.0 0.0 0.0
    outer loop
      vertex 12.0 13.0 9.0
      vertex 12.0 13.0 9.0
      vertex 11.0 13.0 9.0
    endloop
  endfacet
  facet normal 0.0 0.0 0.0
    outer loop
      vertex 12.0 13.0 9.0
      vertex 11.0 13.0 9.0
      vertex 11.0 13.0 9.0
    endloop
  endfacet
  facet normal 0.0 -0.922012209892273 -0.3871607780456543
    outer loop
      vertex 11.0 13.0 9.0
      vertex 12.0 12.58009147644043 10.0
      vertex 11.0 12.58009147644043 10.0
    endloop
  endfacet
  facet normal -0.0 -0.922012209892273 -0.3871607780456543
    outer loop
      vertex 12.0 13.0 9.0
      vertex 12.0 12.58009147644043 10.0
      vertex 11.0 13.0 9.0
    endloop
  endfacet
  facet normal 0.0 -0.922012209892273 0.3871607780456543
    outer loop
      vertex 11.0 12.58009147644043 10.0
      vertex 12.0 13.0 11.0
      vertex 11.0 13.0 11.0
    endloop
  endfacet
  facet normal 0.0 -0.922012209892273 0.3871607780456543
    outer loop
      vertex 12.0 12.58009147644043 10.0
      vertex 12.0 13.0 11.0
      vertex 11.0 12.58009147644043 10.0
    endloop
  endfacet
  facet normal 0.0 -1.0 0.0
    outer loop
      vertex 11.0 13.0 11.0
      vertex 12.0 13.0 12.0
      vertex 11.0 13.0 12.0
    endloop
  endfacet
  facet normal 0.0 -1.0 0.0
    outer loop
      vertex 12.0 13.0 11.0
      vertex 12.0 13.0 12.0
      vertex 11.0 13.0 11.0
    endloop
  endfacet
  facet normal 0.0 -1.0 0.0
    outer loop
      vertex 11.0 13.0 12.0
      vertex 12.0 13.0 13.0
      vertex 11.0 13.0 13.0
    endloop
  endfacet
  facet normal 0.0 -1.0 0.0
    outer loop
      vertex 12.0 13.0 12.0
      vertex 12.0 13.0 13.0
      vertex 11.0 13.0 12.0
    endloop
  endfacet
  facet normal 0.0 -1.0 0.0
    outer loop
      vertex 11.0 13.0 13.0
      vertex 12.0 13.0 14.0
      vertex 11.0 13.0 14.0
    endloop
  endfacet
  facet normal 0.0 -1.0 0.0
    outer loop
      vertex 12.0 13.0 13.0
      vertex 12.0 13.0 14.0
      vertex 11.0 13.0 13.0
    endloop
  endfacet
  facet normal 0.0 0.0 0.0
    outer loop
      vertex 11.0 13.0 14.0
      vertex 11.0 13.0 14.0
      vertex 12.0 13.0 14.0
    endloop
  endfacet
  facet normal 0.0 0.0 0.0
    outer loop
      vertex 11.0 13.0 14.0
      vertex 12.0 13.0 14.0
      vertex 12.0 13.0 14.0
    endloop
  endfacet
  facet normal 0.0 0.0 0.0
    outer loop
      vertex 12.0 13.0 9.0
      vertex 12.0 13.0 9.0
      vertex 11.0 13.0 9.0
    endloop
  endfacet
  facet normal 0.0 0.0 0.0
    outer loop
      vertex 12.0 13.0 9.0
      vertex 11.0 13.0 9.0
      vertex 11.0 13.0 9.0
    endloop
  endfacet
  facet normal 0.0 0.9173291325569153 -0.3981296122074127
    outer loop
      vertex 12.0 13.434009552001953 10.0
      vertex 11.0 13.0 9.0
      vertex 11.0 13.434009552001953 10.0
    endloop
  endfacet
  facet normal 0.0 0.9173291325569153 -0.3981296122074127
    outer loop
      vertex 12.0 13.434009552001953 10.0
      vertex 12.0 13.0 9.0
      vertex 11.0 13.0 9.0
    endloop
  endfacet
  facet normal 0.0 0.9173291325569153 0.3981296122074127
    outer loop
      vertex 12.0 13.0 11.0
      vertex 11.0 13.434009552001953 10.0
      vertex 11.0 13.0 11.0
    endloop
  endfacet
  facet normal 0.0 0.9173291325569153 0.3981296122074127
    outer loop
      vertex 12.0 13.0 11.0
      vertex 12.0 13.434009552001953 10.0
      vertex 11.0 13.434009552001953 10.0
    endloop
  endfacet
  facet normal 0.0 0.7071067690849304 -0.7071067690849304
    outer loop
      vertex 11.0 13.0 11.0
      vertex 11.0 14.0 12.0
      vertex 12.0 13.0 11.0
    endloop
  endfacet
  facet normal 0.0 0.7071067690849304 -0.7071067690849304
    outer loop
      vertex 12.0 13.0 11.0
      vertex 11.0 14.0 12.0
      vertex 12.0 14.0 12.0
    endloop
  endfacet
  facet normal 0.0 0.0 1.0
    outer loop
      vertex 12.0 13.0 14.0
      vertex 11.0 14.0 14.0
      vertex 11.0 13.0 14.0
    endloop
  endfacet
  facet normal 0.0 0.0 1.0
    outer loop
      vertex 12.0 14.0 14.0
      vertex 11.0 14.0 14.0
      vertex 12.0 13.0 14.0
    endloop
  endfacet
  facet normal 0.0 0.0 0.0
    outer loop
      vertex 12.0 14.0 12.0
      vertex 12.0 14.0 12.0
      vertex 11.0 14.0 12.0
    endloop
  endfacet
  facet normal 0.0 0.0 0.0
    outer loop
      vertex 12.0 14.0 12.0
      vertex 11.0 14.0 12.0
      vertex 11.0 14.0 12.0
    endloop
  endfacet
  facet normal 0.0 1.0 0.0
    outer loop
      vertex 12.0 14.0 13.0
      vertex 11.0 14.0 12.0
      vertex 11.0 14.0 13.0
    endloop
  endfacet
  facet normal 0.0 1.0 0.0
    outer loop
      vertex 12.0 14.0 13.0
      vertex 12.0 14.0 12.0
      vertex 11.0 14.0 12.0
    endloop
  endfacet
  facet normal 0.0 0.7071067690849304 -0.7071067690849304
    outer loop
      vertex 11.0 14.0 13.0
      vertex 11.0 15.0 14.0
      vertex 12.0 14.0 13.0
    endloop
  endfacet
  facet normal 0.0 0.7071067690849304 -0.7071067690849304
    outer loop
      vertex 12.0 14.0 13.0
      vertex 11.0 15.0 14.0
      vertex 12.0 15.0 14.0
    endloop
  endfacet
  facet normal 0.0 0.0 1.0
    outer loop
      vertex 12.0 14.0 14.0
      vertex 11.0 15.0 14.0
      vertex 11.0 14.0 14.0
    endloop
  endfacet
  facet normal 0.0 0.0 1.0
    outer loop
      vertex 12.0 15.0 14.0
      vertex 11.0 15.0 14.0
      vertex 12.0 14.0 14.0
    endloop
  endfacet
  facet normal 0.0 0.0 0.0
    outer loop
      vertex 12.0 15.0 14.0
      vertex 12.0 15.0 14.0
      vertex 11.0 15.0 14.0
    endloop
  endfacet
  facet normal 0.0 0.0 0.0
    outer loop
      vertex 12.0 15.0 14.0
      vertex 11.0 15.0 14.0
      vertex 11.0 15.0 14.0
    endloop
  endfacet
  facet normal 0.0 0.0 0.0
    outer loop
      vertex 11.0 15.0 14.0
      vertex 11.0 15.0 14.0
      vertex 12.0 15.0 14.0
    endloop
  endfacet
  facet normal 0.0 0.0 0.0
    outer loop
      vertex 11.0 15.0 14.0
      vertex 12.0 15.0 14.0
      vertex 12.0 15.0 14.0
    endloop
  endfacet
  facet normal 0.0 0.0 0.0
    outer loop
      vertex 13.0 8.0 14.0
      vertex 13.0 8.0 14.0
      vertex 12.0 8.0 14.0
    endloop
  endfacet
  facet normal 0.0 0.0 0.0
    outer loop
      vertex 13.0 8.0 14.0
      vertex 12.0 8.0 14.0
      vertex 12.0 8.0 14.0
    endloop
  endfacet
  facet normal 0.0 0.0 0.0
    outer loop
      vertex 12.0 8.0 14.0
      vertex 12.0 8.0 14.0
      vertex 13.0 8.0 14.0
    endloop
  endfacet
  facet normal 0.0 0.0 0.0
    outer loop
      vertex 12.0 8.0 14.0
      vertex 13.0 8.0 14.0
      vertex 13.0 8.0 14.0
    endloop
  endfacet
  facet normal -0.6156636476516724 -0.5020424127578735 -0.6073810458183289
    outer loop
      vertex 13.0 9.0 9.843122482299805
      vertex 13.0 8.810206413269043 10.0
      vertex 12.845232963562012 9.0 10.0
    endloop
  endfacet
  facet normal -0.5988358855247498 -0.4883202910423279 0.6347746253013611
    outer loop
      vertex 13.0 9.0 10.146004676818848
      vertex 12.845232963562012 9.0 10.0
      vertex 13.0 8.810206413269043 10.0
    endloop
  endfacet
  facet normal 0.0 0.0 0.0
    outer loop
      vertex 13.0 9.0 12.0
      vertex 13.0 9.0 12.0
      vertex 12.0 9.0 12.0
    endloop
  endfacet
  facet normal 0.0 0.0 0.0
    outer loop
      vertex 13.0 9.0 12.0
      vertex 12.0 9.0 12.0
      vertex 12.0 9.0 12.0
    endloop
  endfacet
  facet normal 0.0 -1.0 0.0
    outer loop
      vertex 12.0 9.0 12.0
      vertex 13.0 9.0 13.0
      vertex 12.0 9.0 13.0
    endloop
  endfacet
  facet normal 0.0 -1.0 0.0
    outer loop
      vertex 13.0 9.0 12.0
      vertex 13.0 9.0 13.0
      vertex 12.0 9.0 12.0
    endloop
  endfacet
  facet normal 0.0 -0.7071067690849304 -0.7071067690849304
    outer loop
      vertex 12.0 8.0 14.0
      vertex 12.0 9.0 13.0
      vertex 13.0 8.0 14.0
    endloop
  endfacet
  facet normal 0.0 -0.7071067690849304 -0.7071067690849304
    outer loop
      vertex 13.0 8.0 14.0
      vertex 12.0 9.0 13.0
      vertex 13.0 9.0 13.0
    endloop
  endfacet
  facet normal 0.0 0.0 1.0
    outer loop
      vertex 13.0 8.0 14.0
      vertex 12.0 9.0 14.0
      vertex 12.0 8.0 14.0
    endloop
  endfacet
  facet normal 0.0 0.0 1.0
    outer loop
      vertex 13.0 9.0 14.0
      vertex 12.0 9.0 14.0
      vertex 13.0 8.0 14.0
    endloop
  endfacet
  facet normal 0.0 0.0 0.0
    outer loop
      vertex 12.0 10.0 9.0
      vertex 12.0 10.0 9.0
      vertex 12.0 10.0 9.0
    endloop
  endfacet
  facet normal -0.7087363004684448 0.0938609316945076 -0.6992016434669495
    outer loop
      vertex 13.0 10.0 9.977362632751465
      vertex 13.0 9.0 9.843122482299805
      vertex 12.845232963562012 9.0 10.0
    endloop
  endfacet
  facet normal 0.6936222910881042 -0.12341534346342087 -0.7096877694129944
    outer loop
      vertex 12.0 10.0 9.0
      vertex 13.0 10.0 9.977362632751465
      vertex 12.845232963562012 9.0 10.0
    endloop
  endfacet
  facet normal -0.5234071612358093 -0.7816404104232788 -0.3392393887042999
    outer loop
      vertex 12.0 9.565990447998047 10.0
      vertex 12.0 10.0 9.0
      vertex 12.845232963562012 9.0 10.0
    endloop
  endfacet
  facet normal 0.0 0.0 0.0
    outer loop
      vertex 13.0 10.0 9.977362632751465
      vertex 12.0 10.0 9.0
      vertex 12.0 10.0 9.0
    endloop
  endfacet
  facet normal -0.5829043388366699 -0.5276724696159363 0.6178869009017944
    outer loop
      vertex 13.0 9.0 10.146004676818848
      vertex 13.0 10.0 11.0
      vertex 12.845232963562012 9.0 10.0
    endloop
  endfacet
  facet normal -0.4100804030895233 -0.6124016642570496 0.675868570804596
    outer loop
      vertex 13.0 10.0 11.0
      vertex 12.0 9.565990447998047 10.0
      vertex 12.845232963562012 9.0 10.0
    endloop
  endfacet
  facet normal 0.0 -0.9173291325569153 0.3981296122074127
    outer loop
      vertex 13.0 10.0 11.0
      vertex 12.0 10.0 11.0
      vertex 12.0 9.565990447998047 10.0
    endloop
  endfacet
  facet normal 0.0 -0.7071067690849304 -0.7071067690849304
    outer loop
      vertex 12.0 9.0 12.0
      vertex 12.0 10.0 11.0
      vertex 13.0 9.0 12.0
    endloop
  endfacet
  facet normal 0.0 -0.7071067690849304 -0.7071067690849304
    outer loop
      vertex 13.0 9.0 12.0
      vertex 12.0 10.0 11.0
      vertex 13.0 10.0 11.0
    endloop
  endfacet
  facet normal 0.0 0.0 1.0
    outer loop
      vertex 13.0 9.0 14.0
      vertex 12.0 10.0 14.0
      vertex 12.0 9.0 14.0
    endloop
  endfacet
  facet normal 0.0 0.0 1.0
    outer loop
      vertex 13.0 10.0 14.0
      vertex 12.0 10.0 14.0
      vertex 13.0 9.0 14.0
    endloop
  endfacet
  facet normal 0.0 0.0 0.0
    outer loop
      vertex 13.0 11.0 9.0
      vertex 12.0 10.0 9.0
      vertex 13.0 11.0 9.0
    endloop
  endfacet
  facet normal 0.0 0.0 0.0
    outer loop
      vertex 13.0 11.0 9.0
      vertex 12.0 10.0 9.0
      vertex 12.0 10.0 9.0
    endloop
  endfacet
  facet normal 0.0 0.0 0.0
    outer loop
      vertex 12.0 10.0 9.0
      vertex 12.0 10.0 9.0
      vertex 13.0 11.0 9.0
    endloop
  endfacet
  facet normal 0.0 0.0 0.0
    outer loop
      vertex 12.0 10.0 9.0
      vertex 13.0 11.0 9.0
      vertex 13.0 11.0 9.0
    endloop
  endfacet
  facet normal 0.0 0.0 0.0
    outer loop
      vertex 12.0 10.41990852355957 10.0
      vertex 12.0 10.0 9.0
      vertex 12.0 10.0 9.0
    endloop
  endfacet
  facet normal 0.35390689969062805 0.8623401522636414 -0.36210399866104126
    outer loop
      vertex 12.0 10.0 9.0
      vertex 12.0 10.41990852355957 10.0
      vertex 13.0 10.0 9.977362632751465
    endloop
  endfacet
  facet normal -0.015938784927129745 0.015938784927129745 -0.9997459053993225
    outer loop
      vertex 12.58009147644043 11.0 10.0
      vertex 13.0 10.0 9.977362632751465
      vertex 12.0 10.41990852355957 10.0
    endloop
  endfacet
  facet normal -0.8623401522636414 -0.35390689969062805 -0.36210399866104126
    outer loop
      vertex 13.0 10.0 9.977362632751465
      vertex 12.58009147644043 11.0 10.0
      vertex 13.0 11.0 9.0
    endloop
  endfacet
  facet normal 0.0 0.0 0.0
    outer loop
      vertex 13.0 11.0 9.0
      vertex 13.0 11.0 9.0
      vertex 12.58009147644043 11.0 10.0
    endloop
  endfacet
  facet normal -0.6778573393821716 0.6778573393821716 0.28463807702064514
    outer loop
      vertex 12.0 10.0 11.0
      vertex 13.0 11.0 11.0
      vertex 12.0 10.41990852355957 10.0
    endloop
  endfacet
  facet normal -0.6778573393821716 0.6778573393821716 0.28463807702064514
    outer loop
      vertex 12.0 10.41990852355957 10.0
      vertex 13.0 11.0 11.0
      vertex 12.58009147644043 11.0 10.0
    endloop
  endfacet
  facet normal -0.7071067690849304 0.7071067690849304 0.0
    outer loop
      vertex 12.0 10.0 12.0
      vertex 13.0 11.0 12.0
      vertex 12.0 10.0 11.0
    endloop
  endfacet
  facet normal -0.7071067690849304 0.7071067690849304 0.0
    outer loop
      vertex 12.0 10.0 11.0
      vertex 13.0 11.0 12.0
      vertex 13.0 11.0 11.0
    endloop
  endfacet
  facet normal -0.7071067690849304 0.7071067690849304 0.0
    outer loop
      vertex 12.0 10.0 13.0
      vertex 13.0 11.0 13.0
      vertex 12.0 10.0 12.0
    endloop
  endfacet
  facet normal -0.7071067690849304 0.7071067690849304 0.0
    outer loop
      vertex 12.0 10.0 12.0
      vertex 13.0 11.0 13.0
      vertex 13.0 11.0 12.0
    endloop
  endfacet
  facet normal -0.7071067690849304 0.7071067690849304 0.0
    outer loop
      vertex 12.0 10.0 14.0
      vertex 13.0 11.0 14.0
      vertex 12.0 10.0 13.0
    endloop
  endfacet
  facet normal -0.7071067690849304 0.7071067690849304 0.0
    outer loop
      vertex 12.0 10.0 13.0
      vertex 13.0 11.0 14.0
      vertex 13.0 11.0 13.0
    endloop
  endfacet
  facet normal 0.0 0.0 0.0
    outer loop
      vertex 13.0 11.0 14.0
      vertex 13.0 11.0 14.0
      vertex 12.0 10.0 14.0
    endloop
  endfacet
  facet normal 0.0 0.0 0.0
    outer loop
      vertex 12.0 10.0 14.0
      vertex 13.0 11.0 14.0
      vertex 12.0 10.0 14.0
    endloop
  endfacet
  facet normal 0.0 -0.0 1.0
    outer loop
      vertex 13.0 10.0 14.0
      vertex 13.0 11.0 14.0
      vertex 12.0 10.0 14.0
    endloop
  endfacet
  facet normal 0.0 0.0 0.0
    outer loop
      vertex 13.0 11.0 9.0
      vertex 13.0 11.0 9.0
      vertex 13.0 12.0 9.0
    endloop
  endfacet
  facet normal 0.0 0.0 0.0
    outer loop
      vertex 13.0 11.0 9.0
      vertex 13.0 12.0 9.0
      vertex 13.0 12.0 9.0
    endloop
  endfacet
  facet normal -0.922012209892273 -0.0 -0.3871607780456543
    outer loop
      vertex 12.58009147644043 12.0 10.0
      vertex 13.0 11.0 9.0
      vertex 12.58009147644043 11.0 10.0
    endloop
  endfacet
  facet normal -0.922012209892273 -0.0 -0.3871607780456543
    outer loop
      vertex 13.0 12.0 9.0
      vertex 13.0 11.0 9.0
      vertex 12.58009147644043 12.0 10.0
    endloop
  endfacet
  facet normal -0.922012209892273 0.0 0.3871607780456543
    outer loop
      vertex 13.0 12.0 11.0
      vertex 12.58009147644043 11.0 10.0
      vertex 13.0 11.0 11.0
    endloop
  endfacet
  facet normal -0.922012209892273 0.0 0.3871607780456543
    outer loop
      vertex 12.58009147644043 12.0 10.0
      vertex 12.58009147644043 11.0 10.0
      vertex 13.0 12.0 11.0
    endloop
  endfacet
  facet normal -1.0 -0.0 0.0
    outer loop
      vertex 13.0 12.0 12.0
      vertex 13.0 11.0 11.0
      vertex 13.0 11.0 12.0
    endloop
  endfacet
  facet normal -1.0 0.0 0.0
    outer loop
      vertex 13.0 12.0 11.0
      vertex 13.0 11.0 11.0
      vertex 13.0 12.0 12.0
    endloop
  endfacet
  facet normal -1.0 -0.0 0.0
    outer loop
      vertex 13.0 12.0 13.0
      vertex 13.0 11.0 12.0
      vertex 13.0 11.0 13.0
    endloop
  endfacet
  facet normal -1.0 0.0 0.0
    outer loop
      vertex 13.0 12.0 12.0
      vertex 13.0 11.0 12.0
      vertex 13.0 12.0 13.0
    endloop
  endfacet
  facet normal -1.0 -0.0 0.0
    outer loop
      vertex 13.0 12.0 14.0
      vertex 13.0 11.0 13.0
      vertex 13.0 11.0 14.0
    endloop
  endfacet
  facet normal -1.0 0.0 0.0
    outer loop
      vertex 13.0 12.0 13.0
      vertex 13.0 11.0 13.0
      vertex 13.0 12.0 14.0
    endloop
  endfacet
  facet normal 0.0 0.0 0.0
    outer loop
      vertex 13.0 11.0 14.0
      vertex 13.0 11.0 14.0
      vertex 13.0 12.0 14.0
    endloop
  endfacet
  facet normal 0.0 0.0 0.0
    outer loop
      vertex 13.0 11.0 14.0
      vertex 13.0 12.0 14.0
      vertex 13.0 12.0 14.0
    endloop
  endfacet
  facet normal 0.0 0.0 0.0
    outer loop
      vertex 12.0 13.0 9.0
      vertex 12.0 13.0 9.0
      vertex 12.0 13.0 9.0
    endloop
  endfacet
  facet normal 0.0 0.0 0.0
    outer loop
      vertex 13.0 12.0 9.0
      vertex 13.0 12.0 9.0
      vertex 13.0 12.0 9.0
    endloop
  endfacet
  facet normal 0.0 0.0 0.0
    outer loop
      vertex 12.0 13.0 9.0
      vertex 12.0 13.0 9.0
      vertex 12.0 12.58009147644043 10.0
    endloop
  endfacet
  facet normal 0.35390689969062805 -0.8623401522636414 -0.36210399866104126
    outer loop
      vertex 13.0 13.0 9.977362632751465
      vertex 12.0 12.58009147644043 10.0
      vertex 12.0 13.0 9.0
    endloop
  endfacet
  facet normal -0.015938784927129745 -0.015938784927129745 -0.9997459053993225
    outer loop
      vertex 12.0 12.58009147644043 10.0
      vertex 13.0 13.0 9.977362632751465
      vertex 12.58009147644043 12.0 10.0
    endloop
  endfacet
  facet normal -0.8623401522636414 0.35390689969062805 -0.36210399866104126
    outer loop
      vertex 13.0 12.0 9.0
      vertex 12.58009147644043 12.0 10.0
      vertex 13.0 13.0 9.977362632751465
    endloop
  endfacet
  facet normal 0.0 0.0 0.0
    outer loop
      vertex 12.58009147644043 12.0 10.0
      vertex 13.0 12.0 9.0
      vertex 13.0 12.0 9.0
    endloop
  endfacet
  facet normal -0.6778573393821716 -0.6778573393821716 0.28463807702064514
    outer loop
      vertex 12.0 12.58009147644043 10.0
      vertex 12.58009147644043 12.0 10.0
      vertex 12.0 13.0 11.0
    endloop
  endfacet
  facet normal -0.6778573393821716 -0.6778573393821716 0.28463807702064514
    outer loop
      vertex 12.0 13.0 11.0
      vertex 12.58009147644043 12.0 10.0
      vertex 13.0 12.0 11.0
    endloop
  endfacet
  facet normal -0.7071067690849304 -0.7071067690849304 0.0
    outer loop
      vertex 12.0 13.0 11.0
      vertex 13.0 12.0 11.0
      vertex 12.0 13.0 12.0
    endloop
  endfacet
  facet normal -0.7071067690849304 -0.7071067690849304 0.0
    outer loop
      vertex 12.0 13.0 12.0
      vertex 13.0 12.0 11.0
      vertex 13.0 12.0 12.0
    endloop
  endfacet
  facet normal -0.7071067690849304 -0.7071067690849304 0.0
    outer loop
      vertex 12.0 13.0 12.0
      vertex 13.0 12.0 12.0
      vertex 12.0 13.0 13.0
    endloop
  endfacet
  facet normal -0.7071067690849304 -0.7071067690849304 0.0
    outer loop
      vertex 12.0 13.0 13.0
      vertex 13.0 12.0 12.0
      vertex 13.0 12.0 13.0
    endloop
  endfacet
  facet normal -0.7071067690849304 -0.7071067690849304 0.0
    outer loop
      vertex 12.0 13.0 13.0
      vertex 13.0 12.0 13.0
      vertex 12.0 13.0 14.0
    endloop
  endfacet
  facet normal -0.7071067690849304 -0.7071067690849304 0.0
    outer loop
      vertex 12.0 13.0 14.0
      vertex 13.0 12.0 13.0
      vertex 13.0 12.0 14.0
    endloop
  endfacet
  facet normal 0.0 0.0 0.0
    outer loop
      vertex 12.0 13.0 14.0
      vertex 12.0 13.0 14.0
      vertex 13.0 12.0 14.0
    endloop
  endfacet
  facet normal 0.0 0.0 0.0
    outer loop
      vertex 13.0 12.0 14.0
      vertex 12.0 13.0 14.0
      vertex 13.0 12.0 14.0
    endloop
  endfacet
  facet normal 0.0 0.0 1.0
    outer loop
      vertex 13.0 13.0 14.0
      vertex 12.0 13.0 14.0
      vertex 13.0 12.0 14.0
    endloop
  endfacet
  facet normal 0.0 0.0 0.0
    outer loop
      vertex 12.0 13.0 9.0
      vertex 12.0 13.0 9.0
      vertex 12.0 13.0 9.0
    endloop
  endfacet
  facet normal 0.0 0.0 0.0
    outer loop
      vertex 12.0 13.0 9.0
      vertex 12.0 13.434009552001953 10.0
      vertex 12.0 13.0 9.0
    endloop
  endfacet
  facet normal -0.5027895569801331 0.7929474711418152 -0.3441467881202698
    outer loop
      vertex 12.0 13.434009552001953 10.0
      vertex 13.0 14.0 9.843122482299805
      vertex 12.0 13.0 9.0
    endloop
  endfacet
  facet normal 0.6957669258117676 -0.09556315094232559 -0.7118820548057556
    outer loop
      vertex 13.0 14.0 9.843122482299805
      vertex 13.0 13.0 9.977362632751465
      vertex 12.0 13.0 9.0
    endloop
  endfacet
  facet normal -0.4877510368824005 0.7283926010131836 -0.4811892509460449
    outer loop
      vertex 12.0 13.434009552001953 10.0
      vertex 12.845232963562012 14.0 10.0
      vertex 13.0 14.0 9.843122482299805
    endloop
  endfacet
  facet normal -0.47925496101379395 0.7157048583030701 0.5080170631408691
    outer loop
      vertex 12.845232963562012 14.0 10.0
      vertex 12.0 13.434009552001953 10.0
      vertex 13.0 14.0 10.146004676818848
    endloop
  endfacet
  facet normal -0.4316954016685486 0.585780918598175 0.6859298944473267
    outer loop
      vertex 12.0 13.434009552001953 10.0
      vertex 13.0 13.0 11.0
      vertex 13.0 14.0 10.146004676818848
    endloop
  endfacet
  facet normal 0.0 0.9173291325569153 0.3981296122074127
    outer loop
      vertex 12.0 13.434009552001953 10.0
      vertex 12.0 13.0 11.0
      vertex 13.0 13.0 11.0
    endloop
  endfacet
  facet normal 0.0 0.7071067690849304 -0.7071067690849304
    outer loop
      vertex 12.0 13.0 11.0
      vertex 12.0 14.0 12.0
      vertex 13.0 13.0 11.0
    endloop
  endfacet
  facet normal 0.0 0.7071067690849304 -0.7071067690849304
    outer loop
      vertex 13.0 13.0 11.0
      vertex 12.0 14.0 12.0
      vertex 13.0 14.0 12.0
    endloop
  endfacet
  facet normal 0.0 0.0 1.0
    outer loop
      vertex 13.0 13.0 14.0
      vertex 12.0 14.0 14.0
      vertex 12.0 13.0 14.0
    endloop
  endfacet
  facet normal 0.0 0.0 1.0
    outer loop
      vertex 13.0 14.0 14.0
      vertex 12.0 14.0 14.0
      vertex 13.0 13.0 14.0
    endloop
  endfacet
  facet normal -0.6156636476516724 0.5020424127578735 -0.6073810458183289
    outer loop
      vertex 13.0 14.189793586730957 10.0
      vertex 13.0 14.0 9.843122482299805
      vertex 12.845232963562012 14.0 10.0
    endloop
  endfacet
  facet normal -0.5988358855247498 0.4883202910423279 0.6347746253013611
    outer loop
      vertex 13.0 14.189793586730957 10.0
      vertex 12.845232963562012 14.0 10.0
      vertex 13.0 14.0 10.146004676818848
    endloop
  endfacet
  facet normal 0.0 0.0 0.0
    outer loop
      vertex 13.0 14.0 12.0
      vertex 13.0 14.0 12.0
      vertex 12.0 14.0 12.0
    endloop
  endfacet
  facet normal 0.0 0.0 0.0
    outer loop
      vertex 13.0 14.0 12.0
      vertex 12.0 14.0 12.0
      vertex 12.0 14.0 12.0
    endloop
  endfacet
  facet normal 0.0 1.0 0.0
    outer loop
      vertex 13.0 14.0 13.0
      vertex 12.0 14.0 12.0
      vertex 12.0 14.0 13.0
    endloop
  endfacet
  facet normal 0.0 1.0 0.0
    outer loop
      vertex 13.0 14.0 13.0
      vertex 13.0 14.0 12.0
      vertex 12.0 14.0 12.0
    endloop
  endfacet
  facet normal 0.0 0.7071067690849304 -0.7071067690849304
    outer loop
      vertex 12.0 14.0 13.0
      vertex 12.0 15.0 14.0
      vertex 13.0 14.0 13.0
    endloop
  endfacet
  facet normal 0.0 0.7071067690849304 -0.7071067690849304
    outer loop
      vertex 13.0 14.0 13.0
      vertex 12.0 15.0 14.0
      vertex 13.0 15.0 14.0
    endloop
  endfacet
  facet normal 0.0 0.0 1.0
    outer loop
      vertex 13.0 14.0 14.0
      vertex 12.0 15.0 14.0
      vertex 12.0 14.0 14.0
    endloop
  endfacet
  facet normal 0.0 0.0 1.0
    outer loop
      vertex 13.0 15.0 14.0
      vertex 12.0 15.0 14.0
      vertex 13.0 14.0 14.0
    endloop
  endfacet
  facet normal 0.0 0.0 0.0
    outer loop
      vertex 13.0 15.0 14.0
      vertex 13.0 15.0 14.0
      vertex 12.0 15.0 14.0
    endloop
  endfacet
  facet normal 0.0 0.0 0.0
    outer loop
      vertex 13.0 15.0 14.0
      vertex 12.0 15.0 14.0
      vertex 12.0 15.0 14.0
    endloop
  endfacet
  facet normal 0.0 0.0 0.0
    outer loop
      vertex 12.0 15.0 14.0
      vertex 12.0 15.0 14.0
      vertex 13.0 15.0 14.0
    endloop
  endfacet
  facet normal 0.0 0.0 0.0
    outer loop
      vertex 12.0 15.0 14.0
      vertex 13.0 15.0 14.0
      vertex 13.0 15.0 14.0
    endloop
  endfacet
  facet normal -0.7891494631767273 -0.45697855949401855 -0.41038253903388977
    outer loop
      vertex 14.0 7.0 9.91032886505127
      vertex 14.0 6.9194722175598145 10.0
      vertex 13.953368186950684 7.0 10.0
    endloop
  endfacet
  facet normal -0.6456077694892883 -0.3738568127155304 0.6658991575241089
    outer loop
      vertex 14.0 7.0 10.045210838317871
      vertex 13.953368186950684 7.0 10.0
      vertex 14.0 6.9194722175598145 10.0
    endloop
  endfacet
  facet normal -0.8404409885406494 0.3203767240047455 -0.437055766582489
    outer loop
      vertex 14.0 7.122328758239746 10.0
      vertex 14.0 7.0 9.91032886505127
      vertex 13.953368186950684 7.0 10.0
    endloop
  endfacet
  facet normal -0.6728004217147827 0.25647202134132385 0.6939465403556824
    outer loop
      vertex 14.0 7.122328758239746 10.0
      vertex 13.953368186950684 7.0 10.0
      vertex 14.0 7.0 10.045210838317871
    endloop
  endfacet
  facet normal 0.0 0.0 0.0
    outer loop
      vertex 14.0 8.0 14.0
      vertex 14.0 8.0 14.0
      vertex 13.0 8.0 14.0
    endloop
  endfacet
  facet normal 0.0 0.0 0.0
    outer loop
      vertex 14.0 8.0 14.0
      vertex 13.0 8.0 14.0
      vertex 13.0 8.0 14.0
    endloop
  endfacet
  facet normal 0.0 0.0 0.0
    outer loop
      vertex 13.0 8.0 14.0
      vertex 13.0 8.0 14.0
      vertex 14.0 8.0 14.0
    endloop
  endfacet
  facet normal 0.0 0.0 0.0
    outer loop
      vertex 13.0 8.0 14.0
      vertex 14.0 8.0 14.0
      vertex 14.0 8.0 14.0
    endloop
  endfacet
  facet normal 0.8082813620567322 -0.37512364983558655 -0.45383214950561523
    outer loop
      vertex 13.0 9.0 9.843122482299805
      vertex 13.088083267211914 9.0 10.0
      vertex 13.0 8.810206413269043 10.0
    endloop
  endfacet
  facet normal 0.7957212924957275 -0.36929452419281006 0.4800512492656708
    outer loop
      vertex 13.088083267211914 9.0 10.0
      vertex 13.0 9.0 10.146004676818848
      vertex 13.0 8.810206413269043 10.0
    endloop
  endfacet
  facet normal 0.0 0.0 0.0
    outer loop
      vertex 13.0 9.0 12.0
      vertex 13.0 9.0 12.0
      vertex 13.0 9.0 12.0
    endloop
  endfacet
  facet normal 0.0 0.0 0.0
    outer loop
      vertex 13.0 9.0 12.0
      vertex 13.0 9.0 12.0
      vertex 14.0 9.0 13.0
    endloop
  endfacet
  facet normal 0.0 0.0 0.0
    outer loop
      vertex 14.0 9.0 13.0
      vertex 13.0 9.0 12.0
      vertex 14.0 9.0 13.0
    endloop
  endfacet
  facet normal 0.0 -1.0 0.0
    outer loop
      vertex 13.0 9.0 13.0
      vertex 13.0 9.0 12.0
      vertex 14.0 9.0 13.0
    endloop
  endfacet
  facet normal 0.0 -0.7071067690849304 -0.7071067690849304
    outer loop
      vertex 13.0 8.0 14.0
      vertex 13.0 9.0 13.0
      vertex 14.0 8.0 14.0
    endloop
  endfacet
  facet normal 0.0 -0.7071067690849304 -0.7071067690849304
    outer loop
      vertex 14.0 8.0 14.0
      vertex 13.0 9.0 13.0
      vertex 14.0 9.0 13.0
    endloop
  endfacet
  facet normal 0.0 0.0 1.0
    outer loop
      vertex 14.0 8.0 14.0
      vertex 13.0 9.0 14.0
      vertex 13.0 8.0 14.0
    endloop
  endfacet
  facet normal 0.0 0.0 1.0
    outer loop
      vertex 14.0 9.0 14.0
      vertex 13.0 9.0 14.0
      vertex 14.0 8.0 14.0
    endloop
  endfacet
  facet normal 0.8389744162559509 0.06166034936904907 -0.5406661033630371
    outer loop
      vertex 13.0 10.0 9.977362632751465
      vertex 13.014588356018066 10.0 10.0
      vertex 13.088083267211914 9.0 10.0
    endloop
  endfacet
  facet normal 0.870078980922699 0.06558036059141159 -0.48853015899658203
    outer loop
      vertex 13.0 10.0 9.977362632751465
      vertex 13.088083267211914 9.0 10.0
      vertex 13.0 9.0 9.843122482299805
    endloop
  endfacet
  facet normal 0.0 0.0 0.0
    outer loop
      vertex 13.0 10.0 11.0
      vertex 13.0 10.0 11.0
      vertex 13.0 9.0 10.146004676818848
    endloop
  endfacet
  facet normal 0.7834050059318542 -0.40361613035202026 0.47262099385261536
    outer loop
      vertex 13.088083267211914 9.0 10.0
      vertex 13.0 10.0 11.0
      vertex 13.0 9.0 10.146004676818848
    endloop
  endfacet
  facet normal 0.997204601764679 0.07328946888446808 0.014547576196491718
    outer loop
      vertex 13.014588356018066 10.0 10.0
      vertex 13.0 10.0 11.0
      vertex 13.088083267211914 9.0 10.0
    endloop
  endfacet
  facet normal 0.0 0.0 0.0
    outer loop
      vertex 13.0 10.0 11.0
      vertex 14.0 10.0 12.0
      vertex 13.0 10.0 11.0
    endloop
  endfacet
  facet normal 0.5773502588272095 -0.5773502588272095 -0.5773502588272095
    outer loop
      vertex 13.0 10.0 11.0
      vertex 14.0 10.0 12.0
      vertex 13.0 9.0 12.0
    endloop
  endfacet
  facet normal 0.0 0.0 0.0
    outer loop
      vertex 14.0 10.0 12.0
      vertex 14.0 10.0 12.0
      vertex 13.0 9.0 12.0
    endloop
  endfacet
  facet normal 0.0 0.0 0.0
    outer loop
      vertex 14.0 10.0 12.0
      vertex 13.0 9.0 12.0
      vertex 13.0 9.0 12.0
    endloop
  endfacet
  facet normal 0.5773502588272095 -0.5773502588272095 -0.5773502588272095
    outer loop
      vertex 13.0 9.0 12.0
      vertex 14.0 10.0 12.0
      vertex 14.0 9.0 13.0
    endloop
  endfacet
  facet normal 0.0 0.0 1.0
    outer loop
      vertex 14.0 9.0 14.0
      vertex 13.0 10.0 14.0
      vertex 13.0 9.0 14.0
    endloop
  endfacet
  facet normal 0.0 0.0 1.0
    outer loop
      vertex 14.0 10.0 14.0
      vertex 13.0 10.0 14.0
      vertex 14.0 9.0 14.0
    endloop
  endfacet
  facet normal 0.0 0.0 0.0
    outer loop
      vertex 13.0 11.0 9.0
      vertex 13.0 11.0 9.0
      vertex 13.0 11.0 9.0
    endloop
  endfacet
  facet normal 0.7428821325302124 -0.4679032564163208 -0.47874072194099426
    outer loop
      vertex 13.014588356018066 10.0 10.0
      vertex 13.0 10.0 9.977362632751465
      vertex 13.0 11.0 9.0
    endloop
  endfacet
  facet normal 0.0 0.0 0.0
    outer loop
      vertex 13.0 11.0 9.0
      vertex 13.014588356018066 10.0 10.0
      vertex 13.0 11.0 9.0
    endloop
  endfacet
  facet normal 0.8420342803001404 -0.3752390146255493 -0.3875229060649872
    outer loop
      vertex 13.460222244262695 11.0 10.0
      vertex 13.014588356018066 10.0 10.0
      vertex 13.0 11.0 9.0
    endloop
  endfacet
  facet normal 0.0 0.0 0.0
    outer loop
      vertex 14.0 11.0 11.0
      vertex 13.0 10.0 11.0
      vertex 14.0 11.0 11.0
    endloop
  endfacet
  facet normal 0.6606224775314331 -0.6606224775314331 -0.35658931732177734
    outer loop
      vertex 13.0 10.0 11.0
      vertex 13.460222244262695 11.0 10.0
      vertex 14.0 11.0 11.0
    endloop
  endfacet
  facet normal 0.9133267998695374 -0.4070093631744385 0.013323936611413956
    outer loop
      vertex 13.0 10.0 11.0
      vertex 13.014588356018066 10.0 10.0
      vertex 13.460222244262695 11.0 10.0
    endloop
  endfacet
  facet normal 0.5773502588272095 -0.5773502588272095 -0.5773502588272095
    outer loop
      vertex 13.0 10.0 11.0
      vertex 14.0 11.0 11.0
      vertex 14.0 10.0 12.0
    endloop
  endfacet
  facet normal 0.0 0.0 1.0
    outer loop
      vertex 14.0 10.0 14.0
      vertex 13.0 11.0 14.0
      vertex 13.0 10.0 14.0
    endloop
  endfacet
  facet normal 0.0 0.0 1.0
    outer loop
      vertex 14.0 11.0 14.0
      vertex 13.0 11.0 14.0
      vertex 14.0 10.0 14.0
    endloop
  endfacet
  facet normal 0.0 0.0 0.0
    outer loop
      vertex 13.0 12.0 9.0
      vertex 13.0 12.0 9.0
      vertex 13.0 11.0 9.0
    endloop
  endfacet
  facet normal 0.0 0.0 0.0
    outer loop
      vertex 13.0 12.0 9.0
      vertex 13.0 11.0 9.0
      vertex 13.0 11.0 9.0
    endloop
  endfacet
  facet normal 0.9084137678146362 0.0 -0.4180722236633301
    outer loop
      vertex 13.0 11.0 9.0
      vertex 13.460222244262695 12.0 10.0
      vertex 13.460222244262695 11.0 10.0
    endloop
  endfacet
  facet normal 0.9084137678146362 0.0 -0.4180722236633301
    outer loop
      vertex 13.0 11.0 9.0
      vertex 13.0 12.0 9.0
      vertex 13.460222244262695 12.0 10.0
    endloop
  endfacet
  facet normal 0.8799871802330017 0.0 -0.47499749064445496
    outer loop
      vertex 14.0 11.0 11.0
      vertex 13.460222244262695 11.0 10.0
      vertex 14.0 12.0 11.0
    endloop
  endfacet
  facet normal 0.8799871802330017 0.0 -0.47499749064445496
    outer loop
      vertex 14.0 12.0 11.0
      vertex 13.460222244262695 11.0 10.0
      vertex 13.460222244262695 12.0 10.0
    endloop
  endfacet
  facet normal 0.0 0.0 1.0
    outer loop
      vertex 14.0 11.0 14.0
      vertex 13.0 12.0 14.0
      vertex 13.0 11.0 14.0
    endloop
  endfacet
  facet normal 0.0 0.0 1.0
    outer loop
      vertex 14.0 12.0 14.0
      vertex 13.0 12.0 14.0
      vertex 14.0 11.0 14.0
    endloop
  endfacet
  facet normal 0.0 0.0 0.0
    outer loop
      vertex 13.0 12.0 9.0
      vertex 13.0 12.0 9.0
      vertex 13.0 12.0 9.0
    endloop
  endfacet
  facet normal 0.0 0.0 0.0
    outer loop
      vertex 13.0 12.0 9.0
      vertex 13.0 12.0 9.0
      vertex 13.0 13.0 9.977362632751465
    endloop
  endfacet
  facet normal 0.7428821325302124 0.4679032564163208 -0.47874072194099426
    outer loop
      vertex 13.014588356018066 13.0 10.0
      vertex 13.0 12.0 9.0
      vertex 13.0 13.0 9.977362632751465
    endloop
  endfacet
  facet normal 0.8420342803001404 0.3752390146255493 -0.3875229060649872
    outer loop
      vertex 13.460222244262695 12.0 10.0
      vertex 13.0 12.0 9.0
      vertex 13.014588356018066 13.0 10.0
    endloop
  endfacet
  facet normal 0.0 0.0 0.0
    outer loop
      vertex 14.0 12.0 11.0
      vertex 13.460222244262695 12.0 10.0
      vertex 14.0 12.0 11.0
    endloop
  endfacet
  facet normal 0.6606224775314331 0.6606224775314331 -0.35658931732177734
    outer loop
      vertex 13.460222244262695 12.0 10.0
      vertex 13.0 13.0 11.0
      vertex 14.0 12.0 11.0
    endloop
  endfacet
  facet normal 0.9133267998695374 0.4070093631744385 0.013323936611413956
    outer loop
      vertex 13.460222244262695 12.0 10.0
      vertex 13.014588356018066 13.0 10.0
      vertex 13.0 13.0 11.0
    endloop
  endfacet
  facet normal 0.5773502588272095 0.5773502588272095 -0.5773502588272095
    outer loop
      vertex 13.0 13.0 11.0
      vertex 14.0 13.0 12.0
      vertex 14.0 12.0 11.0
    endloop
  endfacet
  facet normal 0.0 0.0 1.0
    outer loop
      vertex 14.0 12.0 14.0
      vertex 13.0 13.0 14.0
      vertex 13.0 12.0 14.0
    endloop
  endfacet
  facet normal 0.0 0.0 1.0
    outer loop
      vertex 14.0 13.0 14.0
      vertex 13.0 13.0 14.0
      vertex 14.0 12.0 14.0
    endloop
  endfacet
  facet normal 0.870171070098877 -0.06395314633846283 -0.48858189582824707
    outer loop
      vertex 13.0 14.0 9.843122482299805
      vertex 13.088083267211914 14.0 10.0
      vertex 13.014588356018066 13.0 10.0
    endloop
  endfacet
  facet normal 0.8383602499961853 -0.07252597063779831 -0.5402703285217285
    outer loop
      vertex 13.0 14.0 9.843122482299805
      vertex 13.014588356018066 13.0 10.0
      vertex 13.0 13.0 9.977362632751465
    endloop
  endfacet
  facet normal 0.7834050059318542 0.40361613035202026 0.47262099385261536
    outer loop
      vertex 13.088083267211914 14.0 10.0
      vertex 13.0 14.0 10.146004676818848
      vertex 13.0 13.0 11.0
    endloop
  endfacet
  facet normal 0.0 0.0 0.0
    outer loop
      vertex 13.0 13.0 11.0
      vertex 13.088083267211914 14.0 10.0
      vertex 13.0 13.0 11.0
    endloop
  endfacet
  facet normal 0.997204601764679 -0.07328946888446808 0.014547576196491718
    outer loop
      vertex 13.014588356018066 13.0 10.0
      vertex 13.088083267211914 14.0 10.0
      vertex 13.0 13.0 11.0
    endloop
  endfacet
  facet normal 0.0 0.0 0.0
    outer loop
      vertex 13.0 14.0 12.0
      vertex 14.0 13.0 12.0
      vertex 13.0 14.0 12.0
    endloop
  endfacet
  facet normal 0.5773502588272095 0.5773502588272095 -0.5773502588272095
    outer loop
      vertex 13.0 14.0 12.0
      vertex 14.0 13.0 12.0
      vertex 13.0 13.0 11.0
    endloop
  endfacet
  facet normal 0.0 0.0 0.0
    outer loop
      vertex 14.0 13.0 12.0
      vertex 14.0 13.0 12.0
      vertex 13.0 13.0 11.0
    endloop
  endfacet
  facet normal 0.0 0.0 0.0
    outer loop
      vertex 14.0 13.0 12.0
      vertex 13.0 13.0 11.0
      vertex 13.0 13.0 11.0
    endloop
  endfacet
  facet normal 0.5773502588272095 0.5773502588272095 -0.5773502588272095
    outer loop
      vertex 13.0 14.0 12.0
      vertex 14.0 14.0 13.0
      vertex 14.0 13.0 12.0
    endloop
  endfacet
  facet normal 0.0 0.0 1.0
    outer loop
      vertex 14.0 13.0 14.0
      vertex 13.0 14.0 14.0
      vertex 13.0 13.0 14.0
    endloop
  endfacet
  facet normal 0.0 0.0 1.0
    outer loop
      vertex 14.0 14.0 14.0
      vertex 13.0 14.0 14.0
      vertex 14.0 13.0 14.0
    endloop
  endfacet
  facet normal 0.8082813620567322 0.37512364983558655 -0.45383214950561523
    outer loop
      vertex 13.0 14.189793586730957 10.0
      vertex 13.088083267211914 14.0 10.0
      vertex 13.0 14.0 9.843122482299805
    endloop
  endfacet
  facet normal 0.7957212924957275 0.36929452419281006 0.4800512492656708
    outer loop
      vertex 13.088083267211914 14.0 10.0
      vertex 13.0 14.189793586730957 10.0
      vertex 13.0 14.0 10.146004676818848
    endloop
  endfacet
  facet normal 0.0 0.0 0.0
    outer loop
      vertex 13.0 14.0 12.0
      vertex 13.0 14.0 12.0
      vertex 13.0 14.0 12.0
    endloop
  endfacet
  facet normal 0.0 0.0 0.0
    outer loop
      vertex 14.0 14.0 13.0
      vertex 14.0 14.0 13.0
      vertex 13.0 14.0 12.0
    endloop
  endfacet
  facet normal 0.0 0.0 0.0
    outer loop
      vertex 13.0 14.0 12.0
      vertex 14.0 14.0 13.0
      vertex 13.0 14.0 12.0
    endloop
  endfacet
  facet normal -0.0 1.0 0.0
    outer loop
      vertex 13.0 14.0 13.0
      vertex 14.0 14.0 13.0
      vertex 13.0 14.0 12.0
    endloop
  endfacet
  facet normal 0.0 0.7071067690849304 -0.7071067690849304
    outer loop
      vertex 13.0 14.0 13.0
      vertex 13.0 15.0 14.0
      vertex 14.0 14.0 13.0
    endloop
  endfacet
  facet normal 0.0 0.7071067690849304 -0.7071067690849304
    outer loop
      vertex 14.0 14.0 13.0
      vertex 13.0 15.0 14.0
      vertex 14.0 15.0 14.0
    endloop
  endfacet
  facet normal 0.0 0.0 1.0
    outer loop
      vertex 14.0 14.0 14.0
      vertex 13.0 15.0 14.0
      vertex 13.0 14.0 14.0
    endloop
  endfacet
  facet normal 0.0 0.0 1.0
    outer loop
      vertex 14.0 15.0 14.0
      vertex 13.0 15.0 14.0
      vertex 14.0 14.0 14.0
    endloop
  endfacet
  facet normal -0.8404409885406494 -0.3203767240047455 -0.437055766582489
    outer loop
      vertex 14.0 16.0 9.91032886505127
      vertex 14.0 15.877671241760254 10.0
      vertex 13.953368186950684 16.0 10.0
    endloop
  endfacet
  facet normal -0.6728004217147827 -0.25647202134132385 0.6939465403556824
    outer loop
      vertex 14.0 16.0 10.045210838317871
      vertex 13.953368186950684 16.0 10.0
      vertex 14.0 15.877671241760254 10.0
    endloop
  endfacet
  facet normal 0.0 0.0 0.0
    outer loop
      vertex 14.0 15.0 14.0
      vertex 14.0 15.0 14.0
      vertex 13.0 15.0 14.0
    endloop
  endfacet
  facet normal 0.0 0.0 0.0
    outer loop
      vertex 14.0 15.0 14.0
      vertex 13.0 15.0 14.0
      vertex 13.0 15.0 14.0
    endloop
  endfacet
  facet normal 0.0 0.0 0.0
    outer loop
      vertex 13.0 15.0 14.0
      vertex 13.0 15.0 14.0
      vertex 14.0 15.0 14.0
    endloop
  endfacet
  facet normal 0.0 0.0 0.0
    outer loop
      vertex 13.0 15.0 14.0
      vertex 14.0 15.0 14.0
      vertex 14.0 15.0 14.0
    endloop
  endfacet
  facet normal -0.7891504168510437 0.45697641372680664 -0.41038307547569275
    outer loop
      vertex 14.0 16.080528259277344 10.0
      vertex 14.0 16.0 9.91032886505127
      vertex 13.953368186950684 16.0 10.0
    endloop
  endfacet
  facet normal -0.6456083059310913 0.3738549053668976 0.6658997535705566
    outer loop
      vertex 14.0 16.080528259277344 10.0
      vertex 13.953368186950684 16.0 10.0
      vertex 14.0 16.0 10.045210838317871
    endloop
  endfacet
  facet normal 0.7184314727783203 -0.5175391435623169 -0.46476808190345764
    outer loop
      vertex 14.0 7.0 9.91032886505127
      vertex 14.05801010131836 7.0 10.0
      vertex 14.0 6.9194722175598145 10.0
    endloop
  endfacet
  facet normal 0.562073826789856 -0.40490326285362244 0.7211978435516357
    outer loop
      vertex 14.05801010131836 7.0 10.0
      vertex 14.0 7.0 10.045210838317871
      vertex 14.0 6.9194722175598145 10.0
    endloop
  endfacet
  facet normal 0.7800639867782593 0.3699178397655487 -0.5046394467353821
    outer loop
      vertex 14.0 7.122328758239746 10.0
      vertex 14.05801010131836 7.0 10.0
      vertex 14.0 7.0 9.91032886505127
    endloop
  endfacet
  facet normal 0.5901549458503723 0.2798601984977722 0.7572287917137146
    outer loop
      vertex 14.05801010131836 7.0 10.0
      vertex 14.0 7.122328758239746 10.0
      vertex 14.0 7.0 10.045210838317871
    endloop
  endfacet
  facet normal 0.0 0.0 0.0
    outer loop
      vertex 14.0 8.0 14.0
      vertex 14.0 8.0 14.0
      vertex 14.0 8.0 14.0
    endloop
  endfacet
  facet normal 0.0 0.0 0.0
    outer loop
      vertex 14.0 8.0 14.0
      vertex 14.0 8.0 14.0
      vertex 14.0 8.0 14.0
    endloop
  endfacet
  facet normal 0.0 0.0 0.0
    outer loop
      vertex 14.0 9.0 13.0
      vertex 14.0 9.0 13.0
      vertex 14.0 9.0 13.0
    endloop
  endfacet
  facet normal 0.0 0.0 0.0
    outer loop
      vertex 14.0 9.0 13.0
      vertex 15.0 9.0 14.0
      vertex 14.0 9.0 13.0
    endloop
  endfacet
  facet normal 0.5773502588272095 -0.5773502588272095 -0.5773502588272095
    outer loop
      vertex 14.0 9.0 13.0
      vertex 15.0 9.0 14.0
      vertex 14.0 8.0 14.0
    endloop
  endfacet
  facet normal 0.0 0.0 0.0
    outer loop
      vertex 15.0 9.0 14.0
      vertex 15.0 9.0 14.0
      vertex 14.0 8.0 14.0
    endloop
  endfacet
  facet normal 0.0 0.0 0.0
    outer loop
      vertex 15.0 9.0 14.0
      vertex 14.0 8.0 14.0
      vertex 14.0 8.0 14.0
    endloop
  endfacet
  facet normal 0.0 0.0 0.0
    outer loop
      vertex 14.0 8.0 14.0
      vertex 14.0 8.0 14.0
      vertex 15.0 9.0 14.0
    endloop
  endfacet
  facet normal 0.0 0.0 0.0
    outer loop
      vertex 15.0 9.0 14.0
      vertex 14.0 8.0 14.0
      vertex 15.0 9.0 14.0
    endloop
  endfacet
  facet normal -0.0 0.0 1.0
    outer loop
      vertex 14.0 9.0 14.0
      vertex 14.0 8.0 14.0
      vertex 15.0 9.0 14.0
    endloop
  endfacet
  facet normal 0.0 0.0 0.0
    outer loop
      vertex 14.0 10.0 12.0
      vertex 14.0 10.0 12.0
      vertex 14.0 10.0 12.0
    endloop
  endfacet
  facet normal 0.0 0.0 0.0
    outer loop
      vertex 14.0 10.0 12.0
      vertex 15.0 10.0 13.0
      vertex 14.0 10.0 12.0
    endloop
  endfacet
  facet normal 0.5773502588272095 -0.5773502588272095 -0.5773502588272095
    outer loop
      vertex 14.0 10.0 12.0
      vertex 15.0 10.0 13.0
      vertex 14.0 9.0 13.0
    endloop
  endfacet
  facet normal 0.0 0.0 0.0
    outer loop
      vertex 15.0 10.0 13.0
      vertex 15.0 10.0 13.0
      vertex 14.0 9.0 13.0
    endloop
  endfacet
  facet normal 0.0 0.0 0.0
    outer loop
      vertex 15.0 10.0 13.0
      vertex 14.0 9.0 13.0
      vertex 14.0 9.0 13.0
    endloop
  endfacet
  facet normal 0.5773502588272095 -0.5773502588272095 -0.5773502588272095
    outer loop
      vertex 14.0 9.0 13.0
      vertex 15.0 10.0 13.0
      vertex 15.0 9.0 14.0
    endloop
  endfacet
  facet normal 0.0 0.0 1.0
    outer loop
      vertex 15.0 9.0 14.0
      vertex 14.0 10.0 14.0
      vertex 14.0 9.0 14.0
    endloop
  endfacet
  facet normal 0.0 0.0 1.0
    outer loop
      vertex 15.0 10.0 14.0
      vertex 14.0 10.0 14.0
      vertex 15.0 9.0 14.0
    endloop
  endfacet
  facet normal 0.0 0.0 0.0
    outer loop
      vertex 14.0 11.0 11.0
      vertex 14.0 11.0 11.0
      vertex 14.0 11.0 11.0
    endloop
  endfacet
  facet normal 0.0 0.0 0.0
    outer loop
      vertex 14.0 11.0 11.0
      vertex 15.0 11.0 12.0
      vertex 14.0 11.0 11.0
    endloop
  endfacet
  facet normal 0.5773502588272095 -0.5773502588272095 -0.5773502588272095
    outer loop
      vertex 14.0 11.0 11.0
      vertex 15.0 11.0 12.0
      vertex 14.0 10.0 12.0
    endloop
  endfacet
  facet normal 0.0 0.0 0.0
    outer loop
      vertex 15.0 11.0 12.0
      vertex 15.0 11.0 12.0
      vertex 14.0 10.0 12.0
    endloop
  endfacet
  facet normal 0.0 0.0 0.0
    outer loop
      vertex 15.0 11.0 12.0
      vertex 14.0 10.0 12.0
      vertex 14.0 10.0 12.0
    endloop
  endfacet
  facet normal 0.5773502588272095 -0.5773502588272095 -0.5773502588272095
    outer loop
      vertex 14.0 10.0 12.0
      vertex 15.0 11.0 12.0
      vertex 15.0 10.0 13.0
    endloop
  endfacet
  facet normal 0.0 0.0 1.0
    outer loop
      vertex 15.0 10.0 14.0
      vertex 14.0 11.0 14.0
      vertex 14.0 10.0 14.0
    endloop
  endfacet
  facet normal 0.0 0.0 1.0
    outer loop
      vertex 15.0 11.0 14.0
      vertex 14.0 11.0 14.0
      vertex 15.0 10.0 14.0
    endloop
  endfacet
  facet normal 0.0 0.0 0.0
    outer loop
      vertex 14.0 12.0 11.0
      vertex 14.0 12.0 11.0
      vertex 14.0 11.0 11.0
    endloop
  endfacet
  facet normal 0.0 0.0 0.0
    outer loop
      vertex 14.0 12.0 11.0
      vertex 14.0 11.0 11.0
      vertex 14.0 11.0 11.0
    endloop
  endfacet
  facet normal 0.7071067690849304 0.0 -0.7071067690849304
    outer loop
      vertex 15.0 11.0 12.0
      vertex 14.0 11.0 11.0
      vertex 15.0 12.0 12.0
    endloop
  endfacet
  facet normal 0.7071067690849304 0.0 -0.7071067690849304
    outer loop
      vertex 15.0 12.0 12.0
      vertex 14.0 11.0 11.0
      vertex 14.0 12.0 11.0
    endloop
  endfacet
  facet normal 0.0 0.0 1.0
    outer loop
      vertex 15.0 11.0 14.0
      vertex 14.0 12.0 14.0
      vertex 14.0 11.0 14.0
    endloop
  endfacet
  facet normal 0.0 0.0 1.0
    outer loop
      vertex 15.0 12.0 14.0
      vertex 14.0 12.0 14.0
      vertex 15.0 11.0 14.0
    endloop
  endfacet
  facet normal 0.0 0.0 0.0
    outer loop
      vertex 14.0 12.0 11.0
      vertex 14.0 12.0 11.0
      vertex 14.0 12.0 11.0
    endloop
  endfacet
  facet normal 0.0 0.0 0.0
    outer loop
      vertex 14.0 13.0 12.0
      vertex 15.0 12.0 12.0
      vertex 14.0 13.0 12.0
    endloop
  endfacet
  facet normal 0.5773502588272095 0.5773502588272095 -0.5773502588272095
    outer loop
      vertex 14.0 13.0 12.0
      vertex 15.0 12.0 12.0
      vertex 14.0 12.0 11.0
    endloop
  endfacet
  facet normal 0.0 0.0 0.0
    outer loop
      vertex 15.0 12.0 12.0
      vertex 15.0 12.0 12.0
      vertex 14.0 12.0 11.0
    endloop
  endfacet
  facet normal 0.0 0.0 0.0
    outer loop
      vertex 15.0 12.0 12.0
      vertex 14.0 12.0 11.0
      vertex 14.0 12.0 11.0
    endloop
  endfacet
  facet normal 0.5773502588272095 0.5773502588272095 -0.5773502588272095
    outer loop
      vertex 14.0 13.0 12.0
      vertex 15.0 13.0 13.0
      vertex 15.0 12.0 12.0
    endloop
  endfacet
  facet normal 0.0 0.0 1.0
    outer loop
      vertex 15.0 12.0 14.0
      vertex 14.0 13.0 14.0
      vertex 14.0 12.0 14.0
    endloop
  endfacet
  facet normal 0.0 0.0 1.0
    outer loop
      vertex 15.0 13.0 14.0
      vertex 14.0 13.0 14.0
      vertex 15.0 12.0 14.0
    endloop
  endfacet
  facet normal 0.0 0.0 0.0
    outer loop
      vertex 14.0 13.0 12.0
      vertex 14.0 13.0 12.0
      vertex 14.0 13.0 12.0
    endloop
  endfacet
  facet normal 0.0 0.0 0.0
    outer loop
      vertex 14.0 14.0 13.0
      vertex 15.0 13.0 13.0
      vertex 14.0 14.0 13.0
    endloop
  endfacet
  facet normal 0.5773502588272095 0.5773502588272095 -0.5773502588272095
    outer loop
      vertex 14.0 14.0 13.0
      vertex 15.0 13.0 13.0
      vertex 14.0 13.0 12.0
    endloop
  endfacet
  facet normal 0.0 0.0 0.0
    outer loop
      vertex 15.0 13.0 13.0
      vertex 15.0 13.0 13.0
      vertex 14.0 13.0 12.0
    endloop
  endfacet
  facet normal 0.0 0.0 0.0
    outer loop
      vertex 15.0 13.0 13.0
      vertex 14.0 13.0 12.0
      vertex 14.0 13.0 12.0
    endloop
  endfacet
  facet normal 0.5773502588272095 0.5773502588272095 -0.5773502588272095
    outer loop
      vertex 14.0 14.0 13.0
      vertex 15.0 14.0 14.0
      vertex 15.0 13.0 13.0
    endloop
  endfacet
  facet normal 0.0 0.0 1.0
    outer loop
      vertex 15.0 13.0 14.0
      vertex 14.0 14.0 14.0
      vertex 14.0 13.0 14.0
    endloop
  endfacet
  facet normal 0.0 0.0 1.0
    outer loop
      vertex 15.0 14.0 14.0
      vertex 14.0 14.0 14.0
      vertex 15.0 13.0 14.0
    endloop
  endfacet
  facet normal 0.0 0.0 0.0
    outer loop
      vertex 14.0 14.0 13.0
      vertex 14.0 14.0 13.0
      vertex 14.0 14.0 13.0
    endloop
  endfacet
  facet normal 0.0 0.0 0.0
    outer loop
      vertex 14.0 15.0 14.0
      vertex 15.0 14.0 14.0
      vertex 14.0 15.0 14.0
    endloop
  endfacet
  facet normal 0.5773502588272095 0.5773502588272095 -0.5773502588272095
    outer loop
      vertex 14.0 15.0 14.0
      vertex 15.0 14.0 14.0
      vertex 14.0 14.0 13.0
    endloop
  endfacet
  facet normal 0.0 0.0 0.0
    outer loop
      vertex 15.0 14.0 14.0
      vertex 15.0 14.0 14.0
      vertex 14.0 14.0 13.0
    endloop
  endfacet
  facet normal 0.0 0.0 0.0
    outer loop
      vertex 15.0 14.0 14.0
      vertex 14.0 14.0 13.0
      vertex 14.0 14.0 13.0
    endloop
  endfacet
  facet normal 0.0 0.0 0.0
    outer loop
      vertex 15.0 14.0 14.0
      vertex 15.0 14.0 14.0
      vertex 14.0 15.0 14.0
    endloop
  endfacet
  facet normal 0.0 0.0 0.0
    outer loop
      vertex 14.0 15.0 14.0
      vertex 15.0 14.0 14.0
      vertex 14.0 15.0 14.0
    endloop
  endfacet
  facet normal 0.0 0.0 1.0
    outer loop
      vertex 14.0 14.0 14.0
      vertex 15.0 14.0 14.0
      vertex 14.0 15.0 14.0
    endloop
  endfacet
  facet normal 0.7800639867782593 -0.3699178397655487 -0.5046394467353821
    outer loop
      vertex 14.0 16.0 9.91032886505127
      vertex 14.05801010131836 16.0 10.0
      vertex 14.0 15.877671241760254 10.0
    endloop
  endfacet
  facet normal 0.5901549458503723 -0.2798601984977722 0.7572287917137146
    outer loop
      vertex 14.05801010131836 16.0 10.0
      vertex 14.0 16.0 10.045210838317871
      vertex 14.0 15.877671241760254 10.0
    endloop
  endfacet
  facet normal 0.0 0.0 0.0
    outer loop
      vertex 14.0 15.0 14.0
      vertex 14.0 15.0 14.0
      vertex 14.0 15.0 14.0
    endloop
  endfacet
  facet normal 0.0 0.0 0.0
    outer loop
      vertex 14.0 15.0 14.0
      vertex 14.0 15.0 14.0
      vertex 14.0 15.0 14.0
    endloop
  endfacet
  facet normal 0.718432605266571 0.5175369381904602 -0.46476882696151733
    outer loop
      vertex 14.0 16.080528259277344 10.0
      vertex 14.05801010131836 16.0 10.0
      vertex 14.0 16.0 9.91032886505127
    endloop
  endfacet
  facet normal 0.5620744228363037 0.40490126609802246 0.721198558807373
    outer loop
      vertex 14.05801010131836 16.0 10.0
      vertex 14.0 16.080528259277344 10.0
      vertex 14.0 16.0 10.045210838317871
    endloop
  endfacet
  facet normal 0.0 0.0 0.0
    outer loop
      vertex 16.0 9.0 14.0
      vertex 16.0 9.0 14.0
      vertex 15.0 9.0 14.0
    endloop
  endfacet
  facet normal 0.0 0.0 0.0
    outer loop
      vertex 16.0 9.0 14.0
      vertex 15.0 9.0 14.0
      vertex 15.0 9.0 14.0
    endloop
  endfacet
  facet normal 0.0 0.0 0.0
    outer loop
      vertex 15.0 9.0 14.0
      vertex 15.0 9.0 14.0
      vertex 16.0 9.0 14.0
    endloop
  endfacet
  facet normal 0.0 0.0 0.0
    outer loop
      vertex 15.0 9.0 14.0
      vertex 16.0 9.0 14.0
      vertex 16.0 9.0 14.0
    endloop
  endfacet
  facet normal 0.0 0.0 0.0
    outer loop
      vertex 15.0 10.0 13.0
      vertex 15.0 10.0 13.0
      vertex 15.0 10.0 13.0
    endloop
  endfacet
  facet normal 0.0 0.0 0.0
    outer loop
      vertex 15.0 10.0 13.0
      vertex 16.0 10.0 14.0
      vertex 15.0 10.0 13.0
    endloop
  endfacet
  facet normal 0.5773502588272095 -0.5773502588272095 -0.5773502588272095
    outer loop
      vertex 16.0 10.0 14.0
      vertex 15.0 9.0 14.0
      vertex 15.0 10.0 13.0
    endloop
  endfacet
  facet normal 0.0 -0.0 -1.0
    outer loop
      vertex 16.0 10.0 14.0
      vertex 16.0 9.0 14.0
      vertex 15.0 9.0 14.0
    endloop
  endfacet
  facet normal 0.0 0.0 1.0
    outer loop
      vertex 16.0 9.0 14.0
      vertex 15.0 10.0 14.0
      vertex 15.0 9.0 14.0
    endloop
  endfacet
  facet normal 0.0 0.0 1.0
    outer loop
      vertex 16.0 10.0 14.0
      vertex 15.0 10.0 14.0
      vertex 16.0 9.0 14.0
    endloop
  endfacet
  facet normal 0.0 0.0 0.0
    outer loop
      vertex 15.0 11.0 12.0
      vertex 15.0 11.0 12.0
      vertex 15.0 11.0 12.0
    endloop
  endfacet
  facet normal 0.0 0.0 0.0
    outer loop
      vertex 15.0 11.0 12.0
      vertex 16.0 11.0 13.0
      vertex 15.0 11.0 12.0
    endloop
  endfacet
  facet normal 0.5773502588272095 -0.5773502588272095 -0.5773502588272095
    outer loop
      vertex 15.0 11.0 12.0
      vertex 16.0 11.0 13.0
      vertex 15.0 10.0 13.0
    endloop
  endfacet
  facet normal 0.0 0.0 0.0
    outer loop
      vertex 16.0 11.0 13.0
      vertex 16.0 11.0 13.0
      vertex 15.0 10.0 13.0
    endloop
  endfacet
  facet normal 0.0 0.0 0.0
    outer loop
      vertex 16.0 11.0 13.0
      vertex 15.0 10.0 13.0
      vertex 15.0 10.0 13.0
    endloop
  endfacet
  facet normal 0.5773502588272095 -0.5773502588272095 -0.5773502588272095
    outer loop
      vertex 15.0 10.0 13.0
      vertex 16.0 11.0 13.0
      vertex 16.0 10.0 14.0
    endloop
  endfacet
  facet normal 0.0 0.0 1.0
    outer loop
      vertex 16.0 10.0 14.0
      vertex 15.0 11.0 14.0
      vertex 15.0 10.0 14.0
    endloop
  endfacet
  facet normal 0.0 0.0 1.0
    outer loop
      vertex 16.0 11.0 14.0
      vertex 15.0 11.0 14.0
      vertex 16.0 10.0 14.0
    endloop
  endfacet
  facet normal 0.0 0.0 0.0
    outer loop
      vertex 15.0 12.0 12.0
      vertex 15.0 12.0 12.0
      vertex 15.0 11.0 12.0
    endloop
  endfacet
  facet normal 0.0 0.0 0.0
    outer loop
      vertex 15.0 12.0 12.0
      vertex 15.0 11.0 12.0
      vertex 15.0 11.0 12.0
    endloop
  endfacet
  facet normal 0.7071067690849304 0.0 -0.7071067690849304
    outer loop
      vertex 16.0 11.0 13.0
      vertex 15.0 11.0 12.0
      vertex 16.0 12.0 13.0
    endloop
  endfacet
  facet normal 0.7071067690849304 0.0 -0.7071067690849304
    outer loop
      vertex 16.0 12.0 13.0
      vertex 15.0 11.0 12.0
      vertex 15.0 12.0 12.0
    endloop
  endfacet
  facet normal 0.0 0.0 1.0
    outer loop
      vertex 16.0 11.0 14.0
      vertex 15.0 12.0 14.0
      vertex 15.0 11.0 14.0
    endloop
  endfacet
  facet normal 0.0 0.0 1.0
    outer loop
      vertex 16.0 12.0 14.0
      vertex 15.0 12.0 14.0
      vertex 16.0 11.0 14.0
    endloop
  endfacet
  facet normal 0.0 0.0 0.0
    outer loop
      vertex 15.0 12.0 12.0
      vertex 15.0 12.0 12.0
      vertex 15.0 12.0 12.0
    endloop
  endfacet
  facet normal 0.0 0.0 0.0
    outer loop
      vertex 15.0 13.0 13.0
      vertex 16.0 12.0 13.0
      vertex 15.0 13.0 13.0
    endloop
  endfacet
  facet normal 0.5773502588272095 0.5773502588272095 -0.5773502588272095
    outer loop
      vertex 15.0 13.0 13.0
      vertex 16.0 12.0 13.0
      vertex 15.0 12.0 12.0
    endloop
  endfacet
  facet normal 0.0 0.0 0.0
    outer loop
      vertex 16.0 12.0 13.0
      vertex 16.0 12.0 13.0
      vertex 15.0 12.0 12.0
    endloop
  endfacet
  facet normal 0.0 0.0 0.0
    outer loop
      vertex 16.0 12.0 13.0
      vertex 15.0 12.0 12.0
      vertex 15.0 12.0 12.0
    endloop
  endfacet
  facet normal 0.5773502588272095 0.5773502588272095 -0.5773502588272095
    outer loop
      vertex 15.0 13.0 13.0
      vertex 16.0 13.0 14.0
      vertex 16.0 12.0 13.0
    endloop
  endfacet
  facet normal 0.0 0.0 1.0
    outer loop
      vertex 16.0 12.0 14.0
      vertex 15.0 13.0 14.0
      vertex 15.0 12.0 14.0
    endloop
  endfacet
  facet normal 0.0 0.0 1.0
    outer loop
      vertex 16.0 13.0 14.0
      vertex 15.0 13.0 14.0
      vertex 16.0 12.0 14.0
    endloop
  endfacet
  facet normal 0.0 0.0 0.0
    outer loop
      vertex 15.0 13.0 13.0
      vertex 15.0 13.0 13.0
      vertex 15.0 13.0 13.0
    endloop
  endfacet
  facet normal 0.0 0.0 0.0
    outer loop
      vertex 15.0 13.0 13.0
      vertex 15.0 14.0 14.0
      vertex 15.0 13.0 13.0
    endloop
  endfacet
  facet normal 0.5773502588272095 0.5773502588272095 -0.5773502588272095
    outer loop
      vertex 15.0 14.0 14.0
      vertex 16.0 13.0 14.0
      vertex 15.0 13.0 13.0
    endloop
  endfacet
  facet normal 0.0 0.0 -1.0
    outer loop
      vertex 15.0 14.0 14.0
      vertex 16.0 14.0 14.0
      vertex 16.0 13.0 14.0
    endloop
  endfacet
  facet normal 0.0 0.0 1.0
    outer loop
      vertex 16.0 13.0 14.0
      vertex 15.0 14.0 14.0
      vertex 15.0 13.0 14.0
    endloop
  endfacet
  facet normal 0.0 0.0 1.0
    outer loop
      vertex 16.0 14.0 14.0
      vertex 15.0 14.0 14.0
      vertex 16.0 13.0 14.0
    endloop
  endfacet
  facet normal 0.0 0.0 0.0
    outer loop
      vertex 16.0 14.0 14.0
      vertex 16.0 14.0 14.0
      vertex 15.0 14.0 14.0
    endloop
  endfacet
  facet normal 0.0 0.0 0.0
    outer loop
      vertex 16.0 14.0 14.0
      vertex 15.0 14.0 14.0
      vertex 15.0 14.0 14.0
    endloop
  endfacet
  facet normal 0.0 0.0 0.0
    outer loop
      vertex 15.0 14.0 14.0
      vertex 15.0 14.0 14.0
      vertex 16.0 14.0 14.0
    endloop
  endfacet
  facet normal 0.0 0.0 0.0
    outer loop
      vertex 15.0 14.0 14.0
      vertex 16.0 14.0 14.0
      vertex 16.0 14.0 14.0
    endloop
  endfacet
  facet normal 0.0 0.0 0.0
    outer loop
      vertex 16.0 9.0 14.0
      vertex 16.0 9.0 14.0
      vertex 16.0 9.0 14.0
    endloop
  endfacet
  facet normal 0.0 0.0 0.0
    outer loop
      vertex 16.0 9.0 14.0
      vertex 16.0 9.0 14.0
      vertex 16.0 9.0 14.0
    endloop
  endfacet
  facet normal 0.0 0.0 0.0
    outer loop
      vertex 17.0 10.0 14.0
      vertex 17.0 10.0 14.0
      vertex 16.0 9.0 14.0
    endloop
  endfacet
  facet normal 0.0 0.0 0.0
    outer loop
      vertex 16.0 9.0 14.0
      vertex 17.0 10.0 14.0
      vertex 16.0 9.0 14.0
    endloop
  endfacet
  facet normal 0.0 0.0 -1.0
    outer loop
      vertex 16.0 10.0 14.0
      vertex 17.0 10.0 14.0
      vertex 16.0 9.0 14.0
    endloop
  endfacet
  facet normal 0.0 0.0 0.0
    outer loop
      vertex 16.0 9.0 14.0
      vertex 16.0 9.0 14.0
      vertex 17.0 10.0 14.0
    endloop
  endfacet
  facet normal 0.0 0.0 0.0
    outer loop
      vertex 17.0 10.0 14.0
      vertex 16.0 9.0 14.0
      vertex 17.0 10.0 14.0
    endloop
  endfacet
  facet normal -0.0 0.0 1.0
    outer loop
      vertex 16.0 10.0 14.0
      vertex 16.0 9.0 14.0
      vertex 17.0 10.0 14.0
    endloop
  endfacet
  facet normal 0.0 0.0 0.0
    outer loop
      vertex 16.0 11.0 13.0
      vertex 16.0 11.0 13.0
      vertex 16.0 11.0 13.0
    endloop
  endfacet
  facet normal 0.0 0.0 0.0
    outer loop
      vertex 16.0 11.0 13.0
      vertex 17.0 11.0 14.0
      vertex 16.0 11.0 13.0
    endloop
  endfacet
  facet normal 0.5773502588272095 -0.5773502588272095 -0.5773502588272095
    outer loop
      vertex 17.0 11.0 14.0
      vertex 16.0 10.0 14.0
      vertex 16.0 11.0 13.0
    endloop
  endfacet
  facet normal 0.0 -0.0 -1.0
    outer loop
      vertex 17.0 11.0 14.0
      vertex 17.0 10.0 14.0
      vertex 16.0 10.0 14.0
    endloop
  endfacet
  facet normal 0.0 0.0 1.0
    outer loop
      vertex 17.0 10.0 14.0
      vertex 16.0 11.0 14.0
      vertex 16.0 10.0 14.0
    endloop
  endfacet
  facet normal 0.0 0.0 1.0
    outer loop
      vertex 17.0 11.0 14.0
      vertex 16.0 11.0 14.0
      vertex 17.0 10.0 14.0
    endloop
  endfacet
  facet normal 0.0 0.0 0.0
    outer loop
      vertex 16.0 12.0 13.0
      vertex 16.0 12.0 13.0
      vertex 16.0 11.0 13.0
    endloop
  endfacet
  facet normal 0.0 0.0 0.0
    outer loop
      vertex 16.0 12.0 13.0
      vertex 16.0 11.0 13.0
      vertex 16.0 11.0 13.0
    endloop
  endfacet
  facet normal 0.7071067690849304 0.0 -0.7071067690849304
    outer loop
      vertex 17.0 11.0 14.0
      vertex 16.0 11.0 13.0
      vertex 17.0 12.0 14.0
    endloop
  endfacet
  facet normal 0.7071067690849304 0.0 -0.7071067690849304
    outer loop
      vertex 17.0 12.0 14.0
      vertex 16.0 11.0 13.0
      vertex 16.0 12.0 13.0
    endloop
  endfacet
  facet normal 0.0 0.0 1.0
    outer loop
      vertex 17.0 11.0 14.0
      vertex 16.0 12.0 14.0
      vertex 16.0 11.0 14.0
    endloop
  endfacet
  facet normal 0.0 0.0 1.0
    outer loop
      vertex 17.0 12.0 14.0
      vertex 16.0 12.0 14.0
      vertex 17.0 11.0 14.0
    endloop
  endfacet
  facet normal 0.0 0.0 0.0
    outer loop
      vertex 16.0 12.0 13.0
      vertex 16.0 12.0 13.0
      vertex 16.0 12.0 13.0
    endloop
  endfacet
  facet normal 0.0 0.0 0.0
    outer loop
      vertex 16.0 12.0 13.0
      vertex 16.0 13.0 14.0
      vertex 16.0 12.0 13.0
    endloop
  endfacet
  facet normal 0.5773502588272095 0.5773502588272095 -0.5773502588272095
    outer loop
      vertex 16.0 13.0 14.0
      vertex 17.0 12.0 14.0
      vertex 16.0 12.0 13.0
    endloop
  endfacet
  facet normal 0.0 0.0 -1.0
    outer loop
      vertex 16.0 13.0 14.0
      vertex 17.0 13.0 14.0
      vertex 17.0 12.0 14.0
    endloop
  endfacet
  facet normal 0.0 0.0 1.0
    outer loop
      vertex 17.0 12.0 14.0
      vertex 16.0 13.0 14.0
      vertex 16.0 12.0 14.0
    endloop
  endfacet
  facet normal 0.0 0.0 1.0
    outer loop
      vertex 17.0 13.0 14.0
      vertex 16.0 13.0 14.0
      vertex 17.0 12.0 14.0
    endloop
  endfacet
  facet normal 0.0 0.0 0.0
    outer loop
      vertex 16.0 14.0 14.0
      vertex 16.0 14.0 14.0
      vertex 17.0 13.0 14.0
    endloop
  endfacet
  facet normal 0.0 0.0 0.0
    outer loop
      vertex 17.0 13.0 14.0
      vertex 16.0 14.0 14.0
      vertex 17.0 13.0 14.0
    endloop
  endfacet
  facet normal 0.0 0.0 -1.0
    outer loop
      vertex 16.0 13.0 14.0
      vertex 16.0 14.0 14.0
      vertex 17.0 13.0 14.0
    endloop
  endfacet
  facet normal 0.0 0.0 0.0
    outer loop
      vertex 17.0 13.0 14.0
      vertex 17.0 13.0 14.0
      vertex 16.0 14.0 14.0
    endloop
  endfacet
  facet normal 0.0 0.0 0.0
    outer loop
      vertex 16.0 14.0 14.0
      vertex 17.0 13.0 14.0
      vertex 16.0 14.0 14.0
    endloop
  endfacet
  facet normal 0.0 0.0 1.0
    outer loop
      vertex 16.0 13.0 14.0
      vertex 17.0 13.0 14.0
      vertex 16.0 14.0 14.0
    endloop
  endfacet
  facet normal 0.0 0.0 0.0
    outer loop
      vertex 16.0 14.0 14.0
      vertex 16.0 14.0 14.0
      vertex 16.0 14.0 14.0
    endloop
  endfacet
  facet normal 0.0 0.0 0.0
    outer loop
      vertex 16.0 14.0 14.0
      vertex 16.0 14.0 14.0
      vertex 16.0 14.0 14.0
    endloop
  endfacet
  facet normal 0.0 0.0 0.0
    outer loop
      vertex 17.0 10.0 14.0
      vertex 17.0 10.0 14.0
      vertex 17.0 10.0 14.0
    endloop
  endfacet
  facet normal 0.0 0.0 0.0
    outer loop
      vertex 17.0 10.0 14.0
      vertex 17.0 10.0 14.0
      vertex 17.0 10.0 14.0
    endloop
  endfacet
  facet normal 0.0 0.0 0.0
    outer loop
      vertex 17.0 11.0 14.0
      vertex 17.0 11.0 14.0
      vertex 17.0 10.0 14.0
    endloop
  endfacet
  facet normal 0.0 0.0 0.0
    outer loop
      vertex 17.0 11.0 14.0
      vertex 17.0 10.0 14.0
      vertex 17.0 10.0 14.0
    endloop
  endfacet
  facet normal 0.0 0.0 0.0
    outer loop
      vertex 17.0 11.0 14.0
      vertex 17.0 11.0 14.0
      vertex 17.0 10.0 14.0
    endloop
  endfacet
  facet normal 0.0 0.0 0.0
    outer loop
      vertex 17.0 11.0 14.0
      vertex 17.0 10.0 14.0
      vertex 17.0 10.0 14.0
    endloop
  endfacet
  facet normal 0.0 0.0 0.0
    outer loop
      vertex 17.0 12.0 14.0
      vertex 17.0 12.0 14.0
      vertex 17.0 11.0 14.0
    endloop
  endfacet
  facet normal 0.0 0.0 0.0
    outer loop
      vertex 17.0 12.0 14.0
      vertex 17.0 11.0 14.0
      vertex 17.0 11.0 14.0
    endloop
  endfacet
  facet normal 0.0 0.0 0.0
    outer loop
      vertex 17.0 12.0 14.0
      vertex 17.0 12.0 14.0
      vertex 17.0 11.0 14.0
    endloop
  endfacet
  facet normal 0.0 0.0 0.0
    outer loop
      vertex 17.0 12.0 14.0
      vertex 17.0 11.0 14.0
      vertex 17.0 11.0 14.0
    endloop
  endfacet
  facet normal 0.0 0.0 0.0
    outer loop
      vertex 17.0 13.0 14.0
      vertex 17.0 13.0 14.0
      vertex 17.0 12.0 14.0
    endloop
  endfacet
  facet normal 0.0 0.0 0.0
    outer loop
      vertex 17.0 13.0 14.0
      vertex 17.0 12.0 14.0
      vertex 17.0 12.0 14.0
    endloop
  endfacet
  facet normal 0.0 0.0 0.0
    outer loop
      vertex 17.0 13.0 14.0
      vertex 17.0 13.0 14.0
      vertex 17.0 12.0 14.0
    endloop
  endfacet
  facet normal 0.0 0.0 0.0
    outer loop
      vertex 17.0 13.0 14.0
      vertex 17.0 12.0 14.0
      vertex 17.0 12.0 14.0
    endloop
  endfacet
  facet normal 0.0 0.0 0.0
    outer loop
      vertex 17.0 13.0 14.0
      vertex 17.0 13.0 14.0
      vertex 17.0 13.0 14.0
    endloop
  endfacet
  facet normal 0.0 0.0 0.0
    outer loop
      vertex 17.0 13.0 14.0
      vertex 17.0 13.0 14.0
      vertex 17.0 13.0 14.0
    endloop
  endfacet
endsolid labcem
