solid labcem
  facet normal -0.5756461024284363 -0.5756461024284363 -0.580743670463562
    outer loop
      vertex 3.0 3.0 14.990226745605469
      vertex 3.0 2.990140199661255 15.0
      vertex 2.990140199661255 3.0 15.0
    endloop
  endfacet
  facet normal -0.6414322257041931 -0.6414322257041931 0.420867383480072
    outer loop
      vertex 3.0 3.0 15.015027046203613
      vertex 2.990140199661255 3.0 15.0
      vertex 3.0 2.990140199661255 15.0
    endloop
  endfacet
  facet normal -0.7039828896522522 0.0 -0.7102169394493103
    outer loop
      vertex 3.0 3.0 14.990226745605469
      vertex 2.990140199661255 3.0 15.0
      vertex 2.990140199661255 4.0 15.0
    endloop
  endfacet
  facet normal -0.7039828896522522 0.0 -0.7102169394493103
    outer loop
      vertex 3.0 3.0 14.990226745605469
      vertex 2.990140199661255 4.0 15.0
      vertex 3.0 4.0 14.990226745605469
    endloop
  endfacet
  facet normal -0.8360912203788757 0.0 0.548590362071991
    outer loop
      vertex 2.990140199661255 3.0 15.0
      vertex 3.0 3.0 15.015027046203613
      vertex 3.0 4.0 15.015027046203613
    endloop
  endfacet
  facet normal -0.8360912203788757 0.0 0.548590362071991
    outer loop
      vertex 2.990140199661255 3.0 15.0
      vertex 3.0 4.0 15.015027046203613
      vertex 2.990140199661255 4.0 15.0
    endloop
  endfacet
  facet normal -0.7039828896522522 0.0 -0.7102169394493103
    outer loop
      vertex 3.0 4.0 14.990226745605469
      vertex 2.990140199661255 4.0 15.0
      vertex 2.990140199661255 5.0 15.0
    endloop
  endfacet
  facet normal -0.7039828896522522 0.0 -0.7102169394493103
    outer loop
      vertex 3.0 4.0 14.990226745605469
      vertex 2.990140199661255 5.0 15.0
      vertex 3.0 5.0 14.990226745605469
    endloop
  endfacet
  facet normal -0.8360912203788757 0.0 0.548590362071991
    outer loop
      vertex 2.990140199661255 4.0 15.0
      vertex 3.0 4.0 15.015027046203613
      vertex 3.0 5.0 15.015027046203613
    endloop
  endfacet
  facet normal -0.8360912203788757 0.0 0.548590362071991
    outer loop
      vertex 2.990140199661255 4.0 15.0
      vertex 3.0 5.0 15.015027046203613
      vertex 2.990140199661255 5.0 15.0
    endloop
  endfacet
  facet normal -0.7039828896522522 0.0 -0.7102169394493103
    outer loop
      vertex 3.0 5.0 14.990226745605469
      vertex 2.990140199661255 5.0 15.0
      vertex 2.990140199661255 6.0 15.0
    endloop
  endfacet
  facet normal -0.7039828896522522 0.0 -0.7102169394493103
    outer loop
      vertex 3.0 5.0 14.990226745605469
      vertex 2.990140199661255 6.0 15.0
      vertex 3.0 6.0 14.990226745605469
    endloop
  endfacet
  facet normal -0.8360912203788757 0.0 0.548590362071991
    outer loop
      vertex 2.990140199661255 5.0 15.0
      vertex 3.0 5.0 15.015027046203613
      vertex 3.0 6.0 15.015027046203613
    endloop
  endfacet
  facet normal -0.8360912203788757 0.0 0.548590362071991
    outer loop
      vertex 2.990140199661255 5.0 15.0
      vertex 3.0 6.0 15.015027046203613
      vertex 2.990140199661255 6.0 15.0
    endloop
  endfacet
  facet normal -0.7039828896522522 0.0 -0.7102169394493103
    outer loop
      vertex 3.0 6.0 14.990226745605469
      vertex 2.990140199661255 6.0 15.0
      vertex 2.990140199661255 7.0 15.0
    endloop
  endfacet
  facet normal -0.7039828896522522 0.0 -0.7102169394493103
    outer loop
      vertex 3.0 6.0 14.990226745605469
      vertex 2.990140199661255 7.0 15.0
      vertex 3.0 7.0 14.990226745605469
    endloop
  endfacet
  facet normal -0.8360912203788757 0.0 0.548590362071991
    outer loop
      vertex 2.990140199661255 6.0 15.0
      vertex 3.0 6.0 15.015027046203613
      vertex 3.0 7.0 15.015027046203613
    endloop
  endfacet
  facet normal -0.8360912203788757 0.0 0.548590362071991
    outer loop
      vertex 2.990140199661255 6.0 15.0
      vertex 3.0 7.0 15.015027046203613
      vertex 2.990140199661255 7.0 15.0
    endloop
  endfacet
  facet normal -0.7039828896522522 0.0 -0.7102169394493103
    outer loop
      vertex 3.0 7.0 14.990226745605469
      vertex 2.990140199661255 7.0 15.0
      vertex 2.990140199661255 8.0 15.0
    endloop
  endfacet
  facet normal -0.7039828896522522 0.0 -0.7102169394493103
    outer loop
      vertex 3.0 7.0 14.990226745605469
      vertex 2.990140199661255 8.0 15.0
      vertex 3.0 8.0 14.990226745605469
    endloop
  endfacet
  facet normal -0.8360912203788757 0.0 0.548590362071991
    outer loop
      vertex 2.990140199661255 7.0 15.0
      vertex 3.0 7.0 15.015027046203613
      vertex 3.0 8.0 15.015027046203613
    endloop
  endfacet
  facet normal -0.8360912203788757 0.0 0.548590362071991
    outer loop
      vertex 2.990140199661255 7.0 15.0
      vertex 3.0 8.0 15.015027046203613
      vertex 2.990140199661255 8.0 15.0
    endloop
  endfacet
  facet normal -0.7039828896522522 0.0 -0.7102169394493103
    outer loop
      vertex 3.0 8.0 14.990226745605469
      vertex 2.990140199661255 8.0 15.0
      vertex 2.990140199661255 9.0 15.0
    endloop
  endfacet
  facet normal -0.7039828896522522 0.0 -0.7102169394493103
    outer loop
      vertex 3.0 8.0 14.990226745605469
      vertex 2.990140199661255 9.0 15.0
      vertex 3.0 9.0 14.990226745605469
    endloop
  endfacet
  facet normal -0.8360912203788757 0.0 0.548590362071991
    outer loop
      vertex 2.990140199661255 8.0 15.0
      vertex 3.0 8.0 15.015027046203613
      vertex 3.0 9.0 15.015027046203613
    endloop
  endfacet
  facet normal -0.8360912203788757 0.0 0.548590362071991
    outer loop
      vertex 2.990140199661255 8.0 15.0
      vertex 3.0 9.0 15.015027046203613
      vertex 2.990140199661255 9.0 15.0
    endloop
  endfacet
  facet normal -0.7039828896522522 0.0 -0.7102169394493103
    outer loop
      vertex 3.0 9.0 14.990226745605469
      vertex 2.990140199661255 9.0 15.0
      vertex 2.990140199661255 10.0 15.0
    endloop
  endfacet
  facet normal -0.7039828896522522 0.0 -0.7102169394493103
    outer loop
      vertex 3.0 9.0 14.990226745605469
      vertex 2.990140199661255 10.0 15.0
      vertex 3.0 10.0 14.990226745605469
    endloop
  endfacet
  facet normal -0.8360912203788757 0.0 0.548590362071991
    outer loop
      vertex 2.990140199661255 9.0 15.0
      vertex 3.0 9.0 15.015027046203613
      vertex 3.0 10.0 15.015027046203613
    endloop
  endfacet
  facet normal -0.8360912203788757 0.0 0.548590362071991
    outer loop
      vertex 2.990140199661255 9.0 15.0
      vertex 3.0 10.0 15.015027046203613
      vertex 2.990140199661255 10.0 15.0
    endloop
  endfacet
  facet normal -0.7039828896522522 0.0 -0.7102169394493103
    outer loop
      vertex 3.0 10.0 14.990226745605469
      vertex 2.990140199661255 10.0 15.0
      vertex 2.990140199661255 11.0 15.0
    endloop
  endfacet
  facet normal -0.7039828896522522 0.0 -0.7102169394493103
    outer loop
      vertex 3.0 10.0 14.990226745605469
      vertex 2.990140199661255 11.0 15.0
      vertex 3.0 11.0 14.990226745605469
    endloop
  endfacet
  facet normal -0.8360912203788757 0.0 0.548590362071991
    outer loop
      vertex 2.990140199661255 10.0 15.0
      vertex 3.0 10.0 15.015027046203613
      vertex 3.0 11.0 15.015027046203613
    endloop
  endfacet
  facet normal -0.8360912203788757 0.0 0.548590362071991
    outer loop
      vertex 2.990140199661255 10.0 15.0
      vertex 3.0 11.0 15.015027046203613
      vertex 2.990140199661255 11.0 15.0
    endloop
  endfacet
  facet normal -0.7039828896522522 0.0 -0.7102169394493103
    outer loop
      vertex 3.0 11.0 14.990226745605469
      vertex 2.990140199661255 11.0 15.0
      vertex 2.990140199661255 12.0 15.0
    endloop
  endfacet
  facet normal -0.7039828896522522 0.0 -0.7102169394493103
    outer loop
      vertex 3.0 11.0 14.990226745605469
      vertex 2.990140199661255 12.0 15.0
      vertex 3.0 12.0 14.990226745605469
    endloop
  endfacet
  facet normal -0.8360912203788757 0.0 0.548590362071991
    outer loop
      vertex 2.990140199661255 11.0 15.0
      vertex 3.0 11.0 15.015027046203613
      vertex 3.0 12.0 15.015027046203613
    endloop
  endfacet
  facet normal -0.8360912203788757 0.0 0.548590362071991
    outer loop
      vertex 2.990140199661255 11.0 15.0
      vertex 3.0 12.0 15.015027046203613
      vertex 2.990140199661255 12.0 15.0
    endloop
  endfacet
  facet normal -0.7039828896522522 0.0 -0.7102169394493103
    outer loop
      vertex 3.0 12.0 14.990226745605469
      vertex 2.990140199661255 12.0 15.0
      vertex 2.990140199661255 13.0 15.0
    endloop
  endfacet
  facet normal -0.7039828896522522 0.0 -0.7102169394493103
    outer loop
      vertex 3.0 12.0 14.990226745605469
      vertex 2.990140199661255 13.0 15.0
      vertex 3.0 13.0 14.990226745605469
    endloop
  endfacet
  facet normal -0.8360912203788757 0.0 0.548590362071991
    outer loop
      vertex 2.990140199661255 12.0 15.0
      vertex 3.0 12.0 15.015027046203613
      vertex 3.0 13.0 15.015027046203613
    endloop
  endfacet
  facet normal -0.8360912203788757 0.0 0.548590362071991
    outer loop
      vertex 2.990140199661255 12.0 15.0
      vertex 3.0 13.0 15.015027046203613
      vertex 2.990140199661255 13.0 15.0
    endloop
  endfacet
  facet normal -0.7039828896522522 0.0 -0.7102169394493103
    outer loop
      vertex 3.0 13.0 14.990226745605469
      vertex 2.990140199661255 13.0 15.0
      vertex 2.990140199661255 14.0 15.0
    endloop
  endfacet
  facet normal -0.7039828896522522 0.0 -0.7102169394493103
    outer loop
      vertex 3.0 13.0 14.990226745605469
      vertex 2.990140199661255 14.0 15.0
      vertex 3.0 14.0 14.990226745605469
    endloop
  endfacet
  facet normal -0.8360912203788757 0.0 0.548590362071991
    outer loop
      vertex 2.990140199661255 13.0 15.0
      vertex 3.0 13.0 15.015027046203613
      vertex 3.0 14.0 15.015027046203613
    endloop
  endfacet
  facet normal -0.8360912203788757 0.0 0.548590362071991
    outer loop
      vertex 2.990140199661255 13.0 15.0
      vertex 3.0 14.0 15.015027046203613
      vertex 2.990140199661255 14.0 15.0
    endloop
  endfacet
  facet normal -0.7039828896522522 0.0 -0.7102169394493103
    outer loop
      vertex 3.0 14.0 14.990226745605469
      vertex 2.990140199661255 14.0 15.0
      vertex 2.990140199661255 15.0 15.0
    endloop
  endfacet
  facet normal -0.7039828896522522 0.0 -0.7102169394493103
    outer loop
      vertex 3.0 14.0 14.990226745605469
      vertex 2.990140199661255 15.0 15.0
      vertex 3.0 15.0 14.990226745605469
    endloop
  endfacet
  facet normal -0.8360912203788757 0.0 0.548590362071991
    outer loop
      vertex 2.990140199661255 14.0 15.0
      vertex 3.0 14.0 15.015027046203613
      vertex 3.0 15.0 15.015027046203613
    endloop
  endfacet
  facet normal -0.8360912203788757 0.0 0.548590362071991
    outer loop
      vertex 2.990140199661255 14.0 15.0
      vertex 3.0 15.0 15.015027046203613
      vertex 2.990140199661255 15.0 15.0
    endloop
  endfacet
  facet normal -0.7039828896522522 0.0 -0.7102169394493103
    outer loop
      vertex 3.0 15.0 14.990226745605469
      vertex 2.990140199661255 15.0 15.0
      vertex 2.990140199661255 16.0 15.0
    endloop
  endfacet
  facet normal -0.7039828896522522 0.0 -0.7102169394493103
    outer loop
      vertex 3.0 15.0 14.990226745605469
      vertex 2.990140199661255 16.0 15.0
      vertex 3.0 16.0 14.990226745605469
    endloop
  endfacet
  facet normal -0.8360912203788757 0.0 0.548590362071991
    outer loop
      vertex 2.990140199661255 15.0 15.0
      vertex 3.0 15.0 15.015027046203613
      vertex 3.0 16.0 15.015027046203613
    endloop
  endfacet
  facet normal -0.8360912203788757 0.0 0.548590362071991
    outer loop
      vertex 2.990140199661255 15.0 15.0
      vertex 3.0 16.0 15.015027046203613
      vertex 2.990140199661255 16.0 15.0
    endloop
  endfacet
  facet normal -0.7039828896522522 0.0 -0.7102169394493103
    outer loop
      vertex 3.0 16.0 14.990226745605469
      vertex 2.990140199661255 16.0 15.0
      vertex 2.990140199661255 17.0 15.0
    endloop
  endfacet
  facet normal -0.7039828896522522 0.0 -0.7102169394493103
    outer loop
      vertex 3.0 16.0 14.990226745605469
      vertex 2.990140199661255 17.0 15.0
      vertex 3.0 17.0 14.990226745605469
    endloop
  endfacet
  facet normal -0.8360912203788757 0.0 0.548590362071991
    outer loop
      vertex 2.990140199661255 16.0 15.0
      vertex 3.0 16.0 15.015027046203613
      vertex 3.0 17.0 15.015027046203613
    endloop
  endfacet
  facet normal -0.8360912203788757 0.0 0.548590362071991
    outer loop
      vertex 2.990140199661255 16.0 15.0
      vertex 3.0 17.0 15.015027046203613
      vertex 2.990140199661255 17.0 15.0
    endloop
  endfacet
  facet normal -0.7039828896522522 0.0 -0.7102169394493103
    outer loop
      vertex 3.0 17.0 14.990226745605469
      vertex 2.990140199661255 17.0 15.0
      vertex 2.990140199661255 18.0 15.0
    endloop
  endfacet
  facet normal -0.7039828896522522 0.0 -0.7102169394493103
    outer loop
      vertex 3.0 17.0 14.990226745605469
      vertex 2.990140199661255 18.0 15.0
      vertex 3.0 18.0 14.990226745605469
    endloop
  endfacet
  facet normal -0.8360912203788757 0.0 0.548590362071991
    outer loop
      vertex 2.990140199661255 17.0 15.0
      vertex 3.0 17.0 15.015027046203613
      vertex 3.0 18.0 15.015027046203613
    endloop
  endfacet
  facet normal -0.8360912203788757 0.0 0.548590362071991
    outer loop
      vertex 2.990140199661255 17.0 15.0
      vertex 3.0 18.0 15.015027046203613
      vertex 2.990140199661255 18.0 15.0
    endloop
  endfacet
  facet normal -0.7039828896522522 0.0 -0.7102169394493103
    outer loop
      vertex 3.0 18.0 14.990226745605469
      vertex 2.990140199661255 18.0 15.0
      vertex 2.990140199661255 19.0 15.0
    endloop
  endfacet
  facet normal -0.7039828896522522 0.0 -0.7102169394493103
    outer loop
      vertex 3.0 18.0 14.990226745605469
      vertex 2.990140199661255 19.0 15.0
      vertex 3.0 19.0 14.990226745605469
    endloop
  endfacet
  facet normal -0.8360912203788757 0.0 0.548590362071991
    outer loop
      vertex 2.990140199661255 18.0 15.0
      vertex 3.0 18.0 15.015027046203613
      vertex 3.0 19.0 15.015027046203613
    endloop
  endfacet
  facet normal -0.8360912203788757 0.0 0.548590362071991
    outer loop
      vertex 2.990140199661255 18.0 15.0
      vertex 3.0 19.0 15.015027046203613
      vertex 2.990140199661255 19.0 15.0
    endloop
  endfacet
  facet normal -0.7039828896522522 0.0 -0.7102169394493103
    outer loop
      vertex 3.0 19.0 14.990226745605469
      vertex 2.990140199661255 19.0 15.0
      vertex 2.990140199661255 20.0 15.0
    endloop
  endfacet
  facet normal -0.7039828896522522 0.0 -0.7102169394493103
    outer loop
      vertex 3.0 19.0 14.990226745605469
      vertex 2.990140199661255 20.0 15.0
      vertex 3.0 20.0 14.990226745605469
    endloop
  endfacet
  facet normal -0.8360912203788757 0.0 0.548590362071991
    outer loop
      vertex 2.990140199661255 19.0 15.0
      vertex 3.0 19.0 15.015027046203613
      vertex 3.0 20.0 15.015027046203613
    endloop
  endfacet
  facet normal -0.8360912203788757 0.0 0.548590362071991
    outer loop
      vertex 2.990140199661255 19.0 15.0
      vertex 3.0 20.0 15.015027046203613
      vertex 2.990140199661255 20.0 15.0
    endloop
  endfacet
  facet normal -0.5756322145462036 0.5756739974021912 -0.5807297229766846
    outer loop
      vertex 3.0 20.009859085083008 15.0
      vertex 3.0 20.0 14.990226745605469
      vertex 2.990140199661255 20.0 15.0
    endloop
  endfacet
  facet normal -0.6414130926132202 0.641459584236145 0.4208548367023468
    outer loop
      vertex 3.0 20.009859085083008 15.0
      vertex 2.990140199661255 20.0 15.0
      vertex 3.0 20.0 15.015027046203613
    endloop
  endfacet
  facet normal 0.0 -0.7039828896522522 -0.7102169394493103
    outer loop
      vertex 4.0 3.0 14.990226745605469
      vertex 4.0 2.990140199661255 15.0
      vertex 3.0 2.990140199661255 15.0
    endloop
  endfacet
  facet normal -0.0 -0.7039828896522522 -0.7102169394493103
    outer loop
      vertex 4.0 3.0 14.990226745605469
      vertex 3.0 2.990140199661255 15.0
      vertex 3.0 3.0 14.990226745605469
    endloop
  endfacet
  facet normal 0.0 -0.8360912203788757 0.548590362071991
    outer loop
      vertex 3.0 3.0 15.015027046203613
      vertex 3.0 2.990140199661255 15.0
      vertex 4.0 2.990140199661255 15.0
    endloop
  endfacet
  facet normal 0.0 -0.8360912203788757 0.548590362071991
    outer loop
      vertex 3.0 3.0 15.015027046203613
      vertex 4.0 2.990140199661255 15.0
      vertex 4.0 3.0 15.015027046203613
    endloop
  endfacet
  facet normal 0.0 0.0 -1.0
    outer loop
      vertex 3.0 4.0 14.990226745605469
      vertex 4.0 3.0 14.990226745605469
      vertex 3.0 3.0 14.990226745605469
    endloop
  endfacet
  facet normal 0.0 0.0 -1.0
    outer loop
      vertex 3.0 4.0 14.990226745605469
      vertex 4.0 4.0 14.990226745605469
      vertex 4.0 3.0 14.990226745605469
    endloop
  endfacet
  facet normal 0.0 0.0 1.0
    outer loop
      vertex 4.0 3.0 15.015027046203613
      vertex 3.0 4.0 15.015027046203613
      vertex 3.0 3.0 15.015027046203613
    endloop
  endfacet
  facet normal 0.0 0.0 1.0
    outer loop
      vertex 4.0 4.0 15.015027046203613
      vertex 3.0 4.0 15.015027046203613
      vertex 4.0 3.0 15.015027046203613
    endloop
  endfacet
  facet normal 0.0 0.0 -1.0
    outer loop
      vertex 3.0 5.0 14.990226745605469
      vertex 4.0 4.0 14.990226745605469
      vertex 3.0 4.0 14.990226745605469
    endloop
  endfacet
  facet normal 0.0 0.0 -1.0
    outer loop
      vertex 3.0 5.0 14.990226745605469
      vertex 4.0 5.0 14.990226745605469
      vertex 4.0 4.0 14.990226745605469
    endloop
  endfacet
  facet normal 0.0 0.0 1.0
    outer loop
      vertex 4.0 4.0 15.015027046203613
      vertex 3.0 5.0 15.015027046203613
      vertex 3.0 4.0 15.015027046203613
    endloop
  endfacet
  facet normal 0.0 0.0 1.0
    outer loop
      vertex 4.0 5.0 15.015027046203613
      vertex 3.0 5.0 15.015027046203613
      vertex 4.0 4.0 15.015027046203613
    endloop
  endfacet
  facet normal 0.0 0.0 -1.0
    outer loop
      vertex 3.0 6.0 14.990226745605469
      vertex 4.0 5.0 14.990226745605469
      vertex 3.0 5.0 14.990226745605469
    endloop
  endfacet
  facet normal 0.0 0.0 -1.0
    outer loop
      vertex 3.0 6.0 14.990226745605469
      vertex 4.0 6.0 14.990226745605469
      vertex 4.0 5.0 14.990226745605469
    endloop
  endfacet
  facet normal 0.0 0.0 1.0
    outer loop
      vertex 4.0 5.0 15.015027046203613
      vertex 3.0 6.0 15.015027046203613
      vertex 3.0 5.0 15.015027046203613
    endloop
  endfacet
  facet normal 0.0 0.0 1.0
    outer loop
      vertex 4.0 6.0 15.015027046203613
      vertex 3.0 6.0 15.015027046203613
      vertex 4.0 5.0 15.015027046203613
    endloop
  endfacet
  facet normal 0.0 0.0 -1.0
    outer loop
      vertex 3.0 7.0 14.990226745605469
      vertex 4.0 6.0 14.990226745605469
      vertex 3.0 6.0 14.990226745605469
    endloop
  endfacet
  facet normal 0.0 0.0 -1.0
    outer loop
      vertex 3.0 7.0 14.990226745605469
      vertex 4.0 7.0 14.990226745605469
      vertex 4.0 6.0 14.990226745605469
    endloop
  endfacet
  facet normal 0.0 0.0 1.0
    outer loop
      vertex 4.0 6.0 15.015027046203613
      vertex 3.0 7.0 15.015027046203613
      vertex 3.0 6.0 15.015027046203613
    endloop
  endfacet
  facet normal 0.0 0.0 1.0
    outer loop
      vertex 4.0 7.0 15.015027046203613
      vertex 3.0 7.0 15.015027046203613
      vertex 4.0 6.0 15.015027046203613
    endloop
  endfacet
  facet normal 0.0 0.0 -1.0
    outer loop
      vertex 3.0 8.0 14.990226745605469
      vertex 4.0 7.0 14.990226745605469
      vertex 3.0 7.0 14.990226745605469
    endloop
  endfacet
  facet normal 0.0 0.0 -1.0
    outer loop
      vertex 3.0 8.0 14.990226745605469
      vertex 4.0 8.0 14.990226745605469
      vertex 4.0 7.0 14.990226745605469
    endloop
  endfacet
  facet normal 0.0 0.0 1.0
    outer loop
      vertex 4.0 7.0 15.015027046203613
      vertex 3.0 8.0 15.015027046203613
      vertex 3.0 7.0 15.015027046203613
    endloop
  endfacet
  facet normal 0.0 0.0 1.0
    outer loop
      vertex 4.0 8.0 15.015027046203613
      vertex 3.0 8.0 15.015027046203613
      vertex 4.0 7.0 15.015027046203613
    endloop
  endfacet
  facet normal 0.0 0.0 -1.0
    outer loop
      vertex 3.0 9.0 14.990226745605469
      vertex 4.0 8.0 14.990226745605469
      vertex 3.0 8.0 14.990226745605469
    endloop
  endfacet
  facet normal 0.0 0.0 -1.0
    outer loop
      vertex 3.0 9.0 14.990226745605469
      vertex 4.0 9.0 14.990226745605469
      vertex 4.0 8.0 14.990226745605469
    endloop
  endfacet
  facet normal 0.0 0.0 1.0
    outer loop
      vertex 4.0 8.0 15.015027046203613
      vertex 3.0 9.0 15.015027046203613
      vertex 3.0 8.0 15.015027046203613
    endloop
  endfacet
  facet normal 0.0 0.0 1.0
    outer loop
      vertex 4.0 9.0 15.015027046203613
      vertex 3.0 9.0 15.015027046203613
      vertex 4.0 8.0 15.015027046203613
    endloop
  endfacet
  facet normal 0.0 0.0 -1.0
    outer loop
      vertex 3.0 10.0 14.990226745605469
      vertex 4.0 9.0 14.990226745605469
      vertex 3.0 9.0 14.990226745605469
    endloop
  endfacet
  facet normal 0.0 0.0 -1.0
    outer loop
      vertex 3.0 10.0 14.990226745605469
      vertex 4.0 10.0 14.990226745605469
      vertex 4.0 9.0 14.990226745605469
    endloop
  endfacet
  facet normal 0.0 0.0 1.0
    outer loop
      vertex 4.0 9.0 15.015027046203613
      vertex 3.0 10.0 15.015027046203613
      vertex 3.0 9.0 15.015027046203613
    endloop
  endfacet
  facet normal 0.0 0.0 1.0
    outer loop
      vertex 4.0 10.0 15.015027046203613
      vertex 3.0 10.0 15.015027046203613
      vertex 4.0 9.0 15.015027046203613
    endloop
  endfacet
  facet normal 0.0 0.0 -1.0
    outer loop
      vertex 3.0 11.0 14.990226745605469
      vertex 4.0 10.0 14.990226745605469
      vertex 3.0 10.0 14.990226745605469
    endloop
  endfacet
  facet normal 0.0 0.0 -1.0
    outer loop
      vertex 3.0 11.0 14.990226745605469
      vertex 4.0 11.0 14.990226745605469
      vertex 4.0 10.0 14.990226745605469
    endloop
  endfacet
  facet normal 0.0 0.0 1.0
    outer loop
      vertex 4.0 10.0 15.015027046203613
      vertex 3.0 11.0 15.015027046203613
      vertex 3.0 10.0 15.015027046203613
    endloop
  endfacet
  facet normal 0.0 0.0 1.0
    outer loop
      vertex 4.0 11.0 15.015027046203613
      vertex 3.0 11.0 15.015027046203613
      vertex 4.0 10.0 15.015027046203613
    endloop
  endfacet
  facet normal 0.0 0.0 -1.0
    outer loop
      vertex 3.0 12.0 14.990226745605469
      vertex 4.0 11.0 14.990226745605469
      vertex 3.0 11.0 14.990226745605469
    endloop
  endfacet
  facet normal 0.0 0.0 -1.0
    outer loop
      vertex 3.0 12.0 14.990226745605469
      vertex 4.0 12.0 14.990226745605469
      vertex 4.0 11.0 14.990226745605469
    endloop
  endfacet
  facet normal 0.0 0.0 1.0
    outer loop
      vertex 4.0 11.0 15.015027046203613
      vertex 3.0 12.0 15.015027046203613
      vertex 3.0 11.0 15.015027046203613
    endloop
  endfacet
  facet normal 0.0 0.0 1.0
    outer loop
      vertex 4.0 12.0 15.015027046203613
      vertex 3.0 12.0 15.015027046203613
      vertex 4.0 11.0 15.015027046203613
    endloop
  endfacet
  facet normal 0.0 0.0 -1.0
    outer loop
      vertex 3.0 13.0 14.990226745605469
      vertex 4.0 12.0 14.990226745605469
      vertex 3.0 12.0 14.990226745605469
    endloop
  endfacet
  facet normal 0.0 0.0 -1.0
    outer loop
      vertex 3.0 13.0 14.990226745605469
      vertex 4.0 13.0 14.990226745605469
      vertex 4.0 12.0 14.990226745605469
    endloop
  endfacet
  facet normal 0.0 0.0 1.0
    outer loop
      vertex 4.0 12.0 15.015027046203613
      vertex 3.0 13.0 15.015027046203613
      vertex 3.0 12.0 15.015027046203613
    endloop
  endfacet
  facet normal 0.0 0.0 1.0
    outer loop
      vertex 4.0 13.0 15.015027046203613
      vertex 3.0 13.0 15.015027046203613
      vertex 4.0 12.0 15.015027046203613
    endloop
  endfacet
  facet normal 0.0 0.0 -1.0
    outer loop
      vertex 3.0 14.0 14.990226745605469
      vertex 4.0 13.0 14.990226745605469
      vertex 3.0 13.0 14.990226745605469
    endloop
  endfacet
  facet normal 0.0 0.0 -1.0
    outer loop
      vertex 3.0 14.0 14.990226745605469
      vertex 4.0 14.0 14.990226745605469
      vertex 4.0 13.0 14.990226745605469
    endloop
  endfacet
  facet normal 0.0 0.0 1.0
    outer loop
      vertex 4.0 13.0 15.015027046203613
      vertex 3.0 14.0 15.015027046203613
      vertex 3.0 13.0 15.015027046203613
    endloop
  endfacet
  facet normal 0.0 0.0 1.0
    outer loop
      vertex 4.0 14.0 15.015027046203613
      vertex 3.0 14.0 15.015027046203613
      vertex 4.0 13.0 15.015027046203613
    endloop
  endfacet
  facet normal 0.0 0.0 -1.0
    outer loop
      vertex 3.0 15.0 14.990226745605469
      vertex 4.0 14.0 14.990226745605469
      vertex 3.0 14.0 14.990226745605469
    endloop
  endfacet
  facet normal 0.0 0.0 -1.0
    outer loop
      vertex 3.0 15.0 14.990226745605469
      vertex 4.0 15.0 14.990226745605469
      vertex 4.0 14.0 14.990226745605469
    endloop
  endfacet
  facet normal 0.0 0.0 1.0
    outer loop
      vertex 4.0 14.0 15.015027046203613
      vertex 3.0 15.0 15.015027046203613
      vertex 3.0 14.0 15.015027046203613
    endloop
  endfacet
  facet normal 0.0 0.0 1.0
    outer loop
      vertex 4.0 15.0 15.015027046203613
      vertex 3.0 15.0 15.015027046203613
      vertex 4.0 14.0 15.015027046203613
    endloop
  endfacet
  facet normal 0.0 0.0 -1.0
    outer loop
      vertex 3.0 16.0 14.990226745605469
      vertex 4.0 15.0 14.990226745605469
      vertex 3.0 15.0 14.990226745605469
    endloop
  endfacet
  facet normal 0.0 0.0 -1.0
    outer loop
      vertex 3.0 16.0 14.990226745605469
      vertex 4.0 16.0 14.990226745605469
      vertex 4.0 15.0 14.990226745605469
    endloop
  endfacet
  facet normal 0.0 0.0 1.0
    outer loop
      vertex 4.0 15.0 15.015027046203613
      vertex 3.0 16.0 15.015027046203613
      vertex 3.0 15.0 15.015027046203613
    endloop
  endfacet
  facet normal 0.0 0.0 1.0
    outer loop
      vertex 4.0 16.0 15.015027046203613
      vertex 3.0 16.0 15.015027046203613
      vertex 4.0 15.0 15.015027046203613
    endloop
  endfacet
  facet normal 0.0 0.0 -1.0
    outer loop
      vertex 3.0 17.0 14.990226745605469
      vertex 4.0 16.0 14.990226745605469
      vertex 3.0 16.0 14.990226745605469
    endloop
  endfacet
  facet normal 0.0 0.0 -1.0
    outer loop
      vertex 3.0 17.0 14.990226745605469
      vertex 4.0 17.0 14.990226745605469
      vertex 4.0 16.0 14.990226745605469
    endloop
  endfacet
  facet normal 0.0 0.0 1.0
    outer loop
      vertex 4.0 16.0 15.015027046203613
      vertex 3.0 17.0 15.015027046203613
      vertex 3.0 16.0 15.015027046203613
    endloop
  endfacet
  facet normal 0.0 0.0 1.0
    outer loop
      vertex 4.0 17.0 15.015027046203613
      vertex 3.0 17.0 15.015027046203613
      vertex 4.0 16.0 15.015027046203613
    endloop
  endfacet
  facet normal 0.0 0.0 -1.0
    outer loop
      vertex 3.0 18.0 14.990226745605469
      vertex 4.0 17.0 14.990226745605469
      vertex 3.0 17.0 14.990226745605469
    endloop
  endfacet
  facet normal 0.0 0.0 -1.0
    outer loop
      vertex 3.0 18.0 14.990226745605469
      vertex 4.0 18.0 14.990226745605469
      vertex 4.0 17.0 14.990226745605469
    endloop
  endfacet
  facet normal 0.0 0.0 1.0
    outer loop
      vertex 4.0 17.0 15.015027046203613
      vertex 3.0 18.0 15.015027046203613
      vertex 3.0 17.0 15.015027046203613
    endloop
  endfacet
  facet normal 0.0 0.0 1.0
    outer loop
      vertex 4.0 18.0 15.015027046203613
      vertex 3.0 18.0 15.015027046203613
      vertex 4.0 17.0 15.015027046203613
    endloop
  endfacet
  facet normal 0.0 0.0 -1.0
    outer loop
      vertex 3.0 19.0 14.990226745605469
      vertex 4.0 18.0 14.990226745605469
      vertex 3.0 18.0 14.990226745605469
    endloop
  endfacet
  facet normal 0.0 0.0 -1.0
    outer loop
      vertex 3.0 19.0 14.990226745605469
      vertex 4.0 19.0 14.990226745605469
      vertex 4.0 18.0 14.990226745605469
    endloop
  endfacet
  facet normal 0.0 0.0 1.0
    outer loop
      vertex 4.0 18.0 15.015027046203613
      vertex 3.0 19.0 15.015027046203613
      vertex 3.0 18.0 15.015027046203613
    endloop
  endfacet
  facet normal 0.0 0.0 1.0
    outer loop
      vertex 4.0 19.0 15.015027046203613
      vertex 3.0 19.0 15.015027046203613
      vertex 4.0 18.0 15.015027046203613
    endloop
  endfacet
  facet normal 0.0 0.0 -1.0
    outer loop
      vertex 3.0 20.0 14.990226745605469
      vertex 4.0 19.0 14.990226745605469
      vertex 3.0 19.0 14.990226745605469
    endloop
  endfacet
  facet normal 0.0 0.0 -1.0
    outer loop
      vertex 3.0 20.0 14.990226745605469
      vertex 4.0 20.0 14.990226745605469
      vertex 4.0 19.0 14.990226745605469
    endloop
  endfacet
  facet normal 0.0 0.0 1.0
    outer loop
      vertex 4.0 19.0 15.015027046203613
      vertex 3.0 20.0 15.015027046203613
      vertex 3.0 19.0 15.015027046203613
    endloop
  endfacet
  facet normal 0.0 0.0 1.0
    outer loop
      vertex 4.0 20.0 15.015027046203613
      vertex 3.0 20.0 15.015027046203613
      vertex 4.0 19.0 15.015027046203613
    endloop
  endfacet
  facet normal 0.0 0.7040086388587952 -0.7101913690567017
    outer loop
      vertex 4.0 20.009859085083008 15.0
      vertex 4.0 20.0 14.990226745605469
      vertex 3.0 20.0 14.990226745605469
    endloop
  endfacet
  facet normal 0.0 0.7040086388587952 -0.7101913690567017
    outer loop
      vertex 4.0 20.009859085083008 15.0
      vertex 3.0 20.0 14.990226745605469
      vertex 3.0 20.009859085083008 15.0
    endloop
  endfacet
  facet normal 0.0 0.8361095190048218 0.5485625863075256
    outer loop
      vertex 3.0 20.009859085083008 15.0
      vertex 3.0 20.0 15.015027046203613
      vertex 4.0 20.0 15.015027046203613
    endloop
  endfacet
  facet normal -0.0 0.8361095190048218 0.5485625863075256
    outer loop
      vertex 3.0 20.009859085083008 15.0
      vertex 4.0 20.0 15.015027046203613
      vertex 4.0 20.009859085083008 15.0
    endloop
  endfacet
  facet normal 0.0 -0.7039828896522522 -0.7102169394493103
    outer loop
      vertex 5.0 3.0 14.990226745605469
      vertex 5.0 2.990140199661255 15.0
      vertex 4.0 2.990140199661255 15.0
    endloop
  endfacet
  facet normal -0.0 -0.7039828896522522 -0.7102169394493103
    outer loop
      vertex 5.0 3.0 14.990226745605469
      vertex 4.0 2.990140199661255 15.0
      vertex 4.0 3.0 14.990226745605469
    endloop
  endfacet
  facet normal 0.0 -0.8360912203788757 0.548590362071991
    outer loop
      vertex 4.0 3.0 15.015027046203613
      vertex 4.0 2.990140199661255 15.0
      vertex 5.0 2.990140199661255 15.0
    endloop
  endfacet
  facet normal 0.0 -0.8360912203788757 0.548590362071991
    outer loop
      vertex 4.0 3.0 15.015027046203613
      vertex 5.0 2.990140199661255 15.0
      vertex 5.0 3.0 15.015027046203613
    endloop
  endfacet
  facet normal 0.0 0.0 -1.0
    outer loop
      vertex 4.0 4.0 14.990226745605469
      vertex 5.0 3.0 14.990226745605469
      vertex 4.0 3.0 14.990226745605469
    endloop
  endfacet
  facet normal 0.0 0.0 -1.0
    outer loop
      vertex 4.0 4.0 14.990226745605469
      vertex 5.0 4.0 14.990226745605469
      vertex 5.0 3.0 14.990226745605469
    endloop
  endfacet
  facet normal 0.0 0.0 1.0
    outer loop
      vertex 5.0 3.0 15.015027046203613
      vertex 4.0 4.0 15.015027046203613
      vertex 4.0 3.0 15.015027046203613
    endloop
  endfacet
  facet normal 0.0 0.0 1.0
    outer loop
      vertex 5.0 4.0 15.015027046203613
      vertex 4.0 4.0 15.015027046203613
      vertex 5.0 3.0 15.015027046203613
    endloop
  endfacet
  facet normal 0.0 0.0 -1.0
    outer loop
      vertex 4.0 5.0 14.990226745605469
      vertex 5.0 4.0 14.990226745605469
      vertex 4.0 4.0 14.990226745605469
    endloop
  endfacet
  facet normal 0.0 0.0 -1.0
    outer loop
      vertex 4.0 5.0 14.990226745605469
      vertex 5.0 5.0 14.990226745605469
      vertex 5.0 4.0 14.990226745605469
    endloop
  endfacet
  facet normal 0.0 0.0 1.0
    outer loop
      vertex 5.0 4.0 15.015027046203613
      vertex 4.0 5.0 15.015027046203613
      vertex 4.0 4.0 15.015027046203613
    endloop
  endfacet
  facet normal 0.0 0.0 1.0
    outer loop
      vertex 5.0 5.0 15.015027046203613
      vertex 4.0 5.0 15.015027046203613
      vertex 5.0 4.0 15.015027046203613
    endloop
  endfacet
  facet normal 0.0 0.0 -1.0
    outer loop
      vertex 4.0 6.0 14.990226745605469
      vertex 5.0 5.0 14.990226745605469
      vertex 4.0 5.0 14.990226745605469
    endloop
  endfacet
  facet normal 0.0 0.0 -1.0
    outer loop
      vertex 4.0 6.0 14.990226745605469
      vertex 5.0 6.0 14.990226745605469
      vertex 5.0 5.0 14.990226745605469
    endloop
  endfacet
  facet normal 0.0 0.0 1.0
    outer loop
      vertex 5.0 5.0 15.015027046203613
      vertex 4.0 6.0 15.015027046203613
      vertex 4.0 5.0 15.015027046203613
    endloop
  endfacet
  facet normal 0.0 0.0 1.0
    outer loop
      vertex 5.0 6.0 15.015027046203613
      vertex 4.0 6.0 15.015027046203613
      vertex 5.0 5.0 15.015027046203613
    endloop
  endfacet
  facet normal 0.0 0.0 -1.0
    outer loop
      vertex 4.0 7.0 14.990226745605469
      vertex 5.0 6.0 14.990226745605469
      vertex 4.0 6.0 14.990226745605469
    endloop
  endfacet
  facet normal 0.0 0.0 -1.0
    outer loop
      vertex 4.0 7.0 14.990226745605469
      vertex 5.0 7.0 14.990226745605469
      vertex 5.0 6.0 14.990226745605469
    endloop
  endfacet
  facet normal 0.0 0.0 1.0
    outer loop
      vertex 5.0 6.0 15.015027046203613
      vertex 4.0 7.0 15.015027046203613
      vertex 4.0 6.0 15.015027046203613
    endloop
  endfacet
  facet normal 0.0 0.0 1.0
    outer loop
      vertex 5.0 7.0 15.015027046203613
      vertex 4.0 7.0 15.015027046203613
      vertex 5.0 6.0 15.015027046203613
    endloop
  endfacet
  facet normal 0.0 0.0 -1.0
    outer loop
      vertex 4.0 8.0 14.990226745605469
      vertex 5.0 7.0 14.990226745605469
      vertex 4.0 7.0 14.990226745605469
    endloop
  endfacet
  facet normal 0.0 0.0 -1.0
    outer loop
      vertex 4.0 8.0 14.990226745605469
      vertex 5.0 8.0 14.990226745605469
      vertex 5.0 7.0 14.990226745605469
    endloop
  endfacet
  facet normal 0.0 0.0 1.0
    outer loop
      vertex 5.0 7.0 15.015027046203613
      vertex 4.0 8.0 15.015027046203613
      vertex 4.0 7.0 15.015027046203613
    endloop
  endfacet
  facet normal 0.0 0.0 1.0
    outer loop
      vertex 5.0 8.0 15.015027046203613
      vertex 4.0 8.0 15.015027046203613
      vertex 5.0 7.0 15.015027046203613
    endloop
  endfacet
  facet normal 0.0 0.0 -1.0
    outer loop
      vertex 4.0 9.0 14.990226745605469
      vertex 5.0 8.0 14.990226745605469
      vertex 4.0 8.0 14.990226745605469
    endloop
  endfacet
  facet normal 0.0 0.0 -1.0
    outer loop
      vertex 4.0 9.0 14.990226745605469
      vertex 5.0 9.0 14.990226745605469
      vertex 5.0 8.0 14.990226745605469
    endloop
  endfacet
  facet normal 0.0 0.0 1.0
    outer loop
      vertex 5.0 8.0 15.015027046203613
      vertex 4.0 9.0 15.015027046203613
      vertex 4.0 8.0 15.015027046203613
    endloop
  endfacet
  facet normal 0.0 0.0 1.0
    outer loop
      vertex 5.0 9.0 15.015027046203613
      vertex 4.0 9.0 15.015027046203613
      vertex 5.0 8.0 15.015027046203613
    endloop
  endfacet
  facet normal 0.0 0.0 -1.0
    outer loop
      vertex 4.0 10.0 14.990226745605469
      vertex 5.0 9.0 14.990226745605469
      vertex 4.0 9.0 14.990226745605469
    endloop
  endfacet
  facet normal 0.0 0.0 -1.0
    outer loop
      vertex 4.0 10.0 14.990226745605469
      vertex 5.0 10.0 14.990226745605469
      vertex 5.0 9.0 14.990226745605469
    endloop
  endfacet
  facet normal 0.0 0.0 1.0
    outer loop
      vertex 5.0 9.0 15.015027046203613
      vertex 4.0 10.0 15.015027046203613
      vertex 4.0 9.0 15.015027046203613
    endloop
  endfacet
  facet normal 0.0 0.0 1.0
    outer loop
      vertex 5.0 10.0 15.015027046203613
      vertex 4.0 10.0 15.015027046203613
      vertex 5.0 9.0 15.015027046203613
    endloop
  endfacet
  facet normal 0.0 0.0 -1.0
    outer loop
      vertex 4.0 11.0 14.990226745605469
      vertex 5.0 10.0 14.990226745605469
      vertex 4.0 10.0 14.990226745605469
    endloop
  endfacet
  facet normal 0.0 0.0 -1.0
    outer loop
      vertex 4.0 11.0 14.990226745605469
      vertex 5.0 11.0 14.990226745605469
      vertex 5.0 10.0 14.990226745605469
    endloop
  endfacet
  facet normal 0.0 0.0 1.0
    outer loop
      vertex 5.0 10.0 15.015027046203613
      vertex 4.0 11.0 15.015027046203613
      vertex 4.0 10.0 15.015027046203613
    endloop
  endfacet
  facet normal 0.0 0.0 1.0
    outer loop
      vertex 5.0 11.0 15.015027046203613
      vertex 4.0 11.0 15.015027046203613
      vertex 5.0 10.0 15.015027046203613
    endloop
  endfacet
  facet normal 0.0 0.0 -1.0
    outer loop
      vertex 4.0 12.0 14.990226745605469
      vertex 5.0 11.0 14.990226745605469
      vertex 4.0 11.0 14.990226745605469
    endloop
  endfacet
  facet normal 0.0 0.0 -1.0
    outer loop
      vertex 4.0 12.0 14.990226745605469
      vertex 5.0 12.0 14.990226745605469
      vertex 5.0 11.0 14.990226745605469
    endloop
  endfacet
  facet normal 0.0 0.0 1.0
    outer loop
      vertex 5.0 11.0 15.015027046203613
      vertex 4.0 12.0 15.015027046203613
      vertex 4.0 11.0 15.015027046203613
    endloop
  endfacet
  facet normal 0.0 0.0 1.0
    outer loop
      vertex 5.0 12.0 15.015027046203613
      vertex 4.0 12.0 15.015027046203613
      vertex 5.0 11.0 15.015027046203613
    endloop
  endfacet
  facet normal 0.0 0.0 -1.0
    outer loop
      vertex 4.0 13.0 14.990226745605469
      vertex 5.0 12.0 14.990226745605469
      vertex 4.0 12.0 14.990226745605469
    endloop
  endfacet
  facet normal 0.0 0.0 -1.0
    outer loop
      vertex 4.0 13.0 14.990226745605469
      vertex 5.0 13.0 14.990226745605469
      vertex 5.0 12.0 14.990226745605469
    endloop
  endfacet
  facet normal 0.0 0.0 1.0
    outer loop
      vertex 5.0 12.0 15.015027046203613
      vertex 4.0 13.0 15.015027046203613
      vertex 4.0 12.0 15.015027046203613
    endloop
  endfacet
  facet normal 0.0 0.0 1.0
    outer loop
      vertex 5.0 13.0 15.015027046203613
      vertex 4.0 13.0 15.015027046203613
      vertex 5.0 12.0 15.015027046203613
    endloop
  endfacet
  facet normal 0.0 0.0 -1.0
    outer loop
      vertex 4.0 14.0 14.990226745605469
      vertex 5.0 13.0 14.990226745605469
      vertex 4.0 13.0 14.990226745605469
    endloop
  endfacet
  facet normal 0.0 0.0 -1.0
    outer loop
      vertex 4.0 14.0 14.990226745605469
      vertex 5.0 14.0 14.990226745605469
      vertex 5.0 13.0 14.990226745605469
    endloop
  endfacet
  facet normal 0.0 0.0 1.0
    outer loop
      vertex 5.0 13.0 15.015027046203613
      vertex 4.0 14.0 15.015027046203613
      vertex 4.0 13.0 15.015027046203613
    endloop
  endfacet
  facet normal 0.0 0.0 1.0
    outer loop
      vertex 5.0 14.0 15.015027046203613
      vertex 4.0 14.0 15.015027046203613
      vertex 5.0 13.0 15.015027046203613
    endloop
  endfacet
  facet normal 0.0 0.0 -1.0
    outer loop
      vertex 4.0 15.0 14.990226745605469
      vertex 5.0 14.0 14.990226745605469
      vertex 4.0 14.0 14.990226745605469
    endloop
  endfacet
  facet normal 0.0 0.0 -1.0
    outer loop
      vertex 4.0 15.0 14.990226745605469
      vertex 5.0 15.0 14.990226745605469
      vertex 5.0 14.0 14.990226745605469
    endloop
  endfacet
  facet normal 0.0 0.0 1.0
    outer loop
      vertex 5.0 14.0 15.015027046203613
      vertex 4.0 15.0 15.015027046203613
      vertex 4.0 14.0 15.015027046203613
    endloop
  endfacet
  facet normal 0.0 0.0 1.0
    outer loop
      vertex 5.0 15.0 15.015027046203613
      vertex 4.0 15.0 15.015027046203613
      vertex 5.0 14.0 15.015027046203613
    endloop
  endfacet
  facet normal 0.0 0.0 -1.0
    outer loop
      vertex 4.0 16.0 14.990226745605469
      vertex 5.0 15.0 14.990226745605469
      vertex 4.0 15.0 14.990226745605469
    endloop
  endfacet
  facet normal 0.0 0.0 -1.0
    outer loop
      vertex 4.0 16.0 14.990226745605469
      vertex 5.0 16.0 14.990226745605469
      vertex 5.0 15.0 14.990226745605469
    endloop
  endfacet
  facet normal 0.0 0.0 1.0
    outer loop
      vertex 5.0 15.0 15.015027046203613
      vertex 4.0 16.0 15.015027046203613
      vertex 4.0 15.0 15.015027046203613
    endloop
  endfacet
  facet normal 0.0 0.0 1.0
    outer loop
      vertex 5.0 16.0 15.015027046203613
      vertex 4.0 16.0 15.015027046203613
      vertex 5.0 15.0 15.015027046203613
    endloop
  endfacet
  facet normal 0.0 0.0 -1.0
    outer loop
      vertex 4.0 17.0 14.990226745605469
      vertex 5.0 16.0 14.990226745605469
      vertex 4.0 16.0 14.990226745605469
    endloop
  endfacet
  facet normal 0.0 0.0 -1.0
    outer loop
      vertex 4.0 17.0 14.990226745605469
      vertex 5.0 17.0 14.990226745605469
      vertex 5.0 16.0 14.990226745605469
    endloop
  endfacet
  facet normal 0.0 0.0 1.0
    outer loop
      vertex 5.0 16.0 15.015027046203613
      vertex 4.0 17.0 15.015027046203613
      vertex 4.0 16.0 15.015027046203613
    endloop
  endfacet
  facet normal 0.0 0.0 1.0
    outer loop
      vertex 5.0 17.0 15.015027046203613
      vertex 4.0 17.0 15.015027046203613
      vertex 5.0 16.0 15.015027046203613
    endloop
  endfacet
  facet normal 0.0 0.0 -1.0
    outer loop
      vertex 4.0 18.0 14.990226745605469
      vertex 5.0 17.0 14.990226745605469
      vertex 4.0 17.0 14.990226745605469
    endloop
  endfacet
  facet normal 0.0 0.0 -1.0
    outer loop
      vertex 4.0 18.0 14.990226745605469
      vertex 5.0 18.0 14.990226745605469
      vertex 5.0 17.0 14.990226745605469
    endloop
  endfacet
  facet normal 0.0 0.0 1.0
    outer loop
      vertex 5.0 17.0 15.015027046203613
      vertex 4.0 18.0 15.015027046203613
      vertex 4.0 17.0 15.015027046203613
    endloop
  endfacet
  facet normal 0.0 0.0 1.0
    outer loop
      vertex 5.0 18.0 15.015027046203613
      vertex 4.0 18.0 15.015027046203613
      vertex 5.0 17.0 15.015027046203613
    endloop
  endfacet
  facet normal 0.0 0.0 -1.0
    outer loop
      vertex 4.0 19.0 14.990226745605469
      vertex 5.0 18.0 14.990226745605469
      vertex 4.0 18.0 14.990226745605469
    endloop
  endfacet
  facet normal 0.0 0.0 -1.0
    outer loop
      vertex 4.0 19.0 14.990226745605469
      vertex 5.0 19.0 14.990226745605469
      vertex 5.0 18.0 14.990226745605469
    endloop
  endfacet
  facet normal 0.0 0.0 1.0
    outer loop
      vertex 5.0 18.0 15.015027046203613
      vertex 4.0 19.0 15.015027046203613
      vertex 4.0 18.0 15.015027046203613
    endloop
  endfacet
  facet normal 0.0 0.0 1.0
    outer loop
      vertex 5.0 19.0 15.015027046203613
      vertex 4.0 19.0 15.015027046203613
      vertex 5.0 18.0 15.015027046203613
    endloop
  endfacet
  facet normal 0.0 0.0 -1.0
    outer loop
      vertex 4.0 20.0 14.990226745605469
      vertex 5.0 19.0 14.990226745605469
      vertex 4.0 19.0 14.990226745605469
    endloop
  endfacet
  facet normal 0.0 0.0 -1.0
    outer loop
      vertex 4.0 20.0 14.990226745605469
      vertex 5.0 20.0 14.990226745605469
      vertex 5.0 19.0 14.990226745605469
    endloop
  endfacet
  facet normal 0.0 0.0 1.0
    outer loop
      vertex 5.0 19.0 15.015027046203613
      vertex 4.0 20.0 15.015027046203613
      vertex 4.0 19.0 15.015027046203613
    endloop
  endfacet
  facet normal 0.0 0.0 1.0
    outer loop
      vertex 5.0 20.0 15.015027046203613
      vertex 4.0 20.0 15.015027046203613
      vertex 5.0 19.0 15.015027046203613
    endloop
  endfacet
  facet normal 0.0 0.7040086388587952 -0.7101913690567017
    outer loop
      vertex 5.0 20.009859085083008 15.0
      vertex 5.0 20.0 14.990226745605469
      vertex 4.0 20.0 14.990226745605469
    endloop
  endfacet
  facet normal 0.0 0.7040086388587952 -0.7101913690567017
    outer loop
      vertex 5.0 20.009859085083008 15.0
      vertex 4.0 20.0 14.990226745605469
      vertex 4.0 20.009859085083008 15.0
    endloop
  endfacet
  facet normal 0.0 0.8361095190048218 0.5485625863075256
    outer loop
      vertex 4.0 20.009859085083008 15.0
      vertex 4.0 20.0 15.015027046203613
      vertex 5.0 20.0 15.015027046203613
    endloop
  endfacet
  facet normal -0.0 0.8361095190048218 0.5485625863075256
    outer loop
      vertex 4.0 20.009859085083008 15.0
      vertex 5.0 20.0 15.015027046203613
      vertex 5.0 20.009859085083008 15.0
    endloop
  endfacet
  facet normal 0.0 -0.7039828896522522 -0.7102169394493103
    outer loop
      vertex 6.0 3.0 14.990226745605469
      vertex 6.0 2.990140199661255 15.0
      vertex 5.0 2.990140199661255 15.0
    endloop
  endfacet
  facet normal -0.0 -0.7039828896522522 -0.7102169394493103
    outer loop
      vertex 6.0 3.0 14.990226745605469
      vertex 5.0 2.990140199661255 15.0
      vertex 5.0 3.0 14.990226745605469
    endloop
  endfacet
  facet normal 0.0 -0.8360912203788757 0.548590362071991
    outer loop
      vertex 5.0 3.0 15.015027046203613
      vertex 5.0 2.990140199661255 15.0
      vertex 6.0 2.990140199661255 15.0
    endloop
  endfacet
  facet normal 0.0 -0.8360912203788757 0.548590362071991
    outer loop
      vertex 5.0 3.0 15.015027046203613
      vertex 6.0 2.990140199661255 15.0
      vertex 6.0 3.0 15.015027046203613
    endloop
  endfacet
  facet normal 0.0 0.0 -1.0
    outer loop
      vertex 5.0 4.0 14.990226745605469
      vertex 6.0 3.0 14.990226745605469
      vertex 5.0 3.0 14.990226745605469
    endloop
  endfacet
  facet normal 0.0 0.0 -1.0
    outer loop
      vertex 5.0 4.0 14.990226745605469
      vertex 6.0 4.0 14.990226745605469
      vertex 6.0 3.0 14.990226745605469
    endloop
  endfacet
  facet normal 0.0 0.0 1.0
    outer loop
      vertex 6.0 3.0 15.015027046203613
      vertex 5.0 4.0 15.015027046203613
      vertex 5.0 3.0 15.015027046203613
    endloop
  endfacet
  facet normal 0.0 0.0 1.0
    outer loop
      vertex 6.0 4.0 15.015027046203613
      vertex 5.0 4.0 15.015027046203613
      vertex 6.0 3.0 15.015027046203613
    endloop
  endfacet
  facet normal 0.0 0.0 -1.0
    outer loop
      vertex 5.0 5.0 14.990226745605469
      vertex 6.0 4.0 14.990226745605469
      vertex 5.0 4.0 14.990226745605469
    endloop
  endfacet
  facet normal 0.0 0.0 -1.0
    outer loop
      vertex 5.0 5.0 14.990226745605469
      vertex 6.0 5.0 14.990226745605469
      vertex 6.0 4.0 14.990226745605469
    endloop
  endfacet
  facet normal 0.0 0.0 1.0
    outer loop
      vertex 6.0 4.0 15.015027046203613
      vertex 5.0 5.0 15.015027046203613
      vertex 5.0 4.0 15.015027046203613
    endloop
  endfacet
  facet normal 0.0 0.0 1.0
    outer loop
      vertex 6.0 5.0 15.015027046203613
      vertex 5.0 5.0 15.015027046203613
      vertex 6.0 4.0 15.015027046203613
    endloop
  endfacet
  facet normal 0.0 0.0 -1.0
    outer loop
      vertex 5.0 6.0 14.990226745605469
      vertex 6.0 5.0 14.990226745605469
      vertex 5.0 5.0 14.990226745605469
    endloop
  endfacet
  facet normal 0.0 0.0 -1.0
    outer loop
      vertex 5.0 6.0 14.990226745605469
      vertex 6.0 6.0 14.990226745605469
      vertex 6.0 5.0 14.990226745605469
    endloop
  endfacet
  facet normal 0.0 0.0 1.0
    outer loop
      vertex 6.0 5.0 15.015027046203613
      vertex 5.0 6.0 15.015027046203613
      vertex 5.0 5.0 15.015027046203613
    endloop
  endfacet
  facet normal 0.0 0.0 1.0
    outer loop
      vertex 6.0 6.0 15.015027046203613
      vertex 5.0 6.0 15.015027046203613
      vertex 6.0 5.0 15.015027046203613
    endloop
  endfacet
  facet normal 0.0 0.0 -1.0
    outer loop
      vertex 5.0 7.0 14.990226745605469
      vertex 6.0 6.0 14.990226745605469
      vertex 5.0 6.0 14.990226745605469
    endloop
  endfacet
  facet normal -0.0004911421565338969 -0.0004911421565338969 -0.9999997615814209
    outer loop
      vertex 5.0 7.0 14.990226745605469
      vertex 6.0 7.0 14.98973560333252
      vertex 6.0 6.0 14.990226745605469
    endloop
  endfacet
  facet normal 0.0 0.0 1.0
    outer loop
      vertex 6.0 6.0 15.015027046203613
      vertex 5.0 7.0 15.015027046203613
      vertex 5.0 6.0 15.015027046203613
    endloop
  endfacet
  facet normal 0.0 0.0 1.0
    outer loop
      vertex 6.0 7.0 15.015027046203613
      vertex 5.0 7.0 15.015027046203613
      vertex 6.0 6.0 15.015027046203613
    endloop
  endfacet
  facet normal 0.1814521998167038 0.1814521998167038 -0.9665144681930542
    outer loop
      vertex 5.0 8.0 14.990226745605469
      vertex 5.05205774307251 8.0 15.0
      vertex 6.0 7.05205774307251 15.0
    endloop
  endfacet
  facet normal 0.1894715428352356 0.18994468450546265 -0.9633387923240662
    outer loop
      vertex 6.0 7.0 14.98973560333252
      vertex 5.0 8.0 14.990226745605469
      vertex 6.0 7.05205774307251 15.0
    endloop
  endfacet
  facet normal -0.0004911422147415578 0.0 -0.9999998807907104
    outer loop
      vertex 5.0 7.0 14.990226745605469
      vertex 5.0 8.0 14.990226745605469
      vertex 6.0 7.0 14.98973560333252
    endloop
  endfacet
  facet normal 0.267250120639801 0.267250120639801 0.9258265495300293
    outer loop
      vertex 6.0 7.0 15.015027046203613
      vertex 6.0 7.05205774307251 15.0
      vertex 5.05205774307251 8.0 15.0
    endloop
  endfacet
  facet normal 0.267250120639801 0.267250120639801 0.9258264899253845
    outer loop
      vertex 5.0 8.0 15.015027046203613
      vertex 6.0 7.0 15.015027046203613
      vertex 5.05205774307251 8.0 15.0
    endloop
  endfacet
  facet normal 0.0 0.0 1.0
    outer loop
      vertex 5.0 7.0 15.015027046203613
      vertex 6.0 7.0 15.015027046203613
      vertex 5.0 8.0 15.015027046203613
    endloop
  endfacet
  facet normal 0.25018948316574097 0.0035619293339550495 -0.9681903719902039
    outer loop
      vertex 5.0 9.0 14.990226745605469
      vertex 5.037820816040039 9.0 15.0
      vertex 5.05205774307251 8.0 15.0
    endloop
  endfacet
  facet normal 0.18451519310474396 0.0 -0.9828296899795532
    outer loop
      vertex 5.0 9.0 14.990226745605469
      vertex 5.05205774307251 8.0 15.0
      vertex 5.0 8.0 14.990226745605469
    endloop
  endfacet
  facet normal 0.3692443072795868 0.0 0.9293323755264282
    outer loop
      vertex 5.037820816040039 9.0 15.0
      vertex 5.0 9.0 15.015027046203613
      vertex 5.0 8.0 15.015027046203613
    endloop
  endfacet
  facet normal 0.2773354947566986 0.003948405385017395 0.9607650637626648
    outer loop
      vertex 5.037820816040039 9.0 15.0
      vertex 5.0 8.0 15.015027046203613
      vertex 5.05205774307251 8.0 15.0
    endloop
  endfacet
  facet normal 0.2527320981025696 0.00010255547385895625 -0.9675362706184387
    outer loop
      vertex 5.0 10.0 14.990226745605469
      vertex 5.037415027618408 10.0 15.0
      vertex 5.037820816040039 9.0 15.0
    endloop
  endfacet
  facet normal 0.2501910626888275 0.0 -0.968196451663971
    outer loop
      vertex 5.0 10.0 14.990226745605469
      vertex 5.037820816040039 9.0 15.0
      vertex 5.0 9.0 14.990226745605469
    endloop
  endfacet
  facet normal 0.37269526720046997 0.0 0.9279537796974182
    outer loop
      vertex 5.037415027618408 10.0 15.0
      vertex 5.0 10.0 15.015027046203613
      vertex 5.0 9.0 15.015027046203613
    endloop
  endfacet
  facet normal 0.3692442774772644 0.00014983504661358893 0.9293323159217834
    outer loop
      vertex 5.037415027618408 10.0 15.0
      vertex 5.0 9.0 15.015027046203613
      vertex 5.037820816040039 9.0 15.0
    endloop
  endfacet
  facet normal 0.25274714827537537 6.021257945576508e-07 -0.9675323367118835
    outer loop
      vertex 5.0 11.0 14.990226745605469
      vertex 5.037412643432617 11.0 15.0
      vertex 5.037415027618408 10.0 15.0
    endloop
  endfacet
  facet normal 0.2527320981025696 0.0 -0.9675362706184387
    outer loop
      vertex 5.0 11.0 14.990226745605469
      vertex 5.037415027618408 10.0 15.0
      vertex 5.0 10.0 14.990226745605469
    endloop
  endfacet
  facet normal 0.3727157413959503 0.0 0.9279455542564392
    outer loop
      vertex 5.037412643432617 11.0 15.0
      vertex 5.0 11.0 15.015027046203613
      vertex 5.0 10.0 15.015027046203613
    endloop
  endfacet
  facet normal 0.37269526720046997 8.885747888598416e-07 0.9279537796974182
    outer loop
      vertex 5.037412643432617 11.0 15.0
      vertex 5.0 10.0 15.015027046203613
      vertex 5.037415027618408 10.0 15.0
    endloop
  endfacet
  facet normal 0.25274717807769775 0.0 -0.9675323963165283
    outer loop
      vertex 5.0 12.0 14.990226745605469
      vertex 5.037412643432617 12.0 15.0
      vertex 5.037412643432617 11.0 15.0
    endloop
  endfacet
  facet normal 0.25274717807769775 0.0 -0.9675323963165283
    outer loop
      vertex 5.0 12.0 14.990226745605469
      vertex 5.037412643432617 11.0 15.0
      vertex 5.0 11.0 14.990226745605469
    endloop
  endfacet
  facet normal 0.3727157413959503 0.0 0.9279455542564392
    outer loop
      vertex 5.037412643432617 12.0 15.0
      vertex 5.0 12.0 15.015027046203613
      vertex 5.0 11.0 15.015027046203613
    endloop
  endfacet
  facet normal 0.3727157413959503 0.0 0.9279455542564392
    outer loop
      vertex 5.037412643432617 12.0 15.0
      vertex 5.0 11.0 15.015027046203613
      vertex 5.037412643432617 11.0 15.0
    endloop
  endfacet
  facet normal 0.2527320981025696 -6.020898695169308e-07 -0.9675362706184387
    outer loop
      vertex 5.0 13.0 14.990226745605469
      vertex 5.037415027618408 13.0 15.0
      vertex 5.037412643432617 12.0 15.0
    endloop
  endfacet
  facet normal 0.25274717807769775 0.0 -0.9675323963165283
    outer loop
      vertex 5.0 13.0 14.990226745605469
      vertex 5.037412643432617 12.0 15.0
      vertex 5.0 12.0 14.990226745605469
    endloop
  endfacet
  facet normal 0.37269526720046997 0.0 0.9279537796974182
    outer loop
      vertex 5.037415027618408 13.0 15.0
      vertex 5.0 13.0 15.015027046203613
      vertex 5.0 12.0 15.015027046203613
    endloop
  endfacet
  facet normal 0.3727157413959503 -8.886235605132242e-07 0.9279455542564392
    outer loop
      vertex 5.037415027618408 13.0 15.0
      vertex 5.0 12.0 15.015027046203613
      vertex 5.037412643432617 12.0 15.0
    endloop
  endfacet
  facet normal 0.2501910626888275 -0.00010152436152566224 -0.968196451663971
    outer loop
      vertex 5.0 14.0 14.990226745605469
      vertex 5.037820816040039 14.0 15.0
      vertex 5.037415027618408 13.0 15.0
    endloop
  endfacet
  facet normal 0.2527320981025696 0.0 -0.9675362706184387
    outer loop
      vertex 5.0 14.0 14.990226745605469
      vertex 5.037415027618408 13.0 15.0
      vertex 5.0 13.0 14.990226745605469
    endloop
  endfacet
  facet normal 0.3692443072795868 0.0 0.9293323755264282
    outer loop
      vertex 5.037820816040039 14.0 15.0
      vertex 5.0 14.0 15.015027046203613
      vertex 5.0 13.0 15.015027046203613
    endloop
  endfacet
  facet normal 0.37269526720046997 -0.00015123542107176036 0.9279537796974182
    outer loop
      vertex 5.037820816040039 14.0 15.0
      vertex 5.0 13.0 15.015027046203613
      vertex 5.037415027618408 13.0 15.0
    endloop
  endfacet
  facet normal 0.18451456725597382 -0.0026269203517585993 -0.982826292514801
    outer loop
      vertex 5.0 15.0 14.990226745605469
      vertex 5.05205774307251 15.0 15.0
      vertex 5.037820816040039 14.0 15.0
    endloop
  endfacet
  facet normal 0.2501910626888275 0.0 -0.968196451663971
    outer loop
      vertex 5.0 15.0 14.990226745605469
      vertex 5.037820816040039 14.0 15.0
      vertex 5.0 14.0 14.990226745605469
    endloop
  endfacet
  facet normal 0.2773376703262329 0.0 0.9607725143432617
    outer loop
      vertex 5.05205774307251 15.0 15.0
      vertex 5.0 15.0 15.015027046203613
      vertex 5.0 14.0 15.015027046203613
    endloop
  endfacet
  facet normal 0.3692392110824585 -0.005256831180304289 0.9293195605278015
    outer loop
      vertex 5.05205774307251 15.0 15.0
      vertex 5.0 14.0 15.015027046203613
      vertex 5.037820816040039 14.0 15.0
    endloop
  endfacet
  facet normal 0.18992933630943298 -0.18992923200130463 -0.9632515907287598
    outer loop
      vertex 6.0 16.0 14.98973560333252
      vertex 6.0 15.947942733764648 15.0
      vertex 5.05205774307251 15.0 15.0
    endloop
  endfacet
  facet normal 0.18143655359745026 -0.18191120028495789 -0.9664311408996582
    outer loop
      vertex 5.0 15.0 14.990226745605469
      vertex 6.0 16.0 14.98973560333252
      vertex 5.05205774307251 15.0 15.0
    endloop
  endfacet
  facet normal -0.0004911422147415578 -0.0 -0.9999998807907104
    outer loop
      vertex 5.0 16.0 14.990226745605469
      vertex 6.0 16.0 14.98973560333252
      vertex 5.0 15.0 14.990226745605469
    endloop
  endfacet
  facet normal 0.267250120639801 -0.2672500014305115 0.9258265495300293
    outer loop
      vertex 5.0 15.0 15.015027046203613
      vertex 5.05205774307251 15.0 15.0
      vertex 6.0 15.947942733764648 15.0
    endloop
  endfacet
  facet normal 0.26725223660469055 -0.26725223660469055 0.9258253574371338
    outer loop
      vertex 6.0 16.0 15.015027046203613
      vertex 5.0 15.0 15.015027046203613
      vertex 6.0 15.947942733764648 15.0
    endloop
  endfacet
  facet normal -0.0 0.0 1.0
    outer loop
      vertex 5.0 16.0 15.015027046203613
      vertex 5.0 15.0 15.015027046203613
      vertex 6.0 16.0 15.015027046203613
    endloop
  endfacet
  facet normal -0.0004911422147415578 -0.0 -0.9999998807907104
    outer loop
      vertex 5.0 17.0 14.990226745605469
      vertex 6.0 16.0 14.98973560333252
      vertex 5.0 16.0 14.990226745605469
    endloop
  endfacet
  facet normal 0.0 0.0004911422147415578 -0.9999998807907104
    outer loop
      vertex 5.0 17.0 14.990226745605469
      vertex 6.0 17.0 14.990226745605469
      vertex 6.0 16.0 14.98973560333252
    endloop
  endfacet
  facet normal 0.0 0.0 1.0
    outer loop
      vertex 6.0 16.0 15.015027046203613
      vertex 5.0 17.0 15.015027046203613
      vertex 5.0 16.0 15.015027046203613
    endloop
  endfacet
  facet normal 0.0 0.0 1.0
    outer loop
      vertex 6.0 17.0 15.015027046203613
      vertex 5.0 17.0 15.015027046203613
      vertex 6.0 16.0 15.015027046203613
    endloop
  endfacet
  facet normal 0.0 0.0 -1.0
    outer loop
      vertex 5.0 18.0 14.990226745605469
      vertex 6.0 17.0 14.990226745605469
      vertex 5.0 17.0 14.990226745605469
    endloop
  endfacet
  facet normal 0.0 0.0 -1.0
    outer loop
      vertex 5.0 18.0 14.990226745605469
      vertex 6.0 18.0 14.990226745605469
      vertex 6.0 17.0 14.990226745605469
    endloop
  endfacet
  facet normal 0.0 0.0 1.0
    outer loop
      vertex 6.0 17.0 15.015027046203613
      vertex 5.0 18.0 15.015027046203613
      vertex 5.0 17.0 15.015027046203613
    endloop
  endfacet
  facet normal 0.0 0.0 1.0
    outer loop
      vertex 6.0 18.0 15.015027046203613
      vertex 5.0 18.0 15.015027046203613
      vertex 6.0 17.0 15.015027046203613
    endloop
  endfacet
  facet normal 0.0 0.0 -1.0
    outer loop
      vertex 5.0 19.0 14.990226745605469
      vertex 6.0 18.0 14.990226745605469
      vertex 5.0 18.0 14.990226745605469
    endloop
  endfacet
  facet normal 0.0 0.0 -1.0
    outer loop
      vertex 5.0 19.0 14.990226745605469
      vertex 6.0 19.0 14.990226745605469
      vertex 6.0 18.0 14.990226745605469
    endloop
  endfacet
  facet normal 0.0 0.0 1.0
    outer loop
      vertex 6.0 18.0 15.015027046203613
      vertex 5.0 19.0 15.015027046203613
      vertex 5.0 18.0 15.015027046203613
    endloop
  endfacet
  facet normal 0.0 0.0 1.0
    outer loop
      vertex 6.0 19.0 15.015027046203613
      vertex 5.0 19.0 15.015027046203613
      vertex 6.0 18.0 15.015027046203613
    endloop
  endfacet
  facet normal 0.0 0.0 -1.0
    outer loop
      vertex 5.0 20.0 14.990226745605469
      vertex 6.0 19.0 14.990226745605469
      vertex 5.0 19.0 14.990226745605469
    endloop
  endfacet
  facet normal 0.0 0.0 -1.0
    outer loop
      vertex 5.0 20.0 14.990226745605469
      vertex 6.0 20.0 14.990226745605469
      vertex 6.0 19.0 14.990226745605469
    endloop
  endfacet
  facet normal 0.0 0.0 1.0
    outer loop
      vertex 6.0 19.0 15.015027046203613
      vertex 5.0 20.0 15.015027046203613
      vertex 5.0 19.0 15.015027046203613
    endloop
  endfacet
  facet normal 0.0 0.0 1.0
    outer loop
      vertex 6.0 20.0 15.015027046203613
      vertex 5.0 20.0 15.015027046203613
      vertex 6.0 19.0 15.015027046203613
    endloop
  endfacet
  facet normal 0.0 0.7040086388587952 -0.7101913690567017
    outer loop
      vertex 6.0 20.009859085083008 15.0
      vertex 6.0 20.0 14.990226745605469
      vertex 5.0 20.0 14.990226745605469
    endloop
  endfacet
  facet normal 0.0 0.7040086388587952 -0.7101913690567017
    outer loop
      vertex 6.0 20.009859085083008 15.0
      vertex 5.0 20.0 14.990226745605469
      vertex 5.0 20.009859085083008 15.0
    endloop
  endfacet
  facet normal 0.0 0.8361095190048218 0.5485625863075256
    outer loop
      vertex 5.0 20.009859085083008 15.0
      vertex 5.0 20.0 15.015027046203613
      vertex 6.0 20.0 15.015027046203613
    endloop
  endfacet
  facet normal -0.0 0.8361095190048218 0.5485625863075256
    outer loop
      vertex 5.0 20.009859085083008 15.0
      vertex 6.0 20.0 15.015027046203613
      vertex 6.0 20.009859085083008 15.0
    endloop
  endfacet
  facet normal 0.0 -0.7039828896522522 -0.7102169394493103
    outer loop
      vertex 7.0 3.0 14.990226745605469
      vertex 7.0 2.990140199661255 15.0
      vertex 6.0 2.990140199661255 15.0
    endloop
  endfacet
  facet normal -0.0 -0.7039828896522522 -0.7102169394493103
    outer loop
      vertex 7.0 3.0 14.990226745605469
      vertex 6.0 2.990140199661255 15.0
      vertex 6.0 3.0 14.990226745605469
    endloop
  endfacet
  facet normal 0.0 -0.8360912203788757 0.548590362071991
    outer loop
      vertex 6.0 3.0 15.015027046203613
      vertex 6.0 2.990140199661255 15.0
      vertex 7.0 2.990140199661255 15.0
    endloop
  endfacet
  facet normal 0.0 -0.8360912203788757 0.548590362071991
    outer loop
      vertex 6.0 3.0 15.015027046203613
      vertex 7.0 2.990140199661255 15.0
      vertex 7.0 3.0 15.015027046203613
    endloop
  endfacet
  facet normal 0.0 0.0 -1.0
    outer loop
      vertex 6.0 4.0 14.990226745605469
      vertex 7.0 3.0 14.990226745605469
      vertex 6.0 3.0 14.990226745605469
    endloop
  endfacet
  facet normal 0.0 0.0 -1.0
    outer loop
      vertex 6.0 4.0 14.990226745605469
      vertex 7.0 4.0 14.990226745605469
      vertex 7.0 3.0 14.990226745605469
    endloop
  endfacet
  facet normal 0.0 0.0 1.0
    outer loop
      vertex 7.0 3.0 15.015027046203613
      vertex 6.0 4.0 15.015027046203613
      vertex 6.0 3.0 15.015027046203613
    endloop
  endfacet
  facet normal 0.0 0.0 1.0
    outer loop
      vertex 7.0 4.0 15.015027046203613
      vertex 6.0 4.0 15.015027046203613
      vertex 7.0 3.0 15.015027046203613
    endloop
  endfacet
  facet normal 0.0 0.0 -1.0
    outer loop
      vertex 6.0 5.0 14.990226745605469
      vertex 7.0 4.0 14.990226745605469
      vertex 6.0 4.0 14.990226745605469
    endloop
  endfacet
  facet normal 0.0 0.0 -1.0
    outer loop
      vertex 6.0 5.0 14.990226745605469
      vertex 7.0 5.0 14.990226745605469
      vertex 7.0 4.0 14.990226745605469
    endloop
  endfacet
  facet normal 0.0 0.0 1.0
    outer loop
      vertex 7.0 4.0 15.015027046203613
      vertex 6.0 5.0 15.015027046203613
      vertex 6.0 4.0 15.015027046203613
    endloop
  endfacet
  facet normal 0.0 0.0 1.0
    outer loop
      vertex 7.0 5.0 15.015027046203613
      vertex 6.0 5.0 15.015027046203613
      vertex 7.0 4.0 15.015027046203613
    endloop
  endfacet
  facet normal 0.0 0.0 -1.0
    outer loop
      vertex 6.0 6.0 14.990226745605469
      vertex 7.0 5.0 14.990226745605469
      vertex 6.0 5.0 14.990226745605469
    endloop
  endfacet
  facet normal 0.0 0.0 -1.0
    outer loop
      vertex 6.0 6.0 14.990226745605469
      vertex 7.0 6.0 14.990226745605469
      vertex 7.0 5.0 14.990226745605469
    endloop
  endfacet
  facet normal 0.0 0.0 1.0
    outer loop
      vertex 7.0 5.0 15.015027046203613
      vertex 6.0 6.0 15.015027046203613
      vertex 6.0 5.0 15.015027046203613
    endloop
  endfacet
  facet normal 0.0 0.0 1.0
    outer loop
      vertex 7.0 6.0 15.015027046203613
      vertex 6.0 6.0 15.015027046203613
      vertex 7.0 5.0 15.015027046203613
    endloop
  endfacet
  facet normal 0.0 -0.0004911422147415578 -0.9999998807907104
    outer loop
      vertex 6.0 7.0 14.98973560333252
      vertex 7.0 6.0 14.990226745605469
      vertex 6.0 6.0 14.990226745605469
    endloop
  endfacet
  facet normal -0.16974790394306183 -0.1702246367931366 -0.9706746339797974
    outer loop
      vertex 6.0 7.0 14.98973560333252
      vertex 7.0 7.0 14.814859390258789
      vertex 7.0 6.0 14.990226745605469
    endloop
  endfacet
  facet normal 0.0 0.0 1.0
    outer loop
      vertex 7.0 6.0 15.015027046203613
      vertex 6.0 7.0 15.015027046203613
      vertex 6.0 6.0 15.015027046203613
    endloop
  endfacet
  facet normal -0.1587490439414978 -0.1587490439414978 0.9744729399681091
    outer loop
      vertex 7.0 7.0 15.177934646606445
      vertex 6.0 7.0 15.015027046203613
      vertex 7.0 6.0 15.015027046203613
    endloop
  endfacet
  facet normal -0.5002367496490479 -0.5024418830871582 -0.7052059769630432
    outer loop
      vertex 7.0 8.0 13.947669982910156
      vertex 7.0 7.926551818847656 14.0
      vertex 6.926228046417236 8.0 14.0
    endloop
  endfacet
  facet normal -0.5519626140594482 -0.5543957948684692 0.6228824257850647
    outer loop
      vertex 6.926228046417236 8.0 14.0
      vertex 7.0 7.926551818847656 14.0
      vertex 7.0 8.0 14.065372467041016
    endloop
  endfacet
  facet normal -0.02222907915711403 0.19340097904205322 -0.9808679819107056
    outer loop
      vertex 6.0 7.05205774307251 15.0
      vertex 7.0 7.166995525360107 15.0
      vertex 6.0 7.0 14.98973560333252
    endloop
  endfacet
  facet normal -0.11633365601301193 0.7375160455703735 -0.6652342677116394
    outer loop
      vertex 7.0 7.0 14.814859390258789
      vertex 6.0 7.0 14.98973560333252
      vertex 7.0 7.166995525360107 15.0
    endloop
  endfacet
  facet normal -0.1546345204114914 0.2740017771720886 0.9492161273956299
    outer loop
      vertex 6.0 7.05205774307251 15.0
      vertex 6.0 7.0 15.015027046203613
      vertex 7.0 7.0 15.177934646606445
    endloop
  endfacet
  facet normal -0.08351586014032364 0.7266179919242859 0.6819467544555664
    outer loop
      vertex 6.0 7.05205774307251 15.0
      vertex 7.0 7.0 15.177934646606445
      vertex 7.0 7.166995525360107 15.0
    endloop
  endfacet
  facet normal -0.5768226385116577 0.07762716710567474 -0.8131725788116455
    outer loop
      vertex 7.0 8.548175811767578 14.0
      vertex 7.0 8.0 13.947669982910156
      vertex 6.926228046417236 8.0 14.0
    endloop
  endfacet
  facet normal -0.6605889201164246 0.08890019357204437 0.7454656958580017
    outer loop
      vertex 7.0 8.548175811767578 14.0
      vertex 6.926228046417236 8.0 14.0
      vertex 7.0 8.0 14.065372467041016
    endloop
  endfacet
  facet normal -0.5768226385116577 -0.07762716710567474 -0.8131725788116455
    outer loop
      vertex 7.0 15.0 13.947669982910156
      vertex 7.0 14.451824188232422 14.0
      vertex 6.926228046417236 15.0 14.0
    endloop
  endfacet
  facet normal -0.6605889201164246 -0.08890019357204437 0.7454656958580017
    outer loop
      vertex 7.0 15.0 14.065372467041016
      vertex 6.926228046417236 15.0 14.0
      vertex 7.0 14.451824188232422 14.0
    endloop
  endfacet
  facet normal -0.5002367496490479 0.5024418830871582 -0.7052059769630432
    outer loop
      vertex 7.0 15.073448181152344 14.0
      vertex 7.0 15.0 13.947669982910156
      vertex 6.926228046417236 15.0 14.0
    endloop
  endfacet
  facet normal -0.5519626140594482 0.5543957948684692 0.6228824257850647
    outer loop
      vertex 6.926228046417236 15.0 14.0
      vertex 7.0 15.0 14.065372467041016
      vertex 7.0 15.073448181152344 14.0
    endloop
  endfacet
  facet normal -0.16910192370414734 -0.19066451489925385 -0.9669806957244873
    outer loop
      vertex 6.0 16.0 14.98973560333252
      vertex 7.0 16.0 14.814859390258789
      vertex 6.0 15.947942733764648 15.0
    endloop
  endfacet
  facet normal -0.08503938466310501 -0.739867091178894 -0.6673567891120911
    outer loop
      vertex 7.0 15.833003997802734 15.0
      vertex 6.0 15.947942733764648 15.0
      vertex 7.0 16.0 14.814859390258789
    endloop
  endfacet
  facet normal -0.03186092898249626 -0.2771992087364197 0.9602841138839722
    outer loop
      vertex 6.0 16.0 15.015027046203613
      vertex 6.0 15.947942733764648 15.0
      vertex 7.0 15.833003997802734 15.0
    endloop
  endfacet
  facet normal -0.11079754680395126 -0.7246749401092529 0.6801250576972961
    outer loop
      vertex 6.0 16.0 15.015027046203613
      vertex 7.0 15.833003997802734 15.0
      vertex 7.0 16.0 15.177934646606445
    endloop
  endfacet
  facet normal -0.17226199805736542 0.0004838002205360681 -0.9850510358810425
    outer loop
      vertex 6.0 17.0 14.990226745605469
      vertex 7.0 16.0 14.814859390258789
      vertex 6.0 16.0 14.98973560333252
    endloop
  endfacet
  facet normal 0.0 0.1727313995361328 -0.984968900680542
    outer loop
      vertex 6.0 17.0 14.990226745605469
      vertex 7.0 17.0 14.990226745605469
      vertex 7.0 16.0 14.814859390258789
    endloop
  endfacet
  facet normal -0.16078801453113556 0.0 0.9869890213012695
    outer loop
      vertex 7.0 16.0 15.177934646606445
      vertex 6.0 17.0 15.015027046203613
      vertex 6.0 16.0 15.015027046203613
    endloop
  endfacet
  facet normal 0.0 0.16078801453113556 0.9869890213012695
    outer loop
      vertex 7.0 17.0 15.015027046203613
      vertex 6.0 17.0 15.015027046203613
      vertex 7.0 16.0 15.177934646606445
    endloop
  endfacet
  facet normal 0.0 0.0 -1.0
    outer loop
      vertex 6.0 18.0 14.990226745605469
      vertex 7.0 17.0 14.990226745605469
      vertex 6.0 17.0 14.990226745605469
    endloop
  endfacet
  facet normal 0.0 0.0 -1.0
    outer loop
      vertex 6.0 18.0 14.990226745605469
      vertex 7.0 18.0 14.990226745605469
      vertex 7.0 17.0 14.990226745605469
    endloop
  endfacet
  facet normal 0.0 0.0 1.0
    outer loop
      vertex 7.0 17.0 15.015027046203613
      vertex 6.0 18.0 15.015027046203613
      vertex 6.0 17.0 15.015027046203613
    endloop
  endfacet
  facet normal 0.0 0.0 1.0
    outer loop
      vertex 7.0 18.0 15.015027046203613
      vertex 6.0 18.0 15.015027046203613
      vertex 7.0 17.0 15.015027046203613
    endloop
  endfacet
  facet normal 0.0 0.0 -1.0
    outer loop
      vertex 6.0 19.0 14.990226745605469
      vertex 7.0 18.0 14.990226745605469
      vertex 6.0 18.0 14.990226745605469
    endloop
  endfacet
  facet normal 0.0 0.0 -1.0
    outer loop
      vertex 6.0 19.0 14.990226745605469
      vertex 7.0 19.0 14.990226745605469
      vertex 7.0 18.0 14.990226745605469
    endloop
  endfacet
  facet normal 0.0 0.0 1.0
    outer loop
      vertex 7.0 18.0 15.015027046203613
      vertex 6.0 19.0 15.015027046203613
      vertex 6.0 18.0 15.015027046203613
    endloop
  endfacet
  facet normal 0.0 0.0 1.0
    outer loop
      vertex 7.0 19.0 15.015027046203613
      vertex 6.0 19.0 15.015027046203613
      vertex 7.0 18.0 15.015027046203613
    endloop
  endfacet
  facet normal 0.0 0.0 -1.0
    outer loop
      vertex 6.0 20.0 14.990226745605469
      vertex 7.0 19.0 14.990226745605469
      vertex 6.0 19.0 14.990226745605469
    endloop
  endfacet
  facet normal 0.0 0.0 -1.0
    outer loop
      vertex 6.0 20.0 14.990226745605469
      vertex 7.0 20.0 14.990226745605469
      vertex 7.0 19.0 14.990226745605469
    endloop
  endfacet
  facet normal 0.0 0.0 1.0
    outer loop
      vertex 7.0 19.0 15.015027046203613
      vertex 6.0 20.0 15.015027046203613
      vertex 6.0 19.0 15.015027046203613
    endloop
  endfacet
  facet normal 0.0 0.0 1.0
    outer loop
      vertex 7.0 20.0 15.015027046203613
      vertex 6.0 20.0 15.015027046203613
      vertex 7.0 19.0 15.015027046203613
    endloop
  endfacet
  facet normal 0.0 0.7040086388587952 -0.7101913690567017
    outer loop
      vertex 7.0 20.009859085083008 15.0
      vertex 7.0 20.0 14.990226745605469
      vertex 6.0 20.0 14.990226745605469
    endloop
  endfacet
  facet normal 0.0 0.7040086388587952 -0.7101913690567017
    outer loop
      vertex 7.0 20.009859085083008 15.0
      vertex 6.0 20.0 14.990226745605469
      vertex 6.0 20.009859085083008 15.0
    endloop
  endfacet
  facet normal 0.0 0.8361095190048218 0.5485625863075256
    outer loop
      vertex 6.0 20.009859085083008 15.0
      vertex 6.0 20.0 15.015027046203613
      vertex 7.0 20.0 15.015027046203613
    endloop
  endfacet
  facet normal -0.0 0.8361095190048218 0.5485625863075256
    outer loop
      vertex 6.0 20.009859085083008 15.0
      vertex 7.0 20.0 15.015027046203613
      vertex 7.0 20.009859085083008 15.0
    endloop
  endfacet
  facet normal 0.0 -0.7039828896522522 -0.7102169394493103
    outer loop
      vertex 8.0 3.0 14.990226745605469
      vertex 8.0 2.990140199661255 15.0
      vertex 7.0 2.990140199661255 15.0
    endloop
  endfacet
  facet normal -0.0 -0.7039828896522522 -0.7102169394493103
    outer loop
      vertex 8.0 3.0 14.990226745605469
      vertex 7.0 2.990140199661255 15.0
      vertex 7.0 3.0 14.990226745605469
    endloop
  endfacet
  facet normal 0.0 -0.8360912203788757 0.548590362071991
    outer loop
      vertex 7.0 3.0 15.015027046203613
      vertex 7.0 2.990140199661255 15.0
      vertex 8.0 2.990140199661255 15.0
    endloop
  endfacet
  facet normal 0.0 -0.8360912203788757 0.548590362071991
    outer loop
      vertex 7.0 3.0 15.015027046203613
      vertex 8.0 2.990140199661255 15.0
      vertex 8.0 3.0 15.015027046203613
    endloop
  endfacet
  facet normal 0.0 0.0 -1.0
    outer loop
      vertex 7.0 4.0 14.990226745605469
      vertex 8.0 3.0 14.990226745605469
      vertex 7.0 3.0 14.990226745605469
    endloop
  endfacet
  facet normal 0.0 0.0 -1.0
    outer loop
      vertex 7.0 4.0 14.990226745605469
      vertex 8.0 4.0 14.990226745605469
      vertex 8.0 3.0 14.990226745605469
    endloop
  endfacet
  facet normal 0.0 0.0 1.0
    outer loop
      vertex 8.0 3.0 15.015027046203613
      vertex 7.0 4.0 15.015027046203613
      vertex 7.0 3.0 15.015027046203613
    endloop
  endfacet
  facet normal 0.0 0.0 1.0
    outer loop
      vertex 8.0 4.0 15.015027046203613
      vertex 7.0 4.0 15.015027046203613
      vertex 8.0 3.0 15.015027046203613
    endloop
  endfacet
  facet normal 0.0 0.0 -1.0
    outer loop
      vertex 7.0 5.0 14.990226745605469
      vertex 8.0 4.0 14.990226745605469
      vertex 7.0 4.0 14.990226745605469
    endloop
  endfacet
  facet normal 0.0 0.0 -1.0
    outer loop
      vertex 7.0 5.0 14.990226745605469
      vertex 8.0 5.0 14.990226745605469
      vertex 8.0 4.0 14.990226745605469
    endloop
  endfacet
  facet normal 0.0 0.0 1.0
    outer loop
      vertex 8.0 4.0 15.015027046203613
      vertex 7.0 5.0 15.015027046203613
      vertex 7.0 4.0 15.015027046203613
    endloop
  endfacet
  facet normal 0.0 0.0 1.0
    outer loop
      vertex 8.0 5.0 15.015027046203613
      vertex 7.0 5.0 15.015027046203613
      vertex 8.0 4.0 15.015027046203613
    endloop
  endfacet
  facet normal 0.0 0.0 -1.0
    outer loop
      vertex 7.0 6.0 14.990226745605469
      vertex 8.0 5.0 14.990226745605469
      vertex 7.0 5.0 14.990226745605469
    endloop
  endfacet
  facet normal 0.0 0.0 -1.0
    outer loop
      vertex 7.0 6.0 14.990226745605469
      vertex 8.0 6.0 14.990226745605469
      vertex 8.0 5.0 14.990226745605469
    endloop
  endfacet
  facet normal 0.0 0.0 1.0
    outer loop
      vertex 8.0 5.0 15.015027046203613
      vertex 7.0 6.0 15.015027046203613
      vertex 7.0 5.0 15.015027046203613
    endloop
  endfacet
  facet normal 0.0 0.0 1.0
    outer loop
      vertex 8.0 6.0 15.015027046203613
      vertex 7.0 6.0 15.015027046203613
      vertex 8.0 5.0 15.015027046203613
    endloop
  endfacet
  facet normal 0.0 -0.1727313995361328 -0.984968900680542
    outer loop
      vertex 7.0 7.0 14.814859390258789
      vertex 8.0 6.0 14.990226745605469
      vertex 7.0 6.0 14.990226745605469
    endloop
  endfacet
  facet normal -0.0015091219684109092 -0.17419512569904327 -0.9847100377082825
    outer loop
      vertex 7.0 7.0 14.814859390258789
      vertex 8.0 7.0 14.813326835632324
      vertex 8.0 6.0 14.990226745605469
    endloop
  endfacet
  facet normal 0.0 -0.16078801453113556 0.9869890213012695
    outer loop
      vertex 8.0 6.0 15.015027046203613
      vertex 7.0 7.0 15.177934646606445
      vertex 7.0 6.0 15.015027046203613
    endloop
  endfacet
  facet normal 0.025821281597018242 -0.13552843034267426 0.9904369711875916
    outer loop
      vertex 8.0 7.0 15.151864051818848
      vertex 7.0 7.0 15.177934646606445
      vertex 8.0 6.0 15.015027046203613
    endloop
  endfacet
  facet normal 0.16737575829029083 -0.5720758438110352 -0.8029412627220154
    outer loop
      vertex 7.0 8.0 13.947669982910156
      vertex 7.251039505004883 8.0 14.0
      vertex 7.0 7.926551818847656 14.0
    endloop
  endfacet
  facet normal 0.19093981385231018 -0.6526156663894653 0.7332358360290527
    outer loop
      vertex 7.0 8.0 14.065372467041016
      vertex 7.0 7.926551818847656 14.0
      vertex 7.251039505004883 8.0 14.0
    endloop
  endfacet
  facet normal 0.042485687881708145 0.846907913684845 -0.5300394892692566
    outer loop
      vertex 8.0 7.0 14.813326835632324
      vertex 7.0 7.166995525360107 15.0
      vertex 8.0 7.116829872131348 15.0
    endloop
  endfacet
  facet normal -0.0010264749871566892 0.7425574660301208 -0.6697815656661987
    outer loop
      vertex 7.0 7.166995525360107 15.0
      vertex 8.0 7.0 14.813326835632324
      vertex 7.0 7.0 14.814859390258789
    endloop
  endfacet
  facet normal 0.017838245257735252 0.7290493249893188 0.6842285990715027
    outer loop
      vertex 7.0 7.166995525360107 15.0
      vertex 7.0 7.0 15.177934646606445
      vertex 8.0 7.0 15.151864051818848
    endloop
  endfacet
  facet normal 0.03972966596484184 0.7919695377349854 0.6092666387557983
    outer loop
      vertex 7.0 7.166995525360107 15.0
      vertex 8.0 7.0 15.151864051818848
      vertex 8.0 7.116829872131348 15.0
    endloop
  endfacet
  facet normal -0.5832639932632446 -0.3601391315460205 -0.7280816435813904
    outer loop
      vertex 8.0 9.0 12.899429321289062
      vertex 8.0 8.796679496765137 13.0
      vertex 7.8744587898254395 9.0 13.0
    endloop
  endfacet
  facet normal 0.20318150520324707 0.0930478572845459 -0.9747098684310913
    outer loop
      vertex 7.0 8.0 13.947669982910156
      vertex 7.0 8.548175811767578 14.0
      vertex 7.251039505004883 8.0 14.0
    endloop
  endfacet
  facet normal -0.5944637656211853 -0.3670545220375061 0.715460479259491
    outer loop
      vertex 7.8744587898254395 9.0 13.0
      vertex 8.0 8.796679496765137 13.0
      vertex 8.0 9.0 13.104310035705566
    endloop
  endfacet
  facet normal 0.2503412961959839 0.11464488506317139 0.961345911026001
    outer loop
      vertex 7.251039505004883 8.0 14.0
      vertex 7.0 8.548175811767578 14.0
      vertex 7.0 8.0 14.065372467041016
    endloop
  endfacet
  facet normal -0.6186471581459045 0.14458738267421722 -0.7722500562667847
    outer loop
      vertex 8.0 9.537154197692871 13.0
      vertex 8.0 9.0 12.899429321289062
      vertex 7.8744587898254395 9.0 13.0
    endloop
  endfacet
  facet normal -0.6320601105690002 0.14772218465805054 0.7607090473175049
    outer loop
      vertex 8.0 9.537154197692871 13.0
      vertex 7.8744587898254395 9.0 13.0
      vertex 8.0 9.0 13.104310035705566
    endloop
  endfacet
  facet normal -0.6186471581459045 -0.14458738267421722 -0.7722500562667847
    outer loop
      vertex 8.0 14.0 12.899429321289062
      vertex 8.0 13.462845802307129 13.0
      vertex 7.8744587898254395 14.0 13.0
    endloop
  endfacet
  facet normal -0.6320601105690002 -0.14772218465805054 0.7607090473175049
    outer loop
      vertex 8.0 14.0 13.104310035705566
      vertex 7.8744587898254395 14.0 13.0
      vertex 8.0 13.462845802307129 13.0
    endloop
  endfacet
  facet normal -0.5832639932632446 0.3601391315460205 -0.7280816435813904
    outer loop
      vertex 8.0 14.203320503234863 13.0
      vertex 8.0 14.0 12.899429321289062
      vertex 7.8744587898254395 14.0 13.0
    endloop
  endfacet
  facet normal 0.20318150520324707 -0.0930478572845459 -0.9747098684310913
    outer loop
      vertex 7.0 14.451824188232422 14.0
      vertex 7.0 15.0 13.947669982910156
      vertex 7.251039505004883 15.0 14.0
    endloop
  endfacet
  facet normal -0.5944637656211853 0.3670545220375061 0.715460479259491
    outer loop
      vertex 7.8744587898254395 14.0 13.0
      vertex 8.0 14.0 13.104310035705566
      vertex 8.0 14.203320503234863 13.0
    endloop
  endfacet
  facet normal 0.2503412961959839 -0.11464488506317139 0.961345911026001
    outer loop
      vertex 7.251039505004883 15.0 14.0
      vertex 7.0 15.0 14.065372467041016
      vertex 7.0 14.451824188232422 14.0
    endloop
  endfacet
  facet normal 0.16737575829029083 0.5720758438110352 -0.8029412627220154
    outer loop
      vertex 7.0 15.073448181152344 14.0
      vertex 7.251039505004883 15.0 14.0
      vertex 7.0 15.0 13.947669982910156
    endloop
  endfacet
  facet normal 0.19093981385231018 0.6526156663894653 0.7332358360290527
    outer loop
      vertex 7.0 15.073448181152344 14.0
      vertex 7.0 15.0 14.065372467041016
      vertex 7.251039505004883 15.0 14.0
    endloop
  endfacet
  facet normal -0.0008130504284054041 -0.8476729989051819 -0.5305182933807373
    outer loop
      vertex 8.0 15.883170127868652 15.0
      vertex 7.0 16.0 14.814859390258789
      vertex 8.0 16.0 14.813326835632324
    endloop
  endfacet
  facet normal 0.0372253842651844 -0.7420422434806824 -0.6693187355995178
    outer loop
      vertex 7.0 16.0 14.814859390258789
      vertex 8.0 15.883170127868652 15.0
      vertex 7.0 15.833003997802734 15.0
    endloop
  endfacet
  facet normal 0.03655490279197693 -0.7286770343780518 0.6838811635971069
    outer loop
      vertex 7.0 16.0 15.177934646606445
      vertex 7.0 15.833003997802734 15.0
      vertex 8.0 15.883170127868652 15.0
    endloop
  endfacet
  facet normal 0.015894485637545586 -0.7924951314926147 0.6096709966659546
    outer loop
      vertex 7.0 16.0 15.177934646606445
      vertex 8.0 15.883170127868652 15.0
      vertex 8.0 16.0 15.151864051818848
    endloop
  endfacet
  facet normal -0.001509516965597868 0.1727311909198761 -0.9849677681922913
    outer loop
      vertex 7.0 17.0 14.990226745605469
      vertex 8.0 16.0 14.813326835632324
      vertex 7.0 16.0 14.814859390258789
    endloop
  endfacet
  facet normal 0.0 0.1741953045129776 -0.9847111105918884
    outer loop
      vertex 7.0 17.0 14.990226745605469
      vertex 8.0 17.0 14.990226745605469
      vertex 8.0 16.0 14.813326835632324
    endloop
  endfacet
  facet normal 0.025722874328494072 0.16073478758335114 0.9866623282432556
    outer loop
      vertex 8.0 16.0 15.151864051818848
      vertex 7.0 17.0 15.015027046203613
      vertex 7.0 16.0 15.177934646606445
    endloop
  endfacet
  facet normal 0.0 0.1355736404657364 0.9907673001289368
    outer loop
      vertex 8.0 17.0 15.015027046203613
      vertex 7.0 17.0 15.015027046203613
      vertex 8.0 16.0 15.151864051818848
    endloop
  endfacet
  facet normal 0.0 0.0 -1.0
    outer loop
      vertex 7.0 18.0 14.990226745605469
      vertex 8.0 17.0 14.990226745605469
      vertex 7.0 17.0 14.990226745605469
    endloop
  endfacet
  facet normal 0.0 0.0 -1.0
    outer loop
      vertex 7.0 18.0 14.990226745605469
      vertex 8.0 18.0 14.990226745605469
      vertex 8.0 17.0 14.990226745605469
    endloop
  endfacet
  facet normal 0.0 0.0 1.0
    outer loop
      vertex 8.0 17.0 15.015027046203613
      vertex 7.0 18.0 15.015027046203613
      vertex 7.0 17.0 15.015027046203613
    endloop
  endfacet
  facet normal 0.0 0.0 1.0
    outer loop
      vertex 8.0 18.0 15.015027046203613
      vertex 7.0 18.0 15.015027046203613
      vertex 8.0 17.0 15.015027046203613
    endloop
  endfacet
  facet normal 0.0 0.0 -1.0
    outer loop
      vertex 7.0 19.0 14.990226745605469
      vertex 8.0 18.0 14.990226745605469
      vertex 7.0 18.0 14.990226745605469
    endloop
  endfacet
  facet normal 0.0 0.0 -1.0
    outer loop
      vertex 7.0 19.0 14.990226745605469
      vertex 8.0 19.0 14.990226745605469
      vertex 8.0 18.0 14.990226745605469
    endloop
  endfacet
  facet normal 0.0 0.0 1.0
    outer loop
      vertex 8.0 18.0 15.015027046203613
      vertex 7.0 19.0 15.015027046203613
      vertex 7.0 18.0 15.015027046203613
    endloop
  endfacet
  facet normal 0.0 0.0 1.0
    outer loop
      vertex 8.0 19.0 15.015027046203613
      vertex 7.0 19.0 15.015027046203613
      vertex 8.0 18.0 15.015027046203613
    endloop
  endfacet
  facet normal 0.0 0.0 -1.0
    outer loop
      vertex 7.0 20.0 14.990226745605469
      vertex 8.0 19.0 14.990226745605469
      vertex 7.0 19.0 14.990226745605469
    endloop
  endfacet
  facet normal 0.0 0.0 -1.0
    outer loop
      vertex 7.0 20.0 14.990226745605469
      vertex 8.0 20.0 14.990226745605469
      vertex 8.0 19.0 14.990226745605469
    endloop
  endfacet
  facet normal 0.0 0.0 1.0
    outer loop
      vertex 8.0 19.0 15.015027046203613
      vertex 7.0 20.0 15.015027046203613
      vertex 7.0 19.0 15.015027046203613
    endloop
  endfacet
  facet normal 0.0 0.0 1.0
    outer loop
      vertex 8.0 20.0 15.015027046203613
      vertex 7.0 20.0 15.015027046203613
      vertex 8.0 19.0 15.015027046203613
    endloop
  endfacet
  facet normal 0.0 0.7040086388587952 -0.7101913690567017
    outer loop
      vertex 8.0 20.009859085083008 15.0
      vertex 8.0 20.0 14.990226745605469
      vertex 7.0 20.0 14.990226745605469
    endloop
  endfacet
  facet normal 0.0 0.7040086388587952 -0.7101913690567017
    outer loop
      vertex 8.0 20.009859085083008 15.0
      vertex 7.0 20.0 14.990226745605469
      vertex 7.0 20.009859085083008 15.0
    endloop
  endfacet
  facet normal 0.0 0.8361095190048218 0.5485625863075256
    outer loop
      vertex 7.0 20.009859085083008 15.0
      vertex 7.0 20.0 15.015027046203613
      vertex 8.0 20.0 15.015027046203613
    endloop
  endfacet
  facet normal -0.0 0.8361095190048218 0.5485625863075256
    outer loop
      vertex 7.0 20.009859085083008 15.0
      vertex 8.0 20.0 15.015027046203613
      vertex 8.0 20.009859085083008 15.0
    endloop
  endfacet
  facet normal 0.0 -0.7039828896522522 -0.7102169394493103
    outer loop
      vertex 9.0 3.0 14.990226745605469
      vertex 9.0 2.990140199661255 15.0
      vertex 8.0 2.990140199661255 15.0
    endloop
  endfacet
  facet normal -0.0 -0.7039828896522522 -0.7102169394493103
    outer loop
      vertex 9.0 3.0 14.990226745605469
      vertex 8.0 2.990140199661255 15.0
      vertex 8.0 3.0 14.990226745605469
    endloop
  endfacet
  facet normal 0.0 -0.8360912203788757 0.548590362071991
    outer loop
      vertex 8.0 3.0 15.015027046203613
      vertex 8.0 2.990140199661255 15.0
      vertex 9.0 2.990140199661255 15.0
    endloop
  endfacet
  facet normal 0.0 -0.8360912203788757 0.548590362071991
    outer loop
      vertex 8.0 3.0 15.015027046203613
      vertex 9.0 2.990140199661255 15.0
      vertex 9.0 3.0 15.015027046203613
    endloop
  endfacet
  facet normal 0.0 0.0 -1.0
    outer loop
      vertex 8.0 4.0 14.990226745605469
      vertex 9.0 3.0 14.990226745605469
      vertex 8.0 3.0 14.990226745605469
    endloop
  endfacet
  facet normal 0.0 0.0 -1.0
    outer loop
      vertex 8.0 4.0 14.990226745605469
      vertex 9.0 4.0 14.990226745605469
      vertex 9.0 3.0 14.990226745605469
    endloop
  endfacet
  facet normal 0.0 0.0 1.0
    outer loop
      vertex 9.0 3.0 15.015027046203613
      vertex 8.0 4.0 15.015027046203613
      vertex 8.0 3.0 15.015027046203613
    endloop
  endfacet
  facet normal 0.0 0.0 1.0
    outer loop
      vertex 9.0 4.0 15.015027046203613
      vertex 8.0 4.0 15.015027046203613
      vertex 9.0 3.0 15.015027046203613
    endloop
  endfacet
  facet normal 0.0 0.0 -1.0
    outer loop
      vertex 8.0 5.0 14.990226745605469
      vertex 9.0 4.0 14.990226745605469
      vertex 8.0 4.0 14.990226745605469
    endloop
  endfacet
  facet normal 0.0 0.0 -1.0
    outer loop
      vertex 8.0 5.0 14.990226745605469
      vertex 9.0 5.0 14.990226745605469
      vertex 9.0 4.0 14.990226745605469
    endloop
  endfacet
  facet normal 0.0 0.0 1.0
    outer loop
      vertex 9.0 4.0 15.015027046203613
      vertex 8.0 5.0 15.015027046203613
      vertex 8.0 4.0 15.015027046203613
    endloop
  endfacet
  facet normal 0.0 0.0 1.0
    outer loop
      vertex 9.0 5.0 15.015027046203613
      vertex 8.0 5.0 15.015027046203613
      vertex 9.0 4.0 15.015027046203613
    endloop
  endfacet
  facet normal 0.0 0.0 -1.0
    outer loop
      vertex 8.0 6.0 14.990226745605469
      vertex 9.0 5.0 14.990226745605469
      vertex 8.0 5.0 14.990226745605469
    endloop
  endfacet
  facet normal 0.0 0.0 -1.0
    outer loop
      vertex 8.0 6.0 14.990226745605469
      vertex 9.0 6.0 14.990226745605469
      vertex 9.0 5.0 14.990226745605469
    endloop
  endfacet
  facet normal 0.0 0.0 1.0
    outer loop
      vertex 9.0 5.0 15.015027046203613
      vertex 8.0 6.0 15.015027046203613
      vertex 8.0 5.0 15.015027046203613
    endloop
  endfacet
  facet normal 0.0 0.0 1.0
    outer loop
      vertex 9.0 6.0 15.015027046203613
      vertex 8.0 6.0 15.015027046203613
      vertex 9.0 5.0 15.015027046203613
    endloop
  endfacet
  facet normal 0.0 -0.1741953045129776 -0.9847111105918884
    outer loop
      vertex 8.0 7.0 14.813326835632324
      vertex 9.0 6.0 14.990226745605469
      vertex 8.0 6.0 14.990226745605469
    endloop
  endfacet
  facet normal -0.0033646400552242994 -0.17745590209960938 -0.9841229319572449
    outer loop
      vertex 8.0 7.0 14.813326835632324
      vertex 9.0 7.0 14.809907913208008
      vertex 9.0 6.0 14.990226745605469
    endloop
  endfacet
  facet normal 0.0 -0.1355736404657364 0.9907673001289368
    outer loop
      vertex 9.0 6.0 15.015027046203613
      vertex 8.0 7.0 15.151864051818848
      vertex 8.0 6.0 15.015027046203613
    endloop
  endfacet
  facet normal 0.0023846623953431845 -0.1332320272922516 0.991081953048706
    outer loop
      vertex 9.0 7.0 15.149457931518555
      vertex 8.0 7.0 15.151864051818848
      vertex 9.0 6.0 15.015027046203613
    endloop
  endfacet
  facet normal -0.0017429845174774528 0.8602885007858276 -0.5098044276237488
    outer loop
      vertex 9.0 7.112648010253906 15.0
      vertex 9.0 7.0 14.809907913208008
      vertex 8.0 7.0 14.813326835632324
    endloop
  endfacet
  facet normal 0.003544830484315753 0.8476679921150208 -0.5305151343345642
    outer loop
      vertex 9.0 7.112648010253906 15.0
      vertex 8.0 7.0 14.813326835632324
      vertex 8.0 7.116829872131348 15.0
    endloop
  endfacet
  facet normal 0.001467125373892486 0.7925944924354553 0.6097474098205566
    outer loop
      vertex 8.0 7.116829872131348 15.0
      vertex 8.0 7.0 15.151864051818848
      vertex 9.0 7.0 15.149457931518555
    endloop
  endfacet
  facet normal 0.0033395136706531048 0.798570990562439 0.6018913388252258
    outer loop
      vertex 8.0 7.116829872131348 15.0
      vertex 9.0 7.0 15.149457931518555
      vertex 9.0 7.112648010253906 15.0
    endloop
  endfacet
  facet normal 0.49456000328063965 -0.385349303483963 -0.7790483236312866
    outer loop
      vertex 8.0 9.0 12.899429321289062
      vertex 8.158422470092773 9.0 13.0
      vertex 8.0 8.796679496765137 13.0
    endloop
  endfacet
  facet normal 0.5054785013198853 -0.39385679364204407 0.7677032947540283
    outer loop
      vertex 8.158422470092773 9.0 13.0
      vertex 8.0 9.0 13.104310035705566
      vertex 8.0 8.796679496765137 13.0
    endloop
  endfacet
  facet normal 0.5293785333633423 0.15612919628620148 -0.8338956832885742
    outer loop
      vertex 8.0 9.537154197692871 13.0
      vertex 8.158422470092773 9.0 13.0
      vertex 8.0 9.0 12.899429321289062
    endloop
  endfacet
  facet normal 0.5428347587585449 0.16009783744812012 0.8244386315345764
    outer loop
      vertex 8.158422470092773 9.0 13.0
      vertex 8.0 9.537154197692871 13.0
      vertex 8.0 9.0 13.104310035705566
    endloop
  endfacet
  facet normal 0.5293785333633423 -0.15612919628620148 -0.8338956832885742
    outer loop
      vertex 8.0 14.0 12.899429321289062
      vertex 8.158422470092773 14.0 13.0
      vertex 8.0 13.462845802307129 13.0
    endloop
  endfacet
  facet normal 0.5428347587585449 -0.16009783744812012 0.8244386315345764
    outer loop
      vertex 8.158422470092773 14.0 13.0
      vertex 8.0 14.0 13.104310035705566
      vertex 8.0 13.462845802307129 13.0
    endloop
  endfacet
  facet normal 0.49456000328063965 0.385349303483963 -0.7790483236312866
    outer loop
      vertex 8.0 14.203320503234863 13.0
      vertex 8.158422470092773 14.0 13.0
      vertex 8.0 14.0 12.899429321289062
    endloop
  endfacet
  facet normal 0.5054785013198853 0.39385679364204407 0.7677032947540283
    outer loop
      vertex 8.158422470092773 14.0 13.0
      vertex 8.0 14.203320503234863 13.0
      vertex 8.0 14.0 13.104310035705566
    endloop
  endfacet
  facet normal 0.0035975854843854904 -0.8602842688560486 -0.5098019242286682
    outer loop
      vertex 9.0 16.0 14.809907913208008
      vertex 9.0 15.887351989746094 15.0
      vertex 8.0 15.883170127868652 15.0
    endloop
  endfacet
  facet normal -0.0018137985607609153 -0.8476719260215759 -0.5305176377296448
    outer loop
      vertex 9.0 16.0 14.809907913208008
      vertex 8.0 15.883170127868652 15.0
      vertex 8.0 16.0 14.813326835632324
    endloop
  endfacet
  facet normal 0.0033145055640488863 -0.7925909161567688 0.609744668006897
    outer loop
      vertex 8.0 16.0 15.151864051818848
      vertex 8.0 15.883170127868652 15.0
      vertex 9.0 15.887351989746094 15.0
    endloop
  endfacet
  facet normal 0.001448229537345469 -0.7985746264457703 0.6018940806388855
    outer loop
      vertex 8.0 16.0 15.151864051818848
      vertex 9.0 15.887351989746094 15.0
      vertex 9.0 16.0 15.149457931518555
    endloop
  endfacet
  facet normal -0.0033666319213807583 0.1741943210363388 -0.9847055077552795
    outer loop
      vertex 8.0 17.0 14.990226745605469
      vertex 9.0 16.0 14.809907913208008
      vertex 8.0 16.0 14.813326835632324
    endloop
  endfacet
  facet normal 0.0 0.17745690047740936 -0.984128475189209
    outer loop
      vertex 8.0 17.0 14.990226745605469
      vertex 9.0 17.0 14.990226745605469
      vertex 9.0 16.0 14.809907913208008
    endloop
  endfacet
  facet normal 0.0023838982451707125 0.13557323813438416 0.9907643795013428
    outer loop
      vertex 9.0 16.0 15.149457931518555
      vertex 8.0 17.0 15.015027046203613
      vertex 8.0 16.0 15.151864051818848
    endloop
  endfacet
  facet normal 0.0 0.13323239982128143 0.9910847544670105
    outer loop
      vertex 9.0 17.0 15.015027046203613
      vertex 8.0 17.0 15.015027046203613
      vertex 9.0 16.0 15.149457931518555
    endloop
  endfacet
  facet normal 0.0 0.0 -1.0
    outer loop
      vertex 8.0 18.0 14.990226745605469
      vertex 9.0 17.0 14.990226745605469
      vertex 8.0 17.0 14.990226745605469
    endloop
  endfacet
  facet normal 0.0 0.0 -1.0
    outer loop
      vertex 8.0 18.0 14.990226745605469
      vertex 9.0 18.0 14.990226745605469
      vertex 9.0 17.0 14.990226745605469
    endloop
  endfacet
  facet normal 0.0 0.0 1.0
    outer loop
      vertex 9.0 17.0 15.015027046203613
      vertex 8.0 18.0 15.015027046203613
      vertex 8.0 17.0 15.015027046203613
    endloop
  endfacet
  facet normal 0.0 0.0 1.0
    outer loop
      vertex 9.0 18.0 15.015027046203613
      vertex 8.0 18.0 15.015027046203613
      vertex 9.0 17.0 15.015027046203613
    endloop
  endfacet
  facet normal 0.0 0.0 -1.0
    outer loop
      vertex 8.0 19.0 14.990226745605469
      vertex 9.0 18.0 14.990226745605469
      vertex 8.0 18.0 14.990226745605469
    endloop
  endfacet
  facet normal 0.0 0.0 -1.0
    outer loop
      vertex 8.0 19.0 14.990226745605469
      vertex 9.0 19.0 14.990226745605469
      vertex 9.0 18.0 14.990226745605469
    endloop
  endfacet
  facet normal 0.0 0.0 1.0
    outer loop
      vertex 9.0 18.0 15.015027046203613
      vertex 8.0 19.0 15.015027046203613
      vertex 8.0 18.0 15.015027046203613
    endloop
  endfacet
  facet normal 0.0 0.0 1.0
    outer loop
      vertex 9.0 19.0 15.015027046203613
      vertex 8.0 19.0 15.015027046203613
      vertex 9.0 18.0 15.015027046203613
    endloop
  endfacet
  facet normal 0.0 0.0 -1.0
    outer loop
      vertex 8.0 20.0 14.990226745605469
      vertex 9.0 19.0 14.990226745605469
      vertex 8.0 19.0 14.990226745605469
    endloop
  endfacet
  facet normal 0.0 0.0 -1.0
    outer loop
      vertex 8.0 20.0 14.990226745605469
      vertex 9.0 20.0 14.990226745605469
      vertex 9.0 19.0 14.990226745605469
    endloop
  endfacet
  facet normal 0.0 0.0 1.0
    outer loop
      vertex 9.0 19.0 15.015027046203613
      vertex 8.0 20.0 15.015027046203613
      vertex 8.0 19.0 15.015027046203613
    endloop
  endfacet
  facet normal 0.0 0.0 1.0
    outer loop
      vertex 9.0 20.0 15.015027046203613
      vertex 8.0 20.0 15.015027046203613
      vertex 9.0 19.0 15.015027046203613
    endloop
  endfacet
  facet normal 0.0 0.7040086388587952 -0.7101913690567017
    outer loop
      vertex 9.0 20.009859085083008 15.0
      vertex 9.0 20.0 14.990226745605469
      vertex 8.0 20.0 14.990226745605469
    endloop
  endfacet
  facet normal 0.0 0.7040086388587952 -0.7101913690567017
    outer loop
      vertex 9.0 20.009859085083008 15.0
      vertex 8.0 20.0 14.990226745605469
      vertex 8.0 20.009859085083008 15.0
    endloop
  endfacet
  facet normal 0.0 0.8361095190048218 0.5485625863075256
    outer loop
      vertex 8.0 20.009859085083008 15.0
      vertex 8.0 20.0 15.015027046203613
      vertex 9.0 20.0 15.015027046203613
    endloop
  endfacet
  facet normal -0.0 0.8361095190048218 0.5485625863075256
    outer loop
      vertex 8.0 20.009859085083008 15.0
      vertex 9.0 20.0 15.015027046203613
      vertex 9.0 20.009859085083008 15.0
    endloop
  endfacet
  facet normal 0.0 -0.7039828896522522 -0.7102169394493103
    outer loop
      vertex 10.0 3.0 14.990226745605469
      vertex 10.0 2.990140199661255 15.0
      vertex 9.0 2.990140199661255 15.0
    endloop
  endfacet
  facet normal -0.0 -0.7039828896522522 -0.7102169394493103
    outer loop
      vertex 10.0 3.0 14.990226745605469
      vertex 9.0 2.990140199661255 15.0
      vertex 9.0 3.0 14.990226745605469
    endloop
  endfacet
  facet normal 0.0 -0.8360912203788757 0.548590362071991
    outer loop
      vertex 9.0 3.0 15.015027046203613
      vertex 9.0 2.990140199661255 15.0
      vertex 10.0 2.990140199661255 15.0
    endloop
  endfacet
  facet normal 0.0 -0.8360912203788757 0.548590362071991
    outer loop
      vertex 9.0 3.0 15.015027046203613
      vertex 10.0 2.990140199661255 15.0
      vertex 10.0 3.0 15.015027046203613
    endloop
  endfacet
  facet normal 0.0 0.0 -1.0
    outer loop
      vertex 9.0 4.0 14.990226745605469
      vertex 10.0 3.0 14.990226745605469
      vertex 9.0 3.0 14.990226745605469
    endloop
  endfacet
  facet normal 0.0 0.0 -1.0
    outer loop
      vertex 9.0 4.0 14.990226745605469
      vertex 10.0 4.0 14.990226745605469
      vertex 10.0 3.0 14.990226745605469
    endloop
  endfacet
  facet normal 0.0 0.0 1.0
    outer loop
      vertex 10.0 3.0 15.015027046203613
      vertex 9.0 4.0 15.015027046203613
      vertex 9.0 3.0 15.015027046203613
    endloop
  endfacet
  facet normal 0.0 0.0 1.0
    outer loop
      vertex 10.0 4.0 15.015027046203613
      vertex 9.0 4.0 15.015027046203613
      vertex 10.0 3.0 15.015027046203613
    endloop
  endfacet
  facet normal 0.0 0.0 -1.0
    outer loop
      vertex 9.0 5.0 14.990226745605469
      vertex 10.0 4.0 14.990226745605469
      vertex 9.0 4.0 14.990226745605469
    endloop
  endfacet
  facet normal 0.0 0.0 -1.0
    outer loop
      vertex 9.0 5.0 14.990226745605469
      vertex 10.0 5.0 14.990226745605469
      vertex 10.0 4.0 14.990226745605469
    endloop
  endfacet
  facet normal 0.0 0.0 1.0
    outer loop
      vertex 10.0 4.0 15.015027046203613
      vertex 9.0 5.0 15.015027046203613
      vertex 9.0 4.0 15.015027046203613
    endloop
  endfacet
  facet normal 0.0 0.0 1.0
    outer loop
      vertex 10.0 5.0 15.015027046203613
      vertex 9.0 5.0 15.015027046203613
      vertex 10.0 4.0 15.015027046203613
    endloop
  endfacet
  facet normal 0.0 0.0 -1.0
    outer loop
      vertex 9.0 6.0 14.990226745605469
      vertex 10.0 5.0 14.990226745605469
      vertex 9.0 5.0 14.990226745605469
    endloop
  endfacet
  facet normal 0.0 0.0 -1.0
    outer loop
      vertex 9.0 6.0 14.990226745605469
      vertex 10.0 6.0 14.990226745605469
      vertex 10.0 5.0 14.990226745605469
    endloop
  endfacet
  facet normal 0.0 0.0 1.0
    outer loop
      vertex 10.0 5.0 15.015027046203613
      vertex 9.0 6.0 15.015027046203613
      vertex 9.0 5.0 15.015027046203613
    endloop
  endfacet
  facet normal 0.0 0.0 1.0
    outer loop
      vertex 10.0 6.0 15.015027046203613
      vertex 9.0 6.0 15.015027046203613
      vertex 10.0 5.0 15.015027046203613
    endloop
  endfacet
  facet normal 0.0 -0.17745690047740936 -0.984128475189209
    outer loop
      vertex 9.0 7.0 14.809907913208008
      vertex 10.0 6.0 14.990226745605469
      vertex 9.0 6.0 14.990226745605469
    endloop
  endfacet
  facet normal -0.00045327734551392496 -0.17789587378501892 -0.9840492010116577
    outer loop
      vertex 9.0 7.0 14.809907913208008
      vertex 10.0 7.0 14.809447288513184
      vertex 10.0 6.0 14.990226745605469
    endloop
  endfacet
  facet normal 0.0 -0.13323239982128143 0.9910847544670105
    outer loop
      vertex 10.0 6.0 15.015027046203613
      vertex 9.0 7.0 15.149457931518555
      vertex 9.0 6.0 15.015027046203613
    endloop
  endfacet
  facet normal 8.79020371939987e-05 -0.13314606249332428 0.9910963773727417
    outer loop
      vertex 10.0 7.0 15.149369239807129
      vertex 9.0 7.0 15.149457931518555
      vertex 10.0 6.0 15.015027046203613
    endloop
  endfacet
  facet normal -0.00023416757176164538 0.8611329793930054 -0.5083795785903931
    outer loop
      vertex 10.0 7.112494945526123 15.0
      vertex 10.0 7.0 14.809447288513184
      vertex 9.0 7.0 14.809907913208008
    endloop
  endfacet
  facet normal 0.00013168003351893276 0.8602898716926575 -0.5098052024841309
    outer loop
      vertex 10.0 7.112494945526123 15.0
      vertex 9.0 7.0 14.809907913208008
      vertex 9.0 7.112648010253906 15.0
    endloop
  endfacet
  facet normal 5.338458504411392e-05 0.7985754609107971 0.6018946766853333
    outer loop
      vertex 9.0 7.112648010253906 15.0
      vertex 9.0 7.0 15.149457931518555
      vertex 10.0 7.0 15.149369239807129
    endloop
  endfacet
  facet normal 0.00012226765102241188 0.7987970113754272 0.6016006469726562
    outer loop
      vertex 9.0 7.112648010253906 15.0
      vertex 10.0 7.0 15.149369239807129
      vertex 10.0 7.112494945526123 15.0
    endloop
  endfacet
  facet normal 0.00013139766815584153 -0.8611320853233337 -0.508381187915802
    outer loop
      vertex 10.0 16.0 14.809447288513184
      vertex 10.0 15.887504577636719 15.0
      vertex 9.0 15.887351989746094 15.0
    endloop
  endfacet
  facet normal -0.0002348288835491985 -0.8602898716926575 -0.5098052024841309
    outer loop
      vertex 10.0 16.0 14.809447288513184
      vertex 9.0 15.887351989746094 15.0
      vertex 9.0 16.0 14.809907913208008
    endloop
  endfacet
  facet normal 0.00012185698869870976 -0.7985754609107971 0.6018946766853333
    outer loop
      vertex 9.0 16.0 15.149457931518555
      vertex 9.0 15.887351989746094 15.0
      vertex 10.0 15.887504577636719 15.0
    endloop
  endfacet
  facet normal 5.3357132856035605e-05 -0.7987958192825317 0.6016022562980652
    outer loop
      vertex 9.0 16.0 15.149457931518555
      vertex 10.0 15.887504577636719 15.0
      vertex 10.0 16.0 15.149369239807129
    endloop
  endfacet
  facet normal -0.0004533138999249786 0.17745690047740936 -0.984128475189209
    outer loop
      vertex 9.0 17.0 14.990226745605469
      vertex 10.0 16.0 14.809447288513184
      vertex 9.0 16.0 14.809907913208008
    endloop
  endfacet
  facet normal 0.0 0.1778959035873413 -0.9840493202209473
    outer loop
      vertex 9.0 17.0 14.990226745605469
      vertex 10.0 17.0 14.990226745605469
      vertex 10.0 16.0 14.809447288513184
    endloop
  endfacet
  facet normal 8.790100400801748e-05 0.13323239982128143 0.9910847544670105
    outer loop
      vertex 10.0 16.0 15.149369239807129
      vertex 9.0 17.0 15.015027046203613
      vertex 9.0 16.0 15.149457931518555
    endloop
  endfacet
  facet normal 0.0 0.13314606249332428 0.9910963773727417
    outer loop
      vertex 10.0 17.0 15.015027046203613
      vertex 9.0 17.0 15.015027046203613
      vertex 10.0 16.0 15.149369239807129
    endloop
  endfacet
  facet normal 0.0 0.0 -1.0
    outer loop
      vertex 9.0 18.0 14.990226745605469
      vertex 10.0 17.0 14.990226745605469
      vertex 9.0 17.0 14.990226745605469
    endloop
  endfacet
  facet normal 0.0 0.0 -1.0
    outer loop
      vertex 9.0 18.0 14.990226745605469
      vertex 10.0 18.0 14.990226745605469
      vertex 10.0 17.0 14.990226745605469
    endloop
  endfacet
  facet normal 0.0 0.0 1.0
    outer loop
      vertex 10.0 17.0 15.015027046203613
      vertex 9.0 18.0 15.015027046203613
      vertex 9.0 17.0 15.015027046203613
    endloop
  endfacet
  facet normal 0.0 0.0 1.0
    outer loop
      vertex 10.0 18.0 15.015027046203613
      vertex 9.0 18.0 15.015027046203613
      vertex 10.0 17.0 15.015027046203613
    endloop
  endfacet
  facet normal 0.0 0.0 -1.0
    outer loop
      vertex 9.0 19.0 14.990226745605469
      vertex 10.0 18.0 14.990226745605469
      vertex 9.0 18.0 14.990226745605469
    endloop
  endfacet
  facet normal 0.0 0.0 -1.0
    outer loop
      vertex 9.0 19.0 14.990226745605469
      vertex 10.0 19.0 14.990226745605469
      vertex 10.0 18.0 14.990226745605469
    endloop
  endfacet
  facet normal 0.0 0.0 1.0
    outer loop
      vertex 10.0 18.0 15.015027046203613
      vertex 9.0 19.0 15.015027046203613
      vertex 9.0 18.0 15.015027046203613
    endloop
  endfacet
  facet normal 0.0 0.0 1.0
    outer loop
      vertex 10.0 19.0 15.015027046203613
      vertex 9.0 19.0 15.015027046203613
      vertex 10.0 18.0 15.015027046203613
    endloop
  endfacet
  facet normal 0.0 0.0 -1.0
    outer loop
      vertex 9.0 20.0 14.990226745605469
      vertex 10.0 19.0 14.990226745605469
      vertex 9.0 19.0 14.990226745605469
    endloop
  endfacet
  facet normal 0.0 0.0 -1.0
    outer loop
      vertex 9.0 20.0 14.990226745605469
      vertex 10.0 20.0 14.990226745605469
      vertex 10.0 19.0 14.990226745605469
    endloop
  endfacet
  facet normal 0.0 0.0 1.0
    outer loop
      vertex 10.0 19.0 15.015027046203613
      vertex 9.0 20.0 15.015027046203613
      vertex 9.0 19.0 15.015027046203613
    endloop
  endfacet
  facet normal 0.0 0.0 1.0
    outer loop
      vertex 10.0 20.0 15.015027046203613
      vertex 9.0 20.0 15.015027046203613
      vertex 10.0 19.0 15.015027046203613
    endloop
  endfacet
  facet normal 0.0 0.7040086388587952 -0.7101913690567017
    outer loop
      vertex 10.0 20.009859085083008 15.0
      vertex 10.0 20.0 14.990226745605469
      vertex 9.0 20.0 14.990226745605469
    endloop
  endfacet
  facet normal 0.0 0.7040086388587952 -0.7101913690567017
    outer loop
      vertex 10.0 20.009859085083008 15.0
      vertex 9.0 20.0 14.990226745605469
      vertex 9.0 20.009859085083008 15.0
    endloop
  endfacet
  facet normal 0.0 0.8361095190048218 0.5485625863075256
    outer loop
      vertex 9.0 20.009859085083008 15.0
      vertex 9.0 20.0 15.015027046203613
      vertex 10.0 20.0 15.015027046203613
    endloop
  endfacet
  facet normal -0.0 0.8361095190048218 0.5485625863075256
    outer loop
      vertex 9.0 20.009859085083008 15.0
      vertex 10.0 20.0 15.015027046203613
      vertex 10.0 20.009859085083008 15.0
    endloop
  endfacet
  facet normal 0.0 -0.7039828896522522 -0.7102169394493103
    outer loop
      vertex 11.0 3.0 14.990226745605469
      vertex 11.0 2.990140199661255 15.0
      vertex 10.0 2.990140199661255 15.0
    endloop
  endfacet
  facet normal -0.0 -0.7039828896522522 -0.7102169394493103
    outer loop
      vertex 11.0 3.0 14.990226745605469
      vertex 10.0 2.990140199661255 15.0
      vertex 10.0 3.0 14.990226745605469
    endloop
  endfacet
  facet normal 0.0 -0.8360912203788757 0.548590362071991
    outer loop
      vertex 10.0 3.0 15.015027046203613
      vertex 10.0 2.990140199661255 15.0
      vertex 11.0 2.990140199661255 15.0
    endloop
  endfacet
  facet normal 0.0 -0.8360912203788757 0.548590362071991
    outer loop
      vertex 10.0 3.0 15.015027046203613
      vertex 11.0 2.990140199661255 15.0
      vertex 11.0 3.0 15.015027046203613
    endloop
  endfacet
  facet normal 0.0 0.0 -1.0
    outer loop
      vertex 10.0 4.0 14.990226745605469
      vertex 11.0 3.0 14.990226745605469
      vertex 10.0 3.0 14.990226745605469
    endloop
  endfacet
  facet normal 0.0 0.0 -1.0
    outer loop
      vertex 10.0 4.0 14.990226745605469
      vertex 11.0 4.0 14.990226745605469
      vertex 11.0 3.0 14.990226745605469
    endloop
  endfacet
  facet normal 0.0 0.0 1.0
    outer loop
      vertex 11.0 3.0 15.015027046203613
      vertex 10.0 4.0 15.015027046203613
      vertex 10.0 3.0 15.015027046203613
    endloop
  endfacet
  facet normal 0.0 0.0 1.0
    outer loop
      vertex 11.0 4.0 15.015027046203613
      vertex 10.0 4.0 15.015027046203613
      vertex 11.0 3.0 15.015027046203613
    endloop
  endfacet
  facet normal 0.0 0.0 -1.0
    outer loop
      vertex 10.0 5.0 14.990226745605469
      vertex 11.0 4.0 14.990226745605469
      vertex 10.0 4.0 14.990226745605469
    endloop
  endfacet
  facet normal 0.0 0.0 -1.0
    outer loop
      vertex 10.0 5.0 14.990226745605469
      vertex 11.0 5.0 14.990226745605469
      vertex 11.0 4.0 14.990226745605469
    endloop
  endfacet
  facet normal 0.0 0.0 1.0
    outer loop
      vertex 11.0 4.0 15.015027046203613
      vertex 10.0 5.0 15.015027046203613
      vertex 10.0 4.0 15.015027046203613
    endloop
  endfacet
  facet normal 0.0 0.0 1.0
    outer loop
      vertex 11.0 5.0 15.015027046203613
      vertex 10.0 5.0 15.015027046203613
      vertex 11.0 4.0 15.015027046203613
    endloop
  endfacet
  facet normal 0.0 0.0 -1.0
    outer loop
      vertex 10.0 6.0 14.990226745605469
      vertex 11.0 5.0 14.990226745605469
      vertex 10.0 5.0 14.990226745605469
    endloop
  endfacet
  facet normal 0.0 0.0 -1.0
    outer loop
      vertex 10.0 6.0 14.990226745605469
      vertex 11.0 6.0 14.990226745605469
      vertex 11.0 5.0 14.990226745605469
    endloop
  endfacet
  facet normal 0.0 0.0 1.0
    outer loop
      vertex 11.0 5.0 15.015027046203613
      vertex 10.0 6.0 15.015027046203613
      vertex 10.0 5.0 15.015027046203613
    endloop
  endfacet
  facet normal 0.0 0.0 1.0
    outer loop
      vertex 11.0 6.0 15.015027046203613
      vertex 10.0 6.0 15.015027046203613
      vertex 11.0 5.0 15.015027046203613
    endloop
  endfacet
  facet normal 0.0 -0.1778959035873413 -0.9840493202209473
    outer loop
      vertex 10.0 7.0 14.809447288513184
      vertex 11.0 6.0 14.990226745605469
      vertex 10.0 6.0 14.990226745605469
    endloop
  endfacet
  facet normal -1.2199987395433709e-05 -0.17790772020816803 -0.9840472340583801
    outer loop
      vertex 10.0 7.0 14.809447288513184
      vertex 11.0 7.0 14.80943489074707
      vertex 11.0 6.0 14.990226745605469
    endloop
  endfacet
  facet normal 0.0 -0.13314606249332428 0.9910963773727417
    outer loop
      vertex 11.0 6.0 15.015027046203613
      vertex 10.0 7.0 15.149369239807129
      vertex 10.0 6.0 15.015027046203613
    endloop
  endfacet
  facet normal 9.451832738704979e-07 -0.13314513862133026 0.9910964965820312
    outer loop
      vertex 11.0 7.0 15.149368286132812
      vertex 10.0 7.0 15.149369239807129
      vertex 11.0 6.0 15.015027046203613
    endloop
  endfacet
  facet normal -6.304448106675409e-06 0.8611494302749634 -0.5083519220352173
    outer loop
      vertex 11.0 7.112493991851807 15.0
      vertex 11.0 7.0 14.80943489074707
      vertex 10.0 7.0 14.809447288513184
    endloop
  endfacet
  facet normal 8.212404623009206e-07 0.8611330389976501 -0.5083796381950378
    outer loop
      vertex 11.0 7.112493991851807 15.0
      vertex 10.0 7.0 14.809447288513184
      vertex 10.0 7.112494945526123 15.0
    endloop
  endfacet
  facet normal 5.77741275264998e-07 0.7987970113754272 0.6016006469726562
    outer loop
      vertex 10.0 7.112494945526123 15.0
      vertex 10.0 7.0 15.149369239807129
      vertex 11.0 7.0 15.149368286132812
    endloop
  endfacet
  facet normal 7.617928190484236e-07 0.7987976670265198 0.6015998125076294
    outer loop
      vertex 10.0 7.112494945526123 15.0
      vertex 11.0 7.0 15.149368286132812
      vertex 11.0 7.112493991851807 15.0
    endloop
  endfacet
  facet normal 8.248801464105782e-07 -0.861148476600647 -0.5083535313606262
    outer loop
      vertex 11.0 16.0 14.80943489074707
      vertex 11.0 15.887505531311035 15.0
      vertex 10.0 15.887504577636719 15.0
    endloop
  endfacet
  facet normal -6.3027910073287785e-06 -0.8611320853233337 -0.508381187915802
    outer loop
      vertex 11.0 16.0 14.80943489074707
      vertex 10.0 15.887504577636719 15.0
      vertex 10.0 16.0 14.809447288513184
    endloop
  endfacet
  facet normal 7.670001878068433e-07 -0.7987958192825317 0.6016022562980652
    outer loop
      vertex 10.0 16.0 15.149369239807129
      vertex 10.0 15.887504577636719 15.0
      vertex 11.0 15.887505531311035 15.0
    endloop
  endfacet
  facet normal 5.737318247156509e-07 -0.7987963557243347 0.6016014218330383
    outer loop
      vertex 10.0 16.0 15.149369239807129
      vertex 11.0 15.887505531311035 15.0
      vertex 11.0 16.0 15.149368286132812
    endloop
  endfacet
  facet normal -1.2200012861285359e-05 0.1778959035873413 -0.9840493202209473
    outer loop
      vertex 10.0 17.0 14.990226745605469
      vertex 11.0 16.0 14.80943489074707
      vertex 10.0 16.0 14.809447288513184
    endloop
  endfacet
  facet normal 0.0 0.17790772020816803 -0.9840472340583801
    outer loop
      vertex 10.0 17.0 14.990226745605469
      vertex 11.0 17.0 14.990226745605469
      vertex 11.0 16.0 14.80943489074707
    endloop
  endfacet
  facet normal 9.451831601836602e-07 0.13314606249332428 0.9910963773727417
    outer loop
      vertex 11.0 16.0 15.149368286132812
      vertex 10.0 17.0 15.015027046203613
      vertex 10.0 16.0 15.149369239807129
    endloop
  endfacet
  facet normal 0.0 0.13314513862133026 0.9910964965820312
    outer loop
      vertex 11.0 17.0 15.015027046203613
      vertex 10.0 17.0 15.015027046203613
      vertex 11.0 16.0 15.149368286132812
    endloop
  endfacet
  facet normal 0.0 0.0 -1.0
    outer loop
      vertex 10.0 18.0 14.990226745605469
      vertex 11.0 17.0 14.990226745605469
      vertex 10.0 17.0 14.990226745605469
    endloop
  endfacet
  facet normal 0.0 0.0 -1.0
    outer loop
      vertex 10.0 18.0 14.990226745605469
      vertex 11.0 18.0 14.990226745605469
      vertex 11.0 17.0 14.990226745605469
    endloop
  endfacet
  facet normal 0.0 0.0 1.0
    outer loop
      vertex 11.0 17.0 15.015027046203613
      vertex 10.0 18.0 15.015027046203613
      vertex 10.0 17.0 15.015027046203613
    endloop
  endfacet
  facet normal 0.0 0.0 1.0
    outer loop
      vertex 11.0 18.0 15.015027046203613
      vertex 10.0 18.0 15.015027046203613
      vertex 11.0 17.0 15.015027046203613
    endloop
  endfacet
  facet normal 0.0 0.0 -1.0
    outer loop
      vertex 10.0 19.0 14.990226745605469
      vertex 11.0 18.0 14.990226745605469
      vertex 10.0 18.0 14.990226745605469
    endloop
  endfacet
  facet normal 0.0 0.0 -1.0
    outer loop
      vertex 10.0 19.0 14.990226745605469
      vertex 11.0 19.0 14.990226745605469
      vertex 11.0 18.0 14.990226745605469
    endloop
  endfacet
  facet normal 0.0 0.0 1.0
    outer loop
      vertex 11.0 18.0 15.015027046203613
      vertex 10.0 19.0 15.015027046203613
      vertex 10.0 18.0 15.015027046203613
    endloop
  endfacet
  facet normal 0.0 0.0 1.0
    outer loop
      vertex 11.0 19.0 15.015027046203613
      vertex 10.0 19.0 15.015027046203613
      vertex 11.0 18.0 15.015027046203613
    endloop
  endfacet
  facet normal 0.0 0.0 -1.0
    outer loop
      vertex 10.0 20.0 14.990226745605469
      vertex 11.0 19.0 14.990226745605469
      vertex 10.0 19.0 14.990226745605469
    endloop
  endfacet
  facet normal 0.0 0.0 -1.0
    outer loop
      vertex 10.0 20.0 14.990226745605469
      vertex 11.0 20.0 14.990226745605469
      vertex 11.0 19.0 14.990226745605469
    endloop
  endfacet
  facet normal 0.0 0.0 1.0
    outer loop
      vertex 11.0 19.0 15.015027046203613
      vertex 10.0 20.0 15.015027046203613
      vertex 10.0 19.0 15.015027046203613
    endloop
  endfacet
  facet normal 0.0 0.0 1.0
    outer loop
      vertex 11.0 20.0 15.015027046203613
      vertex 10.0 20.0 15.015027046203613
      vertex 11.0 19.0 15.015027046203613
    endloop
  endfacet
  facet normal 0.0 0.7040086388587952 -0.7101913690567017
    outer loop
      vertex 11.0 20.009859085083008 15.0
      vertex 11.0 20.0 14.990226745605469
      vertex 10.0 20.0 14.990226745605469
    endloop
  endfacet
  facet normal 0.0 0.7040086388587952 -0.7101913690567017
    outer loop
      vertex 11.0 20.009859085083008 15.0
      vertex 10.0 20.0 14.990226745605469
      vertex 10.0 20.009859085083008 15.0
    endloop
  endfacet
  facet normal 0.0 0.8361095190048218 0.5485625863075256
    outer loop
      vertex 10.0 20.009859085083008 15.0
      vertex 10.0 20.0 15.015027046203613
      vertex 11.0 20.0 15.015027046203613
    endloop
  endfacet
  facet normal -0.0 0.8361095190048218 0.5485625863075256
    outer loop
      vertex 10.0 20.009859085083008 15.0
      vertex 11.0 20.0 15.015027046203613
      vertex 11.0 20.009859085083008 15.0
    endloop
  endfacet
  facet normal 0.0 -0.7039828896522522 -0.7102169394493103
    outer loop
      vertex 12.0 3.0 14.990226745605469
      vertex 12.0 2.990140199661255 15.0
      vertex 11.0 2.990140199661255 15.0
    endloop
  endfacet
  facet normal -0.0 -0.7039828896522522 -0.7102169394493103
    outer loop
      vertex 12.0 3.0 14.990226745605469
      vertex 11.0 2.990140199661255 15.0
      vertex 11.0 3.0 14.990226745605469
    endloop
  endfacet
  facet normal 0.0 -0.8360912203788757 0.548590362071991
    outer loop
      vertex 11.0 3.0 15.015027046203613
      vertex 11.0 2.990140199661255 15.0
      vertex 12.0 2.990140199661255 15.0
    endloop
  endfacet
  facet normal 0.0 -0.8360912203788757 0.548590362071991
    outer loop
      vertex 11.0 3.0 15.015027046203613
      vertex 12.0 2.990140199661255 15.0
      vertex 12.0 3.0 15.015027046203613
    endloop
  endfacet
  facet normal 0.0 0.0 -1.0
    outer loop
      vertex 11.0 4.0 14.990226745605469
      vertex 12.0 3.0 14.990226745605469
      vertex 11.0 3.0 14.990226745605469
    endloop
  endfacet
  facet normal 0.0 0.0 -1.0
    outer loop
      vertex 11.0 4.0 14.990226745605469
      vertex 12.0 4.0 14.990226745605469
      vertex 12.0 3.0 14.990226745605469
    endloop
  endfacet
  facet normal 0.0 0.0 1.0
    outer loop
      vertex 12.0 3.0 15.015027046203613
      vertex 11.0 4.0 15.015027046203613
      vertex 11.0 3.0 15.015027046203613
    endloop
  endfacet
  facet normal 0.0 0.0 1.0
    outer loop
      vertex 12.0 4.0 15.015027046203613
      vertex 11.0 4.0 15.015027046203613
      vertex 12.0 3.0 15.015027046203613
    endloop
  endfacet
  facet normal 0.0 0.0 -1.0
    outer loop
      vertex 11.0 5.0 14.990226745605469
      vertex 12.0 4.0 14.990226745605469
      vertex 11.0 4.0 14.990226745605469
    endloop
  endfacet
  facet normal 0.0 0.0 -1.0
    outer loop
      vertex 11.0 5.0 14.990226745605469
      vertex 12.0 5.0 14.990226745605469
      vertex 12.0 4.0 14.990226745605469
    endloop
  endfacet
  facet normal 0.0 0.0 1.0
    outer loop
      vertex 12.0 4.0 15.015027046203613
      vertex 11.0 5.0 15.015027046203613
      vertex 11.0 4.0 15.015027046203613
    endloop
  endfacet
  facet normal 0.0 0.0 1.0
    outer loop
      vertex 12.0 5.0 15.015027046203613
      vertex 11.0 5.0 15.015027046203613
      vertex 12.0 4.0 15.015027046203613
    endloop
  endfacet
  facet normal 0.0 0.0 -1.0
    outer loop
      vertex 11.0 6.0 14.990226745605469
      vertex 12.0 5.0 14.990226745605469
      vertex 11.0 5.0 14.990226745605469
    endloop
  endfacet
  facet normal 0.0 0.0 -1.0
    outer loop
      vertex 11.0 6.0 14.990226745605469
      vertex 12.0 6.0 14.990226745605469
      vertex 12.0 5.0 14.990226745605469
    endloop
  endfacet
  facet normal 0.0 0.0 1.0
    outer loop
      vertex 12.0 5.0 15.015027046203613
      vertex 11.0 6.0 15.015027046203613
      vertex 11.0 5.0 15.015027046203613
    endloop
  endfacet
  facet normal 0.0 0.0 1.0
    outer loop
      vertex 12.0 6.0 15.015027046203613
      vertex 11.0 6.0 15.015027046203613
      vertex 12.0 5.0 15.015027046203613
    endloop
  endfacet
  facet normal 0.0 -0.17790772020816803 -0.9840472340583801
    outer loop
      vertex 11.0 7.0 14.80943489074707
      vertex 12.0 6.0 14.990226745605469
      vertex 11.0 6.0 14.990226745605469
    endloop
  endfacet
  facet normal 0.0 -0.17790772020816803 -0.9840472340583801
    outer loop
      vertex 11.0 7.0 14.80943489074707
      vertex 12.0 7.0 14.80943489074707
      vertex 12.0 6.0 14.990226745605469
    endloop
  endfacet
  facet normal 0.0 -0.13314513862133026 0.9910964965820312
    outer loop
      vertex 12.0 6.0 15.015027046203613
      vertex 11.0 7.0 15.149368286132812
      vertex 11.0 6.0 15.015027046203613
    endloop
  endfacet
  facet normal 0.0 -0.13314513862133026 0.9910964965820312
    outer loop
      vertex 12.0 7.0 15.149368286132812
      vertex 11.0 7.0 15.149368286132812
      vertex 12.0 6.0 15.015027046203613
    endloop
  endfacet
  facet normal 0.0 0.8611494302749634 -0.5083519220352173
    outer loop
      vertex 12.0 7.112493991851807 15.0
      vertex 12.0 7.0 14.80943489074707
      vertex 11.0 7.0 14.80943489074707
    endloop
  endfacet
  facet normal 0.0 0.8611494302749634 -0.5083519220352173
    outer loop
      vertex 12.0 7.112493991851807 15.0
      vertex 11.0 7.0 14.80943489074707
      vertex 11.0 7.112493991851807 15.0
    endloop
  endfacet
  facet normal 0.0 0.7987976670265198 0.6015998125076294
    outer loop
      vertex 11.0 7.112493991851807 15.0
      vertex 11.0 7.0 15.149368286132812
      vertex 12.0 7.0 15.149368286132812
    endloop
  endfacet
  facet normal -0.0 0.7987976670265198 0.6015998125076294
    outer loop
      vertex 11.0 7.112493991851807 15.0
      vertex 12.0 7.0 15.149368286132812
      vertex 12.0 7.112493991851807 15.0
    endloop
  endfacet
  facet normal 0.0 -0.861148476600647 -0.5083535313606262
    outer loop
      vertex 12.0 16.0 14.80943489074707
      vertex 12.0 15.887505531311035 15.0
      vertex 11.0 15.887505531311035 15.0
    endloop
  endfacet
  facet normal -0.0 -0.861148476600647 -0.5083535313606262
    outer loop
      vertex 12.0 16.0 14.80943489074707
      vertex 11.0 15.887505531311035 15.0
      vertex 11.0 16.0 14.80943489074707
    endloop
  endfacet
  facet normal 0.0 -0.7987963557243347 0.6016014218330383
    outer loop
      vertex 11.0 16.0 15.149368286132812
      vertex 11.0 15.887505531311035 15.0
      vertex 12.0 15.887505531311035 15.0
    endloop
  endfacet
  facet normal 0.0 -0.7987963557243347 0.6016014218330383
    outer loop
      vertex 11.0 16.0 15.149368286132812
      vertex 12.0 15.887505531311035 15.0
      vertex 12.0 16.0 15.149368286132812
    endloop
  endfacet
  facet normal 0.0 0.17790772020816803 -0.9840472340583801
    outer loop
      vertex 11.0 17.0 14.990226745605469
      vertex 12.0 16.0 14.80943489074707
      vertex 11.0 16.0 14.80943489074707
    endloop
  endfacet
  facet normal 0.0 0.17790772020816803 -0.9840472340583801
    outer loop
      vertex 11.0 17.0 14.990226745605469
      vertex 12.0 17.0 14.990226745605469
      vertex 12.0 16.0 14.80943489074707
    endloop
  endfacet
  facet normal 0.0 0.13314513862133026 0.9910964965820312
    outer loop
      vertex 12.0 16.0 15.149368286132812
      vertex 11.0 17.0 15.015027046203613
      vertex 11.0 16.0 15.149368286132812
    endloop
  endfacet
  facet normal 0.0 0.13314513862133026 0.9910964965820312
    outer loop
      vertex 12.0 17.0 15.015027046203613
      vertex 11.0 17.0 15.015027046203613
      vertex 12.0 16.0 15.149368286132812
    endloop
  endfacet
  facet normal 0.0 0.0 -1.0
    outer loop
      vertex 11.0 18.0 14.990226745605469
      vertex 12.0 17.0 14.990226745605469
      vertex 11.0 17.0 14.990226745605469
    endloop
  endfacet
  facet normal 0.0 0.0 -1.0
    outer loop
      vertex 11.0 18.0 14.990226745605469
      vertex 12.0 18.0 14.990226745605469
      vertex 12.0 17.0 14.990226745605469
    endloop
  endfacet
  facet normal 0.0 0.0 1.0
    outer loop
      vertex 12.0 17.0 15.015027046203613
      vertex 11.0 18.0 15.015027046203613
      vertex 11.0 17.0 15.015027046203613
    endloop
  endfacet
  facet normal 0.0 0.0 1.0
    outer loop
      vertex 12.0 18.0 15.015027046203613
      vertex 11.0 18.0 15.015027046203613
      vertex 12.0 17.0 15.015027046203613
    endloop
  endfacet
  facet normal 0.0 0.0 -1.0
    outer loop
      vertex 11.0 19.0 14.990226745605469
      vertex 12.0 18.0 14.990226745605469
      vertex 11.0 18.0 14.990226745605469
    endloop
  endfacet
  facet normal 0.0 0.0 -1.0
    outer loop
      vertex 11.0 19.0 14.990226745605469
      vertex 12.0 19.0 14.990226745605469
      vertex 12.0 18.0 14.990226745605469
    endloop
  endfacet
  facet normal 0.0 0.0 1.0
    outer loop
      vertex 12.0 18.0 15.015027046203613
      vertex 11.0 19.0 15.015027046203613
      vertex 11.0 18.0 15.015027046203613
    endloop
  endfacet
  facet normal 0.0 0.0 1.0
    outer loop
      vertex 12.0 19.0 15.015027046203613
      vertex 11.0 19.0 15.015027046203613
      vertex 12.0 18.0 15.015027046203613
    endloop
  endfacet
  facet normal 0.0 0.0 -1.0
    outer loop
      vertex 11.0 20.0 14.990226745605469
      vertex 12.0 19.0 14.990226745605469
      vertex 11.0 19.0 14.990226745605469
    endloop
  endfacet
  facet normal 0.0 0.0 -1.0
    outer loop
      vertex 11.0 20.0 14.990226745605469
      vertex 12.0 20.0 14.990226745605469
      vertex 12.0 19.0 14.990226745605469
    endloop
  endfacet
  facet normal 0.0 0.0 1.0
    outer loop
      vertex 12.0 19.0 15.015027046203613
      vertex 11.0 20.0 15.015027046203613
      vertex 11.0 19.0 15.015027046203613
    endloop
  endfacet
  facet normal 0.0 0.0 1.0
    outer loop
      vertex 12.0 20.0 15.015027046203613
      vertex 11.0 20.0 15.015027046203613
      vertex 12.0 19.0 15.015027046203613
    endloop
  endfacet
  facet normal 0.0 0.7040086388587952 -0.7101913690567017
    outer loop
      vertex 12.0 20.009859085083008 15.0
      vertex 12.0 20.0 14.990226745605469
      vertex 11.0 20.0 14.990226745605469
    endloop
  endfacet
  facet normal 0.0 0.7040086388587952 -0.7101913690567017
    outer loop
      vertex 12.0 20.009859085083008 15.0
      vertex 11.0 20.0 14.990226745605469
      vertex 11.0 20.009859085083008 15.0
    endloop
  endfacet
  facet normal 0.0 0.8361095190048218 0.5485625863075256
    outer loop
      vertex 11.0 20.009859085083008 15.0
      vertex 11.0 20.0 15.015027046203613
      vertex 12.0 20.0 15.015027046203613
    endloop
  endfacet
  facet normal -0.0 0.8361095190048218 0.5485625863075256
    outer loop
      vertex 11.0 20.009859085083008 15.0
      vertex 12.0 20.0 15.015027046203613
      vertex 12.0 20.009859085083008 15.0
    endloop
  endfacet
  facet normal 0.0 -0.7039828896522522 -0.7102169394493103
    outer loop
      vertex 13.0 3.0 14.990226745605469
      vertex 13.0 2.990140199661255 15.0
      vertex 12.0 2.990140199661255 15.0
    endloop
  endfacet
  facet normal -0.0 -0.7039828896522522 -0.7102169394493103
    outer loop
      vertex 13.0 3.0 14.990226745605469
      vertex 12.0 2.990140199661255 15.0
      vertex 12.0 3.0 14.990226745605469
    endloop
  endfacet
  facet normal 0.0 -0.8360912203788757 0.548590362071991
    outer loop
      vertex 12.0 3.0 15.015027046203613
      vertex 12.0 2.990140199661255 15.0
      vertex 13.0 2.990140199661255 15.0
    endloop
  endfacet
  facet normal 0.0 -0.8360912203788757 0.548590362071991
    outer loop
      vertex 12.0 3.0 15.015027046203613
      vertex 13.0 2.990140199661255 15.0
      vertex 13.0 3.0 15.015027046203613
    endloop
  endfacet
  facet normal 0.0 0.0 -1.0
    outer loop
      vertex 12.0 4.0 14.990226745605469
      vertex 13.0 3.0 14.990226745605469
      vertex 12.0 3.0 14.990226745605469
    endloop
  endfacet
  facet normal 0.0 0.0 -1.0
    outer loop
      vertex 12.0 4.0 14.990226745605469
      vertex 13.0 4.0 14.990226745605469
      vertex 13.0 3.0 14.990226745605469
    endloop
  endfacet
  facet normal 0.0 0.0 1.0
    outer loop
      vertex 13.0 3.0 15.015027046203613
      vertex 12.0 4.0 15.015027046203613
      vertex 12.0 3.0 15.015027046203613
    endloop
  endfacet
  facet normal 0.0 0.0 1.0
    outer loop
      vertex 13.0 4.0 15.015027046203613
      vertex 12.0 4.0 15.015027046203613
      vertex 13.0 3.0 15.015027046203613
    endloop
  endfacet
  facet normal 0.0 0.0 -1.0
    outer loop
      vertex 12.0 5.0 14.990226745605469
      vertex 13.0 4.0 14.990226745605469
      vertex 12.0 4.0 14.990226745605469
    endloop
  endfacet
  facet normal 0.0 0.0 -1.0
    outer loop
      vertex 12.0 5.0 14.990226745605469
      vertex 13.0 5.0 14.990226745605469
      vertex 13.0 4.0 14.990226745605469
    endloop
  endfacet
  facet normal 0.0 0.0 1.0
    outer loop
      vertex 13.0 4.0 15.015027046203613
      vertex 12.0 5.0 15.015027046203613
      vertex 12.0 4.0 15.015027046203613
    endloop
  endfacet
  facet normal 0.0 0.0 1.0
    outer loop
      vertex 13.0 5.0 15.015027046203613
      vertex 12.0 5.0 15.015027046203613
      vertex 13.0 4.0 15.015027046203613
    endloop
  endfacet
  facet normal 0.0 0.0 -1.0
    outer loop
      vertex 12.0 6.0 14.990226745605469
      vertex 13.0 5.0 14.990226745605469
      vertex 12.0 5.0 14.990226745605469
    endloop
  endfacet
  facet normal 0.0 0.0 -1.0
    outer loop
      vertex 12.0 6.0 14.990226745605469
      vertex 13.0 6.0 14.990226745605469
      vertex 13.0 5.0 14.990226745605469
    endloop
  endfacet
  facet normal 0.0 0.0 1.0
    outer loop
      vertex 13.0 5.0 15.015027046203613
      vertex 12.0 6.0 15.015027046203613
      vertex 12.0 5.0 15.015027046203613
    endloop
  endfacet
  facet normal 0.0 0.0 1.0
    outer loop
      vertex 13.0 6.0 15.015027046203613
      vertex 12.0 6.0 15.015027046203613
      vertex 13.0 5.0 15.015027046203613
    endloop
  endfacet
  facet normal 0.0 -0.17790772020816803 -0.9840472340583801
    outer loop
      vertex 12.0 7.0 14.80943489074707
      vertex 13.0 6.0 14.990226745605469
      vertex 12.0 6.0 14.990226745605469
    endloop
  endfacet
  facet normal 1.2200012861285359e-05 -0.1778959035873413 -0.9840493202209473
    outer loop
      vertex 12.0 7.0 14.80943489074707
      vertex 13.0 7.0 14.809447288513184
      vertex 13.0 6.0 14.990226745605469
    endloop
  endfacet
  facet normal 0.0 -0.13314513862133026 0.9910964965820312
    outer loop
      vertex 13.0 6.0 15.015027046203613
      vertex 12.0 7.0 15.149368286132812
      vertex 12.0 6.0 15.015027046203613
    endloop
  endfacet
  facet normal -9.451831601836602e-07 -0.13314606249332428 0.9910963773727417
    outer loop
      vertex 13.0 7.0 15.149369239807129
      vertex 12.0 7.0 15.149368286132812
      vertex 13.0 6.0 15.015027046203613
    endloop
  endfacet
  facet normal 6.304738235485274e-06 0.8611330389976501 -0.5083796381950378
    outer loop
      vertex 13.0 7.112494945526123 15.0
      vertex 13.0 7.0 14.809447288513184
      vertex 12.0 7.0 14.80943489074707
    endloop
  endfacet
  facet normal -8.212560942411073e-07 0.8611494302749634 -0.5083519220352173
    outer loop
      vertex 13.0 7.112494945526123 15.0
      vertex 12.0 7.0 14.80943489074707
      vertex 12.0 7.112493991851807 15.0
    endloop
  endfacet
  facet normal -5.677842978002445e-07 0.7987976670265198 0.6015998125076294
    outer loop
      vertex 12.0 7.112493991851807 15.0
      vertex 12.0 7.0 15.149368286132812
      vertex 13.0 7.0 15.149369239807129
    endloop
  endfacet
  facet normal -7.617921937708161e-07 0.7987970113754272 0.6016006469726562
    outer loop
      vertex 12.0 7.112493991851807 15.0
      vertex 13.0 7.0 15.149369239807129
      vertex 13.0 7.112494945526123 15.0
    endloop
  endfacet
  facet normal -8.165005738192121e-07 -0.8611320853233337 -0.508381187915802
    outer loop
      vertex 13.0 16.0 14.809447288513184
      vertex 13.0 15.887504577636719 15.0
      vertex 12.0 15.887505531311035 15.0
    endloop
  endfacet
  facet normal 6.30244812782621e-06 -0.861148476600647 -0.5083535313606262
    outer loop
      vertex 13.0 16.0 14.809447288513184
      vertex 12.0 15.887505531311035 15.0
      vertex 12.0 16.0 14.80943489074707
    endloop
  endfacet
  facet normal -7.570445177407237e-07 -0.7987963557243347 0.6016014218330383
    outer loop
      vertex 12.0 16.0 15.149368286132812
      vertex 12.0 15.887505531311035 15.0
      vertex 13.0 15.887504577636719 15.0
    endloop
  endfacet
  facet normal -5.737326205235149e-07 -0.7987958192825317 0.6016022562980652
    outer loop
      vertex 12.0 16.0 15.149368286132812
      vertex 13.0 15.887504577636719 15.0
      vertex 13.0 16.0 15.149369239807129
    endloop
  endfacet
  facet normal 1.2199987395433709e-05 0.17790772020816803 -0.9840472340583801
    outer loop
      vertex 12.0 17.0 14.990226745605469
      vertex 13.0 16.0 14.809447288513184
      vertex 12.0 16.0 14.80943489074707
    endloop
  endfacet
  facet normal 0.0 0.1778959035873413 -0.9840493202209473
    outer loop
      vertex 12.0 17.0 14.990226745605469
      vertex 13.0 17.0 14.990226745605469
      vertex 13.0 16.0 14.809447288513184
    endloop
  endfacet
  facet normal -9.451832738704979e-07 0.13314513862133026 0.9910964965820312
    outer loop
      vertex 13.0 16.0 15.149369239807129
      vertex 12.0 17.0 15.015027046203613
      vertex 12.0 16.0 15.149368286132812
    endloop
  endfacet
  facet normal 0.0 0.13314606249332428 0.9910963773727417
    outer loop
      vertex 13.0 17.0 15.015027046203613
      vertex 12.0 17.0 15.015027046203613
      vertex 13.0 16.0 15.149369239807129
    endloop
  endfacet
  facet normal 0.0 0.0 -1.0
    outer loop
      vertex 12.0 18.0 14.990226745605469
      vertex 13.0 17.0 14.990226745605469
      vertex 12.0 17.0 14.990226745605469
    endloop
  endfacet
  facet normal 0.0 0.0 -1.0
    outer loop
      vertex 12.0 18.0 14.990226745605469
      vertex 13.0 18.0 14.990226745605469
      vertex 13.0 17.0 14.990226745605469
    endloop
  endfacet
  facet normal 0.0 0.0 1.0
    outer loop
      vertex 13.0 17.0 15.015027046203613
      vertex 12.0 18.0 15.015027046203613
      vertex 12.0 17.0 15.015027046203613
    endloop
  endfacet
  facet normal 0.0 0.0 1.0
    outer loop
      vertex 13.0 18.0 15.015027046203613
      vertex 12.0 18.0 15.015027046203613
      vertex 13.0 17.0 15.015027046203613
    endloop
  endfacet
  facet normal 0.0 0.0 -1.0
    outer loop
      vertex 12.0 19.0 14.990226745605469
      vertex 13.0 18.0 14.990226745605469
      vertex 12.0 18.0 14.990226745605469
    endloop
  endfacet
  facet normal 0.0 0.0 -1.0
    outer loop
      vertex 12.0 19.0 14.990226745605469
      vertex 13.0 19.0 14.990226745605469
      vertex 13.0 18.0 14.990226745605469
    endloop
  endfacet
  facet normal 0.0 0.0 1.0
    outer loop
      vertex 13.0 18.0 15.015027046203613
      vertex 12.0 19.0 15.015027046203613
      vertex 12.0 18.0 15.015027046203613
    endloop
  endfacet
  facet normal 0.0 0.0 1.0
    outer loop
      vertex 13.0 19.0 15.015027046203613
      vertex 12.0 19.0 15.015027046203613
      vertex 13.0 18.0 15.015027046203613
    endloop
  endfacet
  facet normal 0.0 0.0 -1.0
    outer loop
      vertex 12.0 20.0 14.990226745605469
      vertex 13.0 19.0 14.990226745605469
      vertex 12.0 19.0 14.990226745605469
    endloop
  endfacet
  facet normal 0.0 0.0 -1.0
    outer loop
      vertex 12.0 20.0 14.990226745605469
      vertex 13.0 20.0 14.990226745605469
      vertex 13.0 19.0 14.990226745605469
    endloop
  endfacet
  facet normal 0.0 0.0 1.0
    outer loop
      vertex 13.0 19.0 15.015027046203613
      vertex 12.0 20.0 15.015027046203613
      vertex 12.0 19.0 15.015027046203613
    endloop
  endfacet
  facet normal 0.0 0.0 1.0
    outer loop
      vertex 13.0 20.0 15.015027046203613
      vertex 12.0 20.0 15.015027046203613
      vertex 13.0 19.0 15.015027046203613
    endloop
  endfacet
  facet normal 0.0 0.7040086388587952 -0.7101913690567017
    outer loop
      vertex 13.0 20.009859085083008 15.0
      vertex 13.0 20.0 14.990226745605469
      vertex 12.0 20.0 14.990226745605469
    endloop
  endfacet
  facet normal 0.0 0.7040086388587952 -0.7101913690567017
    outer loop
      vertex 13.0 20.009859085083008 15.0
      vertex 12.0 20.0 14.990226745605469
      vertex 12.0 20.009859085083008 15.0
    endloop
  endfacet
  facet normal 0.0 0.8361095190048218 0.5485625863075256
    outer loop
      vertex 12.0 20.009859085083008 15.0
      vertex 12.0 20.0 15.015027046203613
      vertex 13.0 20.0 15.015027046203613
    endloop
  endfacet
  facet normal -0.0 0.8361095190048218 0.5485625863075256
    outer loop
      vertex 12.0 20.009859085083008 15.0
      vertex 13.0 20.0 15.015027046203613
      vertex 13.0 20.009859085083008 15.0
    endloop
  endfacet
  facet normal 0.0 -0.7039828896522522 -0.7102169394493103
    outer loop
      vertex 14.0 3.0 14.990226745605469
      vertex 14.0 2.990140199661255 15.0
      vertex 13.0 2.990140199661255 15.0
    endloop
  endfacet
  facet normal -0.0 -0.7039828896522522 -0.7102169394493103
    outer loop
      vertex 14.0 3.0 14.990226745605469
      vertex 13.0 2.990140199661255 15.0
      vertex 13.0 3.0 14.990226745605469
    endloop
  endfacet
  facet normal 0.0 -0.8360912203788757 0.548590362071991
    outer loop
      vertex 13.0 3.0 15.015027046203613
      vertex 13.0 2.990140199661255 15.0
      vertex 14.0 2.990140199661255 15.0
    endloop
  endfacet
  facet normal 0.0 -0.8360912203788757 0.548590362071991
    outer loop
      vertex 13.0 3.0 15.015027046203613
      vertex 14.0 2.990140199661255 15.0
      vertex 14.0 3.0 15.015027046203613
    endloop
  endfacet
  facet normal 0.0 0.0 -1.0
    outer loop
      vertex 13.0 4.0 14.990226745605469
      vertex 14.0 3.0 14.990226745605469
      vertex 13.0 3.0 14.990226745605469
    endloop
  endfacet
  facet normal 0.0 0.0 -1.0
    outer loop
      vertex 13.0 4.0 14.990226745605469
      vertex 14.0 4.0 14.990226745605469
      vertex 14.0 3.0 14.990226745605469
    endloop
  endfacet
  facet normal 0.0 0.0 1.0
    outer loop
      vertex 14.0 3.0 15.015027046203613
      vertex 13.0 4.0 15.015027046203613
      vertex 13.0 3.0 15.015027046203613
    endloop
  endfacet
  facet normal 0.0 0.0 1.0
    outer loop
      vertex 14.0 4.0 15.015027046203613
      vertex 13.0 4.0 15.015027046203613
      vertex 14.0 3.0 15.015027046203613
    endloop
  endfacet
  facet normal 0.0 0.0 -1.0
    outer loop
      vertex 13.0 5.0 14.990226745605469
      vertex 14.0 4.0 14.990226745605469
      vertex 13.0 4.0 14.990226745605469
    endloop
  endfacet
  facet normal 0.0 0.0 -1.0
    outer loop
      vertex 13.0 5.0 14.990226745605469
      vertex 14.0 5.0 14.990226745605469
      vertex 14.0 4.0 14.990226745605469
    endloop
  endfacet
  facet normal 0.0 0.0 1.0
    outer loop
      vertex 14.0 4.0 15.015027046203613
      vertex 13.0 5.0 15.015027046203613
      vertex 13.0 4.0 15.015027046203613
    endloop
  endfacet
  facet normal 0.0 0.0 1.0
    outer loop
      vertex 14.0 5.0 15.015027046203613
      vertex 13.0 5.0 15.015027046203613
      vertex 14.0 4.0 15.015027046203613
    endloop
  endfacet
  facet normal 0.0 0.0 -1.0
    outer loop
      vertex 13.0 6.0 14.990226745605469
      vertex 14.0 5.0 14.990226745605469
      vertex 13.0 5.0 14.990226745605469
    endloop
  endfacet
  facet normal 0.0 0.0 -1.0
    outer loop
      vertex 13.0 6.0 14.990226745605469
      vertex 14.0 6.0 14.990226745605469
      vertex 14.0 5.0 14.990226745605469
    endloop
  endfacet
  facet normal 0.0 0.0 1.0
    outer loop
      vertex 14.0 5.0 15.015027046203613
      vertex 13.0 6.0 15.015027046203613
      vertex 13.0 5.0 15.015027046203613
    endloop
  endfacet
  facet normal 0.0 0.0 1.0
    outer loop
      vertex 14.0 6.0 15.015027046203613
      vertex 13.0 6.0 15.015027046203613
      vertex 14.0 5.0 15.015027046203613
    endloop
  endfacet
  facet normal 0.0 -0.1778959035873413 -0.9840493202209473
    outer loop
      vertex 13.0 7.0 14.809447288513184
      vertex 14.0 6.0 14.990226745605469
      vertex 13.0 6.0 14.990226745605469
    endloop
  endfacet
  facet normal 0.0004533138999249786 -0.17745690047740936 -0.984128475189209
    outer loop
      vertex 13.0 7.0 14.809447288513184
      vertex 14.0 7.0 14.809907913208008
      vertex 14.0 6.0 14.990226745605469
    endloop
  endfacet
  facet normal 0.0 -0.13314606249332428 0.9910963773727417
    outer loop
      vertex 14.0 6.0 15.015027046203613
      vertex 13.0 7.0 15.149369239807129
      vertex 13.0 6.0 15.015027046203613
    endloop
  endfacet
  facet normal -8.790100400801748e-05 -0.13323239982128143 0.9910847544670105
    outer loop
      vertex 14.0 7.0 15.149457931518555
      vertex 13.0 7.0 15.149369239807129
      vertex 14.0 6.0 15.015027046203613
    endloop
  endfacet
  facet normal 0.0002348254929529503 0.8602898716926575 -0.5098052024841309
    outer loop
      vertex 14.0 7.112648010253906 15.0
      vertex 14.0 7.0 14.809907913208008
      vertex 13.0 7.0 14.809447288513184
    endloop
  endfacet
  facet normal -0.00013180909445509315 0.8611330389976501 -0.5083796381950378
    outer loop
      vertex 14.0 7.112648010253906 15.0
      vertex 13.0 7.0 14.809447288513184
      vertex 13.0 7.112494945526123 15.0
    endloop
  endfacet
  facet normal -5.3351417591329664e-05 0.7987970113754272 0.6016006469726562
    outer loop
      vertex 13.0 7.112494945526123 15.0
      vertex 13.0 7.0 15.149369239807129
      vertex 14.0 7.0 15.149457931518555
    endloop
  endfacet
  facet normal -0.0001222337450599298 0.7985754609107971 0.6018946766853333
    outer loop
      vertex 13.0 7.112494945526123 15.0
      vertex 14.0 7.0 15.149457931518555
      vertex 14.0 7.112648010253906 15.0
    endloop
  endfacet
  facet normal -0.00013127534475643188 -0.8602898716926575 -0.5098052024841309
    outer loop
      vertex 14.0 16.0 14.809907913208008
      vertex 14.0 15.887351989746094 15.0
      vertex 13.0 15.887504577636719 15.0
    endloop
  endfacet
  facet normal 0.00023417294141836464 -0.8611320853233337 -0.508381187915802
    outer loop
      vertex 14.0 16.0 14.809907913208008
      vertex 13.0 15.887504577636719 15.0
      vertex 13.0 16.0 14.809447288513184
    endloop
  endfacet
  facet normal -0.00012188329856144264 -0.7987958192825317 0.6016022562980652
    outer loop
      vertex 13.0 16.0 15.149369239807129
      vertex 13.0 15.887504577636719 15.0
      vertex 14.0 15.887351989746094 15.0
    endloop
  endfacet
  facet normal -5.338307164493017e-05 -0.7985754609107971 0.6018946766853333
    outer loop
      vertex 13.0 16.0 15.149369239807129
      vertex 14.0 15.887351989746094 15.0
      vertex 14.0 16.0 15.149457931518555
    endloop
  endfacet
  facet normal 0.00045327734551392496 0.17789587378501892 -0.9840492010116577
    outer loop
      vertex 13.0 17.0 14.990226745605469
      vertex 14.0 16.0 14.809907913208008
      vertex 13.0 16.0 14.809447288513184
    endloop
  endfacet
  facet normal 0.0 0.17745690047740936 -0.984128475189209
    outer loop
      vertex 13.0 17.0 14.990226745605469
      vertex 14.0 17.0 14.990226745605469
      vertex 14.0 16.0 14.809907913208008
    endloop
  endfacet
  facet normal -8.79020371939987e-05 0.13314606249332428 0.9910963773727417
    outer loop
      vertex 14.0 16.0 15.149457931518555
      vertex 13.0 17.0 15.015027046203613
      vertex 13.0 16.0 15.149369239807129
    endloop
  endfacet
  facet normal 0.0 0.13323239982128143 0.9910847544670105
    outer loop
      vertex 14.0 17.0 15.015027046203613
      vertex 13.0 17.0 15.015027046203613
      vertex 14.0 16.0 15.149457931518555
    endloop
  endfacet
  facet normal 0.0 0.0 -1.0
    outer loop
      vertex 13.0 18.0 14.990226745605469
      vertex 14.0 17.0 14.990226745605469
      vertex 13.0 17.0 14.990226745605469
    endloop
  endfacet
  facet normal 0.0 0.0 -1.0
    outer loop
      vertex 13.0 18.0 14.990226745605469
      vertex 14.0 18.0 14.990226745605469
      vertex 14.0 17.0 14.990226745605469
    endloop
  endfacet
  facet normal 0.0 0.0 1.0
    outer loop
      vertex 14.0 17.0 15.015027046203613
      vertex 13.0 18.0 15.015027046203613
      vertex 13.0 17.0 15.015027046203613
    endloop
  endfacet
  facet normal 0.0 0.0 1.0
    outer loop
      vertex 14.0 18.0 15.015027046203613
      vertex 13.0 18.0 15.015027046203613
      vertex 14.0 17.0 15.015027046203613
    endloop
  endfacet
  facet normal 0.0 0.0 -1.0
    outer loop
      vertex 13.0 19.0 14.990226745605469
      vertex 14.0 18.0 14.990226745605469
      vertex 13.0 18.0 14.990226745605469
    endloop
  endfacet
  facet normal 0.0 0.0 -1.0
    outer loop
      vertex 13.0 19.0 14.990226745605469
      vertex 14.0 19.0 14.990226745605469
      vertex 14.0 18.0 14.990226745605469
    endloop
  endfacet
  facet normal 0.0 0.0 1.0
    outer loop
      vertex 14.0 18.0 15.015027046203613
      vertex 13.0 19.0 15.015027046203613
      vertex 13.0 18.0 15.015027046203613
    endloop
  endfacet
  facet normal 0.0 0.0 1.0
    outer loop
      vertex 14.0 19.0 15.015027046203613
      vertex 13.0 19.0 15.015027046203613
      vertex 14.0 18.0 15.015027046203613
    endloop
  endfacet
  facet normal 0.0 0.0 -1.0
    outer loop
      vertex 13.0 20.0 14.990226745605469
      vertex 14.0 19.0 14.990226745605469
      vertex 13.0 19.0 14.990226745605469
    endloop
  endfacet
  facet normal 0.0 0.0 -1.0
    outer loop
      vertex 13.0 20.0 14.990226745605469
      vertex 14.0 20.0 14.990226745605469
      vertex 14.0 19.0 14.990226745605469
    endloop
  endfacet
  facet normal 0.0 0.0 1.0
    outer loop
      vertex 14.0 19.0 15.015027046203613
      vertex 13.0 20.0 15.015027046203613
      vertex 13.0 19.0 15.015027046203613
    endloop
  endfacet
  facet normal 0.0 0.0 1.0
    outer loop
      vertex 14.0 20.0 15.015027046203613
      vertex 13.0 20.0 15.015027046203613
      vertex 14.0 19.0 15.015027046203613
    endloop
  endfacet
  facet normal 0.0 0.7040086388587952 -0.7101913690567017
    outer loop
      vertex 14.0 20.009859085083008 15.0
      vertex 14.0 20.0 14.990226745605469
      vertex 13.0 20.0 14.990226745605469
    endloop
  endfacet
  facet normal 0.0 0.7040086388587952 -0.7101913690567017
    outer loop
      vertex 14.0 20.009859085083008 15.0
      vertex 13.0 20.0 14.990226745605469
      vertex 13.0 20.009859085083008 15.0
    endloop
  endfacet
  facet normal 0.0 0.8361095190048218 0.5485625863075256
    outer loop
      vertex 13.0 20.009859085083008 15.0
      vertex 13.0 20.0 15.015027046203613
      vertex 14.0 20.0 15.015027046203613
    endloop
  endfacet
  facet normal -0.0 0.8361095190048218 0.5485625863075256
    outer loop
      vertex 13.0 20.009859085083008 15.0
      vertex 14.0 20.0 15.015027046203613
      vertex 14.0 20.009859085083008 15.0
    endloop
  endfacet
  facet normal 0.0 -0.7039828896522522 -0.7102169394493103
    outer loop
      vertex 15.0 3.0 14.990226745605469
      vertex 15.0 2.990140199661255 15.0
      vertex 14.0 2.990140199661255 15.0
    endloop
  endfacet
  facet normal -0.0 -0.7039828896522522 -0.7102169394493103
    outer loop
      vertex 15.0 3.0 14.990226745605469
      vertex 14.0 2.990140199661255 15.0
      vertex 14.0 3.0 14.990226745605469
    endloop
  endfacet
  facet normal 0.0 -0.8360912203788757 0.548590362071991
    outer loop
      vertex 14.0 3.0 15.015027046203613
      vertex 14.0 2.990140199661255 15.0
      vertex 15.0 2.990140199661255 15.0
    endloop
  endfacet
  facet normal 0.0 -0.8360912203788757 0.548590362071991
    outer loop
      vertex 14.0 3.0 15.015027046203613
      vertex 15.0 2.990140199661255 15.0
      vertex 15.0 3.0 15.015027046203613
    endloop
  endfacet
  facet normal 0.0 0.0 -1.0
    outer loop
      vertex 14.0 4.0 14.990226745605469
      vertex 15.0 3.0 14.990226745605469
      vertex 14.0 3.0 14.990226745605469
    endloop
  endfacet
  facet normal 0.0 0.0 -1.0
    outer loop
      vertex 14.0 4.0 14.990226745605469
      vertex 15.0 4.0 14.990226745605469
      vertex 15.0 3.0 14.990226745605469
    endloop
  endfacet
  facet normal 0.0 0.0 1.0
    outer loop
      vertex 15.0 3.0 15.015027046203613
      vertex 14.0 4.0 15.015027046203613
      vertex 14.0 3.0 15.015027046203613
    endloop
  endfacet
  facet normal 0.0 0.0 1.0
    outer loop
      vertex 15.0 4.0 15.015027046203613
      vertex 14.0 4.0 15.015027046203613
      vertex 15.0 3.0 15.015027046203613
    endloop
  endfacet
  facet normal 0.0 0.0 -1.0
    outer loop
      vertex 14.0 5.0 14.990226745605469
      vertex 15.0 4.0 14.990226745605469
      vertex 14.0 4.0 14.990226745605469
    endloop
  endfacet
  facet normal 0.0 0.0 -1.0
    outer loop
      vertex 14.0 5.0 14.990226745605469
      vertex 15.0 5.0 14.990226745605469
      vertex 15.0 4.0 14.990226745605469
    endloop
  endfacet
  facet normal 0.0 0.0 1.0
    outer loop
      vertex 15.0 4.0 15.015027046203613
      vertex 14.0 5.0 15.015027046203613
      vertex 14.0 4.0 15.015027046203613
    endloop
  endfacet
  facet normal 0.0 0.0 1.0
    outer loop
      vertex 15.0 5.0 15.015027046203613
      vertex 14.0 5.0 15.015027046203613
      vertex 15.0 4.0 15.015027046203613
    endloop
  endfacet
  facet normal 0.0 0.0 -1.0
    outer loop
      vertex 14.0 6.0 14.990226745605469
      vertex 15.0 5.0 14.990226745605469
      vertex 14.0 5.0 14.990226745605469
    endloop
  endfacet
  facet normal 0.0 0.0 -1.0
    outer loop
      vertex 14.0 6.0 14.990226745605469
      vertex 15.0 6.0 14.990226745605469
      vertex 15.0 5.0 14.990226745605469
    endloop
  endfacet
  facet normal 0.0 0.0 1.0
    outer loop
      vertex 15.0 5.0 15.015027046203613
      vertex 14.0 6.0 15.015027046203613
      vertex 14.0 5.0 15.015027046203613
    endloop
  endfacet
  facet normal 0.0 0.0 1.0
    outer loop
      vertex 15.0 6.0 15.015027046203613
      vertex 14.0 6.0 15.015027046203613
      vertex 15.0 5.0 15.015027046203613
    endloop
  endfacet
  facet normal 0.0 -0.17745690047740936 -0.984128475189209
    outer loop
      vertex 14.0 7.0 14.809907913208008
      vertex 15.0 6.0 14.990226745605469
      vertex 14.0 6.0 14.990226745605469
    endloop
  endfacet
  facet normal 0.0033666319213807583 -0.1741943210363388 -0.9847055077552795
    outer loop
      vertex 14.0 7.0 14.809907913208008
      vertex 15.0 7.0 14.813326835632324
      vertex 15.0 6.0 14.990226745605469
    endloop
  endfacet
  facet normal 0.0 -0.13323239982128143 0.9910847544670105
    outer loop
      vertex 15.0 6.0 15.015027046203613
      vertex 14.0 7.0 15.149457931518555
      vertex 14.0 6.0 15.015027046203613
    endloop
  endfacet
  facet normal -0.0023838982451707125 -0.13557323813438416 0.9907643795013428
    outer loop
      vertex 15.0 7.0 15.151864051818848
      vertex 14.0 7.0 15.149457931518555
      vertex 15.0 6.0 15.015027046203613
    endloop
  endfacet
  facet normal 0.0018137937877327204 0.8476719260215759 -0.5305176377296448
    outer loop
      vertex 15.0 7.116829872131348 15.0
      vertex 15.0 7.0 14.813326835632324
      vertex 14.0 7.0 14.809907913208008
    endloop
  endfacet
  facet normal -0.00359758990816772 0.8602842688560486 -0.5098019242286682
    outer loop
      vertex 15.0 7.116829872131348 15.0
      vertex 14.0 7.0 14.809907913208008
      vertex 14.0 7.112648010253906 15.0
    endloop
  endfacet
  facet normal -0.001448229537345469 0.7985746264457703 0.6018940806388855
    outer loop
      vertex 14.0 7.112648010253906 15.0
      vertex 14.0 7.0 15.149457931518555
      vertex 15.0 7.0 15.151864051818848
    endloop
  endfacet
  facet normal -0.00331450579687953 0.7925909161567688 0.609744668006897
    outer loop
      vertex 14.0 7.112648010253906 15.0
      vertex 15.0 7.0 15.151864051818848
      vertex 15.0 7.116829872131348 15.0
    endloop
  endfacet
  facet normal -0.49456000328063965 -0.385349303483963 -0.7790483236312866
    outer loop
      vertex 15.0 9.0 12.899429321289062
      vertex 15.0 8.796679496765137 13.0
      vertex 14.841577529907227 9.0 13.0
    endloop
  endfacet
  facet normal -0.5054785013198853 -0.39385679364204407 0.7677032947540283
    outer loop
      vertex 15.0 9.0 13.104310035705566
      vertex 14.841577529907227 9.0 13.0
      vertex 15.0 8.796679496765137 13.0
    endloop
  endfacet
  facet normal -0.5293785333633423 0.15612919628620148 -0.8338956832885742
    outer loop
      vertex 15.0 9.537154197692871 13.0
      vertex 15.0 9.0 12.899429321289062
      vertex 14.841577529907227 9.0 13.0
    endloop
  endfacet
  facet normal -0.5428347587585449 0.16009783744812012 0.8244386315345764
    outer loop
      vertex 15.0 9.537154197692871 13.0
      vertex 14.841577529907227 9.0 13.0
      vertex 15.0 9.0 13.104310035705566
    endloop
  endfacet
  facet normal -0.5293785333633423 -0.15612919628620148 -0.8338956832885742
    outer loop
      vertex 15.0 14.0 12.899429321289062
      vertex 15.0 13.462845802307129 13.0
      vertex 14.841577529907227 14.0 13.0
    endloop
  endfacet
  facet normal -0.5428347587585449 -0.16009783744812012 0.8244386315345764
    outer loop
      vertex 15.0 14.0 13.104310035705566
      vertex 14.841577529907227 14.0 13.0
      vertex 15.0 13.462845802307129 13.0
    endloop
  endfacet
  facet normal -0.49456000328063965 0.385349303483963 -0.7790483236312866
    outer loop
      vertex 15.0 14.203320503234863 13.0
      vertex 15.0 14.0 12.899429321289062
      vertex 14.841577529907227 14.0 13.0
    endloop
  endfacet
  facet normal -0.5054785013198853 0.39385679364204407 0.7677032947540283
    outer loop
      vertex 15.0 14.203320503234863 13.0
      vertex 14.841577529907227 14.0 13.0
      vertex 15.0 14.0 13.104310035705566
    endloop
  endfacet
  facet normal -0.003544833278283477 -0.8476679921150208 -0.5305151343345642
    outer loop
      vertex 15.0 16.0 14.813326835632324
      vertex 15.0 15.883170127868652 15.0
      vertex 14.0 15.887351989746094 15.0
    endloop
  endfacet
  facet normal 0.0017429818399250507 -0.8602885007858276 -0.5098044276237488
    outer loop
      vertex 15.0 16.0 14.813326835632324
      vertex 14.0 15.887351989746094 15.0
      vertex 14.0 16.0 14.809907913208008
    endloop
  endfacet
  facet normal -0.0033395136706531048 -0.798570990562439 0.6018913388252258
    outer loop
      vertex 14.0 16.0 15.149457931518555
      vertex 14.0 15.887351989746094 15.0
      vertex 15.0 15.883170127868652 15.0
    endloop
  endfacet
  facet normal -0.0014671257231384516 -0.7925944924354553 0.6097474098205566
    outer loop
      vertex 14.0 16.0 15.149457931518555
      vertex 15.0 15.883170127868652 15.0
      vertex 15.0 16.0 15.151864051818848
    endloop
  endfacet
  facet normal 0.0033646400552242994 0.17745590209960938 -0.9841229319572449
    outer loop
      vertex 14.0 17.0 14.990226745605469
      vertex 15.0 16.0 14.813326835632324
      vertex 14.0 16.0 14.809907913208008
    endloop
  endfacet
  facet normal 0.0 0.1741953045129776 -0.9847111105918884
    outer loop
      vertex 14.0 17.0 14.990226745605469
      vertex 15.0 17.0 14.990226745605469
      vertex 15.0 16.0 14.813326835632324
    endloop
  endfacet
  facet normal -0.0023846623953431845 0.1332320272922516 0.991081953048706
    outer loop
      vertex 15.0 16.0 15.151864051818848
      vertex 14.0 17.0 15.015027046203613
      vertex 14.0 16.0 15.149457931518555
    endloop
  endfacet
  facet normal 0.0 0.1355736404657364 0.9907673001289368
    outer loop
      vertex 15.0 17.0 15.015027046203613
      vertex 14.0 17.0 15.015027046203613
      vertex 15.0 16.0 15.151864051818848
    endloop
  endfacet
  facet normal 0.0 0.0 -1.0
    outer loop
      vertex 14.0 18.0 14.990226745605469
      vertex 15.0 17.0 14.990226745605469
      vertex 14.0 17.0 14.990226745605469
    endloop
  endfacet
  facet normal 0.0 0.0 -1.0
    outer loop
      vertex 14.0 18.0 14.990226745605469
      vertex 15.0 18.0 14.990226745605469
      vertex 15.0 17.0 14.990226745605469
    endloop
  endfacet
  facet normal 0.0 0.0 1.0
    outer loop
      vertex 15.0 17.0 15.015027046203613
      vertex 14.0 18.0 15.015027046203613
      vertex 14.0 17.0 15.015027046203613
    endloop
  endfacet
  facet normal 0.0 0.0 1.0
    outer loop
      vertex 15.0 18.0 15.015027046203613
      vertex 14.0 18.0 15.015027046203613
      vertex 15.0 17.0 15.015027046203613
    endloop
  endfacet
  facet normal 0.0 0.0 -1.0
    outer loop
      vertex 14.0 19.0 14.990226745605469
      vertex 15.0 18.0 14.990226745605469
      vertex 14.0 18.0 14.990226745605469
    endloop
  endfacet
  facet normal 0.0 0.0 -1.0
    outer loop
      vertex 14.0 19.0 14.990226745605469
      vertex 15.0 19.0 14.990226745605469
      vertex 15.0 18.0 14.990226745605469
    endloop
  endfacet
  facet normal 0.0 0.0 1.0
    outer loop
      vertex 15.0 18.0 15.015027046203613
      vertex 14.0 19.0 15.015027046203613
      vertex 14.0 18.0 15.015027046203613
    endloop
  endfacet
  facet normal 0.0 0.0 1.0
    outer loop
      vertex 15.0 19.0 15.015027046203613
      vertex 14.0 19.0 15.015027046203613
      vertex 15.0 18.0 15.015027046203613
    endloop
  endfacet
  facet normal 0.0 0.0 -1.0
    outer loop
      vertex 14.0 20.0 14.990226745605469
      vertex 15.0 19.0 14.990226745605469
      vertex 14.0 19.0 14.990226745605469
    endloop
  endfacet
  facet normal 0.0 0.0 -1.0
    outer loop
      vertex 14.0 20.0 14.990226745605469
      vertex 15.0 20.0 14.990226745605469
      vertex 15.0 19.0 14.990226745605469
    endloop
  endfacet
  facet normal 0.0 0.0 1.0
    outer loop
      vertex 15.0 19.0 15.015027046203613
      vertex 14.0 20.0 15.015027046203613
      vertex 14.0 19.0 15.015027046203613
    endloop
  endfacet
  facet normal 0.0 0.0 1.0
    outer loop
      vertex 15.0 20.0 15.015027046203613
      vertex 14.0 20.0 15.015027046203613
      vertex 15.0 19.0 15.015027046203613
    endloop
  endfacet
  facet normal 0.0 0.7040086388587952 -0.7101913690567017
    outer loop
      vertex 15.0 20.009859085083008 15.0
      vertex 15.0 20.0 14.990226745605469
      vertex 14.0 20.0 14.990226745605469
    endloop
  endfacet
  facet normal 0.0 0.7040086388587952 -0.7101913690567017
    outer loop
      vertex 15.0 20.009859085083008 15.0
      vertex 14.0 20.0 14.990226745605469
      vertex 14.0 20.009859085083008 15.0
    endloop
  endfacet
  facet normal 0.0 0.8361095190048218 0.5485625863075256
    outer loop
      vertex 14.0 20.009859085083008 15.0
      vertex 14.0 20.0 15.015027046203613
      vertex 15.0 20.0 15.015027046203613
    endloop
  endfacet
  facet normal -0.0 0.8361095190048218 0.5485625863075256
    outer loop
      vertex 14.0 20.009859085083008 15.0
      vertex 15.0 20.0 15.015027046203613
      vertex 15.0 20.009859085083008 15.0
    endloop
  endfacet
  facet normal 0.0 -0.7039828896522522 -0.7102169394493103
    outer loop
      vertex 16.0 3.0 14.990226745605469
      vertex 16.0 2.990140199661255 15.0
      vertex 15.0 2.990140199661255 15.0
    endloop
  endfacet
  facet normal -0.0 -0.7039828896522522 -0.7102169394493103
    outer loop
      vertex 16.0 3.0 14.990226745605469
      vertex 15.0 2.990140199661255 15.0
      vertex 15.0 3.0 14.990226745605469
    endloop
  endfacet
  facet normal 0.0 -0.8360912203788757 0.548590362071991
    outer loop
      vertex 15.0 3.0 15.015027046203613
      vertex 15.0 2.990140199661255 15.0
      vertex 16.0 2.990140199661255 15.0
    endloop
  endfacet
  facet normal 0.0 -0.8360912203788757 0.548590362071991
    outer loop
      vertex 15.0 3.0 15.015027046203613
      vertex 16.0 2.990140199661255 15.0
      vertex 16.0 3.0 15.015027046203613
    endloop
  endfacet
  facet normal 0.0 0.0 -1.0
    outer loop
      vertex 15.0 4.0 14.990226745605469
      vertex 16.0 3.0 14.990226745605469
      vertex 15.0 3.0 14.990226745605469
    endloop
  endfacet
  facet normal 0.0 0.0 -1.0
    outer loop
      vertex 15.0 4.0 14.990226745605469
      vertex 16.0 4.0 14.990226745605469
      vertex 16.0 3.0 14.990226745605469
    endloop
  endfacet
  facet normal 0.0 0.0 1.0
    outer loop
      vertex 16.0 3.0 15.015027046203613
      vertex 15.0 4.0 15.015027046203613
      vertex 15.0 3.0 15.015027046203613
    endloop
  endfacet
  facet normal 0.0 0.0 1.0
    outer loop
      vertex 16.0 4.0 15.015027046203613
      vertex 15.0 4.0 15.015027046203613
      vertex 16.0 3.0 15.015027046203613
    endloop
  endfacet
  facet normal 0.0 0.0 -1.0
    outer loop
      vertex 15.0 5.0 14.990226745605469
      vertex 16.0 4.0 14.990226745605469
      vertex 15.0 4.0 14.990226745605469
    endloop
  endfacet
  facet normal 0.0 0.0 -1.0
    outer loop
      vertex 15.0 5.0 14.990226745605469
      vertex 16.0 5.0 14.990226745605469
      vertex 16.0 4.0 14.990226745605469
    endloop
  endfacet
  facet normal 0.0 0.0 1.0
    outer loop
      vertex 16.0 4.0 15.015027046203613
      vertex 15.0 5.0 15.015027046203613
      vertex 15.0 4.0 15.015027046203613
    endloop
  endfacet
  facet normal 0.0 0.0 1.0
    outer loop
      vertex 16.0 5.0 15.015027046203613
      vertex 15.0 5.0 15.015027046203613
      vertex 16.0 4.0 15.015027046203613
    endloop
  endfacet
  facet normal 0.0 0.0 -1.0
    outer loop
      vertex 15.0 6.0 14.990226745605469
      vertex 16.0 5.0 14.990226745605469
      vertex 15.0 5.0 14.990226745605469
    endloop
  endfacet
  facet normal 0.0 0.0 -1.0
    outer loop
      vertex 15.0 6.0 14.990226745605469
      vertex 16.0 6.0 14.990226745605469
      vertex 16.0 5.0 14.990226745605469
    endloop
  endfacet
  facet normal 0.0 0.0 1.0
    outer loop
      vertex 16.0 5.0 15.015027046203613
      vertex 15.0 6.0 15.015027046203613
      vertex 15.0 5.0 15.015027046203613
    endloop
  endfacet
  facet normal 0.0 0.0 1.0
    outer loop
      vertex 16.0 6.0 15.015027046203613
      vertex 15.0 6.0 15.015027046203613
      vertex 16.0 5.0 15.015027046203613
    endloop
  endfacet
  facet normal 0.0 -0.1741953045129776 -0.9847111105918884
    outer loop
      vertex 15.0 7.0 14.813326835632324
      vertex 16.0 6.0 14.990226745605469
      vertex 15.0 6.0 14.990226745605469
    endloop
  endfacet
  facet normal 0.001509516965597868 -0.1727311909198761 -0.9849677681922913
    outer loop
      vertex 15.0 7.0 14.813326835632324
      vertex 16.0 7.0 14.814859390258789
      vertex 16.0 6.0 14.990226745605469
    endloop
  endfacet
  facet normal 0.0 -0.1355736404657364 0.9907673001289368
    outer loop
      vertex 16.0 6.0 15.015027046203613
      vertex 15.0 7.0 15.151864051818848
      vertex 15.0 6.0 15.015027046203613
    endloop
  endfacet
  facet normal -0.025722874328494072 -0.16073478758335114 0.9866623282432556
    outer loop
      vertex 16.0 7.0 15.177934646606445
      vertex 15.0 7.0 15.151864051818848
      vertex 16.0 6.0 15.015027046203613
    endloop
  endfacet
  facet normal -0.16737575829029083 -0.5720758438110352 -0.8029412627220154
    outer loop
      vertex 16.0 8.0 13.947669982910156
      vertex 16.0 7.926551818847656 14.0
      vertex 15.748960494995117 8.0 14.0
    endloop
  endfacet
  facet normal -0.19093981385231018 -0.6526156663894653 0.7332358360290527
    outer loop
      vertex 15.748960494995117 8.0 14.0
      vertex 16.0 7.926551818847656 14.0
      vertex 16.0 8.0 14.065372467041016
    endloop
  endfacet
  facet normal -0.042485691606998444 0.846907913684845 -0.5300394892692566
    outer loop
      vertex 15.0 7.116829872131348 15.0
      vertex 16.0 7.166995525360107 15.0
      vertex 15.0 7.0 14.813326835632324
    endloop
  endfacet
  facet normal 0.0010264768498018384 0.7425574660301208 -0.6697815656661987
    outer loop
      vertex 16.0 7.0 14.814859390258789
      vertex 15.0 7.0 14.813326835632324
      vertex 16.0 7.166995525360107 15.0
    endloop
  endfacet
  facet normal -0.015894491225481033 0.7924951314926147 0.6096709966659546
    outer loop
      vertex 15.0 7.116829872131348 15.0
      vertex 15.0 7.0 15.151864051818848
      vertex 16.0 7.0 15.177934646606445
    endloop
  endfacet
  facet normal -0.03655461221933365 0.7286780476570129 0.6838801503181458
    outer loop
      vertex 15.0 7.116829872131348 15.0
      vertex 16.0 7.0 15.177934646606445
      vertex 16.0 7.166995525360107 15.0
    endloop
  endfacet
  facet normal 0.58326256275177 -0.3601396083831787 -0.7280826568603516
    outer loop
      vertex 15.0 9.0 12.899429321289062
      vertex 15.125541687011719 9.0 13.0
      vertex 15.0 8.796679496765137 13.0
    endloop
  endfacet
  facet normal -0.20318150520324707 0.0930478572845459 -0.9747098684310913
    outer loop
      vertex 15.748960494995117 8.0 14.0
      vertex 16.0 8.548175811767578 14.0
      vertex 16.0 8.0 13.947669982910156
    endloop
  endfacet
  facet normal 0.5944623351097107 -0.3670549988746643 0.7154614329338074
    outer loop
      vertex 15.0 9.0 13.104310035705566
      vertex 15.0 8.796679496765137 13.0
      vertex 15.125541687011719 9.0 13.0
    endloop
  endfacet
  facet normal -0.2503412961959839 0.11464488506317139 0.961345911026001
    outer loop
      vertex 16.0 8.548175811767578 14.0
      vertex 15.748960494995117 8.0 14.0
      vertex 16.0 8.0 14.065372467041016
    endloop
  endfacet
  facet normal 0.6186457276344299 0.14458759129047394 -0.7722511887550354
    outer loop
      vertex 15.0 9.537154197692871 13.0
      vertex 15.125541687011719 9.0 13.0
      vertex 15.0 9.0 12.899429321289062
    endloop
  endfacet
  facet normal 0.6320586800575256 0.14772240817546844 0.7607101798057556
    outer loop
      vertex 15.125541687011719 9.0 13.0
      vertex 15.0 9.537154197692871 13.0
      vertex 15.0 9.0 13.104310035705566
    endloop
  endfacet
  facet normal 0.6186457276344299 -0.14458759129047394 -0.7722511887550354
    outer loop
      vertex 15.0 14.0 12.899429321289062
      vertex 15.125541687011719 14.0 13.0
      vertex 15.0 13.462845802307129 13.0
    endloop
  endfacet
  facet normal 0.6320586800575256 -0.14772240817546844 0.7607101798057556
    outer loop
      vertex 15.125541687011719 14.0 13.0
      vertex 15.0 14.0 13.104310035705566
      vertex 15.0 13.462845802307129 13.0
    endloop
  endfacet
  facet normal 0.58326256275177 0.3601396083831787 -0.7280826568603516
    outer loop
      vertex 15.0 14.203320503234863 13.0
      vertex 15.125541687011719 14.0 13.0
      vertex 15.0 14.0 12.899429321289062
    endloop
  endfacet
  facet normal 0.5944623351097107 0.3670549988746643 0.7154614329338074
    outer loop
      vertex 15.0 14.0 13.104310035705566
      vertex 15.125541687011719 14.0 13.0
      vertex 15.0 14.203320503234863 13.0
    endloop
  endfacet
  facet normal -0.20318150520324707 -0.0930478572845459 -0.9747098684310913
    outer loop
      vertex 16.0 14.451824188232422 14.0
      vertex 15.748960494995117 15.0 14.0
      vertex 16.0 15.0 13.947669982910156
    endloop
  endfacet
  facet normal -0.2503412961959839 -0.11464488506317139 0.961345911026001
    outer loop
      vertex 16.0 15.0 14.065372467041016
      vertex 15.748960494995117 15.0 14.0
      vertex 16.0 14.451824188232422 14.0
    endloop
  endfacet
  facet normal -0.16737575829029083 0.5720758438110352 -0.8029412627220154
    outer loop
      vertex 16.0 15.073448181152344 14.0
      vertex 16.0 15.0 13.947669982910156
      vertex 15.748960494995117 15.0 14.0
    endloop
  endfacet
  facet normal -0.19093981385231018 0.6526156663894653 0.7332358360290527
    outer loop
      vertex 15.748960494995117 15.0 14.0
      vertex 16.0 15.0 14.065372467041016
      vertex 16.0 15.073448181152344 14.0
    endloop
  endfacet
  facet normal 0.0008130482747219503 -0.8476729989051819 -0.5305182933807373
    outer loop
      vertex 15.0 16.0 14.813326835632324
      vertex 16.0 16.0 14.814859390258789
      vertex 15.0 15.883170127868652 15.0
    endloop
  endfacet
  facet normal -0.0372253842651844 -0.7420422434806824 -0.6693187355995178
    outer loop
      vertex 16.0 15.833003997802734 15.0
      vertex 15.0 15.883170127868652 15.0
      vertex 16.0 16.0 14.814859390258789
    endloop
  endfacet
  facet normal -0.039730049669742584 -0.7919695377349854 0.6092666387557983
    outer loop
      vertex 15.0 16.0 15.151864051818848
      vertex 15.0 15.883170127868652 15.0
      vertex 16.0 15.833003997802734 15.0
    endloop
  endfacet
  facet normal -0.01783827506005764 -0.7290483713150024 0.6842296719551086
    outer loop
      vertex 15.0 16.0 15.151864051818848
      vertex 16.0 15.833003997802734 15.0
      vertex 16.0 16.0 15.177934646606445
    endloop
  endfacet
  facet normal 0.0015091219684109092 0.17419512569904327 -0.9847100377082825
    outer loop
      vertex 15.0 17.0 14.990226745605469
      vertex 16.0 16.0 14.814859390258789
      vertex 15.0 16.0 14.813326835632324
    endloop
  endfacet
  facet normal 0.0 0.1727313995361328 -0.984968900680542
    outer loop
      vertex 15.0 17.0 14.990226745605469
      vertex 16.0 17.0 14.990226745605469
      vertex 16.0 16.0 14.814859390258789
    endloop
  endfacet
  facet normal -0.025821281597018242 0.13552843034267426 0.9904369711875916
    outer loop
      vertex 16.0 16.0 15.177934646606445
      vertex 15.0 17.0 15.015027046203613
      vertex 15.0 16.0 15.151864051818848
    endloop
  endfacet
  facet normal 0.0 0.16078801453113556 0.9869890213012695
    outer loop
      vertex 16.0 17.0 15.015027046203613
      vertex 15.0 17.0 15.015027046203613
      vertex 16.0 16.0 15.177934646606445
    endloop
  endfacet
  facet normal 0.0 0.0 -1.0
    outer loop
      vertex 15.0 18.0 14.990226745605469
      vertex 16.0 17.0 14.990226745605469
      vertex 15.0 17.0 14.990226745605469
    endloop
  endfacet
  facet normal 0.0 0.0 -1.0
    outer loop
      vertex 15.0 18.0 14.990226745605469
      vertex 16.0 18.0 14.990226745605469
      vertex 16.0 17.0 14.990226745605469
    endloop
  endfacet
  facet normal 0.0 0.0 1.0
    outer loop
      vertex 16.0 17.0 15.015027046203613
      vertex 15.0 18.0 15.015027046203613
      vertex 15.0 17.0 15.015027046203613
    endloop
  endfacet
  facet normal 0.0 0.0 1.0
    outer loop
      vertex 16.0 18.0 15.015027046203613
      vertex 15.0 18.0 15.015027046203613
      vertex 16.0 17.0 15.015027046203613
    endloop
  endfacet
  facet normal 0.0 0.0 -1.0
    outer loop
      vertex 15.0 19.0 14.990226745605469
      vertex 16.0 18.0 14.990226745605469
      vertex 15.0 18.0 14.990226745605469
    endloop
  endfacet
  facet normal 0.0 0.0 -1.0
    outer loop
      vertex 15.0 19.0 14.990226745605469
      vertex 16.0 19.0 14.990226745605469
      vertex 16.0 18.0 14.990226745605469
    endloop
  endfacet
  facet normal 0.0 0.0 1.0
    outer loop
      vertex 16.0 18.0 15.015027046203613
      vertex 15.0 19.0 15.015027046203613
      vertex 15.0 18.0 15.015027046203613
    endloop
  endfacet
  facet normal 0.0 0.0 1.0
    outer loop
      vertex 16.0 19.0 15.015027046203613
      vertex 15.0 19.0 15.015027046203613
      vertex 16.0 18.0 15.015027046203613
    endloop
  endfacet
  facet normal 0.0 0.0 -1.0
    outer loop
      vertex 15.0 20.0 14.990226745605469
      vertex 16.0 19.0 14.990226745605469
      vertex 15.0 19.0 14.990226745605469
    endloop
  endfacet
  facet normal 0.0 0.0 -1.0
    outer loop
      vertex 15.0 20.0 14.990226745605469
      vertex 16.0 20.0 14.990226745605469
      vertex 16.0 19.0 14.990226745605469
    endloop
  endfacet
  facet normal 0.0 0.0 1.0
    outer loop
      vertex 16.0 19.0 15.015027046203613
      vertex 15.0 20.0 15.015027046203613
      vertex 15.0 19.0 15.015027046203613
    endloop
  endfacet
  facet normal 0.0 0.0 1.0
    outer loop
      vertex 16.0 20.0 15.015027046203613
      vertex 15.0 20.0 15.015027046203613
      vertex 16.0 19.0 15.015027046203613
    endloop
  endfacet
  facet normal 0.0 0.7040086388587952 -0.7101913690567017
    outer loop
      vertex 16.0 20.009859085083008 15.0
      vertex 16.0 20.0 14.990226745605469
      vertex 15.0 20.0 14.990226745605469
    endloop
  endfacet
  facet normal 0.0 0.7040086388587952 -0.7101913690567017
    outer loop
      vertex 16.0 20.009859085083008 15.0
      vertex 15.0 20.0 14.990226745605469
      vertex 15.0 20.009859085083008 15.0
    endloop
  endfacet
  facet normal 0.0 0.8361095190048218 0.5485625863075256
    outer loop
      vertex 15.0 20.009859085083008 15.0
      vertex 15.0 20.0 15.015027046203613
      vertex 16.0 20.0 15.015027046203613
    endloop
  endfacet
  facet normal -0.0 0.8361095190048218 0.5485625863075256
    outer loop
      vertex 15.0 20.009859085083008 15.0
      vertex 16.0 20.0 15.015027046203613
      vertex 16.0 20.009859085083008 15.0
    endloop
  endfacet
  facet normal 0.0 -0.7039828896522522 -0.7102169394493103
    outer loop
      vertex 17.0 3.0 14.990226745605469
      vertex 17.0 2.990140199661255 15.0
      vertex 16.0 2.990140199661255 15.0
    endloop
  endfacet
  facet normal -0.0 -0.7039828896522522 -0.7102169394493103
    outer loop
      vertex 17.0 3.0 14.990226745605469
      vertex 16.0 2.990140199661255 15.0
      vertex 16.0 3.0 14.990226745605469
    endloop
  endfacet
  facet normal 0.0 -0.8360912203788757 0.548590362071991
    outer loop
      vertex 16.0 3.0 15.015027046203613
      vertex 16.0 2.990140199661255 15.0
      vertex 17.0 2.990140199661255 15.0
    endloop
  endfacet
  facet normal 0.0 -0.8360912203788757 0.548590362071991
    outer loop
      vertex 16.0 3.0 15.015027046203613
      vertex 17.0 2.990140199661255 15.0
      vertex 17.0 3.0 15.015027046203613
    endloop
  endfacet
  facet normal 0.0 0.0 -1.0
    outer loop
      vertex 16.0 4.0 14.990226745605469
      vertex 17.0 3.0 14.990226745605469
      vertex 16.0 3.0 14.990226745605469
    endloop
  endfacet
  facet normal 0.0 0.0 -1.0
    outer loop
      vertex 16.0 4.0 14.990226745605469
      vertex 17.0 4.0 14.990226745605469
      vertex 17.0 3.0 14.990226745605469
    endloop
  endfacet
  facet normal 0.0 0.0 1.0
    outer loop
      vertex 17.0 3.0 15.015027046203613
      vertex 16.0 4.0 15.015027046203613
      vertex 16.0 3.0 15.015027046203613
    endloop
  endfacet
  facet normal 0.0 0.0 1.0
    outer loop
      vertex 17.0 4.0 15.015027046203613
      vertex 16.0 4.0 15.015027046203613
      vertex 17.0 3.0 15.015027046203613
    endloop
  endfacet
  facet normal 0.0 0.0 -1.0
    outer loop
      vertex 16.0 5.0 14.990226745605469
      vertex 17.0 4.0 14.990226745605469
      vertex 16.0 4.0 14.990226745605469
    endloop
  endfacet
  facet normal 0.0 0.0 -1.0
    outer loop
      vertex 16.0 5.0 14.990226745605469
      vertex 17.0 5.0 14.990226745605469
      vertex 17.0 4.0 14.990226745605469
    endloop
  endfacet
  facet normal 0.0 0.0 1.0
    outer loop
      vertex 17.0 4.0 15.015027046203613
      vertex 16.0 5.0 15.015027046203613
      vertex 16.0 4.0 15.015027046203613
    endloop
  endfacet
  facet normal 0.0 0.0 1.0
    outer loop
      vertex 17.0 5.0 15.015027046203613
      vertex 16.0 5.0 15.015027046203613
      vertex 17.0 4.0 15.015027046203613
    endloop
  endfacet
  facet normal 0.0 0.0 -1.0
    outer loop
      vertex 16.0 6.0 14.990226745605469
      vertex 17.0 5.0 14.990226745605469
      vertex 16.0 5.0 14.990226745605469
    endloop
  endfacet
  facet normal 0.0 0.0 -1.0
    outer loop
      vertex 16.0 6.0 14.990226745605469
      vertex 17.0 6.0 14.990226745605469
      vertex 17.0 5.0 14.990226745605469
    endloop
  endfacet
  facet normal 0.0 0.0 1.0
    outer loop
      vertex 17.0 5.0 15.015027046203613
      vertex 16.0 6.0 15.015027046203613
      vertex 16.0 5.0 15.015027046203613
    endloop
  endfacet
  facet normal 0.0 0.0 1.0
    outer loop
      vertex 17.0 6.0 15.015027046203613
      vertex 16.0 6.0 15.015027046203613
      vertex 17.0 5.0 15.015027046203613
    endloop
  endfacet
  facet normal 0.0 -0.1727313995361328 -0.984968900680542
    outer loop
      vertex 16.0 7.0 14.814859390258789
      vertex 17.0 6.0 14.990226745605469
      vertex 16.0 6.0 14.990226745605469
    endloop
  endfacet
  facet normal 0.17226199805736542 -0.0004838002205360681 -0.9850510358810425
    outer loop
      vertex 16.0 7.0 14.814859390258789
      vertex 17.0 7.0 14.98973560333252
      vertex 17.0 6.0 14.990226745605469
    endloop
  endfacet
  facet normal 0.0 -0.16078801453113556 0.9869890213012695
    outer loop
      vertex 17.0 6.0 15.015027046203613
      vertex 16.0 7.0 15.177934646606445
      vertex 16.0 6.0 15.015027046203613
    endloop
  endfacet
  facet normal 0.16078801453113556 0.0 0.9869890213012695
    outer loop
      vertex 17.0 7.0 15.015027046203613
      vertex 16.0 7.0 15.177934646606445
      vertex 17.0 6.0 15.015027046203613
    endloop
  endfacet
  facet normal 0.5002342462539673 -0.5024426579475403 -0.705207109451294
    outer loop
      vertex 16.0 8.0 13.947669982910156
      vertex 16.073772430419922 8.0 14.0
      vertex 16.0 7.926551818847656 14.0
    endloop
  endfacet
  facet normal 0.5519601702690125 -0.5543968677520752 0.622883677482605
    outer loop
      vertex 16.0 8.0 14.065372467041016
      vertex 16.0 7.926551818847656 14.0
      vertex 16.073772430419922 8.0 14.0
    endloop
  endfacet
  facet normal 0.02222907915711403 0.19340097904205322 -0.9808679819107056
    outer loop
      vertex 17.0 7.0 14.98973560333252
      vertex 16.0 7.166995525360107 15.0
      vertex 17.0 7.05205774307251 15.0
    endloop
  endfacet
  facet normal 0.11633365601301193 0.7375160455703735 -0.6652342677116394
    outer loop
      vertex 16.0 7.166995525360107 15.0
      vertex 17.0 7.0 14.98973560333252
      vertex 16.0 7.0 14.814859390258789
    endloop
  endfacet
  facet normal 0.11079739034175873 0.7246759533882141 0.6801241040229797
    outer loop
      vertex 16.0 7.166995525360107 15.0
      vertex 16.0 7.0 15.177934646606445
      vertex 17.0 7.0 15.015027046203613
    endloop
  endfacet
  facet normal 0.03186039254069328 0.27719688415527344 0.9602847695350647
    outer loop
      vertex 16.0 7.166995525360107 15.0
      vertex 17.0 7.0 15.015027046203613
      vertex 17.0 7.05205774307251 15.0
    endloop
  endfacet
  facet normal 0.5768201351165771 0.07762733101844788 -0.8131742477416992
    outer loop
      vertex 16.0 8.548175811767578 14.0
      vertex 16.073772430419922 8.0 14.0
      vertex 16.0 8.0 13.947669982910156
    endloop
  endfacet
  facet normal 0.6605864763259888 0.08890043944120407 0.7454678416252136
    outer loop
      vertex 16.073772430419922 8.0 14.0
      vertex 16.0 8.548175811767578 14.0
      vertex 16.0 8.0 14.065372467041016
    endloop
  endfacet
  facet normal 0.5768201351165771 -0.07762733101844788 -0.8131742477416992
    outer loop
      vertex 16.0 15.0 13.947669982910156
      vertex 16.073772430419922 15.0 14.0
      vertex 16.0 14.451824188232422 14.0
    endloop
  endfacet
  facet normal 0.6605864763259888 -0.08890043944120407 0.7454678416252136
    outer loop
      vertex 16.073772430419922 15.0 14.0
      vertex 16.0 15.0 14.065372467041016
      vertex 16.0 14.451824188232422 14.0
    endloop
  endfacet
  facet normal 0.5002342462539673 0.5024426579475403 -0.705207109451294
    outer loop
      vertex 16.0 15.073448181152344 14.0
      vertex 16.073772430419922 15.0 14.0
      vertex 16.0 15.0 13.947669982910156
    endloop
  endfacet
  facet normal 0.5519601702690125 0.5543968677520752 0.622883677482605
    outer loop
      vertex 16.0 15.073448181152344 14.0
      vertex 16.0 15.0 14.065372467041016
      vertex 16.073772430419922 15.0 14.0
    endloop
  endfacet
  facet normal 0.16910192370414734 -0.19066451489925385 -0.9669806957244873
    outer loop
      vertex 17.0 15.947942733764648 15.0
      vertex 16.0 16.0 14.814859390258789
      vertex 17.0 16.0 14.98973560333252
    endloop
  endfacet
  facet normal 0.08503938466310501 -0.739867091178894 -0.6673567891120911
    outer loop
      vertex 16.0 16.0 14.814859390258789
      vertex 17.0 15.947942733764648 15.0
      vertex 16.0 15.833003997802734 15.0
    endloop
  endfacet
  facet normal 0.0835164412856102 -0.7266169786453247 0.6819477677345276
    outer loop
      vertex 16.0 16.0 15.177934646606445
      vertex 16.0 15.833003997802734 15.0
      vertex 17.0 15.947942733764648 15.0
    endloop
  endfacet
  facet normal 0.15463441610336304 -0.27400410175323486 0.9492154121398926
    outer loop
      vertex 16.0 16.0 15.177934646606445
      vertex 17.0 15.947942733764648 15.0
      vertex 17.0 16.0 15.015027046203613
    endloop
  endfacet
  facet normal 0.16974790394306183 0.1702246367931366 -0.9706746339797974
    outer loop
      vertex 16.0 17.0 14.990226745605469
      vertex 17.0 16.0 14.98973560333252
      vertex 16.0 16.0 14.814859390258789
    endloop
  endfacet
  facet normal 0.0 0.0004911422147415578 -0.9999998807907104
    outer loop
      vertex 16.0 17.0 14.990226745605469
      vertex 17.0 17.0 14.990226745605469
      vertex 17.0 16.0 14.98973560333252
    endloop
  endfacet
  facet normal 0.1587490439414978 0.1587490439414978 0.9744729399681091
    outer loop
      vertex 17.0 16.0 15.015027046203613
      vertex 16.0 17.0 15.015027046203613
      vertex 16.0 16.0 15.177934646606445
    endloop
  endfacet
  facet normal 0.0 0.0 1.0
    outer loop
      vertex 17.0 17.0 15.015027046203613
      vertex 16.0 17.0 15.015027046203613
      vertex 17.0 16.0 15.015027046203613
    endloop
  endfacet
  facet normal 0.0 0.0 -1.0
    outer loop
      vertex 16.0 18.0 14.990226745605469
      vertex 17.0 17.0 14.990226745605469
      vertex 16.0 17.0 14.990226745605469
    endloop
  endfacet
  facet normal 0.0 0.0 -1.0
    outer loop
      vertex 16.0 18.0 14.990226745605469
      vertex 17.0 18.0 14.990226745605469
      vertex 17.0 17.0 14.990226745605469
    endloop
  endfacet
  facet normal 0.0 0.0 1.0
    outer loop
      vertex 17.0 17.0 15.015027046203613
      vertex 16.0 18.0 15.015027046203613
      vertex 16.0 17.0 15.015027046203613
    endloop
  endfacet
  facet normal 0.0 0.0 1.0
    outer loop
      vertex 17.0 18.0 15.015027046203613
      vertex 16.0 18.0 15.015027046203613
      vertex 17.0 17.0 15.015027046203613
    endloop
  endfacet
  facet normal 0.0 0.0 -1.0
    outer loop
      vertex 16.0 19.0 14.990226745605469
      vertex 17.0 18.0 14.990226745605469
      vertex 16.0 18.0 14.990226745605469
    endloop
  endfacet
  facet normal 0.0 0.0 -1.0
    outer loop
      vertex 16.0 19.0 14.990226745605469
      vertex 17.0 19.0 14.990226745605469
      vertex 17.0 18.0 14.990226745605469
    endloop
  endfacet
  facet normal 0.0 0.0 1.0
    outer loop
      vertex 17.0 18.0 15.015027046203613
      vertex 16.0 19.0 15.015027046203613
      vertex 16.0 18.0 15.015027046203613
    endloop
  endfacet
  facet normal 0.0 0.0 1.0
    outer loop
      vertex 17.0 19.0 15.015027046203613
      vertex 16.0 19.0 15.015027046203613
      vertex 17.0 18.0 15.015027046203613
    endloop
  endfacet
  facet normal 0.0 0.0 -1.0
    outer loop
      vertex 16.0 20.0 14.990226745605469
      vertex 17.0 19.0 14.990226745605469
      vertex 16.0 19.0 14.990226745605469
    endloop
  endfacet
  facet normal 0.0 0.0 -1.0
    outer loop
      vertex 16.0 20.0 14.990226745605469
      vertex 17.0 20.0 14.990226745605469
      vertex 17.0 19.0 14.990226745605469
    endloop
  endfacet
  facet normal 0.0 0.0 1.0
    outer loop
      vertex 17.0 19.0 15.015027046203613
      vertex 16.0 20.0 15.015027046203613
      vertex 16.0 19.0 15.015027046203613
    endloop
  endfacet
  facet normal 0.0 0.0 1.0
    outer loop
      vertex 17.0 20.0 15.015027046203613
      vertex 16.0 20.0 15.015027046203613
      vertex 17.0 19.0 15.015027046203613
    endloop
  endfacet
  facet normal 0.0 0.7040086388587952 -0.7101913690567017
    outer loop
      vertex 17.0 20.009859085083008 15.0
      vertex 17.0 20.0 14.990226745605469
      vertex 16.0 20.0 14.990226745605469
    endloop
  endfacet
  facet normal 0.0 0.7040086388587952 -0.7101913690567017
    outer loop
      vertex 17.0 20.009859085083008 15.0
      vertex 16.0 20.0 14.990226745605469
      vertex 16.0 20.009859085083008 15.0
    endloop
  endfacet
  facet normal 0.0 0.8361095190048218 0.5485625863075256
    outer loop
      vertex 16.0 20.009859085083008 15.0
      vertex 16.0 20.0 15.015027046203613
      vertex 17.0 20.0 15.015027046203613
    endloop
  endfacet
  facet normal -0.0 0.8361095190048218 0.5485625863075256
    outer loop
      vertex 16.0 20.009859085083008 15.0
      vertex 17.0 20.0 15.015027046203613
      vertex 17.0 20.009859085083008 15.0
    endloop
  endfacet
  facet normal 0.0 -0.7039828896522522 -0.7102169394493103
    outer loop
      vertex 18.0 3.0 14.990226745605469
      vertex 18.0 2.990140199661255 15.0
      vertex 17.0 2.990140199661255 15.0
    endloop
  endfacet
  facet normal -0.0 -0.7039828896522522 -0.7102169394493103
    outer loop
      vertex 18.0 3.0 14.990226745605469
      vertex 17.0 2.990140199661255 15.0
      vertex 17.0 3.0 14.990226745605469
    endloop
  endfacet
  facet normal 0.0 -0.8360912203788757 0.548590362071991
    outer loop
      vertex 17.0 3.0 15.015027046203613
      vertex 17.0 2.990140199661255 15.0
      vertex 18.0 2.990140199661255 15.0
    endloop
  endfacet
  facet normal 0.0 -0.8360912203788757 0.548590362071991
    outer loop
      vertex 17.0 3.0 15.015027046203613
      vertex 18.0 2.990140199661255 15.0
      vertex 18.0 3.0 15.015027046203613
    endloop
  endfacet
  facet normal 0.0 0.0 -1.0
    outer loop
      vertex 17.0 4.0 14.990226745605469
      vertex 18.0 3.0 14.990226745605469
      vertex 17.0 3.0 14.990226745605469
    endloop
  endfacet
  facet normal 0.0 0.0 -1.0
    outer loop
      vertex 17.0 4.0 14.990226745605469
      vertex 18.0 4.0 14.990226745605469
      vertex 18.0 3.0 14.990226745605469
    endloop
  endfacet
  facet normal 0.0 0.0 1.0
    outer loop
      vertex 18.0 3.0 15.015027046203613
      vertex 17.0 4.0 15.015027046203613
      vertex 17.0 3.0 15.015027046203613
    endloop
  endfacet
  facet normal 0.0 0.0 1.0
    outer loop
      vertex 18.0 4.0 15.015027046203613
      vertex 17.0 4.0 15.015027046203613
      vertex 18.0 3.0 15.015027046203613
    endloop
  endfacet
  facet normal 0.0 0.0 -1.0
    outer loop
      vertex 17.0 5.0 14.990226745605469
      vertex 18.0 4.0 14.990226745605469
      vertex 17.0 4.0 14.990226745605469
    endloop
  endfacet
  facet normal 0.0 0.0 -1.0
    outer loop
      vertex 17.0 5.0 14.990226745605469
      vertex 18.0 5.0 14.990226745605469
      vertex 18.0 4.0 14.990226745605469
    endloop
  endfacet
  facet normal 0.0 0.0 1.0
    outer loop
      vertex 18.0 4.0 15.015027046203613
      vertex 17.0 5.0 15.015027046203613
      vertex 17.0 4.0 15.015027046203613
    endloop
  endfacet
  facet normal 0.0 0.0 1.0
    outer loop
      vertex 18.0 5.0 15.015027046203613
      vertex 17.0 5.0 15.015027046203613
      vertex 18.0 4.0 15.015027046203613
    endloop
  endfacet
  facet normal 0.0 0.0 -1.0
    outer loop
      vertex 17.0 6.0 14.990226745605469
      vertex 18.0 5.0 14.990226745605469
      vertex 17.0 5.0 14.990226745605469
    endloop
  endfacet
  facet normal 0.0 0.0 -1.0
    outer loop
      vertex 17.0 6.0 14.990226745605469
      vertex 18.0 6.0 14.990226745605469
      vertex 18.0 5.0 14.990226745605469
    endloop
  endfacet
  facet normal 0.0 0.0 1.0
    outer loop
      vertex 18.0 5.0 15.015027046203613
      vertex 17.0 6.0 15.015027046203613
      vertex 17.0 5.0 15.015027046203613
    endloop
  endfacet
  facet normal 0.0 0.0 1.0
    outer loop
      vertex 18.0 6.0 15.015027046203613
      vertex 17.0 6.0 15.015027046203613
      vertex 18.0 5.0 15.015027046203613
    endloop
  endfacet
  facet normal 0.0 -0.0004911422147415578 -0.9999998807907104
    outer loop
      vertex 17.0 7.0 14.98973560333252
      vertex 18.0 6.0 14.990226745605469
      vertex 17.0 6.0 14.990226745605469
    endloop
  endfacet
  facet normal 0.0004911422147415578 0.0 -0.9999998807907104
    outer loop
      vertex 17.0 7.0 14.98973560333252
      vertex 18.0 7.0 14.990226745605469
      vertex 18.0 6.0 14.990226745605469
    endloop
  endfacet
  facet normal 0.0 0.0 1.0
    outer loop
      vertex 18.0 6.0 15.015027046203613
      vertex 17.0 7.0 15.015027046203613
      vertex 17.0 6.0 15.015027046203613
    endloop
  endfacet
  facet normal 0.0 0.0 1.0
    outer loop
      vertex 18.0 7.0 15.015027046203613
      vertex 17.0 7.0 15.015027046203613
      vertex 18.0 6.0 15.015027046203613
    endloop
  endfacet
  facet normal -0.18992753326892853 0.18992763757705688 -0.9632523059844971
    outer loop
      vertex 17.0 7.0 14.98973560333252
      vertex 17.0 7.05205774307251 15.0
      vertex 17.94794273376465 8.0 15.0
    endloop
  endfacet
  facet normal -0.18143810331821442 0.18191275000572205 -0.9664304852485657
    outer loop
      vertex 18.0 8.0 14.990226745605469
      vertex 17.0 7.0 14.98973560333252
      vertex 17.94794273376465 8.0 15.0
    endloop
  endfacet
  facet normal 0.0004911422147415578 0.0 -0.9999998807907104
    outer loop
      vertex 18.0 7.0 14.990226745605469
      vertex 17.0 7.0 14.98973560333252
      vertex 18.0 8.0 14.990226745605469
    endloop
  endfacet
  facet normal -0.26725220680236816 0.2672523558139801 0.925825297832489
    outer loop
      vertex 18.0 8.0 15.015027046203613
      vertex 17.94794273376465 8.0 15.0
      vertex 17.0 7.05205774307251 15.0
    endloop
  endfacet
  facet normal -0.267250120639801 0.267250120639801 0.9258264899253845
    outer loop
      vertex 17.0 7.0 15.015027046203613
      vertex 18.0 8.0 15.015027046203613
      vertex 17.0 7.05205774307251 15.0
    endloop
  endfacet
  facet normal 0.0 -0.0 1.0
    outer loop
      vertex 18.0 7.0 15.015027046203613
      vertex 18.0 8.0 15.015027046203613
      vertex 17.0 7.0 15.015027046203613
    endloop
  endfacet
  facet normal -0.18451617658138275 0.00262685539200902 -0.9828259348869324
    outer loop
      vertex 18.0 8.0 14.990226745605469
      vertex 17.94794273376465 8.0 15.0
      vertex 17.96217918395996 9.0 15.0
    endloop
  endfacet
  facet normal -0.2501910626888275 0.0 -0.968196451663971
    outer loop
      vertex 18.0 8.0 14.990226745605469
      vertex 17.96217918395996 9.0 15.0
      vertex 18.0 9.0 14.990226745605469
    endloop
  endfacet
  facet normal -0.27733999490737915 0.0 0.9607717990875244
    outer loop
      vertex 17.94794273376465 8.0 15.0
      vertex 18.0 8.0 15.015027046203613
      vertex 18.0 9.0 15.015027046203613
    endloop
  endfacet
  facet normal -0.3692392110824585 0.005256655625998974 0.9293195605278015
    outer loop
      vertex 17.94794273376465 8.0 15.0
      vertex 18.0 9.0 15.015027046203613
      vertex 17.96217918395996 9.0 15.0
    endloop
  endfacet
  facet normal -0.2501910626888275 0.00010164356353925541 -0.968196451663971
    outer loop
      vertex 18.0 9.0 14.990226745605469
      vertex 17.96217918395996 9.0 15.0
      vertex 17.96258544921875 10.0 15.0
    endloop
  endfacet
  facet normal -0.25273510813713074 0.0 -0.9675354957580566
    outer loop
      vertex 18.0 9.0 14.990226745605469
      vertex 17.96258544921875 10.0 15.0
      vertex 18.0 10.0 14.990226745605469
    endloop
  endfacet
  facet normal -0.3692443072795868 0.0 0.9293323755264282
    outer loop
      vertex 17.96217918395996 9.0 15.0
      vertex 18.0 9.0 15.015027046203613
      vertex 18.0 10.0 15.015027046203613
    endloop
  endfacet
  facet normal -0.3726993799209595 0.00015141480253078043 0.9279521107673645
    outer loop
      vertex 17.96217918395996 9.0 15.0
      vertex 18.0 10.0 15.015027046203613
      vertex 17.96258544921875 10.0 15.0
    endloop
  endfacet
  facet normal -0.25273510813713074 4.816776595362171e-07 -0.9675354957580566
    outer loop
      vertex 18.0 10.0 14.990226745605469
      vertex 17.96258544921875 10.0 15.0
      vertex 17.962587356567383 11.0 15.0
    endloop
  endfacet
  facet normal -0.25274717807769775 0.0 -0.9675323963165283
    outer loop
      vertex 18.0 10.0 14.990226745605469
      vertex 17.962587356567383 11.0 15.0
      vertex 18.0 11.0 14.990226745605469
    endloop
  endfacet
  facet normal -0.3726993799209595 0.0 0.9279521107673645
    outer loop
      vertex 17.96258544921875 10.0 15.0
      vertex 18.0 10.0 15.015027046203613
      vertex 18.0 11.0 15.015027046203613
    endloop
  endfacet
  facet normal -0.3727157413959503 7.108988597792631e-07 0.9279455542564392
    outer loop
      vertex 17.96258544921875 10.0 15.0
      vertex 18.0 11.0 15.015027046203613
      vertex 17.962587356567383 11.0 15.0
    endloop
  endfacet
  facet normal -0.25274717807769775 0.0 -0.9675323963165283
    outer loop
      vertex 18.0 11.0 14.990226745605469
      vertex 17.962587356567383 11.0 15.0
      vertex 17.962587356567383 12.0 15.0
    endloop
  endfacet
  facet normal -0.25274717807769775 0.0 -0.9675323963165283
    outer loop
      vertex 18.0 11.0 14.990226745605469
      vertex 17.962587356567383 12.0 15.0
      vertex 18.0 12.0 14.990226745605469
    endloop
  endfacet
  facet normal -0.3727157413959503 0.0 0.9279455542564392
    outer loop
      vertex 17.962587356567383 11.0 15.0
      vertex 18.0 11.0 15.015027046203613
      vertex 18.0 12.0 15.015027046203613
    endloop
  endfacet
  facet normal -0.3727157413959503 0.0 0.9279455542564392
    outer loop
      vertex 17.962587356567383 11.0 15.0
      vertex 18.0 12.0 15.015027046203613
      vertex 17.962587356567383 12.0 15.0
    endloop
  endfacet
  facet normal -0.25274714827537537 -4.817006242774369e-07 -0.9675323367118835
    outer loop
      vertex 18.0 12.0 14.990226745605469
      vertex 17.962587356567383 12.0 15.0
      vertex 17.96258544921875 13.0 15.0
    endloop
  endfacet
  facet normal -0.25273510813713074 0.0 -0.9675354957580566
    outer loop
      vertex 18.0 12.0 14.990226745605469
      vertex 17.96258544921875 13.0 15.0
      vertex 18.0 13.0 14.990226745605469
    endloop
  endfacet
  facet normal -0.3727157413959503 0.0 0.9279455542564392
    outer loop
      vertex 17.962587356567383 12.0 15.0
      vertex 18.0 12.0 15.015027046203613
      vertex 18.0 13.0 15.015027046203613
    endloop
  endfacet
  facet normal -0.3726993799209595 -7.108676527423086e-07 0.9279521107673645
    outer loop
      vertex 17.962587356567383 12.0 15.0
      vertex 18.0 13.0 15.015027046203613
      vertex 17.96258544921875 13.0 15.0
    endloop
  endfacet
  facet normal -0.25273510813713074 -0.00010267712059430778 -0.9675354957580566
    outer loop
      vertex 18.0 13.0 14.990226745605469
      vertex 17.96258544921875 13.0 15.0
      vertex 17.96217918395996 14.0 15.0
    endloop
  endfacet
  facet normal -0.2501910626888275 0.0 -0.968196451663971
    outer loop
      vertex 18.0 13.0 14.990226745605469
      vertex 17.96217918395996 14.0 15.0
      vertex 18.0 14.0 14.990226745605469
    endloop
  endfacet
  facet normal -0.3726993799209595 0.0 0.9279521107673645
    outer loop
      vertex 17.96258544921875 13.0 15.0
      vertex 18.0 13.0 15.015027046203613
      vertex 18.0 14.0 15.015027046203613
    endloop
  endfacet
  facet normal -0.3692442774772644 -0.00015001111023593694 0.9293323159217834
    outer loop
      vertex 17.96258544921875 13.0 15.0
      vertex 18.0 14.0 15.015027046203613
      vertex 17.96217918395996 14.0 15.0
    endloop
  endfacet
  facet normal -0.25018948316574097 -0.0035618101246654987 -0.9681903719902039
    outer loop
      vertex 18.0 14.0 14.990226745605469
      vertex 17.96217918395996 14.0 15.0
      vertex 17.94794273376465 15.0 15.0
    endloop
  endfacet
  facet normal -0.1845168173313141 0.0 -0.9828293323516846
    outer loop
      vertex 18.0 14.0 14.990226745605469
      vertex 17.94794273376465 15.0 15.0
      vertex 18.0 15.0 14.990226745605469
    endloop
  endfacet
  facet normal -0.3692443072795868 0.0 0.9293323755264282
    outer loop
      vertex 17.96217918395996 14.0 15.0
      vertex 18.0 14.0 15.015027046203613
      vertex 18.0 15.0 15.015027046203613
    endloop
  endfacet
  facet normal -0.27733784914016724 -0.003948306664824486 0.9607643485069275
    outer loop
      vertex 17.96217918395996 14.0 15.0
      vertex 18.0 15.0 15.015027046203613
      vertex 17.94794273376465 15.0 15.0
    endloop
  endfacet
  facet normal -0.18145374953746796 -0.18145374953746796 -0.9665138125419617
    outer loop
      vertex 18.0 15.0 14.990226745605469
      vertex 17.94794273376465 15.0 15.0
      vertex 17.0 15.947942733764648 15.0
    endloop
  endfacet
  facet normal -0.18947315216064453 -0.18994629383087158 -0.9633381366729736
    outer loop
      vertex 17.0 16.0 14.98973560333252
      vertex 18.0 15.0 14.990226745605469
      vertex 17.0 15.947942733764648 15.0
    endloop
  endfacet
  facet normal 0.0004911422147415578 0.0 -0.9999998807907104
    outer loop
      vertex 18.0 16.0 14.990226745605469
      vertex 18.0 15.0 14.990226745605469
      vertex 17.0 16.0 14.98973560333252
    endloop
  endfacet
  facet normal -0.26725220680236816 -0.26725220680236816 0.925825297832489
    outer loop
      vertex 17.0 16.0 15.015027046203613
      vertex 17.0 15.947942733764648 15.0
      vertex 17.94794273376465 15.0 15.0
    endloop
  endfacet
  facet normal -0.26725223660469055 -0.26725223660469055 0.9258253574371338
    outer loop
      vertex 18.0 15.0 15.015027046203613
      vertex 17.0 16.0 15.015027046203613
      vertex 17.94794273376465 15.0 15.0
    endloop
  endfacet
  facet normal 0.0 0.0 1.0
    outer loop
      vertex 18.0 16.0 15.015027046203613
      vertex 17.0 16.0 15.015027046203613
      vertex 18.0 15.0 15.015027046203613
    endloop
  endfacet
  facet normal 0.0004911421565338969 0.0004911421565338969 -0.9999997615814209
    outer loop
      vertex 17.0 17.0 14.990226745605469
      vertex 18.0 16.0 14.990226745605469
      vertex 17.0 16.0 14.98973560333252
    endloop
  endfacet
  facet normal 0.0 0.0 -1.0
    outer loop
      vertex 17.0 17.0 14.990226745605469
      vertex 18.0 17.0 14.990226745605469
      vertex 18.0 16.0 14.990226745605469
    endloop
  endfacet
  facet normal 0.0 0.0 1.0
    outer loop
      vertex 18.0 16.0 15.015027046203613
      vertex 17.0 17.0 15.015027046203613
      vertex 17.0 16.0 15.015027046203613
    endloop
  endfacet
  facet normal 0.0 0.0 1.0
    outer loop
      vertex 18.0 17.0 15.015027046203613
      vertex 17.0 17.0 15.015027046203613
      vertex 18.0 16.0 15.015027046203613
    endloop
  endfacet
  facet normal 0.0 0.0 -1.0
    outer loop
      vertex 17.0 18.0 14.990226745605469
      vertex 18.0 17.0 14.990226745605469
      vertex 17.0 17.0 14.990226745605469
    endloop
  endfacet
  facet normal 0.0 0.0 -1.0
    outer loop
      vertex 17.0 18.0 14.990226745605469
      vertex 18.0 18.0 14.990226745605469
      vertex 18.0 17.0 14.990226745605469
    endloop
  endfacet
  facet normal 0.0 0.0 1.0
    outer loop
      vertex 18.0 17.0 15.015027046203613
      vertex 17.0 18.0 15.015027046203613
      vertex 17.0 17.0 15.015027046203613
    endloop
  endfacet
  facet normal 0.0 0.0 1.0
    outer loop
      vertex 18.0 18.0 15.015027046203613
      vertex 17.0 18.0 15.015027046203613
      vertex 18.0 17.0 15.015027046203613
    endloop
  endfacet
  facet normal 0.0 0.0 -1.0
    outer loop
      vertex 17.0 19.0 14.990226745605469
      vertex 18.0 18.0 14.990226745605469
      vertex 17.0 18.0 14.990226745605469
    endloop
  endfacet
  facet normal 0.0 0.0 -1.0
    outer loop
      vertex 17.0 19.0 14.990226745605469
      vertex 18.0 19.0 14.990226745605469
      vertex 18.0 18.0 14.990226745605469
    endloop
  endfacet
  facet normal 0.0 0.0 1.0
    outer loop
      vertex 18.0 18.0 15.015027046203613
      vertex 17.0 19.0 15.015027046203613
      vertex 17.0 18.0 15.015027046203613
    endloop
  endfacet
  facet normal 0.0 0.0 1.0
    outer loop
      vertex 18.0 19.0 15.015027046203613
      vertex 17.0 19.0 15.015027046203613
      vertex 18.0 18.0 15.015027046203613
    endloop
  endfacet
  facet normal 0.0 0.0 -1.0
    outer loop
      vertex 17.0 20.0 14.990226745605469
      vertex 18.0 19.0 14.990226745605469
      vertex 17.0 19.0 14.990226745605469
    endloop
  endfacet
  facet normal 0.0 0.0 -1.0
    outer loop
      vertex 17.0 20.0 14.990226745605469
      vertex 18.0 20.0 14.990226745605469
      vertex 18.0 19.0 14.990226745605469
    endloop
  endfacet
  facet normal 0.0 0.0 1.0
    outer loop
      vertex 18.0 19.0 15.015027046203613
      vertex 17.0 20.0 15.015027046203613
      vertex 17.0 19.0 15.015027046203613
    endloop
  endfacet
  facet normal 0.0 0.0 1.0
    outer loop
      vertex 18.0 20.0 15.015027046203613
      vertex 17.0 20.0 15.015027046203613
      vertex 18.0 19.0 15.015027046203613
    endloop
  endfacet
  facet normal 0.0 0.7040086388587952 -0.7101913690567017
    outer loop
      vertex 18.0 20.009859085083008 15.0
      vertex 18.0 20.0 14.990226745605469
      vertex 17.0 20.0 14.990226745605469
    endloop
  endfacet
  facet normal 0.0 0.7040086388587952 -0.7101913690567017
    outer loop
      vertex 18.0 20.009859085083008 15.0
      vertex 17.0 20.0 14.990226745605469
      vertex 17.0 20.009859085083008 15.0
    endloop
  endfacet
  facet normal 0.0 0.8361095190048218 0.5485625863075256
    outer loop
      vertex 17.0 20.009859085083008 15.0
      vertex 17.0 20.0 15.015027046203613
      vertex 18.0 20.0 15.015027046203613
    endloop
  endfacet
  facet normal -0.0 0.8361095190048218 0.5485625863075256
    outer loop
      vertex 17.0 20.009859085083008 15.0
      vertex 18.0 20.0 15.015027046203613
      vertex 18.0 20.009859085083008 15.0
    endloop
  endfacet
  facet normal 0.0 -0.7039828896522522 -0.7102169394493103
    outer loop
      vertex 19.0 3.0 14.990226745605469
      vertex 19.0 2.990140199661255 15.0
      vertex 18.0 2.990140199661255 15.0
    endloop
  endfacet
  facet normal -0.0 -0.7039828896522522 -0.7102169394493103
    outer loop
      vertex 19.0 3.0 14.990226745605469
      vertex 18.0 2.990140199661255 15.0
      vertex 18.0 3.0 14.990226745605469
    endloop
  endfacet
  facet normal 0.0 -0.8360912203788757 0.548590362071991
    outer loop
      vertex 18.0 3.0 15.015027046203613
      vertex 18.0 2.990140199661255 15.0
      vertex 19.0 2.990140199661255 15.0
    endloop
  endfacet
  facet normal 0.0 -0.8360912203788757 0.548590362071991
    outer loop
      vertex 18.0 3.0 15.015027046203613
      vertex 19.0 2.990140199661255 15.0
      vertex 19.0 3.0 15.015027046203613
    endloop
  endfacet
  facet normal 0.0 0.0 -1.0
    outer loop
      vertex 18.0 4.0 14.990226745605469
      vertex 19.0 3.0 14.990226745605469
      vertex 18.0 3.0 14.990226745605469
    endloop
  endfacet
  facet normal 0.0 0.0 -1.0
    outer loop
      vertex 18.0 4.0 14.990226745605469
      vertex 19.0 4.0 14.990226745605469
      vertex 19.0 3.0 14.990226745605469
    endloop
  endfacet
  facet normal 0.0 0.0 1.0
    outer loop
      vertex 19.0 3.0 15.015027046203613
      vertex 18.0 4.0 15.015027046203613
      vertex 18.0 3.0 15.015027046203613
    endloop
  endfacet
  facet normal 0.0 0.0 1.0
    outer loop
      vertex 19.0 4.0 15.015027046203613
      vertex 18.0 4.0 15.015027046203613
      vertex 19.0 3.0 15.015027046203613
    endloop
  endfacet
  facet normal 0.0 0.0 -1.0
    outer loop
      vertex 18.0 5.0 14.990226745605469
      vertex 19.0 4.0 14.990226745605469
      vertex 18.0 4.0 14.990226745605469
    endloop
  endfacet
  facet normal 0.0 0.0 -1.0
    outer loop
      vertex 18.0 5.0 14.990226745605469
      vertex 19.0 5.0 14.990226745605469
      vertex 19.0 4.0 14.990226745605469
    endloop
  endfacet
  facet normal 0.0 0.0 1.0
    outer loop
      vertex 19.0 4.0 15.015027046203613
      vertex 18.0 5.0 15.015027046203613
      vertex 18.0 4.0 15.015027046203613
    endloop
  endfacet
  facet normal 0.0 0.0 1.0
    outer loop
      vertex 19.0 5.0 15.015027046203613
      vertex 18.0 5.0 15.015027046203613
      vertex 19.0 4.0 15.015027046203613
    endloop
  endfacet
  facet normal 0.0 0.0 -1.0
    outer loop
      vertex 18.0 6.0 14.990226745605469
      vertex 19.0 5.0 14.990226745605469
      vertex 18.0 5.0 14.990226745605469
    endloop
  endfacet
  facet normal 0.0 0.0 -1.0
    outer loop
      vertex 18.0 6.0 14.990226745605469
      vertex 19.0 6.0 14.990226745605469
      vertex 19.0 5.0 14.990226745605469
    endloop
  endfacet
  facet normal 0.0 0.0 1.0
    outer loop
      vertex 19.0 5.0 15.015027046203613
      vertex 18.0 6.0 15.015027046203613
      vertex 18.0 5.0 15.015027046203613
    endloop
  endfacet
  facet normal 0.0 0.0 1.0
    outer loop
      vertex 19.0 6.0 15.015027046203613
      vertex 18.0 6.0 15.015027046203613
      vertex 19.0 5.0 15.015027046203613
    endloop
  endfacet
  facet normal 0.0 0.0 -1.0
    outer loop
      vertex 18.0 7.0 14.990226745605469
      vertex 19.0 6.0 14.990226745605469
      vertex 18.0 6.0 14.990226745605469
    endloop
  endfacet
  facet normal 0.0 0.0 -1.0
    outer loop
      vertex 18.0 7.0 14.990226745605469
      vertex 19.0 7.0 14.990226745605469
      vertex 19.0 6.0 14.990226745605469
    endloop
  endfacet
  facet normal 0.0 0.0 1.0
    outer loop
      vertex 19.0 6.0 15.015027046203613
      vertex 18.0 7.0 15.015027046203613
      vertex 18.0 6.0 15.015027046203613
    endloop
  endfacet
  facet normal 0.0 0.0 1.0
    outer loop
      vertex 19.0 7.0 15.015027046203613
      vertex 18.0 7.0 15.015027046203613
      vertex 19.0 6.0 15.015027046203613
    endloop
  endfacet
  facet normal 0.0 0.0 -1.0
    outer loop
      vertex 18.0 8.0 14.990226745605469
      vertex 19.0 7.0 14.990226745605469
      vertex 18.0 7.0 14.990226745605469
    endloop
  endfacet
  facet normal 0.0 0.0 -1.0
    outer loop
      vertex 18.0 8.0 14.990226745605469
      vertex 19.0 8.0 14.990226745605469
      vertex 19.0 7.0 14.990226745605469
    endloop
  endfacet
  facet normal 0.0 0.0 1.0
    outer loop
      vertex 19.0 7.0 15.015027046203613
      vertex 18.0 8.0 15.015027046203613
      vertex 18.0 7.0 15.015027046203613
    endloop
  endfacet
  facet normal 0.0 0.0 1.0
    outer loop
      vertex 19.0 8.0 15.015027046203613
      vertex 18.0 8.0 15.015027046203613
      vertex 19.0 7.0 15.015027046203613
    endloop
  endfacet
  facet normal 0.0 0.0 -1.0
    outer loop
      vertex 18.0 9.0 14.990226745605469
      vertex 19.0 8.0 14.990226745605469
      vertex 18.0 8.0 14.990226745605469
    endloop
  endfacet
  facet normal 0.0 0.0 -1.0
    outer loop
      vertex 18.0 9.0 14.990226745605469
      vertex 19.0 9.0 14.990226745605469
      vertex 19.0 8.0 14.990226745605469
    endloop
  endfacet
  facet normal 0.0 0.0 1.0
    outer loop
      vertex 19.0 8.0 15.015027046203613
      vertex 18.0 9.0 15.015027046203613
      vertex 18.0 8.0 15.015027046203613
    endloop
  endfacet
  facet normal 0.0 0.0 1.0
    outer loop
      vertex 19.0 9.0 15.015027046203613
      vertex 18.0 9.0 15.015027046203613
      vertex 19.0 8.0 15.015027046203613
    endloop
  endfacet
  facet normal 0.0 0.0 -1.0
    outer loop
      vertex 18.0 10.0 14.990226745605469
      vertex 19.0 9.0 14.990226745605469
      vertex 18.0 9.0 14.990226745605469
    endloop
  endfacet
  facet normal 0.0 0.0 -1.0
    outer loop
      vertex 18.0 10.0 14.990226745605469
      vertex 19.0 10.0 14.990226745605469
      vertex 19.0 9.0 14.990226745605469
    endloop
  endfacet
  facet normal 0.0 0.0 1.0
    outer loop
      vertex 19.0 9.0 15.015027046203613
      vertex 18.0 10.0 15.015027046203613
      vertex 18.0 9.0 15.015027046203613
    endloop
  endfacet
  facet normal 0.0 0.0 1.0
    outer loop
      vertex 19.0 10.0 15.015027046203613
      vertex 18.0 10.0 15.015027046203613
      vertex 19.0 9.0 15.015027046203613
    endloop
  endfacet
  facet normal 0.0 0.0 -1.0
    outer loop
      vertex 18.0 11.0 14.990226745605469
      vertex 19.0 10.0 14.990226745605469
      vertex 18.0 10.0 14.990226745605469
    endloop
  endfacet
  facet normal 0.0 0.0 -1.0
    outer loop
      vertex 18.0 11.0 14.990226745605469
      vertex 19.0 11.0 14.990226745605469
      vertex 19.0 10.0 14.990226745605469
    endloop
  endfacet
  facet normal 0.0 0.0 1.0
    outer loop
      vertex 19.0 10.0 15.015027046203613
      vertex 18.0 11.0 15.015027046203613
      vertex 18.0 10.0 15.015027046203613
    endloop
  endfacet
  facet normal 0.0 0.0 1.0
    outer loop
      vertex 19.0 11.0 15.015027046203613
      vertex 18.0 11.0 15.015027046203613
      vertex 19.0 10.0 15.015027046203613
    endloop
  endfacet
  facet normal 0.0 0.0 -1.0
    outer loop
      vertex 18.0 12.0 14.990226745605469
      vertex 19.0 11.0 14.990226745605469
      vertex 18.0 11.0 14.990226745605469
    endloop
  endfacet
  facet normal 0.0 0.0 -1.0
    outer loop
      vertex 18.0 12.0 14.990226745605469
      vertex 19.0 12.0 14.990226745605469
      vertex 19.0 11.0 14.990226745605469
    endloop
  endfacet
  facet normal 0.0 0.0 1.0
    outer loop
      vertex 19.0 11.0 15.015027046203613
      vertex 18.0 12.0 15.015027046203613
      vertex 18.0 11.0 15.015027046203613
    endloop
  endfacet
  facet normal 0.0 0.0 1.0
    outer loop
      vertex 19.0 12.0 15.015027046203613
      vertex 18.0 12.0 15.015027046203613
      vertex 19.0 11.0 15.015027046203613
    endloop
  endfacet
  facet normal 0.0 0.0 -1.0
    outer loop
      vertex 18.0 13.0 14.990226745605469
      vertex 19.0 12.0 14.990226745605469
      vertex 18.0 12.0 14.990226745605469
    endloop
  endfacet
  facet normal 0.0 0.0 -1.0
    outer loop
      vertex 18.0 13.0 14.990226745605469
      vertex 19.0 13.0 14.990226745605469
      vertex 19.0 12.0 14.990226745605469
    endloop
  endfacet
  facet normal 0.0 0.0 1.0
    outer loop
      vertex 19.0 12.0 15.015027046203613
      vertex 18.0 13.0 15.015027046203613
      vertex 18.0 12.0 15.015027046203613
    endloop
  endfacet
  facet normal 0.0 0.0 1.0
    outer loop
      vertex 19.0 13.0 15.015027046203613
      vertex 18.0 13.0 15.015027046203613
      vertex 19.0 12.0 15.015027046203613
    endloop
  endfacet
  facet normal 0.0 0.0 -1.0
    outer loop
      vertex 18.0 14.0 14.990226745605469
      vertex 19.0 13.0 14.990226745605469
      vertex 18.0 13.0 14.990226745605469
    endloop
  endfacet
  facet normal 0.0 0.0 -1.0
    outer loop
      vertex 18.0 14.0 14.990226745605469
      vertex 19.0 14.0 14.990226745605469
      vertex 19.0 13.0 14.990226745605469
    endloop
  endfacet
  facet normal 0.0 0.0 1.0
    outer loop
      vertex 19.0 13.0 15.015027046203613
      vertex 18.0 14.0 15.015027046203613
      vertex 18.0 13.0 15.015027046203613
    endloop
  endfacet
  facet normal 0.0 0.0 1.0
    outer loop
      vertex 19.0 14.0 15.015027046203613
      vertex 18.0 14.0 15.015027046203613
      vertex 19.0 13.0 15.015027046203613
    endloop
  endfacet
  facet normal 0.0 0.0 -1.0
    outer loop
      vertex 18.0 15.0 14.990226745605469
      vertex 19.0 14.0 14.990226745605469
      vertex 18.0 14.0 14.990226745605469
    endloop
  endfacet
  facet normal 0.0 0.0 -1.0
    outer loop
      vertex 18.0 15.0 14.990226745605469
      vertex 19.0 15.0 14.990226745605469
      vertex 19.0 14.0 14.990226745605469
    endloop
  endfacet
  facet normal 0.0 0.0 1.0
    outer loop
      vertex 19.0 14.0 15.015027046203613
      vertex 18.0 15.0 15.015027046203613
      vertex 18.0 14.0 15.015027046203613
    endloop
  endfacet
  facet normal 0.0 0.0 1.0
    outer loop
      vertex 19.0 15.0 15.015027046203613
      vertex 18.0 15.0 15.015027046203613
      vertex 19.0 14.0 15.015027046203613
    endloop
  endfacet
  facet normal 0.0 0.0 -1.0
    outer loop
      vertex 18.0 16.0 14.990226745605469
      vertex 19.0 15.0 14.990226745605469
      vertex 18.0 15.0 14.990226745605469
    endloop
  endfacet
  facet normal 0.0 0.0 -1.0
    outer loop
      vertex 18.0 16.0 14.990226745605469
      vertex 19.0 16.0 14.990226745605469
      vertex 19.0 15.0 14.990226745605469
    endloop
  endfacet
  facet normal 0.0 0.0 1.0
    outer loop
      vertex 19.0 15.0 15.015027046203613
      vertex 18.0 16.0 15.015027046203613
      vertex 18.0 15.0 15.015027046203613
    endloop
  endfacet
  facet normal 0.0 0.0 1.0
    outer loop
      vertex 19.0 16.0 15.015027046203613
      vertex 18.0 16.0 15.015027046203613
      vertex 19.0 15.0 15.015027046203613
    endloop
  endfacet
  facet normal 0.0 0.0 -1.0
    outer loop
      vertex 18.0 17.0 14.990226745605469
      vertex 19.0 16.0 14.990226745605469
      vertex 18.0 16.0 14.990226745605469
    endloop
  endfacet
  facet normal 0.0 0.0 -1.0
    outer loop
      vertex 18.0 17.0 14.990226745605469
      vertex 19.0 17.0 14.990226745605469
      vertex 19.0 16.0 14.990226745605469
    endloop
  endfacet
  facet normal 0.0 0.0 1.0
    outer loop
      vertex 19.0 16.0 15.015027046203613
      vertex 18.0 17.0 15.015027046203613
      vertex 18.0 16.0 15.015027046203613
    endloop
  endfacet
  facet normal 0.0 0.0 1.0
    outer loop
      vertex 19.0 17.0 15.015027046203613
      vertex 18.0 17.0 15.015027046203613
      vertex 19.0 16.0 15.015027046203613
    endloop
  endfacet
  facet normal 0.0 0.0 -1.0
    outer loop
      vertex 18.0 18.0 14.990226745605469
      vertex 19.0 17.0 14.990226745605469
      vertex 18.0 17.0 14.990226745605469
    endloop
  endfacet
  facet normal 0.0 0.0 -1.0
    outer loop
      vertex 18.0 18.0 14.990226745605469
      vertex 19.0 18.0 14.990226745605469
      vertex 19.0 17.0 14.990226745605469
    endloop
  endfacet
  facet normal 0.0 0.0 1.0
    outer loop
      vertex 19.0 17.0 15.015027046203613
      vertex 18.0 18.0 15.015027046203613
      vertex 18.0 17.0 15.015027046203613
    endloop
  endfacet
  facet normal 0.0 0.0 1.0
    outer loop
      vertex 19.0 18.0 15.015027046203613
      vertex 18.0 18.0 15.015027046203613
      vertex 19.0 17.0 15.015027046203613
    endloop
  endfacet
  facet normal 0.0 0.0 -1.0
    outer loop
      vertex 18.0 19.0 14.990226745605469
      vertex 19.0 18.0 14.990226745605469
      vertex 18.0 18.0 14.990226745605469
    endloop
  endfacet
  facet normal 0.0 0.0 -1.0
    outer loop
      vertex 18.0 19.0 14.990226745605469
      vertex 19.0 19.0 14.990226745605469
      vertex 19.0 18.0 14.990226745605469
    endloop
  endfacet
  facet normal 0.0 0.0 1.0
    outer loop
      vertex 19.0 18.0 15.015027046203613
      vertex 18.0 19.0 15.015027046203613
      vertex 18.0 18.0 15.015027046203613
    endloop
  endfacet
  facet normal 0.0 0.0 1.0
    outer loop
      vertex 19.0 19.0 15.015027046203613
      vertex 18.0 19.0 15.015027046203613
      vertex 19.0 18.0 15.015027046203613
    endloop
  endfacet
  facet normal 0.0 0.0 -1.0
    outer loop
      vertex 18.0 20.0 14.990226745605469
      vertex 19.0 19.0 14.990226745605469
      vertex 18.0 19.0 14.990226745605469
    endloop
  endfacet
  facet normal 0.0 0.0 -1.0
    outer loop
      vertex 18.0 20.0 14.990226745605469
      vertex 19.0 20.0 14.990226745605469
      vertex 19.0 19.0 14.990226745605469
    endloop
  endfacet
  facet normal 0.0 0.0 1.0
    outer loop
      vertex 19.0 19.0 15.015027046203613
      vertex 18.0 20.0 15.015027046203613
      vertex 18.0 19.0 15.015027046203613
    endloop
  endfacet
  facet normal 0.0 0.0 1.0
    outer loop
      vertex 19.0 20.0 15.015027046203613
      vertex 18.0 20.0 15.015027046203613
      vertex 19.0 19.0 15.015027046203613
    endloop
  endfacet
  facet normal 0.0 0.7040086388587952 -0.7101913690567017
    outer loop
      vertex 19.0 20.009859085083008 15.0
      vertex 19.0 20.0 14.990226745605469
      vertex 18.0 20.0 14.990226745605469
    endloop
  endfacet
  facet normal 0.0 0.7040086388587952 -0.7101913690567017
    outer loop
      vertex 19.0 20.009859085083008 15.0
      vertex 18.0 20.0 14.990226745605469
      vertex 18.0 20.009859085083008 15.0
    endloop
  endfacet
  facet normal 0.0 0.8361095190048218 0.5485625863075256
    outer loop
      vertex 18.0 20.009859085083008 15.0
      vertex 18.0 20.0 15.015027046203613
      vertex 19.0 20.0 15.015027046203613
    endloop
  endfacet
  facet normal -0.0 0.8361095190048218 0.5485625863075256
    outer loop
      vertex 18.0 20.009859085083008 15.0
      vertex 19.0 20.0 15.015027046203613
      vertex 19.0 20.009859085083008 15.0
    endloop
  endfacet
  facet normal 0.0 -0.7039828896522522 -0.7102169394493103
    outer loop
      vertex 20.0 3.0 14.990226745605469
      vertex 20.0 2.990140199661255 15.0
      vertex 19.0 2.990140199661255 15.0
    endloop
  endfacet
  facet normal -0.0 -0.7039828896522522 -0.7102169394493103
    outer loop
      vertex 20.0 3.0 14.990226745605469
      vertex 19.0 2.990140199661255 15.0
      vertex 19.0 3.0 14.990226745605469
    endloop
  endfacet
  facet normal 0.0 -0.8360912203788757 0.548590362071991
    outer loop
      vertex 19.0 3.0 15.015027046203613
      vertex 19.0 2.990140199661255 15.0
      vertex 20.0 2.990140199661255 15.0
    endloop
  endfacet
  facet normal 0.0 -0.8360912203788757 0.548590362071991
    outer loop
      vertex 19.0 3.0 15.015027046203613
      vertex 20.0 2.990140199661255 15.0
      vertex 20.0 3.0 15.015027046203613
    endloop
  endfacet
  facet normal 0.0 0.0 -1.0
    outer loop
      vertex 19.0 4.0 14.990226745605469
      vertex 20.0 3.0 14.990226745605469
      vertex 19.0 3.0 14.990226745605469
    endloop
  endfacet
  facet normal 0.0 0.0 -1.0
    outer loop
      vertex 19.0 4.0 14.990226745605469
      vertex 20.0 4.0 14.990226745605469
      vertex 20.0 3.0 14.990226745605469
    endloop
  endfacet
  facet normal 0.0 0.0 1.0
    outer loop
      vertex 20.0 3.0 15.015027046203613
      vertex 19.0 4.0 15.015027046203613
      vertex 19.0 3.0 15.015027046203613
    endloop
  endfacet
  facet normal 0.0 0.0 1.0
    outer loop
      vertex 20.0 4.0 15.015027046203613
      vertex 19.0 4.0 15.015027046203613
      vertex 20.0 3.0 15.015027046203613
    endloop
  endfacet
  facet normal 0.0 0.0 -1.0
    outer loop
      vertex 19.0 5.0 14.990226745605469
      vertex 20.0 4.0 14.990226745605469
      vertex 19.0 4.0 14.990226745605469
    endloop
  endfacet
  facet normal 0.0 0.0 -1.0
    outer loop
      vertex 19.0 5.0 14.990226745605469
      vertex 20.0 5.0 14.990226745605469
      vertex 20.0 4.0 14.990226745605469
    endloop
  endfacet
  facet normal 0.0 0.0 1.0
    outer loop
      vertex 20.0 4.0 15.015027046203613
      vertex 19.0 5.0 15.015027046203613
      vertex 19.0 4.0 15.015027046203613
    endloop
  endfacet
  facet normal 0.0 0.0 1.0
    outer loop
      vertex 20.0 5.0 15.015027046203613
      vertex 19.0 5.0 15.015027046203613
      vertex 20.0 4.0 15.015027046203613
    endloop
  endfacet
  facet normal 0.0 0.0 -1.0
    outer loop
      vertex 19.0 6.0 14.990226745605469
      vertex 20.0 5.0 14.990226745605469
      vertex 19.0 5.0 14.990226745605469
    endloop
  endfacet
  facet normal 0.0 0.0 -1.0
    outer loop
      vertex 19.0 6.0 14.990226745605469
      vertex 20.0 6.0 14.990226745605469
      vertex 20.0 5.0 14.990226745605469
    endloop
  endfacet
  facet normal 0.0 0.0 1.0
    outer loop
      vertex 20.0 5.0 15.015027046203613
      vertex 19.0 6.0 15.015027046203613
      vertex 19.0 5.0 15.015027046203613
    endloop
  endfacet
  facet normal 0.0 0.0 1.0
    outer loop
      vertex 20.0 6.0 15.015027046203613
      vertex 19.0 6.0 15.015027046203613
      vertex 20.0 5.0 15.015027046203613
    endloop
  endfacet
  facet normal 0.0 0.0 -1.0
    outer loop
      vertex 19.0 7.0 14.990226745605469
      vertex 20.0 6.0 14.990226745605469
      vertex 19.0 6.0 14.990226745605469
    endloop
  endfacet
  facet normal 0.0 0.0 -1.0
    outer loop
      vertex 19.0 7.0 14.990226745605469
      vertex 20.0 7.0 14.990226745605469
      vertex 20.0 6.0 14.990226745605469
    endloop
  endfacet
  facet normal 0.0 0.0 1.0
    outer loop
      vertex 20.0 6.0 15.015027046203613
      vertex 19.0 7.0 15.015027046203613
      vertex 19.0 6.0 15.015027046203613
    endloop
  endfacet
  facet normal 0.0 0.0 1.0
    outer loop
      vertex 20.0 7.0 15.015027046203613
      vertex 19.0 7.0 15.015027046203613
      vertex 20.0 6.0 15.015027046203613
    endloop
  endfacet
  facet normal 0.0 0.0 -1.0
    outer loop
      vertex 19.0 8.0 14.990226745605469
      vertex 20.0 7.0 14.990226745605469
      vertex 19.0 7.0 14.990226745605469
    endloop
  endfacet
  facet normal 0.0 0.0 -1.0
    outer loop
      vertex 19.0 8.0 14.990226745605469
      vertex 20.0 8.0 14.990226745605469
      vertex 20.0 7.0 14.990226745605469
    endloop
  endfacet
  facet normal 0.0 0.0 1.0
    outer loop
      vertex 20.0 7.0 15.015027046203613
      vertex 19.0 8.0 15.015027046203613
      vertex 19.0 7.0 15.015027046203613
    endloop
  endfacet
  facet normal 0.0 0.0 1.0
    outer loop
      vertex 20.0 8.0 15.015027046203613
      vertex 19.0 8.0 15.015027046203613
      vertex 20.0 7.0 15.015027046203613
    endloop
  endfacet
  facet normal 0.0 0.0 -1.0
    outer loop
      vertex 19.0 9.0 14.990226745605469
      vertex 20.0 8.0 14.990226745605469
      vertex 19.0 8.0 14.990226745605469
    endloop
  endfacet
  facet normal 0.0 0.0 -1.0
    outer loop
      vertex 19.0 9.0 14.990226745605469
      vertex 20.0 9.0 14.990226745605469
      vertex 20.0 8.0 14.990226745605469
    endloop
  endfacet
  facet normal 0.0 0.0 1.0
    outer loop
      vertex 20.0 8.0 15.015027046203613
      vertex 19.0 9.0 15.015027046203613
      vertex 19.0 8.0 15.015027046203613
    endloop
  endfacet
  facet normal 0.0 0.0 1.0
    outer loop
      vertex 20.0 9.0 15.015027046203613
      vertex 19.0 9.0 15.015027046203613
      vertex 20.0 8.0 15.015027046203613
    endloop
  endfacet
  facet normal 0.0 0.0 -1.0
    outer loop
      vertex 19.0 10.0 14.990226745605469
      vertex 20.0 9.0 14.990226745605469
      vertex 19.0 9.0 14.990226745605469
    endloop
  endfacet
  facet normal 0.0 0.0 -1.0
    outer loop
      vertex 19.0 10.0 14.990226745605469
      vertex 20.0 10.0 14.990226745605469
      vertex 20.0 9.0 14.990226745605469
    endloop
  endfacet
  facet normal 0.0 0.0 1.0
    outer loop
      vertex 20.0 9.0 15.015027046203613
      vertex 19.0 10.0 15.015027046203613
      vertex 19.0 9.0 15.015027046203613
    endloop
  endfacet
  facet normal 0.0 0.0 1.0
    outer loop
      vertex 20.0 10.0 15.015027046203613
      vertex 19.0 10.0 15.015027046203613
      vertex 20.0 9.0 15.015027046203613
    endloop
  endfacet
  facet normal 0.0 0.0 -1.0
    outer loop
      vertex 19.0 11.0 14.990226745605469
      vertex 20.0 10.0 14.990226745605469
      vertex 19.0 10.0 14.990226745605469
    endloop
  endfacet
  facet normal 0.0 0.0 -1.0
    outer loop
      vertex 19.0 11.0 14.990226745605469
      vertex 20.0 11.0 14.990226745605469
      vertex 20.0 10.0 14.990226745605469
    endloop
  endfacet
  facet normal 0.0 0.0 1.0
    outer loop
      vertex 20.0 10.0 15.015027046203613
      vertex 19.0 11.0 15.015027046203613
      vertex 19.0 10.0 15.015027046203613
    endloop
  endfacet
  facet normal 0.0 0.0 1.0
    outer loop
      vertex 20.0 11.0 15.015027046203613
      vertex 19.0 11.0 15.015027046203613
      vertex 20.0 10.0 15.015027046203613
    endloop
  endfacet
  facet normal 0.0 0.0 -1.0
    outer loop
      vertex 19.0 12.0 14.990226745605469
      vertex 20.0 11.0 14.990226745605469
      vertex 19.0 11.0 14.990226745605469
    endloop
  endfacet
  facet normal 0.0 0.0 -1.0
    outer loop
      vertex 19.0 12.0 14.990226745605469
      vertex 20.0 12.0 14.990226745605469
      vertex 20.0 11.0 14.990226745605469
    endloop
  endfacet
  facet normal 0.0 0.0 1.0
    outer loop
      vertex 20.0 11.0 15.015027046203613
      vertex 19.0 12.0 15.015027046203613
      vertex 19.0 11.0 15.015027046203613
    endloop
  endfacet
  facet normal 0.0 0.0 1.0
    outer loop
      vertex 20.0 12.0 15.015027046203613
      vertex 19.0 12.0 15.015027046203613
      vertex 20.0 11.0 15.015027046203613
    endloop
  endfacet
  facet normal 0.0 0.0 -1.0
    outer loop
      vertex 19.0 13.0 14.990226745605469
      vertex 20.0 12.0 14.990226745605469
      vertex 19.0 12.0 14.990226745605469
    endloop
  endfacet
  facet normal 0.0 0.0 -1.0
    outer loop
      vertex 19.0 13.0 14.990226745605469
      vertex 20.0 13.0 14.990226745605469
      vertex 20.0 12.0 14.990226745605469
    endloop
  endfacet
  facet normal 0.0 0.0 1.0
    outer loop
      vertex 20.0 12.0 15.015027046203613
      vertex 19.0 13.0 15.015027046203613
      vertex 19.0 12.0 15.015027046203613
    endloop
  endfacet
  facet normal 0.0 0.0 1.0
    outer loop
      vertex 20.0 13.0 15.015027046203613
      vertex 19.0 13.0 15.015027046203613
      vertex 20.0 12.0 15.015027046203613
    endloop
  endfacet
  facet normal 0.0 0.0 -1.0
    outer loop
      vertex 19.0 14.0 14.990226745605469
      vertex 20.0 13.0 14.990226745605469
      vertex 19.0 13.0 14.990226745605469
    endloop
  endfacet
  facet normal 0.0 0.0 -1.0
    outer loop
      vertex 19.0 14.0 14.990226745605469
      vertex 20.0 14.0 14.990226745605469
      vertex 20.0 13.0 14.990226745605469
    endloop
  endfacet
  facet normal 0.0 0.0 1.0
    outer loop
      vertex 20.0 13.0 15.015027046203613
      vertex 19.0 14.0 15.015027046203613
      vertex 19.0 13.0 15.015027046203613
    endloop
  endfacet
  facet normal 0.0 0.0 1.0
    outer loop
      vertex 20.0 14.0 15.015027046203613
      vertex 19.0 14.0 15.015027046203613
      vertex 20.0 13.0 15.015027046203613
    endloop
  endfacet
  facet normal 0.0 0.0 -1.0
    outer loop
      vertex 19.0 15.0 14.990226745605469
      vertex 20.0 14.0 14.990226745605469
      vertex 19.0 14.0 14.990226745605469
    endloop
  endfacet
  facet normal 0.0 0.0 -1.0
    outer loop
      vertex 19.0 15.0 14.990226745605469
      vertex 20.0 15.0 14.990226745605469
      vertex 20.0 14.0 14.990226745605469
    endloop
  endfacet
  facet normal 0.0 0.0 1.0
    outer loop
      vertex 20.0 14.0 15.015027046203613
      vertex 19.0 15.0 15.015027046203613
      vertex 19.0 14.0 15.015027046203613
    endloop
  endfacet
  facet normal 0.0 0.0 1.0
    outer loop
      vertex 20.0 15.0 15.015027046203613
      vertex 19.0 15.0 15.015027046203613
      vertex 20.0 14.0 15.015027046203613
    endloop
  endfacet
  facet normal 0.0 0.0 -1.0
    outer loop
      vertex 19.0 16.0 14.990226745605469
      vertex 20.0 15.0 14.990226745605469
      vertex 19.0 15.0 14.990226745605469
    endloop
  endfacet
  facet normal 0.0 0.0 -1.0
    outer loop
      vertex 19.0 16.0 14.990226745605469
      vertex 20.0 16.0 14.990226745605469
      vertex 20.0 15.0 14.990226745605469
    endloop
  endfacet
  facet normal 0.0 0.0 1.0
    outer loop
      vertex 20.0 15.0 15.015027046203613
      vertex 19.0 16.0 15.015027046203613
      vertex 19.0 15.0 15.015027046203613
    endloop
  endfacet
  facet normal 0.0 0.0 1.0
    outer loop
      vertex 20.0 16.0 15.015027046203613
      vertex 19.0 16.0 15.015027046203613
      vertex 20.0 15.0 15.015027046203613
    endloop
  endfacet
  facet normal 0.0 0.0 -1.0
    outer loop
      vertex 19.0 17.0 14.990226745605469
      vertex 20.0 16.0 14.990226745605469
      vertex 19.0 16.0 14.990226745605469
    endloop
  endfacet
  facet normal 0.0 0.0 -1.0
    outer loop
      vertex 19.0 17.0 14.990226745605469
      vertex 20.0 17.0 14.990226745605469
      vertex 20.0 16.0 14.990226745605469
    endloop
  endfacet
  facet normal 0.0 0.0 1.0
    outer loop
      vertex 20.0 16.0 15.015027046203613
      vertex 19.0 17.0 15.015027046203613
      vertex 19.0 16.0 15.015027046203613
    endloop
  endfacet
  facet normal 0.0 0.0 1.0
    outer loop
      vertex 20.0 17.0 15.015027046203613
      vertex 19.0 17.0 15.015027046203613
      vertex 20.0 16.0 15.015027046203613
    endloop
  endfacet
  facet normal 0.0 0.0 -1.0
    outer loop
      vertex 19.0 18.0 14.990226745605469
      vertex 20.0 17.0 14.990226745605469
      vertex 19.0 17.0 14.990226745605469
    endloop
  endfacet
  facet normal 0.0 0.0 -1.0
    outer loop
      vertex 19.0 18.0 14.990226745605469
      vertex 20.0 18.0 14.990226745605469
      vertex 20.0 17.0 14.990226745605469
    endloop
  endfacet
  facet normal 0.0 0.0 1.0
    outer loop
      vertex 20.0 17.0 15.015027046203613
      vertex 19.0 18.0 15.015027046203613
      vertex 19.0 17.0 15.015027046203613
    endloop
  endfacet
  facet normal 0.0 0.0 1.0
    outer loop
      vertex 20.0 18.0 15.015027046203613
      vertex 19.0 18.0 15.015027046203613
      vertex 20.0 17.0 15.015027046203613
    endloop
  endfacet
  facet normal 0.0 0.0 -1.0
    outer loop
      vertex 19.0 19.0 14.990226745605469
      vertex 20.0 18.0 14.990226745605469
      vertex 19.0 18.0 14.990226745605469
    endloop
  endfacet
  facet normal 0.0 0.0 -1.0
    outer loop
      vertex 19.0 19.0 14.990226745605469
      vertex 20.0 19.0 14.990226745605469
      vertex 20.0 18.0 14.990226745605469
    endloop
  endfacet
  facet normal 0.0 0.0 1.0
    outer loop
      vertex 20.0 18.0 15.015027046203613
      vertex 19.0 19.0 15.015027046203613
      vertex 19.0 18.0 15.015027046203613
    endloop
  endfacet
  facet normal 0.0 0.0 1.0
    outer loop
      vertex 20.0 19.0 15.015027046203613
      vertex 19.0 19.0 15.015027046203613
      vertex 20.0 18.0 15.015027046203613
    endloop
  endfacet
  facet normal 0.0 0.0 -1.0
    outer loop
      vertex 19.0 20.0 14.990226745605469
      vertex 20.0 19.0 14.990226745605469
      vertex 19.0 19.0 14.990226745605469
    endloop
  endfacet
  facet normal 0.0 0.0 -1.0
    outer loop
      vertex 19.0 20.0 14.990226745605469
      vertex 20.0 20.0 14.990226745605469
      vertex 20.0 19.0 14.990226745605469
    endloop
  endfacet
  facet normal 0.0 0.0 1.0
    outer loop
      vertex 20.0 19.0 15.015027046203613
      vertex 19.0 20.0 15.015027046203613
      vertex 19.0 19.0 15.015027046203613
    endloop
  endfacet
  facet normal 0.0 0.0 1.0
    outer loop
      vertex 20.0 20.0 15.015027046203613
      vertex 19.0 20.0 15.015027046203613
      vertex 20.0 19.0 15.015027046203613
    endloop
  endfacet
  facet normal 0.0 0.7040086388587952 -0.7101913690567017
    outer loop
      vertex 20.0 20.009859085083008 15.0
      vertex 20.0 20.0 14.990226745605469
      vertex 19.0 20.0 14.990226745605469
    endloop
  endfacet
  facet normal 0.0 0.7040086388587952 -0.7101913690567017
    outer loop
      vertex 20.0 20.009859085083008 15.0
      vertex 19.0 20.0 14.990226745605469
      vertex 19.0 20.009859085083008 15.0
    endloop
  endfacet
  facet normal 0.0 0.8361095190048218 0.5485625863075256
    outer loop
      vertex 19.0 20.009859085083008 15.0
      vertex 19.0 20.0 15.015027046203613
      vertex 20.0 20.0 15.015027046203613
    endloop
  endfacet
  facet normal -0.0 0.8361095190048218 0.5485625863075256
    outer loop
      vertex 19.0 20.009859085083008 15.0
      vertex 20.0 20.0 15.015027046203613
      vertex 20.0 20.009859085083008 15.0
    endloop
  endfacet
  facet normal 0.5756739974021912 -0.5756322145462036 -0.5807297229766846
    outer loop
      vertex 20.0 3.0 14.990226745605469
      vertex 20.009859085083008 3.0 15.0
      vertex 20.0 2.990140199661255 15.0
    endloop
  endfacet
  facet normal 0.641459584236145 -0.6414130926132202 0.4208548367023468
    outer loop
      vertex 20.009859085083008 3.0 15.0
      vertex 20.0 3.0 15.015027046203613
      vertex 20.0 2.990140199661255 15.0
    endloop
  endfacet
  facet normal 0.7040086388587952 0.0 -0.7101913690567017
    outer loop
      vertex 20.0 4.0 14.990226745605469
      vertex 20.009859085083008 4.0 15.0
      vertex 20.009859085083008 3.0 15.0
    endloop
  endfacet
  facet normal 0.7040086388587952 0.0 -0.7101913690567017
    outer loop
      vertex 20.0 4.0 14.990226745605469
      vertex 20.009859085083008 3.0 15.0
      vertex 20.0 3.0 14.990226745605469
    endloop
  endfacet
  facet normal 0.8361095190048218 0.0 0.5485625863075256
    outer loop
      vertex 20.009859085083008 4.0 15.0
      vertex 20.0 4.0 15.015027046203613
      vertex 20.0 3.0 15.015027046203613
    endloop
  endfacet
  facet normal 0.8361095190048218 0.0 0.5485625863075256
    outer loop
      vertex 20.009859085083008 4.0 15.0
      vertex 20.0 3.0 15.015027046203613
      vertex 20.009859085083008 3.0 15.0
    endloop
  endfacet
  facet normal 0.7040086388587952 0.0 -0.7101913690567017
    outer loop
      vertex 20.0 5.0 14.990226745605469
      vertex 20.009859085083008 5.0 15.0
      vertex 20.009859085083008 4.0 15.0
    endloop
  endfacet
  facet normal 0.7040086388587952 0.0 -0.7101913690567017
    outer loop
      vertex 20.0 5.0 14.990226745605469
      vertex 20.009859085083008 4.0 15.0
      vertex 20.0 4.0 14.990226745605469
    endloop
  endfacet
  facet normal 0.8361095190048218 0.0 0.5485625863075256
    outer loop
      vertex 20.009859085083008 5.0 15.0
      vertex 20.0 5.0 15.015027046203613
      vertex 20.0 4.0 15.015027046203613
    endloop
  endfacet
  facet normal 0.8361095190048218 0.0 0.5485625863075256
    outer loop
      vertex 20.009859085083008 5.0 15.0
      vertex 20.0 4.0 15.015027046203613
      vertex 20.009859085083008 4.0 15.0
    endloop
  endfacet
  facet normal 0.7040086388587952 0.0 -0.7101913690567017
    outer loop
      vertex 20.0 6.0 14.990226745605469
      vertex 20.009859085083008 6.0 15.0
      vertex 20.009859085083008 5.0 15.0
    endloop
  endfacet
  facet normal 0.7040086388587952 0.0 -0.7101913690567017
    outer loop
      vertex 20.0 6.0 14.990226745605469
      vertex 20.009859085083008 5.0 15.0
      vertex 20.0 5.0 14.990226745605469
    endloop
  endfacet
  facet normal 0.8361095190048218 0.0 0.5485625863075256
    outer loop
      vertex 20.009859085083008 6.0 15.0
      vertex 20.0 6.0 15.015027046203613
      vertex 20.0 5.0 15.015027046203613
    endloop
  endfacet
  facet normal 0.8361095190048218 0.0 0.5485625863075256
    outer loop
      vertex 20.009859085083008 6.0 15.0
      vertex 20.0 5.0 15.015027046203613
      vertex 20.009859085083008 5.0 15.0
    endloop
  endfacet
  facet normal 0.7040086388587952 0.0 -0.7101913690567017
    outer loop
      vertex 20.0 7.0 14.990226745605469
      vertex 20.009859085083008 7.0 15.0
      vertex 20.009859085083008 6.0 15.0
    endloop
  endfacet
  facet normal 0.7040086388587952 0.0 -0.7101913690567017
    outer loop
      vertex 20.0 7.0 14.990226745605469
      vertex 20.009859085083008 6.0 15.0
      vertex 20.0 6.0 14.990226745605469
    endloop
  endfacet
  facet normal 0.8361095190048218 0.0 0.5485625863075256
    outer loop
      vertex 20.009859085083008 7.0 15.0
      vertex 20.0 7.0 15.015027046203613
      vertex 20.0 6.0 15.015027046203613
    endloop
  endfacet
  facet normal 0.8361095190048218 0.0 0.5485625863075256
    outer loop
      vertex 20.009859085083008 7.0 15.0
      vertex 20.0 6.0 15.015027046203613
      vertex 20.009859085083008 6.0 15.0
    endloop
  endfacet
  facet normal 0.7040086388587952 0.0 -0.7101913690567017
    outer loop
      vertex 20.0 8.0 14.990226745605469
      vertex 20.009859085083008 8.0 15.0
      vertex 20.009859085083008 7.0 15.0
    endloop
  endfacet
  facet normal 0.7040086388587952 0.0 -0.7101913690567017
    outer loop
      vertex 20.0 8.0 14.990226745605469
      vertex 20.009859085083008 7.0 15.0
      vertex 20.0 7.0 14.990226745605469
    endloop
  endfacet
  facet normal 0.8361095190048218 0.0 0.5485625863075256
    outer loop
      vertex 20.009859085083008 8.0 15.0
      vertex 20.0 8.0 15.015027046203613
      vertex 20.0 7.0 15.015027046203613
    endloop
  endfacet
  facet normal 0.8361095190048218 0.0 0.5485625863075256
    outer loop
      vertex 20.009859085083008 8.0 15.0
      vertex 20.0 7.0 15.015027046203613
      vertex 20.009859085083008 7.0 15.0
    endloop
  endfacet
  facet normal 0.7040086388587952 0.0 -0.7101913690567017
    outer loop
      vertex 20.0 9.0 14.990226745605469
      vertex 20.009859085083008 9.0 15.0
      vertex 20.009859085083008 8.0 15.0
    endloop
  endfacet
  facet normal 0.7040086388587952 0.0 -0.7101913690567017
    outer loop
      vertex 20.0 9.0 14.990226745605469
      vertex 20.009859085083008 8.0 15.0
      vertex 20.0 8.0 14.990226745605469
    endloop
  endfacet
  facet normal 0.8361095190048218 0.0 0.5485625863075256
    outer loop
      vertex 20.009859085083008 9.0 15.0
      vertex 20.0 9.0 15.015027046203613
      vertex 20.0 8.0 15.015027046203613
    endloop
  endfacet
  facet normal 0.8361095190048218 0.0 0.5485625863075256
    outer loop
      vertex 20.009859085083008 9.0 15.0
      vertex 20.0 8.0 15.015027046203613
      vertex 20.009859085083008 8.0 15.0
    endloop
  endfacet
  facet normal 0.7040086388587952 0.0 -0.7101913690567017
    outer loop
      vertex 20.0 10.0 14.990226745605469
      vertex 20.009859085083008 10.0 15.0
      vertex 20.009859085083008 9.0 15.0
    endloop
  endfacet
  facet normal 0.7040086388587952 0.0 -0.7101913690567017
    outer loop
      vertex 20.0 10.0 14.990226745605469
      vertex 20.009859085083008 9.0 15.0
      vertex 20.0 9.0 14.990226745605469
    endloop
  endfacet
  facet normal 0.8361095190048218 0.0 0.5485625863075256
    outer loop
      vertex 20.009859085083008 10.0 15.0
      vertex 20.0 10.0 15.015027046203613
      vertex 20.0 9.0 15.015027046203613
    endloop
  endfacet
  facet normal 0.8361095190048218 0.0 0.5485625863075256
    outer loop
      vertex 20.009859085083008 10.0 15.0
      vertex 20.0 9.0 15.015027046203613
      vertex 20.009859085083008 9.0 15.0
    endloop
  endfacet
  facet normal 0.7040086388587952 0.0 -0.7101913690567017
    outer loop
      vertex 20.0 11.0 14.990226745605469
      vertex 20.009859085083008 11.0 15.0
      vertex 20.009859085083008 10.0 15.0
    endloop
  endfacet
  facet normal 0.7040086388587952 0.0 -0.7101913690567017
    outer loop
      vertex 20.0 11.0 14.990226745605469
      vertex 20.009859085083008 10.0 15.0
      vertex 20.0 10.0 14.990226745605469
    endloop
  endfacet
  facet normal 0.8361095190048218 0.0 0.5485625863075256
    outer loop
      vertex 20.009859085083008 11.0 15.0
      vertex 20.0 11.0 15.015027046203613
      vertex 20.0 10.0 15.015027046203613
    endloop
  endfacet
  facet normal 0.8361095190048218 0.0 0.5485625863075256
    outer loop
      vertex 20.009859085083008 11.0 15.0
      vertex 20.0 10.0 15.015027046203613
      vertex 20.009859085083008 10.0 15.0
    endloop
  endfacet
  facet normal 0.7040086388587952 0.0 -0.7101913690567017
    outer loop
      vertex 20.0 12.0 14.990226745605469
      vertex 20.009859085083008 12.0 15.0
      vertex 20.009859085083008 11.0 15.0
    endloop
  endfacet
  facet normal 0.7040086388587952 0.0 -0.7101913690567017
    outer loop
      vertex 20.0 12.0 14.990226745605469
      vertex 20.009859085083008 11.0 15.0
      vertex 20.0 11.0 14.990226745605469
    endloop
  endfacet
  facet normal 0.8361095190048218 0.0 0.5485625863075256
    outer loop
      vertex 20.009859085083008 12.0 15.0
      vertex 20.0 12.0 15.015027046203613
      vertex 20.0 11.0 15.015027046203613
    endloop
  endfacet
  facet normal 0.8361095190048218 0.0 0.5485625863075256
    outer loop
      vertex 20.009859085083008 12.0 15.0
      vertex 20.0 11.0 15.015027046203613
      vertex 20.009859085083008 11.0 15.0
    endloop
  endfacet
  facet normal 0.7040086388587952 0.0 -0.7101913690567017
    outer loop
      vertex 20.0 13.0 14.990226745605469
      vertex 20.009859085083008 13.0 15.0
      vertex 20.009859085083008 12.0 15.0
    endloop
  endfacet
  facet normal 0.7040086388587952 0.0 -0.7101913690567017
    outer loop
      vertex 20.0 13.0 14.990226745605469
      vertex 20.009859085083008 12.0 15.0
      vertex 20.0 12.0 14.990226745605469
    endloop
  endfacet
  facet normal 0.8361095190048218 0.0 0.5485625863075256
    outer loop
      vertex 20.009859085083008 13.0 15.0
      vertex 20.0 13.0 15.015027046203613
      vertex 20.0 12.0 15.015027046203613
    endloop
  endfacet
  facet normal 0.8361095190048218 0.0 0.5485625863075256
    outer loop
      vertex 20.009859085083008 13.0 15.0
      vertex 20.0 12.0 15.015027046203613
      vertex 20.009859085083008 12.0 15.0
    endloop
  endfacet
  facet normal 0.7040086388587952 0.0 -0.7101913690567017
    outer loop
      vertex 20.0 14.0 14.990226745605469
      vertex 20.009859085083008 14.0 15.0
      vertex 20.009859085083008 13.0 15.0
    endloop
  endfacet
  facet normal 0.7040086388587952 0.0 -0.7101913690567017
    outer loop
      vertex 20.0 14.0 14.990226745605469
      vertex 20.009859085083008 13.0 15.0
      vertex 20.0 13.0 14.990226745605469
    endloop
  endfacet
  facet normal 0.8361095190048218 0.0 0.5485625863075256
    outer loop
      vertex 20.009859085083008 14.0 15.0
      vertex 20.0 14.0 15.015027046203613
      vertex 20.0 13.0 15.015027046203613
    endloop
  endfacet
  facet normal 0.8361095190048218 0.0 0.5485625863075256
    outer loop
      vertex 20.009859085083008 14.0 15.0
      vertex 20.0 13.0 15.015027046203613
      vertex 20.009859085083008 13.0 15.0
    endloop
  endfacet
  facet normal 0.7040086388587952 0.0 -0.7101913690567017
    outer loop
      vertex 20.0 15.0 14.990226745605469
      vertex 20.009859085083008 15.0 15.0
      vertex 20.009859085083008 14.0 15.0
    endloop
  endfacet
  facet normal 0.7040086388587952 0.0 -0.7101913690567017
    outer loop
      vertex 20.0 15.0 14.990226745605469
      vertex 20.009859085083008 14.0 15.0
      vertex 20.0 14.0 14.990226745605469
    endloop
  endfacet
  facet normal 0.8361095190048218 0.0 0.5485625863075256
    outer loop
      vertex 20.009859085083008 15.0 15.0
      vertex 20.0 15.0 15.015027046203613
      vertex 20.0 14.0 15.015027046203613
    endloop
  endfacet
  facet normal 0.8361095190048218 0.0 0.5485625863075256
    outer loop
      vertex 20.009859085083008 15.0 15.0
      vertex 20.0 14.0 15.015027046203613
      vertex 20.009859085083008 14.0 15.0
    endloop
  endfacet
  facet normal 0.7040086388587952 0.0 -0.7101913690567017
    outer loop
      vertex 20.0 16.0 14.990226745605469
      vertex 20.009859085083008 16.0 15.0
      vertex 20.009859085083008 15.0 15.0
    endloop
  endfacet
  facet normal 0.7040086388587952 0.0 -0.7101913690567017
    outer loop
      vertex 20.0 16.0 14.990226745605469
      vertex 20.009859085083008 15.0 15.0
      vertex 20.0 15.0 14.990226745605469
    endloop
  endfacet
  facet normal 0.8361095190048218 0.0 0.5485625863075256
    outer loop
      vertex 20.009859085083008 16.0 15.0
      vertex 20.0 16.0 15.015027046203613
      vertex 20.0 15.0 15.015027046203613
    endloop
  endfacet
  facet normal 0.8361095190048218 0.0 0.5485625863075256
    outer loop
      vertex 20.009859085083008 16.0 15.0
      vertex 20.0 15.0 15.015027046203613
      vertex 20.009859085083008 15.0 15.0
    endloop
  endfacet
  facet normal 0.7040086388587952 0.0 -0.7101913690567017
    outer loop
      vertex 20.0 17.0 14.990226745605469
      vertex 20.009859085083008 17.0 15.0
      vertex 20.009859085083008 16.0 15.0
    endloop
  endfacet
  facet normal 0.7040086388587952 0.0 -0.7101913690567017
    outer loop
      vertex 20.0 17.0 14.990226745605469
      vertex 20.009859085083008 16.0 15.0
      vertex 20.0 16.0 14.990226745605469
    endloop
  endfacet
  facet normal 0.8361095190048218 0.0 0.5485625863075256
    outer loop
      vertex 20.009859085083008 17.0 15.0
      vertex 20.0 17.0 15.015027046203613
      vertex 20.0 16.0 15.015027046203613
    endloop
  endfacet
  facet normal 0.8361095190048218 0.0 0.5485625863075256
    outer loop
      vertex 20.009859085083008 17.0 15.0
      vertex 20.0 16.0 15.015027046203613
      vertex 20.009859085083008 16.0 15.0
    endloop
  endfacet
  facet normal 0.7040086388587952 0.0 -0.7101913690567017
    outer loop
      vertex 20.0 18.0 14.990226745605469
      vertex 20.009859085083008 18.0 15.0
      vertex 20.009859085083008 17.0 15.0
    endloop
  endfacet
  facet normal 0.7040086388587952 0.0 -0.7101913690567017
    outer loop
      vertex 20.0 18.0 14.990226745605469
      vertex 20.009859085083008 17.0 15.0
      vertex 20.0 17.0 14.990226745605469
    endloop
  endfacet
  facet normal 0.8361095190048218 0.0 0.5485625863075256
    outer loop
      vertex 20.009859085083008 18.0 15.0
      vertex 20.0 18.0 15.015027046203613
      vertex 20.0 17.0 15.015027046203613
    endloop
  endfacet
  facet normal 0.8361095190048218 0.0 0.5485625863075256
    outer loop
      vertex 20.009859085083008 18.0 15.0
      vertex 20.0 17.0 15.015027046203613
      vertex 20.009859085083008 17.0 15.0
    endloop
  endfacet
  facet normal 0.7040086388587952 0.0 -0.7101913690567017
    outer loop
      vertex 20.0 19.0 14.990226745605469
      vertex 20.009859085083008 19.0 15.0
      vertex 20.009859085083008 18.0 15.0
    endloop
  endfacet
  facet normal 0.7040086388587952 0.0 -0.7101913690567017
    outer loop
      vertex 20.0 19.0 14.990226745605469
      vertex 20.009859085083008 18.0 15.0
      vertex 20.0 18.0 14.990226745605469
    endloop
  endfacet
  facet normal 0.8361095190048218 0.0 0.5485625863075256
    outer loop
      vertex 20.009859085083008 19.0 15.0
      vertex 20.0 19.0 15.015027046203613
      vertex 20.0 18.0 15.015027046203613
    endloop
  endfacet
  facet normal 0.8361095190048218 0.0 0.5485625863075256
    outer loop
      vertex 20.009859085083008 19.0 15.0
      vertex 20.0 18.0 15.015027046203613
      vertex 20.009859085083008 18.0 15.0
    endloop
  endfacet
  facet normal 0.7040086388587952 0.0 -0.7101913690567017
    outer loop
      vertex 20.0 20.0 14.990226745605469
      vertex 20.009859085083008 20.0 15.0
      vertex 20.009859085083008 19.0 15.0
    endloop
  endfacet
  facet normal 0.7040086388587952 0.0 -0.7101913690567017
    outer loop
      vertex 20.0 20.0 14.990226745605469
      vertex 20.009859085083008 19.0 15.0
      vertex 20.0 19.0 14.990226745605469
    endloop
  endfacet
  facet normal 0.8361095190048218 0.0 0.5485625863075256
    outer loop
      vertex 20.009859085083008 20.0 15.0
      vertex 20.0 20.0 15.015027046203613
      vertex 20.0 19.0 15.015027046203613
    endloop
  endfacet
  facet normal 0.8361095190048218 0.0 0.5485625863075256
    outer loop
      vertex 20.009859085083008 20.0 15.0
      vertex 20.0 19.0 15.015027046203613
      vertex 20.009859085083008 19.0 15.0
    endloop
  endfacet
  facet normal 0.5756601691246033 0.5756601691246033 -0.5807157158851624
    outer loop
      vertex 20.0 20.009859085083008 15.0
      vertex 20.009859085083008 20.0 15.0
      vertex 20.0 20.0 14.990226745605469
    endloop
  endfacet
  facet normal 0.6414404511451721 0.6414404511451721 0.4208422303199768
    outer loop
      vertex 20.009859085083008 20.0 15.0
      vertex 20.0 20.009859085083008 15.0
      vertex 20.0 20.0 15.015027046203613
    endloop
  endfacet
endsolid labcem
