solid labcem
  facet normal 0.0 0.0 0.0
    outer loop
      vertex 8.0 12.0 18.0
      vertex 8.0 12.0 18.0
      vertex 8.0 12.0 18.0
    endloop
  endfacet
  facet normal 0.0 0.0 0.0
    outer loop
      vertex 8.0 12.0 18.0
      vertex 8.0 12.0 18.0
      vertex 8.0 12.0 18.0
    endloop
  endfacet
  facet normal 0.0 0.0 0.0
    outer loop
      vertex 8.0 12.0 18.0
      vertex 8.0 12.0 18.0
      vertex 8.0 13.0 18.0
    endloop
  endfacet
  facet normal 0.0 0.0 0.0
    outer loop
      vertex 8.0 12.0 18.0
      vertex 8.0 13.0 18.0
      vertex 8.0 13.0 18.0
    endloop
  endfacet
  facet normal 0.0 0.0 0.0
    outer loop
      vertex 8.0 12.0 18.0
      vertex 8.0 12.0 18.0
      vertex 8.0 13.0 18.0
    endloop
  endfacet
  facet normal 0.0 0.0 0.0
    outer loop
      vertex 8.0 12.0 18.0
      vertex 8.0 13.0 18.0
      vertex 8.0 13.0 18.0
    endloop
  endfacet
  facet normal 0.0 0.0 0.0
    outer loop
      vertex 8.0 13.0 18.0
      vertex 8.0 13.0 18.0
      vertex 8.0 14.0 18.0
    endloop
  endfacet
  facet normal 0.0 0.0 0.0
    outer loop
      vertex 8.0 13.0 18.0
      vertex 8.0 14.0 18.0
      vertex 8.0 14.0 18.0
    endloop
  endfacet
  facet normal 0.0 0.0 0.0
    outer loop
      vertex 8.0 13.0 18.0
      vertex 8.0 13.0 18.0
      vertex 8.0 14.0 18.0
    endloop
  endfacet
  facet normal 0.0 0.0 0.0
    outer loop
      vertex 8.0 13.0 18.0
      vertex 8.0 14.0 18.0
      vertex 8.0 14.0 18.0
    endloop
  endfacet
  facet normal 0.0 0.0 0.0
    outer loop
      vertex 8.0 14.0 18.0
      vertex 8.0 14.0 18.0
      vertex 8.0 15.0 18.0
    endloop
  endfacet
  facet normal 0.0 0.0 0.0
    outer loop
      vertex 8.0 14.0 18.0
      vertex 8.0 15.0 18.0
      vertex 8.0 15.0 18.0
    endloop
  endfacet
  facet normal 0.0 0.0 0.0
    outer loop
      vertex 8.0 14.0 18.0
      vertex 8.0 14.0 18.0
      vertex 8.0 15.0 18.0
    endloop
  endfacet
  facet normal 0.0 0.0 0.0
    outer loop
      vertex 8.0 14.0 18.0
      vertex 8.0 15.0 18.0
      vertex 8.0 15.0 18.0
    endloop
  endfacet
  facet normal 0.0 0.0 0.0
    outer loop
      vertex 8.0 15.0 18.0
      vertex 8.0 15.0 18.0
      vertex 8.0 16.0 18.0
    endloop
  endfacet
  facet normal 0.0 0.0 0.0
    outer loop
      vertex 8.0 15.0 18.0
      vertex 8.0 16.0 18.0
      vertex 8.0 16.0 18.0
    endloop
  endfacet
  facet normal 0.0 0.0 0.0
    outer loop
      vertex 8.0 15.0 18.0
      vertex 8.0 15.0 18.0
      vertex 8.0 16.0 18.0
    endloop
  endfacet
  facet normal 0.0 0.0 0.0
    outer loop
      vertex 8.0 15.0 18.0
      vertex 8.0 16.0 18.0
      vertex 8.0 16.0 18.0
    endloop
  endfacet
  facet normal 0.0 0.0 0.0
    outer loop
      vertex 8.0 16.0 18.0
      vertex 8.0 16.0 18.0
      vertex 8.0 17.0 18.0
    endloop
  endfacet
  facet normal 0.0 0.0 0.0
    outer loop
      vertex 8.0 16.0 18.0
      vertex 8.0 17.0 18.0
      vertex 8.0 17.0 18.0
    endloop
  endfacet
  facet normal 0.0 0.0 0.0
    outer loop
      vertex 8.0 16.0 18.0
      vertex 8.0 16.0 18.0
      vertex 8.0 17.0 18.0
    endloop
  endfacet
  facet normal 0.0 0.0 0.0
    outer loop
      vertex 8.0 16.0 18.0
      vertex 8.0 17.0 18.0
      vertex 8.0 17.0 18.0
    endloop
  endfacet
  facet normal 0.0 0.0 0.0
    outer loop
      vertex 8.0 17.0 18.0
      vertex 8.0 17.0 18.0
      vertex 8.0 18.0 18.0
    endloop
  endfacet
  facet normal 0.0 0.0 0.0
    outer loop
      vertex 8.0 17.0 18.0
      vertex 8.0 18.0 18.0
      vertex 8.0 18.0 18.0
    endloop
  endfacet
  facet normal 0.0 0.0 0.0
    outer loop
      vertex 8.0 17.0 18.0
      vertex 8.0 17.0 18.0
      vertex 8.0 18.0 18.0
    endloop
  endfacet
  facet normal 0.0 0.0 0.0
    outer loop
      vertex 8.0 17.0 18.0
      vertex 8.0 18.0 18.0
      vertex 8.0 18.0 18.0
    endloop
  endfacet
  facet normal 0.0 0.0 0.0
    outer loop
      vertex 8.0 18.0 18.0
      vertex 8.0 18.0 18.0
      vertex 8.0 19.0 18.0
    endloop
  endfacet
  facet normal 0.0 0.0 0.0
    outer loop
      vertex 8.0 18.0 18.0
      vertex 8.0 19.0 18.0
      vertex 8.0 19.0 18.0
    endloop
  endfacet
  facet normal 0.0 0.0 0.0
    outer loop
      vertex 8.0 18.0 18.0
      vertex 8.0 18.0 18.0
      vertex 8.0 19.0 18.0
    endloop
  endfacet
  facet normal 0.0 0.0 0.0
    outer loop
      vertex 8.0 18.0 18.0
      vertex 8.0 19.0 18.0
      vertex 8.0 19.0 18.0
    endloop
  endfacet
  facet normal 0.0 0.0 0.0
    outer loop
      vertex 8.0 19.0 18.0
      vertex 8.0 19.0 18.0
      vertex 8.0 19.0 18.0
    endloop
  endfacet
  facet normal 0.0 0.0 0.0
    outer loop
      vertex 8.0 19.0 18.0
      vertex 8.0 19.0 18.0
      vertex 8.0 19.0 18.0
    endloop
  endfacet
  facet normal 0.0 0.0 0.0
    outer loop
      vertex 9.0 10.0 18.0
      vertex 9.0 10.0 18.0
      vertex 9.0 10.0 18.0
    endloop
  endfacet
  facet normal 0.0 0.0 0.0
    outer loop
      vertex 9.0 10.0 18.0
      vertex 9.0 10.0 18.0
      vertex 9.0 10.0 18.0
    endloop
  endfacet
  facet normal 0.0 0.0 0.0
    outer loop
      vertex 9.0 10.0 18.0
      vertex 9.0 10.0 18.0
      vertex 9.0 11.0 18.0
    endloop
  endfacet
  facet normal 0.0 0.0 0.0
    outer loop
      vertex 9.0 10.0 18.0
      vertex 9.0 11.0 18.0
      vertex 9.0 11.0 18.0
    endloop
  endfacet
  facet normal 0.0 0.0 0.0
    outer loop
      vertex 9.0 10.0 18.0
      vertex 9.0 10.0 18.0
      vertex 9.0 11.0 18.0
    endloop
  endfacet
  facet normal 0.0 0.0 0.0
    outer loop
      vertex 9.0 10.0 18.0
      vertex 9.0 11.0 18.0
      vertex 9.0 11.0 18.0
    endloop
  endfacet
  facet normal 0.0 0.0 0.0
    outer loop
      vertex 9.0 12.0 17.0
      vertex 9.0 12.0 17.0
      vertex 9.0 12.0 17.0
    endloop
  endfacet
  facet normal 0.0 0.0 0.0
    outer loop
      vertex 9.0 12.0 17.0
      vertex 9.0 12.0 17.0
      vertex 9.0 11.0 18.0
    endloop
  endfacet
  facet normal 0.0 0.0 0.0
    outer loop
      vertex 9.0 12.0 17.0
      vertex 9.0 11.0 18.0
      vertex 9.0 11.0 18.0
    endloop
  endfacet
  facet normal -0.5773502588272095 -0.5773502588272095 -0.5773502588272095
    outer loop
      vertex 8.0 12.0 18.0
      vertex 9.0 12.0 17.0
      vertex 9.0 11.0 18.0
    endloop
  endfacet
  facet normal 0.0 0.0 0.0
    outer loop
      vertex 8.0 12.0 18.0
      vertex 8.0 12.0 18.0
      vertex 9.0 11.0 18.0
    endloop
  endfacet
  facet normal 0.0 0.0 0.0
    outer loop
      vertex 8.0 12.0 18.0
      vertex 8.0 12.0 18.0
      vertex 9.0 11.0 18.0
    endloop
  endfacet
  facet normal 0.0 0.0 0.0
    outer loop
      vertex 9.0 11.0 18.0
      vertex 8.0 12.0 18.0
      vertex 9.0 11.0 18.0
    endloop
  endfacet
  facet normal 0.0 0.0 1.0
    outer loop
      vertex 9.0 12.0 18.0
      vertex 8.0 12.0 18.0
      vertex 9.0 11.0 18.0
    endloop
  endfacet
  facet normal 0.0 0.0 0.0
    outer loop
      vertex 9.0 12.0 17.0
      vertex 9.0 12.0 17.0
      vertex 9.0 13.0 17.0
    endloop
  endfacet
  facet normal 0.0 0.0 0.0
    outer loop
      vertex 9.0 12.0 17.0
      vertex 9.0 13.0 17.0
      vertex 9.0 13.0 17.0
    endloop
  endfacet
  facet normal -0.7071067690849304 -0.0 -0.7071067690849304
    outer loop
      vertex 8.0 13.0 18.0
      vertex 9.0 13.0 17.0
      vertex 8.0 12.0 18.0
    endloop
  endfacet
  facet normal -0.7071067690849304 0.0 -0.7071067690849304
    outer loop
      vertex 8.0 12.0 18.0
      vertex 9.0 13.0 17.0
      vertex 9.0 12.0 17.0
    endloop
  endfacet
  facet normal 0.0 0.0 1.0
    outer loop
      vertex 9.0 12.0 18.0
      vertex 8.0 13.0 18.0
      vertex 8.0 12.0 18.0
    endloop
  endfacet
  facet normal 0.0 0.0 1.0
    outer loop
      vertex 9.0 13.0 18.0
      vertex 8.0 13.0 18.0
      vertex 9.0 12.0 18.0
    endloop
  endfacet
  facet normal 0.0 0.0 0.0
    outer loop
      vertex 9.0 13.0 17.0
      vertex 9.0 13.0 17.0
      vertex 9.0 14.0 17.0
    endloop
  endfacet
  facet normal 0.0 0.0 0.0
    outer loop
      vertex 9.0 13.0 17.0
      vertex 9.0 14.0 17.0
      vertex 9.0 14.0 17.0
    endloop
  endfacet
  facet normal -0.7071067690849304 -0.0 -0.7071067690849304
    outer loop
      vertex 8.0 14.0 18.0
      vertex 9.0 14.0 17.0
      vertex 8.0 13.0 18.0
    endloop
  endfacet
  facet normal -0.7071067690849304 0.0 -0.7071067690849304
    outer loop
      vertex 8.0 13.0 18.0
      vertex 9.0 14.0 17.0
      vertex 9.0 13.0 17.0
    endloop
  endfacet
  facet normal 0.0 0.0 1.0
    outer loop
      vertex 9.0 13.0 18.0
      vertex 8.0 14.0 18.0
      vertex 8.0 13.0 18.0
    endloop
  endfacet
  facet normal 0.0 0.0 1.0
    outer loop
      vertex 9.0 14.0 18.0
      vertex 8.0 14.0 18.0
      vertex 9.0 13.0 18.0
    endloop
  endfacet
  facet normal 0.0 0.0 0.0
    outer loop
      vertex 9.0 14.0 17.0
      vertex 9.0 14.0 17.0
      vertex 9.0 15.0 17.0
    endloop
  endfacet
  facet normal 0.0 0.0 0.0
    outer loop
      vertex 9.0 14.0 17.0
      vertex 9.0 15.0 17.0
      vertex 9.0 15.0 17.0
    endloop
  endfacet
  facet normal -0.7071067690849304 -0.0 -0.7071067690849304
    outer loop
      vertex 8.0 15.0 18.0
      vertex 9.0 15.0 17.0
      vertex 8.0 14.0 18.0
    endloop
  endfacet
  facet normal -0.7071067690849304 0.0 -0.7071067690849304
    outer loop
      vertex 8.0 14.0 18.0
      vertex 9.0 15.0 17.0
      vertex 9.0 14.0 17.0
    endloop
  endfacet
  facet normal 0.0 0.0 1.0
    outer loop
      vertex 9.0 14.0 18.0
      vertex 8.0 15.0 18.0
      vertex 8.0 14.0 18.0
    endloop
  endfacet
  facet normal 0.0 0.0 1.0
    outer loop
      vertex 9.0 15.0 18.0
      vertex 8.0 15.0 18.0
      vertex 9.0 14.0 18.0
    endloop
  endfacet
  facet normal 0.0 0.0 0.0
    outer loop
      vertex 9.0 15.0 17.0
      vertex 9.0 15.0 17.0
      vertex 9.0 16.0 17.0
    endloop
  endfacet
  facet normal 0.0 0.0 0.0
    outer loop
      vertex 9.0 15.0 17.0
      vertex 9.0 16.0 17.0
      vertex 9.0 16.0 17.0
    endloop
  endfacet
  facet normal -0.7071067690849304 -0.0 -0.7071067690849304
    outer loop
      vertex 8.0 16.0 18.0
      vertex 9.0 16.0 17.0
      vertex 8.0 15.0 18.0
    endloop
  endfacet
  facet normal -0.7071067690849304 0.0 -0.7071067690849304
    outer loop
      vertex 8.0 15.0 18.0
      vertex 9.0 16.0 17.0
      vertex 9.0 15.0 17.0
    endloop
  endfacet
  facet normal 0.0 0.0 1.0
    outer loop
      vertex 9.0 15.0 18.0
      vertex 8.0 16.0 18.0
      vertex 8.0 15.0 18.0
    endloop
  endfacet
  facet normal 0.0 0.0 1.0
    outer loop
      vertex 9.0 16.0 18.0
      vertex 8.0 16.0 18.0
      vertex 9.0 15.0 18.0
    endloop
  endfacet
  facet normal 0.0 0.0 0.0
    outer loop
      vertex 9.0 16.0 17.0
      vertex 9.0 16.0 17.0
      vertex 9.0 17.0 17.0
    endloop
  endfacet
  facet normal 0.0 0.0 0.0
    outer loop
      vertex 9.0 16.0 17.0
      vertex 9.0 17.0 17.0
      vertex 9.0 17.0 17.0
    endloop
  endfacet
  facet normal -0.7071067690849304 -0.0 -0.7071067690849304
    outer loop
      vertex 8.0 17.0 18.0
      vertex 9.0 17.0 17.0
      vertex 8.0 16.0 18.0
    endloop
  endfacet
  facet normal -0.7071067690849304 0.0 -0.7071067690849304
    outer loop
      vertex 8.0 16.0 18.0
      vertex 9.0 17.0 17.0
      vertex 9.0 16.0 17.0
    endloop
  endfacet
  facet normal 0.0 0.0 1.0
    outer loop
      vertex 9.0 16.0 18.0
      vertex 8.0 17.0 18.0
      vertex 8.0 16.0 18.0
    endloop
  endfacet
  facet normal 0.0 0.0 1.0
    outer loop
      vertex 9.0 17.0 18.0
      vertex 8.0 17.0 18.0
      vertex 9.0 16.0 18.0
    endloop
  endfacet
  facet normal 0.0 0.0 0.0
    outer loop
      vertex 9.0 17.0 17.0
      vertex 9.0 17.0 17.0
      vertex 9.0 18.0 17.0
    endloop
  endfacet
  facet normal 0.0 0.0 0.0
    outer loop
      vertex 9.0 17.0 17.0
      vertex 9.0 18.0 17.0
      vertex 9.0 18.0 17.0
    endloop
  endfacet
  facet normal -0.7071067690849304 -0.0 -0.7071067690849304
    outer loop
      vertex 8.0 18.0 18.0
      vertex 9.0 18.0 17.0
      vertex 8.0 17.0 18.0
    endloop
  endfacet
  facet normal -0.7071067690849304 0.0 -0.7071067690849304
    outer loop
      vertex 8.0 17.0 18.0
      vertex 9.0 18.0 17.0
      vertex 9.0 17.0 17.0
    endloop
  endfacet
  facet normal 0.0 0.0 1.0
    outer loop
      vertex 9.0 17.0 18.0
      vertex 8.0 18.0 18.0
      vertex 8.0 17.0 18.0
    endloop
  endfacet
  facet normal 0.0 0.0 1.0
    outer loop
      vertex 9.0 18.0 18.0
      vertex 8.0 18.0 18.0
      vertex 9.0 17.0 18.0
    endloop
  endfacet
  facet normal 0.0 0.0 0.0
    outer loop
      vertex 9.0 18.0 17.0
      vertex 9.0 18.0 17.0
      vertex 9.0 19.0 17.0
    endloop
  endfacet
  facet normal 0.0 0.0 0.0
    outer loop
      vertex 9.0 18.0 17.0
      vertex 9.0 19.0 17.0
      vertex 9.0 19.0 17.0
    endloop
  endfacet
  facet normal -0.7071067690849304 -0.0 -0.7071067690849304
    outer loop
      vertex 8.0 19.0 18.0
      vertex 9.0 19.0 17.0
      vertex 8.0 18.0 18.0
    endloop
  endfacet
  facet normal -0.7071067690849304 0.0 -0.7071067690849304
    outer loop
      vertex 8.0 18.0 18.0
      vertex 9.0 19.0 17.0
      vertex 9.0 18.0 17.0
    endloop
  endfacet
  facet normal 0.0 0.0 1.0
    outer loop
      vertex 9.0 18.0 18.0
      vertex 8.0 19.0 18.0
      vertex 8.0 18.0 18.0
    endloop
  endfacet
  facet normal 0.0 0.0 1.0
    outer loop
      vertex 9.0 19.0 18.0
      vertex 8.0 19.0 18.0
      vertex 9.0 18.0 18.0
    endloop
  endfacet
  facet normal 0.0 0.0 0.0
    outer loop
      vertex 9.0 19.0 17.0
      vertex 9.0 19.0 17.0
      vertex 9.0 19.0 17.0
    endloop
  endfacet
  facet normal 0.0 0.0 0.0
    outer loop
      vertex 9.0 20.0 18.0
      vertex 9.0 19.0 17.0
      vertex 9.0 20.0 18.0
    endloop
  endfacet
  facet normal -0.5773502588272095 0.5773502588272095 -0.5773502588272095
    outer loop
      vertex 9.0 20.0 18.0
      vertex 9.0 19.0 17.0
      vertex 8.0 19.0 18.0
    endloop
  endfacet
  facet normal 0.0 0.0 0.0
    outer loop
      vertex 9.0 19.0 17.0
      vertex 9.0 19.0 17.0
      vertex 8.0 19.0 18.0
    endloop
  endfacet
  facet normal 0.0 0.0 0.0
    outer loop
      vertex 9.0 19.0 17.0
      vertex 8.0 19.0 18.0
      vertex 8.0 19.0 18.0
    endloop
  endfacet
  facet normal 0.0 0.0 0.0
    outer loop
      vertex 9.0 20.0 18.0
      vertex 9.0 20.0 18.0
      vertex 8.0 19.0 18.0
    endloop
  endfacet
  facet normal 0.0 0.0 0.0
    outer loop
      vertex 8.0 19.0 18.0
      vertex 9.0 20.0 18.0
      vertex 8.0 19.0 18.0
    endloop
  endfacet
  facet normal 0.0 -0.0 1.0
    outer loop
      vertex 9.0 19.0 18.0
      vertex 9.0 20.0 18.0
      vertex 8.0 19.0 18.0
    endloop
  endfacet
  facet normal 0.0 0.0 0.0
    outer loop
      vertex 9.0 20.0 18.0
      vertex 9.0 20.0 18.0
      vertex 9.0 21.0 18.0
    endloop
  endfacet
  facet normal 0.0 0.0 0.0
    outer loop
      vertex 9.0 20.0 18.0
      vertex 9.0 21.0 18.0
      vertex 9.0 21.0 18.0
    endloop
  endfacet
  facet normal 0.0 0.0 0.0
    outer loop
      vertex 9.0 20.0 18.0
      vertex 9.0 20.0 18.0
      vertex 9.0 21.0 18.0
    endloop
  endfacet
  facet normal 0.0 0.0 0.0
    outer loop
      vertex 9.0 20.0 18.0
      vertex 9.0 21.0 18.0
      vertex 9.0 21.0 18.0
    endloop
  endfacet
  facet normal 0.0 0.0 0.0
    outer loop
      vertex 9.0 21.0 18.0
      vertex 9.0 21.0 18.0
      vertex 9.0 21.0 18.0
    endloop
  endfacet
  facet normal 0.0 0.0 0.0
    outer loop
      vertex 9.0 21.0 18.0
      vertex 9.0 21.0 18.0
      vertex 9.0 21.0 18.0
    endloop
  endfacet
  facet normal 0.0 0.0 0.0
    outer loop
      vertex 10.0 10.0 18.0
      vertex 10.0 10.0 18.0
      vertex 9.0 10.0 18.0
    endloop
  endfacet
  facet normal 0.0 0.0 0.0
    outer loop
      vertex 10.0 10.0 18.0
      vertex 9.0 10.0 18.0
      vertex 9.0 10.0 18.0
    endloop
  endfacet
  facet normal 0.0 0.0 0.0
    outer loop
      vertex 9.0 10.0 18.0
      vertex 9.0 10.0 18.0
      vertex 10.0 10.0 18.0
    endloop
  endfacet
  facet normal 0.0 0.0 0.0
    outer loop
      vertex 9.0 10.0 18.0
      vertex 10.0 10.0 18.0
      vertex 10.0 10.0 18.0
    endloop
  endfacet
  facet normal 0.0 0.0 0.0
    outer loop
      vertex 10.0 11.0 17.0
      vertex 10.0 11.0 17.0
      vertex 10.0 11.0 17.0
    endloop
  endfacet
  facet normal 0.0 0.0 0.0
    outer loop
      vertex 10.0 11.0 17.0
      vertex 10.0 10.0 18.0
      vertex 10.0 11.0 17.0
    endloop
  endfacet
  facet normal -0.5773502588272095 -0.5773502588272095 -0.5773502588272095
    outer loop
      vertex 10.0 10.0 18.0
      vertex 9.0 11.0 18.0
      vertex 10.0 11.0 17.0
    endloop
  endfacet
  facet normal 0.0 0.0 -1.0
    outer loop
      vertex 10.0 10.0 18.0
      vertex 9.0 10.0 18.0
      vertex 9.0 11.0 18.0
    endloop
  endfacet
  facet normal 0.0 0.0 1.0
    outer loop
      vertex 10.0 10.0 18.0
      vertex 9.0 11.0 18.0
      vertex 9.0 10.0 18.0
    endloop
  endfacet
  facet normal 0.0 0.0 1.0
    outer loop
      vertex 10.0 11.0 18.0
      vertex 9.0 11.0 18.0
      vertex 10.0 10.0 18.0
    endloop
  endfacet
  facet normal 0.0 0.0 0.0
    outer loop
      vertex 10.0 12.0 16.0
      vertex 10.0 12.0 16.0
      vertex 10.0 12.0 16.0
    endloop
  endfacet
  facet normal 0.0 0.0 0.0
    outer loop
      vertex 10.0 12.0 16.0
      vertex 10.0 12.0 16.0
      vertex 10.0 11.0 17.0
    endloop
  endfacet
  facet normal 0.0 0.0 0.0
    outer loop
      vertex 10.0 12.0 16.0
      vertex 10.0 11.0 17.0
      vertex 10.0 11.0 17.0
    endloop
  endfacet
  facet normal -0.5773502588272095 -0.5773502588272095 -0.5773502588272095
    outer loop
      vertex 9.0 12.0 17.0
      vertex 10.0 12.0 16.0
      vertex 10.0 11.0 17.0
    endloop
  endfacet
  facet normal 0.0 0.0 0.0
    outer loop
      vertex 9.0 12.0 17.0
      vertex 9.0 12.0 17.0
      vertex 10.0 11.0 17.0
    endloop
  endfacet
  facet normal -0.5773502588272095 -0.5773502588272095 -0.5773502588272095
    outer loop
      vertex 9.0 12.0 17.0
      vertex 10.0 11.0 17.0
      vertex 9.0 11.0 18.0
    endloop
  endfacet
  facet normal 0.0 0.0 1.0
    outer loop
      vertex 10.0 11.0 18.0
      vertex 9.0 12.0 18.0
      vertex 9.0 11.0 18.0
    endloop
  endfacet
  facet normal 0.0 0.0 1.0
    outer loop
      vertex 10.0 12.0 18.0
      vertex 9.0 12.0 18.0
      vertex 10.0 11.0 18.0
    endloop
  endfacet
  facet normal 0.0 0.0 0.0
    outer loop
      vertex 10.0 12.0 16.0
      vertex 10.0 12.0 16.0
      vertex 10.0 13.0 16.0
    endloop
  endfacet
  facet normal 0.0 0.0 0.0
    outer loop
      vertex 10.0 12.0 16.0
      vertex 10.0 13.0 16.0
      vertex 10.0 13.0 16.0
    endloop
  endfacet
  facet normal -0.7071067690849304 -0.0 -0.7071067690849304
    outer loop
      vertex 9.0 13.0 17.0
      vertex 10.0 13.0 16.0
      vertex 9.0 12.0 17.0
    endloop
  endfacet
  facet normal -0.7071067690849304 0.0 -0.7071067690849304
    outer loop
      vertex 9.0 12.0 17.0
      vertex 10.0 13.0 16.0
      vertex 10.0 12.0 16.0
    endloop
  endfacet
  facet normal 0.0 0.0 1.0
    outer loop
      vertex 10.0 12.0 18.0
      vertex 9.0 13.0 18.0
      vertex 9.0 12.0 18.0
    endloop
  endfacet
  facet normal 0.0 0.0 1.0
    outer loop
      vertex 10.0 13.0 18.0
      vertex 9.0 13.0 18.0
      vertex 10.0 12.0 18.0
    endloop
  endfacet
  facet normal 0.0 0.0 0.0
    outer loop
      vertex 10.0 13.0 16.0
      vertex 10.0 13.0 16.0
      vertex 10.0 14.0 16.0
    endloop
  endfacet
  facet normal 0.0 0.0 0.0
    outer loop
      vertex 10.0 13.0 16.0
      vertex 10.0 14.0 16.0
      vertex 10.0 14.0 16.0
    endloop
  endfacet
  facet normal -0.7071067690849304 -0.0 -0.7071067690849304
    outer loop
      vertex 9.0 14.0 17.0
      vertex 10.0 14.0 16.0
      vertex 9.0 13.0 17.0
    endloop
  endfacet
  facet normal -0.7071067690849304 0.0 -0.7071067690849304
    outer loop
      vertex 9.0 13.0 17.0
      vertex 10.0 14.0 16.0
      vertex 10.0 13.0 16.0
    endloop
  endfacet
  facet normal 0.0 0.0 1.0
    outer loop
      vertex 10.0 13.0 18.0
      vertex 9.0 14.0 18.0
      vertex 9.0 13.0 18.0
    endloop
  endfacet
  facet normal 0.0 0.0 1.0
    outer loop
      vertex 10.0 14.0 18.0
      vertex 9.0 14.0 18.0
      vertex 10.0 13.0 18.0
    endloop
  endfacet
  facet normal 0.0 0.0 0.0
    outer loop
      vertex 10.0 14.0 16.0
      vertex 10.0 14.0 16.0
      vertex 10.0 15.0 16.0
    endloop
  endfacet
  facet normal 0.0 0.0 0.0
    outer loop
      vertex 10.0 14.0 16.0
      vertex 10.0 15.0 16.0
      vertex 10.0 15.0 16.0
    endloop
  endfacet
  facet normal -0.7071067690849304 -0.0 -0.7071067690849304
    outer loop
      vertex 9.0 15.0 17.0
      vertex 10.0 15.0 16.0
      vertex 9.0 14.0 17.0
    endloop
  endfacet
  facet normal -0.7071067690849304 0.0 -0.7071067690849304
    outer loop
      vertex 9.0 14.0 17.0
      vertex 10.0 15.0 16.0
      vertex 10.0 14.0 16.0
    endloop
  endfacet
  facet normal 0.0 0.0 1.0
    outer loop
      vertex 10.0 14.0 18.0
      vertex 9.0 15.0 18.0
      vertex 9.0 14.0 18.0
    endloop
  endfacet
  facet normal 0.0 0.0 1.0
    outer loop
      vertex 10.0 15.0 18.0
      vertex 9.0 15.0 18.0
      vertex 10.0 14.0 18.0
    endloop
  endfacet
  facet normal 0.0 0.0 0.0
    outer loop
      vertex 10.0 15.0 16.0
      vertex 10.0 15.0 16.0
      vertex 10.0 16.0 16.0
    endloop
  endfacet
  facet normal 0.0 0.0 0.0
    outer loop
      vertex 10.0 15.0 16.0
      vertex 10.0 16.0 16.0
      vertex 10.0 16.0 16.0
    endloop
  endfacet
  facet normal -0.7071067690849304 -0.0 -0.7071067690849304
    outer loop
      vertex 9.0 16.0 17.0
      vertex 10.0 16.0 16.0
      vertex 9.0 15.0 17.0
    endloop
  endfacet
  facet normal -0.7071067690849304 0.0 -0.7071067690849304
    outer loop
      vertex 9.0 15.0 17.0
      vertex 10.0 16.0 16.0
      vertex 10.0 15.0 16.0
    endloop
  endfacet
  facet normal 0.0 0.0 1.0
    outer loop
      vertex 10.0 15.0 18.0
      vertex 9.0 16.0 18.0
      vertex 9.0 15.0 18.0
    endloop
  endfacet
  facet normal 0.0 0.0 1.0
    outer loop
      vertex 10.0 16.0 18.0
      vertex 9.0 16.0 18.0
      vertex 10.0 15.0 18.0
    endloop
  endfacet
  facet normal 0.0 0.0 0.0
    outer loop
      vertex 10.0 16.0 16.0
      vertex 10.0 16.0 16.0
      vertex 10.0 17.0 16.0
    endloop
  endfacet
  facet normal 0.0 0.0 0.0
    outer loop
      vertex 10.0 16.0 16.0
      vertex 10.0 17.0 16.0
      vertex 10.0 17.0 16.0
    endloop
  endfacet
  facet normal -0.7071067690849304 -0.0 -0.7071067690849304
    outer loop
      vertex 9.0 17.0 17.0
      vertex 10.0 17.0 16.0
      vertex 9.0 16.0 17.0
    endloop
  endfacet
  facet normal -0.7071067690849304 0.0 -0.7071067690849304
    outer loop
      vertex 9.0 16.0 17.0
      vertex 10.0 17.0 16.0
      vertex 10.0 16.0 16.0
    endloop
  endfacet
  facet normal 0.0 0.0 1.0
    outer loop
      vertex 10.0 16.0 18.0
      vertex 9.0 17.0 18.0
      vertex 9.0 16.0 18.0
    endloop
  endfacet
  facet normal 0.0 0.0 1.0
    outer loop
      vertex 10.0 17.0 18.0
      vertex 9.0 17.0 18.0
      vertex 10.0 16.0 18.0
    endloop
  endfacet
  facet normal 0.0 0.0 0.0
    outer loop
      vertex 10.0 17.0 16.0
      vertex 10.0 17.0 16.0
      vertex 10.0 18.0 16.0
    endloop
  endfacet
  facet normal 0.0 0.0 0.0
    outer loop
      vertex 10.0 17.0 16.0
      vertex 10.0 18.0 16.0
      vertex 10.0 18.0 16.0
    endloop
  endfacet
  facet normal -0.7071067690849304 -0.0 -0.7071067690849304
    outer loop
      vertex 9.0 18.0 17.0
      vertex 10.0 18.0 16.0
      vertex 9.0 17.0 17.0
    endloop
  endfacet
  facet normal -0.7071067690849304 0.0 -0.7071067690849304
    outer loop
      vertex 9.0 17.0 17.0
      vertex 10.0 18.0 16.0
      vertex 10.0 17.0 16.0
    endloop
  endfacet
  facet normal 0.0 0.0 1.0
    outer loop
      vertex 10.0 17.0 18.0
      vertex 9.0 18.0 18.0
      vertex 9.0 17.0 18.0
    endloop
  endfacet
  facet normal 0.0 0.0 1.0
    outer loop
      vertex 10.0 18.0 18.0
      vertex 9.0 18.0 18.0
      vertex 10.0 17.0 18.0
    endloop
  endfacet
  facet normal 0.0 0.0 0.0
    outer loop
      vertex 10.0 18.0 16.0
      vertex 10.0 18.0 16.0
      vertex 10.0 19.0 16.0
    endloop
  endfacet
  facet normal 0.0 0.0 0.0
    outer loop
      vertex 10.0 18.0 16.0
      vertex 10.0 19.0 16.0
      vertex 10.0 19.0 16.0
    endloop
  endfacet
  facet normal -0.7071067690849304 -0.0 -0.7071067690849304
    outer loop
      vertex 9.0 19.0 17.0
      vertex 10.0 19.0 16.0
      vertex 9.0 18.0 17.0
    endloop
  endfacet
  facet normal -0.7071067690849304 0.0 -0.7071067690849304
    outer loop
      vertex 9.0 18.0 17.0
      vertex 10.0 19.0 16.0
      vertex 10.0 18.0 16.0
    endloop
  endfacet
  facet normal 0.0 0.0 1.0
    outer loop
      vertex 10.0 18.0 18.0
      vertex 9.0 19.0 18.0
      vertex 9.0 18.0 18.0
    endloop
  endfacet
  facet normal 0.0 0.0 1.0
    outer loop
      vertex 10.0 19.0 18.0
      vertex 9.0 19.0 18.0
      vertex 10.0 18.0 18.0
    endloop
  endfacet
  facet normal 0.0 0.0 0.0
    outer loop
      vertex 10.0 19.0 16.0
      vertex 10.0 19.0 16.0
      vertex 10.0 19.0 16.0
    endloop
  endfacet
  facet normal 0.0 0.0 0.0
    outer loop
      vertex 10.0 20.0 17.0
      vertex 10.0 19.0 16.0
      vertex 10.0 20.0 17.0
    endloop
  endfacet
  facet normal -0.5773502588272095 0.5773502588272095 -0.5773502588272095
    outer loop
      vertex 10.0 20.0 17.0
      vertex 10.0 19.0 16.0
      vertex 9.0 19.0 17.0
    endloop
  endfacet
  facet normal 0.0 0.0 0.0
    outer loop
      vertex 10.0 19.0 16.0
      vertex 10.0 19.0 16.0
      vertex 9.0 19.0 17.0
    endloop
  endfacet
  facet normal 0.0 0.0 0.0
    outer loop
      vertex 10.0 19.0 16.0
      vertex 9.0 19.0 17.0
      vertex 9.0 19.0 17.0
    endloop
  endfacet
  facet normal -0.5773502588272095 0.5773502588272095 -0.5773502588272095
    outer loop
      vertex 9.0 20.0 18.0
      vertex 10.0 20.0 17.0
      vertex 9.0 19.0 17.0
    endloop
  endfacet
  facet normal 0.0 0.0 1.0
    outer loop
      vertex 10.0 19.0 18.0
      vertex 9.0 20.0 18.0
      vertex 9.0 19.0 18.0
    endloop
  endfacet
  facet normal 0.0 0.0 1.0
    outer loop
      vertex 10.0 20.0 18.0
      vertex 9.0 20.0 18.0
      vertex 10.0 19.0 18.0
    endloop
  endfacet
  facet normal 0.0 0.0 0.0
    outer loop
      vertex 10.0 20.0 17.0
      vertex 10.0 20.0 17.0
      vertex 10.0 20.0 17.0
    endloop
  endfacet
  facet normal 0.0 0.0 0.0
    outer loop
      vertex 10.0 20.0 17.0
      vertex 9.0 20.0 18.0
      vertex 10.0 20.0 17.0
    endloop
  endfacet
  facet normal -0.5773502588272095 0.5773502588272095 -0.5773502588272095
    outer loop
      vertex 9.0 20.0 18.0
      vertex 10.0 21.0 18.0
      vertex 10.0 20.0 17.0
    endloop
  endfacet
  facet normal 0.0 0.0 -1.0
    outer loop
      vertex 9.0 20.0 18.0
      vertex 9.0 21.0 18.0
      vertex 10.0 21.0 18.0
    endloop
  endfacet
  facet normal 0.0 0.0 1.0
    outer loop
      vertex 10.0 20.0 18.0
      vertex 9.0 21.0 18.0
      vertex 9.0 20.0 18.0
    endloop
  endfacet
  facet normal 0.0 0.0 1.0
    outer loop
      vertex 10.0 21.0 18.0
      vertex 9.0 21.0 18.0
      vertex 10.0 20.0 18.0
    endloop
  endfacet
  facet normal 0.0 0.0 0.0
    outer loop
      vertex 10.0 21.0 18.0
      vertex 10.0 21.0 18.0
      vertex 9.0 21.0 18.0
    endloop
  endfacet
  facet normal 0.0 0.0 0.0
    outer loop
      vertex 10.0 21.0 18.0
      vertex 9.0 21.0 18.0
      vertex 9.0 21.0 18.0
    endloop
  endfacet
  facet normal 0.0 0.0 0.0
    outer loop
      vertex 9.0 21.0 18.0
      vertex 9.0 21.0 18.0
      vertex 10.0 21.0 18.0
    endloop
  endfacet
  facet normal 0.0 0.0 0.0
    outer loop
      vertex 9.0 21.0 18.0
      vertex 10.0 21.0 18.0
      vertex 10.0 21.0 18.0
    endloop
  endfacet
  facet normal 0.0 0.0 0.0
    outer loop
      vertex 11.0 10.0 18.0
      vertex 11.0 10.0 18.0
      vertex 10.0 10.0 18.0
    endloop
  endfacet
  facet normal 0.0 0.0 0.0
    outer loop
      vertex 11.0 10.0 18.0
      vertex 10.0 10.0 18.0
      vertex 10.0 10.0 18.0
    endloop
  endfacet
  facet normal 0.0 0.0 0.0
    outer loop
      vertex 10.0 10.0 18.0
      vertex 10.0 10.0 18.0
      vertex 11.0 10.0 18.0
    endloop
  endfacet
  facet normal 0.0 0.0 0.0
    outer loop
      vertex 10.0 10.0 18.0
      vertex 11.0 10.0 18.0
      vertex 11.0 10.0 18.0
    endloop
  endfacet
  facet normal 0.0 0.0 0.0
    outer loop
      vertex 11.0 11.0 16.0
      vertex 11.0 11.0 16.0
      vertex 11.0 11.0 16.0
    endloop
  endfacet
  facet normal 0.0 0.0 0.0
    outer loop
      vertex 10.0 11.0 17.0
      vertex 10.0 11.0 17.0
      vertex 11.0 11.0 16.0
    endloop
  endfacet
  facet normal 0.0 0.0 0.0
    outer loop
      vertex 11.0 11.0 16.0
      vertex 10.0 11.0 17.0
      vertex 11.0 11.0 16.0
    endloop
  endfacet
  facet normal -0.0 -1.0 -0.0
    outer loop
      vertex 11.0 11.0 17.0
      vertex 10.0 11.0 17.0
      vertex 11.0 11.0 16.0
    endloop
  endfacet
  facet normal 0.0 -0.7071067690849304 -0.7071067690849304
    outer loop
      vertex 10.0 10.0 18.0
      vertex 10.0 11.0 17.0
      vertex 11.0 10.0 18.0
    endloop
  endfacet
  facet normal 0.0 -0.7071067690849304 -0.7071067690849304
    outer loop
      vertex 11.0 10.0 18.0
      vertex 10.0 11.0 17.0
      vertex 11.0 11.0 17.0
    endloop
  endfacet
  facet normal 0.0 0.0 1.0
    outer loop
      vertex 11.0 10.0 18.0
      vertex 10.0 11.0 18.0
      vertex 10.0 10.0 18.0
    endloop
  endfacet
  facet normal 0.0 0.0 1.0
    outer loop
      vertex 11.0 11.0 18.0
      vertex 10.0 11.0 18.0
      vertex 11.0 10.0 18.0
    endloop
  endfacet
  facet normal 0.0 0.0 0.0
    outer loop
      vertex 11.0 11.0 16.0
      vertex 11.0 11.0 16.0
      vertex 10.0 12.0 16.0
    endloop
  endfacet
  facet normal 0.0 0.0 0.0
    outer loop
      vertex 10.0 12.0 16.0
      vertex 11.0 11.0 16.0
      vertex 10.0 12.0 16.0
    endloop
  endfacet
  facet normal -0.0 -0.0 -1.0
    outer loop
      vertex 11.0 12.0 16.0
      vertex 11.0 11.0 16.0
      vertex 10.0 12.0 16.0
    endloop
  endfacet
  facet normal -0.5773502588272095 -0.5773502588272095 -0.5773502588272095
    outer loop
      vertex 10.0 12.0 16.0
      vertex 11.0 11.0 16.0
      vertex 10.0 11.0 17.0
    endloop
  endfacet
  facet normal 0.0 0.0 1.0
    outer loop
      vertex 11.0 11.0 18.0
      vertex 10.0 12.0 18.0
      vertex 10.0 11.0 18.0
    endloop
  endfacet
  facet normal 0.0 0.0 1.0
    outer loop
      vertex 11.0 12.0 18.0
      vertex 10.0 12.0 18.0
      vertex 11.0 11.0 18.0
    endloop
  endfacet
  facet normal 0.0 0.0 0.0
    outer loop
      vertex 11.0 13.0 15.0
      vertex 11.0 13.0 15.0
      vertex 11.0 13.0 15.0
    endloop
  endfacet
  facet normal 0.0 0.0 0.0
    outer loop
      vertex 11.0 13.0 15.0
      vertex 11.0 12.0 16.0
      vertex 11.0 13.0 15.0
    endloop
  endfacet
  facet normal -0.5773502588272095 -0.5773502588272095 -0.5773502588272095
    outer loop
      vertex 11.0 12.0 16.0
      vertex 10.0 13.0 16.0
      vertex 11.0 13.0 15.0
    endloop
  endfacet
  facet normal 0.0 0.0 -1.0
    outer loop
      vertex 11.0 12.0 16.0
      vertex 10.0 12.0 16.0
      vertex 10.0 13.0 16.0
    endloop
  endfacet
  facet normal 0.0 0.0 1.0
    outer loop
      vertex 11.0 12.0 18.0
      vertex 10.0 13.0 18.0
      vertex 10.0 12.0 18.0
    endloop
  endfacet
  facet normal 0.0 0.0 1.0
    outer loop
      vertex 11.0 13.0 18.0
      vertex 10.0 13.0 18.0
      vertex 11.0 12.0 18.0
    endloop
  endfacet
  facet normal 0.0 0.0 0.0
    outer loop
      vertex 11.0 13.0 15.0
      vertex 11.0 13.0 15.0
      vertex 11.0 14.0 15.0
    endloop
  endfacet
  facet normal 0.0 0.0 0.0
    outer loop
      vertex 11.0 13.0 15.0
      vertex 11.0 14.0 15.0
      vertex 11.0 14.0 15.0
    endloop
  endfacet
  facet normal -0.7071067690849304 -0.0 -0.7071067690849304
    outer loop
      vertex 10.0 14.0 16.0
      vertex 11.0 14.0 15.0
      vertex 10.0 13.0 16.0
    endloop
  endfacet
  facet normal -0.7071067690849304 0.0 -0.7071067690849304
    outer loop
      vertex 10.0 13.0 16.0
      vertex 11.0 14.0 15.0
      vertex 11.0 13.0 15.0
    endloop
  endfacet
  facet normal 0.0 0.0 1.0
    outer loop
      vertex 11.0 13.0 18.0
      vertex 10.0 14.0 18.0
      vertex 10.0 13.0 18.0
    endloop
  endfacet
  facet normal 0.0 0.0 1.0
    outer loop
      vertex 11.0 14.0 18.0
      vertex 10.0 14.0 18.0
      vertex 11.0 13.0 18.0
    endloop
  endfacet
  facet normal 0.0 0.0 0.0
    outer loop
      vertex 11.0 14.0 15.0
      vertex 11.0 14.0 15.0
      vertex 11.0 15.0 15.0
    endloop
  endfacet
  facet normal 0.0 0.0 0.0
    outer loop
      vertex 11.0 14.0 15.0
      vertex 11.0 15.0 15.0
      vertex 11.0 15.0 15.0
    endloop
  endfacet
  facet normal -0.7071067690849304 -0.0 -0.7071067690849304
    outer loop
      vertex 10.0 15.0 16.0
      vertex 11.0 15.0 15.0
      vertex 10.0 14.0 16.0
    endloop
  endfacet
  facet normal -0.7071067690849304 0.0 -0.7071067690849304
    outer loop
      vertex 10.0 14.0 16.0
      vertex 11.0 15.0 15.0
      vertex 11.0 14.0 15.0
    endloop
  endfacet
  facet normal 0.0 0.0 1.0
    outer loop
      vertex 11.0 14.0 18.0
      vertex 10.0 15.0 18.0
      vertex 10.0 14.0 18.0
    endloop
  endfacet
  facet normal 0.0 0.0 1.0
    outer loop
      vertex 11.0 15.0 18.0
      vertex 10.0 15.0 18.0
      vertex 11.0 14.0 18.0
    endloop
  endfacet
  facet normal 0.0 0.0 0.0
    outer loop
      vertex 11.0 15.0 15.0
      vertex 11.0 15.0 15.0
      vertex 11.0 16.0 15.0
    endloop
  endfacet
  facet normal 0.0 0.0 0.0
    outer loop
      vertex 11.0 15.0 15.0
      vertex 11.0 16.0 15.0
      vertex 11.0 16.0 15.0
    endloop
  endfacet
  facet normal -0.7071067690849304 -0.0 -0.7071067690849304
    outer loop
      vertex 10.0 16.0 16.0
      vertex 11.0 16.0 15.0
      vertex 10.0 15.0 16.0
    endloop
  endfacet
  facet normal -0.7071067690849304 0.0 -0.7071067690849304
    outer loop
      vertex 10.0 15.0 16.0
      vertex 11.0 16.0 15.0
      vertex 11.0 15.0 15.0
    endloop
  endfacet
  facet normal 0.0 0.0 1.0
    outer loop
      vertex 11.0 15.0 18.0
      vertex 10.0 16.0 18.0
      vertex 10.0 15.0 18.0
    endloop
  endfacet
  facet normal 0.0 0.0 1.0
    outer loop
      vertex 11.0 16.0 18.0
      vertex 10.0 16.0 18.0
      vertex 11.0 15.0 18.0
    endloop
  endfacet
  facet normal 0.0 0.0 0.0
    outer loop
      vertex 11.0 16.0 15.0
      vertex 11.0 16.0 15.0
      vertex 11.0 17.0 15.0
    endloop
  endfacet
  facet normal 0.0 0.0 0.0
    outer loop
      vertex 11.0 16.0 15.0
      vertex 11.0 17.0 15.0
      vertex 11.0 17.0 15.0
    endloop
  endfacet
  facet normal -0.7071067690849304 -0.0 -0.7071067690849304
    outer loop
      vertex 10.0 17.0 16.0
      vertex 11.0 17.0 15.0
      vertex 10.0 16.0 16.0
    endloop
  endfacet
  facet normal -0.7071067690849304 0.0 -0.7071067690849304
    outer loop
      vertex 10.0 16.0 16.0
      vertex 11.0 17.0 15.0
      vertex 11.0 16.0 15.0
    endloop
  endfacet
  facet normal 0.0 0.0 1.0
    outer loop
      vertex 11.0 16.0 18.0
      vertex 10.0 17.0 18.0
      vertex 10.0 16.0 18.0
    endloop
  endfacet
  facet normal 0.0 0.0 1.0
    outer loop
      vertex 11.0 17.0 18.0
      vertex 10.0 17.0 18.0
      vertex 11.0 16.0 18.0
    endloop
  endfacet
  facet normal 0.0 0.0 0.0
    outer loop
      vertex 11.0 17.0 15.0
      vertex 11.0 17.0 15.0
      vertex 11.0 18.0 15.0
    endloop
  endfacet
  facet normal 0.0 0.0 0.0
    outer loop
      vertex 11.0 17.0 15.0
      vertex 11.0 18.0 15.0
      vertex 11.0 18.0 15.0
    endloop
  endfacet
  facet normal -0.7071067690849304 -0.0 -0.7071067690849304
    outer loop
      vertex 10.0 18.0 16.0
      vertex 11.0 18.0 15.0
      vertex 10.0 17.0 16.0
    endloop
  endfacet
  facet normal -0.7071067690849304 0.0 -0.7071067690849304
    outer loop
      vertex 10.0 17.0 16.0
      vertex 11.0 18.0 15.0
      vertex 11.0 17.0 15.0
    endloop
  endfacet
  facet normal 0.0 0.0 1.0
    outer loop
      vertex 11.0 17.0 18.0
      vertex 10.0 18.0 18.0
      vertex 10.0 17.0 18.0
    endloop
  endfacet
  facet normal 0.0 0.0 1.0
    outer loop
      vertex 11.0 18.0 18.0
      vertex 10.0 18.0 18.0
      vertex 11.0 17.0 18.0
    endloop
  endfacet
  facet normal 0.0 0.0 0.0
    outer loop
      vertex 11.0 18.0 15.0
      vertex 11.0 18.0 15.0
      vertex 11.0 18.0 15.0
    endloop
  endfacet
  facet normal 0.0 0.0 0.0
    outer loop
      vertex 11.0 18.0 15.0
      vertex 10.0 18.0 16.0
      vertex 11.0 18.0 15.0
    endloop
  endfacet
  facet normal -0.5773502588272095 0.5773502588272095 -0.5773502588272095
    outer loop
      vertex 10.0 18.0 16.0
      vertex 11.0 19.0 16.0
      vertex 11.0 18.0 15.0
    endloop
  endfacet
  facet normal 0.0 0.0 -1.0
    outer loop
      vertex 10.0 18.0 16.0
      vertex 10.0 19.0 16.0
      vertex 11.0 19.0 16.0
    endloop
  endfacet
  facet normal 0.0 0.0 1.0
    outer loop
      vertex 11.0 18.0 18.0
      vertex 10.0 19.0 18.0
      vertex 10.0 18.0 18.0
    endloop
  endfacet
  facet normal 0.0 0.0 1.0
    outer loop
      vertex 11.0 19.0 18.0
      vertex 10.0 19.0 18.0
      vertex 11.0 18.0 18.0
    endloop
  endfacet
  facet normal 0.0 0.0 0.0
    outer loop
      vertex 10.0 19.0 16.0
      vertex 10.0 19.0 16.0
      vertex 11.0 20.0 16.0
    endloop
  endfacet
  facet normal 0.0 0.0 0.0
    outer loop
      vertex 11.0 20.0 16.0
      vertex 10.0 19.0 16.0
      vertex 11.0 20.0 16.0
    endloop
  endfacet
  facet normal 0.0 0.0 -1.0
    outer loop
      vertex 11.0 19.0 16.0
      vertex 10.0 19.0 16.0
      vertex 11.0 20.0 16.0
    endloop
  endfacet
  facet normal -0.5773502588272095 0.5773502588272095 -0.5773502588272095
    outer loop
      vertex 10.0 20.0 17.0
      vertex 11.0 20.0 16.0
      vertex 10.0 19.0 16.0
    endloop
  endfacet
  facet normal 0.0 0.0 1.0
    outer loop
      vertex 11.0 19.0 18.0
      vertex 10.0 20.0 18.0
      vertex 10.0 19.0 18.0
    endloop
  endfacet
  facet normal 0.0 0.0 1.0
    outer loop
      vertex 11.0 20.0 18.0
      vertex 10.0 20.0 18.0
      vertex 11.0 19.0 18.0
    endloop
  endfacet
  facet normal 0.0 0.0 0.0
    outer loop
      vertex 11.0 20.0 16.0
      vertex 11.0 20.0 16.0
      vertex 11.0 20.0 16.0
    endloop
  endfacet
  facet normal 0.0 0.0 0.0
    outer loop
      vertex 11.0 20.0 16.0
      vertex 11.0 20.0 16.0
      vertex 10.0 20.0 17.0
    endloop
  endfacet
  facet normal 0.0 0.0 0.0
    outer loop
      vertex 10.0 20.0 17.0
      vertex 11.0 20.0 16.0
      vertex 10.0 20.0 17.0
    endloop
  endfacet
  facet normal 0.0 1.0 0.0
    outer loop
      vertex 11.0 20.0 17.0
      vertex 11.0 20.0 16.0
      vertex 10.0 20.0 17.0
    endloop
  endfacet
  facet normal 0.0 0.7071067690849304 -0.7071067690849304
    outer loop
      vertex 10.0 20.0 17.0
      vertex 10.0 21.0 18.0
      vertex 11.0 20.0 17.0
    endloop
  endfacet
  facet normal 0.0 0.7071067690849304 -0.7071067690849304
    outer loop
      vertex 11.0 20.0 17.0
      vertex 10.0 21.0 18.0
      vertex 11.0 21.0 18.0
    endloop
  endfacet
  facet normal 0.0 0.0 1.0
    outer loop
      vertex 11.0 20.0 18.0
      vertex 10.0 21.0 18.0
      vertex 10.0 20.0 18.0
    endloop
  endfacet
  facet normal 0.0 0.0 1.0
    outer loop
      vertex 11.0 21.0 18.0
      vertex 10.0 21.0 18.0
      vertex 11.0 20.0 18.0
    endloop
  endfacet
  facet normal 0.0 0.0 0.0
    outer loop
      vertex 11.0 21.0 18.0
      vertex 11.0 21.0 18.0
      vertex 10.0 21.0 18.0
    endloop
  endfacet
  facet normal 0.0 0.0 0.0
    outer loop
      vertex 11.0 21.0 18.0
      vertex 10.0 21.0 18.0
      vertex 10.0 21.0 18.0
    endloop
  endfacet
  facet normal 0.0 0.0 0.0
    outer loop
      vertex 10.0 21.0 18.0
      vertex 10.0 21.0 18.0
      vertex 11.0 21.0 18.0
    endloop
  endfacet
  facet normal 0.0 0.0 0.0
    outer loop
      vertex 10.0 21.0 18.0
      vertex 11.0 21.0 18.0
      vertex 11.0 21.0 18.0
    endloop
  endfacet
  facet normal 0.0 0.0 0.0
    outer loop
      vertex 12.0 10.0 18.0
      vertex 12.0 10.0 18.0
      vertex 11.0 10.0 18.0
    endloop
  endfacet
  facet normal 0.0 0.0 0.0
    outer loop
      vertex 12.0 10.0 18.0
      vertex 11.0 10.0 18.0
      vertex 11.0 10.0 18.0
    endloop
  endfacet
  facet normal 0.0 0.0 0.0
    outer loop
      vertex 11.0 10.0 18.0
      vertex 11.0 10.0 18.0
      vertex 12.0 10.0 18.0
    endloop
  endfacet
  facet normal 0.0 0.0 0.0
    outer loop
      vertex 11.0 10.0 18.0
      vertex 12.0 10.0 18.0
      vertex 12.0 10.0 18.0
    endloop
  endfacet
  facet normal 0.0 0.0 0.0
    outer loop
      vertex 12.0 11.0 16.0
      vertex 12.0 11.0 16.0
      vertex 11.0 11.0 16.0
    endloop
  endfacet
  facet normal 0.0 0.0 0.0
    outer loop
      vertex 12.0 11.0 16.0
      vertex 11.0 11.0 16.0
      vertex 11.0 11.0 16.0
    endloop
  endfacet
  facet normal 0.0 -1.0 0.0
    outer loop
      vertex 11.0 11.0 16.0
      vertex 12.0 11.0 17.0
      vertex 11.0 11.0 17.0
    endloop
  endfacet
  facet normal 0.0 -1.0 0.0
    outer loop
      vertex 12.0 11.0 16.0
      vertex 12.0 11.0 17.0
      vertex 11.0 11.0 16.0
    endloop
  endfacet
  facet normal 0.0 -0.7071067690849304 -0.7071067690849304
    outer loop
      vertex 11.0 10.0 18.0
      vertex 11.0 11.0 17.0
      vertex 12.0 10.0 18.0
    endloop
  endfacet
  facet normal 0.0 -0.7071067690849304 -0.7071067690849304
    outer loop
      vertex 12.0 10.0 18.0
      vertex 11.0 11.0 17.0
      vertex 12.0 11.0 17.0
    endloop
  endfacet
  facet normal 0.0 0.0 1.0
    outer loop
      vertex 12.0 10.0 18.0
      vertex 11.0 11.0 18.0
      vertex 11.0 10.0 18.0
    endloop
  endfacet
  facet normal 0.0 0.0 1.0
    outer loop
      vertex 12.0 11.0 18.0
      vertex 11.0 11.0 18.0
      vertex 12.0 10.0 18.0
    endloop
  endfacet
  facet normal 0.0 0.0 0.0
    outer loop
      vertex 12.0 12.0 15.0
      vertex 12.0 12.0 15.0
      vertex 12.0 12.0 15.0
    endloop
  endfacet
  facet normal 0.0 0.0 0.0
    outer loop
      vertex 12.0 12.0 15.0
      vertex 12.0 11.0 16.0
      vertex 12.0 12.0 15.0
    endloop
  endfacet
  facet normal -0.5773502588272095 -0.5773502588272095 -0.5773502588272095
    outer loop
      vertex 12.0 11.0 16.0
      vertex 11.0 12.0 16.0
      vertex 12.0 12.0 15.0
    endloop
  endfacet
  facet normal 0.0 0.0 -1.0
    outer loop
      vertex 12.0 11.0 16.0
      vertex 11.0 11.0 16.0
      vertex 11.0 12.0 16.0
    endloop
  endfacet
  facet normal 0.0 0.0 1.0
    outer loop
      vertex 12.0 11.0 18.0
      vertex 11.0 12.0 18.0
      vertex 11.0 11.0 18.0
    endloop
  endfacet
  facet normal 0.0 0.0 1.0
    outer loop
      vertex 12.0 12.0 18.0
      vertex 11.0 12.0 18.0
      vertex 12.0 11.0 18.0
    endloop
  endfacet
  facet normal -0.6365081667900085 -0.4876021146774292 -0.5975795984268188
    outer loop
      vertex 12.0 13.0 13.744473457336426
      vertex 12.0 12.686840057373047 14.0
      vertex 11.760101318359375 13.0 14.0
    endloop
  endfacet
  facet normal -0.7325096130371094 -0.5611448884010315 -0.38541677594184875
    outer loop
      vertex 11.760101318359375 13.0 14.0
      vertex 12.0 12.686840057373047 14.0
      vertex 12.0 12.0 15.0
    endloop
  endfacet
  facet normal 0.0 0.0 0.0
    outer loop
      vertex 11.760101318359375 13.0 14.0
      vertex 12.0 12.0 15.0
      vertex 12.0 12.0 15.0
    endloop
  endfacet
  facet normal -0.6228439807891846 -0.6228439807891846 -0.4734245538711548
    outer loop
      vertex 11.0 13.0 15.0
      vertex 11.760101318359375 13.0 14.0
      vertex 12.0 12.0 15.0
    endloop
  endfacet
  facet normal 0.0 0.0 0.0
    outer loop
      vertex 11.0 13.0 15.0
      vertex 11.0 13.0 15.0
      vertex 12.0 12.0 15.0
    endloop
  endfacet
  facet normal -0.5773502588272095 -0.5773502588272095 -0.5773502588272095
    outer loop
      vertex 11.0 13.0 15.0
      vertex 12.0 12.0 15.0
      vertex 11.0 12.0 16.0
    endloop
  endfacet
  facet normal 0.0 0.0 1.0
    outer loop
      vertex 12.0 12.0 18.0
      vertex 11.0 13.0 18.0
      vertex 11.0 12.0 18.0
    endloop
  endfacet
  facet normal 0.0 0.0 1.0
    outer loop
      vertex 12.0 13.0 18.0
      vertex 11.0 13.0 18.0
      vertex 12.0 12.0 18.0
    endloop
  endfacet
  facet normal -0.7082185745239258 -0.23733699321746826 -0.6649042963981628
    outer loop
      vertex 12.0 13.0 13.744473457336426
      vertex 11.760101318359375 13.0 14.0
      vertex 11.424983024597168 14.0 14.0
    endloop
  endfacet
  facet normal -0.5949450731277466 -0.13985276222229004 -0.7915058732032776
    outer loop
      vertex 12.0 13.0 13.744473457336426
      vertex 11.424983024597168 14.0 14.0
      vertex 12.0 14.0 13.567781448364258
    endloop
  endfacet
  facet normal -0.9203365445137024 -0.0 -0.39112740755081177
    outer loop
      vertex 11.0 14.0 15.0
      vertex 11.424983024597168 14.0 14.0
      vertex 11.0 13.0 15.0
    endloop
  endfacet
  facet normal -0.7692175507545471 -0.2577788829803467 -0.5846832394599915
    outer loop
      vertex 11.0 13.0 15.0
      vertex 11.424983024597168 14.0 14.0
      vertex 11.760101318359375 13.0 14.0
    endloop
  endfacet
  facet normal 0.0 0.0 1.0
    outer loop
      vertex 12.0 13.0 18.0
      vertex 11.0 14.0 18.0
      vertex 11.0 13.0 18.0
    endloop
  endfacet
  facet normal 0.0 0.0 1.0
    outer loop
      vertex 12.0 14.0 18.0
      vertex 11.0 14.0 18.0
      vertex 12.0 13.0 18.0
    endloop
  endfacet
  facet normal -0.5874508619308472 -0.21000812947750092 -0.7815356850624084
    outer loop
      vertex 12.0 14.0 13.567781448364258
      vertex 11.424983024597168 14.0 14.0
      vertex 11.067492485046387 15.0 14.0
    endloop
  endfacet
  facet normal -0.42052584886550903 0.0 -0.9072806239128113
    outer loop
      vertex 12.0 14.0 13.567781448364258
      vertex 11.067492485046387 15.0 14.0
      vertex 12.0 15.0 13.567781448364258
    endloop
  endfacet
  facet normal -0.9977301955223083 -0.0 -0.06733928620815277
    outer loop
      vertex 11.0 15.0 15.0
      vertex 11.067492485046387 15.0 14.0
      vertex 11.0 14.0 15.0
    endloop
  endfacet
  facet normal -0.8742347955703735 -0.31253066658973694 -0.37153494358062744
    outer loop
      vertex 11.0 14.0 15.0
      vertex 11.067492485046387 15.0 14.0
      vertex 11.424983024597168 14.0 14.0
    endloop
  endfacet
  facet normal 0.0 0.0 1.0
    outer loop
      vertex 12.0 14.0 18.0
      vertex 11.0 15.0 18.0
      vertex 11.0 14.0 18.0
    endloop
  endfacet
  facet normal 0.0 0.0 1.0
    outer loop
      vertex 12.0 15.0 18.0
      vertex 11.0 15.0 18.0
      vertex 12.0 14.0 18.0
    endloop
  endfacet
  facet normal -0.42052584886550903 0.0 -0.9072806239128113
    outer loop
      vertex 12.0 15.0 13.567781448364258
      vertex 11.067492485046387 15.0 14.0
      vertex 11.067492485046387 16.0 14.0
    endloop
  endfacet
  facet normal -0.42052584886550903 0.0 -0.9072806239128113
    outer loop
      vertex 12.0 15.0 13.567781448364258
      vertex 11.067492485046387 16.0 14.0
      vertex 12.0 16.0 13.567781448364258
    endloop
  endfacet
  facet normal -0.9977301955223083 -0.0 -0.06733928620815277
    outer loop
      vertex 11.0 16.0 15.0
      vertex 11.067492485046387 16.0 14.0
      vertex 11.0 15.0 15.0
    endloop
  endfacet
  facet normal -0.9977301955223083 0.0 -0.06733928620815277
    outer loop
      vertex 11.0 15.0 15.0
      vertex 11.067492485046387 16.0 14.0
      vertex 11.067492485046387 15.0 14.0
    endloop
  endfacet
  facet normal 0.0 0.0 1.0
    outer loop
      vertex 12.0 15.0 18.0
      vertex 11.0 16.0 18.0
      vertex 11.0 15.0 18.0
    endloop
  endfacet
  facet normal 0.0 0.0 1.0
    outer loop
      vertex 12.0 16.0 18.0
      vertex 11.0 16.0 18.0
      vertex 12.0 15.0 18.0
    endloop
  endfacet
  facet normal -0.4158529043197632 0.1486634761095047 -0.8971987366676331
    outer loop
      vertex 12.0 16.0 13.567781448364258
      vertex 11.067492485046387 16.0 14.0
      vertex 11.424983024597168 17.0 14.0
    endloop
  endfacet
  facet normal -0.6008500456809998 0.0 -0.7993617653846741
    outer loop
      vertex 12.0 16.0 13.567781448364258
      vertex 11.424983024597168 17.0 14.0
      vertex 12.0 17.0 13.567781448364258
    endloop
  endfacet
  facet normal -0.9203365445137024 -0.0 -0.39112740755081177
    outer loop
      vertex 11.0 17.0 15.0
      vertex 11.424983024597168 17.0 14.0
      vertex 11.0 16.0 15.0
    endloop
  endfacet
  facet normal -0.9397422075271606 0.3359489440917969 -0.06342554092407227
    outer loop
      vertex 11.0 16.0 15.0
      vertex 11.424983024597168 17.0 14.0
      vertex 11.067492485046387 16.0 14.0
    endloop
  endfacet
  facet normal 0.0 0.0 1.0
    outer loop
      vertex 12.0 16.0 18.0
      vertex 11.0 17.0 18.0
      vertex 11.0 16.0 18.0
    endloop
  endfacet
  facet normal 0.0 0.0 1.0
    outer loop
      vertex 12.0 17.0 18.0
      vertex 11.0 17.0 18.0
      vertex 12.0 16.0 18.0
    endloop
  endfacet
  facet normal -0.5890278220176697 0.1973940134048462 -0.7836336493492126
    outer loop
      vertex 12.0 17.0 13.567781448364258
      vertex 11.424983024597168 17.0 14.0
      vertex 11.760101318359375 18.0 14.0
    endloop
  endfacet
  facet normal -0.7237755656242371 0.12006395310163498 -0.6795098781585693
    outer loop
      vertex 12.0 17.0 13.567781448364258
      vertex 11.760101318359375 18.0 14.0
      vertex 12.0 18.0 13.744473457336426
    endloop
  endfacet
  facet normal -0.7961233258247375 -0.0 -0.6051343679428101
    outer loop
      vertex 11.0 18.0 15.0
      vertex 11.760101318359375 18.0 14.0
      vertex 11.0 17.0 15.0
    endloop
  endfacet
  facet normal -0.8794578909873962 0.29472243785858154 -0.37375468015670776
    outer loop
      vertex 11.0 17.0 15.0
      vertex 11.760101318359375 18.0 14.0
      vertex 11.424983024597168 17.0 14.0
    endloop
  endfacet
  facet normal 0.0 0.0 1.0
    outer loop
      vertex 12.0 17.0 18.0
      vertex 11.0 18.0 18.0
      vertex 11.0 17.0 18.0
    endloop
  endfacet
  facet normal 0.0 0.0 1.0
    outer loop
      vertex 12.0 18.0 18.0
      vertex 11.0 18.0 18.0
      vertex 12.0 17.0 18.0
    endloop
  endfacet
  facet normal -0.6365081667900085 0.4876021146774292 -0.5975795984268188
    outer loop
      vertex 12.0 18.313159942626953 14.0
      vertex 12.0 18.0 13.744473457336426
      vertex 11.760101318359375 18.0 14.0
    endloop
  endfacet
  facet normal 0.0 0.0 0.0
    outer loop
      vertex 12.0 19.0 15.0
      vertex 12.0 18.313159942626953 14.0
      vertex 12.0 19.0 15.0
    endloop
  endfacet
  facet normal -0.636059582233429 0.636059582233429 -0.436871200799942
    outer loop
      vertex 12.0 19.0 15.0
      vertex 12.0 18.313159942626953 14.0
      vertex 11.0 18.0 15.0
    endloop
  endfacet
  facet normal -0.6796905994415283 0.5206824541091919 -0.5166337490081787
    outer loop
      vertex 12.0 18.313159942626953 14.0
      vertex 11.760101318359375 18.0 14.0
      vertex 11.0 18.0 15.0
    endloop
  endfacet
  facet normal 0.0 0.0 0.0
    outer loop
      vertex 11.760101318359375 18.0 14.0
      vertex 11.0 18.0 15.0
      vertex 11.0 18.0 15.0
    endloop
  endfacet
  facet normal -0.5773502588272095 0.5773502588272095 -0.5773502588272095
    outer loop
      vertex 11.0 19.0 16.0
      vertex 12.0 19.0 15.0
      vertex 11.0 18.0 15.0
    endloop
  endfacet
  facet normal 0.0 0.0 1.0
    outer loop
      vertex 12.0 18.0 18.0
      vertex 11.0 19.0 18.0
      vertex 11.0 18.0 18.0
    endloop
  endfacet
  facet normal 0.0 0.0 1.0
    outer loop
      vertex 12.0 19.0 18.0
      vertex 11.0 19.0 18.0
      vertex 12.0 18.0 18.0
    endloop
  endfacet
  facet normal 0.0 0.0 0.0
    outer loop
      vertex 12.0 19.0 15.0
      vertex 12.0 19.0 15.0
      vertex 12.0 19.0 15.0
    endloop
  endfacet
  facet normal 0.0 0.0 0.0
    outer loop
      vertex 12.0 19.0 15.0
      vertex 11.0 19.0 16.0
      vertex 12.0 19.0 15.0
    endloop
  endfacet
  facet normal -0.5773502588272095 0.5773502588272095 -0.5773502588272095
    outer loop
      vertex 11.0 19.0 16.0
      vertex 12.0 20.0 16.0
      vertex 12.0 19.0 15.0
    endloop
  endfacet
  facet normal 0.0 0.0 -1.0
    outer loop
      vertex 11.0 19.0 16.0
      vertex 11.0 20.0 16.0
      vertex 12.0 20.0 16.0
    endloop
  endfacet
  facet normal 0.0 0.0 1.0
    outer loop
      vertex 12.0 19.0 18.0
      vertex 11.0 20.0 18.0
      vertex 11.0 19.0 18.0
    endloop
  endfacet
  facet normal 0.0 0.0 1.0
    outer loop
      vertex 12.0 20.0 18.0
      vertex 11.0 20.0 18.0
      vertex 12.0 19.0 18.0
    endloop
  endfacet
  facet normal 0.0 0.0 0.0
    outer loop
      vertex 12.0 20.0 16.0
      vertex 12.0 20.0 16.0
      vertex 11.0 20.0 16.0
    endloop
  endfacet
  facet normal 0.0 0.0 0.0
    outer loop
      vertex 12.0 20.0 16.0
      vertex 11.0 20.0 16.0
      vertex 11.0 20.0 16.0
    endloop
  endfacet
  facet normal 0.0 1.0 0.0
    outer loop
      vertex 12.0 20.0 17.0
      vertex 11.0 20.0 16.0
      vertex 11.0 20.0 17.0
    endloop
  endfacet
  facet normal 0.0 1.0 0.0
    outer loop
      vertex 12.0 20.0 17.0
      vertex 12.0 20.0 16.0
      vertex 11.0 20.0 16.0
    endloop
  endfacet
  facet normal 0.0 0.7071067690849304 -0.7071067690849304
    outer loop
      vertex 11.0 20.0 17.0
      vertex 11.0 21.0 18.0
      vertex 12.0 20.0 17.0
    endloop
  endfacet
  facet normal 0.0 0.7071067690849304 -0.7071067690849304
    outer loop
      vertex 12.0 20.0 17.0
      vertex 11.0 21.0 18.0
      vertex 12.0 21.0 18.0
    endloop
  endfacet
  facet normal 0.0 0.0 1.0
    outer loop
      vertex 12.0 20.0 18.0
      vertex 11.0 21.0 18.0
      vertex 11.0 20.0 18.0
    endloop
  endfacet
  facet normal 0.0 0.0 1.0
    outer loop
      vertex 12.0 21.0 18.0
      vertex 11.0 21.0 18.0
      vertex 12.0 20.0 18.0
    endloop
  endfacet
  facet normal 0.0 0.0 0.0
    outer loop
      vertex 12.0 21.0 18.0
      vertex 12.0 21.0 18.0
      vertex 11.0 21.0 18.0
    endloop
  endfacet
  facet normal 0.0 0.0 0.0
    outer loop
      vertex 12.0 21.0 18.0
      vertex 11.0 21.0 18.0
      vertex 11.0 21.0 18.0
    endloop
  endfacet
  facet normal 0.0 0.0 0.0
    outer loop
      vertex 11.0 21.0 18.0
      vertex 11.0 21.0 18.0
      vertex 12.0 21.0 18.0
    endloop
  endfacet
  facet normal 0.0 0.0 0.0
    outer loop
      vertex 11.0 21.0 18.0
      vertex 12.0 21.0 18.0
      vertex 12.0 21.0 18.0
    endloop
  endfacet
  facet normal 0.0 0.0 0.0
    outer loop
      vertex 13.0 10.0 18.0
      vertex 13.0 10.0 18.0
      vertex 12.0 10.0 18.0
    endloop
  endfacet
  facet normal 0.0 0.0 0.0
    outer loop
      vertex 13.0 10.0 18.0
      vertex 12.0 10.0 18.0
      vertex 12.0 10.0 18.0
    endloop
  endfacet
  facet normal 0.0 0.0 0.0
    outer loop
      vertex 12.0 10.0 18.0
      vertex 12.0 10.0 18.0
      vertex 13.0 10.0 18.0
    endloop
  endfacet
  facet normal 0.0 0.0 0.0
    outer loop
      vertex 12.0 10.0 18.0
      vertex 13.0 10.0 18.0
      vertex 13.0 10.0 18.0
    endloop
  endfacet
  facet normal 0.0 0.0 0.0
    outer loop
      vertex 13.0 11.0 16.0
      vertex 13.0 11.0 16.0
      vertex 12.0 11.0 16.0
    endloop
  endfacet
  facet normal 0.0 0.0 0.0
    outer loop
      vertex 13.0 11.0 16.0
      vertex 12.0 11.0 16.0
      vertex 12.0 11.0 16.0
    endloop
  endfacet
  facet normal 0.0 -1.0 0.0
    outer loop
      vertex 12.0 11.0 16.0
      vertex 13.0 11.0 17.0
      vertex 12.0 11.0 17.0
    endloop
  endfacet
  facet normal 0.0 -1.0 0.0
    outer loop
      vertex 13.0 11.0 16.0
      vertex 13.0 11.0 17.0
      vertex 12.0 11.0 16.0
    endloop
  endfacet
  facet normal 0.0 -0.7071067690849304 -0.7071067690849304
    outer loop
      vertex 12.0 10.0 18.0
      vertex 12.0 11.0 17.0
      vertex 13.0 10.0 18.0
    endloop
  endfacet
  facet normal 0.0 -0.7071067690849304 -0.7071067690849304
    outer loop
      vertex 13.0 10.0 18.0
      vertex 12.0 11.0 17.0
      vertex 13.0 11.0 17.0
    endloop
  endfacet
  facet normal 0.0 0.0 1.0
    outer loop
      vertex 13.0 10.0 18.0
      vertex 12.0 11.0 18.0
      vertex 12.0 10.0 18.0
    endloop
  endfacet
  facet normal 0.0 0.0 1.0
    outer loop
      vertex 13.0 11.0 18.0
      vertex 12.0 11.0 18.0
      vertex 13.0 10.0 18.0
    endloop
  endfacet
  facet normal -0.4876021146774292 -0.6365081667900085 -0.5975795984268188
    outer loop
      vertex 13.0 12.0 13.744473457336426
      vertex 13.0 11.760101318359375 14.0
      vertex 12.686840057373047 12.0 14.0
    endloop
  endfacet
  facet normal 0.0 0.0 0.0
    outer loop
      vertex 12.0 12.0 15.0
      vertex 12.0 12.0 15.0
      vertex 12.686840057373047 12.0 14.0
    endloop
  endfacet
  facet normal -0.5611448884010315 -0.7325096130371094 -0.38541677594184875
    outer loop
      vertex 13.0 11.760101318359375 14.0
      vertex 12.0 12.0 15.0
      vertex 12.686840057373047 12.0 14.0
    endloop
  endfacet
  facet normal 0.0 -0.972409725189209 0.23327980935573578
    outer loop
      vertex 13.0 12.0 15.0
      vertex 12.0 12.0 15.0
      vertex 13.0 11.760101318359375 14.0
    endloop
  endfacet
  facet normal 0.0 -0.7071067690849304 -0.7071067690849304
    outer loop
      vertex 12.0 11.0 16.0
      vertex 12.0 12.0 15.0
      vertex 13.0 11.0 16.0
    endloop
  endfacet
  facet normal 0.0 -0.7071067690849304 -0.7071067690849304
    outer loop
      vertex 13.0 11.0 16.0
      vertex 12.0 12.0 15.0
      vertex 13.0 12.0 15.0
    endloop
  endfacet
  facet normal 0.0 0.0 1.0
    outer loop
      vertex 13.0 11.0 18.0
      vertex 12.0 12.0 18.0
      vertex 12.0 11.0 18.0
    endloop
  endfacet
  facet normal 0.0 0.0 1.0
    outer loop
      vertex 13.0 12.0 18.0
      vertex 12.0 12.0 18.0
      vertex 13.0 11.0 18.0
    endloop
  endfacet
  facet normal -0.5343723297119141 -0.5343723297119141 -0.6548987627029419
    outer loop
      vertex 13.0 12.0 13.744473457336426
      vertex 12.686840057373047 12.0 14.0
      vertex 12.0 12.686840057373047 14.0
    endloop
  endfacet
  facet normal -0.5343723893165588 -0.5343723893165588 -0.6548987627029419
    outer loop
      vertex 12.0 13.0 13.744473457336426
      vertex 13.0 12.0 13.744473457336426
      vertex 12.0 12.686840057373047 14.0
    endloop
  endfacet
  facet normal -0.17142124474048615 -0.17142124474048615 -0.9701697826385498
    outer loop
      vertex 13.0 13.0 13.567781448364258
      vertex 13.0 12.0 13.744473457336426
      vertex 12.0 13.0 13.744473457336426
    endloop
  endfacet
  facet normal -0.636059582233429 -0.636059582233429 -0.4368712306022644
    outer loop
      vertex 12.0 12.686840057373047 14.0
      vertex 12.686840057373047 12.0 14.0
      vertex 12.0 12.0 15.0
    endloop
  endfacet
  facet normal 0.0 0.0 1.0
    outer loop
      vertex 13.0 12.0 18.0
      vertex 12.0 13.0 18.0
      vertex 12.0 12.0 18.0
    endloop
  endfacet
  facet normal 0.0 0.0 1.0
    outer loop
      vertex 13.0 13.0 18.0
      vertex 12.0 13.0 18.0
      vertex 13.0 12.0 18.0
    endloop
  endfacet
  facet normal 0.4609769880771637 0.4609769582748413 -0.758287787437439
    outer loop
      vertex 12.0 14.0 13.567781448364258
      vertex 12.710981369018555 14.0 14.0
      vertex 13.0 13.710981369018555 14.0
    endloop
  endfacet
  facet normal 0.4609769880771637 0.4609769880771637 -0.758287787437439
    outer loop
      vertex 13.0 13.0 13.567781448364258
      vertex 12.0 14.0 13.567781448364258
      vertex 13.0 13.710981369018555 14.0
    endloop
  endfacet
  facet normal -0.17142124474048615 -0.17142124474048615 -0.9701697826385498
    outer loop
      vertex 12.0 13.0 13.744473457336426
      vertex 12.0 14.0 13.567781448364258
      vertex 13.0 13.0 13.567781448364258
    endloop
  endfacet
  facet normal 0.6317616701126099 0.6317616701126099 0.4491707682609558
    outer loop
      vertex 12.0 14.0 15.0
      vertex 13.0 13.0 15.0
      vertex 12.710981369018555 14.0 14.0
    endloop
  endfacet
  facet normal 0.6317616701126099 0.6317616701126099 0.4491707682609558
    outer loop
      vertex 12.710981369018555 14.0 14.0
      vertex 13.0 13.0 15.0
      vertex 13.0 13.710981369018555 14.0
    endloop
  endfacet
  facet normal 0.7071067690849304 0.7071067690849304 0.0
    outer loop
      vertex 12.0 14.0 16.0
      vertex 13.0 13.0 16.0
      vertex 12.0 14.0 15.0
    endloop
  endfacet
  facet normal 0.7071067690849304 0.7071067690849304 0.0
    outer loop
      vertex 12.0 14.0 15.0
      vertex 13.0 13.0 16.0
      vertex 13.0 13.0 15.0
    endloop
  endfacet
  facet normal 0.7071067690849304 0.7071067690849304 0.0
    outer loop
      vertex 12.0 14.0 17.0
      vertex 13.0 13.0 17.0
      vertex 12.0 14.0 16.0
    endloop
  endfacet
  facet normal 0.7071067690849304 0.7071067690849304 0.0
    outer loop
      vertex 12.0 14.0 16.0
      vertex 13.0 13.0 17.0
      vertex 13.0 13.0 16.0
    endloop
  endfacet
  facet normal 0.7071067690849304 0.7071067690849304 0.0
    outer loop
      vertex 12.0 14.0 18.0
      vertex 13.0 13.0 18.0
      vertex 12.0 14.0 17.0
    endloop
  endfacet
  facet normal 0.7071067690849304 0.7071067690849304 0.0
    outer loop
      vertex 12.0 14.0 17.0
      vertex 13.0 13.0 18.0
      vertex 13.0 13.0 17.0
    endloop
  endfacet
  facet normal 0.0 0.0 0.0
    outer loop
      vertex 13.0 13.0 18.0
      vertex 13.0 13.0 18.0
      vertex 12.0 14.0 18.0
    endloop
  endfacet
  facet normal 0.0 0.0 0.0
    outer loop
      vertex 12.0 14.0 18.0
      vertex 13.0 13.0 18.0
      vertex 12.0 14.0 18.0
    endloop
  endfacet
  facet normal 0.0 0.0 1.0
    outer loop
      vertex 12.0 13.0 18.0
      vertex 13.0 13.0 18.0
      vertex 12.0 14.0 18.0
    endloop
  endfacet
  facet normal 0.7194905281066895 0.22800537943840027 -0.6560083627700806
    outer loop
      vertex 12.0 15.0 13.567781448364258
      vertex 12.394083023071289 15.0 14.0
      vertex 12.710981369018555 14.0 14.0
    endloop
  endfacet
  facet normal 0.5194621682167053 0.0 -0.8544934391975403
    outer loop
      vertex 12.0 15.0 13.567781448364258
      vertex 12.710981369018555 14.0 14.0
      vertex 12.0 14.0 13.567781448364258
    endloop
  endfacet
  facet normal 0.8150052428245544 0.0 0.5794535875320435
    outer loop
      vertex 12.710981369018555 14.0 14.0
      vertex 12.0 15.0 15.0
      vertex 12.0 14.0 15.0
    endloop
  endfacet
  facet normal 0.8923856616020203 0.2827955484390259 0.35167402029037476
    outer loop
      vertex 12.710981369018555 14.0 14.0
      vertex 12.394083023071289 15.0 14.0
      vertex 12.0 15.0 15.0
    endloop
  endfacet
  facet normal 1.0 0.0 0.0
    outer loop
      vertex 12.0 14.0 15.0
      vertex 12.0 15.0 16.0
      vertex 12.0 14.0 16.0
    endloop
  endfacet
  facet normal 1.0 0.0 0.0
    outer loop
      vertex 12.0 14.0 15.0
      vertex 12.0 15.0 15.0
      vertex 12.0 15.0 16.0
    endloop
  endfacet
  facet normal 1.0 0.0 0.0
    outer loop
      vertex 12.0 14.0 16.0
      vertex 12.0 15.0 17.0
      vertex 12.0 14.0 17.0
    endloop
  endfacet
  facet normal 1.0 0.0 0.0
    outer loop
      vertex 12.0 14.0 16.0
      vertex 12.0 15.0 16.0
      vertex 12.0 15.0 17.0
    endloop
  endfacet
  facet normal 1.0 0.0 0.0
    outer loop
      vertex 12.0 14.0 17.0
      vertex 12.0 15.0 18.0
      vertex 12.0 14.0 18.0
    endloop
  endfacet
  facet normal 1.0 0.0 0.0
    outer loop
      vertex 12.0 14.0 17.0
      vertex 12.0 15.0 17.0
      vertex 12.0 15.0 18.0
    endloop
  endfacet
  facet normal 0.0 0.0 0.0
    outer loop
      vertex 12.0 15.0 18.0
      vertex 12.0 15.0 18.0
      vertex 12.0 14.0 18.0
    endloop
  endfacet
  facet normal 0.0 0.0 0.0
    outer loop
      vertex 12.0 15.0 18.0
      vertex 12.0 14.0 18.0
      vertex 12.0 14.0 18.0
    endloop
  endfacet
  facet normal 0.7389546632766724 0.0 -0.6737551689147949
    outer loop
      vertex 12.0 16.0 13.567781448364258
      vertex 12.394083023071289 16.0 14.0
      vertex 12.394083023071289 15.0 14.0
    endloop
  endfacet
  facet normal 0.7389546632766724 0.0 -0.6737551689147949
    outer loop
      vertex 12.0 16.0 13.567781448364258
      vertex 12.394083023071289 15.0 14.0
      vertex 12.0 15.0 13.567781448364258
    endloop
  endfacet
  facet normal 0.9303628206253052 0.0 0.36664018034935
    outer loop
      vertex 12.394083023071289 15.0 14.0
      vertex 12.0 16.0 15.0
      vertex 12.0 15.0 15.0
    endloop
  endfacet
  facet normal 0.9303628206253052 -0.0 0.36664018034935
    outer loop
      vertex 12.394083023071289 15.0 14.0
      vertex 12.394083023071289 16.0 14.0
      vertex 12.0 16.0 15.0
    endloop
  endfacet
  facet normal 1.0 0.0 0.0
    outer loop
      vertex 12.0 15.0 15.0
      vertex 12.0 16.0 16.0
      vertex 12.0 15.0 16.0
    endloop
  endfacet
  facet normal 1.0 0.0 0.0
    outer loop
      vertex 12.0 15.0 15.0
      vertex 12.0 16.0 15.0
      vertex 12.0 16.0 16.0
    endloop
  endfacet
  facet normal 1.0 0.0 0.0
    outer loop
      vertex 12.0 15.0 16.0
      vertex 12.0 16.0 17.0
      vertex 12.0 15.0 17.0
    endloop
  endfacet
  facet normal 1.0 0.0 0.0
    outer loop
      vertex 12.0 15.0 16.0
      vertex 12.0 16.0 16.0
      vertex 12.0 16.0 17.0
    endloop
  endfacet
  facet normal 1.0 0.0 0.0
    outer loop
      vertex 12.0 15.0 17.0
      vertex 12.0 16.0 18.0
      vertex 12.0 15.0 18.0
    endloop
  endfacet
  facet normal 1.0 0.0 0.0
    outer loop
      vertex 12.0 15.0 17.0
      vertex 12.0 16.0 17.0
      vertex 12.0 16.0 18.0
    endloop
  endfacet
  facet normal 0.0 0.0 0.0
    outer loop
      vertex 12.0 16.0 18.0
      vertex 12.0 16.0 18.0
      vertex 12.0 15.0 18.0
    endloop
  endfacet
  facet normal 0.0 0.0 0.0
    outer loop
      vertex 12.0 16.0 18.0
      vertex 12.0 15.0 18.0
      vertex 12.0 15.0 18.0
    endloop
  endfacet
  facet normal 0.5125637054443359 -0.16243059933185577 -0.8431457281112671
    outer loop
      vertex 12.0 17.0 13.567781448364258
      vertex 12.710981369018555 17.0 14.0
      vertex 12.394083023071289 16.0 14.0
    endloop
  endfacet
  facet normal 0.7389546632766724 0.0 -0.6737551689147949
    outer loop
      vertex 12.0 17.0 13.567781448364258
      vertex 12.394083023071289 16.0 14.0
      vertex 12.0 16.0 13.567781448364258
    endloop
  endfacet
  facet normal 0.9303628206253052 0.0 0.36664018034935
    outer loop
      vertex 12.394083023071289 16.0 14.0
      vertex 12.0 17.0 15.0
      vertex 12.0 16.0 15.0
    endloop
  endfacet
  facet normal 0.7891111373901367 -0.2500680088996887 0.5610433220863342
    outer loop
      vertex 12.394083023071289 16.0 14.0
      vertex 12.710981369018555 17.0 14.0
      vertex 12.0 17.0 15.0
    endloop
  endfacet
  facet normal 1.0 0.0 0.0
    outer loop
      vertex 12.0 16.0 15.0
      vertex 12.0 17.0 16.0
      vertex 12.0 16.0 16.0
    endloop
  endfacet
  facet normal 1.0 0.0 0.0
    outer loop
      vertex 12.0 16.0 15.0
      vertex 12.0 17.0 15.0
      vertex 12.0 17.0 16.0
    endloop
  endfacet
  facet normal 1.0 0.0 0.0
    outer loop
      vertex 12.0 16.0 16.0
      vertex 12.0 17.0 17.0
      vertex 12.0 16.0 17.0
    endloop
  endfacet
  facet normal 1.0 0.0 0.0
    outer loop
      vertex 12.0 16.0 16.0
      vertex 12.0 17.0 16.0
      vertex 12.0 17.0 17.0
    endloop
  endfacet
  facet normal 1.0 0.0 0.0
    outer loop
      vertex 12.0 16.0 17.0
      vertex 12.0 17.0 18.0
      vertex 12.0 16.0 18.0
    endloop
  endfacet
  facet normal 1.0 0.0 0.0
    outer loop
      vertex 12.0 16.0 17.0
      vertex 12.0 17.0 17.0
      vertex 12.0 17.0 18.0
    endloop
  endfacet
  facet normal 0.0 0.0 0.0
    outer loop
      vertex 12.0 17.0 18.0
      vertex 12.0 17.0 18.0
      vertex 12.0 16.0 18.0
    endloop
  endfacet
  facet normal 0.0 0.0 0.0
    outer loop
      vertex 12.0 17.0 18.0
      vertex 12.0 16.0 18.0
      vertex 12.0 16.0 18.0
    endloop
  endfacet
  facet normal 0.4609769582748413 -0.4609769880771637 -0.758287787437439
    outer loop
      vertex 13.0 18.0 13.567781448364258
      vertex 13.0 17.289018630981445 14.0
      vertex 12.710981369018555 17.0 14.0
    endloop
  endfacet
  facet normal 0.4609769880771637 -0.4609769880771637 -0.758287787437439
    outer loop
      vertex 12.0 17.0 13.567781448364258
      vertex 13.0 18.0 13.567781448364258
      vertex 12.710981369018555 17.0 14.0
    endloop
  endfacet
  facet normal -0.17142124474048615 0.17142124474048615 -0.9701697826385498
    outer loop
      vertex 12.0 18.0 13.744473457336426
      vertex 13.0 18.0 13.567781448364258
      vertex 12.0 17.0 13.567781448364258
    endloop
  endfacet
  facet normal 0.6317616701126099 -0.6317616701126099 0.4491707682609558
    outer loop
      vertex 12.710981369018555 17.0 14.0
      vertex 13.0 17.289018630981445 14.0
      vertex 12.0 17.0 15.0
    endloop
  endfacet
  facet normal 0.6317616701126099 -0.6317616701126099 0.4491707682609558
    outer loop
      vertex 12.0 17.0 15.0
      vertex 13.0 17.289018630981445 14.0
      vertex 13.0 18.0 15.0
    endloop
  endfacet
  facet normal 0.7071067690849304 -0.7071067690849304 0.0
    outer loop
      vertex 12.0 17.0 15.0
      vertex 13.0 18.0 15.0
      vertex 12.0 17.0 16.0
    endloop
  endfacet
  facet normal 0.7071067690849304 -0.7071067690849304 0.0
    outer loop
      vertex 12.0 17.0 16.0
      vertex 13.0 18.0 15.0
      vertex 13.0 18.0 16.0
    endloop
  endfacet
  facet normal 0.7071067690849304 -0.7071067690849304 0.0
    outer loop
      vertex 12.0 17.0 16.0
      vertex 13.0 18.0 16.0
      vertex 12.0 17.0 17.0
    endloop
  endfacet
  facet normal 0.7071067690849304 -0.7071067690849304 0.0
    outer loop
      vertex 12.0 17.0 17.0
      vertex 13.0 18.0 16.0
      vertex 13.0 18.0 17.0
    endloop
  endfacet
  facet normal 0.7071067690849304 -0.7071067690849304 0.0
    outer loop
      vertex 12.0 17.0 17.0
      vertex 13.0 18.0 17.0
      vertex 12.0 17.0 18.0
    endloop
  endfacet
  facet normal 0.7071067690849304 -0.7071067690849304 0.0
    outer loop
      vertex 12.0 17.0 18.0
      vertex 13.0 18.0 17.0
      vertex 13.0 18.0 18.0
    endloop
  endfacet
  facet normal 0.0 0.0 0.0
    outer loop
      vertex 12.0 17.0 18.0
      vertex 12.0 17.0 18.0
      vertex 13.0 18.0 18.0
    endloop
  endfacet
  facet normal 0.0 0.0 0.0
    outer loop
      vertex 13.0 18.0 18.0
      vertex 12.0 17.0 18.0
      vertex 13.0 18.0 18.0
    endloop
  endfacet
  facet normal -0.0 0.0 1.0
    outer loop
      vertex 12.0 18.0 18.0
      vertex 12.0 17.0 18.0
      vertex 13.0 18.0 18.0
    endloop
  endfacet
  facet normal -0.5343723297119141 0.5343723297119141 -0.6548987627029419
    outer loop
      vertex 12.0 18.0 13.744473457336426
      vertex 12.0 18.313159942626953 14.0
      vertex 12.686840057373047 19.0 14.0
    endloop
  endfacet
  facet normal -0.5343723893165588 0.5343723893165588 -0.6548987627029419
    outer loop
      vertex 13.0 19.0 13.744473457336426
      vertex 12.0 18.0 13.744473457336426
      vertex 12.686840057373047 19.0 14.0
    endloop
  endfacet
  facet normal -0.17142124474048615 0.17142124474048615 -0.9701697826385498
    outer loop
      vertex 13.0 18.0 13.567781448364258
      vertex 12.0 18.0 13.744473457336426
      vertex 13.0 19.0 13.744473457336426
    endloop
  endfacet
  facet normal -0.636059582233429 0.636059582233429 -0.4368712306022644
    outer loop
      vertex 12.0 19.0 15.0
      vertex 12.686840057373047 19.0 14.0
      vertex 12.0 18.313159942626953 14.0
    endloop
  endfacet
  facet normal 0.0 0.0 1.0
    outer loop
      vertex 13.0 18.0 18.0
      vertex 12.0 19.0 18.0
      vertex 12.0 18.0 18.0
    endloop
  endfacet
  facet normal 0.0 0.0 1.0
    outer loop
      vertex 13.0 19.0 18.0
      vertex 12.0 19.0 18.0
      vertex 13.0 18.0 18.0
    endloop
  endfacet
  facet normal -0.4876021146774292 0.6365081667900085 -0.5975795984268188
    outer loop
      vertex 13.0 19.239898681640625 14.0
      vertex 13.0 19.0 13.744473457336426
      vertex 12.686840057373047 19.0 14.0
    endloop
  endfacet
  facet normal -0.5611448884010315 0.7325096130371094 -0.38541677594184875
    outer loop
      vertex 13.0 19.239898681640625 14.0
      vertex 12.686840057373047 19.0 14.0
      vertex 12.0 19.0 15.0
    endloop
  endfacet
  facet normal 0.0 0.0 0.0
    outer loop
      vertex 12.0 19.0 15.0
      vertex 13.0 19.239898681640625 14.0
      vertex 12.0 19.0 15.0
    endloop
  endfacet
  facet normal 0.0 0.972409725189209 0.23327980935573578
    outer loop
      vertex 13.0 19.0 15.0
      vertex 13.0 19.239898681640625 14.0
      vertex 12.0 19.0 15.0
    endloop
  endfacet
  facet normal 0.0 0.7071067690849304 -0.7071067690849304
    outer loop
      vertex 12.0 19.0 15.0
      vertex 12.0 20.0 16.0
      vertex 13.0 19.0 15.0
    endloop
  endfacet
  facet normal 0.0 0.7071067690849304 -0.7071067690849304
    outer loop
      vertex 13.0 19.0 15.0
      vertex 12.0 20.0 16.0
      vertex 13.0 20.0 16.0
    endloop
  endfacet
  facet normal 0.0 0.0 1.0
    outer loop
      vertex 13.0 19.0 18.0
      vertex 12.0 20.0 18.0
      vertex 12.0 19.0 18.0
    endloop
  endfacet
  facet normal 0.0 0.0 1.0
    outer loop
      vertex 13.0 20.0 18.0
      vertex 12.0 20.0 18.0
      vertex 13.0 19.0 18.0
    endloop
  endfacet
  facet normal 0.0 0.0 0.0
    outer loop
      vertex 13.0 20.0 16.0
      vertex 13.0 20.0 16.0
      vertex 12.0 20.0 16.0
    endloop
  endfacet
  facet normal 0.0 0.0 0.0
    outer loop
      vertex 13.0 20.0 16.0
      vertex 12.0 20.0 16.0
      vertex 12.0 20.0 16.0
    endloop
  endfacet
  facet normal 0.0 1.0 0.0
    outer loop
      vertex 13.0 20.0 17.0
      vertex 12.0 20.0 16.0
      vertex 12.0 20.0 17.0
    endloop
  endfacet
  facet normal 0.0 1.0 0.0
    outer loop
      vertex 13.0 20.0 17.0
      vertex 13.0 20.0 16.0
      vertex 12.0 20.0 16.0
    endloop
  endfacet
  facet normal 0.0 0.7071067690849304 -0.7071067690849304
    outer loop
      vertex 12.0 20.0 17.0
      vertex 12.0 21.0 18.0
      vertex 13.0 20.0 17.0
    endloop
  endfacet
  facet normal 0.0 0.7071067690849304 -0.7071067690849304
    outer loop
      vertex 13.0 20.0 17.0
      vertex 12.0 21.0 18.0
      vertex 13.0 21.0 18.0
    endloop
  endfacet
  facet normal 0.0 0.0 1.0
    outer loop
      vertex 13.0 20.0 18.0
      vertex 12.0 21.0 18.0
      vertex 12.0 20.0 18.0
    endloop
  endfacet
  facet normal 0.0 0.0 1.0
    outer loop
      vertex 13.0 21.0 18.0
      vertex 12.0 21.0 18.0
      vertex 13.0 20.0 18.0
    endloop
  endfacet
  facet normal 0.0 0.0 0.0
    outer loop
      vertex 13.0 21.0 18.0
      vertex 13.0 21.0 18.0
      vertex 12.0 21.0 18.0
    endloop
  endfacet
  facet normal 0.0 0.0 0.0
    outer loop
      vertex 13.0 21.0 18.0
      vertex 12.0 21.0 18.0
      vertex 12.0 21.0 18.0
    endloop
  endfacet
  facet normal 0.0 0.0 0.0
    outer loop
      vertex 12.0 21.0 18.0
      vertex 12.0 21.0 18.0
      vertex 13.0 21.0 18.0
    endloop
  endfacet
  facet normal 0.0 0.0 0.0
    outer loop
      vertex 12.0 21.0 18.0
      vertex 13.0 21.0 18.0
      vertex 13.0 21.0 18.0
    endloop
  endfacet
  facet normal 0.0 0.0 0.0
    outer loop
      vertex 14.0 10.0 18.0
      vertex 14.0 10.0 18.0
      vertex 13.0 10.0 18.0
    endloop
  endfacet
  facet normal 0.0 0.0 0.0
    outer loop
      vertex 14.0 10.0 18.0
      vertex 13.0 10.0 18.0
      vertex 13.0 10.0 18.0
    endloop
  endfacet
  facet normal 0.0 0.0 0.0
    outer loop
      vertex 13.0 10.0 18.0
      vertex 13.0 10.0 18.0
      vertex 14.0 10.0 18.0
    endloop
  endfacet
  facet normal 0.0 0.0 0.0
    outer loop
      vertex 13.0 10.0 18.0
      vertex 14.0 10.0 18.0
      vertex 14.0 10.0 18.0
    endloop
  endfacet
  facet normal 0.0 0.0 0.0
    outer loop
      vertex 14.0 11.0 16.0
      vertex 14.0 11.0 16.0
      vertex 13.0 11.0 16.0
    endloop
  endfacet
  facet normal 0.0 0.0 0.0
    outer loop
      vertex 14.0 11.0 16.0
      vertex 13.0 11.0 16.0
      vertex 13.0 11.0 16.0
    endloop
  endfacet
  facet normal 0.0 -1.0 0.0
    outer loop
      vertex 13.0 11.0 16.0
      vertex 14.0 11.0 17.0
      vertex 13.0 11.0 17.0
    endloop
  endfacet
  facet normal 0.0 -1.0 0.0
    outer loop
      vertex 14.0 11.0 16.0
      vertex 14.0 11.0 17.0
      vertex 13.0 11.0 16.0
    endloop
  endfacet
  facet normal 0.0 -0.7071067690849304 -0.7071067690849304
    outer loop
      vertex 13.0 10.0 18.0
      vertex 13.0 11.0 17.0
      vertex 14.0 10.0 18.0
    endloop
  endfacet
  facet normal 0.0 -0.7071067690849304 -0.7071067690849304
    outer loop
      vertex 14.0 10.0 18.0
      vertex 13.0 11.0 17.0
      vertex 14.0 11.0 17.0
    endloop
  endfacet
  facet normal 0.0 0.0 1.0
    outer loop
      vertex 14.0 10.0 18.0
      vertex 13.0 11.0 18.0
      vertex 13.0 10.0 18.0
    endloop
  endfacet
  facet normal 0.0 0.0 1.0
    outer loop
      vertex 14.0 11.0 18.0
      vertex 13.0 11.0 18.0
      vertex 14.0 10.0 18.0
    endloop
  endfacet
  facet normal -0.1973940134048462 -0.5890278220176697 -0.7836336493492126
    outer loop
      vertex 14.0 12.0 13.567781448364258
      vertex 14.0 11.424983024597168 14.0
      vertex 13.0 11.760101318359375 14.0
    endloop
  endfacet
  facet normal -0.12006395310163498 -0.7237755656242371 -0.6795098781585693
    outer loop
      vertex 14.0 12.0 13.567781448364258
      vertex 13.0 11.760101318359375 14.0
      vertex 13.0 12.0 13.744473457336426
    endloop
  endfacet
  facet normal 0.0 -0.972409725189209 0.23327980935573578
    outer loop
      vertex 13.0 11.760101318359375 14.0
      vertex 14.0 12.0 15.0
      vertex 13.0 12.0 15.0
    endloop
  endfacet
  facet normal -0.27897974848747253 -0.8324813842773438 0.4786909520626068
    outer loop
      vertex 14.0 11.424983024597168 14.0
      vertex 14.0 12.0 15.0
      vertex 13.0 11.760101318359375 14.0
    endloop
  endfacet
  facet normal 0.0 -0.7071067690849304 -0.7071067690849304
    outer loop
      vertex 13.0 11.0 16.0
      vertex 13.0 12.0 15.0
      vertex 14.0 11.0 16.0
    endloop
  endfacet
  facet normal 0.0 -0.7071067690849304 -0.7071067690849304
    outer loop
      vertex 14.0 11.0 16.0
      vertex 13.0 12.0 15.0
      vertex 14.0 12.0 15.0
    endloop
  endfacet
  facet normal 0.0 0.0 1.0
    outer loop
      vertex 14.0 11.0 18.0
      vertex 13.0 12.0 18.0
      vertex 13.0 11.0 18.0
    endloop
  endfacet
  facet normal 0.0 0.0 1.0
    outer loop
      vertex 14.0 12.0 18.0
      vertex 13.0 12.0 18.0
      vertex 14.0 11.0 18.0
    endloop
  endfacet
  facet normal 0.4609769880771637 0.4609769582748413 -0.758287787437439
    outer loop
      vertex 13.0 13.0 13.567781448364258
      vertex 13.710981369018555 13.0 14.0
      vertex 14.0 12.710981369018555 14.0
    endloop
  endfacet
  facet normal 0.4609769880771637 0.4609769880771637 -0.758287787437439
    outer loop
      vertex 14.0 12.0 13.567781448364258
      vertex 13.0 13.0 13.567781448364258
      vertex 14.0 12.710981369018555 14.0
    endloop
  endfacet
  facet normal -0.17142124474048615 -0.17142124474048615 -0.9701697826385498
    outer loop
      vertex 13.0 12.0 13.744473457336426
      vertex 13.0 13.0 13.567781448364258
      vertex 14.0 12.0 13.567781448364258
    endloop
  endfacet
  facet normal 0.6317616701126099 0.6317616701126099 0.4491707682609558
    outer loop
      vertex 13.0 13.0 15.0
      vertex 14.0 12.0 15.0
      vertex 13.710981369018555 13.0 14.0
    endloop
  endfacet
  facet normal 0.6317616701126099 0.6317616701126099 0.4491707682609558
    outer loop
      vertex 13.710981369018555 13.0 14.0
      vertex 14.0 12.0 15.0
      vertex 14.0 12.710981369018555 14.0
    endloop
  endfacet
  facet normal 0.7071067690849304 0.7071067690849304 0.0
    outer loop
      vertex 13.0 13.0 16.0
      vertex 14.0 12.0 16.0
      vertex 13.0 13.0 15.0
    endloop
  endfacet
  facet normal 0.7071067690849304 0.7071067690849304 0.0
    outer loop
      vertex 13.0 13.0 15.0
      vertex 14.0 12.0 16.0
      vertex 14.0 12.0 15.0
    endloop
  endfacet
  facet normal 0.7071067690849304 0.7071067690849304 0.0
    outer loop
      vertex 13.0 13.0 17.0
      vertex 14.0 12.0 17.0
      vertex 13.0 13.0 16.0
    endloop
  endfacet
  facet normal 0.7071067690849304 0.7071067690849304 0.0
    outer loop
      vertex 13.0 13.0 16.0
      vertex 14.0 12.0 17.0
      vertex 14.0 12.0 16.0
    endloop
  endfacet
  facet normal 0.7071067690849304 0.7071067690849304 0.0
    outer loop
      vertex 13.0 13.0 18.0
      vertex 14.0 12.0 18.0
      vertex 13.0 13.0 17.0
    endloop
  endfacet
  facet normal 0.7071067690849304 0.7071067690849304 0.0
    outer loop
      vertex 13.0 13.0 17.0
      vertex 14.0 12.0 18.0
      vertex 14.0 12.0 17.0
    endloop
  endfacet
  facet normal 0.0 0.0 0.0
    outer loop
      vertex 14.0 12.0 18.0
      vertex 14.0 12.0 18.0
      vertex 13.0 13.0 18.0
    endloop
  endfacet
  facet normal 0.0 0.0 0.0
    outer loop
      vertex 13.0 13.0 18.0
      vertex 14.0 12.0 18.0
      vertex 13.0 13.0 18.0
    endloop
  endfacet
  facet normal 0.0 0.0 1.0
    outer loop
      vertex 13.0 12.0 18.0
      vertex 14.0 12.0 18.0
      vertex 13.0 13.0 18.0
    endloop
  endfacet
  facet normal 0.4609769880771637 0.4609769880771637 -0.758287787437439
    outer loop
      vertex 13.0 13.710981369018555 14.0
      vertex 13.710981369018555 13.0 14.0
      vertex 13.0 13.0 13.567781448364258
    endloop
  endfacet
  facet normal 0.6317616701126099 0.6317616701126099 0.4491707980632782
    outer loop
      vertex 13.710981369018555 13.0 14.0
      vertex 13.0 13.710981369018555 14.0
      vertex 13.0 13.0 15.0
    endloop
  endfacet
  facet normal 0.0 0.0 0.0
    outer loop
      vertex 13.710981369018555 13.0 14.0
      vertex 13.0 13.0 15.0
      vertex 13.0 13.0 15.0
    endloop
  endfacet
  facet normal 0.0 0.0 0.0
    outer loop
      vertex 13.0 13.0 15.0
      vertex 13.0 13.0 15.0
      vertex 13.0 13.0 16.0
    endloop
  endfacet
  facet normal 0.0 0.0 0.0
    outer loop
      vertex 13.0 13.0 15.0
      vertex 13.0 13.0 16.0
      vertex 13.0 13.0 16.0
    endloop
  endfacet
  facet normal 0.0 0.0 0.0
    outer loop
      vertex 13.0 13.0 16.0
      vertex 13.0 13.0 16.0
      vertex 13.0 13.0 17.0
    endloop
  endfacet
  facet normal 0.0 0.0 0.0
    outer loop
      vertex 13.0 13.0 16.0
      vertex 13.0 13.0 17.0
      vertex 13.0 13.0 17.0
    endloop
  endfacet
  facet normal 0.0 0.0 0.0
    outer loop
      vertex 13.0 13.0 17.0
      vertex 13.0 13.0 17.0
      vertex 13.0 13.0 18.0
    endloop
  endfacet
  facet normal 0.0 0.0 0.0
    outer loop
      vertex 13.0 13.0 17.0
      vertex 13.0 13.0 18.0
      vertex 13.0 13.0 18.0
    endloop
  endfacet
  facet normal 0.0 0.0 0.0
    outer loop
      vertex 13.0 13.0 18.0
      vertex 13.0 13.0 18.0
      vertex 13.0 13.0 18.0
    endloop
  endfacet
  facet normal 0.4609769880771637 -0.4609769880771637 -0.758287787437439
    outer loop
      vertex 13.0 18.0 13.567781448364258
      vertex 13.710981369018555 18.0 14.0
      vertex 13.0 17.289018630981445 14.0
    endloop
  endfacet
  facet normal 0.0 0.0 0.0
    outer loop
      vertex 13.0 18.0 15.0
      vertex 13.0 18.0 15.0
      vertex 13.0 17.289018630981445 14.0
    endloop
  endfacet
  facet normal 0.6317616701126099 -0.6317616701126099 0.4491707980632782
    outer loop
      vertex 13.0 18.0 15.0
      vertex 13.0 17.289018630981445 14.0
      vertex 13.710981369018555 18.0 14.0
    endloop
  endfacet
  facet normal 0.0 0.0 0.0
    outer loop
      vertex 13.0 18.0 16.0
      vertex 13.0 18.0 16.0
      vertex 13.0 18.0 15.0
    endloop
  endfacet
  facet normal 0.0 0.0 0.0
    outer loop
      vertex 13.0 18.0 16.0
      vertex 13.0 18.0 15.0
      vertex 13.0 18.0 15.0
    endloop
  endfacet
  facet normal 0.0 0.0 0.0
    outer loop
      vertex 13.0 18.0 17.0
      vertex 13.0 18.0 17.0
      vertex 13.0 18.0 16.0
    endloop
  endfacet
  facet normal 0.0 0.0 0.0
    outer loop
      vertex 13.0 18.0 17.0
      vertex 13.0 18.0 16.0
      vertex 13.0 18.0 16.0
    endloop
  endfacet
  facet normal 0.0 0.0 0.0
    outer loop
      vertex 13.0 18.0 18.0
      vertex 13.0 18.0 18.0
      vertex 13.0 18.0 17.0
    endloop
  endfacet
  facet normal 0.0 0.0 0.0
    outer loop
      vertex 13.0 18.0 18.0
      vertex 13.0 18.0 17.0
      vertex 13.0 18.0 17.0
    endloop
  endfacet
  facet normal 0.0 0.0 0.0
    outer loop
      vertex 13.0 18.0 18.0
      vertex 13.0 18.0 18.0
      vertex 13.0 18.0 18.0
    endloop
  endfacet
  facet normal 0.4609769582748413 -0.4609769880771637 -0.758287787437439
    outer loop
      vertex 14.0 19.0 13.567781448364258
      vertex 14.0 18.289018630981445 14.0
      vertex 13.710981369018555 18.0 14.0
    endloop
  endfacet
  facet normal 0.4609769880771637 -0.4609769880771637 -0.758287787437439
    outer loop
      vertex 13.0 18.0 13.567781448364258
      vertex 14.0 19.0 13.567781448364258
      vertex 13.710981369018555 18.0 14.0
    endloop
  endfacet
  facet normal -0.17142124474048615 0.17142124474048615 -0.9701697826385498
    outer loop
      vertex 13.0 19.0 13.744473457336426
      vertex 14.0 19.0 13.567781448364258
      vertex 13.0 18.0 13.567781448364258
    endloop
  endfacet
  facet normal 0.6317616701126099 -0.6317616701126099 0.4491707682609558
    outer loop
      vertex 13.710981369018555 18.0 14.0
      vertex 14.0 18.289018630981445 14.0
      vertex 13.0 18.0 15.0
    endloop
  endfacet
  facet normal 0.6317616701126099 -0.6317616701126099 0.4491707682609558
    outer loop
      vertex 13.0 18.0 15.0
      vertex 14.0 18.289018630981445 14.0
      vertex 14.0 19.0 15.0
    endloop
  endfacet
  facet normal 0.7071067690849304 -0.7071067690849304 0.0
    outer loop
      vertex 13.0 18.0 15.0
      vertex 14.0 19.0 15.0
      vertex 13.0 18.0 16.0
    endloop
  endfacet
  facet normal 0.7071067690849304 -0.7071067690849304 0.0
    outer loop
      vertex 13.0 18.0 16.0
      vertex 14.0 19.0 15.0
      vertex 14.0 19.0 16.0
    endloop
  endfacet
  facet normal 0.7071067690849304 -0.7071067690849304 0.0
    outer loop
      vertex 13.0 18.0 16.0
      vertex 14.0 19.0 16.0
      vertex 13.0 18.0 17.0
    endloop
  endfacet
  facet normal 0.7071067690849304 -0.7071067690849304 0.0
    outer loop
      vertex 13.0 18.0 17.0
      vertex 14.0 19.0 16.0
      vertex 14.0 19.0 17.0
    endloop
  endfacet
  facet normal 0.7071067690849304 -0.7071067690849304 0.0
    outer loop
      vertex 13.0 18.0 17.0
      vertex 14.0 19.0 17.0
      vertex 13.0 18.0 18.0
    endloop
  endfacet
  facet normal 0.7071067690849304 -0.7071067690849304 0.0
    outer loop
      vertex 13.0 18.0 18.0
      vertex 14.0 19.0 17.0
      vertex 14.0 19.0 18.0
    endloop
  endfacet
  facet normal 0.0 0.0 0.0
    outer loop
      vertex 13.0 18.0 18.0
      vertex 13.0 18.0 18.0
      vertex 14.0 19.0 18.0
    endloop
  endfacet
  facet normal 0.0 0.0 0.0
    outer loop
      vertex 14.0 19.0 18.0
      vertex 13.0 18.0 18.0
      vertex 14.0 19.0 18.0
    endloop
  endfacet
  facet normal -0.0 0.0 1.0
    outer loop
      vertex 13.0 19.0 18.0
      vertex 13.0 18.0 18.0
      vertex 14.0 19.0 18.0
    endloop
  endfacet
  facet normal -0.13985268771648407 0.5949457287788391 -0.7915053963661194
    outer loop
      vertex 14.0 19.575016021728516 14.0
      vertex 14.0 19.0 13.567781448364258
      vertex 13.0 19.0 13.744473457336426
    endloop
  endfacet
  facet normal -0.23733636736869812 0.7082186937332153 -0.6649044156074524
    outer loop
      vertex 14.0 19.575016021728516 14.0
      vertex 13.0 19.0 13.744473457336426
      vertex 13.0 19.239898681640625 14.0
    endloop
  endfacet
  facet normal 0.0 0.972409725189209 0.23327980935573578
    outer loop
      vertex 14.0 19.0 15.0
      vertex 13.0 19.239898681640625 14.0
      vertex 13.0 19.0 15.0
    endloop
  endfacet
  facet normal -0.2789791226387024 0.8324819207191467 0.4786904454231262
    outer loop
      vertex 14.0 19.0 15.0
      vertex 14.0 19.575016021728516 14.0
      vertex 13.0 19.239898681640625 14.0
    endloop
  endfacet
  facet normal 0.0 0.7071067690849304 -0.7071067690849304
    outer loop
      vertex 13.0 19.0 15.0
      vertex 13.0 20.0 16.0
      vertex 14.0 19.0 15.0
    endloop
  endfacet
  facet normal 0.0 0.7071067690849304 -0.7071067690849304
    outer loop
      vertex 14.0 19.0 15.0
      vertex 13.0 20.0 16.0
      vertex 14.0 20.0 16.0
    endloop
  endfacet
  facet normal 0.0 0.0 1.0
    outer loop
      vertex 14.0 19.0 18.0
      vertex 13.0 20.0 18.0
      vertex 13.0 19.0 18.0
    endloop
  endfacet
  facet normal 0.0 0.0 1.0
    outer loop
      vertex 14.0 20.0 18.0
      vertex 13.0 20.0 18.0
      vertex 14.0 19.0 18.0
    endloop
  endfacet
  facet normal 0.0 0.0 0.0
    outer loop
      vertex 14.0 20.0 16.0
      vertex 14.0 20.0 16.0
      vertex 13.0 20.0 16.0
    endloop
  endfacet
  facet normal 0.0 0.0 0.0
    outer loop
      vertex 14.0 20.0 16.0
      vertex 13.0 20.0 16.0
      vertex 13.0 20.0 16.0
    endloop
  endfacet
  facet normal 0.0 1.0 0.0
    outer loop
      vertex 14.0 20.0 17.0
      vertex 13.0 20.0 16.0
      vertex 13.0 20.0 17.0
    endloop
  endfacet
  facet normal 0.0 1.0 0.0
    outer loop
      vertex 14.0 20.0 17.0
      vertex 14.0 20.0 16.0
      vertex 13.0 20.0 16.0
    endloop
  endfacet
  facet normal 0.0 0.7071067690849304 -0.7071067690849304
    outer loop
      vertex 13.0 20.0 17.0
      vertex 13.0 21.0 18.0
      vertex 14.0 20.0 17.0
    endloop
  endfacet
  facet normal 0.0 0.7071067690849304 -0.7071067690849304
    outer loop
      vertex 14.0 20.0 17.0
      vertex 13.0 21.0 18.0
      vertex 14.0 21.0 18.0
    endloop
  endfacet
  facet normal 0.0 0.0 1.0
    outer loop
      vertex 14.0 20.0 18.0
      vertex 13.0 21.0 18.0
      vertex 13.0 20.0 18.0
    endloop
  endfacet
  facet normal 0.0 0.0 1.0
    outer loop
      vertex 14.0 21.0 18.0
      vertex 13.0 21.0 18.0
      vertex 14.0 20.0 18.0
    endloop
  endfacet
  facet normal 0.0 0.0 0.0
    outer loop
      vertex 14.0 21.0 18.0
      vertex 14.0 21.0 18.0
      vertex 13.0 21.0 18.0
    endloop
  endfacet
  facet normal 0.0 0.0 0.0
    outer loop
      vertex 14.0 21.0 18.0
      vertex 13.0 21.0 18.0
      vertex 13.0 21.0 18.0
    endloop
  endfacet
  facet normal 0.0 0.0 0.0
    outer loop
      vertex 13.0 21.0 18.0
      vertex 13.0 21.0 18.0
      vertex 14.0 21.0 18.0
    endloop
  endfacet
  facet normal 0.0 0.0 0.0
    outer loop
      vertex 13.0 21.0 18.0
      vertex 14.0 21.0 18.0
      vertex 14.0 21.0 18.0
    endloop
  endfacet
  facet normal 0.0 0.0 0.0
    outer loop
      vertex 15.0 10.0 18.0
      vertex 15.0 10.0 18.0
      vertex 14.0 10.0 18.0
    endloop
  endfacet
  facet normal 0.0 0.0 0.0
    outer loop
      vertex 15.0 10.0 18.0
      vertex 14.0 10.0 18.0
      vertex 14.0 10.0 18.0
    endloop
  endfacet
  facet normal 0.0 0.0 0.0
    outer loop
      vertex 14.0 10.0 18.0
      vertex 14.0 10.0 18.0
      vertex 15.0 10.0 18.0
    endloop
  endfacet
  facet normal 0.0 0.0 0.0
    outer loop
      vertex 14.0 10.0 18.0
      vertex 15.0 10.0 18.0
      vertex 15.0 10.0 18.0
    endloop
  endfacet
  facet normal 0.0 0.0 0.0
    outer loop
      vertex 15.0 11.0 16.0
      vertex 15.0 11.0 16.0
      vertex 14.0 11.0 16.0
    endloop
  endfacet
  facet normal 0.0 0.0 0.0
    outer loop
      vertex 15.0 11.0 16.0
      vertex 14.0 11.0 16.0
      vertex 14.0 11.0 16.0
    endloop
  endfacet
  facet normal 0.0 -1.0 0.0
    outer loop
      vertex 14.0 11.0 16.0
      vertex 15.0 11.0 17.0
      vertex 14.0 11.0 17.0
    endloop
  endfacet
  facet normal 0.0 -1.0 0.0
    outer loop
      vertex 15.0 11.0 16.0
      vertex 15.0 11.0 17.0
      vertex 14.0 11.0 16.0
    endloop
  endfacet
  facet normal 0.0 -0.7071067690849304 -0.7071067690849304
    outer loop
      vertex 14.0 10.0 18.0
      vertex 14.0 11.0 17.0
      vertex 15.0 10.0 18.0
    endloop
  endfacet
  facet normal 0.0 -0.7071067690849304 -0.7071067690849304
    outer loop
      vertex 15.0 10.0 18.0
      vertex 14.0 11.0 17.0
      vertex 15.0 11.0 17.0
    endloop
  endfacet
  facet normal 0.0 0.0 1.0
    outer loop
      vertex 15.0 10.0 18.0
      vertex 14.0 11.0 18.0
      vertex 14.0 10.0 18.0
    endloop
  endfacet
  facet normal 0.0 0.0 1.0
    outer loop
      vertex 15.0 11.0 18.0
      vertex 14.0 11.0 18.0
      vertex 15.0 10.0 18.0
    endloop
  endfacet
  facet normal -0.1486634761095047 -0.4158529043197632 -0.8971987366676331
    outer loop
      vertex 15.0 12.0 13.567781448364258
      vertex 15.0 11.067492485046387 14.0
      vertex 14.0 11.424983024597168 14.0
    endloop
  endfacet
  facet normal -0.0 -0.6008500456809998 -0.7993617653846741
    outer loop
      vertex 15.0 12.0 13.567781448364258
      vertex 14.0 11.424983024597168 14.0
      vertex 14.0 12.0 13.567781448364258
    endloop
  endfacet
  facet normal 0.0 -0.8668999671936035 0.49848219752311707
    outer loop
      vertex 14.0 11.424983024597168 14.0
      vertex 15.0 12.0 15.0
      vertex 14.0 12.0 15.0
    endloop
  endfacet
  facet normal -0.25295037031173706 -0.7075722217559814 0.6598163843154907
    outer loop
      vertex 15.0 11.067492485046387 14.0
      vertex 15.0 12.0 15.0
      vertex 14.0 11.424983024597168 14.0
    endloop
  endfacet
  facet normal 0.0 -0.7071067690849304 -0.7071067690849304
    outer loop
      vertex 14.0 11.0 16.0
      vertex 14.0 12.0 15.0
      vertex 15.0 11.0 16.0
    endloop
  endfacet
  facet normal 0.0 -0.7071067690849304 -0.7071067690849304
    outer loop
      vertex 15.0 11.0 16.0
      vertex 14.0 12.0 15.0
      vertex 15.0 12.0 15.0
    endloop
  endfacet
  facet normal 0.0 0.0 1.0
    outer loop
      vertex 15.0 11.0 18.0
      vertex 14.0 12.0 18.0
      vertex 14.0 11.0 18.0
    endloop
  endfacet
  facet normal 0.0 0.0 1.0
    outer loop
      vertex 15.0 12.0 18.0
      vertex 14.0 12.0 18.0
      vertex 15.0 11.0 18.0
    endloop
  endfacet
  facet normal 0.0 0.7389546632766724 -0.6737551689147949
    outer loop
      vertex 15.0 12.394083023071289 14.0
      vertex 15.0 12.0 13.567781448364258
      vertex 14.0 12.0 13.567781448364258
    endloop
  endfacet
  facet normal 0.16243058443069458 0.5125637054443359 -0.8431457281112671
    outer loop
      vertex 15.0 12.394083023071289 14.0
      vertex 14.0 12.0 13.567781448364258
      vertex 14.0 12.710981369018555 14.0
    endloop
  endfacet
  facet normal 0.0 0.8150052428245544 0.5794535875320435
    outer loop
      vertex 15.0 12.0 15.0
      vertex 14.0 12.710981369018555 14.0
      vertex 14.0 12.0 15.0
    endloop
  endfacet
  facet normal 0.2827955484390259 0.8923856616020203 0.35167402029037476
    outer loop
      vertex 15.0 12.0 15.0
      vertex 15.0 12.394083023071289 14.0
      vertex 14.0 12.710981369018555 14.0
    endloop
  endfacet
  facet normal 0.0 1.0 0.0
    outer loop
      vertex 15.0 12.0 16.0
      vertex 14.0 12.0 15.0
      vertex 14.0 12.0 16.0
    endloop
  endfacet
  facet normal 0.0 1.0 0.0
    outer loop
      vertex 15.0 12.0 16.0
      vertex 15.0 12.0 15.0
      vertex 14.0 12.0 15.0
    endloop
  endfacet
  facet normal 0.0 1.0 0.0
    outer loop
      vertex 15.0 12.0 17.0
      vertex 14.0 12.0 16.0
      vertex 14.0 12.0 17.0
    endloop
  endfacet
  facet normal 0.0 1.0 0.0
    outer loop
      vertex 15.0 12.0 17.0
      vertex 15.0 12.0 16.0
      vertex 14.0 12.0 16.0
    endloop
  endfacet
  facet normal 0.0 1.0 0.0
    outer loop
      vertex 15.0 12.0 18.0
      vertex 14.0 12.0 17.0
      vertex 14.0 12.0 18.0
    endloop
  endfacet
  facet normal 0.0 1.0 0.0
    outer loop
      vertex 15.0 12.0 18.0
      vertex 15.0 12.0 17.0
      vertex 14.0 12.0 17.0
    endloop
  endfacet
  facet normal 0.0 0.0 0.0
    outer loop
      vertex 14.0 12.0 18.0
      vertex 14.0 12.0 18.0
      vertex 15.0 12.0 18.0
    endloop
  endfacet
  facet normal 0.0 0.0 0.0
    outer loop
      vertex 14.0 12.0 18.0
      vertex 15.0 12.0 18.0
      vertex 15.0 12.0 18.0
    endloop
  endfacet
  facet normal 0.22800537943840027 -0.7194905281066895 -0.6560083627700806
    outer loop
      vertex 15.0 19.0 13.567781448364258
      vertex 15.0 18.60591697692871 14.0
      vertex 14.0 18.289018630981445 14.0
    endloop
  endfacet
  facet normal -0.0 -0.5194621682167053 -0.8544934391975403
    outer loop
      vertex 15.0 19.0 13.567781448364258
      vertex 14.0 18.289018630981445 14.0
      vertex 14.0 19.0 13.567781448364258
    endloop
  endfacet
  facet normal 0.0 -0.8150052428245544 0.5794535875320435
    outer loop
      vertex 14.0 18.289018630981445 14.0
      vertex 15.0 19.0 15.0
      vertex 14.0 19.0 15.0
    endloop
  endfacet
  facet normal 0.2827955484390259 -0.8923856616020203 0.35167402029037476
    outer loop
      vertex 15.0 18.60591697692871 14.0
      vertex 15.0 19.0 15.0
      vertex 14.0 18.289018630981445 14.0
    endloop
  endfacet
  facet normal 0.0 -1.0 0.0
    outer loop
      vertex 14.0 19.0 15.0
      vertex 15.0 19.0 16.0
      vertex 14.0 19.0 16.0
    endloop
  endfacet
  facet normal 0.0 -1.0 0.0
    outer loop
      vertex 15.0 19.0 15.0
      vertex 15.0 19.0 16.0
      vertex 14.0 19.0 15.0
    endloop
  endfacet
  facet normal 0.0 -1.0 0.0
    outer loop
      vertex 14.0 19.0 16.0
      vertex 15.0 19.0 17.0
      vertex 14.0 19.0 17.0
    endloop
  endfacet
  facet normal 0.0 -1.0 0.0
    outer loop
      vertex 15.0 19.0 16.0
      vertex 15.0 19.0 17.0
      vertex 14.0 19.0 16.0
    endloop
  endfacet
  facet normal 0.0 -1.0 0.0
    outer loop
      vertex 14.0 19.0 17.0
      vertex 15.0 19.0 18.0
      vertex 14.0 19.0 18.0
    endloop
  endfacet
  facet normal 0.0 -1.0 0.0
    outer loop
      vertex 15.0 19.0 17.0
      vertex 15.0 19.0 18.0
      vertex 14.0 19.0 17.0
    endloop
  endfacet
  facet normal 0.0 0.0 0.0
    outer loop
      vertex 14.0 19.0 18.0
      vertex 14.0 19.0 18.0
      vertex 15.0 19.0 18.0
    endloop
  endfacet
  facet normal 0.0 0.0 0.0
    outer loop
      vertex 14.0 19.0 18.0
      vertex 15.0 19.0 18.0
      vertex 15.0 19.0 18.0
    endloop
  endfacet
  facet normal 0.0 0.4205261766910553 -0.9072803854942322
    outer loop
      vertex 15.0 19.932506561279297 14.0
      vertex 15.0 19.0 13.567781448364258
      vertex 14.0 19.0 13.567781448364258
    endloop
  endfacet
  facet normal -0.21000833809375763 0.5874514579772949 -0.7815352082252502
    outer loop
      vertex 15.0 19.932506561279297 14.0
      vertex 14.0 19.0 13.567781448364258
      vertex 14.0 19.575016021728516 14.0
    endloop
  endfacet
  facet normal 0.0 0.8669003248214722 0.4984816014766693
    outer loop
      vertex 15.0 19.0 15.0
      vertex 14.0 19.575016021728516 14.0
      vertex 14.0 19.0 15.0
    endloop
  endfacet
  facet normal -0.2529504597187042 0.7075725197792053 0.6598159670829773
    outer loop
      vertex 15.0 19.0 15.0
      vertex 15.0 19.932506561279297 14.0
      vertex 14.0 19.575016021728516 14.0
    endloop
  endfacet
  facet normal 0.0 0.7071067690849304 -0.7071067690849304
    outer loop
      vertex 14.0 19.0 15.0
      vertex 14.0 20.0 16.0
      vertex 15.0 19.0 15.0
    endloop
  endfacet
  facet normal 0.0 0.7071067690849304 -0.7071067690849304
    outer loop
      vertex 15.0 19.0 15.0
      vertex 14.0 20.0 16.0
      vertex 15.0 20.0 16.0
    endloop
  endfacet
  facet normal 0.0 0.0 1.0
    outer loop
      vertex 15.0 19.0 18.0
      vertex 14.0 20.0 18.0
      vertex 14.0 19.0 18.0
    endloop
  endfacet
  facet normal 0.0 0.0 1.0
    outer loop
      vertex 15.0 20.0 18.0
      vertex 14.0 20.0 18.0
      vertex 15.0 19.0 18.0
    endloop
  endfacet
  facet normal 0.0 0.0 0.0
    outer loop
      vertex 15.0 20.0 16.0
      vertex 15.0 20.0 16.0
      vertex 14.0 20.0 16.0
    endloop
  endfacet
  facet normal 0.0 0.0 0.0
    outer loop
      vertex 15.0 20.0 16.0
      vertex 14.0 20.0 16.0
      vertex 14.0 20.0 16.0
    endloop
  endfacet
  facet normal 0.0 1.0 0.0
    outer loop
      vertex 15.0 20.0 17.0
      vertex 14.0 20.0 16.0
      vertex 14.0 20.0 17.0
    endloop
  endfacet
  facet normal 0.0 1.0 0.0
    outer loop
      vertex 15.0 20.0 17.0
      vertex 15.0 20.0 16.0
      vertex 14.0 20.0 16.0
    endloop
  endfacet
  facet normal 0.0 0.7071067690849304 -0.7071067690849304
    outer loop
      vertex 14.0 20.0 17.0
      vertex 14.0 21.0 18.0
      vertex 15.0 20.0 17.0
    endloop
  endfacet
  facet normal 0.0 0.7071067690849304 -0.7071067690849304
    outer loop
      vertex 15.0 20.0 17.0
      vertex 14.0 21.0 18.0
      vertex 15.0 21.0 18.0
    endloop
  endfacet
  facet normal 0.0 0.0 1.0
    outer loop
      vertex 15.0 20.0 18.0
      vertex 14.0 21.0 18.0
      vertex 14.0 20.0 18.0
    endloop
  endfacet
  facet normal 0.0 0.0 1.0
    outer loop
      vertex 15.0 21.0 18.0
      vertex 14.0 21.0 18.0
      vertex 15.0 20.0 18.0
    endloop
  endfacet
  facet normal 0.0 0.0 0.0
    outer loop
      vertex 15.0 21.0 18.0
      vertex 15.0 21.0 18.0
      vertex 14.0 21.0 18.0
    endloop
  endfacet
  facet normal 0.0 0.0 0.0
    outer loop
      vertex 15.0 21.0 18.0
      vertex 14.0 21.0 18.0
      vertex 14.0 21.0 18.0
    endloop
  endfacet
  facet normal 0.0 0.0 0.0
    outer loop
      vertex 14.0 21.0 18.0
      vertex 14.0 21.0 18.0
      vertex 15.0 21.0 18.0
    endloop
  endfacet
  facet normal 0.0 0.0 0.0
    outer loop
      vertex 14.0 21.0 18.0
      vertex 15.0 21.0 18.0
      vertex 15.0 21.0 18.0
    endloop
  endfacet
  facet normal 0.0 0.0 0.0
    outer loop
      vertex 16.0 10.0 18.0
      vertex 16.0 10.0 18.0
      vertex 15.0 10.0 18.0
    endloop
  endfacet
  facet normal 0.0 0.0 0.0
    outer loop
      vertex 16.0 10.0 18.0
      vertex 15.0 10.0 18.0
      vertex 15.0 10.0 18.0
    endloop
  endfacet
  facet normal 0.0 0.0 0.0
    outer loop
      vertex 15.0 10.0 18.0
      vertex 15.0 10.0 18.0
      vertex 16.0 10.0 18.0
    endloop
  endfacet
  facet normal 0.0 0.0 0.0
    outer loop
      vertex 15.0 10.0 18.0
      vertex 16.0 10.0 18.0
      vertex 16.0 10.0 18.0
    endloop
  endfacet
  facet normal 0.0 0.0 0.0
    outer loop
      vertex 16.0 11.0 16.0
      vertex 16.0 11.0 16.0
      vertex 15.0 11.0 16.0
    endloop
  endfacet
  facet normal 0.0 0.0 0.0
    outer loop
      vertex 16.0 11.0 16.0
      vertex 15.0 11.0 16.0
      vertex 15.0 11.0 16.0
    endloop
  endfacet
  facet normal 0.0 -1.0 0.0
    outer loop
      vertex 15.0 11.0 16.0
      vertex 16.0 11.0 17.0
      vertex 15.0 11.0 17.0
    endloop
  endfacet
  facet normal 0.0 -1.0 0.0
    outer loop
      vertex 16.0 11.0 16.0
      vertex 16.0 11.0 17.0
      vertex 15.0 11.0 16.0
    endloop
  endfacet
  facet normal 0.0 -0.7071067690849304 -0.7071067690849304
    outer loop
      vertex 15.0 10.0 18.0
      vertex 15.0 11.0 17.0
      vertex 16.0 10.0 18.0
    endloop
  endfacet
  facet normal 0.0 -0.7071067690849304 -0.7071067690849304
    outer loop
      vertex 16.0 10.0 18.0
      vertex 15.0 11.0 17.0
      vertex 16.0 11.0 17.0
    endloop
  endfacet
  facet normal 0.0 0.0 1.0
    outer loop
      vertex 16.0 10.0 18.0
      vertex 15.0 11.0 18.0
      vertex 15.0 10.0 18.0
    endloop
  endfacet
  facet normal 0.0 0.0 1.0
    outer loop
      vertex 16.0 11.0 18.0
      vertex 15.0 11.0 18.0
      vertex 16.0 10.0 18.0
    endloop
  endfacet
  facet normal 0.0 -0.42052584886550903 -0.9072806239128113
    outer loop
      vertex 16.0 12.0 13.567781448364258
      vertex 16.0 11.067492485046387 14.0
      vertex 15.0 11.067492485046387 14.0
    endloop
  endfacet
  facet normal -0.0 -0.42052584886550903 -0.9072806239128113
    outer loop
      vertex 16.0 12.0 13.567781448364258
      vertex 15.0 11.067492485046387 14.0
      vertex 15.0 12.0 13.567781448364258
    endloop
  endfacet
  facet normal 0.0 -0.7313564419746399 0.6819953918457031
    outer loop
      vertex 15.0 11.067492485046387 14.0
      vertex 16.0 12.0 15.0
      vertex 15.0 12.0 15.0
    endloop
  endfacet
  facet normal 0.0 -0.7313564419746399 0.6819953918457031
    outer loop
      vertex 16.0 11.067492485046387 14.0
      vertex 16.0 12.0 15.0
      vertex 15.0 11.067492485046387 14.0
    endloop
  endfacet
  facet normal 0.0 -0.7071067690849304 -0.7071067690849304
    outer loop
      vertex 15.0 11.0 16.0
      vertex 15.0 12.0 15.0
      vertex 16.0 11.0 16.0
    endloop
  endfacet
  facet normal 0.0 -0.7071067690849304 -0.7071067690849304
    outer loop
      vertex 16.0 11.0 16.0
      vertex 15.0 12.0 15.0
      vertex 16.0 12.0 15.0
    endloop
  endfacet
  facet normal 0.0 0.0 1.0
    outer loop
      vertex 16.0 11.0 18.0
      vertex 15.0 12.0 18.0
      vertex 15.0 11.0 18.0
    endloop
  endfacet
  facet normal 0.0 0.0 1.0
    outer loop
      vertex 16.0 12.0 18.0
      vertex 15.0 12.0 18.0
      vertex 16.0 11.0 18.0
    endloop
  endfacet
  facet normal 0.0 0.7389546632766724 -0.6737551689147949
    outer loop
      vertex 16.0 12.394083023071289 14.0
      vertex 16.0 12.0 13.567781448364258
      vertex 15.0 12.0 13.567781448364258
    endloop
  endfacet
  facet normal 0.0 0.7389546632766724 -0.6737551689147949
    outer loop
      vertex 16.0 12.394083023071289 14.0
      vertex 15.0 12.0 13.567781448364258
      vertex 15.0 12.394083023071289 14.0
    endloop
  endfacet
  facet normal 0.0 0.9303628206253052 0.36664018034935
    outer loop
      vertex 16.0 12.0 15.0
      vertex 15.0 12.394083023071289 14.0
      vertex 15.0 12.0 15.0
    endloop
  endfacet
  facet normal 0.0 0.9303628206253052 0.36664018034935
    outer loop
      vertex 16.0 12.0 15.0
      vertex 16.0 12.394083023071289 14.0
      vertex 15.0 12.394083023071289 14.0
    endloop
  endfacet
  facet normal 0.0 1.0 0.0
    outer loop
      vertex 16.0 12.0 16.0
      vertex 15.0 12.0 15.0
      vertex 15.0 12.0 16.0
    endloop
  endfacet
  facet normal 0.0 1.0 0.0
    outer loop
      vertex 16.0 12.0 16.0
      vertex 16.0 12.0 15.0
      vertex 15.0 12.0 15.0
    endloop
  endfacet
  facet normal 0.0 1.0 0.0
    outer loop
      vertex 16.0 12.0 17.0
      vertex 15.0 12.0 16.0
      vertex 15.0 12.0 17.0
    endloop
  endfacet
  facet normal 0.0 1.0 0.0
    outer loop
      vertex 16.0 12.0 17.0
      vertex 16.0 12.0 16.0
      vertex 15.0 12.0 16.0
    endloop
  endfacet
  facet normal 0.0 1.0 0.0
    outer loop
      vertex 16.0 12.0 18.0
      vertex 15.0 12.0 17.0
      vertex 15.0 12.0 18.0
    endloop
  endfacet
  facet normal 0.0 1.0 0.0
    outer loop
      vertex 16.0 12.0 18.0
      vertex 16.0 12.0 17.0
      vertex 15.0 12.0 17.0
    endloop
  endfacet
  facet normal 0.0 0.0 0.0
    outer loop
      vertex 15.0 12.0 18.0
      vertex 15.0 12.0 18.0
      vertex 16.0 12.0 18.0
    endloop
  endfacet
  facet normal 0.0 0.0 0.0
    outer loop
      vertex 15.0 12.0 18.0
      vertex 16.0 12.0 18.0
      vertex 16.0 12.0 18.0
    endloop
  endfacet
  facet normal 0.0 -0.7389546632766724 -0.6737551689147949
    outer loop
      vertex 16.0 19.0 13.567781448364258
      vertex 16.0 18.60591697692871 14.0
      vertex 15.0 18.60591697692871 14.0
    endloop
  endfacet
  facet normal -0.0 -0.7389546632766724 -0.6737551689147949
    outer loop
      vertex 16.0 19.0 13.567781448364258
      vertex 15.0 18.60591697692871 14.0
      vertex 15.0 19.0 13.567781448364258
    endloop
  endfacet
  facet normal 0.0 -0.9303628206253052 0.36664018034935
    outer loop
      vertex 15.0 18.60591697692871 14.0
      vertex 16.0 19.0 15.0
      vertex 15.0 19.0 15.0
    endloop
  endfacet
  facet normal 0.0 -0.9303628206253052 0.36664018034935
    outer loop
      vertex 16.0 18.60591697692871 14.0
      vertex 16.0 19.0 15.0
      vertex 15.0 18.60591697692871 14.0
    endloop
  endfacet
  facet normal 0.0 -1.0 0.0
    outer loop
      vertex 15.0 19.0 15.0
      vertex 16.0 19.0 16.0
      vertex 15.0 19.0 16.0
    endloop
  endfacet
  facet normal 0.0 -1.0 0.0
    outer loop
      vertex 16.0 19.0 15.0
      vertex 16.0 19.0 16.0
      vertex 15.0 19.0 15.0
    endloop
  endfacet
  facet normal 0.0 -1.0 0.0
    outer loop
      vertex 15.0 19.0 16.0
      vertex 16.0 19.0 17.0
      vertex 15.0 19.0 17.0
    endloop
  endfacet
  facet normal 0.0 -1.0 0.0
    outer loop
      vertex 16.0 19.0 16.0
      vertex 16.0 19.0 17.0
      vertex 15.0 19.0 16.0
    endloop
  endfacet
  facet normal 0.0 -1.0 0.0
    outer loop
      vertex 15.0 19.0 17.0
      vertex 16.0 19.0 18.0
      vertex 15.0 19.0 18.0
    endloop
  endfacet
  facet normal 0.0 -1.0 0.0
    outer loop
      vertex 16.0 19.0 17.0
      vertex 16.0 19.0 18.0
      vertex 15.0 19.0 17.0
    endloop
  endfacet
  facet normal 0.0 0.0 0.0
    outer loop
      vertex 15.0 19.0 18.0
      vertex 15.0 19.0 18.0
      vertex 16.0 19.0 18.0
    endloop
  endfacet
  facet normal 0.0 0.0 0.0
    outer loop
      vertex 15.0 19.0 18.0
      vertex 16.0 19.0 18.0
      vertex 16.0 19.0 18.0
    endloop
  endfacet
  facet normal 0.0 0.4205261766910553 -0.9072803854942322
    outer loop
      vertex 16.0 19.932506561279297 14.0
      vertex 16.0 19.0 13.567781448364258
      vertex 15.0 19.0 13.567781448364258
    endloop
  endfacet
  facet normal 0.0 0.4205261766910553 -0.9072803854942322
    outer loop
      vertex 16.0 19.932506561279297 14.0
      vertex 15.0 19.0 13.567781448364258
      vertex 15.0 19.932506561279297 14.0
    endloop
  endfacet
  facet normal 0.0 0.7313568592071533 0.6819950342178345
    outer loop
      vertex 16.0 19.0 15.0
      vertex 15.0 19.932506561279297 14.0
      vertex 15.0 19.0 15.0
    endloop
  endfacet
  facet normal 0.0 0.7313568592071533 0.6819950342178345
    outer loop
      vertex 16.0 19.0 15.0
      vertex 16.0 19.932506561279297 14.0
      vertex 15.0 19.932506561279297 14.0
    endloop
  endfacet
  facet normal 0.0 0.7071067690849304 -0.7071067690849304
    outer loop
      vertex 15.0 19.0 15.0
      vertex 15.0 20.0 16.0
      vertex 16.0 19.0 15.0
    endloop
  endfacet
  facet normal 0.0 0.7071067690849304 -0.7071067690849304
    outer loop
      vertex 16.0 19.0 15.0
      vertex 15.0 20.0 16.0
      vertex 16.0 20.0 16.0
    endloop
  endfacet
  facet normal 0.0 0.0 1.0
    outer loop
      vertex 16.0 19.0 18.0
      vertex 15.0 20.0 18.0
      vertex 15.0 19.0 18.0
    endloop
  endfacet
  facet normal 0.0 0.0 1.0
    outer loop
      vertex 16.0 20.0 18.0
      vertex 15.0 20.0 18.0
      vertex 16.0 19.0 18.0
    endloop
  endfacet
  facet normal 0.0 0.0 0.0
    outer loop
      vertex 16.0 20.0 16.0
      vertex 16.0 20.0 16.0
      vertex 15.0 20.0 16.0
    endloop
  endfacet
  facet normal 0.0 0.0 0.0
    outer loop
      vertex 16.0 20.0 16.0
      vertex 15.0 20.0 16.0
      vertex 15.0 20.0 16.0
    endloop
  endfacet
  facet normal 0.0 1.0 0.0
    outer loop
      vertex 16.0 20.0 17.0
      vertex 15.0 20.0 16.0
      vertex 15.0 20.0 17.0
    endloop
  endfacet
  facet normal 0.0 1.0 0.0
    outer loop
      vertex 16.0 20.0 17.0
      vertex 16.0 20.0 16.0
      vertex 15.0 20.0 16.0
    endloop
  endfacet
  facet normal 0.0 0.7071067690849304 -0.7071067690849304
    outer loop
      vertex 15.0 20.0 17.0
      vertex 15.0 21.0 18.0
      vertex 16.0 20.0 17.0
    endloop
  endfacet
  facet normal 0.0 0.7071067690849304 -0.7071067690849304
    outer loop
      vertex 16.0 20.0 17.0
      vertex 15.0 21.0 18.0
      vertex 16.0 21.0 18.0
    endloop
  endfacet
  facet normal 0.0 0.0 1.0
    outer loop
      vertex 16.0 20.0 18.0
      vertex 15.0 21.0 18.0
      vertex 15.0 20.0 18.0
    endloop
  endfacet
  facet normal 0.0 0.0 1.0
    outer loop
      vertex 16.0 21.0 18.0
      vertex 15.0 21.0 18.0
      vertex 16.0 20.0 18.0
    endloop
  endfacet
  facet normal 0.0 0.0 0.0
    outer loop
      vertex 16.0 21.0 18.0
      vertex 16.0 21.0 18.0
      vertex 15.0 21.0 18.0
    endloop
  endfacet
  facet normal 0.0 0.0 0.0
    outer loop
      vertex 16.0 21.0 18.0
      vertex 15.0 21.0 18.0
      vertex 15.0 21.0 18.0
    endloop
  endfacet
  facet normal 0.0 0.0 0.0
    outer loop
      vertex 15.0 21.0 18.0
      vertex 15.0 21.0 18.0
      vertex 16.0 21.0 18.0
    endloop
  endfacet
  facet normal 0.0 0.0 0.0
    outer loop
      vertex 15.0 21.0 18.0
      vertex 16.0 21.0 18.0
      vertex 16.0 21.0 18.0
    endloop
  endfacet
  facet normal 0.0 0.0 0.0
    outer loop
      vertex 17.0 10.0 18.0
      vertex 17.0 10.0 18.0
      vertex 16.0 10.0 18.0
    endloop
  endfacet
  facet normal 0.0 0.0 0.0
    outer loop
      vertex 17.0 10.0 18.0
      vertex 16.0 10.0 18.0
      vertex 16.0 10.0 18.0
    endloop
  endfacet
  facet normal 0.0 0.0 0.0
    outer loop
      vertex 16.0 10.0 18.0
      vertex 16.0 10.0 18.0
      vertex 17.0 10.0 18.0
    endloop
  endfacet
  facet normal 0.0 0.0 0.0
    outer loop
      vertex 16.0 10.0 18.0
      vertex 17.0 10.0 18.0
      vertex 17.0 10.0 18.0
    endloop
  endfacet
  facet normal 0.0 0.0 0.0
    outer loop
      vertex 17.0 11.0 16.0
      vertex 17.0 11.0 16.0
      vertex 16.0 11.0 16.0
    endloop
  endfacet
  facet normal 0.0 0.0 0.0
    outer loop
      vertex 17.0 11.0 16.0
      vertex 16.0 11.0 16.0
      vertex 16.0 11.0 16.0
    endloop
  endfacet
  facet normal 0.0 -1.0 0.0
    outer loop
      vertex 16.0 11.0 16.0
      vertex 17.0 11.0 17.0
      vertex 16.0 11.0 17.0
    endloop
  endfacet
  facet normal 0.0 -1.0 0.0
    outer loop
      vertex 17.0 11.0 16.0
      vertex 17.0 11.0 17.0
      vertex 16.0 11.0 16.0
    endloop
  endfacet
  facet normal 0.0 -0.7071067690849304 -0.7071067690849304
    outer loop
      vertex 16.0 10.0 18.0
      vertex 16.0 11.0 17.0
      vertex 17.0 10.0 18.0
    endloop
  endfacet
  facet normal 0.0 -0.7071067690849304 -0.7071067690849304
    outer loop
      vertex 17.0 10.0 18.0
      vertex 16.0 11.0 17.0
      vertex 17.0 11.0 17.0
    endloop
  endfacet
  facet normal 0.0 0.0 1.0
    outer loop
      vertex 17.0 10.0 18.0
      vertex 16.0 11.0 18.0
      vertex 16.0 10.0 18.0
    endloop
  endfacet
  facet normal 0.0 0.0 1.0
    outer loop
      vertex 17.0 11.0 18.0
      vertex 16.0 11.0 18.0
      vertex 17.0 10.0 18.0
    endloop
  endfacet
  facet normal 0.21000812947750092 -0.5874508619308472 -0.7815356850624084
    outer loop
      vertex 17.0 12.0 13.567781448364258
      vertex 17.0 11.424983024597168 14.0
      vertex 16.0 11.067492485046387 14.0
    endloop
  endfacet
  facet normal -0.0 -0.42052584886550903 -0.9072806239128113
    outer loop
      vertex 17.0 12.0 13.567781448364258
      vertex 16.0 11.067492485046387 14.0
      vertex 16.0 12.0 13.567781448364258
    endloop
  endfacet
  facet normal 0.0 -0.7313564419746399 0.6819953918457031
    outer loop
      vertex 16.0 11.067492485046387 14.0
      vertex 17.0 12.0 15.0
      vertex 16.0 12.0 15.0
    endloop
  endfacet
  facet normal 0.296019047498703 -0.8280472755432129 0.47614121437072754
    outer loop
      vertex 17.0 11.424983024597168 14.0
      vertex 17.0 12.0 15.0
      vertex 16.0 11.067492485046387 14.0
    endloop
  endfacet
  facet normal 0.0 -0.7071067690849304 -0.7071067690849304
    outer loop
      vertex 16.0 11.0 16.0
      vertex 16.0 12.0 15.0
      vertex 17.0 11.0 16.0
    endloop
  endfacet
  facet normal 0.0 -0.7071067690849304 -0.7071067690849304
    outer loop
      vertex 17.0 11.0 16.0
      vertex 16.0 12.0 15.0
      vertex 17.0 12.0 15.0
    endloop
  endfacet
  facet normal 0.0 0.0 1.0
    outer loop
      vertex 17.0 11.0 18.0
      vertex 16.0 12.0 18.0
      vertex 16.0 11.0 18.0
    endloop
  endfacet
  facet normal 0.0 0.0 1.0
    outer loop
      vertex 17.0 12.0 18.0
      vertex 16.0 12.0 18.0
      vertex 17.0 11.0 18.0
    endloop
  endfacet
  facet normal 0.0 0.5194621682167053 -0.8544934391975403
    outer loop
      vertex 17.0 12.710981369018555 14.0
      vertex 17.0 12.0 13.567781448364258
      vertex 16.0 12.0 13.567781448364258
    endloop
  endfacet
  facet normal -0.22800534963607788 0.7194905281066895 -0.6560083627700806
    outer loop
      vertex 17.0 12.710981369018555 14.0
      vertex 16.0 12.0 13.567781448364258
      vertex 16.0 12.394083023071289 14.0
    endloop
  endfacet
  facet normal 0.0 0.9303628206253052 0.36664018034935
    outer loop
      vertex 17.0 12.0 15.0
      vertex 16.0 12.394083023071289 14.0
      vertex 16.0 12.0 15.0
    endloop
  endfacet
  facet normal -0.2500680088996887 0.7891111373901367 0.5610433220863342
    outer loop
      vertex 17.0 12.0 15.0
      vertex 17.0 12.710981369018555 14.0
      vertex 16.0 12.394083023071289 14.0
    endloop
  endfacet
  facet normal 0.0 1.0 0.0
    outer loop
      vertex 17.0 12.0 16.0
      vertex 16.0 12.0 15.0
      vertex 16.0 12.0 16.0
    endloop
  endfacet
  facet normal 0.0 1.0 0.0
    outer loop
      vertex 17.0 12.0 16.0
      vertex 17.0 12.0 15.0
      vertex 16.0 12.0 15.0
    endloop
  endfacet
  facet normal 0.0 1.0 0.0
    outer loop
      vertex 17.0 12.0 17.0
      vertex 16.0 12.0 16.0
      vertex 16.0 12.0 17.0
    endloop
  endfacet
  facet normal 0.0 1.0 0.0
    outer loop
      vertex 17.0 12.0 17.0
      vertex 17.0 12.0 16.0
      vertex 16.0 12.0 16.0
    endloop
  endfacet
  facet normal 0.0 1.0 0.0
    outer loop
      vertex 17.0 12.0 18.0
      vertex 16.0 12.0 17.0
      vertex 16.0 12.0 18.0
    endloop
  endfacet
  facet normal 0.0 1.0 0.0
    outer loop
      vertex 17.0 12.0 18.0
      vertex 17.0 12.0 17.0
      vertex 16.0 12.0 17.0
    endloop
  endfacet
  facet normal 0.0 0.0 0.0
    outer loop
      vertex 16.0 12.0 18.0
      vertex 16.0 12.0 18.0
      vertex 17.0 12.0 18.0
    endloop
  endfacet
  facet normal 0.0 0.0 0.0
    outer loop
      vertex 16.0 12.0 18.0
      vertex 17.0 12.0 18.0
      vertex 17.0 12.0 18.0
    endloop
  endfacet
  facet normal -0.16243059933185577 -0.5125637054443359 -0.8431457281112671
    outer loop
      vertex 17.0 19.0 13.567781448364258
      vertex 17.0 18.289018630981445 14.0
      vertex 16.0 18.60591697692871 14.0
    endloop
  endfacet
  facet normal -0.0 -0.7389546632766724 -0.6737551689147949
    outer loop
      vertex 17.0 19.0 13.567781448364258
      vertex 16.0 18.60591697692871 14.0
      vertex 16.0 19.0 13.567781448364258
    endloop
  endfacet
  facet normal 0.0 -0.9303628206253052 0.36664018034935
    outer loop
      vertex 16.0 18.60591697692871 14.0
      vertex 17.0 19.0 15.0
      vertex 16.0 19.0 15.0
    endloop
  endfacet
  facet normal -0.2500680088996887 -0.7891111373901367 0.5610433220863342
    outer loop
      vertex 17.0 18.289018630981445 14.0
      vertex 17.0 19.0 15.0
      vertex 16.0 18.60591697692871 14.0
    endloop
  endfacet
  facet normal 0.0 -1.0 0.0
    outer loop
      vertex 16.0 19.0 15.0
      vertex 17.0 19.0 16.0
      vertex 16.0 19.0 16.0
    endloop
  endfacet
  facet normal 0.0 -1.0 0.0
    outer loop
      vertex 17.0 19.0 15.0
      vertex 17.0 19.0 16.0
      vertex 16.0 19.0 15.0
    endloop
  endfacet
  facet normal 0.0 -1.0 0.0
    outer loop
      vertex 16.0 19.0 16.0
      vertex 17.0 19.0 17.0
      vertex 16.0 19.0 17.0
    endloop
  endfacet
  facet normal 0.0 -1.0 0.0
    outer loop
      vertex 17.0 19.0 16.0
      vertex 17.0 19.0 17.0
      vertex 16.0 19.0 16.0
    endloop
  endfacet
  facet normal 0.0 -1.0 0.0
    outer loop
      vertex 16.0 19.0 17.0
      vertex 17.0 19.0 18.0
      vertex 16.0 19.0 18.0
    endloop
  endfacet
  facet normal 0.0 -1.0 0.0
    outer loop
      vertex 17.0 19.0 17.0
      vertex 17.0 19.0 18.0
      vertex 16.0 19.0 17.0
    endloop
  endfacet
  facet normal 0.0 0.0 0.0
    outer loop
      vertex 16.0 19.0 18.0
      vertex 16.0 19.0 18.0
      vertex 17.0 19.0 18.0
    endloop
  endfacet
  facet normal 0.0 0.0 0.0
    outer loop
      vertex 16.0 19.0 18.0
      vertex 17.0 19.0 18.0
      vertex 17.0 19.0 18.0
    endloop
  endfacet
  facet normal 0.0 0.6008506417274475 -0.7993612289428711
    outer loop
      vertex 17.0 19.575016021728516 14.0
      vertex 17.0 19.0 13.567781448364258
      vertex 16.0 19.0 13.567781448364258
    endloop
  endfacet
  facet normal 0.14866359531879425 0.41585323214530945 -0.8971985578536987
    outer loop
      vertex 17.0 19.575016021728516 14.0
      vertex 16.0 19.0 13.567781448364258
      vertex 16.0 19.932506561279297 14.0
    endloop
  endfacet
  facet normal 0.0 0.7313568592071533 0.6819950342178345
    outer loop
      vertex 17.0 19.0 15.0
      vertex 16.0 19.932506561279297 14.0
      vertex 16.0 19.0 15.0
    endloop
  endfacet
  facet normal 0.29601916670799255 0.8280475735664368 0.4761406183242798
    outer loop
      vertex 17.0 19.0 15.0
      vertex 17.0 19.575016021728516 14.0
      vertex 16.0 19.932506561279297 14.0
    endloop
  endfacet
  facet normal 0.0 0.7071067690849304 -0.7071067690849304
    outer loop
      vertex 16.0 19.0 15.0
      vertex 16.0 20.0 16.0
      vertex 17.0 19.0 15.0
    endloop
  endfacet
  facet normal 0.0 0.7071067690849304 -0.7071067690849304
    outer loop
      vertex 17.0 19.0 15.0
      vertex 16.0 20.0 16.0
      vertex 17.0 20.0 16.0
    endloop
  endfacet
  facet normal 0.0 0.0 1.0
    outer loop
      vertex 17.0 19.0 18.0
      vertex 16.0 20.0 18.0
      vertex 16.0 19.0 18.0
    endloop
  endfacet
  facet normal 0.0 0.0 1.0
    outer loop
      vertex 17.0 20.0 18.0
      vertex 16.0 20.0 18.0
      vertex 17.0 19.0 18.0
    endloop
  endfacet
  facet normal 0.0 0.0 0.0
    outer loop
      vertex 17.0 20.0 16.0
      vertex 17.0 20.0 16.0
      vertex 16.0 20.0 16.0
    endloop
  endfacet
  facet normal 0.0 0.0 0.0
    outer loop
      vertex 17.0 20.0 16.0
      vertex 16.0 20.0 16.0
      vertex 16.0 20.0 16.0
    endloop
  endfacet
  facet normal 0.0 1.0 0.0
    outer loop
      vertex 17.0 20.0 17.0
      vertex 16.0 20.0 16.0
      vertex 16.0 20.0 17.0
    endloop
  endfacet
  facet normal 0.0 1.0 0.0
    outer loop
      vertex 17.0 20.0 17.0
      vertex 17.0 20.0 16.0
      vertex 16.0 20.0 16.0
    endloop
  endfacet
  facet normal 0.0 0.7071067690849304 -0.7071067690849304
    outer loop
      vertex 16.0 20.0 17.0
      vertex 16.0 21.0 18.0
      vertex 17.0 20.0 17.0
    endloop
  endfacet
  facet normal 0.0 0.7071067690849304 -0.7071067690849304
    outer loop
      vertex 17.0 20.0 17.0
      vertex 16.0 21.0 18.0
      vertex 17.0 21.0 18.0
    endloop
  endfacet
  facet normal 0.0 0.0 1.0
    outer loop
      vertex 17.0 20.0 18.0
      vertex 16.0 21.0 18.0
      vertex 16.0 20.0 18.0
    endloop
  endfacet
  facet normal 0.0 0.0 1.0
    outer loop
      vertex 17.0 21.0 18.0
      vertex 16.0 21.0 18.0
      vertex 17.0 20.0 18.0
    endloop
  endfacet
  facet normal 0.0 0.0 0.0
    outer loop
      vertex 17.0 21.0 18.0
      vertex 17.0 21.0 18.0
      vertex 16.0 21.0 18.0
    endloop
  endfacet
  facet normal 0.0 0.0 0.0
    outer loop
      vertex 17.0 21.0 18.0
      vertex 16.0 21.0 18.0
      vertex 16.0 21.0 18.0
    endloop
  endfacet
  facet normal 0.0 0.0 0.0
    outer loop
      vertex 16.0 21.0 18.0
      vertex 16.0 21.0 18.0
      vertex 17.0 21.0 18.0
    endloop
  endfacet
  facet normal 0.0 0.0 0.0
    outer loop
      vertex 16.0 21.0 18.0
      vertex 17.0 21.0 18.0
      vertex 17.0 21.0 18.0
    endloop
  endfacet
  facet normal 0.0 0.0 0.0
    outer loop
      vertex 18.0 10.0 18.0
      vertex 18.0 10.0 18.0
      vertex 17.0 10.0 18.0
    endloop
  endfacet
  facet normal 0.0 0.0 0.0
    outer loop
      vertex 18.0 10.0 18.0
      vertex 17.0 10.0 18.0
      vertex 17.0 10.0 18.0
    endloop
  endfacet
  facet normal 0.0 0.0 0.0
    outer loop
      vertex 17.0 10.0 18.0
      vertex 17.0 10.0 18.0
      vertex 18.0 10.0 18.0
    endloop
  endfacet
  facet normal 0.0 0.0 0.0
    outer loop
      vertex 17.0 10.0 18.0
      vertex 18.0 10.0 18.0
      vertex 18.0 10.0 18.0
    endloop
  endfacet
  facet normal 0.0 0.0 0.0
    outer loop
      vertex 18.0 11.0 16.0
      vertex 18.0 11.0 16.0
      vertex 17.0 11.0 16.0
    endloop
  endfacet
  facet normal 0.0 0.0 0.0
    outer loop
      vertex 18.0 11.0 16.0
      vertex 17.0 11.0 16.0
      vertex 17.0 11.0 16.0
    endloop
  endfacet
  facet normal 0.0 -1.0 0.0
    outer loop
      vertex 17.0 11.0 16.0
      vertex 18.0 11.0 17.0
      vertex 17.0 11.0 17.0
    endloop
  endfacet
  facet normal 0.0 -1.0 0.0
    outer loop
      vertex 18.0 11.0 16.0
      vertex 18.0 11.0 17.0
      vertex 17.0 11.0 16.0
    endloop
  endfacet
  facet normal 0.0 -0.7071067690849304 -0.7071067690849304
    outer loop
      vertex 17.0 10.0 18.0
      vertex 17.0 11.0 17.0
      vertex 18.0 10.0 18.0
    endloop
  endfacet
  facet normal 0.0 -0.7071067690849304 -0.7071067690849304
    outer loop
      vertex 18.0 10.0 18.0
      vertex 17.0 11.0 17.0
      vertex 18.0 11.0 17.0
    endloop
  endfacet
  facet normal 0.0 0.0 1.0
    outer loop
      vertex 18.0 10.0 18.0
      vertex 17.0 11.0 18.0
      vertex 17.0 10.0 18.0
    endloop
  endfacet
  facet normal 0.0 0.0 1.0
    outer loop
      vertex 18.0 11.0 18.0
      vertex 17.0 11.0 18.0
      vertex 18.0 10.0 18.0
    endloop
  endfacet
  facet normal 0.23733699321746826 -0.7082185745239258 -0.6649042963981628
    outer loop
      vertex 18.0 12.0 13.744473457336426
      vertex 18.0 11.760101318359375 14.0
      vertex 17.0 11.424983024597168 14.0
    endloop
  endfacet
  facet normal 0.13985276222229004 -0.5949450731277466 -0.7915058732032776
    outer loop
      vertex 18.0 12.0 13.744473457336426
      vertex 17.0 11.424983024597168 14.0
      vertex 17.0 12.0 13.567781448364258
    endloop
  endfacet
  facet normal 0.0 -0.8668999671936035 0.49848219752311707
    outer loop
      vertex 17.0 11.424983024597168 14.0
      vertex 18.0 12.0 15.0
      vertex 17.0 12.0 15.0
    endloop
  endfacet
  facet normal 0.30983608961105347 -0.9245573878288269 0.2218000888824463
    outer loop
      vertex 18.0 11.760101318359375 14.0
      vertex 18.0 12.0 15.0
      vertex 17.0 11.424983024597168 14.0
    endloop
  endfacet
  facet normal 0.0 -0.7071067690849304 -0.7071067690849304
    outer loop
      vertex 17.0 11.0 16.0
      vertex 17.0 12.0 15.0
      vertex 18.0 11.0 16.0
    endloop
  endfacet
  facet normal 0.0 -0.7071067690849304 -0.7071067690849304
    outer loop
      vertex 18.0 11.0 16.0
      vertex 17.0 12.0 15.0
      vertex 18.0 12.0 15.0
    endloop
  endfacet
  facet normal 0.0 0.0 1.0
    outer loop
      vertex 18.0 11.0 18.0
      vertex 17.0 12.0 18.0
      vertex 17.0 11.0 18.0
    endloop
  endfacet
  facet normal 0.0 0.0 1.0
    outer loop
      vertex 18.0 12.0 18.0
      vertex 17.0 12.0 18.0
      vertex 18.0 11.0 18.0
    endloop
  endfacet
  facet normal -0.4609769582748413 0.4609769880771637 -0.758287787437439
    outer loop
      vertex 17.0 12.0 13.567781448364258
      vertex 17.0 12.710981369018555 14.0
      vertex 17.289018630981445 13.0 14.0
    endloop
  endfacet
  facet normal -0.4609769880771637 0.4609769880771637 -0.758287787437439
    outer loop
      vertex 18.0 13.0 13.567781448364258
      vertex 17.0 12.0 13.567781448364258
      vertex 17.289018630981445 13.0 14.0
    endloop
  endfacet
  facet normal 0.17142124474048615 -0.17142124474048615 -0.9701697826385498
    outer loop
      vertex 18.0 12.0 13.744473457336426
      vertex 17.0 12.0 13.567781448364258
      vertex 18.0 13.0 13.567781448364258
    endloop
  endfacet
  facet normal -0.6317616701126099 0.6317616701126099 0.4491707682609558
    outer loop
      vertex 17.0 12.0 15.0
      vertex 18.0 13.0 15.0
      vertex 17.0 12.710981369018555 14.0
    endloop
  endfacet
  facet normal -0.6317616701126099 0.6317616701126099 0.4491707682609558
    outer loop
      vertex 17.0 12.710981369018555 14.0
      vertex 18.0 13.0 15.0
      vertex 17.289018630981445 13.0 14.0
    endloop
  endfacet
  facet normal -0.7071067690849304 0.7071067690849304 0.0
    outer loop
      vertex 17.0 12.0 16.0
      vertex 18.0 13.0 16.0
      vertex 17.0 12.0 15.0
    endloop
  endfacet
  facet normal -0.7071067690849304 0.7071067690849304 0.0
    outer loop
      vertex 17.0 12.0 15.0
      vertex 18.0 13.0 16.0
      vertex 18.0 13.0 15.0
    endloop
  endfacet
  facet normal -0.7071067690849304 0.7071067690849304 0.0
    outer loop
      vertex 17.0 12.0 17.0
      vertex 18.0 13.0 17.0
      vertex 17.0 12.0 16.0
    endloop
  endfacet
  facet normal -0.7071067690849304 0.7071067690849304 0.0
    outer loop
      vertex 17.0 12.0 16.0
      vertex 18.0 13.0 17.0
      vertex 18.0 13.0 16.0
    endloop
  endfacet
  facet normal -0.7071067690849304 0.7071067690849304 0.0
    outer loop
      vertex 17.0 12.0 18.0
      vertex 18.0 13.0 18.0
      vertex 17.0 12.0 17.0
    endloop
  endfacet
  facet normal -0.7071067690849304 0.7071067690849304 0.0
    outer loop
      vertex 17.0 12.0 17.0
      vertex 18.0 13.0 18.0
      vertex 18.0 13.0 17.0
    endloop
  endfacet
  facet normal 0.0 0.0 0.0
    outer loop
      vertex 18.0 13.0 18.0
      vertex 18.0 13.0 18.0
      vertex 17.0 12.0 18.0
    endloop
  endfacet
  facet normal 0.0 0.0 0.0
    outer loop
      vertex 17.0 12.0 18.0
      vertex 18.0 13.0 18.0
      vertex 17.0 12.0 18.0
    endloop
  endfacet
  facet normal 0.0 -0.0 1.0
    outer loop
      vertex 18.0 12.0 18.0
      vertex 18.0 13.0 18.0
      vertex 17.0 12.0 18.0
    endloop
  endfacet
  facet normal -0.4609769880771637 0.4609769880771637 -0.758287787437439
    outer loop
      vertex 18.0 13.710981369018555 14.0
      vertex 18.0 13.0 13.567781448364258
      vertex 17.289018630981445 13.0 14.0
    endloop
  endfacet
  facet normal -0.6317616701126099 0.6317616701126099 0.4491707980632782
    outer loop
      vertex 18.0 13.710981369018555 14.0
      vertex 17.289018630981445 13.0 14.0
      vertex 18.0 13.0 15.0
    endloop
  endfacet
  facet normal 0.0 0.0 0.0
    outer loop
      vertex 18.0 13.710981369018555 14.0
      vertex 18.0 13.0 15.0
      vertex 18.0 13.0 15.0
    endloop
  endfacet
  facet normal 0.0 0.0 0.0
    outer loop
      vertex 18.0 13.0 15.0
      vertex 18.0 13.0 15.0
      vertex 18.0 13.0 16.0
    endloop
  endfacet
  facet normal 0.0 0.0 0.0
    outer loop
      vertex 18.0 13.0 15.0
      vertex 18.0 13.0 16.0
      vertex 18.0 13.0 16.0
    endloop
  endfacet
  facet normal 0.0 0.0 0.0
    outer loop
      vertex 18.0 13.0 16.0
      vertex 18.0 13.0 16.0
      vertex 18.0 13.0 17.0
    endloop
  endfacet
  facet normal 0.0 0.0 0.0
    outer loop
      vertex 18.0 13.0 16.0
      vertex 18.0 13.0 17.0
      vertex 18.0 13.0 17.0
    endloop
  endfacet
  facet normal 0.0 0.0 0.0
    outer loop
      vertex 18.0 13.0 17.0
      vertex 18.0 13.0 17.0
      vertex 18.0 13.0 18.0
    endloop
  endfacet
  facet normal 0.0 0.0 0.0
    outer loop
      vertex 18.0 13.0 17.0
      vertex 18.0 13.0 18.0
      vertex 18.0 13.0 18.0
    endloop
  endfacet
  facet normal 0.0 0.0 0.0
    outer loop
      vertex 18.0 13.0 18.0
      vertex 18.0 13.0 18.0
      vertex 18.0 13.0 18.0
    endloop
  endfacet
  facet normal -0.4609769880771637 -0.4609769880771637 -0.758287787437439
    outer loop
      vertex 18.0 18.0 13.567781448364258
      vertex 18.0 17.289018630981445 14.0
      vertex 17.289018630981445 18.0 14.0
    endloop
  endfacet
  facet normal 0.0 0.0 0.0
    outer loop
      vertex 18.0 18.0 15.0
      vertex 18.0 18.0 15.0
      vertex 17.289018630981445 18.0 14.0
    endloop
  endfacet
  facet normal -0.6317616701126099 -0.6317616701126099 0.4491707980632782
    outer loop
      vertex 18.0 18.0 15.0
      vertex 17.289018630981445 18.0 14.0
      vertex 18.0 17.289018630981445 14.0
    endloop
  endfacet
  facet normal 0.0 0.0 0.0
    outer loop
      vertex 18.0 18.0 16.0
      vertex 18.0 18.0 16.0
      vertex 18.0 18.0 15.0
    endloop
  endfacet
  facet normal 0.0 0.0 0.0
    outer loop
      vertex 18.0 18.0 16.0
      vertex 18.0 18.0 15.0
      vertex 18.0 18.0 15.0
    endloop
  endfacet
  facet normal 0.0 0.0 0.0
    outer loop
      vertex 18.0 18.0 17.0
      vertex 18.0 18.0 17.0
      vertex 18.0 18.0 16.0
    endloop
  endfacet
  facet normal 0.0 0.0 0.0
    outer loop
      vertex 18.0 18.0 17.0
      vertex 18.0 18.0 16.0
      vertex 18.0 18.0 16.0
    endloop
  endfacet
  facet normal 0.0 0.0 0.0
    outer loop
      vertex 18.0 18.0 18.0
      vertex 18.0 18.0 18.0
      vertex 18.0 18.0 17.0
    endloop
  endfacet
  facet normal 0.0 0.0 0.0
    outer loop
      vertex 18.0 18.0 18.0
      vertex 18.0 18.0 17.0
      vertex 18.0 18.0 17.0
    endloop
  endfacet
  facet normal 0.0 0.0 0.0
    outer loop
      vertex 18.0 18.0 18.0
      vertex 18.0 18.0 18.0
      vertex 18.0 18.0 18.0
    endloop
  endfacet
  facet normal -0.4609769880771637 -0.4609769582748413 -0.758287787437439
    outer loop
      vertex 18.0 18.0 13.567781448364258
      vertex 17.289018630981445 18.0 14.0
      vertex 17.0 18.289018630981445 14.0
    endloop
  endfacet
  facet normal -0.4609769880771637 -0.4609769880771637 -0.758287787437439
    outer loop
      vertex 17.0 19.0 13.567781448364258
      vertex 18.0 18.0 13.567781448364258
      vertex 17.0 18.289018630981445 14.0
    endloop
  endfacet
  facet normal 0.17142124474048615 0.17142124474048615 -0.9701697826385498
    outer loop
      vertex 18.0 19.0 13.744473457336426
      vertex 18.0 18.0 13.567781448364258
      vertex 17.0 19.0 13.567781448364258
    endloop
  endfacet
  facet normal -0.6317616701126099 -0.6317616701126099 0.4491707682609558
    outer loop
      vertex 17.0 18.289018630981445 14.0
      vertex 17.289018630981445 18.0 14.0
      vertex 17.0 19.0 15.0
    endloop
  endfacet
  facet normal -0.6317616701126099 -0.6317616701126099 0.4491707682609558
    outer loop
      vertex 17.0 19.0 15.0
      vertex 17.289018630981445 18.0 14.0
      vertex 18.0 18.0 15.0
    endloop
  endfacet
  facet normal -0.7071067690849304 -0.7071067690849304 0.0
    outer loop
      vertex 17.0 19.0 15.0
      vertex 18.0 18.0 15.0
      vertex 17.0 19.0 16.0
    endloop
  endfacet
  facet normal -0.7071067690849304 -0.7071067690849304 0.0
    outer loop
      vertex 17.0 19.0 16.0
      vertex 18.0 18.0 15.0
      vertex 18.0 18.0 16.0
    endloop
  endfacet
  facet normal -0.7071067690849304 -0.7071067690849304 0.0
    outer loop
      vertex 17.0 19.0 16.0
      vertex 18.0 18.0 16.0
      vertex 17.0 19.0 17.0
    endloop
  endfacet
  facet normal -0.7071067690849304 -0.7071067690849304 0.0
    outer loop
      vertex 17.0 19.0 17.0
      vertex 18.0 18.0 16.0
      vertex 18.0 18.0 17.0
    endloop
  endfacet
  facet normal -0.7071067690849304 -0.7071067690849304 0.0
    outer loop
      vertex 17.0 19.0 17.0
      vertex 18.0 18.0 17.0
      vertex 17.0 19.0 18.0
    endloop
  endfacet
  facet normal -0.7071067690849304 -0.7071067690849304 0.0
    outer loop
      vertex 17.0 19.0 18.0
      vertex 18.0 18.0 17.0
      vertex 18.0 18.0 18.0
    endloop
  endfacet
  facet normal 0.0 0.0 0.0
    outer loop
      vertex 17.0 19.0 18.0
      vertex 17.0 19.0 18.0
      vertex 18.0 18.0 18.0
    endloop
  endfacet
  facet normal 0.0 0.0 0.0
    outer loop
      vertex 18.0 18.0 18.0
      vertex 17.0 19.0 18.0
      vertex 18.0 18.0 18.0
    endloop
  endfacet
  facet normal 0.0 0.0 1.0
    outer loop
      vertex 18.0 19.0 18.0
      vertex 17.0 19.0 18.0
      vertex 18.0 18.0 18.0
    endloop
  endfacet
  facet normal 0.12006395310163498 0.7237755656242371 -0.6795098781585693
    outer loop
      vertex 18.0 19.239898681640625 14.0
      vertex 18.0 19.0 13.744473457336426
      vertex 17.0 19.0 13.567781448364258
    endloop
  endfacet
  facet normal 0.19739368557929993 0.589028537273407 -0.7836333513259888
    outer loop
      vertex 18.0 19.239898681640625 14.0
      vertex 17.0 19.0 13.567781448364258
      vertex 17.0 19.575016021728516 14.0
    endloop
  endfacet
  facet normal 0.0 0.8669003248214722 0.4984816014766693
    outer loop
      vertex 18.0 19.0 15.0
      vertex 17.0 19.575016021728516 14.0
      vertex 17.0 19.0 15.0
    endloop
  endfacet
  facet normal 0.309835284948349 0.9245575666427612 0.22180014848709106
    outer loop
      vertex 18.0 19.0 15.0
      vertex 18.0 19.239898681640625 14.0
      vertex 17.0 19.575016021728516 14.0
    endloop
  endfacet
  facet normal 0.0 0.7071067690849304 -0.7071067690849304
    outer loop
      vertex 17.0 19.0 15.0
      vertex 17.0 20.0 16.0
      vertex 18.0 19.0 15.0
    endloop
  endfacet
  facet normal 0.0 0.7071067690849304 -0.7071067690849304
    outer loop
      vertex 18.0 19.0 15.0
      vertex 17.0 20.0 16.0
      vertex 18.0 20.0 16.0
    endloop
  endfacet
  facet normal 0.0 0.0 1.0
    outer loop
      vertex 18.0 19.0 18.0
      vertex 17.0 20.0 18.0
      vertex 17.0 19.0 18.0
    endloop
  endfacet
  facet normal 0.0 0.0 1.0
    outer loop
      vertex 18.0 20.0 18.0
      vertex 17.0 20.0 18.0
      vertex 18.0 19.0 18.0
    endloop
  endfacet
  facet normal 0.0 0.0 0.0
    outer loop
      vertex 18.0 20.0 16.0
      vertex 18.0 20.0 16.0
      vertex 17.0 20.0 16.0
    endloop
  endfacet
  facet normal 0.0 0.0 0.0
    outer loop
      vertex 18.0 20.0 16.0
      vertex 17.0 20.0 16.0
      vertex 17.0 20.0 16.0
    endloop
  endfacet
  facet normal 0.0 1.0 0.0
    outer loop
      vertex 18.0 20.0 17.0
      vertex 17.0 20.0 16.0
      vertex 17.0 20.0 17.0
    endloop
  endfacet
  facet normal 0.0 1.0 0.0
    outer loop
      vertex 18.0 20.0 17.0
      vertex 18.0 20.0 16.0
      vertex 17.0 20.0 16.0
    endloop
  endfacet
  facet normal 0.0 0.7071067690849304 -0.7071067690849304
    outer loop
      vertex 17.0 20.0 17.0
      vertex 17.0 21.0 18.0
      vertex 18.0 20.0 17.0
    endloop
  endfacet
  facet normal 0.0 0.7071067690849304 -0.7071067690849304
    outer loop
      vertex 18.0 20.0 17.0
      vertex 17.0 21.0 18.0
      vertex 18.0 21.0 18.0
    endloop
  endfacet
  facet normal 0.0 0.0 1.0
    outer loop
      vertex 18.0 20.0 18.0
      vertex 17.0 21.0 18.0
      vertex 17.0 20.0 18.0
    endloop
  endfacet
  facet normal 0.0 0.0 1.0
    outer loop
      vertex 18.0 21.0 18.0
      vertex 17.0 21.0 18.0
      vertex 18.0 20.0 18.0
    endloop
  endfacet
  facet normal 0.0 0.0 0.0
    outer loop
      vertex 18.0 21.0 18.0
      vertex 18.0 21.0 18.0
      vertex 17.0 21.0 18.0
    endloop
  endfacet
  facet normal 0.0 0.0 0.0
    outer loop
      vertex 18.0 21.0 18.0
      vertex 17.0 21.0 18.0
      vertex 17.0 21.0 18.0
    endloop
  endfacet
  facet normal 0.0 0.0 0.0
    outer loop
      vertex 17.0 21.0 18.0
      vertex 17.0 21.0 18.0
      vertex 18.0 21.0 18.0
    endloop
  endfacet
  facet normal 0.0 0.0 0.0
    outer loop
      vertex 17.0 21.0 18.0
      vertex 18.0 21.0 18.0
      vertex 18.0 21.0 18.0
    endloop
  endfacet
  facet normal 0.0 0.0 0.0
    outer loop
      vertex 19.0 10.0 18.0
      vertex 19.0 10.0 18.0
      vertex 18.0 10.0 18.0
    endloop
  endfacet
  facet normal 0.0 0.0 0.0
    outer loop
      vertex 19.0 10.0 18.0
      vertex 18.0 10.0 18.0
      vertex 18.0 10.0 18.0
    endloop
  endfacet
  facet normal 0.0 0.0 0.0
    outer loop
      vertex 18.0 10.0 18.0
      vertex 18.0 10.0 18.0
      vertex 19.0 10.0 18.0
    endloop
  endfacet
  facet normal 0.0 0.0 0.0
    outer loop
      vertex 18.0 10.0 18.0
      vertex 19.0 10.0 18.0
      vertex 19.0 10.0 18.0
    endloop
  endfacet
  facet normal 0.0 0.0 0.0
    outer loop
      vertex 19.0 11.0 16.0
      vertex 19.0 11.0 16.0
      vertex 18.0 11.0 16.0
    endloop
  endfacet
  facet normal 0.0 0.0 0.0
    outer loop
      vertex 19.0 11.0 16.0
      vertex 18.0 11.0 16.0
      vertex 18.0 11.0 16.0
    endloop
  endfacet
  facet normal 0.0 -1.0 0.0
    outer loop
      vertex 18.0 11.0 16.0
      vertex 19.0 11.0 17.0
      vertex 18.0 11.0 17.0
    endloop
  endfacet
  facet normal 0.0 -1.0 0.0
    outer loop
      vertex 19.0 11.0 16.0
      vertex 19.0 11.0 17.0
      vertex 18.0 11.0 16.0
    endloop
  endfacet
  facet normal 0.0 -0.7071067690849304 -0.7071067690849304
    outer loop
      vertex 18.0 10.0 18.0
      vertex 18.0 11.0 17.0
      vertex 19.0 10.0 18.0
    endloop
  endfacet
  facet normal 0.0 -0.7071067690849304 -0.7071067690849304
    outer loop
      vertex 19.0 10.0 18.0
      vertex 18.0 11.0 17.0
      vertex 19.0 11.0 17.0
    endloop
  endfacet
  facet normal 0.0 0.0 1.0
    outer loop
      vertex 19.0 10.0 18.0
      vertex 18.0 11.0 18.0
      vertex 18.0 10.0 18.0
    endloop
  endfacet
  facet normal 0.0 0.0 1.0
    outer loop
      vertex 19.0 11.0 18.0
      vertex 18.0 11.0 18.0
      vertex 19.0 10.0 18.0
    endloop
  endfacet
  facet normal 0.4876021146774292 -0.6365081667900085 -0.5975795984268188
    outer loop
      vertex 18.0 12.0 13.744473457336426
      vertex 18.313159942626953 12.0 14.0
      vertex 18.0 11.760101318359375 14.0
    endloop
  endfacet
  facet normal 0.5611448884010315 -0.7325096130371094 -0.38541677594184875
    outer loop
      vertex 18.0 11.760101318359375 14.0
      vertex 18.313159942626953 12.0 14.0
      vertex 19.0 12.0 15.0
    endloop
  endfacet
  facet normal 0.0 0.0 0.0
    outer loop
      vertex 19.0 12.0 15.0
      vertex 18.0 11.760101318359375 14.0
      vertex 19.0 12.0 15.0
    endloop
  endfacet
  facet normal 0.0 -0.972409725189209 0.23327980935573578
    outer loop
      vertex 18.0 12.0 15.0
      vertex 18.0 11.760101318359375 14.0
      vertex 19.0 12.0 15.0
    endloop
  endfacet
  facet normal 0.0 -0.7071067690849304 -0.7071067690849304
    outer loop
      vertex 18.0 11.0 16.0
      vertex 18.0 12.0 15.0
      vertex 19.0 11.0 16.0
    endloop
  endfacet
  facet normal 0.0 -0.7071067690849304 -0.7071067690849304
    outer loop
      vertex 19.0 11.0 16.0
      vertex 18.0 12.0 15.0
      vertex 19.0 12.0 15.0
    endloop
  endfacet
  facet normal 0.0 0.0 1.0
    outer loop
      vertex 19.0 11.0 18.0
      vertex 18.0 12.0 18.0
      vertex 18.0 11.0 18.0
    endloop
  endfacet
  facet normal 0.0 0.0 1.0
    outer loop
      vertex 19.0 12.0 18.0
      vertex 18.0 12.0 18.0
      vertex 19.0 11.0 18.0
    endloop
  endfacet
  facet normal 0.5343723297119141 -0.5343723297119141 -0.6548987627029419
    outer loop
      vertex 19.0 13.0 13.744473457336426
      vertex 19.0 12.686840057373047 14.0
      vertex 18.313159942626953 12.0 14.0
    endloop
  endfacet
  facet normal 0.5343723893165588 -0.5343723893165588 -0.6548987627029419
    outer loop
      vertex 18.0 12.0 13.744473457336426
      vertex 19.0 13.0 13.744473457336426
      vertex 18.313159942626953 12.0 14.0
    endloop
  endfacet
  facet normal 0.17142124474048615 -0.17142124474048615 -0.9701697826385498
    outer loop
      vertex 18.0 13.0 13.567781448364258
      vertex 19.0 13.0 13.744473457336426
      vertex 18.0 12.0 13.744473457336426
    endloop
  endfacet
  facet normal 0.636059582233429 -0.636059582233429 -0.4368712306022644
    outer loop
      vertex 18.313159942626953 12.0 14.0
      vertex 19.0 12.686840057373047 14.0
      vertex 19.0 12.0 15.0
    endloop
  endfacet
  facet normal 0.0 0.0 1.0
    outer loop
      vertex 19.0 12.0 18.0
      vertex 18.0 13.0 18.0
      vertex 18.0 12.0 18.0
    endloop
  endfacet
  facet normal 0.0 0.0 1.0
    outer loop
      vertex 19.0 13.0 18.0
      vertex 18.0 13.0 18.0
      vertex 19.0 12.0 18.0
    endloop
  endfacet
  facet normal -0.4609769582748413 0.4609769880771637 -0.758287787437439
    outer loop
      vertex 18.0 13.0 13.567781448364258
      vertex 18.0 13.710981369018555 14.0
      vertex 18.289018630981445 14.0 14.0
    endloop
  endfacet
  facet normal -0.4609769880771637 0.4609769880771637 -0.758287787437439
    outer loop
      vertex 19.0 14.0 13.567781448364258
      vertex 18.0 13.0 13.567781448364258
      vertex 18.289018630981445 14.0 14.0
    endloop
  endfacet
  facet normal 0.17142124474048615 -0.17142124474048615 -0.9701697826385498
    outer loop
      vertex 19.0 13.0 13.744473457336426
      vertex 18.0 13.0 13.567781448364258
      vertex 19.0 14.0 13.567781448364258
    endloop
  endfacet
  facet normal -0.6317616701126099 0.6317616701126099 0.4491707682609558
    outer loop
      vertex 18.0 13.0 15.0
      vertex 19.0 14.0 15.0
      vertex 18.0 13.710981369018555 14.0
    endloop
  endfacet
  facet normal -0.6317616701126099 0.6317616701126099 0.4491707682609558
    outer loop
      vertex 18.0 13.710981369018555 14.0
      vertex 19.0 14.0 15.0
      vertex 18.289018630981445 14.0 14.0
    endloop
  endfacet
  facet normal -0.7071067690849304 0.7071067690849304 0.0
    outer loop
      vertex 18.0 13.0 16.0
      vertex 19.0 14.0 16.0
      vertex 18.0 13.0 15.0
    endloop
  endfacet
  facet normal -0.7071067690849304 0.7071067690849304 0.0
    outer loop
      vertex 18.0 13.0 15.0
      vertex 19.0 14.0 16.0
      vertex 19.0 14.0 15.0
    endloop
  endfacet
  facet normal -0.7071067690849304 0.7071067690849304 0.0
    outer loop
      vertex 18.0 13.0 17.0
      vertex 19.0 14.0 17.0
      vertex 18.0 13.0 16.0
    endloop
  endfacet
  facet normal -0.7071067690849304 0.7071067690849304 0.0
    outer loop
      vertex 18.0 13.0 16.0
      vertex 19.0 14.0 17.0
      vertex 19.0 14.0 16.0
    endloop
  endfacet
  facet normal -0.7071067690849304 0.7071067690849304 0.0
    outer loop
      vertex 18.0 13.0 18.0
      vertex 19.0 14.0 18.0
      vertex 18.0 13.0 17.0
    endloop
  endfacet
  facet normal -0.7071067690849304 0.7071067690849304 0.0
    outer loop
      vertex 18.0 13.0 17.0
      vertex 19.0 14.0 18.0
      vertex 19.0 14.0 17.0
    endloop
  endfacet
  facet normal 0.0 0.0 0.0
    outer loop
      vertex 19.0 14.0 18.0
      vertex 19.0 14.0 18.0
      vertex 18.0 13.0 18.0
    endloop
  endfacet
  facet normal 0.0 0.0 0.0
    outer loop
      vertex 18.0 13.0 18.0
      vertex 19.0 14.0 18.0
      vertex 18.0 13.0 18.0
    endloop
  endfacet
  facet normal 0.0 -0.0 1.0
    outer loop
      vertex 19.0 13.0 18.0
      vertex 19.0 14.0 18.0
      vertex 18.0 13.0 18.0
    endloop
  endfacet
  facet normal -0.5125637054443359 0.16243059933185577 -0.8431457281112671
    outer loop
      vertex 19.0 14.0 13.567781448364258
      vertex 18.289018630981445 14.0 14.0
      vertex 18.60591697692871 15.0 14.0
    endloop
  endfacet
  facet normal -0.7389546632766724 0.0 -0.6737551689147949
    outer loop
      vertex 19.0 14.0 13.567781448364258
      vertex 18.60591697692871 15.0 14.0
      vertex 19.0 15.0 13.567781448364258
    endloop
  endfacet
  facet normal -0.8150052428245544 0.0 0.5794535875320435
    outer loop
      vertex 19.0 15.0 15.0
      vertex 18.289018630981445 14.0 14.0
      vertex 19.0 14.0 15.0
    endloop
  endfacet
  facet normal -0.8923856616020203 0.2827955484390259 0.35167402029037476
    outer loop
      vertex 18.60591697692871 15.0 14.0
      vertex 18.289018630981445 14.0 14.0
      vertex 19.0 15.0 15.0
    endloop
  endfacet
  facet normal -1.0 -0.0 0.0
    outer loop
      vertex 19.0 15.0 16.0
      vertex 19.0 14.0 15.0
      vertex 19.0 14.0 16.0
    endloop
  endfacet
  facet normal -1.0 0.0 0.0
    outer loop
      vertex 19.0 15.0 15.0
      vertex 19.0 14.0 15.0
      vertex 19.0 15.0 16.0
    endloop
  endfacet
  facet normal -1.0 -0.0 0.0
    outer loop
      vertex 19.0 15.0 17.0
      vertex 19.0 14.0 16.0
      vertex 19.0 14.0 17.0
    endloop
  endfacet
  facet normal -1.0 0.0 0.0
    outer loop
      vertex 19.0 15.0 16.0
      vertex 19.0 14.0 16.0
      vertex 19.0 15.0 17.0
    endloop
  endfacet
  facet normal -1.0 -0.0 0.0
    outer loop
      vertex 19.0 15.0 18.0
      vertex 19.0 14.0 17.0
      vertex 19.0 14.0 18.0
    endloop
  endfacet
  facet normal -1.0 0.0 0.0
    outer loop
      vertex 19.0 15.0 17.0
      vertex 19.0 14.0 17.0
      vertex 19.0 15.0 18.0
    endloop
  endfacet
  facet normal 0.0 0.0 0.0
    outer loop
      vertex 19.0 14.0 18.0
      vertex 19.0 14.0 18.0
      vertex 19.0 15.0 18.0
    endloop
  endfacet
  facet normal 0.0 0.0 0.0
    outer loop
      vertex 19.0 14.0 18.0
      vertex 19.0 15.0 18.0
      vertex 19.0 15.0 18.0
    endloop
  endfacet
  facet normal -0.7389546632766724 0.0 -0.6737551689147949
    outer loop
      vertex 19.0 15.0 13.567781448364258
      vertex 18.60591697692871 15.0 14.0
      vertex 18.60591697692871 16.0 14.0
    endloop
  endfacet
  facet normal -0.7389546632766724 0.0 -0.6737551689147949
    outer loop
      vertex 19.0 15.0 13.567781448364258
      vertex 18.60591697692871 16.0 14.0
      vertex 19.0 16.0 13.567781448364258
    endloop
  endfacet
  facet normal -0.9303628206253052 0.0 0.36664018034935
    outer loop
      vertex 19.0 16.0 15.0
      vertex 18.60591697692871 15.0 14.0
      vertex 19.0 15.0 15.0
    endloop
  endfacet
  facet normal -0.9303628206253052 0.0 0.36664018034935
    outer loop
      vertex 18.60591697692871 16.0 14.0
      vertex 18.60591697692871 15.0 14.0
      vertex 19.0 16.0 15.0
    endloop
  endfacet
  facet normal -1.0 -0.0 0.0
    outer loop
      vertex 19.0 16.0 16.0
      vertex 19.0 15.0 15.0
      vertex 19.0 15.0 16.0
    endloop
  endfacet
  facet normal -1.0 0.0 0.0
    outer loop
      vertex 19.0 16.0 15.0
      vertex 19.0 15.0 15.0
      vertex 19.0 16.0 16.0
    endloop
  endfacet
  facet normal -1.0 -0.0 0.0
    outer loop
      vertex 19.0 16.0 17.0
      vertex 19.0 15.0 16.0
      vertex 19.0 15.0 17.0
    endloop
  endfacet
  facet normal -1.0 0.0 0.0
    outer loop
      vertex 19.0 16.0 16.0
      vertex 19.0 15.0 16.0
      vertex 19.0 16.0 17.0
    endloop
  endfacet
  facet normal -1.0 -0.0 0.0
    outer loop
      vertex 19.0 16.0 18.0
      vertex 19.0 15.0 17.0
      vertex 19.0 15.0 18.0
    endloop
  endfacet
  facet normal -1.0 0.0 0.0
    outer loop
      vertex 19.0 16.0 17.0
      vertex 19.0 15.0 17.0
      vertex 19.0 16.0 18.0
    endloop
  endfacet
  facet normal 0.0 0.0 0.0
    outer loop
      vertex 19.0 15.0 18.0
      vertex 19.0 15.0 18.0
      vertex 19.0 16.0 18.0
    endloop
  endfacet
  facet normal 0.0 0.0 0.0
    outer loop
      vertex 19.0 15.0 18.0
      vertex 19.0 16.0 18.0
      vertex 19.0 16.0 18.0
    endloop
  endfacet
  facet normal -0.7194905281066895 -0.22800537943840027 -0.6560083627700806
    outer loop
      vertex 19.0 16.0 13.567781448364258
      vertex 18.60591697692871 16.0 14.0
      vertex 18.289018630981445 17.0 14.0
    endloop
  endfacet
  facet normal -0.5194621682167053 0.0 -0.8544934391975403
    outer loop
      vertex 19.0 16.0 13.567781448364258
      vertex 18.289018630981445 17.0 14.0
      vertex 19.0 17.0 13.567781448364258
    endloop
  endfacet
  facet normal -0.9303628206253052 0.0 0.36664018034935
    outer loop
      vertex 19.0 17.0 15.0
      vertex 18.60591697692871 16.0 14.0
      vertex 19.0 16.0 15.0
    endloop
  endfacet
  facet normal -0.7891111373901367 -0.2500680088996887 0.5610433220863342
    outer loop
      vertex 18.289018630981445 17.0 14.0
      vertex 18.60591697692871 16.0 14.0
      vertex 19.0 17.0 15.0
    endloop
  endfacet
  facet normal -1.0 -0.0 0.0
    outer loop
      vertex 19.0 17.0 16.0
      vertex 19.0 16.0 15.0
      vertex 19.0 16.0 16.0
    endloop
  endfacet
  facet normal -1.0 0.0 0.0
    outer loop
      vertex 19.0 17.0 15.0
      vertex 19.0 16.0 15.0
      vertex 19.0 17.0 16.0
    endloop
  endfacet
  facet normal -1.0 -0.0 0.0
    outer loop
      vertex 19.0 17.0 17.0
      vertex 19.0 16.0 16.0
      vertex 19.0 16.0 17.0
    endloop
  endfacet
  facet normal -1.0 0.0 0.0
    outer loop
      vertex 19.0 17.0 16.0
      vertex 19.0 16.0 16.0
      vertex 19.0 17.0 17.0
    endloop
  endfacet
  facet normal -1.0 -0.0 0.0
    outer loop
      vertex 19.0 17.0 18.0
      vertex 19.0 16.0 17.0
      vertex 19.0 16.0 18.0
    endloop
  endfacet
  facet normal -1.0 0.0 0.0
    outer loop
      vertex 19.0 17.0 17.0
      vertex 19.0 16.0 17.0
      vertex 19.0 17.0 18.0
    endloop
  endfacet
  facet normal 0.0 0.0 0.0
    outer loop
      vertex 19.0 16.0 18.0
      vertex 19.0 16.0 18.0
      vertex 19.0 17.0 18.0
    endloop
  endfacet
  facet normal 0.0 0.0 0.0
    outer loop
      vertex 19.0 16.0 18.0
      vertex 19.0 17.0 18.0
      vertex 19.0 17.0 18.0
    endloop
  endfacet
  facet normal -0.4609769880771637 -0.4609769582748413 -0.758287787437439
    outer loop
      vertex 19.0 17.0 13.567781448364258
      vertex 18.289018630981445 17.0 14.0
      vertex 18.0 17.289018630981445 14.0
    endloop
  endfacet
  facet normal -0.4609769880771637 -0.4609769880771637 -0.758287787437439
    outer loop
      vertex 18.0 18.0 13.567781448364258
      vertex 19.0 17.0 13.567781448364258
      vertex 18.0 17.289018630981445 14.0
    endloop
  endfacet
  facet normal 0.17142124474048615 0.17142124474048615 -0.9701697826385498
    outer loop
      vertex 19.0 18.0 13.744473457336426
      vertex 19.0 17.0 13.567781448364258
      vertex 18.0 18.0 13.567781448364258
    endloop
  endfacet
  facet normal -0.6317616701126099 -0.6317616701126099 0.4491707682609558
    outer loop
      vertex 18.0 17.289018630981445 14.0
      vertex 18.289018630981445 17.0 14.0
      vertex 18.0 18.0 15.0
    endloop
  endfacet
  facet normal -0.6317616701126099 -0.6317616701126099 0.4491707682609558
    outer loop
      vertex 18.0 18.0 15.0
      vertex 18.289018630981445 17.0 14.0
      vertex 19.0 17.0 15.0
    endloop
  endfacet
  facet normal -0.7071067690849304 -0.7071067690849304 0.0
    outer loop
      vertex 18.0 18.0 15.0
      vertex 19.0 17.0 15.0
      vertex 18.0 18.0 16.0
    endloop
  endfacet
  facet normal -0.7071067690849304 -0.7071067690849304 0.0
    outer loop
      vertex 18.0 18.0 16.0
      vertex 19.0 17.0 15.0
      vertex 19.0 17.0 16.0
    endloop
  endfacet
  facet normal -0.7071067690849304 -0.7071067690849304 0.0
    outer loop
      vertex 18.0 18.0 16.0
      vertex 19.0 17.0 16.0
      vertex 18.0 18.0 17.0
    endloop
  endfacet
  facet normal -0.7071067690849304 -0.7071067690849304 0.0
    outer loop
      vertex 18.0 18.0 17.0
      vertex 19.0 17.0 16.0
      vertex 19.0 17.0 17.0
    endloop
  endfacet
  facet normal -0.7071067690849304 -0.7071067690849304 0.0
    outer loop
      vertex 18.0 18.0 17.0
      vertex 19.0 17.0 17.0
      vertex 18.0 18.0 18.0
    endloop
  endfacet
  facet normal -0.7071067690849304 -0.7071067690849304 0.0
    outer loop
      vertex 18.0 18.0 18.0
      vertex 19.0 17.0 17.0
      vertex 19.0 17.0 18.0
    endloop
  endfacet
  facet normal 0.0 0.0 0.0
    outer loop
      vertex 18.0 18.0 18.0
      vertex 18.0 18.0 18.0
      vertex 19.0 17.0 18.0
    endloop
  endfacet
  facet normal 0.0 0.0 0.0
    outer loop
      vertex 19.0 17.0 18.0
      vertex 18.0 18.0 18.0
      vertex 19.0 17.0 18.0
    endloop
  endfacet
  facet normal 0.0 0.0 1.0
    outer loop
      vertex 19.0 18.0 18.0
      vertex 18.0 18.0 18.0
      vertex 19.0 17.0 18.0
    endloop
  endfacet
  facet normal 0.5343723297119141 0.5343723297119141 -0.6548987627029419
    outer loop
      vertex 18.0 19.0 13.744473457336426
      vertex 18.313159942626953 19.0 14.0
      vertex 19.0 18.313159942626953 14.0
    endloop
  endfacet
  facet normal 0.5343723893165588 0.5343723893165588 -0.6548987627029419
    outer loop
      vertex 19.0 18.0 13.744473457336426
      vertex 18.0 19.0 13.744473457336426
      vertex 19.0 18.313159942626953 14.0
    endloop
  endfacet
  facet normal 0.17142124474048615 0.17142124474048615 -0.9701697826385498
    outer loop
      vertex 18.0 18.0 13.567781448364258
      vertex 18.0 19.0 13.744473457336426
      vertex 19.0 18.0 13.744473457336426
    endloop
  endfacet
  facet normal 0.636059582233429 0.636059582233429 -0.4368712306022644
    outer loop
      vertex 18.313159942626953 19.0 14.0
      vertex 19.0 19.0 15.0
      vertex 19.0 18.313159942626953 14.0
    endloop
  endfacet
  facet normal 0.0 0.0 1.0
    outer loop
      vertex 19.0 18.0 18.0
      vertex 18.0 19.0 18.0
      vertex 18.0 18.0 18.0
    endloop
  endfacet
  facet normal 0.0 0.0 1.0
    outer loop
      vertex 19.0 19.0 18.0
      vertex 18.0 19.0 18.0
      vertex 19.0 18.0 18.0
    endloop
  endfacet
  facet normal 0.4876021146774292 0.6365081667900085 -0.5975795984268188
    outer loop
      vertex 18.0 19.239898681640625 14.0
      vertex 18.313159942626953 19.0 14.0
      vertex 18.0 19.0 13.744473457336426
    endloop
  endfacet
  facet normal 0.0 0.0 0.0
    outer loop
      vertex 19.0 19.0 15.0
      vertex 19.0 19.0 15.0
      vertex 18.313159942626953 19.0 14.0
    endloop
  endfacet
  facet normal 0.5611448884010315 0.7325096130371094 -0.38541677594184875
    outer loop
      vertex 18.0 19.239898681640625 14.0
      vertex 19.0 19.0 15.0
      vertex 18.313159942626953 19.0 14.0
    endloop
  endfacet
  facet normal -0.0 0.972409725189209 0.23327980935573578
    outer loop
      vertex 18.0 19.0 15.0
      vertex 19.0 19.0 15.0
      vertex 18.0 19.239898681640625 14.0
    endloop
  endfacet
  facet normal 0.0 0.7071067690849304 -0.7071067690849304
    outer loop
      vertex 18.0 19.0 15.0
      vertex 18.0 20.0 16.0
      vertex 19.0 19.0 15.0
    endloop
  endfacet
  facet normal 0.0 0.7071067690849304 -0.7071067690849304
    outer loop
      vertex 19.0 19.0 15.0
      vertex 18.0 20.0 16.0
      vertex 19.0 20.0 16.0
    endloop
  endfacet
  facet normal 0.0 0.0 1.0
    outer loop
      vertex 19.0 19.0 18.0
      vertex 18.0 20.0 18.0
      vertex 18.0 19.0 18.0
    endloop
  endfacet
  facet normal 0.0 0.0 1.0
    outer loop
      vertex 19.0 20.0 18.0
      vertex 18.0 20.0 18.0
      vertex 19.0 19.0 18.0
    endloop
  endfacet
  facet normal 0.0 0.0 0.0
    outer loop
      vertex 19.0 20.0 16.0
      vertex 19.0 20.0 16.0
      vertex 18.0 20.0 16.0
    endloop
  endfacet
  facet normal 0.0 0.0 0.0
    outer loop
      vertex 19.0 20.0 16.0
      vertex 18.0 20.0 16.0
      vertex 18.0 20.0 16.0
    endloop
  endfacet
  facet normal 0.0 1.0 0.0
    outer loop
      vertex 19.0 20.0 17.0
      vertex 18.0 20.0 16.0
      vertex 18.0 20.0 17.0
    endloop
  endfacet
  facet normal 0.0 1.0 0.0
    outer loop
      vertex 19.0 20.0 17.0
      vertex 19.0 20.0 16.0
      vertex 18.0 20.0 16.0
    endloop
  endfacet
  facet normal 0.0 0.7071067690849304 -0.7071067690849304
    outer loop
      vertex 18.0 20.0 17.0
      vertex 18.0 21.0 18.0
      vertex 19.0 20.0 17.0
    endloop
  endfacet
  facet normal 0.0 0.7071067690849304 -0.7071067690849304
    outer loop
      vertex 19.0 20.0 17.0
      vertex 18.0 21.0 18.0
      vertex 19.0 21.0 18.0
    endloop
  endfacet
  facet normal 0.0 0.0 1.0
    outer loop
      vertex 19.0 20.0 18.0
      vertex 18.0 21.0 18.0
      vertex 18.0 20.0 18.0
    endloop
  endfacet
  facet normal 0.0 0.0 1.0
    outer loop
      vertex 19.0 21.0 18.0
      vertex 18.0 21.0 18.0
      vertex 19.0 20.0 18.0
    endloop
  endfacet
  facet normal 0.0 0.0 0.0
    outer loop
      vertex 19.0 21.0 18.0
      vertex 19.0 21.0 18.0
      vertex 18.0 21.0 18.0
    endloop
  endfacet
  facet normal 0.0 0.0 0.0
    outer loop
      vertex 19.0 21.0 18.0
      vertex 18.0 21.0 18.0
      vertex 18.0 21.0 18.0
    endloop
  endfacet
  facet normal 0.0 0.0 0.0
    outer loop
      vertex 18.0 21.0 18.0
      vertex 18.0 21.0 18.0
      vertex 19.0 21.0 18.0
    endloop
  endfacet
  facet normal 0.0 0.0 0.0
    outer loop
      vertex 18.0 21.0 18.0
      vertex 19.0 21.0 18.0
      vertex 19.0 21.0 18.0
    endloop
  endfacet
  facet normal 0.0 0.0 0.0
    outer loop
      vertex 20.0 10.0 18.0
      vertex 20.0 10.0 18.0
      vertex 19.0 10.0 18.0
    endloop
  endfacet
  facet normal 0.0 0.0 0.0
    outer loop
      vertex 20.0 10.0 18.0
      vertex 19.0 10.0 18.0
      vertex 19.0 10.0 18.0
    endloop
  endfacet
  facet normal 0.0 0.0 0.0
    outer loop
      vertex 19.0 10.0 18.0
      vertex 19.0 10.0 18.0
      vertex 20.0 10.0 18.0
    endloop
  endfacet
  facet normal 0.0 0.0 0.0
    outer loop
      vertex 19.0 10.0 18.0
      vertex 20.0 10.0 18.0
      vertex 20.0 10.0 18.0
    endloop
  endfacet
  facet normal 0.0 0.0 0.0
    outer loop
      vertex 20.0 11.0 16.0
      vertex 20.0 11.0 16.0
      vertex 19.0 11.0 16.0
    endloop
  endfacet
  facet normal 0.0 0.0 0.0
    outer loop
      vertex 20.0 11.0 16.0
      vertex 19.0 11.0 16.0
      vertex 19.0 11.0 16.0
    endloop
  endfacet
  facet normal 0.0 -1.0 0.0
    outer loop
      vertex 19.0 11.0 16.0
      vertex 20.0 11.0 17.0
      vertex 19.0 11.0 17.0
    endloop
  endfacet
  facet normal 0.0 -1.0 0.0
    outer loop
      vertex 20.0 11.0 16.0
      vertex 20.0 11.0 17.0
      vertex 19.0 11.0 16.0
    endloop
  endfacet
  facet normal 0.0 -0.7071067690849304 -0.7071067690849304
    outer loop
      vertex 19.0 10.0 18.0
      vertex 19.0 11.0 17.0
      vertex 20.0 10.0 18.0
    endloop
  endfacet
  facet normal 0.0 -0.7071067690849304 -0.7071067690849304
    outer loop
      vertex 20.0 10.0 18.0
      vertex 19.0 11.0 17.0
      vertex 20.0 11.0 17.0
    endloop
  endfacet
  facet normal 0.0 0.0 1.0
    outer loop
      vertex 20.0 10.0 18.0
      vertex 19.0 11.0 18.0
      vertex 19.0 10.0 18.0
    endloop
  endfacet
  facet normal 0.0 0.0 1.0
    outer loop
      vertex 20.0 11.0 18.0
      vertex 19.0 11.0 18.0
      vertex 20.0 10.0 18.0
    endloop
  endfacet
  facet normal 0.0 0.0 0.0
    outer loop
      vertex 19.0 12.0 15.0
      vertex 19.0 12.0 15.0
      vertex 19.0 12.0 15.0
    endloop
  endfacet
  facet normal 0.0 0.0 0.0
    outer loop
      vertex 19.0 12.0 15.0
      vertex 20.0 12.0 16.0
      vertex 19.0 12.0 15.0
    endloop
  endfacet
  facet normal 0.5773502588272095 -0.5773502588272095 -0.5773502588272095
    outer loop
      vertex 20.0 12.0 16.0
      vertex 19.0 11.0 16.0
      vertex 19.0 12.0 15.0
    endloop
  endfacet
  facet normal 0.0 -0.0 -1.0
    outer loop
      vertex 20.0 12.0 16.0
      vertex 20.0 11.0 16.0
      vertex 19.0 11.0 16.0
    endloop
  endfacet
  facet normal 0.0 0.0 1.0
    outer loop
      vertex 20.0 11.0 18.0
      vertex 19.0 12.0 18.0
      vertex 19.0 11.0 18.0
    endloop
  endfacet
  facet normal 0.0 0.0 1.0
    outer loop
      vertex 20.0 12.0 18.0
      vertex 19.0 12.0 18.0
      vertex 20.0 11.0 18.0
    endloop
  endfacet
  facet normal 0.6365081667900085 -0.4876021146774292 -0.5975795984268188
    outer loop
      vertex 19.0 13.0 13.744473457336426
      vertex 19.239898681640625 13.0 14.0
      vertex 19.0 12.686840057373047 14.0
    endloop
  endfacet
  facet normal 0.6796906590461731 -0.5206824541091919 -0.5166337490081787
    outer loop
      vertex 19.239898681640625 13.0 14.0
      vertex 20.0 13.0 15.0
      vertex 19.0 12.686840057373047 14.0
    endloop
  endfacet
  facet normal 0.636059582233429 -0.636059582233429 -0.436871200799942
    outer loop
      vertex 19.0 12.686840057373047 14.0
      vertex 20.0 13.0 15.0
      vertex 19.0 12.0 15.0
    endloop
  endfacet
  facet normal 0.0 0.0 0.0
    outer loop
      vertex 20.0 13.0 15.0
      vertex 20.0 13.0 15.0
      vertex 19.0 12.0 15.0
    endloop
  endfacet
  facet normal 0.0 0.0 0.0
    outer loop
      vertex 20.0 13.0 15.0
      vertex 19.0 12.0 15.0
      vertex 19.0 12.0 15.0
    endloop
  endfacet
  facet normal 0.5773502588272095 -0.5773502588272095 -0.5773502588272095
    outer loop
      vertex 19.0 12.0 15.0
      vertex 20.0 13.0 15.0
      vertex 20.0 12.0 16.0
    endloop
  endfacet
  facet normal 0.0 0.0 1.0
    outer loop
      vertex 20.0 12.0 18.0
      vertex 19.0 13.0 18.0
      vertex 19.0 12.0 18.0
    endloop
  endfacet
  facet normal 0.0 0.0 1.0
    outer loop
      vertex 20.0 13.0 18.0
      vertex 19.0 13.0 18.0
      vertex 20.0 12.0 18.0
    endloop
  endfacet
  facet normal 0.589028537273407 -0.19739368557929993 -0.7836333513259888
    outer loop
      vertex 19.0 14.0 13.567781448364258
      vertex 19.575016021728516 14.0 14.0
      vertex 19.239898681640625 13.0 14.0
    endloop
  endfacet
  facet normal 0.7237755656242371 -0.12006395310163498 -0.6795098781585693
    outer loop
      vertex 19.0 14.0 13.567781448364258
      vertex 19.239898681640625 13.0 14.0
      vertex 19.0 13.0 13.744473457336426
    endloop
  endfacet
  facet normal 0.7961233258247375 0.0 -0.6051343679428101
    outer loop
      vertex 20.0 13.0 15.0
      vertex 19.239898681640625 13.0 14.0
      vertex 20.0 14.0 15.0
    endloop
  endfacet
  facet normal 0.8794578313827515 -0.2947215735912323 -0.37375548481941223
    outer loop
      vertex 20.0 14.0 15.0
      vertex 19.239898681640625 13.0 14.0
      vertex 19.575016021728516 14.0 14.0
    endloop
  endfacet
  facet normal 0.0 0.0 1.0
    outer loop
      vertex 20.0 13.0 18.0
      vertex 19.0 14.0 18.0
      vertex 19.0 13.0 18.0
    endloop
  endfacet
  facet normal 0.0 0.0 1.0
    outer loop
      vertex 20.0 14.0 18.0
      vertex 19.0 14.0 18.0
      vertex 20.0 13.0 18.0
    endloop
  endfacet
  facet normal 0.41585323214530945 -0.14866359531879425 -0.8971985578536987
    outer loop
      vertex 19.0 15.0 13.567781448364258
      vertex 19.932506561279297 15.0 14.0
      vertex 19.575016021728516 14.0 14.0
    endloop
  endfacet
  facet normal 0.6008506417274475 0.0 -0.7993612289428711
    outer loop
      vertex 19.0 15.0 13.567781448364258
      vertex 19.575016021728516 14.0 14.0
      vertex 19.0 14.0 13.567781448364258
    endloop
  endfacet
  facet normal 0.9203362464904785 0.0 -0.39112815260887146
    outer loop
      vertex 20.0 14.0 15.0
      vertex 19.575016021728516 14.0 14.0
      vertex 20.0 15.0 15.0
    endloop
  endfacet
  facet normal 0.9397422075271606 -0.3359489440917969 -0.0634264349937439
    outer loop
      vertex 20.0 15.0 15.0
      vertex 19.575016021728516 14.0 14.0
      vertex 19.932506561279297 15.0 14.0
    endloop
  endfacet
  facet normal 0.0 0.0 1.0
    outer loop
      vertex 20.0 14.0 18.0
      vertex 19.0 15.0 18.0
      vertex 19.0 14.0 18.0
    endloop
  endfacet
  facet normal 0.0 0.0 1.0
    outer loop
      vertex 20.0 15.0 18.0
      vertex 19.0 15.0 18.0
      vertex 20.0 14.0 18.0
    endloop
  endfacet
  facet normal 0.4205261766910553 0.0 -0.9072803854942322
    outer loop
      vertex 19.0 16.0 13.567781448364258
      vertex 19.932506561279297 16.0 14.0
      vertex 19.932506561279297 15.0 14.0
    endloop
  endfacet
  facet normal 0.4205261766910553 0.0 -0.9072803854942322
    outer loop
      vertex 19.0 16.0 13.567781448364258
      vertex 19.932506561279297 15.0 14.0
      vertex 19.0 15.0 13.567781448364258
    endloop
  endfacet
  facet normal 0.9977300763130188 0.0 -0.06734023243188858
    outer loop
      vertex 20.0 15.0 15.0
      vertex 19.932506561279297 15.0 14.0
      vertex 20.0 16.0 15.0
    endloop
  endfacet
  facet normal 0.9977300763130188 0.0 -0.06734023243188858
    outer loop
      vertex 20.0 16.0 15.0
      vertex 19.932506561279297 15.0 14.0
      vertex 19.932506561279297 16.0 14.0
    endloop
  endfacet
  facet normal 0.0 0.0 1.0
    outer loop
      vertex 20.0 15.0 18.0
      vertex 19.0 16.0 18.0
      vertex 19.0 15.0 18.0
    endloop
  endfacet
  facet normal 0.0 0.0 1.0
    outer loop
      vertex 20.0 16.0 18.0
      vertex 19.0 16.0 18.0
      vertex 20.0 15.0 18.0
    endloop
  endfacet
  facet normal 0.5874514579772949 0.21000833809375763 -0.7815352082252502
    outer loop
      vertex 19.0 17.0 13.567781448364258
      vertex 19.575016021728516 17.0 14.0
      vertex 19.932506561279297 16.0 14.0
    endloop
  endfacet
  facet normal 0.4205261766910553 0.0 -0.9072803854942322
    outer loop
      vertex 19.0 17.0 13.567781448364258
      vertex 19.932506561279297 16.0 14.0
      vertex 19.0 16.0 13.567781448364258
    endloop
  endfacet
  facet normal 0.9977300763130188 0.0 -0.06734023243188858
    outer loop
      vertex 20.0 16.0 15.0
      vertex 19.932506561279297 16.0 14.0
      vertex 20.0 17.0 15.0
    endloop
  endfacet
  facet normal 0.8742344975471497 0.3125305771827698 -0.37153565883636475
    outer loop
      vertex 20.0 17.0 15.0
      vertex 19.932506561279297 16.0 14.0
      vertex 19.575016021728516 17.0 14.0
    endloop
  endfacet
  facet normal 0.0 0.0 1.0
    outer loop
      vertex 20.0 16.0 18.0
      vertex 19.0 17.0 18.0
      vertex 19.0 16.0 18.0
    endloop
  endfacet
  facet normal 0.0 0.0 1.0
    outer loop
      vertex 20.0 17.0 18.0
      vertex 19.0 17.0 18.0
      vertex 20.0 16.0 18.0
    endloop
  endfacet
  facet normal 0.7082186937332153 0.23733636736869812 -0.6649044156074524
    outer loop
      vertex 19.0 18.0 13.744473457336426
      vertex 19.239898681640625 18.0 14.0
      vertex 19.575016021728516 17.0 14.0
    endloop
  endfacet
  facet normal 0.5949457287788391 0.13985268771648407 -0.7915053963661194
    outer loop
      vertex 19.0 18.0 13.744473457336426
      vertex 19.575016021728516 17.0 14.0
      vertex 19.0 17.0 13.567781448364258
    endloop
  endfacet
  facet normal 0.9203362464904785 0.0 -0.39112815260887146
    outer loop
      vertex 20.0 17.0 15.0
      vertex 19.575016021728516 17.0 14.0
      vertex 20.0 18.0 15.0
    endloop
  endfacet
  facet normal 0.7692176699638367 0.2577781677246094 -0.584683358669281
    outer loop
      vertex 20.0 18.0 15.0
      vertex 19.575016021728516 17.0 14.0
      vertex 19.239898681640625 18.0 14.0
    endloop
  endfacet
  facet normal 0.0 0.0 1.0
    outer loop
      vertex 20.0 17.0 18.0
      vertex 19.0 18.0 18.0
      vertex 19.0 17.0 18.0
    endloop
  endfacet
  facet normal 0.0 0.0 1.0
    outer loop
      vertex 20.0 18.0 18.0
      vertex 19.0 18.0 18.0
      vertex 20.0 17.0 18.0
    endloop
  endfacet
  facet normal 0.6365081667900085 0.4876021146774292 -0.5975795984268188
    outer loop
      vertex 19.0 18.313159942626953 14.0
      vertex 19.239898681640625 18.0 14.0
      vertex 19.0 18.0 13.744473457336426
    endloop
  endfacet
  facet normal 0.0 0.0 0.0
    outer loop
      vertex 19.0 19.0 15.0
      vertex 20.0 18.0 15.0
      vertex 19.0 19.0 15.0
    endloop
  endfacet
  facet normal 0.636059582233429 0.636059582233429 -0.436871200799942
    outer loop
      vertex 19.0 19.0 15.0
      vertex 20.0 18.0 15.0
      vertex 19.0 18.313159942626953 14.0
    endloop
  endfacet
  facet normal 0.0 0.0 0.0
    outer loop
      vertex 20.0 18.0 15.0
      vertex 20.0 18.0 15.0
      vertex 19.0 18.313159942626953 14.0
    endloop
  endfacet
  facet normal 0.6796906590461731 0.5206824541091919 -0.5166337490081787
    outer loop
      vertex 20.0 18.0 15.0
      vertex 19.239898681640625 18.0 14.0
      vertex 19.0 18.313159942626953 14.0
    endloop
  endfacet
  facet normal 0.5773502588272095 0.5773502588272095 -0.5773502588272095
    outer loop
      vertex 19.0 19.0 15.0
      vertex 20.0 19.0 16.0
      vertex 20.0 18.0 15.0
    endloop
  endfacet
  facet normal 0.0 0.0 1.0
    outer loop
      vertex 20.0 18.0 18.0
      vertex 19.0 19.0 18.0
      vertex 19.0 18.0 18.0
    endloop
  endfacet
  facet normal 0.0 0.0 1.0
    outer loop
      vertex 20.0 19.0 18.0
      vertex 19.0 19.0 18.0
      vertex 20.0 18.0 18.0
    endloop
  endfacet
  facet normal 0.0 0.0 0.0
    outer loop
      vertex 19.0 19.0 15.0
      vertex 19.0 19.0 15.0
      vertex 19.0 19.0 15.0
    endloop
  endfacet
  facet normal 0.0 0.0 0.0
    outer loop
      vertex 19.0 19.0 15.0
      vertex 19.0 20.0 16.0
      vertex 19.0 19.0 15.0
    endloop
  endfacet
  facet normal 0.5773502588272095 0.5773502588272095 -0.5773502588272095
    outer loop
      vertex 19.0 20.0 16.0
      vertex 20.0 19.0 16.0
      vertex 19.0 19.0 15.0
    endloop
  endfacet
  facet normal 0.0 0.0 -1.0
    outer loop
      vertex 19.0 20.0 16.0
      vertex 20.0 20.0 16.0
      vertex 20.0 19.0 16.0
    endloop
  endfacet
  facet normal 0.0 0.0 1.0
    outer loop
      vertex 20.0 19.0 18.0
      vertex 19.0 20.0 18.0
      vertex 19.0 19.0 18.0
    endloop
  endfacet
  facet normal 0.0 0.0 1.0
    outer loop
      vertex 20.0 20.0 18.0
      vertex 19.0 20.0 18.0
      vertex 20.0 19.0 18.0
    endloop
  endfacet
  facet normal 0.0 0.0 0.0
    outer loop
      vertex 20.0 20.0 16.0
      vertex 20.0 20.0 16.0
      vertex 19.0 20.0 16.0
    endloop
  endfacet
  facet normal 0.0 0.0 0.0
    outer loop
      vertex 20.0 20.0 16.0
      vertex 19.0 20.0 16.0
      vertex 19.0 20.0 16.0
    endloop
  endfacet
  facet normal 0.0 1.0 0.0
    outer loop
      vertex 20.0 20.0 17.0
      vertex 19.0 20.0 16.0
      vertex 19.0 20.0 17.0
    endloop
  endfacet
  facet normal 0.0 1.0 0.0
    outer loop
      vertex 20.0 20.0 17.0
      vertex 20.0 20.0 16.0
      vertex 19.0 20.0 16.0
    endloop
  endfacet
  facet normal 0.0 0.7071067690849304 -0.7071067690849304
    outer loop
      vertex 19.0 20.0 17.0
      vertex 19.0 21.0 18.0
      vertex 20.0 20.0 17.0
    endloop
  endfacet
  facet normal 0.0 0.7071067690849304 -0.7071067690849304
    outer loop
      vertex 20.0 20.0 17.0
      vertex 19.0 21.0 18.0
      vertex 20.0 21.0 18.0
    endloop
  endfacet
  facet normal 0.0 0.0 1.0
    outer loop
      vertex 20.0 20.0 18.0
      vertex 19.0 21.0 18.0
      vertex 19.0 20.0 18.0
    endloop
  endfacet
  facet normal 0.0 0.0 1.0
    outer loop
      vertex 20.0 21.0 18.0
      vertex 19.0 21.0 18.0
      vertex 20.0 20.0 18.0
    endloop
  endfacet
  facet normal 0.0 0.0 0.0
    outer loop
      vertex 20.0 21.0 18.0
      vertex 20.0 21.0 18.0
      vertex 19.0 21.0 18.0
    endloop
  endfacet
  facet normal 0.0 0.0 0.0
    outer loop
      vertex 20.0 21.0 18.0
      vertex 19.0 21.0 18.0
      vertex 19.0 21.0 18.0
    endloop
  endfacet
  facet normal 0.0 0.0 0.0
    outer loop
      vertex 19.0 21.0 18.0
      vertex 19.0 21.0 18.0
      vertex 20.0 21.0 18.0
    endloop
  endfacet
  facet normal 0.0 0.0 0.0
    outer loop
      vertex 19.0 21.0 18.0
      vertex 20.0 21.0 18.0
      vertex 20.0 21.0 18.0
    endloop
  endfacet
  facet normal 0.0 0.0 0.0
    outer loop
      vertex 21.0 10.0 18.0
      vertex 21.0 10.0 18.0
      vertex 20.0 10.0 18.0
    endloop
  endfacet
  facet normal 0.0 0.0 0.0
    outer loop
      vertex 21.0 10.0 18.0
      vertex 20.0 10.0 18.0
      vertex 20.0 10.0 18.0
    endloop
  endfacet
  facet normal 0.0 0.0 0.0
    outer loop
      vertex 20.0 10.0 18.0
      vertex 20.0 10.0 18.0
      vertex 21.0 10.0 18.0
    endloop
  endfacet
  facet normal 0.0 0.0 0.0
    outer loop
      vertex 20.0 10.0 18.0
      vertex 21.0 10.0 18.0
      vertex 21.0 10.0 18.0
    endloop
  endfacet
  facet normal 0.0 0.0 0.0
    outer loop
      vertex 20.0 11.0 16.0
      vertex 20.0 11.0 16.0
      vertex 20.0 11.0 16.0
    endloop
  endfacet
  facet normal 0.0 0.0 0.0
    outer loop
      vertex 20.0 11.0 16.0
      vertex 20.0 11.0 16.0
      vertex 21.0 11.0 17.0
    endloop
  endfacet
  facet normal 0.0 0.0 0.0
    outer loop
      vertex 21.0 11.0 17.0
      vertex 20.0 11.0 16.0
      vertex 21.0 11.0 17.0
    endloop
  endfacet
  facet normal 0.0 -1.0 0.0
    outer loop
      vertex 20.0 11.0 17.0
      vertex 20.0 11.0 16.0
      vertex 21.0 11.0 17.0
    endloop
  endfacet
  facet normal 0.0 -0.7071067690849304 -0.7071067690849304
    outer loop
      vertex 20.0 10.0 18.0
      vertex 20.0 11.0 17.0
      vertex 21.0 10.0 18.0
    endloop
  endfacet
  facet normal 0.0 -0.7071067690849304 -0.7071067690849304
    outer loop
      vertex 21.0 10.0 18.0
      vertex 20.0 11.0 17.0
      vertex 21.0 11.0 17.0
    endloop
  endfacet
  facet normal 0.0 0.0 1.0
    outer loop
      vertex 21.0 10.0 18.0
      vertex 20.0 11.0 18.0
      vertex 20.0 10.0 18.0
    endloop
  endfacet
  facet normal 0.0 0.0 1.0
    outer loop
      vertex 21.0 11.0 18.0
      vertex 20.0 11.0 18.0
      vertex 21.0 10.0 18.0
    endloop
  endfacet
  facet normal 0.0 0.0 0.0
    outer loop
      vertex 21.0 12.0 16.0
      vertex 21.0 12.0 16.0
      vertex 20.0 11.0 16.0
    endloop
  endfacet
  facet normal 0.0 0.0 0.0
    outer loop
      vertex 20.0 11.0 16.0
      vertex 21.0 12.0 16.0
      vertex 20.0 11.0 16.0
    endloop
  endfacet
  facet normal 0.0 0.0 -1.0
    outer loop
      vertex 20.0 12.0 16.0
      vertex 21.0 12.0 16.0
      vertex 20.0 11.0 16.0
    endloop
  endfacet
  facet normal 0.5773502588272095 -0.5773502588272095 -0.5773502588272095
    outer loop
      vertex 20.0 11.0 16.0
      vertex 21.0 12.0 16.0
      vertex 21.0 11.0 17.0
    endloop
  endfacet
  facet normal 0.0 0.0 1.0
    outer loop
      vertex 21.0 11.0 18.0
      vertex 20.0 12.0 18.0
      vertex 20.0 11.0 18.0
    endloop
  endfacet
  facet normal 0.0 0.0 1.0
    outer loop
      vertex 21.0 12.0 18.0
      vertex 20.0 12.0 18.0
      vertex 21.0 11.0 18.0
    endloop
  endfacet
  facet normal 0.0 0.0 0.0
    outer loop
      vertex 20.0 13.0 15.0
      vertex 20.0 13.0 15.0
      vertex 20.0 13.0 15.0
    endloop
  endfacet
  facet normal 0.0 0.0 0.0
    outer loop
      vertex 20.0 13.0 15.0
      vertex 21.0 13.0 16.0
      vertex 20.0 13.0 15.0
    endloop
  endfacet
  facet normal 0.5773502588272095 -0.5773502588272095 -0.5773502588272095
    outer loop
      vertex 21.0 13.0 16.0
      vertex 20.0 12.0 16.0
      vertex 20.0 13.0 15.0
    endloop
  endfacet
  facet normal 0.0 -0.0 -1.0
    outer loop
      vertex 21.0 13.0 16.0
      vertex 21.0 12.0 16.0
      vertex 20.0 12.0 16.0
    endloop
  endfacet
  facet normal 0.0 0.0 1.0
    outer loop
      vertex 21.0 12.0 18.0
      vertex 20.0 13.0 18.0
      vertex 20.0 12.0 18.0
    endloop
  endfacet
  facet normal 0.0 0.0 1.0
    outer loop
      vertex 21.0 13.0 18.0
      vertex 20.0 13.0 18.0
      vertex 21.0 12.0 18.0
    endloop
  endfacet
  facet normal 0.0 0.0 0.0
    outer loop
      vertex 20.0 14.0 15.0
      vertex 20.0 14.0 15.0
      vertex 20.0 13.0 15.0
    endloop
  endfacet
  facet normal 0.0 0.0 0.0
    outer loop
      vertex 20.0 14.0 15.0
      vertex 20.0 13.0 15.0
      vertex 20.0 13.0 15.0
    endloop
  endfacet
  facet normal 0.7071067690849304 0.0 -0.7071067690849304
    outer loop
      vertex 21.0 13.0 16.0
      vertex 20.0 13.0 15.0
      vertex 21.0 14.0 16.0
    endloop
  endfacet
  facet normal 0.7071067690849304 0.0 -0.7071067690849304
    outer loop
      vertex 21.0 14.0 16.0
      vertex 20.0 13.0 15.0
      vertex 20.0 14.0 15.0
    endloop
  endfacet
  facet normal 0.0 0.0 1.0
    outer loop
      vertex 21.0 13.0 18.0
      vertex 20.0 14.0 18.0
      vertex 20.0 13.0 18.0
    endloop
  endfacet
  facet normal 0.0 0.0 1.0
    outer loop
      vertex 21.0 14.0 18.0
      vertex 20.0 14.0 18.0
      vertex 21.0 13.0 18.0
    endloop
  endfacet
  facet normal 0.0 0.0 0.0
    outer loop
      vertex 20.0 15.0 15.0
      vertex 20.0 15.0 15.0
      vertex 20.0 14.0 15.0
    endloop
  endfacet
  facet normal 0.0 0.0 0.0
    outer loop
      vertex 20.0 15.0 15.0
      vertex 20.0 14.0 15.0
      vertex 20.0 14.0 15.0
    endloop
  endfacet
  facet normal 0.7071067690849304 0.0 -0.7071067690849304
    outer loop
      vertex 21.0 14.0 16.0
      vertex 20.0 14.0 15.0
      vertex 21.0 15.0 16.0
    endloop
  endfacet
  facet normal 0.7071067690849304 0.0 -0.7071067690849304
    outer loop
      vertex 21.0 15.0 16.0
      vertex 20.0 14.0 15.0
      vertex 20.0 15.0 15.0
    endloop
  endfacet
  facet normal 0.0 0.0 1.0
    outer loop
      vertex 21.0 14.0 18.0
      vertex 20.0 15.0 18.0
      vertex 20.0 14.0 18.0
    endloop
  endfacet
  facet normal 0.0 0.0 1.0
    outer loop
      vertex 21.0 15.0 18.0
      vertex 20.0 15.0 18.0
      vertex 21.0 14.0 18.0
    endloop
  endfacet
  facet normal 0.0 0.0 0.0
    outer loop
      vertex 20.0 16.0 15.0
      vertex 20.0 16.0 15.0
      vertex 20.0 15.0 15.0
    endloop
  endfacet
  facet normal 0.0 0.0 0.0
    outer loop
      vertex 20.0 16.0 15.0
      vertex 20.0 15.0 15.0
      vertex 20.0 15.0 15.0
    endloop
  endfacet
  facet normal 0.7071067690849304 0.0 -0.7071067690849304
    outer loop
      vertex 21.0 15.0 16.0
      vertex 20.0 15.0 15.0
      vertex 21.0 16.0 16.0
    endloop
  endfacet
  facet normal 0.7071067690849304 0.0 -0.7071067690849304
    outer loop
      vertex 21.0 16.0 16.0
      vertex 20.0 15.0 15.0
      vertex 20.0 16.0 15.0
    endloop
  endfacet
  facet normal 0.0 0.0 1.0
    outer loop
      vertex 21.0 15.0 18.0
      vertex 20.0 16.0 18.0
      vertex 20.0 15.0 18.0
    endloop
  endfacet
  facet normal 0.0 0.0 1.0
    outer loop
      vertex 21.0 16.0 18.0
      vertex 20.0 16.0 18.0
      vertex 21.0 15.0 18.0
    endloop
  endfacet
  facet normal 0.0 0.0 0.0
    outer loop
      vertex 20.0 17.0 15.0
      vertex 20.0 17.0 15.0
      vertex 20.0 16.0 15.0
    endloop
  endfacet
  facet normal 0.0 0.0 0.0
    outer loop
      vertex 20.0 17.0 15.0
      vertex 20.0 16.0 15.0
      vertex 20.0 16.0 15.0
    endloop
  endfacet
  facet normal 0.7071067690849304 0.0 -0.7071067690849304
    outer loop
      vertex 21.0 16.0 16.0
      vertex 20.0 16.0 15.0
      vertex 21.0 17.0 16.0
    endloop
  endfacet
  facet normal 0.7071067690849304 0.0 -0.7071067690849304
    outer loop
      vertex 21.0 17.0 16.0
      vertex 20.0 16.0 15.0
      vertex 20.0 17.0 15.0
    endloop
  endfacet
  facet normal 0.0 0.0 1.0
    outer loop
      vertex 21.0 16.0 18.0
      vertex 20.0 17.0 18.0
      vertex 20.0 16.0 18.0
    endloop
  endfacet
  facet normal 0.0 0.0 1.0
    outer loop
      vertex 21.0 17.0 18.0
      vertex 20.0 17.0 18.0
      vertex 21.0 16.0 18.0
    endloop
  endfacet
  facet normal 0.0 0.0 0.0
    outer loop
      vertex 20.0 18.0 15.0
      vertex 20.0 18.0 15.0
      vertex 20.0 17.0 15.0
    endloop
  endfacet
  facet normal 0.0 0.0 0.0
    outer loop
      vertex 20.0 18.0 15.0
      vertex 20.0 17.0 15.0
      vertex 20.0 17.0 15.0
    endloop
  endfacet
  facet normal 0.7071067690849304 0.0 -0.7071067690849304
    outer loop
      vertex 21.0 17.0 16.0
      vertex 20.0 17.0 15.0
      vertex 21.0 18.0 16.0
    endloop
  endfacet
  facet normal 0.7071067690849304 0.0 -0.7071067690849304
    outer loop
      vertex 21.0 18.0 16.0
      vertex 20.0 17.0 15.0
      vertex 20.0 18.0 15.0
    endloop
  endfacet
  facet normal 0.0 0.0 1.0
    outer loop
      vertex 21.0 17.0 18.0
      vertex 20.0 18.0 18.0
      vertex 20.0 17.0 18.0
    endloop
  endfacet
  facet normal 0.0 0.0 1.0
    outer loop
      vertex 21.0 18.0 18.0
      vertex 20.0 18.0 18.0
      vertex 21.0 17.0 18.0
    endloop
  endfacet
  facet normal 0.0 0.0 0.0
    outer loop
      vertex 20.0 18.0 15.0
      vertex 20.0 18.0 15.0
      vertex 20.0 18.0 15.0
    endloop
  endfacet
  facet normal 0.0 0.0 0.0
    outer loop
      vertex 20.0 18.0 15.0
      vertex 20.0 19.0 16.0
      vertex 20.0 18.0 15.0
    endloop
  endfacet
  facet normal 0.5773502588272095 0.5773502588272095 -0.5773502588272095
    outer loop
      vertex 20.0 19.0 16.0
      vertex 21.0 18.0 16.0
      vertex 20.0 18.0 15.0
    endloop
  endfacet
  facet normal 0.0 0.0 -1.0
    outer loop
      vertex 20.0 19.0 16.0
      vertex 21.0 19.0 16.0
      vertex 21.0 18.0 16.0
    endloop
  endfacet
  facet normal 0.0 0.0 1.0
    outer loop
      vertex 21.0 18.0 18.0
      vertex 20.0 19.0 18.0
      vertex 20.0 18.0 18.0
    endloop
  endfacet
  facet normal 0.0 0.0 1.0
    outer loop
      vertex 21.0 19.0 18.0
      vertex 20.0 19.0 18.0
      vertex 21.0 18.0 18.0
    endloop
  endfacet
  facet normal 0.0 0.0 0.0
    outer loop
      vertex 20.0 20.0 16.0
      vertex 20.0 20.0 16.0
      vertex 21.0 19.0 16.0
    endloop
  endfacet
  facet normal 0.0 0.0 0.0
    outer loop
      vertex 21.0 19.0 16.0
      vertex 20.0 20.0 16.0
      vertex 21.0 19.0 16.0
    endloop
  endfacet
  facet normal 0.0 0.0 -1.0
    outer loop
      vertex 20.0 19.0 16.0
      vertex 20.0 20.0 16.0
      vertex 21.0 19.0 16.0
    endloop
  endfacet
  facet normal 0.5773502588272095 0.5773502588272095 -0.5773502588272095
    outer loop
      vertex 20.0 20.0 16.0
      vertex 21.0 20.0 17.0
      vertex 21.0 19.0 16.0
    endloop
  endfacet
  facet normal 0.0 0.0 1.0
    outer loop
      vertex 21.0 19.0 18.0
      vertex 20.0 20.0 18.0
      vertex 20.0 19.0 18.0
    endloop
  endfacet
  facet normal 0.0 0.0 1.0
    outer loop
      vertex 21.0 20.0 18.0
      vertex 20.0 20.0 18.0
      vertex 21.0 19.0 18.0
    endloop
  endfacet
  facet normal 0.0 0.0 0.0
    outer loop
      vertex 20.0 20.0 16.0
      vertex 20.0 20.0 16.0
      vertex 20.0 20.0 16.0
    endloop
  endfacet
  facet normal 0.0 0.0 0.0
    outer loop
      vertex 21.0 20.0 17.0
      vertex 21.0 20.0 17.0
      vertex 20.0 20.0 16.0
    endloop
  endfacet
  facet normal 0.0 0.0 0.0
    outer loop
      vertex 20.0 20.0 16.0
      vertex 21.0 20.0 17.0
      vertex 20.0 20.0 16.0
    endloop
  endfacet
  facet normal -0.0 1.0 0.0
    outer loop
      vertex 20.0 20.0 17.0
      vertex 21.0 20.0 17.0
      vertex 20.0 20.0 16.0
    endloop
  endfacet
  facet normal 0.0 0.7071067690849304 -0.7071067690849304
    outer loop
      vertex 20.0 20.0 17.0
      vertex 20.0 21.0 18.0
      vertex 21.0 20.0 17.0
    endloop
  endfacet
  facet normal 0.0 0.7071067690849304 -0.7071067690849304
    outer loop
      vertex 21.0 20.0 17.0
      vertex 20.0 21.0 18.0
      vertex 21.0 21.0 18.0
    endloop
  endfacet
  facet normal 0.0 0.0 1.0
    outer loop
      vertex 21.0 20.0 18.0
      vertex 20.0 21.0 18.0
      vertex 20.0 20.0 18.0
    endloop
  endfacet
  facet normal 0.0 0.0 1.0
    outer loop
      vertex 21.0 21.0 18.0
      vertex 20.0 21.0 18.0
      vertex 21.0 20.0 18.0
    endloop
  endfacet
  facet normal 0.0 0.0 0.0
    outer loop
      vertex 21.0 21.0 18.0
      vertex 21.0 21.0 18.0
      vertex 20.0 21.0 18.0
    endloop
  endfacet
  facet normal 0.0 0.0 0.0
    outer loop
      vertex 21.0 21.0 18.0
      vertex 20.0 21.0 18.0
      vertex 20.0 21.0 18.0
    endloop
  endfacet
  facet normal 0.0 0.0 0.0
    outer loop
      vertex 20.0 21.0 18.0
      vertex 20.0 21.0 18.0
      vertex 21.0 21.0 18.0
    endloop
  endfacet
  facet normal 0.0 0.0 0.0
    outer loop
      vertex 20.0 21.0 18.0
      vertex 21.0 21.0 18.0
      vertex 21.0 21.0 18.0
    endloop
  endfacet
  facet normal 0.0 0.0 0.0
    outer loop
      vertex 22.0 10.0 18.0
      vertex 22.0 10.0 18.0
      vertex 21.0 10.0 18.0
    endloop
  endfacet
  facet normal 0.0 0.0 0.0
    outer loop
      vertex 22.0 10.0 18.0
      vertex 21.0 10.0 18.0
      vertex 21.0 10.0 18.0
    endloop
  endfacet
  facet normal 0.0 0.0 0.0
    outer loop
      vertex 21.0 10.0 18.0
      vertex 21.0 10.0 18.0
      vertex 22.0 10.0 18.0
    endloop
  endfacet
  facet normal 0.0 0.0 0.0
    outer loop
      vertex 21.0 10.0 18.0
      vertex 22.0 10.0 18.0
      vertex 22.0 10.0 18.0
    endloop
  endfacet
  facet normal 0.0 0.0 0.0
    outer loop
      vertex 21.0 11.0 17.0
      vertex 21.0 11.0 17.0
      vertex 21.0 11.0 17.0
    endloop
  endfacet
  facet normal 0.0 0.0 0.0
    outer loop
      vertex 21.0 11.0 17.0
      vertex 22.0 11.0 18.0
      vertex 21.0 11.0 17.0
    endloop
  endfacet
  facet normal 0.5773502588272095 -0.5773502588272095 -0.5773502588272095
    outer loop
      vertex 22.0 11.0 18.0
      vertex 21.0 10.0 18.0
      vertex 21.0 11.0 17.0
    endloop
  endfacet
  facet normal 0.0 -0.0 -1.0
    outer loop
      vertex 22.0 11.0 18.0
      vertex 22.0 10.0 18.0
      vertex 21.0 10.0 18.0
    endloop
  endfacet
  facet normal 0.0 0.0 1.0
    outer loop
      vertex 22.0 10.0 18.0
      vertex 21.0 11.0 18.0
      vertex 21.0 10.0 18.0
    endloop
  endfacet
  facet normal 0.0 0.0 1.0
    outer loop
      vertex 22.0 11.0 18.0
      vertex 21.0 11.0 18.0
      vertex 22.0 10.0 18.0
    endloop
  endfacet
  facet normal 0.0 0.0 0.0
    outer loop
      vertex 21.0 12.0 16.0
      vertex 21.0 12.0 16.0
      vertex 21.0 12.0 16.0
    endloop
  endfacet
  facet normal 0.0 0.0 0.0
    outer loop
      vertex 21.0 12.0 16.0
      vertex 22.0 12.0 17.0
      vertex 21.0 12.0 16.0
    endloop
  endfacet
  facet normal 0.5773502588272095 -0.5773502588272095 -0.5773502588272095
    outer loop
      vertex 21.0 12.0 16.0
      vertex 22.0 12.0 17.0
      vertex 21.0 11.0 17.0
    endloop
  endfacet
  facet normal 0.0 0.0 0.0
    outer loop
      vertex 22.0 12.0 17.0
      vertex 22.0 12.0 17.0
      vertex 21.0 11.0 17.0
    endloop
  endfacet
  facet normal 0.0 0.0 0.0
    outer loop
      vertex 22.0 12.0 17.0
      vertex 21.0 11.0 17.0
      vertex 21.0 11.0 17.0
    endloop
  endfacet
  facet normal 0.5773502588272095 -0.5773502588272095 -0.5773502588272095
    outer loop
      vertex 21.0 11.0 17.0
      vertex 22.0 12.0 17.0
      vertex 22.0 11.0 18.0
    endloop
  endfacet
  facet normal 0.0 0.0 1.0
    outer loop
      vertex 22.0 11.0 18.0
      vertex 21.0 12.0 18.0
      vertex 21.0 11.0 18.0
    endloop
  endfacet
  facet normal 0.0 0.0 1.0
    outer loop
      vertex 22.0 12.0 18.0
      vertex 21.0 12.0 18.0
      vertex 22.0 11.0 18.0
    endloop
  endfacet
  facet normal 0.0 0.0 0.0
    outer loop
      vertex 21.0 13.0 16.0
      vertex 21.0 13.0 16.0
      vertex 21.0 12.0 16.0
    endloop
  endfacet
  facet normal 0.0 0.0 0.0
    outer loop
      vertex 21.0 13.0 16.0
      vertex 21.0 12.0 16.0
      vertex 21.0 12.0 16.0
    endloop
  endfacet
  facet normal 0.7071067690849304 0.0 -0.7071067690849304
    outer loop
      vertex 22.0 12.0 17.0
      vertex 21.0 12.0 16.0
      vertex 22.0 13.0 17.0
    endloop
  endfacet
  facet normal 0.7071067690849304 0.0 -0.7071067690849304
    outer loop
      vertex 22.0 13.0 17.0
      vertex 21.0 12.0 16.0
      vertex 21.0 13.0 16.0
    endloop
  endfacet
  facet normal 0.0 0.0 1.0
    outer loop
      vertex 22.0 12.0 18.0
      vertex 21.0 13.0 18.0
      vertex 21.0 12.0 18.0
    endloop
  endfacet
  facet normal 0.0 0.0 1.0
    outer loop
      vertex 22.0 13.0 18.0
      vertex 21.0 13.0 18.0
      vertex 22.0 12.0 18.0
    endloop
  endfacet
  facet normal 0.0 0.0 0.0
    outer loop
      vertex 21.0 14.0 16.0
      vertex 21.0 14.0 16.0
      vertex 21.0 13.0 16.0
    endloop
  endfacet
  facet normal 0.0 0.0 0.0
    outer loop
      vertex 21.0 14.0 16.0
      vertex 21.0 13.0 16.0
      vertex 21.0 13.0 16.0
    endloop
  endfacet
  facet normal 0.7071067690849304 0.0 -0.7071067690849304
    outer loop
      vertex 22.0 13.0 17.0
      vertex 21.0 13.0 16.0
      vertex 22.0 14.0 17.0
    endloop
  endfacet
  facet normal 0.7071067690849304 0.0 -0.7071067690849304
    outer loop
      vertex 22.0 14.0 17.0
      vertex 21.0 13.0 16.0
      vertex 21.0 14.0 16.0
    endloop
  endfacet
  facet normal 0.0 0.0 1.0
    outer loop
      vertex 22.0 13.0 18.0
      vertex 21.0 14.0 18.0
      vertex 21.0 13.0 18.0
    endloop
  endfacet
  facet normal 0.0 0.0 1.0
    outer loop
      vertex 22.0 14.0 18.0
      vertex 21.0 14.0 18.0
      vertex 22.0 13.0 18.0
    endloop
  endfacet
  facet normal 0.0 0.0 0.0
    outer loop
      vertex 21.0 15.0 16.0
      vertex 21.0 15.0 16.0
      vertex 21.0 14.0 16.0
    endloop
  endfacet
  facet normal 0.0 0.0 0.0
    outer loop
      vertex 21.0 15.0 16.0
      vertex 21.0 14.0 16.0
      vertex 21.0 14.0 16.0
    endloop
  endfacet
  facet normal 0.7071067690849304 0.0 -0.7071067690849304
    outer loop
      vertex 22.0 14.0 17.0
      vertex 21.0 14.0 16.0
      vertex 22.0 15.0 17.0
    endloop
  endfacet
  facet normal 0.7071067690849304 0.0 -0.7071067690849304
    outer loop
      vertex 22.0 15.0 17.0
      vertex 21.0 14.0 16.0
      vertex 21.0 15.0 16.0
    endloop
  endfacet
  facet normal 0.0 0.0 1.0
    outer loop
      vertex 22.0 14.0 18.0
      vertex 21.0 15.0 18.0
      vertex 21.0 14.0 18.0
    endloop
  endfacet
  facet normal 0.0 0.0 1.0
    outer loop
      vertex 22.0 15.0 18.0
      vertex 21.0 15.0 18.0
      vertex 22.0 14.0 18.0
    endloop
  endfacet
  facet normal 0.0 0.0 0.0
    outer loop
      vertex 21.0 16.0 16.0
      vertex 21.0 16.0 16.0
      vertex 21.0 15.0 16.0
    endloop
  endfacet
  facet normal 0.0 0.0 0.0
    outer loop
      vertex 21.0 16.0 16.0
      vertex 21.0 15.0 16.0
      vertex 21.0 15.0 16.0
    endloop
  endfacet
  facet normal 0.7071067690849304 0.0 -0.7071067690849304
    outer loop
      vertex 22.0 15.0 17.0
      vertex 21.0 15.0 16.0
      vertex 22.0 16.0 17.0
    endloop
  endfacet
  facet normal 0.7071067690849304 0.0 -0.7071067690849304
    outer loop
      vertex 22.0 16.0 17.0
      vertex 21.0 15.0 16.0
      vertex 21.0 16.0 16.0
    endloop
  endfacet
  facet normal 0.0 0.0 1.0
    outer loop
      vertex 22.0 15.0 18.0
      vertex 21.0 16.0 18.0
      vertex 21.0 15.0 18.0
    endloop
  endfacet
  facet normal 0.0 0.0 1.0
    outer loop
      vertex 22.0 16.0 18.0
      vertex 21.0 16.0 18.0
      vertex 22.0 15.0 18.0
    endloop
  endfacet
  facet normal 0.0 0.0 0.0
    outer loop
      vertex 21.0 17.0 16.0
      vertex 21.0 17.0 16.0
      vertex 21.0 16.0 16.0
    endloop
  endfacet
  facet normal 0.0 0.0 0.0
    outer loop
      vertex 21.0 17.0 16.0
      vertex 21.0 16.0 16.0
      vertex 21.0 16.0 16.0
    endloop
  endfacet
  facet normal 0.7071067690849304 0.0 -0.7071067690849304
    outer loop
      vertex 22.0 16.0 17.0
      vertex 21.0 16.0 16.0
      vertex 22.0 17.0 17.0
    endloop
  endfacet
  facet normal 0.7071067690849304 0.0 -0.7071067690849304
    outer loop
      vertex 22.0 17.0 17.0
      vertex 21.0 16.0 16.0
      vertex 21.0 17.0 16.0
    endloop
  endfacet
  facet normal 0.0 0.0 1.0
    outer loop
      vertex 22.0 16.0 18.0
      vertex 21.0 17.0 18.0
      vertex 21.0 16.0 18.0
    endloop
  endfacet
  facet normal 0.0 0.0 1.0
    outer loop
      vertex 22.0 17.0 18.0
      vertex 21.0 17.0 18.0
      vertex 22.0 16.0 18.0
    endloop
  endfacet
  facet normal 0.0 0.0 0.0
    outer loop
      vertex 21.0 18.0 16.0
      vertex 21.0 18.0 16.0
      vertex 21.0 17.0 16.0
    endloop
  endfacet
  facet normal 0.0 0.0 0.0
    outer loop
      vertex 21.0 18.0 16.0
      vertex 21.0 17.0 16.0
      vertex 21.0 17.0 16.0
    endloop
  endfacet
  facet normal 0.7071067690849304 0.0 -0.7071067690849304
    outer loop
      vertex 22.0 17.0 17.0
      vertex 21.0 17.0 16.0
      vertex 22.0 18.0 17.0
    endloop
  endfacet
  facet normal 0.7071067690849304 0.0 -0.7071067690849304
    outer loop
      vertex 22.0 18.0 17.0
      vertex 21.0 17.0 16.0
      vertex 21.0 18.0 16.0
    endloop
  endfacet
  facet normal 0.0 0.0 1.0
    outer loop
      vertex 22.0 17.0 18.0
      vertex 21.0 18.0 18.0
      vertex 21.0 17.0 18.0
    endloop
  endfacet
  facet normal 0.0 0.0 1.0
    outer loop
      vertex 22.0 18.0 18.0
      vertex 21.0 18.0 18.0
      vertex 22.0 17.0 18.0
    endloop
  endfacet
  facet normal 0.0 0.0 0.0
    outer loop
      vertex 21.0 19.0 16.0
      vertex 21.0 19.0 16.0
      vertex 21.0 18.0 16.0
    endloop
  endfacet
  facet normal 0.0 0.0 0.0
    outer loop
      vertex 21.0 19.0 16.0
      vertex 21.0 18.0 16.0
      vertex 21.0 18.0 16.0
    endloop
  endfacet
  facet normal 0.7071067690849304 0.0 -0.7071067690849304
    outer loop
      vertex 22.0 18.0 17.0
      vertex 21.0 18.0 16.0
      vertex 22.0 19.0 17.0
    endloop
  endfacet
  facet normal 0.7071067690849304 0.0 -0.7071067690849304
    outer loop
      vertex 22.0 19.0 17.0
      vertex 21.0 18.0 16.0
      vertex 21.0 19.0 16.0
    endloop
  endfacet
  facet normal 0.0 0.0 1.0
    outer loop
      vertex 22.0 18.0 18.0
      vertex 21.0 19.0 18.0
      vertex 21.0 18.0 18.0
    endloop
  endfacet
  facet normal 0.0 0.0 1.0
    outer loop
      vertex 22.0 19.0 18.0
      vertex 21.0 19.0 18.0
      vertex 22.0 18.0 18.0
    endloop
  endfacet
  facet normal 0.0 0.0 0.0
    outer loop
      vertex 21.0 19.0 16.0
      vertex 21.0 19.0 16.0
      vertex 21.0 19.0 16.0
    endloop
  endfacet
  facet normal 0.0 0.0 0.0
    outer loop
      vertex 21.0 20.0 17.0
      vertex 22.0 19.0 17.0
      vertex 21.0 20.0 17.0
    endloop
  endfacet
  facet normal 0.5773502588272095 0.5773502588272095 -0.5773502588272095
    outer loop
      vertex 21.0 20.0 17.0
      vertex 22.0 19.0 17.0
      vertex 21.0 19.0 16.0
    endloop
  endfacet
  facet normal 0.0 0.0 0.0
    outer loop
      vertex 22.0 19.0 17.0
      vertex 22.0 19.0 17.0
      vertex 21.0 19.0 16.0
    endloop
  endfacet
  facet normal 0.0 0.0 0.0
    outer loop
      vertex 22.0 19.0 17.0
      vertex 21.0 19.0 16.0
      vertex 21.0 19.0 16.0
    endloop
  endfacet
  facet normal 0.5773502588272095 0.5773502588272095 -0.5773502588272095
    outer loop
      vertex 21.0 20.0 17.0
      vertex 22.0 20.0 18.0
      vertex 22.0 19.0 17.0
    endloop
  endfacet
  facet normal 0.0 0.0 1.0
    outer loop
      vertex 22.0 19.0 18.0
      vertex 21.0 20.0 18.0
      vertex 21.0 19.0 18.0
    endloop
  endfacet
  facet normal 0.0 0.0 1.0
    outer loop
      vertex 22.0 20.0 18.0
      vertex 21.0 20.0 18.0
      vertex 22.0 19.0 18.0
    endloop
  endfacet
  facet normal 0.0 0.0 0.0
    outer loop
      vertex 21.0 20.0 17.0
      vertex 21.0 20.0 17.0
      vertex 21.0 20.0 17.0
    endloop
  endfacet
  facet normal 0.0 0.0 0.0
    outer loop
      vertex 21.0 20.0 17.0
      vertex 21.0 21.0 18.0
      vertex 21.0 20.0 17.0
    endloop
  endfacet
  facet normal 0.5773502588272095 0.5773502588272095 -0.5773502588272095
    outer loop
      vertex 21.0 21.0 18.0
      vertex 22.0 20.0 18.0
      vertex 21.0 20.0 17.0
    endloop
  endfacet
  facet normal 0.0 0.0 -1.0
    outer loop
      vertex 21.0 21.0 18.0
      vertex 22.0 21.0 18.0
      vertex 22.0 20.0 18.0
    endloop
  endfacet
  facet normal 0.0 0.0 1.0
    outer loop
      vertex 22.0 20.0 18.0
      vertex 21.0 21.0 18.0
      vertex 21.0 20.0 18.0
    endloop
  endfacet
  facet normal 0.0 0.0 1.0
    outer loop
      vertex 22.0 21.0 18.0
      vertex 21.0 21.0 18.0
      vertex 22.0 20.0 18.0
    endloop
  endfacet
  facet normal 0.0 0.0 0.0
    outer loop
      vertex 22.0 21.0 18.0
      vertex 22.0 21.0 18.0
      vertex 21.0 21.0 18.0
    endloop
  endfacet
  facet normal 0.0 0.0 0.0
    outer loop
      vertex 22.0 21.0 18.0
      vertex 21.0 21.0 18.0
      vertex 21.0 21.0 18.0
    endloop
  endfacet
  facet normal 0.0 0.0 0.0
    outer loop
      vertex 21.0 21.0 18.0
      vertex 21.0 21.0 18.0
      vertex 22.0 21.0 18.0
    endloop
  endfacet
  facet normal 0.0 0.0 0.0
    outer loop
      vertex 21.0 21.0 18.0
      vertex 22.0 21.0 18.0
      vertex 22.0 21.0 18.0
    endloop
  endfacet
  facet normal 0.0 0.0 0.0
    outer loop
      vertex 22.0 10.0 18.0
      vertex 22.0 10.0 18.0
      vertex 22.0 10.0 18.0
    endloop
  endfacet
  facet normal 0.0 0.0 0.0
    outer loop
      vertex 22.0 10.0 18.0
      vertex 22.0 10.0 18.0
      vertex 22.0 10.0 18.0
    endloop
  endfacet
  facet normal 0.0 0.0 0.0
    outer loop
      vertex 22.0 11.0 18.0
      vertex 22.0 11.0 18.0
      vertex 22.0 10.0 18.0
    endloop
  endfacet
  facet normal 0.0 0.0 0.0
    outer loop
      vertex 22.0 11.0 18.0
      vertex 22.0 10.0 18.0
      vertex 22.0 10.0 18.0
    endloop
  endfacet
  facet normal 0.0 0.0 0.0
    outer loop
      vertex 22.0 11.0 18.0
      vertex 22.0 11.0 18.0
      vertex 22.0 10.0 18.0
    endloop
  endfacet
  facet normal 0.0 0.0 0.0
    outer loop
      vertex 22.0 11.0 18.0
      vertex 22.0 10.0 18.0
      vertex 22.0 10.0 18.0
    endloop
  endfacet
  facet normal 0.0 0.0 0.0
    outer loop
      vertex 22.0 12.0 17.0
      vertex 22.0 12.0 17.0
      vertex 22.0 12.0 17.0
    endloop
  endfacet
  facet normal 0.0 0.0 0.0
    outer loop
      vertex 22.0 12.0 17.0
      vertex 23.0 12.0 18.0
      vertex 22.0 12.0 17.0
    endloop
  endfacet
  facet normal 0.5773502588272095 -0.5773502588272095 -0.5773502588272095
    outer loop
      vertex 22.0 12.0 17.0
      vertex 23.0 12.0 18.0
      vertex 22.0 11.0 18.0
    endloop
  endfacet
  facet normal 0.0 0.0 0.0
    outer loop
      vertex 23.0 12.0 18.0
      vertex 23.0 12.0 18.0
      vertex 22.0 11.0 18.0
    endloop
  endfacet
  facet normal 0.0 0.0 0.0
    outer loop
      vertex 23.0 12.0 18.0
      vertex 22.0 11.0 18.0
      vertex 22.0 11.0 18.0
    endloop
  endfacet
  facet normal 0.0 0.0 0.0
    outer loop
      vertex 22.0 11.0 18.0
      vertex 22.0 11.0 18.0
      vertex 23.0 12.0 18.0
    endloop
  endfacet
  facet normal 0.0 0.0 0.0
    outer loop
      vertex 23.0 12.0 18.0
      vertex 22.0 11.0 18.0
      vertex 23.0 12.0 18.0
    endloop
  endfacet
  facet normal -0.0 0.0 1.0
    outer loop
      vertex 22.0 12.0 18.0
      vertex 22.0 11.0 18.0
      vertex 23.0 12.0 18.0
    endloop
  endfacet
  facet normal 0.0 0.0 0.0
    outer loop
      vertex 22.0 13.0 17.0
      vertex 22.0 13.0 17.0
      vertex 22.0 12.0 17.0
    endloop
  endfacet
  facet normal 0.0 0.0 0.0
    outer loop
      vertex 22.0 13.0 17.0
      vertex 22.0 12.0 17.0
      vertex 22.0 12.0 17.0
    endloop
  endfacet
  facet normal 0.7071067690849304 0.0 -0.7071067690849304
    outer loop
      vertex 23.0 12.0 18.0
      vertex 22.0 12.0 17.0
      vertex 23.0 13.0 18.0
    endloop
  endfacet
  facet normal 0.7071067690849304 0.0 -0.7071067690849304
    outer loop
      vertex 23.0 13.0 18.0
      vertex 22.0 12.0 17.0
      vertex 22.0 13.0 17.0
    endloop
  endfacet
  facet normal 0.0 0.0 1.0
    outer loop
      vertex 23.0 12.0 18.0
      vertex 22.0 13.0 18.0
      vertex 22.0 12.0 18.0
    endloop
  endfacet
  facet normal 0.0 0.0 1.0
    outer loop
      vertex 23.0 13.0 18.0
      vertex 22.0 13.0 18.0
      vertex 23.0 12.0 18.0
    endloop
  endfacet
  facet normal 0.0 0.0 0.0
    outer loop
      vertex 22.0 14.0 17.0
      vertex 22.0 14.0 17.0
      vertex 22.0 13.0 17.0
    endloop
  endfacet
  facet normal 0.0 0.0 0.0
    outer loop
      vertex 22.0 14.0 17.0
      vertex 22.0 13.0 17.0
      vertex 22.0 13.0 17.0
    endloop
  endfacet
  facet normal 0.7071067690849304 0.0 -0.7071067690849304
    outer loop
      vertex 23.0 13.0 18.0
      vertex 22.0 13.0 17.0
      vertex 23.0 14.0 18.0
    endloop
  endfacet
  facet normal 0.7071067690849304 0.0 -0.7071067690849304
    outer loop
      vertex 23.0 14.0 18.0
      vertex 22.0 13.0 17.0
      vertex 22.0 14.0 17.0
    endloop
  endfacet
  facet normal 0.0 0.0 1.0
    outer loop
      vertex 23.0 13.0 18.0
      vertex 22.0 14.0 18.0
      vertex 22.0 13.0 18.0
    endloop
  endfacet
  facet normal 0.0 0.0 1.0
    outer loop
      vertex 23.0 14.0 18.0
      vertex 22.0 14.0 18.0
      vertex 23.0 13.0 18.0
    endloop
  endfacet
  facet normal 0.0 0.0 0.0
    outer loop
      vertex 22.0 15.0 17.0
      vertex 22.0 15.0 17.0
      vertex 22.0 14.0 17.0
    endloop
  endfacet
  facet normal 0.0 0.0 0.0
    outer loop
      vertex 22.0 15.0 17.0
      vertex 22.0 14.0 17.0
      vertex 22.0 14.0 17.0
    endloop
  endfacet
  facet normal 0.7071067690849304 0.0 -0.7071067690849304
    outer loop
      vertex 23.0 14.0 18.0
      vertex 22.0 14.0 17.0
      vertex 23.0 15.0 18.0
    endloop
  endfacet
  facet normal 0.7071067690849304 0.0 -0.7071067690849304
    outer loop
      vertex 23.0 15.0 18.0
      vertex 22.0 14.0 17.0
      vertex 22.0 15.0 17.0
    endloop
  endfacet
  facet normal 0.0 0.0 1.0
    outer loop
      vertex 23.0 14.0 18.0
      vertex 22.0 15.0 18.0
      vertex 22.0 14.0 18.0
    endloop
  endfacet
  facet normal 0.0 0.0 1.0
    outer loop
      vertex 23.0 15.0 18.0
      vertex 22.0 15.0 18.0
      vertex 23.0 14.0 18.0
    endloop
  endfacet
  facet normal 0.0 0.0 0.0
    outer loop
      vertex 22.0 16.0 17.0
      vertex 22.0 16.0 17.0
      vertex 22.0 15.0 17.0
    endloop
  endfacet
  facet normal 0.0 0.0 0.0
    outer loop
      vertex 22.0 16.0 17.0
      vertex 22.0 15.0 17.0
      vertex 22.0 15.0 17.0
    endloop
  endfacet
  facet normal 0.7071067690849304 0.0 -0.7071067690849304
    outer loop
      vertex 23.0 15.0 18.0
      vertex 22.0 15.0 17.0
      vertex 23.0 16.0 18.0
    endloop
  endfacet
  facet normal 0.7071067690849304 0.0 -0.7071067690849304
    outer loop
      vertex 23.0 16.0 18.0
      vertex 22.0 15.0 17.0
      vertex 22.0 16.0 17.0
    endloop
  endfacet
  facet normal 0.0 0.0 1.0
    outer loop
      vertex 23.0 15.0 18.0
      vertex 22.0 16.0 18.0
      vertex 22.0 15.0 18.0
    endloop
  endfacet
  facet normal 0.0 0.0 1.0
    outer loop
      vertex 23.0 16.0 18.0
      vertex 22.0 16.0 18.0
      vertex 23.0 15.0 18.0
    endloop
  endfacet
  facet normal 0.0 0.0 0.0
    outer loop
      vertex 22.0 17.0 17.0
      vertex 22.0 17.0 17.0
      vertex 22.0 16.0 17.0
    endloop
  endfacet
  facet normal 0.0 0.0 0.0
    outer loop
      vertex 22.0 17.0 17.0
      vertex 22.0 16.0 17.0
      vertex 22.0 16.0 17.0
    endloop
  endfacet
  facet normal 0.7071067690849304 0.0 -0.7071067690849304
    outer loop
      vertex 23.0 16.0 18.0
      vertex 22.0 16.0 17.0
      vertex 23.0 17.0 18.0
    endloop
  endfacet
  facet normal 0.7071067690849304 0.0 -0.7071067690849304
    outer loop
      vertex 23.0 17.0 18.0
      vertex 22.0 16.0 17.0
      vertex 22.0 17.0 17.0
    endloop
  endfacet
  facet normal 0.0 0.0 1.0
    outer loop
      vertex 23.0 16.0 18.0
      vertex 22.0 17.0 18.0
      vertex 22.0 16.0 18.0
    endloop
  endfacet
  facet normal 0.0 0.0 1.0
    outer loop
      vertex 23.0 17.0 18.0
      vertex 22.0 17.0 18.0
      vertex 23.0 16.0 18.0
    endloop
  endfacet
  facet normal 0.0 0.0 0.0
    outer loop
      vertex 22.0 18.0 17.0
      vertex 22.0 18.0 17.0
      vertex 22.0 17.0 17.0
    endloop
  endfacet
  facet normal 0.0 0.0 0.0
    outer loop
      vertex 22.0 18.0 17.0
      vertex 22.0 17.0 17.0
      vertex 22.0 17.0 17.0
    endloop
  endfacet
  facet normal 0.7071067690849304 0.0 -0.7071067690849304
    outer loop
      vertex 23.0 17.0 18.0
      vertex 22.0 17.0 17.0
      vertex 23.0 18.0 18.0
    endloop
  endfacet
  facet normal 0.7071067690849304 0.0 -0.7071067690849304
    outer loop
      vertex 23.0 18.0 18.0
      vertex 22.0 17.0 17.0
      vertex 22.0 18.0 17.0
    endloop
  endfacet
  facet normal 0.0 0.0 1.0
    outer loop
      vertex 23.0 17.0 18.0
      vertex 22.0 18.0 18.0
      vertex 22.0 17.0 18.0
    endloop
  endfacet
  facet normal 0.0 0.0 1.0
    outer loop
      vertex 23.0 18.0 18.0
      vertex 22.0 18.0 18.0
      vertex 23.0 17.0 18.0
    endloop
  endfacet
  facet normal 0.0 0.0 0.0
    outer loop
      vertex 22.0 19.0 17.0
      vertex 22.0 19.0 17.0
      vertex 22.0 18.0 17.0
    endloop
  endfacet
  facet normal 0.0 0.0 0.0
    outer loop
      vertex 22.0 19.0 17.0
      vertex 22.0 18.0 17.0
      vertex 22.0 18.0 17.0
    endloop
  endfacet
  facet normal 0.7071067690849304 0.0 -0.7071067690849304
    outer loop
      vertex 23.0 18.0 18.0
      vertex 22.0 18.0 17.0
      vertex 23.0 19.0 18.0
    endloop
  endfacet
  facet normal 0.7071067690849304 0.0 -0.7071067690849304
    outer loop
      vertex 23.0 19.0 18.0
      vertex 22.0 18.0 17.0
      vertex 22.0 19.0 17.0
    endloop
  endfacet
  facet normal 0.0 0.0 1.0
    outer loop
      vertex 23.0 18.0 18.0
      vertex 22.0 19.0 18.0
      vertex 22.0 18.0 18.0
    endloop
  endfacet
  facet normal 0.0 0.0 1.0
    outer loop
      vertex 23.0 19.0 18.0
      vertex 22.0 19.0 18.0
      vertex 23.0 18.0 18.0
    endloop
  endfacet
  facet normal 0.0 0.0 0.0
    outer loop
      vertex 22.0 19.0 17.0
      vertex 22.0 19.0 17.0
      vertex 22.0 19.0 17.0
    endloop
  endfacet
  facet normal 0.0 0.0 0.0
    outer loop
      vertex 22.0 20.0 18.0
      vertex 23.0 19.0 18.0
      vertex 22.0 20.0 18.0
    endloop
  endfacet
  facet normal 0.5773502588272095 0.5773502588272095 -0.5773502588272095
    outer loop
      vertex 22.0 20.0 18.0
      vertex 23.0 19.0 18.0
      vertex 22.0 19.0 17.0
    endloop
  endfacet
  facet normal 0.0 0.0 0.0
    outer loop
      vertex 23.0 19.0 18.0
      vertex 23.0 19.0 18.0
      vertex 22.0 19.0 17.0
    endloop
  endfacet
  facet normal 0.0 0.0 0.0
    outer loop
      vertex 23.0 19.0 18.0
      vertex 22.0 19.0 17.0
      vertex 22.0 19.0 17.0
    endloop
  endfacet
  facet normal 0.0 0.0 0.0
    outer loop
      vertex 23.0 19.0 18.0
      vertex 23.0 19.0 18.0
      vertex 22.0 20.0 18.0
    endloop
  endfacet
  facet normal 0.0 0.0 0.0
    outer loop
      vertex 22.0 20.0 18.0
      vertex 23.0 19.0 18.0
      vertex 22.0 20.0 18.0
    endloop
  endfacet
  facet normal 0.0 0.0 1.0
    outer loop
      vertex 22.0 19.0 18.0
      vertex 23.0 19.0 18.0
      vertex 22.0 20.0 18.0
    endloop
  endfacet
  facet normal 0.0 0.0 0.0
    outer loop
      vertex 22.0 21.0 18.0
      vertex 22.0 21.0 18.0
      vertex 22.0 20.0 18.0
    endloop
  endfacet
  facet normal 0.0 0.0 0.0
    outer loop
      vertex 22.0 21.0 18.0
      vertex 22.0 20.0 18.0
      vertex 22.0 20.0 18.0
    endloop
  endfacet
  facet normal 0.0 0.0 0.0
    outer loop
      vertex 22.0 21.0 18.0
      vertex 22.0 21.0 18.0
      vertex 22.0 20.0 18.0
    endloop
  endfacet
  facet normal 0.0 0.0 0.0
    outer loop
      vertex 22.0 21.0 18.0
      vertex 22.0 20.0 18.0
      vertex 22.0 20.0 18.0
    endloop
  endfacet
  facet normal 0.0 0.0 0.0
    outer loop
      vertex 22.0 21.0 18.0
      vertex 22.0 21.0 18.0
      vertex 22.0 21.0 18.0
    endloop
  endfacet
  facet normal 0.0 0.0 0.0
    outer loop
      vertex 22.0 21.0 18.0
      vertex 22.0 21.0 18.0
      vertex 22.0 21.0 18.0
    endloop
  endfacet
  facet normal 0.0 0.0 0.0
    outer loop
      vertex 23.0 12.0 18.0
      vertex 23.0 12.0 18.0
      vertex 23.0 12.0 18.0
    endloop
  endfacet
  facet normal 0.0 0.0 0.0
    outer loop
      vertex 23.0 12.0 18.0
      vertex 23.0 12.0 18.0
      vertex 23.0 12.0 18.0
    endloop
  endfacet
  facet normal 0.0 0.0 0.0
    outer loop
      vertex 23.0 13.0 18.0
      vertex 23.0 13.0 18.0
      vertex 23.0 12.0 18.0
    endloop
  endfacet
  facet normal 0.0 0.0 0.0
    outer loop
      vertex 23.0 13.0 18.0
      vertex 23.0 12.0 18.0
      vertex 23.0 12.0 18.0
    endloop
  endfacet
  facet normal 0.0 0.0 0.0
    outer loop
      vertex 23.0 13.0 18.0
      vertex 23.0 13.0 18.0
      vertex 23.0 12.0 18.0
    endloop
  endfacet
  facet normal 0.0 0.0 0.0
    outer loop
      vertex 23.0 13.0 18.0
      vertex 23.0 12.0 18.0
      vertex 23.0 12.0 18.0
    endloop
  endfacet
  facet normal 0.0 0.0 0.0
    outer loop
      vertex 23.0 14.0 18.0
      vertex 23.0 14.0 18.0
      vertex 23.0 13.0 18.0
    endloop
  endfacet
  facet normal 0.0 0.0 0.0
    outer loop
      vertex 23.0 14.0 18.0
      vertex 23.0 13.0 18.0
      vertex 23.0 13.0 18.0
    endloop
  endfacet
  facet normal 0.0 0.0 0.0
    outer loop
      vertex 23.0 14.0 18.0
      vertex 23.0 14.0 18.0
      vertex 23.0 13.0 18.0
    endloop
  endfacet
  facet normal 0.0 0.0 0.0
    outer loop
      vertex 23.0 14.0 18.0
      vertex 23.0 13.0 18.0
      vertex 23.0 13.0 18.0
    endloop
  endfacet
  facet normal 0.0 0.0 0.0
    outer loop
      vertex 23.0 15.0 18.0
      vertex 23.0 15.0 18.0
      vertex 23.0 14.0 18.0
    endloop
  endfacet
  facet normal 0.0 0.0 0.0
    outer loop
      vertex 23.0 15.0 18.0
      vertex 23.0 14.0 18.0
      vertex 23.0 14.0 18.0
    endloop
  endfacet
  facet normal 0.0 0.0 0.0
    outer loop
      vertex 23.0 15.0 18.0
      vertex 23.0 15.0 18.0
      vertex 23.0 14.0 18.0
    endloop
  endfacet
  facet normal 0.0 0.0 0.0
    outer loop
      vertex 23.0 15.0 18.0
      vertex 23.0 14.0 18.0
      vertex 23.0 14.0 18.0
    endloop
  endfacet
  facet normal 0.0 0.0 0.0
    outer loop
      vertex 23.0 16.0 18.0
      vertex 23.0 16.0 18.0
      vertex 23.0 15.0 18.0
    endloop
  endfacet
  facet normal 0.0 0.0 0.0
    outer loop
      vertex 23.0 16.0 18.0
      vertex 23.0 15.0 18.0
      vertex 23.0 15.0 18.0
    endloop
  endfacet
  facet normal 0.0 0.0 0.0
    outer loop
      vertex 23.0 16.0 18.0
      vertex 23.0 16.0 18.0
      vertex 23.0 15.0 18.0
    endloop
  endfacet
  facet normal 0.0 0.0 0.0
    outer loop
      vertex 23.0 16.0 18.0
      vertex 23.0 15.0 18.0
      vertex 23.0 15.0 18.0
    endloop
  endfacet
  facet normal 0.0 0.0 0.0
    outer loop
      vertex 23.0 17.0 18.0
      vertex 23.0 17.0 18.0
      vertex 23.0 16.0 18.0
    endloop
  endfacet
  facet normal 0.0 0.0 0.0
    outer loop
      vertex 23.0 17.0 18.0
      vertex 23.0 16.0 18.0
      vertex 23.0 16.0 18.0
    endloop
  endfacet
  facet normal 0.0 0.0 0.0
    outer loop
      vertex 23.0 17.0 18.0
      vertex 23.0 17.0 18.0
      vertex 23.0 16.0 18.0
    endloop
  endfacet
  facet normal 0.0 0.0 0.0
    outer loop
      vertex 23.0 17.0 18.0
      vertex 23.0 16.0 18.0
      vertex 23.0 16.0 18.0
    endloop
  endfacet
  facet normal 0.0 0.0 0.0
    outer loop
      vertex 23.0 18.0 18.0
      vertex 23.0 18.0 18.0
      vertex 23.0 17.0 18.0
    endloop
  endfacet
  facet normal 0.0 0.0 0.0
    outer loop
      vertex 23.0 18.0 18.0
      vertex 23.0 17.0 18.0
      vertex 23.0 17.0 18.0
    endloop
  endfacet
  facet normal 0.0 0.0 0.0
    outer loop
      vertex 23.0 18.0 18.0
      vertex 23.0 18.0 18.0
      vertex 23.0 17.0 18.0
    endloop
  endfacet
  facet normal 0.0 0.0 0.0
    outer loop
      vertex 23.0 18.0 18.0
      vertex 23.0 17.0 18.0
      vertex 23.0 17.0 18.0
    endloop
  endfacet
  facet normal 0.0 0.0 0.0
    outer loop
      vertex 23.0 19.0 18.0
      vertex 23.0 19.0 18.0
      vertex 23.0 18.0 18.0
    endloop
  endfacet
  facet normal 0.0 0.0 0.0
    outer loop
      vertex 23.0 19.0 18.0
      vertex 23.0 18.0 18.0
      vertex 23.0 18.0 18.0
    endloop
  endfacet
  facet normal 0.0 0.0 0.0
    outer loop
      vertex 23.0 19.0 18.0
      vertex 23.0 19.0 18.0
      vertex 23.0 18.0 18.0
    endloop
  endfacet
  facet normal 0.0 0.0 0.0
    outer loop
      vertex 23.0 19.0 18.0
      vertex 23.0 18.0 18.0
      vertex 23.0 18.0 18.0
    endloop
  endfacet
  facet normal 0.0 0.0 0.0
    outer loop
      vertex 23.0 19.0 18.0
      vertex 23.0 19.0 18.0
      vertex 23.0 19.0 18.0
    endloop
  endfacet
  facet normal 0.0 0.0 0.0
    outer loop
      vertex 23.0 19.0 18.0
      vertex 23.0 19.0 18.0
      vertex 23.0 19.0 18.0
    endloop
  endfacet
endsolid labcem
