v 28.0 0.0 0.0
v 27.940049850680897 1.8312876184440057 0.0
v 27.760456118466692 3.654733382161444 0.0
v 27.461987851290452 5.462529016451591 0.0
v 27.04592313609391 7.246933262870581 0.0
v 26.51404362586296 9.000305028488523 0.0
v 25.868626910316028 10.715136106222515 0.0
v 25.112436762915273 12.384083326132036 0.0
v 24.248711305964285 13.999999999999998 0.0
v 23.281149144471268 15.555966524548861 0.0
v 22.21389352815459 17.045320012244176 0.0
v 21.051514609411367 18.461682822801926 0.0
v 19.79898987322333 19.79898987322333 0.0
v 18.46168282280193 21.051514609411363 0.0
v 17.04532001224418 22.213893528154586 0.0
v 15.555966524548868 23.281149144471264 0.0
v 14.000000000000004 24.24871130596428 0.0
v 12.38408332613204 25.112436762915273 0.0
v 10.715136106222516 25.868626910316028 0.0
v 9.000305028488528 26.514043625862957 0.0
v 7.246933262870587 27.04592313609391 0.0
v 5.462529016451593 27.461987851290452 0.0
v 3.654733382161448 27.760456118466692 0.0
v 1.8312876184440117 27.940049850680897 0.0
v 1.7145055188062944e-15 28.0 0.0
v -1.831287618444002 27.940049850680897 0.0
v -3.6547333821614387 27.760456118466692 0.0
v -5.462529016451583 27.461987851290456 0.0
v -7.246933262870577 27.04592313609391 0.0
v -9.000305028488519 26.51404362586296 0.0
v -10.715136106222506 25.86862691031603 0.0
v -12.384083326132032 25.112436762915273 0.0
v -13.999999999999993 24.248711305964285 0.0
v -15.555966524548854 23.28114914447127 0.0
v -17.04532001224417 22.213893528154593 0.0
v -18.46168282280192 21.051514609411377 0.0
v -19.798989873223327 19.79898987322333 0.0
v -21.051514609411363 18.46168282280193 0.0
v -22.213893528154582 17.045320012244183 0.0
v -23.28114914447126 15.55596652454887 0.0
v -24.248711305964278 14.000000000000009 0.0
v -25.11243676291527 12.384083326132048 0.0
v -25.868626910316028 10.715136106222516 0.0
v -26.514043625862957 9.00030502848853 0.0
v -27.04592313609391 7.246933262870589 0.0
v -27.461987851290452 5.462529016451601 0.0
v -27.760456118466692 3.6547333821614556 0.0
v -27.940049850680897 1.8312876184440197 0.0
v -28.0 3.429011037612589e-15 0.0
v -27.940049850680897 -1.8312876184440003 0.0
v -27.760456118466692 -3.654733382161437 0.0
v -27.461987851290456 -5.462529016451581 0.0
v -27.045923136093915 -7.24693326287057 0.0
v -26.51404362586296 -9.00030502848851 0.0
v -25.868626910316035 -10.715136106222499 0.0
v -25.112436762915273 -12.38408332613203 0.0
v -24.248711305964285 -13.999999999999993 0.0
v -23.28114914447127 -15.555966524548854 0.0
v -22.213893528154593 -17.04532001224417 0.0
v -21.051514609411377 -18.46168282280192 0.0
v -19.79898987322334 -19.79898987322332 0.0
v -18.461682822801933 -21.051514609411363 0.0
v -17.045320012244183 -22.21389352815458 0.0
v -15.555966524548882 -23.281149144471254 0.0
v -14.000000000000012 -24.248711305964278 0.0
v -12.384083326132037 -25.112436762915273 0.0
v -10.715136106222529 -25.868626910316024 0.0
v -9.00030502848853 -26.514043625862957 0.0
v -7.246933262870602 -27.045923136093908 0.0
v -5.462529016451603 -27.46198785129045 0.0
v -3.65473338216147 -27.76045611846669 0.0
v -1.8312876184440212 -27.940049850680897 0.0
v -5.143516556418883e-15 -28.0 0.0
v 1.8312876184439864 -27.9400498506809 0.0
v 3.6547333821614356 -27.760456118466692 0.0
v 5.462529016451567 -27.46198785129046 0.0
v 7.246933262870568 -27.045923136093915 0.0
v 9.00030502848852 -26.51404362586296 0.0
v 10.715136106222497 -25.868626910316035 0.0
v 12.384083326132028 -25.112436762915273 0.0
v 13.999999999999982 -24.248711305964292 0.0
v 15.555966524548852 -23.28114914447127 0.0
v 17.045320012244158 -22.2138935281546 0.0
v 18.461682822801915 -21.051514609411377 0.0
v 19.798989873223327 -19.798989873223334 0.0
v 21.051514609411356 -18.461682822801944 0.0
v 22.21389352815458 -17.045320012244186 0.0
v 23.28114914447125 -15.555966524548882 0.0
v 24.248711305964274 -14.000000000000012 0.0
v 25.11243676291526 -12.38408332613206 0.0
v 25.868626910316024 -10.71513610622253 0.0
v 26.514043625862957 -9.000305028488532 0.0
v 27.045923136093908 -7.246933262870604 0.0
v 27.46198785129045 -5.4625290164516045 0.0
v 27.76045611846669 -3.654733382161472 0.0
v 27.940049850680897 -1.8312876184440228 0.0
v 25.0 0.0 0.0
v 24.946473080965088 1.6350782307535765 0.0
v 24.78612153434526 3.2631548055012893 0.0
v 24.519632010080763 4.877258050403206 0.0
v 24.148145657226706 6.4704761275630185 0.0
v 23.673253237377644 8.035986632579037 0.0
v 23.09698831278217 9.567085809127244 0.0
v 22.421818538317208 11.057217255475031 0.0
v 21.65063509461097 12.499999999999998 0.0
v 20.78674030756363 13.889255825490054 0.0
v 19.833833507280882 15.219035725218014 0.0
v 18.795995186974434 16.48364537750172 0.0
v 17.67766952966369 17.67766952966369 0.0
v 16.483645377501723 18.79599518697443 0.0
v 15.219035725218017 19.83383350728088 0.0
v 13.88925582549006 20.78674030756363 0.0
v 12.500000000000004 21.650635094610966 0.0
v 11.057217255475036 22.421818538317208 0.0
v 9.567085809127246 23.09698831278217 0.0
v 8.035986632579043 23.67325323737764 0.0
v 6.470476127563024 24.148145657226706 0.0
v 4.877258050403208 24.519632010080763 0.0
v 3.263154805501293 24.78612153434526 0.0
v 1.6350782307535818 24.946473080965088 0.0
v 1.5308084989341915e-15 25.0 0.0
v -1.6350782307535732 24.946473080965088 0.0
v -3.2631548055012845 24.786121534345263 0.0
v -4.877258050403199 24.519632010080763 0.0
v -6.470476127563016 24.148145657226706 0.0
v -8.035986632579034 23.673253237377644 0.0
v -9.567085809127237 23.09698831278217 0.0
v -11.05721725547503 22.421818538317208 0.0
v -12.499999999999995 21.65063509461097 0.0
v -13.889255825490048 20.786740307563633 0.0
v -15.219035725218008 19.833833507280886 0.0
v -16.483645377501713 18.795995186974444 0.0
v -17.677669529663685 17.67766952966369 0.0
v -18.79599518697443 16.483645377501723 0.0
v -19.833833507280875 15.219035725218022 0.0
v -20.786740307563626 13.889255825490062 0.0
v -21.650635094610962 12.500000000000009 0.0
v -22.421818538317204 11.057217255475042 0.0
v -23.09698831278217 9.567085809127247 0.0
v -23.67325323737764 8.035986632579045 0.0
v -24.148145657226706 6.470476127563026 0.0
v -24.519632010080763 4.877258050403215 0.0
v -24.78612153434526 3.2631548055012995 0.0
v -24.946473080965088 1.635078230753589 0.0
v -25.0 3.061616997868383e-15 0.0
v -24.946473080965088 -1.6350782307535716 0.0
v -24.786121534345263 -3.263154805501283 0.0
v -24.519632010080763 -4.8772580504031975 0.0
v -24.14814565722671 -6.470476127563009 0.0
v -23.673253237377644 -8.035986632579027 0.0
v -23.096988312782173 -9.567085809127231 0.0
v -22.421818538317208 -11.057217255475027 0.0
v -21.65063509461097 -12.499999999999993 0.0
v -20.786740307563637 -13.889255825490048 0.0
v -19.833833507280886 -15.219035725218008 0.0
v -18.795995186974444 -16.483645377501713 0.0
v -17.677669529663696 -17.677669529663678 0.0
v -16.483645377501727 -18.79599518697443 0.0
v -15.219035725218022 -19.833833507280872 0.0
v -13.889255825490073 -20.78674030756362 0.0
v -12.50000000000001 -21.650635094610962 0.0
v -11.057217255475035 -22.421818538317208 0.0
v -9.567085809127258 -23.096988312782162 0.0
v -8.035986632579045 -23.67325323737764 0.0
v -6.470476127563038 -24.148145657226703 0.0
v -4.877258050403217 -24.51963201008076 0.0
v -3.2631548055013124 -24.786121534345256 0.0
v -1.6350782307535905 -24.946473080965088 0.0
v -4.592425496802574e-15 -25.0 0.0
v 1.6350782307535592 -24.946473080965088 0.0
v 3.263154805501282 -24.786121534345263 0.0
v 4.877258050403185 -24.519632010080766 0.0
v 6.470476127563007 -24.14814565722671 0.0
v 8.035986632579037 -23.673253237377644 0.0
v 9.56708580912723 -23.096988312782173 0.0
v 11.057217255475026 -22.421818538317208 0.0
v 12.499999999999984 -21.650635094610976 0.0
v 13.889255825490046 -20.786740307563637 0.0
v 15.219035725217998 -19.833833507280893 0.0
v 16.48364537750171 -18.795995186974444 0.0
v 17.677669529663685 -17.677669529663692 0.0
v 18.795995186974423 -16.483645377501734 0.0
v 19.833833507280872 -15.219035725218024 0.0
v 20.786740307563615 -13.889255825490073 0.0
v 21.65063509461096 -12.50000000000001 0.0
v 22.421818538317197 -11.057217255475054 0.0
v 23.096988312782162 -9.56708580912726 0.0
v 23.67325323737764 -8.035986632579046 0.0
v 24.148145657226703 -6.470476127563039 0.0
v 24.51963201008076 -4.877258050403218 0.0
v 24.786121534345256 -3.263154805501314 0.0
v 24.946473080965088 -1.6350782307535918 0.0
v 31.46824310955026 0.0 0.6545454545454545
v 31.400867185506428 2.0581215707394747 0.6545454545454545
v 31.199027927425423 4.107429948944471 0.6545454545454545
v 30.863589641997276 6.1391496815239694 0.6545454545454545
v 30.395988727457617 8.144580632667777 0.6545454545454545
v 29.798227522709897 10.115135239163733 0.6545454545454545
v 29.072865733002814 12.04237528366178 0.6545454545454545
v 28.223009468879475 13.918048028416097 0.6545454545454545
v 27.252297945335147 15.734121554775129 0.6545454545454545
v 26.164887898139998 17.48281915709033 0.6545454545454545
v 24.96543578405835 19.156652643763643 0.6545454545454545
v 23.659077841185926 20.74845440283354 0.6545454545454545
v 22.25140809478984 22.25140809478984 0.6545454545454545
v 20.748454402833545 23.659077841185923 0.6545454545454545
v 19.156652643763646 24.965435784058347 0.6545454545454545
v 17.482819157090336 26.164887898139995 0.6545454545454545
v 15.734121554775134 27.252297945335144 0.6545454545454545
v 13.918048028416104 28.22300946887947 0.6545454545454545
v 12.042375283661782 29.072865733002814 0.6545454545454545
v 10.115135239163738 29.798227522709894 0.6545454545454545
v 8.144580632667784 30.395988727457613 0.6545454545454545
v 6.139149681523972 30.863589641997276 0.6545454545454545
v 4.107429948944476 31.199027927425423 0.6545454545454545
v 2.0581215707394813 31.400867185506428 0.6545454545454545
v 1.926874159945074e-15 31.46824310955026 0.6545454545454545
v -2.05812157073947 31.400867185506428 0.6545454545454545
v -4.107429948944465 31.199027927425426 0.6545454545454545
v -6.139149681523961 30.86358964199728 0.6545454545454545
v -8.144580632667774 30.395988727457617 0.6545454545454545
v -10.115135239163727 29.798227522709897 0.6545454545454545
v -12.042375283661771 29.072865733002818 0.6545454545454545
v -13.918048028416093 28.223009468879475 0.6545454545454545
v -15.734121554775124 27.252297945335147 0.6545454545454545
v -17.482819157090322 26.16488789814 0.6545454545454545
v -19.156652643763636 24.96543578405835 0.6545454545454545
v -20.74845440283353 23.659077841185937 0.6545454545454545
v -22.251408094789838 22.25140809478984 0.6545454545454545
v -23.659077841185923 20.748454402833545 0.6545454545454545
v -24.965435784058343 19.15665264376365 0.6545454545454545
v -26.16488789813999 17.48281915709034 0.6545454545454545
v -27.25229794533514 15.734121554775141 0.6545454545454545
v -28.223009468879468 13.91804802841611 0.6545454545454545
v -29.072865733002814 12.042375283661784 0.6545454545454545
v -29.798227522709894 10.11513523916374 0.6545454545454545
v -30.395988727457613 8.144580632667786 0.6545454545454545
v -30.863589641997276 6.139149681523981 0.6545454545454545
v -31.199027927425423 4.107429948944484 0.6545454545454545
v -31.400867185506428 2.05812157073949 0.6545454545454545
v -31.46824310955026 3.853748319890148e-15 0.6545454545454545
v -31.400867185506428 -2.0581215707394684 0.6545454545454545
v -31.199027927425426 -4.107429948944463 0.6545454545454545
v -30.86358964199728 -6.139149681523959 0.6545454545454545
v -30.39598872745762 -8.144580632667765 0.6545454545454545
v -29.7982275227099 -10.115135239163719 0.6545454545454545
v -29.07286573300282 -12.042375283661762 0.6545454545454545
v -28.223009468879475 -13.918048028416091 0.6545454545454545
v -27.25229794533515 -15.734121554775122 0.6545454545454545
v -26.16488789814 -17.482819157090322 0.6545454545454545
v -24.96543578405835 -19.156652643763636 0.6545454545454545
v -23.659077841185937 -20.74845440283353 0.6545454545454545
v -22.251408094789852 -22.251408094789827 0.6545454545454545
v -20.74845440283355 -23.659077841185923 0.6545454545454545
v -19.15665264376365 -24.96543578405834 0.6545454545454545
v -17.482819157090354 -26.164887898139984 0.6545454545454545
v -15.734121554775145 -27.25229794533514 0.6545454545454545
v -13.9180480284161 -28.22300946887947 0.6545454545454545
v -12.042375283661798 -29.072865733002807 0.6545454545454545
v -10.115135239163742 -29.798227522709894 0.6545454545454545
v -8.1445806326678 -30.39598872745761 0.6545454545454545
v -6.139149681523983 -30.863589641997272 0.6545454545454545
v -4.1074299489445 -31.19902792742542 0.6545454545454545
v -2.058121570739492 -31.400867185506428 0.6545454545454545
v -5.780622479835222e-15 -31.46824310955026 0.6545454545454545
v 2.058121570739453 -31.40086718550643 0.6545454545454545
v 4.1074299489444615 -31.199027927425426 0.6545454545454545
v 6.139149681523943 -30.863589641997283 0.6545454545454545
v 8.144580632667763 -30.39598872745762 0.6545454545454545
v 10.115135239163731 -29.798227522709897 0.6545454545454545
v 12.04237528366176 -29.07286573300282 0.6545454545454545
v 13.91804802841609 -28.223009468879475 0.6545454545454545
v 15.73412155477511 -27.252297945335158 0.6545454545454545
v 17.48281915709032 -26.16488789814 0.6545454545454545
v 19.15665264376362 -24.96543578405836 0.6545454545454545
v 20.748454402833527 -23.659077841185937 0.6545454545454545
v 22.251408094789834 -22.251408094789845 0.6545454545454545
v 23.659077841185912 -20.74845440283356 0.6545454545454545
v 24.96543578405834 -19.156652643763653 0.6545454545454545
v 26.16488789813998 -17.482819157090354 0.6545454545454545
v 27.252297945335137 -15.734121554775145 0.6545454545454545
v 28.223009468879457 -13.918048028416125 0.6545454545454545
v 29.072865733002807 -12.0423752836618 0.6545454545454545
v 29.798227522709894 -10.115135239163743 0.6545454545454545
v 30.39598872745761 -8.144580632667802 0.6545454545454545
v 30.863589641997272 -6.1391496815239845 0.6545454545454545
v 31.19902792742542 -4.107429948944502 0.6545454545454545
v 31.400867185506428 -2.0581215707394938 0.6545454545454545
v 28.46824310955026 0.0 0.6545454545454545
v 28.407290415790616 1.8619121830490455 0.6545454545454545
v 28.22469334330399 3.715851372284316 0.6545454545454545
v 27.921233800787586 5.553878715475585 0.6545454545454545
v 27.49821124859041 7.368123497360214 0.6545454545454545
v 26.95743713422458 9.15081684325425 0.6545454545454545
v 26.301227135468956 10.894324986566511 0.6545454545454545
v 25.53239124428141 12.591181957759092 0.6545454545454545
v 24.65422173398183 14.234121554775129 0.6545454545454545
v 23.67047906123236 15.816108458031524 0.6545454545454545
v 22.585375763184643 17.33036835673748 0.6545454545454545
v 21.403558418748993 18.770416957533335 0.6545454545454545
v 20.130087751230196 20.130087751230196 0.6545454545454545
v 18.77041695753334 21.40355841874899 0.6545454545454545
v 17.330368356737484 22.58537576318464 0.6545454545454545
v 15.816108458031529 23.670479061232356 0.6545454545454545
v 14.234121554775134 24.654221733981828 0.6545454545454545
v 12.5911819577591 25.532391244281406 0.6545454545454545
v 10.894324986566513 26.301227135468956 0.6545454545454545
v 9.150816843254253 26.957437134224577 0.6545454545454545
v 7.36812349736022 27.498211248590408 0.6545454545454545
v 5.553878715475587 27.921233800787586 0.6545454545454545
v 3.71585137228432 28.22469334330399 0.6545454545454545
v 1.8619121830490515 28.407290415790616 0.6545454545454545
v 1.743177140072971e-15 28.46824310955026 0.6545454545454545
v -1.8619121830490415 28.407290415790616 0.6545454545454545
v -3.7158513722843107 28.224693343303993 0.6545454545454545
v -5.553878715475577 27.92123380078759 0.6545454545454545
v -7.368123497360211 27.49821124859041 0.6545454545454545
v -9.150816843254244 26.95743713422458 0.6545454545454545
v -10.894324986566502 26.30122713546896 0.6545454545454545
v -12.591181957759089 25.53239124428141 0.6545454545454545
v -14.234121554775124 24.65422173398183 0.6545454545454545
v -15.816108458031517 23.670479061232363 0.6545454545454545
v -17.330368356737473 22.585375763184647 0.6545454545454545
v -18.770416957533325 21.403558418749004 0.6545454545454545
v -20.130087751230196 20.130087751230196 0.6545454545454545
v -21.40355841874899 18.77041695753334 0.6545454545454545
v -22.585375763184636 17.330368356737488 0.6545454545454545
v -23.670479061232353 15.816108458031533 0.6545454545454545
v -24.654221733981824 14.23412155477514 0.6545454545454545
v -25.532391244281403 12.591181957759105 0.6545454545454545
v -26.301227135468956 10.894324986566513 0.6545454545454545
v -26.957437134224577 9.150816843254255 0.6545454545454545
v -27.498211248590408 7.368123497360222 0.6545454545454545
v -27.921233800787586 5.553878715475595 0.6545454545454545
v -28.22469334330399 3.715851372284328 0.6545454545454545
v -28.407290415790616 1.8619121830490597 0.6545454545454545
v -28.46824310955026 3.486354280145942e-15 0.6545454545454545
v -28.407290415790616 -1.86191218304904 0.6545454545454545
v -28.224693343303993 -3.715851372284309 0.6545454545454545
v -27.92123380078759 -5.553878715475575 0.6545454545454545
v -27.498211248590415 -7.3681234973602034 0.6545454545454545
v -26.957437134224584 -9.150816843254235 0.6545454545454545
v -26.301227135468963 -10.894324986566495 0.6545454545454545
v -25.53239124428141 -12.591181957759087 0.6545454545454545
v -24.654221733981835 -14.234121554775124 0.6545454545454545
v -23.670479061232367 -15.816108458031517 0.6545454545454545
v -22.585375763184647 -17.330368356737473 0.6545454545454545
v -21.403558418749004 -18.770416957533325 0.6545454545454545
v -20.130087751230207 -20.130087751230185 0.6545454545454545
v -18.770416957533342 -21.40355841874899 0.6545454545454545
v -17.330368356737488 -22.585375763184633 0.6545454545454545
v -15.816108458031545 -23.67047906123235 0.6545454545454545
v -14.234121554775143 -24.654221733981824 0.6545454545454545
v -12.591181957759096 -25.532391244281406 0.6545454545454545
v -10.894324986566527 -26.30122713546895 0.6545454545454545
v -9.150816843254256 -26.957437134224577 0.6545454545454545
v -7.368123497360236 -27.498211248590405 0.6545454545454545
v -5.553878715475596 -27.921233800787583 0.6545454545454545
v -3.7158513722843423 -28.22469334330399 0.6545454545454545
v -1.8619121830490613 -28.407290415790616 0.6545454545454545
v -5.229531420218913e-15 -28.46824310955026 0.6545454545454545
v 1.8619121830490257 -28.40729041579062 0.6545454545454545
v 3.7158513722843076 -28.224693343303993 0.6545454545454545
v 5.553878715475561 -27.921233800787594 0.6545454545454545
v 7.368123497360202 -27.498211248590415 0.6545454545454545
v 9.150816843254248 -26.95743713422458 0.6545454545454545
v 10.894324986566494 -26.301227135468963 0.6545454545454545
v 12.591181957759087 -25.53239124428141 0.6545454545454545
v 14.234121554775111 -24.65422173398184 0.6545454545454545
v 15.816108458031513 -23.670479061232367 0.6545454545454545
v 17.33036835673746 -22.585375763184654 0.6545454545454545
v 18.770416957533325 -21.403558418749004 0.6545454545454545
v 20.130087751230192 -20.1300877512302 0.6545454545454545
v 21.40355841874898 -18.770416957533353 0.6545454545454545
v 22.585375763184633 -17.33036835673749 0.6545454545454545
v 23.670479061232346 -15.816108458031545 0.6545454545454545
v 24.65422173398182 -14.234121554775143 0.6545454545454545
v 25.532391244281392 -12.591181957759119 0.6545454545454545
v 26.30122713546895 -10.894324986566527 0.6545454545454545
v 26.957437134224577 -9.150816843254258 0.6545454545454545
v 27.498211248590405 -7.368123497360238 0.6545454545454545
v 27.921233800787583 -5.553878715475598 0.6545454545454545
v 28.22469334330399 -3.7158513722843445 0.6545454545454545
v 28.407290415790616 -1.8619121830490628 0.6545454545454545
v 33.18227777993616 0.0 1.309090909090909
v 33.11123197609133 2.170224801791669 1.309090909090909
v 32.89839879359607 4.331156367803093 1.309090909090909
v 32.54468961681257 6.473541257316362 1.309090909090909
v 32.05161908273823 8.588205449329669 1.309090909090909
v 31.421298595097515 10.666093627123656 1.309090909090909
v 30.656427282987075 12.69830795451782 1.309090909090909
v 29.76028044279055 14.676146177771031 1.309090909090909
v 28.73669551285662 16.591138889968075 1.309090909090909
v 27.590055640998877 18.435085798320298 1.309090909090909
v 26.325270915183985 20.20009083907825 1.309090909090909
v 24.947757337781148 21.878595989688908 1.309090909090909
v 23.463413633408557 23.463413633408557 1.309090909090909
v 21.87859598968891 24.947757337781145 1.309090909090909
v 20.200090839078253 26.32527091518398 1.309090909090909
v 18.435085798320305 27.590055640998873 1.309090909090909
v 16.591138889968082 28.736695512856617 1.309090909090909
v 14.676146177771038 29.760280442790545 1.309090909090909
v 12.698307954517821 30.656427282987075 1.309090909090909
v 10.666093627123661 31.42129859509751 1.309090909090909
v 8.588205449329676 32.05161908273822 1.309090909090909
v 6.473541257316365 32.54468961681257 1.309090909090909
v 4.331156367803097 32.89839879359607 1.309090909090909
v 2.170224801791676 33.11123197609133 1.309090909090909
v 2.0318285135808578e-15 33.18227777993616 1.309090909090909
v -2.1702248017916643 33.11123197609133 1.309090909090909
v -4.331156367803087 32.89839879359607 1.309090909090909
v -6.473541257316353 32.54468961681257 1.309090909090909
v -8.588205449329664 32.05161908273823 1.309090909090909
v -10.66609362712365 31.421298595097515 1.309090909090909
v -12.69830795451781 30.656427282987078 1.309090909090909
v -14.676146177771027 29.76028044279055 1.309090909090909
v -16.59113888996807 28.73669551285662 1.309090909090909
v -18.43508579832029 27.59005564099888 1.309090909090909
v -20.200090839078243 26.32527091518399 1.309090909090909
v -21.878595989688897 24.947757337781162 1.309090909090909
v -23.463413633408553 23.463413633408557 1.309090909090909
v -24.947757337781145 21.87859598968891 1.309090909090909
v -26.325270915183978 20.20009083907826 1.309090909090909
v -27.59005564099887 18.43508579832031 1.309090909090909
v -28.736695512856613 16.59113888996809 1.309090909090909
v -29.760280442790542 14.676146177771047 1.309090909090909
v -30.656427282987075 12.698307954517825 1.309090909090909
v -31.42129859509751 10.666093627123663 1.309090909090909
v -32.05161908273822 8.588205449329678 1.309090909090909
v -32.54468961681257 6.473541257316374 1.309090909090909
v -32.89839879359607 4.331156367803107 1.309090909090909
v -33.11123197609133 2.1702248017916856 1.309090909090909
v -33.18227777993616 4.0636570271617155e-15 1.309090909090909
v -33.11123197609133 -2.1702248017916625 1.309090909090909
v -32.89839879359607 -4.331156367803085 1.309090909090909
v -32.54468961681257 -6.473541257316351 1.309090909090909
v -32.05161908273823 -8.588205449329655 1.309090909090909
v -31.421298595097518 -10.666093627123642 1.309090909090909
v -30.65642728298708 -12.698307954517801 1.309090909090909
v -29.76028044279055 -14.676146177771026 1.309090909090909
v -28.736695512856624 -16.591138889968068 1.309090909090909
v -27.590055640998887 -18.43508579832029 1.309090909090909
v -26.32527091518399 -20.200090839078243 1.309090909090909
v -24.947757337781162 -21.878595989688897 1.309090909090909
v -23.463413633408567 -23.463413633408543 1.309090909090909
v -21.878595989688915 -24.947757337781145 1.309090909090909
v -20.20009083907826 -26.325270915183975 1.309090909090909
v -18.435085798320323 -27.590055640998862 1.309090909090909
v -16.591138889968093 -28.736695512856613 1.309090909090909
v -14.676146177771034 -29.760280442790545 1.309090909090909
v -12.698307954517839 -30.656427282987067 1.309090909090909
v -10.666093627123665 -31.42129859509751 1.309090909090909
v -8.588205449329694 -32.05161908273821 1.309090909090909
v -6.473541257316376 -32.54468961681256 1.309090909090909
v -4.331156367803123 -32.898398793596066 1.309090909090909
v -2.1702248017916874 -33.11123197609133 1.309090909090909
v -6.095485540742573e-15 -33.18227777993616 1.309090909090909
v 2.170224801791646 -33.11123197609133 1.309090909090909
v 4.331156367803083 -32.89839879359607 1.309090909090909
v 6.4735412573163345 -32.544689616812576 1.309090909090909
v 8.588205449329653 -32.05161908273823 1.309090909090909
v 10.666093627123654 -31.421298595097515 1.309090909090909
v 12.6983079545178 -30.65642728298708 1.309090909090909
v 14.676146177771024 -29.76028044279055 1.309090909090909
v 16.591138889968057 -28.73669551285663 1.309090909090909
v 18.435085798320287 -27.590055640998887 1.309090909090909
v 20.20009083907823 -26.325270915184 1.309090909090909
v 21.878595989688893 -24.947757337781162 1.309090909090909
v 23.46341363340855 -23.46341363340856 1.309090909090909
v 24.947757337781134 -21.878595989688925 1.309090909090909
v 26.325270915183975 -20.200090839078264 1.309090909090909
v 27.59005564099886 -18.435085798320323 1.309090909090909
v 28.73669551285661 -16.591138889968093 1.309090909090909
v 29.76028044279053 -14.676146177771063 1.309090909090909
v 30.656427282987067 -12.69830795451784 1.309090909090909
v 31.42129859509751 -10.666093627123667 1.309090909090909
v 32.05161908273821 -8.588205449329696 1.309090909090909
v 32.54468961681256 -6.473541257316378 1.309090909090909
v 32.898398793596066 -4.331156367803127 1.309090909090909
v 33.11123197609133 -2.170224801791689 1.309090909090909
v 30.18227777993616 0.0 1.309090909090909
v 30.117655206375524 1.9740154141012403 1.309090909090909
v 29.924064209474643 3.9395777911429386 1.309090909090909
v 29.60233377560288 5.888270291267978 1.309090909090909
v 29.153841603871022 7.811748314022107 1.309090909090909
v 28.5805082066122 9.701775231214173 1.309090909090909
v 27.884788685453216 11.550257657422552 1.309090909090909
v 27.069662218192487 13.34928010711403 1.309090909090909
v 26.138619301503304 15.091138889968079 1.309090909090909
v 25.095646804091245 16.768375099261494 1.309090909090909
v 23.945210894310282 18.37380655205209 1.309090909090909
v 22.69223791534422 19.900558544388705 1.309090909090909
v 21.342093289848915 21.342093289848915 1.309090909090909
v 19.90055854438871 22.69223791534422 1.309090909090909
v 18.373806552052095 23.94521089431028 1.309090909090909
v 16.7683750992615 25.095646804091242 1.309090909090909
v 15.091138889968084 26.138619301503304 1.309090909090909
v 13.349280107114035 27.069662218192484 1.309090909090909
v 11.550257657422554 27.884788685453216 1.309090909090909
v 9.701775231214178 28.580508206612198 1.309090909090909
v 7.811748314022114 29.15384160387102 1.309090909090909
v 5.888270291267981 29.60233377560288 1.309090909090909
v 3.939577791142943 29.924064209474643 1.309090909090909
v 1.9740154141012465 30.117655206375524 1.309090909090909
v 1.848131493708755e-15 30.18227777993616 1.309090909090909
v -1.974015414101236 30.117655206375524 1.309090909090909
v -3.939577791142933 29.924064209474647 1.309090909090909
v -5.88827029126797 29.602333775602883 1.309090909090909
v -7.811748314022103 29.153841603871022 1.309090909090909
v -9.701775231214167 28.5805082066122 1.309090909090909
v -11.550257657422543 27.88478868545322 1.309090909090909
v -13.349280107114026 27.069662218192487 1.309090909090909
v -15.091138889968073 26.138619301503304 1.309090909090909
v -16.768375099261487 25.09564680409125 1.309090909090909
v -18.373806552052084 23.945210894310286 1.309090909090909
v -19.900558544388694 22.69223791534423 1.309090909090909
v -21.34209328984891 21.342093289848915 1.309090909090909
v -22.69223791534422 19.90055854438871 1.309090909090909
v -23.945210894310275 18.373806552052102 1.309090909090909
v -25.09564680409124 16.768375099261505 1.309090909090909
v -26.1386193015033 15.091138889968091 1.309090909090909
v -27.06966221819248 13.349280107114042 1.309090909090909
v -27.884788685453216 11.550257657422556 1.309090909090909
v -28.580508206612198 9.70177523121418 1.309090909090909
v -29.15384160387102 7.811748314022116 1.309090909090909
v -29.60233377560288 5.888270291267989 1.309090909090909
v -29.924064209474643 3.9395777911429515 1.309090909090909
v -30.117655206375524 1.9740154141012551 1.309090909090909
v -30.18227777993616 3.69626298741751e-15 1.309090909090909
v -30.117655206375524 -1.9740154141012343 1.309090909090909
v -29.924064209474647 -3.9395777911429315 1.309090909090909
v -29.602333775602883 -5.888270291267968 1.309090909090909
v -29.153841603871026 -7.811748314022095 1.309090909090909
v -28.580508206612205 -9.70177523121416 1.309090909090909
v -27.884788685453223 -11.550257657422534 1.309090909090909
v -27.069662218192487 -13.349280107114025 1.309090909090909
v -26.138619301503308 -15.091138889968072 1.309090909090909
v -25.095646804091253 -16.768375099261487 1.309090909090909
v -23.945210894310286 -18.373806552052084 1.309090909090909
v -22.69223791534423 -19.900558544388694 1.309090909090909
v -21.342093289848926 -21.342093289848904 1.309090909090909
v -19.900558544388712 -22.69223791534422 1.309090909090909
v -18.373806552052102 -23.94521089431027 1.309090909090909
v -16.76837509926152 -25.09564680409123 1.309090909090909
v -15.091138889968095 -26.1386193015033 1.309090909090909
v -13.349280107114033 -27.069662218192484 1.309090909090909
v -11.550257657422568 -27.884788685453213 1.309090909090909
v -9.701775231214182 -28.580508206612198 1.309090909090909
v -7.811748314022131 -29.153841603871015 1.309090909090909
v -5.8882702912679905 -29.602333775602876 1.309090909090909
v -3.9395777911429666 -29.92406420947464 1.309090909090909
v -1.974015414101257 -30.117655206375524 1.309090909090909
v -5.544394481126265e-15 -30.18227777993616 1.309090909090909
v 1.9740154141012192 -30.117655206375527 1.309090909090909
v 3.9395777911429297 -29.924064209474647 1.309090909090909
v 5.888270291267953 -29.602333775602887 1.309090909090909
v 7.811748314022093 -29.153841603871026 1.309090909090909
v 9.701775231214171 -28.5805082066122 1.309090909090909
v 11.550257657422534 -27.884788685453223 1.309090909090909
v 13.349280107114023 -27.069662218192487 1.309090909090909
v 15.091138889968061 -26.138619301503315 1.309090909090909
v 16.768375099261483 -25.095646804091253 1.309090909090909
v 18.37380655205207 -23.945210894310296 1.309090909090909
v 19.90055854438869 -22.69223791534423 1.309090909090909
v 21.342093289848908 -21.34209328984892 1.309090909090909
v 22.692237915344208 -19.900558544388723 1.309090909090909
v 23.94521089431027 -18.373806552052105 1.309090909090909
v 25.095646804091228 -16.76837509926152 1.309090909090909
v 26.138619301503297 -15.091138889968095 1.309090909090909
v 27.06966221819247 -13.349280107114058 1.309090909090909
v 27.884788685453213 -11.55025765742257 1.309090909090909
v 28.580508206612198 -9.701775231214183 1.309090909090909
v 29.153841603871015 -7.8117483140221315 1.309090909090909
v 29.602333775602876 -5.888270291267992 1.309090909090909
v 29.92406420947464 -3.939577791142969 1.309090909090909
v 30.117655206375524 -1.9740154141012587 1.309090909090909
v 34.56619997681061 0.0 1.9636363636363636
v 34.492191089310474 2.2607376440783122 1.9636363636363636
v 34.2704813442284 4.511794462489924 1.9636363636363636
v 33.90202013673033 6.743531084349867 1.9636363636363636
v 33.38838527427396 8.946390870820895 1.9636363636363636
v 32.73177622019499 11.110940838108156 1.9636363636363636
v 31.935004675267436 13.22791205094397 1.9636363636363636
v 31.00148253756928 15.288239313591635 1.9636363636363636
v 29.935207292211064 17.2830999884053 1.9636363636363636
v 28.740744893490966 19.20395177571884 1.9636363636363636
v 27.423210212777516 21.04256929328443 1.9636363636363636
v 25.98824513584512 22.791079298622172 1.9636363636363636
v 24.441994403453066 24.441994403453066 1.9636363636363636
v 22.791079298622176 25.988245135845116 1.9636363636363636
v 21.042569293284433 27.423210212777512 1.9636363636363636
v 19.203951775718846 28.740744893490962 1.9636363636363636
v 17.283099988405308 29.93520729221106 1.9636363636363636
v 15.288239313591642 31.001482537569277 1.9636363636363636
v 13.227912050943972 31.935004675267436 1.9636363636363636
v 11.110940838108162 32.73177622019499 1.9636363636363636
v 8.946390870820904 33.38838527427396 1.9636363636363636
v 6.743531084349869 33.90202013673033 1.9636363636363636
v 4.511794462489928 34.2704813442284 1.9636363636363636
v 2.2607376440783193 34.492191089310474 1.9636363636363636
v 2.1165693080144214e-15 34.56619997681061 1.9636363636363636
v -2.2607376440783074 34.492191089310474 1.9636363636363636
v -4.511794462489917 34.27048134422841 1.9636363636363636
v -6.743531084349857 33.902020136730336 1.9636363636363636
v -8.946390870820892 33.38838527427396 1.9636363636363636
v -11.110940838108151 32.73177622019499 1.9636363636363636
v -13.22791205094396 31.93500467526744 1.9636363636363636
v -15.288239313591632 31.00148253756928 1.9636363636363636
v -17.283099988405297 29.935207292211064 1.9636363636363636
v -19.203951775718828 28.74074489349097 1.9636363636363636
v -21.042569293284423 27.42321021277752 1.9636363636363636
v -22.79107929862216 25.988245135845133 1.9636363636363636
v -24.441994403453062 24.441994403453066 1.9636363636363636
v -25.988245135845116 22.791079298622176 1.9636363636363636
v -27.42321021277751 21.04256929328444 1.9636363636363636
v -28.74074489349096 19.20395177571885 1.9636363636363636
v -29.935207292211054 17.283099988405315 1.9636363636363636
v -31.00148253756927 15.288239313591651 1.9636363636363636
v -31.935004675267436 13.227912050943974 1.9636363636363636
v -32.73177622019499 11.110940838108164 1.9636363636363636
v -33.38838527427396 8.946390870820906 1.9636363636363636
v -33.90202013673033 6.743531084349879 1.9636363636363636
v -34.2704813442284 4.511794462489938 1.9636363636363636
v -34.492191089310474 2.2607376440783296 1.9636363636363636
v -34.56619997681061 4.233138616028843e-15 1.9636363636363636
v -34.492191089310474 -2.2607376440783056 1.9636363636363636
v -34.27048134422841 -4.511794462489915 1.9636363636363636
v -33.902020136730336 -6.743531084349855 1.9636363636363636
v -33.388385274273965 -8.946390870820883 1.9636363636363636
v -32.731776220194995 -11.11094083810814 1.9636363636363636
v -31.935004675267443 -13.227912050943951 1.9636363636363636
v -31.00148253756928 -15.28823931359163 1.9636363636363636
v -29.935207292211068 -17.283099988405294 1.9636363636363636
v -28.740744893490973 -19.203951775718828 1.9636363636363636
v -27.42321021277752 -21.042569293284423 1.9636363636363636
v -25.988245135845133 -22.79107929862216 1.9636363636363636
v -24.441994403453077 -24.441994403453048 1.9636363636363636
v -22.79107929862218 -25.988245135845116 1.9636363636363636
v -21.04256929328444 -27.423210212777505 1.9636363636363636
v -19.203951775718863 -28.740744893490948 1.9636363636363636
v -17.28309998840532 -29.935207292211054 1.9636363636363636
v -15.288239313591639 -31.001482537569277 1.9636363636363636
v -13.22791205094399 -31.93500467526743 1.9636363636363636
v -11.110940838108165 -32.73177622019499 1.9636363636363636
v -8.946390870820924 -33.38838527427395 1.9636363636363636
v -6.743531084349881 -33.90202013673033 1.9636363636363636
v -4.511794462489956 -34.2704813442284 1.9636363636363636
v -2.2607376440783313 -34.492191089310474 1.9636363636363636
v -6.349707924043263e-15 -34.56619997681061 1.9636363636363636
v 2.2607376440782883 -34.49219108931048 1.9636363636363636
v 4.511794462489913 -34.27048134422841 1.9636363636363636
v 6.743531084349837 -33.902020136730336 1.9636363636363636
v 8.946390870820881 -33.388385274273965 1.9636363636363636
v 11.110940838108155 -32.73177622019499 1.9636363636363636
v 13.22791205094395 -31.935004675267443 1.9636363636363636
v 15.288239313591628 -31.00148253756928 1.9636363636363636
v 17.283099988405283 -29.935207292211075 1.9636363636363636
v 19.203951775718824 -28.740744893490973 1.9636363636363636
v 21.042569293284405 -27.42321021277753 1.9636363636363636
v 22.791079298622154 -25.988245135845133 1.9636363636363636
v 24.44199440345306 -24.44199440345307 1.9636363636363636
v 25.988245135845105 -22.79107929862219 1.9636363636363636
v 27.423210212777505 -21.042569293284444 1.9636363636363636
v 28.740744893490945 -19.203951775718863 1.9636363636363636
v 29.93520729221105 -17.28309998840532 1.9636363636363636
v 31.00148253756926 -15.288239313591667 1.9636363636363636
v 31.93500467526743 -13.227912050943992 1.9636363636363636
v 32.73177622019499 -11.110940838108169 1.9636363636363636
v 33.38838527427395 -8.946390870820926 1.9636363636363636
v 33.90202013673033 -6.743531084349883 1.9636363636363636
v 34.2704813442284 -4.511794462489958 1.9636363636363636
v 34.492191089310474 -2.2607376440783336 1.9636363636363636
v 31.56619997681061 0.0 1.9636363636363636
v 31.498614319594665 2.064528256387883 1.9636363636363636
v 31.29614676010697 4.120215885829769 1.9636363636363636
v 30.95966429552064 6.158260118301482 1.9636363636363636
v 30.490607795406756 8.169933735513334 1.9636363636363636
v 29.89098583170967 10.146622442198671 1.9636363636363636
v 29.163366077733574 12.079861753848702 1.9636363636363636
v 28.310864312971216 13.96137324293463 1.9636363636363636
v 27.33713108085775 15.783099988405302 1.9636363636363636
v 26.246336056583328 17.53724107666003 1.9636363636363636
v 25.04315019190381 19.216285006258268 1.9636363636363636
v 23.73272571340819 20.813041853321966 1.9636363636363636
v 22.32067405989342 22.32067405989342 1.9636363636363636
v 20.81304185332197 23.732725713408186 1.9636363636363636
v 19.21628500625827 25.043150191903806 1.9636363636363636
v 17.537241076660038 26.246336056583324 1.9636363636363636
v 15.783099988405308 27.337131080857745 1.9636363636363636
v 13.961373242934638 28.310864312971212 1.9636363636363636
v 12.079861753848704 29.163366077733574 1.9636363636363636
v 10.146622442198677 29.890985831709667 1.9636363636363636
v 8.169933735513341 30.490607795406753 1.9636363636363636
v 6.1582601183014845 30.95966429552064 1.9636363636363636
v 4.120215885829773 31.29614676010697 1.9636363636363636
v 2.0645282563878897 31.498614319594665 1.9636363636363636
v 1.9328722881423183e-15 31.56619997681061 1.9636363636363636
v -2.0645282563878786 31.498614319594665 1.9636363636363636
v -4.120215885829763 31.296146760106975 1.9636363636363636
v -6.158260118301473 30.959664295520643 1.9636363636363636
v -8.16993373551333 30.490607795406756 1.9636363636363636
v -10.146622442198666 29.89098583170967 1.9636363636363636
v -12.079861753848693 29.163366077733578 1.9636363636363636
v -13.961373242934629 28.310864312971216 1.9636363636363636
v -15.783099988405297 27.33713108085775 1.9636363636363636
v -17.537241076660024 26.24633605658333 1.9636363636363636
v -19.21628500625826 25.043150191903813 1.9636363636363636
v -20.813041853321955 23.7327257134082 1.9636363636363636
v -22.320674059893417 22.32067405989342 1.9636363636363636
v -23.732725713408186 20.81304185332197 1.9636363636363636
v -25.043150191903802 19.21628500625828 1.9636363636363636
v -26.24633605658332 17.53724107666004 1.9636363636363636
v -27.33713108085774 15.783099988405315 1.9636363636363636
v -28.31086431297121 13.961373242934645 1.9636363636363636
v -29.163366077733574 12.079861753848705 1.9636363636363636
v -29.890985831709667 10.146622442198678 1.9636363636363636
v -30.490607795406753 8.169933735513343 1.9636363636363636
v -30.95966429552064 6.158260118301493 1.9636363636363636
v -31.29614676010697 4.120215885829782 1.9636363636363636
v -31.498614319594665 2.064528256387899 1.9636363636363636
v -31.56619997681061 3.865744576284637e-15 1.9636363636363636
v -31.498614319594665 -2.064528256387877 1.9636363636363636
v -31.296146760106975 -4.1202158858297615 1.9636363636363636
v -30.959664295520643 -6.158260118301471 1.9636363636363636
v -30.49060779540676 -8.169933735513322 1.9636363636363636
v -29.890985831709674 -10.146622442198657 1.9636363636363636
v -29.16336607773358 -12.079861753848684 1.9636363636363636
v -28.310864312971216 -13.961373242934627 1.9636363636363636
v -27.337131080857752 -15.783099988405295 1.9636363636363636
v -26.246336056583335 -17.537241076660024 1.9636363636363636
v -25.043150191903813 -19.21628500625826 1.9636363636363636
v -23.7327257134082 -20.813041853321955 1.9636363636363636
v -22.32067405989343 -22.32067405989341 1.9636363636363636
v -20.813041853321973 -23.732725713408186 1.9636363636363636
v -19.21628500625828 -25.0431501919038 1.9636363636363636
v -17.537241076660056 -26.246336056583313 1.9636363636363636
v -15.783099988405318 -27.33713108085774 1.9636363636363636
v -13.961373242934634 -28.310864312971212 1.9636363636363636
v -12.079861753848718 -29.163366077733567 1.9636363636363636
v -10.14662244219868 -29.890985831709667 1.9636363636363636
v -8.169933735513359 -30.49060779540675 1.9636363636363636
v -6.158260118301495 -30.959664295520636 1.9636363636363636
v -4.120215885829798 -31.296146760106968 1.9636363636363636
v -2.064528256387901 -31.498614319594665 1.9636363636363636
v -5.798616864426955e-15 -31.56619997681061 1.9636363636363636
v 2.0645282563878613 -31.49861431959467 1.9636363636363636
v 4.12021588582976 -31.296146760106975 1.9636363636363636
v 6.158260118301455 -30.959664295520646 1.9636363636363636
v 8.16993373551332 -30.49060779540676 1.9636363636363636
v 10.14662244219867 -29.89098583170967 1.9636363636363636
v 12.079861753848682 -29.16336607773358 1.9636363636363636
v 13.961373242934625 -28.310864312971216 1.9636363636363636
v 15.783099988405283 -27.33713108085776 1.9636363636363636
v 17.53724107666002 -26.246336056583335 1.9636363636363636
v 19.216285006258246 -25.043150191903823 1.9636363636363636
v 20.813041853321952 -23.7327257134082 1.9636363636363636
v 22.320674059893413 -22.320674059893424 1.9636363636363636
v 23.732725713408175 -20.813041853321984 1.9636363636363636
v 25.0431501919038 -19.216285006258282 1.9636363636363636
v 26.24633605658331 -17.537241076660056 1.9636363636363636
v 27.337131080857738 -15.783099988405318 1.9636363636363636
v 28.310864312971198 -13.96137324293466 1.9636363636363636
v 29.163366077733567 -12.07986175384872 1.9636363636363636
v 29.890985831709667 -10.146622442198682 1.9636363636363636
v 30.49060779540675 -8.16993373551336 1.9636363636363636
v 30.959664295520636 -6.158260118301497 1.9636363636363636
v 31.296146760106968 -4.120215885829801 1.9636363636363636
v 31.498614319594665 -2.0645282563879026 1.9636363636363636
v 35.77106480428547 0.0 2.618181818181818
v 35.69447620870261 2.339539574094505 2.618181818181818
v 35.4650383860784 4.669060880560087 2.618181818181818
v 35.083733824393256 6.978588551527844 2.618181818181818
v 34.55219532831926 9.258232834945554 2.618181818181818
v 33.87269902729986 11.498231944014263 2.618181818181818
v 33.0481546288142 13.688993858658023 2.618181818181818
v 32.082092958562974 15.821137400026435 2.618181818181818
v 30.97865084093065 17.885532402142733 2.618181818181818
v 29.74255338446846 19.87333880867617 2.618181818181818
v 28.37909374825412 21.776044527420375 2.618181818181818
v 26.894110475772013 23.585501880378988 2.618181818181818
v 25.2939624933737 25.2939624933737 2.618181818181818
v 23.585501880378995 26.89411047577201 2.618181818181818
v 21.776044527420378 28.379093748254117 2.618181818181818
v 19.873338808676177 29.742553384468458 2.618181818181818
v 17.88553240214274 30.978650840930648 2.618181818181818
v 15.821137400026444 32.08209295856297 2.618181818181818
v 13.688993858658025 33.0481546288142 2.618181818181818
v 11.498231944014268 33.87269902729986 2.618181818181818
v 9.258232834945561 34.55219532831925 2.618181818181818
v 6.978588551527848 35.083733824393256 2.618181818181818
v 4.669060880560092 35.4650383860784 2.618181818181818
v 2.339539574094512 35.69447620870261 2.618181818181818
v 2.1903460007330373e-15 35.77106480428547 2.618181818181818
v -2.3395395740944998 35.69447620870261 2.618181818181818
v -4.66906088056008 35.465038386078405 2.618181818181818
v -6.978588551527834 35.083733824393256 2.618181818181818
v -9.25823283494555 34.55219532831926 2.618181818181818
v -11.498231944014258 33.87269902729986 2.618181818181818
v -13.688993858658014 33.04815462881421 2.618181818181818
v -15.821137400026432 32.082092958562974 2.618181818181818
v -17.88553240214273 30.97865084093065 2.618181818181818
v -19.873338808676163 29.74255338446847 2.618181818181818
v -21.776044527420364 28.379093748254125 2.618181818181818
v -23.585501880378978 26.894110475772024 2.618181818181818
v -25.293962493373698 25.2939624933737 2.618181818181818
v -26.89411047577201 23.585501880378995 2.618181818181818
v -28.379093748254114 21.776044527420385 2.618181818181818
v -29.742553384468454 19.87333880867618 2.618181818181818
v -30.978650840930644 17.885532402142747 2.618181818181818
v -32.08209295856296 15.821137400026451 2.618181818181818
v -33.0481546288142 13.688993858658026 2.618181818181818
v -33.87269902729986 11.49823194401427 2.618181818181818
v -34.55219532831925 9.258232834945565 2.618181818181818
v -35.083733824393256 6.978588551527857 2.618181818181818
v -35.4650383860784 4.669060880560102 2.618181818181818
v -35.69447620870261 2.339539574094523 2.618181818181818
v -35.77106480428547 4.3806920014660746e-15 2.618181818181818
v -35.69447620870261 -2.339539574094498 2.618181818181818
v -35.465038386078405 -4.669060880560078 2.618181818181818
v -35.083733824393256 -6.9785885515278325 2.618181818181818
v -34.55219532831926 -9.25823283494554 2.618181818181818
v -33.872699027299866 -11.498231944014247 2.618181818181818
v -33.04815462881421 -13.688993858658003 2.618181818181818
v -32.082092958562974 -15.82113740002643 2.618181818181818
v -30.978650840930655 -17.885532402142726 2.618181818181818
v -29.742553384468472 -19.873338808676163 2.618181818181818
v -28.379093748254125 -21.776044527420364 2.618181818181818
v -26.894110475772024 -23.585501880378978 2.618181818181818
v -25.293962493373712 -25.293962493373684 2.618181818181818
v -23.585501880379 -26.89411047577201 2.618181818181818
v -21.776044527420385 -28.37909374825411 2.618181818181818
v -19.8733388086762 -29.742553384468447 2.618181818181818
v -17.88553240214275 -30.978650840930644 2.618181818181818
v -15.82113740002644 -32.08209295856297 2.618181818181818
v -13.688993858658042 -33.048154628814196 2.618181818181818
v -11.498231944014274 -33.87269902729986 2.618181818181818
v -9.258232834945582 -34.55219532831925 2.618181818181818
v -6.978588551527859 -35.08373382439325 2.618181818181818
v -4.66906088056012 -35.4650383860784 2.618181818181818
v -2.3395395740945246 -35.69447620870261 2.618181818181818
v -6.5710380021991114e-15 -35.77106480428547 2.618181818181818
v 2.33953957409448 -35.69447620870261 2.618181818181818
v 4.669060880560076 -35.465038386078405 2.618181818181818
v 6.978588551527815 -35.08373382439326 2.618181818181818
v 9.258232834945538 -34.55219532831926 2.618181818181818
v 11.498231944014261 -33.87269902729986 2.618181818181818
v 13.688993858658002 -33.04815462881421 2.618181818181818
v 15.821137400026428 -32.082092958562974 2.618181818181818
v 17.88553240214271 -30.978650840930662 2.618181818181818
v 19.87333880867616 -29.742553384468472 2.618181818181818
v 21.77604452742035 -28.37909374825414 2.618181818181818
v 23.585501880378974 -26.894110475772024 2.618181818181818
v 25.293962493373694 -25.293962493373705 2.618181818181818
v 26.894110475772 -23.58550188037901 2.618181818181818
v 28.37909374825411 -21.77604452742039 2.618181818181818
v 29.742553384468444 -19.8733388086762 2.618181818181818
v 30.978650840930637 -17.88553240214275 2.618181818181818
v 32.08209295856295 -15.821137400026469 2.618181818181818
v 33.048154628814196 -13.688993858658046 2.618181818181818
v 33.87269902729986 -11.498231944014275 2.618181818181818
v 34.55219532831925 -9.258232834945584 2.618181818181818
v 35.08373382439325 -6.978588551527861 2.618181818181818
v 35.4650383860784 -4.669060880560123 2.618181818181818
v 35.69447620870261 -2.339539574094527 2.618181818181818
v 32.77106480428547 0.0 2.618181818181818
v 32.700899438986795 2.143330186404076 2.618181818181818
v 32.49070380195697 4.277482303899933 2.618181818181818
v 32.14137798318356 6.39331758547946 2.618181818181818
v 31.65441784945205 8.481775699637991 2.618181818181818
v 31.031908638814542 10.533913548104778 2.618181818181818
v 30.276516031280345 12.540943561562754 2.618181818181818
v 29.391474733964905 14.494271329369433 2.618181818181818
v 28.380574629577335 16.385532402142733 2.618181818181818
v 27.248144547560827 18.206628109617363 2.618181818181818
v 25.999033727380418 19.949760240394212 2.618181818181818
v 24.63859105333508 21.607464435078782 2.618181818181818
v 23.17264214981406 23.17264214981406 2.618181818181818
v 21.607464435078786 24.638591053335077 2.618181818181818
v 19.949760240394216 25.999033727380414 2.618181818181818
v 18.20662810961737 27.248144547560823 2.618181818181818
v 16.38553240214274 28.380574629577332 2.618181818181818
v 14.49427132936944 29.391474733964902 2.618181818181818
v 12.540943561562756 30.276516031280345 2.618181818181818
v 10.533913548104783 31.03190863881454 2.618181818181818
v 8.481775699638 31.654417849452045 2.618181818181818
v 6.393317585479463 32.14137798318356 2.618181818181818
v 4.277482303899937 32.49070380195697 2.618181818181818
v 2.1433301864040826 32.700899438986795 2.618181818181818
v 2.0066489808609346e-15 32.77106480428547 2.618181818181818
v -2.143330186404071 32.700899438986795 2.618181818181818
v -4.277482303899926 32.49070380195697 2.618181818181818
v -6.39331758547945 32.14137798318357 2.618181818181818
v -8.481775699637987 31.65441784945205 2.618181818181818
v -10.533913548104772 31.031908638814542 2.618181818181818
v -12.540943561562745 30.276516031280348 2.618181818181818
v -14.494271329369429 29.391474733964905 2.618181818181818
v -16.38553240214273 28.380574629577335 2.618181818181818
v -18.206628109617355 27.24814454756083 2.618181818181818
v -19.949760240394205 25.99903372738042 2.618181818181818
v -21.60746443507877 24.63859105333509 2.618181818181818
v -23.172642149814056 23.17264214981406 2.618181818181818
v -24.638591053335077 21.607464435078786 2.618181818181818
v -25.999033727380407 19.949760240394223 2.618181818181818
v -27.24814454756082 18.206628109617373 2.618181818181818
v -28.38057462957733 16.385532402142747 2.618181818181818
v -29.3914747339649 14.494271329369447 2.618181818181818
v -30.276516031280345 12.540943561562758 2.618181818181818
v -31.03190863881454 10.533913548104785 2.618181818181818
v -31.654417849452045 8.481775699638002 2.618181818181818
v -32.14137798318356 6.393317585479472 2.618181818181818
v -32.49070380195697 4.277482303899946 2.618181818181818
v -32.700899438986795 2.143330186404092 2.618181818181818
v -32.77106480428547 4.013297961721869e-15 2.618181818181818
v -32.700899438986795 -2.1433301864040692 2.618181818181818
v -32.49070380195697 -4.277482303899924 2.618181818181818
v -32.14137798318357 -6.393317585479449 2.618181818181818
v -31.654417849452052 -8.481775699637979 2.618181818181818
v -31.031908638814546 -10.533913548104763 2.618181818181818
v -30.27651603128035 -12.540943561562736 2.618181818181818
v -29.391474733964905 -14.494271329369427 2.618181818181818
v -28.38057462957734 -16.385532402142726 2.618181818181818
v -27.248144547560834 -18.206628109617355 2.618181818181818
v -25.99903372738042 -19.949760240394205 2.618181818181818
v -24.63859105333509 -21.60746443507877 2.618181818181818
v -23.17264214981407 -23.172642149814045 2.618181818181818
v -21.60746443507879 -24.638591053335077 2.618181818181818
v -19.949760240394223 -25.999033727380404 2.618181818181818
v -18.20662810961739 -27.248144547560813 2.618181818181818
v -16.38553240214275 -28.38057462957733 2.618181818181818
v -14.494271329369436 -29.391474733964902 2.618181818181818
v -12.540943561562772 -30.276516031280337 2.618181818181818
v -10.533913548104787 -31.03190863881454 2.618181818181818
v -8.481775699638018 -31.65441784945204 2.618181818181818
v -6.3933175854794735 -32.14137798318356 2.618181818181818
v -4.277482303899962 -32.49070380195696 2.618181818181818
v -2.143330186404094 -32.700899438986795 2.618181818181818
v -6.0199469425828025e-15 -32.77106480428547 2.618181818181818
v 2.143330186404053 -32.7008994389868 2.618181818181818
v 4.277482303899922 -32.49070380195697 2.618181818181818
v 6.393317585479433 -32.141377983183574 2.618181818181818
v 8.481775699637977 -31.654417849452052 2.618181818181818
v 10.533913548104776 -31.031908638814542 2.618181818181818
v 12.540943561562734 -30.27651603128035 2.618181818181818
v 14.494271329369425 -29.391474733964905 2.618181818181818
v 16.385532402142715 -28.380574629577346 2.618181818181818
v 18.206628109617352 -27.248144547560834 2.618181818181818
v 19.94976024039419 -25.999033727380432 2.618181818181818
v 21.607464435078768 -24.63859105333509 2.618181818181818
v 23.172642149814052 -23.172642149814063 2.618181818181818
v 24.638591053335066 -21.6074644350788 2.618181818181818
v 25.999033727380404 -19.949760240394227 2.618181818181818
v 27.24814454756081 -18.20662810961739 2.618181818181818
v 28.380574629577325 -16.38553240214275 2.618181818181818
v 29.391474733964888 -14.494271329369463 2.618181818181818
v 30.276516031280337 -12.540943561562774 2.618181818181818
v 31.03190863881454 -10.53391354810479 2.618181818181818
v 31.65441784945204 -8.48177569963802 2.618181818181818
v 32.14137798318356 -6.393317585479475 2.618181818181818
v 32.49070380195696 -4.277482303899965 2.618181818181818
v 32.700899438986795 -2.143330186404096 2.618181818181818
v 36.85682644466057 0.0 3.272727272727273
v 36.77791315006108 2.4105517829730894 3.272727272727273
v 36.54151118510509 4.8107812131368455 3.272727272727273
v 36.14863285929962 7.190410139581382 3.272727272727273
v 35.60096053795154 9.539248625916382 3.272727272727273
v 34.900839438021066 11.847238585143117 3.272727272727273
v 34.05126758554264 14.104496849927116 3.272727272727273
v 33.055882977617216 16.301357493837973 3.272727272727273
v 31.91894800395015 18.42841322233028 3.272727272727273
v 30.645331194644122 20.47655565622311 3.272727272727273
v 29.240486372405798 22.43701433517797 3.272727272727273
v 27.710429298439685 24.301394274156497 3.272727272727273
v 26.06171191203516 26.06171191203516 3.272727272727273
v 24.3013942741565 27.71042929843968 3.272727272727273
v 22.437014335177974 29.24048637240579 3.272727272727273
v 20.476555656223116 30.645331194644115 3.272727272727273
v 18.42841322233029 31.918948003950145 3.272727272727273
v 16.30135749383798 33.05588297761721 3.272727272727273
v 14.104496849927118 34.05126758554264 3.272727272727273
v 11.847238585143124 34.900839438021066 3.272727272727273
v 9.539248625916391 35.60096053795154 3.272727272727273
v 7.190410139581385 36.14863285929962 3.272727272727273
v 4.810781213136851 36.54151118510509 3.272727272727273
v 2.4105517829730974 36.77791315006108 3.272727272727273
v 2.2568297266091544e-15 36.85682644466057 3.272727272727273
v -2.4105517829730845 36.77791315006108 3.272727272727273
v -4.810781213136838 36.541511185105094 3.272727272727273
v -7.190410139581371 36.14863285929962 3.272727272727273
v -9.539248625916379 35.60096053795154 3.272727272727273
v -11.847238585143112 34.900839438021066 3.272727272727273
v -14.104496849927106 34.05126758554264 3.272727272727273
v -16.30135749383797 33.055882977617216 3.272727272727273
v -18.428413222330278 31.91894800395015 3.272727272727273
v -20.4765556562231 30.645331194644125 3.272727272727273
v -22.43701433517796 29.2404863724058 3.272727272727273
v -24.301394274156483 27.7104292984397 3.272727272727273
v -26.061711912035157 26.06171191203516 3.272727272727273
v -27.71042929843968 24.3013942741565 3.272727272727273
v -29.240486372405787 22.43701433517798 3.272727272727273
v -30.64533119464411 20.47655565622312 3.272727272727273
v -31.91894800395014 18.428413222330295 3.272727272727273
v -33.0558829776172 16.301357493837987 3.272727272727273
v -34.05126758554264 14.10449684992712 3.272727272727273
v -34.900839438021066 11.847238585143126 3.272727272727273
v -35.60096053795154 9.539248625916393 3.272727272727273
v -36.14863285929962 7.190410139581395 3.272727272727273
v -36.54151118510509 4.810781213136861 3.272727272727273
v -36.77791315006108 2.410551782973108 3.272727272727273
v -36.85682644466057 4.513659453218309e-15 3.272727272727273
v -36.77791315006108 -2.4105517829730823 3.272727272727273
v -36.541511185105094 -4.810781213136837 3.272727272727273
v -36.14863285929962 -7.1904101395813695 3.272727272727273
v -35.60096053795155 -9.539248625916368 3.272727272727273
v -34.90083943802107 -11.847238585143101 3.272727272727273
v -34.05126758554265 -14.104496849927095 3.272727272727273
v -33.055882977617216 -16.301357493837966 3.272727272727273
v -31.918948003950153 -18.428413222330274 3.272727272727273
v -30.64533119464413 -20.4765556562231 3.272727272727273
v -29.2404863724058 -22.43701433517796 3.272727272727273
v -27.7104292984397 -24.301394274156483 3.272727272727273
v -26.061711912035175 -26.061711912035147 3.272727272727273
v -24.301394274156504 -27.71042929843968 3.272727272727273
v -22.43701433517798 -29.240486372405783 3.272727272727273
v -20.476555656223137 -30.645331194644104 3.272727272727273
v -18.428413222330303 -31.91894800395014 3.272727272727273
v -16.301357493837976 -33.05588297761721 3.272727272727273
v -14.104496849927136 -34.05126758554263 3.272727272727273
v -11.847238585143128 -34.900839438021066 3.272727272727273
v -9.53924862591641 -35.600960537951536 3.272727272727273
v -7.190410139581397 -36.14863285929961 3.272727272727273
v -4.810781213136879 -36.54151118510508 3.272727272727273
v -2.41055178297311 -36.77791315006108 3.272727272727273
v -6.770489179827463e-15 -36.85682644466057 3.272727272727273
v 2.410551782973064 -36.77791315006109 3.272727272727273
v 4.810781213136834 -36.541511185105094 3.272727272727273
v 7.190410139581351 -36.148632859299624 3.272727272727273
v 9.539248625916366 -35.60096053795155 3.272727272727273
v 11.847238585143115 -34.900839438021066 3.272727272727273
v 14.104496849927093 -34.05126758554265 3.272727272727273
v 16.301357493837962 -33.055882977617216 3.272727272727273
v 18.42841322233026 -31.91894800395016 3.272727272727273
v 20.476555656223095 -30.64533119464413 3.272727272727273
v 22.437014335177945 -29.24048637240581 3.272727272727273
v 24.30139427415648 -27.7104292984397 3.272727272727273
v 26.061711912035154 -26.061711912035165 3.272727272727273
v 27.710429298439667 -24.301394274156515 3.272727272727273
v 29.240486372405783 -22.437014335177984 3.272727272727273
v 30.6453311946441 -20.476555656223137 3.272727272727273
v 31.918948003950135 -18.428413222330303 3.272727272727273
v 33.055882977617195 -16.301357493838008 3.272727272727273
v 34.05126758554263 -14.104496849927138 3.272727272727273
v 34.900839438021066 -11.84723858514313 3.272727272727273
v 35.600960537951536 -9.539248625916414 3.272727272727273
v 36.14863285929961 -7.190410139581399 3.272727272727273
v 36.54151118510508 -4.810781213136883 3.272727272727273
v 36.77791315006108 -2.410551782973112 3.272727272727273
v 33.85682644466057 0.0 3.272727272727273
v 33.78433638034527 2.21434239528266 3.272727272727273
v 33.56717660098366 4.419202636476691 3.272727272727273
v 33.20627701808992 6.605139173532997 3.272727272727273
v 32.70318305908434 8.762791490608821 3.272727272727273
v 32.06004904953575 10.882920189233634 3.272727272727273
v 31.279628988008778 12.956446552831846 3.272727272727273
v 30.365264753019147 14.974491423180968 3.272727272727273
v 29.320871792596833 16.92841322233028 3.272727272727273
v 28.150922357736484 18.8098449571643 3.272727272727273
v 26.86042635153209 20.610730048151808 3.272727272727273
v 25.454909876002752 22.32335682885629 3.272727272727273
v 23.94039156847552 23.94039156847552 3.272727272727273
v 22.323356828856294 25.45490987600275 3.272727272727273
v 20.61073004815181 26.860426351532087 3.272727272727273
v 18.80984495716431 28.15092235773648 3.272727272727273
v 16.92841322233029 29.32087179259683 3.272727272727273
v 14.974491423180975 30.365264753019144 3.272727272727273
v 12.956446552831848 31.279628988008778 3.272727272727273
v 10.882920189233639 32.06004904953575 3.272727272727273
v 8.762791490608828 32.70318305908434 3.272727272727273
v 6.605139173533 33.20627701808992 3.272727272727273
v 4.419202636476696 33.56717660098366 3.272727272727273
v 2.2143423952826673 33.78433638034527 3.272727272727273
v 2.0731327067370513e-15 33.85682644466057 3.272727272727273
v -2.2143423952826558 33.78433638034527 3.272727272727273
v -4.419202636476684 33.56717660098366 3.272727272727273
v -6.605139173532987 33.20627701808993 3.272727272727273
v -8.762791490608818 32.70318305908434 3.272727272727273
v -10.882920189233626 32.06004904953575 3.272727272727273
v -12.956446552831837 31.27962898800878 3.272727272727273
v -14.974491423180964 30.365264753019147 3.272727272727273
v -16.928413222330278 29.320871792596833 3.272727272727273
v -18.809844957164294 28.150922357736487 3.272727272727273
v -20.6107300481518 26.860426351532094 3.272727272727273
v -22.323356828856276 25.454909876002763 3.272727272727273
v -23.940391568475516 23.94039156847552 3.272727272727273
v -25.45490987600275 22.323356828856294 3.272727272727273
v -26.860426351532084 20.61073004815182 3.272727272727273
v -28.150922357736476 18.809844957164312 3.272727272727273
v -29.320871792596826 16.928413222330295 3.272727272727273
v -30.36526475301914 14.974491423180982 3.272727272727273
v -31.279628988008778 12.95644655283185 3.272727272727273
v -32.06004904953575 10.88292018923364 3.272727272727273
v -32.70318305908434 8.76279149060883 3.272727272727273
v -33.20627701808992 6.60513917353301 3.272727272727273
v -33.56717660098366 4.4192026364767045 3.272727272727273
v -33.78433638034527 2.214342395282677 3.272727272727273
v -33.85682644466057 4.146265413474103e-15 3.272727272727273
v -33.78433638034527 -2.2143423952826535 3.272727272727273
v -33.56717660098366 -4.419202636476682 3.272727272727273
v -33.20627701808993 -6.605139173532986 3.272727272727273
v -32.703183059084346 -8.762791490608807 3.272727272727273
v -32.060049049535756 -10.882920189233618 3.272727272727273
v -31.279628988008785 -12.956446552831828 3.272727272727273
v -30.365264753019147 -14.974491423180963 3.272727272727273
v -29.320871792596837 -16.928413222330274 3.272727272727273
v -28.15092235773649 -18.809844957164294 3.272727272727273
v -26.860426351532094 -20.6107300481518 3.272727272727273
v -25.454909876002763 -22.323356828856276 3.272727272727273
v -23.94039156847553 -23.940391568475505 3.272727272727273
v -22.323356828856298 -25.45490987600275 3.272727272727273
v -20.61073004815182 -26.86042635153208 3.272727272727273
v -18.809844957164326 -28.15092235773647 3.272727272727273
v -16.9284132223303 -29.320871792596826 3.272727272727273
v -14.974491423180972 -30.365264753019144 3.272727272727273
v -12.956446552831865 -31.27962898800877 3.272727272727273
v -10.882920189233642 -32.06004904953575 3.272727272727273
v -8.762791490608848 -32.70318305908433 3.272727272727273
v -6.605139173533011 -33.20627701808992 3.272727272727273
v -4.419202636476721 -33.56717660098365 3.272727272727273
v -2.2143423952826793 -33.78433638034527 3.272727272727273
v -6.219398120211154e-15 -33.85682644466057 3.272727272727273
v 2.2143423952826367 -33.78433638034527 3.272727272727273
v 4.4192026364766805 -33.56717660098366 3.272727272727273
v 6.605139173532969 -33.206277018089935 3.272727272727273
v 8.762791490608805 -32.703183059084346 3.272727272727273
v 10.882920189233632 -32.06004904953575 3.272727272727273
v 12.956446552831826 -31.279628988008785 3.272727272727273
v 14.974491423180961 -30.365264753019147 3.272727272727273
v 16.928413222330263 -29.320871792596844 3.272727272727273
v 18.80984495716429 -28.15092235773649 3.272727272727273
v 20.610730048151787 -26.860426351532105 3.272727272727273
v 22.323356828856273 -25.454909876002763 3.272727272727273
v 23.940391568475512 -23.940391568475523 3.272727272727273
v 25.454909876002738 -22.32335682885631 3.272727272727273
v 26.86042635153208 -20.610730048151822 3.272727272727273
v 28.150922357736466 -18.809844957164326 3.272727272727273
v 29.320871792596822 -16.9284132223303 3.272727272727273
v 30.36526475301913 -14.974491423181 3.272727272727273
v 31.27962898800877 -12.956446552831867 3.272727272727273
v 32.06004904953575 -10.882920189233644 3.272727272727273
v 32.70318305908433 -8.76279149060885 3.272727272727273
v 33.20627701808992 -6.605139173533013 3.272727272727273
v 33.56717660098365 -4.419202636476725 3.272727272727273
v 33.78433638034527 -2.214342395282681 3.272727272727273
v 37.85445533719404 0.0 3.9272727272727272
v 37.77340604255625 2.4757998343551804 3.9272727272727272
v 37.53060522416544 4.940997913727946 3.9272727272727272
v 37.12709259240142 7.38503788147833 3.9272727272727272
v 36.56459605030179 9.79745398324858 3.9272727272727272
v 35.845524294415846 12.16791588293006 3.9272727272727272
v 34.972956500396215 14.486272898748407 3.9272727272727272
v 33.95062913749592 16.742597470041233 3.9272727272727272
v 32.78291996843347 18.927227668597016 3.9272727272727272
v 31.47482930314074 21.030808572515017 3.9272727272727272
v 30.03195858666827 23.04433232541703 3.9272727272727272
v 28.460486412937513 24.959176709471354 3.9272727272727272
v 26.767142067053204 26.767142067053204 3.9272727272727272
v 24.95917670947136 28.46048641293751 3.9272727272727272
v 23.044332325417034 30.031958586668267 3.9272727272727272
v 21.030808572515024 31.474829303140737 3.9272727272727272
v 18.927227668597023 32.78291996843347 3.9272727272727272
v 16.74259747004124 33.95062913749592 3.9272727272727272
v 14.486272898748409 34.972956500396215 3.9272727272727272
v 12.167915882930068 35.845524294415846 3.9272727272727272
v 9.79745398324859 36.56459605030178 3.9272727272727272
v 7.385037881478333 37.12709259240142 3.9272727272727272
v 4.940997913727951 37.53060522416544 3.9272727272727272
v 2.4757998343551884 37.77340604255625 3.9272727272727272
v 2.317916878108056e-15 37.85445533719404 3.9272727272727272
v -2.4757998343551755 37.77340604255625 3.9272727272727272
v -4.940997913727939 37.53060522416545 3.9272727272727272
v -7.385037881478319 37.127092592401425 3.9272727272727272
v -9.797453983248577 36.56459605030179 3.9272727272727272
v -12.167915882930055 35.845524294415846 3.9272727272727272
v -14.486272898748396 34.972956500396215 3.9272727272727272
v -16.74259747004123 33.95062913749592 3.9272727272727272
v -18.927227668597013 32.78291996843347 3.9272727272727272
v -21.030808572515006 31.474829303140748 3.9272727272727272
v -23.044332325417024 30.031958586668274 3.9272727272727272
v -24.959176709471343 28.460486412937527 3.9272727272727272
v -26.7671420670532 26.767142067053204 3.9272727272727272
v -28.46048641293751 24.95917670947136 3.9272727272727272
v -30.03195858666826 23.044332325417045 3.9272727272727272
v -31.474829303140734 21.030808572515028 3.9272727272727272
v -32.78291996843346 18.927227668597034 3.9272727272727272
v -33.950629137495916 16.74259747004125 3.9272727272727272
v -34.972956500396215 14.486272898748412 3.9272727272727272
v -35.845524294415846 12.16791588293007 3.9272727272727272
v -36.56459605030178 9.797453983248591 3.9272727272727272
v -37.12709259240142 7.385037881478343 3.9272727272727272
v -37.53060522416544 4.940997913727962 3.9272727272727272
v -37.77340604255625 2.4757998343551995 3.9272727272727272
v -37.85445533719404 4.635833756216112e-15 3.9272727272727272
v -37.77340604255625 -2.4757998343551733 3.9272727272727272
v -37.53060522416545 -4.940997913727937 3.9272727272727272
v -37.127092592401425 -7.3850378814783175 3.9272727272727272
v -36.56459605030179 -9.797453983248566 3.9272727272727272
v -35.84552429441585 -12.167915882930044 3.9272727272727272
v -34.97295650039622 -14.486272898748386 3.9272727272727272
v -33.95062913749592 -16.742597470041225 3.9272727272727272
v -32.782919968433475 -18.92722766859701 3.9272727272727272
v -31.47482930314075 -21.030808572515006 3.9272727272727272
v -30.031958586668274 -23.044332325417024 3.9272727272727272
v -28.460486412937527 -24.959176709471343 3.9272727272727272
v -26.767142067053218 -26.767142067053186 3.9272727272727272
v -24.959176709471365 -28.46048641293751 3.9272727272727272
v -23.044332325417045 -30.031958586668257 3.9272727272727272
v -21.030808572515046 -31.474829303140726 3.9272727272727272
v -18.927227668597038 -32.78291996843346 3.9272727272727272
v -16.742597470041236 -33.95062913749592 3.9272727272727272
v -14.486272898748428 -34.9729565003962 3.9272727272727272
v -12.167915882930071 -35.845524294415846 3.9272727272727272
v -9.79745398324861 -36.56459605030177 3.9272727272727272
v -7.385037881478346 -37.12709259240142 3.9272727272727272
v -4.940997913727981 -37.530605224165434 3.9272727272727272
v -2.4757998343552017 -37.77340604255625 3.9272727272727272
v -6.9537506343241676e-15 -37.85445533719404 3.9272727272727272
v 2.475799834355154 -37.77340604255625 3.9272727272727272
v 4.9409979137279345 -37.53060522416545 3.9272727272727272
v 7.385037881478298 -37.127092592401425 3.9272727272727272
v 9.797453983248564 -36.56459605030179 3.9272727272727272
v 12.167915882930059 -35.845524294415846 3.9272727272727272
v 14.486272898748384 -34.97295650039622 3.9272727272727272
v 16.742597470041225 -33.95062913749592 3.9272727272727272
v 18.927227668596995 -32.78291996843348 3.9272727272727272
v 21.030808572515003 -31.47482930314075 3.9272727272727272
v 23.044332325417006 -30.03195858666829 3.9272727272727272
v 24.95917670947134 -28.460486412937527 3.9272727272727272
v 26.767142067053197 -26.767142067053207 3.9272727272727272
v 28.4604864129375 -24.959176709471375 3.9272727272727272
v 30.031958586668257 -23.04433232541705 3.9272727272727272
v 31.474829303140723 -21.030808572515046 3.9272727272727272
v 32.782919968433454 -18.927227668597038 3.9272727272727272
v 33.9506291374959 -16.742597470041268 3.9272727272727272
v 34.9729565003962 -14.48627289874843 3.9272727272727272
v 35.845524294415846 -12.167915882930075 3.9272727272727272
v 36.56459605030177 -9.797453983248612 3.9272727272727272
v 37.12709259240142 -7.385037881478348 3.9272727272727272
v 37.530605224165434 -4.940997913727984 3.9272727272727272
v 37.77340604255625 -2.4757998343552035 3.9272727272727272
v 34.85445533719404 0.0 3.9272727272727272
v 34.77982927284044 2.279590446664751 3.9272727272727272
v 34.55627064004401 4.549419337067792 3.9272727272727272
v 34.18473675119173 6.799766915429945 3.9272727272727272
v 33.66681857143458 9.020996847941019 3.9272727272727272
v 33.00473390593053 11.203597487020577 3.9272727272727272
v 32.20131790286235 13.338222601653138 3.9272727272727272
v 31.26001091289786 15.41573139938423 3.9272727272727272
v 30.184843757080152 17.427227668597016 3.9272727272727272
v 28.980420466233106 19.36409787345621 3.9272727272727272
v 27.651898565794564 21.21804803839087 3.9272727272727272
v 26.204966990500584 22.981139264171148 3.9272727272727272
v 24.64582172349356 24.64582172349356 3.9272727272727272
v 22.98113926417115 26.20496699050058 3.9272727272727272
v 21.218048038390876 27.65189856579456 3.9272727272727272
v 19.364097873456217 28.980420466233102 3.9272727272727272
v 17.427227668597023 30.18484375708015 3.9272727272727272
v 15.415731399384237 31.260010912897858 3.9272727272727272
v 13.33822260165314 32.20131790286235 3.9272727272727272
v 11.203597487020582 33.00473390593053 3.9272727272727272
v 9.020996847941026 33.666818571434575 3.9272727272727272
v 6.799766915429948 34.18473675119173 3.9272727272727272
v 4.549419337067796 34.55627064004401 3.9272727272727272
v 2.2795904466647587 34.77982927284044 3.9272727272727272
v 2.134219858235953e-15 34.85445533719404 3.9272727272727272
v -2.2795904466647463 34.77982927284044 3.9272727272727272
v -4.549419337067785 34.55627064004401 3.9272727272727272
v -6.799766915429935 34.18473675119173 3.9272727272727272
v -9.020996847941015 33.66681857143458 3.9272727272727272
v -11.203597487020572 33.00473390593053 3.9272727272727272
v -13.338222601653127 32.20131790286236 3.9272727272727272
v -15.415731399384224 31.26001091289786 3.9272727272727272
v -17.427227668597013 30.184843757080152 3.9272727272727272
v -19.364097873456203 28.98042046623311 3.9272727272727272
v -21.21804803839086 27.651898565794568 3.9272727272727272
v -22.981139264171137 26.204966990500594 3.9272727272727272
v -24.645821723493558 24.64582172349356 3.9272727272727272
v -26.20496699050058 22.98113926417115 3.9272727272727272
v -27.651898565794557 21.218048038390883 3.9272727272727272
v -28.9804204662331 19.36409787345622 3.9272727272727272
v -30.184843757080145 17.42722766859703 3.9272727272727272
v -31.26001091289785 15.415731399384244 3.9272727272727272
v -32.20131790286235 13.338222601653142 3.9272727272727272
v -33.00473390593053 11.203597487020584 3.9272727272727272
v -33.666818571434575 9.020996847941028 3.9272727272727272
v -34.18473675119173 6.799766915429958 3.9272727272727272
v -34.55627064004401 4.549419337067806 3.9272727272727272
v -34.77982927284044 2.279590446664769 3.9272727272727272
v -34.85445533719404 4.268439716471906e-15 3.9272727272727272
v -34.77982927284044 -2.2795904466647445 3.9272727272727272
v -34.55627064004401 -4.549419337067783 3.9272727272727272
v -34.18473675119173 -6.799766915429934 3.9272727272727272
v -33.66681857143458 -9.020996847941005 3.9272727272727272
v -33.004733905930536 -11.203597487020561 3.9272727272727272
v -32.20131790286236 -13.338222601653118 3.9272727272727272
v -31.26001091289786 -15.415731399384223 3.9272727272727272
v -30.184843757080156 -17.42722766859701 3.9272727272727272
v -28.980420466233113 -19.364097873456203 3.9272727272727272
v -27.651898565794568 -21.21804803839086 3.9272727272727272
v -26.204966990500594 -22.981139264171137 3.9272727272727272
v -24.645821723493572 -24.645821723493544 3.9272727272727272
v -22.981139264171155 -26.20496699050058 3.9272727272727272
v -21.218048038390883 -27.651898565794554 3.9272727272727272
v -19.364097873456238 -28.98042046623309 3.9272727272727272
v -17.427227668597034 -30.184843757080145 3.9272727272727272
v -15.415731399384233 -31.260010912897858 3.9272727272727272
v -13.338222601653158 -32.20131790286234 3.9272727272727272
v -11.203597487020586 -33.00473390593053 3.9272727272727272
v -9.020996847941046 -33.666818571434575 3.9272727272727272
v -6.799766915429959 -34.18473675119172 3.9272727272727272
v -4.549419337067824 -34.556270640044005 3.9272727272727272
v -2.2795904466647707 -34.77982927284044 3.9272727272727272
v -6.402659574707859e-15 -34.85445533719404 3.9272727272727272
v 2.279590446664727 -34.779829272840445 3.9272727272727272
v 4.549419337067781 -34.55627064004401 3.9272727272727272
v 6.799766915429916 -34.184736751191735 3.9272727272727272
v 9.020996847941003 -33.66681857143458 3.9272727272727272
v 11.203597487020575 -33.00473390593053 3.9272727272727272
v 13.338222601653117 -32.20131790286236 3.9272727272727272
v 15.41573139938422 -31.26001091289786 3.9272727272727272
v 17.427227668596995 -30.184843757080163 3.9272727272727272
v 19.3640978734562 -28.980420466233113 3.9272727272727272
v 21.218048038390847 -27.65189856579458 3.9272727272727272
v 22.981139264171134 -26.204966990500594 3.9272727272727272
v 24.645821723493555 -24.645821723493565 3.9272727272727272
v 26.204966990500566 -22.98113926417117 3.9272727272727272
v 27.651898565794554 -21.218048038390886 3.9272727272727272
v 28.980420466233088 -19.364097873456238 3.9272727272727272
v 30.18484375708014 -17.427227668597034 3.9272727272727272
v 31.26001091289784 -15.415731399384262 3.9272727272727272
v 32.20131790286234 -13.33822260165316 3.9272727272727272
v 33.00473390593053 -11.203597487020588 3.9272727272727272
v 33.666818571434575 -9.020996847941047 3.9272727272727272
v 34.18473675119172 -6.799766915429961 3.9272727272727272
v 34.556270640044005 -4.549419337067826 3.9272727272727272
v 34.77982927284044 -2.2795904466647725 3.9272727272727272
v 38.782138464933865 0.0 4.581818181818181
v 38.69910292950933 2.536473213843372 4.581818181818181
v 38.45035189414627 5.062084859978613 4.581818181818181
v 38.03695054896707 7.566019881598021 4.581818181818181
v 37.4606691419983 10.037556044527923 4.581818181818181
v 36.72397539869694 12.466109851481516 4.581818181818181
v 35.83002395477109 14.841281862219066 4.581818181818181
v 34.78264284754556 17.15290122554755 4.581818181818181
v 33.58631712371836 19.39106923246693 4.581818181818181
v 32.24616963370219 21.546201703961785 4.581818181818181
v 30.76793909479248 23.609070031927207 4.581818181818181
v 29.15795551709892 25.57084069748555 4.581818181818181
v 27.42311309747038 27.42311309747038 4.581818181818181
v 25.570840697485558 29.157955517098916 4.581818181818181
v 23.60907003192721 30.767939094792478 4.581818181818181
v 21.546201703961792 32.24616963370218 4.581818181818181
v 19.391069232466936 33.58631712371836 4.581818181818181
v 17.152901225547556 34.78264284754556 4.581818181818181
v 14.841281862219068 35.83002395477109 4.581818181818181
v 12.466109851481521 36.72397539869694 4.581818181818181
v 10.037556044527932 37.4606691419983 4.581818181818181
v 7.566019881598025 38.03695054896707 4.581818181818181
v 5.062084859978619 38.45035189414627 4.581818181818181
v 2.53647321384338 38.69910292950933 4.581818181818181
v 2.3747210867585353e-15 38.782138464933865 4.581818181818181
v -2.536473213843366 38.69910292950933 4.581818181818181
v -5.062084859978606 38.45035189414628 4.581818181818181
v -7.56601988159801 38.03695054896708 4.581818181818181
v -10.037556044527918 37.4606691419983 4.581818181818181
v -12.466109851481509 36.72397539869694 4.581818181818181
v -14.841281862219056 35.83002395477109 4.581818181818181
v -17.15290122554754 34.78264284754556 4.581818181818181
v -19.391069232466926 33.58631712371836 4.581818181818181
v -21.546201703961774 32.246169633702195 4.581818181818181
v -23.6090700319272 30.767939094792485 4.581818181818181
v -25.57084069748554 29.157955517098934 4.581818181818181
v -27.423113097470377 27.42311309747038 4.581818181818181
v -29.157955517098916 25.570840697485558 4.581818181818181
v -30.767939094792474 23.60907003192722 4.581818181818181
v -32.24616963370218 21.546201703961795 4.581818181818181
v -33.58631712371835 19.391069232466947 4.581818181818181
v -34.78264284754555 17.152901225547563 4.581818181818181
v -35.83002395477109 14.84128186221907 4.581818181818181
v -36.72397539869694 12.466109851481525 4.581818181818181
v -37.4606691419983 10.037556044527934 4.581818181818181
v -38.03695054896707 7.566019881598035 4.581818181818181
v -38.45035189414627 5.06208485997863 4.581818181818181
v -38.69910292950933 2.536473213843391 4.581818181818181
v -38.782138464933865 4.7494421735170706e-15 4.581818181818181
v -38.69910292950933 -2.5364732138433643 4.581818181818181
v -38.45035189414628 -5.0620848599786035 4.581818181818181
v -38.03695054896708 -7.566019881598009 4.581818181818181
v -37.46066914199831 -10.037556044527907 4.581818181818181
v -36.72397539869695 -12.466109851481498 4.581818181818181
v -35.8300239547711 -14.841281862219045 4.581818181818181
v -34.78264284754556 -17.15290122554754 4.581818181818181
v -33.586317123718366 -19.391069232466922 4.581818181818181
v -32.246169633702195 -21.546201703961774 4.581818181818181
v -30.767939094792485 -23.6090700319272 4.581818181818181
v -29.157955517098934 -25.57084069748554 4.581818181818181
v -27.423113097470395 -27.423113097470363 4.581818181818181
v -25.57084069748556 -29.157955517098916 4.581818181818181
v -23.60907003192722 -30.767939094792467 4.581818181818181
v -21.546201703961813 -32.24616963370217 4.581818181818181
v -19.39106923246695 -33.58631712371835 4.581818181818181
v -17.152901225547552 -34.78264284754556 4.581818181818181
v -14.841281862219088 -35.830023954771086 4.581818181818181
v -12.466109851481527 -36.72397539869694 4.581818181818181
v -10.037556044527953 -37.460669141998295 4.581818181818181
v -7.566019881598038 -38.03695054896706 4.581818181818181
v -5.062084859978649 -38.45035189414627 4.581818181818181
v -2.536473213843393 -38.69910292950933 4.581818181818181
v -7.124163260275605e-15 -38.782138464933865 4.581818181818181
v 2.536473213843345 -38.69910292950934 4.581818181818181
v 5.062084859978602 -38.45035189414628 4.581818181818181
v 7.566019881597989 -38.03695054896708 4.581818181818181
v 10.037556044527905 -37.46066914199831 4.581818181818181
v 12.466109851481514 -36.72397539869694 4.581818181818181
v 14.841281862219041 -35.8300239547711 4.581818181818181
v 17.152901225547538 -34.78264284754556 4.581818181818181
v 19.391069232466908 -33.58631712371837 4.581818181818181
v 21.54620170396177 -32.246169633702195 4.581818181818181
v 23.609070031927182 -30.7679390947925 4.581818181818181
v 25.570840697485536 -29.157955517098934 4.581818181818181
v 27.423113097470374 -27.423113097470385 4.581818181818181
v 29.157955517098905 -25.570840697485572 4.581818181818181
v 30.767939094792467 -23.609070031927224 4.581818181818181
v 32.246169633702166 -21.546201703961813 4.581818181818181
v 33.58631712371835 -19.39106923246695 4.581818181818181
v 34.78264284754554 -17.152901225547584 4.581818181818181
v 35.830023954771086 -14.84128186221909 4.581818181818181
v 36.72397539869694 -12.466109851481528 4.581818181818181
v 37.460669141998295 -10.037556044527955 4.581818181818181
v 38.03695054896706 -7.56601988159804 4.581818181818181
v 38.45035189414627 -5.062084859978652 4.581818181818181
v 38.69910292950933 -2.5364732138433954 4.581818181818181
v 35.782138464933865 0.0 4.581818181818181
v 35.70552615979352 2.3402638261529423 4.581818181818181
v 35.476017310024844 4.670506283318459 4.581818181818181
v 35.09459470775738 6.980748915549636 4.581818181818181
v 34.5628916631311 9.26109890922036 4.581818181818181
v 33.883185010211626 11.50179145557203 4.581818181818181
v 33.05838535723723 13.693231565123796 4.581818181818181
v 32.0920246229475 15.826035154890544 4.581818181818181
v 30.988240912365047 17.89106923246693 4.581818181818181
v 29.751760796794553 19.879491004902977 4.581818181818181
v 28.387879073918775 21.782785744901044 4.581818181818181
v 26.90243609466199 23.592803252185345 4.581818181818181
v 25.30179275391074 25.30179275391074 4.581818181818181
v 23.592803252185348 26.902436094661986 4.581818181818181
v 21.78278574490105 28.38787907391877 4.581818181818181
v 19.879491004902984 29.75176079679455 4.581818181818181
v 17.891069232466936 30.988240912365043 4.581818181818181
v 15.826035154890551 32.09202462294749 4.581818181818181
v 13.6932315651238 33.05838535723723 4.581818181818181
v 11.501791455572036 33.883185010211626 4.581818181818181
v 9.261098909220369 34.5628916631311 4.581818181818181
v 6.98074891554964 35.09459470775738 4.581818181818181
v 4.670506283318463 35.476017310024844 4.581818181818181
v 2.34026382615295 35.70552615979352 4.581818181818181
v 2.191024066886432e-15 35.782138464933865 4.581818181818181
v -2.3402638261529374 35.70552615979352 4.581818181818181
v -4.670506283318452 35.47601731002485 4.581818181818181
v -6.9807489155496265 35.09459470775738 4.581818181818181
v -9.261098909220356 34.5628916631311 4.581818181818181
v -11.501791455572025 33.883185010211626 4.581818181818181
v -13.693231565123787 33.058385357237235 4.581818181818181
v -15.826035154890539 32.0920246229475 4.581818181818181
v -17.891069232466926 30.988240912365047 4.581818181818181
v -19.87949100490297 29.751760796794557 4.581818181818181
v -21.782785744901037 28.38787907391878 4.581818181818181
v -23.592803252185334 26.902436094662 4.581818181818181
v -25.301792753910735 25.30179275391074 4.581818181818181
v -26.902436094661986 23.592803252185348 4.581818181818181
v -28.387879073918768 21.78278574490106 4.581818181818181
v -29.751760796794546 19.879491004902988 4.581818181818181
v -30.98824091236504 17.891069232466943 4.581818181818181
v -32.09202462294749 15.826035154890558 4.581818181818181
v -33.05838535723723 13.693231565123801 4.581818181818181
v -33.883185010211626 11.50179145557204 4.581818181818181
v -34.5628916631311 9.26109890922037 4.581818181818181
v -35.09459470775738 6.98074891554965 4.581818181818181
v -35.476017310024844 4.670506283318474 4.581818181818181
v -35.70552615979352 2.3402638261529605 4.581818181818181
v -35.782138464933865 4.382048133772864e-15 4.581818181818181
v -35.70552615979352 -2.3402638261529356 4.581818181818181
v -35.47601731002485 -4.67050628331845 4.581818181818181
v -35.09459470775738 -6.980748915549625 4.581818181818181
v -34.562891663131104 -9.261098909220346 4.581818181818181
v -33.88318501021163 -11.501791455572015 4.581818181818181
v -33.05838535723724 -13.693231565123776 4.581818181818181
v -32.0920246229475 -15.826035154890537 4.581818181818181
v -30.98824091236505 -17.891069232466922 4.581818181818181
v -29.75176079679456 -19.87949100490297 4.581818181818181
v -28.38787907391878 -21.782785744901037 4.581818181818181
v -26.902436094662 -23.592803252185334 4.581818181818181
v -25.30179275391075 -25.30179275391072 4.581818181818181
v -23.592803252185355 -26.902436094661986 4.581818181818181
v -21.78278574490106 -28.387879073918764 4.581818181818181
v -19.879491004903006 -29.751760796794535 4.581818181818181
v -17.891069232466947 -30.98824091236504 4.581818181818181
v -15.826035154890548 -32.09202462294749 4.581818181818181
v -13.693231565123817 -33.05838535723722 4.581818181818181
v -11.501791455572041 -33.883185010211626 4.581818181818181
v -9.261098909220388 -34.56289166313109 4.581818181818181
v -6.980748915549651 -35.09459470775737 4.581818181818181
v -4.670506283318492 -35.476017310024844 4.581818181818181
v -2.3402638261529622 -35.70552615979352 4.581818181818181
v -6.5730722006592965e-15 -35.782138464933865 4.581818181818181
v 2.340263826152918 -35.70552615979353 4.581818181818181
v 4.670506283318448 -35.47601731002485 4.581818181818181
v 6.980748915549607 -35.09459470775739 4.581818181818181
v 9.261098909220344 -34.562891663131104 4.581818181818181
v 11.501791455572029 -33.883185010211626 4.581818181818181
v 13.693231565123774 -33.05838535723724 4.581818181818181
v 15.826035154890535 -32.0920246229475 4.581818181818181
v 17.891069232466908 -30.988240912365058 4.581818181818181
v 19.879491004902967 -29.75176079679456 4.581818181818181
v 21.782785744901023 -28.387879073918793 4.581818181818181
v 23.59280325218533 -26.902436094662 4.581818181818181
v 25.30179275391073 -25.301792753910743 4.581818181818181
v 26.902436094661972 -23.592803252185366 4.581818181818181
v 28.387879073918764 -21.782785744901062 4.581818181818181
v 29.75176079679453 -19.879491004903006 4.581818181818181
v 30.988240912365036 -17.891069232466947 4.581818181818181
v 32.09202462294748 -15.826035154890578 4.581818181818181
v 33.05838535723722 -13.693231565123819 4.581818181818181
v 33.883185010211626 -11.501791455572043 4.581818181818181
v 34.56289166313109 -9.26109890922039 4.581818181818181
v 35.09459470775737 -6.980748915549654 4.581818181818181
v 35.476017310024844 -4.6705062833184945 4.581818181818181
v 35.70552615979352 -2.3402638261529645 4.581818181818181
v 39.65136051581126 0.0 5.236363636363636
v 39.5664639092531 2.593323055966596 5.236363636363636
v 39.31213762988148 5.175541104473345 5.236363636363636
v 38.88947074186953 7.7355966914072125 5.236363636363636
v 38.30027316972073 10.262527265718065 5.236363636363636
v 37.54706794789428 12.745512122745263 5.236363636363636
v 36.6330804167842 15.173918740136251 5.236363636363636
v 35.56222441131664 17.537348307939585 5.236363636363636
v 34.3390855013078 19.825680257905628 5.236363636363636
v 32.96890135535004 22.029115601313517 5.236363636363636
v 31.457539312310864 24.13821888974522 5.236363636363636
v 29.811471256487064 26.143958619124263 5.236363636363636
v 28.037745904002666 28.037745904002666 5.236363636363636
v 26.143958619124266 29.81147125648706 5.236363636363636
v 24.13821888974523 31.457539312310857 5.236363636363636
v 22.029115601313524 32.968901355350035 5.236363636363636
v 19.825680257905635 34.33908550130779 5.236363636363636
v 17.537348307939595 35.562224411316635 5.236363636363636
v 15.173918740136253 36.6330804167842 5.236363636363636
v 12.74551212274527 37.54706794789428 5.236363636363636
v 10.262527265718074 38.300273169720725 5.236363636363636
v 7.735596691407215 38.88947074186953 5.236363636363636
v 5.17554110447335 39.31213762988148 5.236363636363636
v 2.5933230559666045 39.5664639092531 5.236363636363636
v 2.4279455868763005e-15 39.65136051581126 5.236363636363636
v -2.5933230559665907 39.5664639092531 5.236363636363636
v -5.175541104473337 39.31213762988148 5.236363636363636
v -7.735596691407201 38.88947074186953 5.236363636363636
v -10.262527265718061 38.30027316972073 5.236363636363636
v -12.745512122745257 37.54706794789428 5.236363636363636
v -15.173918740136239 36.63308041678421 5.236363636363636
v -17.53734830793958 35.56222441131664 5.236363636363636
v -19.825680257905624 34.3390855013078 5.236363636363636
v -22.029115601313507 32.96890135535004 5.236363636363636
v -24.138218889745215 31.457539312310868 5.236363636363636
v -26.14395861912425 29.811471256487078 5.236363636363636
v -28.037745904002662 28.037745904002666 5.236363636363636
v -29.81147125648706 26.143958619124266 5.236363636363636
v -31.457539312310853 24.138218889745236 5.236363636363636
v -32.968901355350035 22.029115601313528 5.236363636363636
v -34.33908550130779 19.825680257905645 5.236363636363636
v -35.56222441131663 17.537348307939602 5.236363636363636
v -36.6330804167842 15.173918740136255 5.236363636363636
v -37.54706794789428 12.745512122745271 5.236363636363636
v -38.300273169720725 10.262527265718075 5.236363636363636
v -38.88947074186953 7.735596691407227 5.236363636363636
v -39.31213762988148 5.175541104473361 5.236363636363636
v -39.5664639092531 2.593323055966616 5.236363636363636
v -39.65136051581126 4.855891173752601e-15 5.236363636363636
v -39.5664639092531 -2.5933230559665885 5.236363636363636
v -39.31213762988148 -5.175541104473334 5.236363636363636
v -38.88947074186953 -7.735596691407199 5.236363636363636
v -38.30027316972074 -10.26252726571805 5.236363636363636
v -37.547067947894284 -12.745512122745247 5.236363636363636
v -36.63308041678421 -15.173918740136228 5.236363636363636
v -35.56222441131664 -17.537348307939578 5.236363636363636
v -34.3390855013078 -19.82568025790562 5.236363636363636
v -32.96890135535005 -22.029115601313507 5.236363636363636
v -31.457539312310868 -24.138218889745215 5.236363636363636
v -29.811471256487078 -26.14395861912425 5.236363636363636
v -28.03774590400268 -28.037745904002648 5.236363636363636
v -26.143958619124273 -29.81147125648706 5.236363636363636
v -24.138218889745236 -31.45753931231085 5.236363636363636
v -22.029115601313546 -32.96890135535002 5.236363636363636
v -19.82568025790565 -34.33908550130779 5.236363636363636
v -17.537348307939588 -35.562224411316635 5.236363636363636
v -15.173918740136273 -36.633080416784196 5.236363636363636
v -12.745512122745275 -37.54706794789428 5.236363636363636
v -10.262527265718097 -38.300273169720725 5.236363636363636
v -7.7355966914072285 -38.88947074186952 5.236363636363636
v -5.17554110447338 -39.31213762988147 5.236363636363636
v -2.5933230559666183 -39.5664639092531 5.236363636363636
v -7.2838367606289e-15 -39.65136051581126 5.236363636363636
v 2.5933230559665685 -39.56646390925311 5.236363636363636
v 5.175541104473332 -39.31213762988148 5.236363636363636
v 7.73559669140718 -38.88947074186954 5.236363636363636
v 10.262527265718047 -38.30027316972074 5.236363636363636
v 12.74551212274526 -37.54706794789428 5.236363636363636
v 15.173918740136227 -36.63308041678421 5.236363636363636
v 17.537348307939578 -35.56222441131664 5.236363636363636
v 19.825680257905606 -34.339085501307814 5.236363636363636
v 22.029115601313503 -32.96890135535005 5.236363636363636
v 24.138218889745197 -31.45753931231088 5.236363636363636
v 26.143958619124245 -29.811471256487078 5.236363636363636
v 28.03774590400266 -28.03774590400267 5.236363636363636
v 29.811471256487046 -26.143958619124284 5.236363636363636
v 31.45753931231085 -24.13821888974524 5.236363636363636
v 32.96890135535002 -22.029115601313546 5.236363636363636
v 34.339085501307785 -19.82568025790565 5.236363636363636
v 35.56222441131662 -17.537348307939624 5.236363636363636
v 36.633080416784196 -15.173918740136275 5.236363636363636
v 37.54706794789428 -12.745512122745277 5.236363636363636
v 38.300273169720725 -10.262527265718099 5.236363636363636
v 38.88947074186952 -7.735596691407231 5.236363636363636
v 39.31213762988147 -5.175541104473384 5.236363636363636
v 39.5664639092531 -2.59332305596662 5.236363636363636
v 36.65136051581126 0.0 5.236363636363636
v 36.57288713953729 2.397113668276167 5.236363636363636
v 36.33780304576005 4.783962527813189 5.236363636363636
v 35.94711490065984 7.150325725358828 5.236363636363636
v 35.40249569085353 9.486070130410504 5.236363636363636
v 34.70627755940896 11.78119372683578 5.236363636363636
v 33.861441819250345 14.02586844304098 5.236363636363636
v 32.87160618671857 16.21048223728258 5.236363636363636
v 31.741009289954484 18.325680257905628 5.236363636363636
v 30.474492518442403 20.36240490225471 5.236363636363636
v 29.077479291437157 22.31193460271906 5.236363636363636
v 27.555951834050134 24.165921173824056 5.236363636363636
v 25.916425560443024 25.916425560443024 5.236363636363636
v 24.16592117382406 27.555951834050127 5.236363636363636
v 22.311934602719067 29.077479291437154 5.236363636363636
v 20.362404902254717 30.4744925184424 5.236363636363636
v 18.325680257905635 31.74100928995448 5.236363636363636
v 16.21048223728259 32.87160618671857 5.236363636363636
v 14.025868443040983 33.861441819250345 5.236363636363636
v 11.781193726835784 34.70627755940896 5.236363636363636
v 9.48607013041051 35.40249569085352 5.236363636363636
v 7.15032572535883 35.94711490065984 5.236363636363636
v 4.783962527813195 36.33780304576005 5.236363636363636
v 2.3971136682761744 36.57288713953729 5.236363636363636
v 2.2442485670041974e-15 36.65136051581126 5.236363636363636
v -2.3971136682761616 36.57288713953729 5.236363636363636
v -4.783962527813182 36.33780304576005 5.236363636363636
v -7.150325725358817 35.94711490065984 5.236363636363636
v -9.486070130410498 35.40249569085353 5.236363636363636
v -11.781193726835772 34.70627755940896 5.236363636363636
v -14.025868443040972 33.861441819250345 5.236363636363636
v -16.210482237282577 32.87160618671857 5.236363636363636
v -18.325680257905624 31.741009289954484 5.236363636363636
v -20.362404902254703 30.47449251844241 5.236363636363636
v -22.311934602719052 29.07747929143716 5.236363636363636
v -24.165921173824046 27.555951834050145 5.236363636363636
v -25.91642556044302 25.916425560443024 5.236363636363636
v -27.555951834050127 24.16592117382406 5.236363636363636
v -29.07747929143715 22.311934602719074 5.236363636363636
v -30.474492518442396 20.36240490225472 5.236363636363636
v -31.741009289954473 18.325680257905642 5.236363636363636
v -32.871606186718566 16.210482237282598 5.236363636363636
v -33.861441819250345 14.025868443040986 5.236363636363636
v -34.70627755940896 11.781193726835786 5.236363636363636
v -35.40249569085352 9.486070130410512 5.236363636363636
v -35.94711490065984 7.150325725358841 5.236363636363636
v -36.33780304576005 4.7839625278132045 5.236363636363636
v -36.57288713953729 2.397113668276185 5.236363636363636
v -36.65136051581126 4.488497134008395e-15 5.236363636363636
v -36.57288713953729 -2.39711366827616 5.236363636363636
v -36.33780304576005 -4.7839625278131805 5.236363636363636
v -35.94711490065984 -7.150325725358815 5.236363636363636
v -35.40249569085353 -9.48607013041049 5.236363636363636
v -34.70627755940897 -11.781193726835763 5.236363636363636
v -33.86144181925035 -14.025868443040961 5.236363636363636
v -32.87160618671857 -16.210482237282577 5.236363636363636
v -31.741009289954487 -18.32568025790562 5.236363636363636
v -30.474492518442414 -20.362404902254703 5.236363636363636
v -29.07747929143716 -22.311934602719052 5.236363636363636
v -27.555951834050145 -24.165921173824046 5.236363636363636
v -25.916425560443034 -25.916425560443006 5.236363636363636
v -24.165921173824064 -27.555951834050127 5.236363636363636
v -22.311934602719074 -29.077479291437143 5.236363636363636
v -20.362404902254738 -30.47449251844239 5.236363636363636
v -18.32568025790565 -31.741009289954473 5.236363636363636
v -16.210482237282584 -32.87160618671857 5.236363636363636
v -14.025868443041002 -33.86144181925033 5.236363636363636
v -11.78119372683579 -34.70627755940896 5.236363636363636
v -9.486070130410532 -35.40249569085352 5.236363636363636
v -7.150325725358843 -35.947114900659834 5.236363636363636
v -4.783962527813223 -36.33780304576004 5.236363636363636
v -2.3971136682761873 -36.57288713953729 5.236363636363636
v -6.732745701012592e-15 -36.65136051581126 5.236363636363636
v 2.3971136682761416 -36.5728871395373 5.236363636363636
v 4.783962527813178 -36.33780304576005 5.236363636363636
v 7.150325725358797 -35.94711490065985 5.236363636363636
v 9.486070130410488 -35.40249569085353 5.236363636363636
v 11.781193726835777 -34.70627755940896 5.236363636363636
v 14.02586844304096 -33.86144181925035 5.236363636363636
v 16.210482237282573 -32.87160618671857 5.236363636363636
v 18.325680257905606 -31.741009289954494 5.236363636363636
v 20.3624049022547 -30.474492518442414 5.236363636363636
v 22.311934602719038 -29.07747929143717 5.236363636363636
v 24.16592117382404 -27.555951834050145 5.236363636363636
v 25.916425560443017 -25.916425560443027 5.236363636363636
v 27.555951834050116 -24.165921173824078 5.236363636363636
v 29.077479291437143 -22.311934602719077 5.236363636363636
v 30.474492518442386 -20.362404902254738 5.236363636363636
v 31.74100928995447 -18.32568025790565 5.236363636363636
v 32.87160618671855 -16.210482237282616 5.236363636363636
v 33.86144181925033 -14.025868443041004 5.236363636363636
v 34.70627755940896 -11.781193726835792 5.236363636363636
v 35.40249569085352 -9.486070130410534 5.236363636363636
v 35.947114900659834 -7.150325725358845 5.236363636363636
v 36.33780304576004 -4.783962527813226 5.236363636363636
v 36.57288713953729 -2.397113668276189 5.236363636363636
v 40.46971711528484 0.0 5.890909090909091
v 40.38306834442901 2.6468461383983066 5.890909090909091
v 40.1234930752009 5.282358075280779 5.890909090909091
v 39.692102848754054 7.895250143922536 5.890909090909091
v 39.090744944266355 10.474333539347162 5.890909090909091
v 38.32199446860697 13.008564230507362 5.890909090909091
v 37.38914332933337 15.487090252521421 5.890909090909091
v 36.29618613823787 17.899298176452827 5.890909090909091
v 35.04780310580656 20.234858557642415 5.890909090909091
v 33.64933999983956 22.48377016797618 5.890909090909091
v 32.106785254052596 24.63640282267947 5.890909090909091
v 30.426744324684428 26.683538618246686 5.890909090909091
v 28.616411404919194 28.616411404919194 5.890909090909091
v 26.683538618246693 30.426744324684424 5.890909090909091
v 24.63640282267948 32.106785254052596 5.890909090909091
v 22.48377016797619 33.64933999983956 5.890909090909091
v 20.234858557642422 35.04780310580656 5.890909090909091
v 17.899298176452838 36.296186138237864 5.890909090909091
v 15.487090252521423 37.38914332933337 5.890909090909091
v 13.00856423050737 38.32199446860696 5.890909090909091
v 10.474333539347171 39.090744944266355 5.890909090909091
v 7.895250143922539 39.692102848754054 5.890909090909091
v 5.2823580752807855 40.1234930752009 5.890909090909091
v 2.646846138398315 40.38306834442901 5.890909090909091
v 2.4780554763816215e-15 40.46971711528484 5.890909090909091
v -2.646846138398301 40.38306834442901 5.890909090909091
v -5.282358075280772 40.1234930752009 5.890909090909091
v -7.895250143922524 39.692102848754054 5.890909090909091
v -10.474333539347157 39.090744944266355 5.890909090909091
v -13.008564230507355 38.32199446860697 5.890909090909091
v -15.48709025252141 37.38914332933338 5.890909090909091
v -17.899298176452824 36.29618613823787 5.890909090909091
v -20.234858557642408 35.04780310580656 5.890909090909091
v -22.48377016797617 33.64933999983957 5.890909090909091
v -24.636402822679464 32.1067852540526 5.890909090909091
v -26.683538618246676 30.426744324684442 5.890909090909091
v -28.61641140491919 28.616411404919194 5.890909090909091
v -30.426744324684424 26.683538618246693 5.890909090909091
v -32.10678525405259 24.636402822679486 5.890909090909091
v -33.649339999839555 22.483770167976193 5.890909090909091
v -35.04780310580655 20.234858557642433 5.890909090909091
v -36.296186138237864 17.899298176452845 5.890909090909091
v -37.38914332933337 15.487090252521426 5.890909090909091
v -38.32199446860696 13.008564230507371 5.890909090909091
v -39.090744944266355 10.474333539347173 5.890909090909091
v -39.692102848754054 7.89525014392255 5.890909090909091
v -40.1234930752009 5.282358075280796 5.890909090909091
v -40.38306834442901 2.646846138398327 5.890909090909091
v -40.46971711528484 4.956110952763243e-15 5.890909090909091
v -40.38306834442901 -2.6468461383982986 5.890909090909091
v -40.1234930752009 -5.2823580752807695 5.890909090909091
v -39.692102848754054 -7.895250143922522 5.890909090909091
v -39.09074494426636 -10.474333539347146 5.890909090909091
v -38.32199446860697 -13.008564230507345 5.890909090909091
v -37.389143329333386 -15.4870902525214 5.890909090909091
v -36.29618613823787 -17.89929817645282 5.890909090909091
v -35.047803105806565 -20.234858557642408 5.890909090909091
v -33.64933999983957 -22.48377016797617 5.890909090909091
v -32.1067852540526 -24.636402822679464 5.890909090909091
v -30.426744324684442 -26.683538618246676 5.890909090909091
v -28.61641140491921 -28.616411404919177 5.890909090909091
v -26.683538618246697 -30.426744324684424 5.890909090909091
v -24.636402822679486 -32.10678525405259 5.890909090909091
v -22.48377016797621 -33.64933999983955 5.890909090909091
v -20.234858557642436 -35.04780310580655 5.890909090909091
v -17.89929817645283 -36.296186138237864 5.890909090909091
v -15.487090252521444 -37.389143329333365 5.890909090909091
v -13.008564230507375 -38.32199446860696 5.890909090909091
v -10.474333539347192 -39.09074494426635 5.890909090909091
v -7.895250143922553 -39.69210284875405 5.890909090909091
v -5.282358075280817 -40.12349307520089 5.890909090909091
v -2.6468461383983293 -40.38306834442901 5.890909090909091
v -7.434166429144864e-15 -40.46971711528484 5.890909090909091
v 2.6468461383982786 -40.38306834442901 5.890909090909091
v 5.282358075280768 -40.1234930752009 5.890909090909091
v 7.895250143922502 -39.69210284875406 5.890909090909091
v 10.474333539347144 -39.09074494426636 5.890909090909091
v 13.00856423050736 -38.32199446860697 5.890909090909091
v 15.487090252521396 -37.389143329333386 5.890909090909091
v 17.89929817645282 -36.29618613823787 5.890909090909091
v 20.23485855764239 -35.04780310580657 5.890909090909091
v 22.483770167976164 -33.64933999983957 5.890909090909091
v 24.636402822679447 -32.10678525405262 5.890909090909091
v 26.68353861824667 -30.426744324684442 5.890909090909091
v 28.616411404919184 -28.616411404919198 5.890909090909091
v 30.42674432468441 -26.68353861824671 5.890909090909091
v 32.10678525405259 -24.63640282267949 5.890909090909091
v 33.64933999983954 -22.48377016797621 5.890909090909091
v 35.047803105806544 -20.234858557642436 5.890909090909091
v 36.29618613823785 -17.899298176452866 5.890909090909091
v 37.389143329333365 -15.487090252521446 5.890909090909091
v 38.32199446860696 -13.008564230507377 5.890909090909091
v 39.09074494426635 -10.474333539347196 5.890909090909091
v 39.69210284875405 -7.895250143922555 5.890909090909091
v 40.12349307520089 -5.28235807528082 5.890909090909091
v 40.38306834442901 -2.6468461383983315 5.890909090909091
v 37.46971711528484 0.0 5.890909090909091
v 37.3894915747132 2.4506367507078775 5.890909090909091
v 37.14915849107947 4.890779498620625 5.890909090909091
v 36.749747007544364 7.309979177874151 5.890909090909091
v 36.19296746539915 9.697876404039599 5.890909090909091
v 35.48120408012165 12.044245834597879 5.890909090909091
v 34.617504731799514 14.339039955426152 5.890909090909091
v 33.60556791363981 16.572432105795823 5.890909090909091
v 32.44972689445324 18.734858557642415 5.890909090909091
v 31.154931162931927 20.81705946891737 5.890909090909091
v 29.726725233178893 22.810118535653313 5.890909090909091
v 28.171224902247495 24.70550117294648 5.890909090909091
v 26.495091061359552 26.495091061359552 5.890909090909091
v 24.705501172946484 28.17122490224749 5.890909090909091
v 22.810118535653316 29.72672523317889 5.890909090909091
v 20.817059468917382 31.154931162931923 5.890909090909091
v 18.734858557642422 32.44972689445324 5.890909090909091
v 16.572432105795833 33.6055679136398 5.890909090909091
v 14.339039955426154 34.617504731799514 5.890909090909091
v 12.044245834597884 35.48120408012164 5.890909090909091
v 9.697876404039608 36.19296746539915 5.890909090909091
v 7.309979177874154 36.749747007544364 5.890909090909091
v 4.89077949862063 37.14915849107947 5.890909090909091
v 2.4506367507078854 37.3894915747132 5.890909090909091
v 2.294358456509519e-15 37.46971711528484 5.890909090909091
v -2.450636750707872 37.3894915747132 5.890909090909091
v -4.890779498620618 37.14915849107947 5.890909090909091
v -7.3099791778741405 36.749747007544364 5.890909090909091
v -9.697876404039595 36.19296746539915 5.890909090909091
v -12.044245834597872 35.48120408012165 5.890909090909091
v -14.339039955426141 34.61750473179952 5.890909090909091
v -16.57243210579582 33.60556791363981 5.890909090909091
v -18.73485855764241 32.44972689445324 5.890909090909091
v -20.817059468917364 31.15493116293193 5.890909090909091
v -22.810118535653302 29.726725233178897 5.890909090909091
v -24.70550117294647 28.17122490224751 5.890909090909091
v -26.49509106135955 26.495091061359552 5.890909090909091
v -28.17122490224749 24.705501172946484 5.890909090909091
v -29.726725233178886 22.810118535653324 5.890909090909091
v -31.15493116293192 20.817059468917385 5.890909090909091
v -32.449726894453235 18.734858557642433 5.890909090909091
v -33.605567913639796 16.57243210579584 5.890909090909091
v -34.617504731799514 14.339039955426156 5.890909090909091
v -35.48120408012164 12.044245834597886 5.890909090909091
v -36.19296746539915 9.69787640403961 5.890909090909091
v -36.749747007544364 7.3099791778741645 5.890909090909091
v -37.14915849107947 4.890779498620641 5.890909090909091
v -37.3894915747132 2.450636750707896 5.890909090909091
v -37.46971711528484 4.588716913019038e-15 5.890909090909091
v -37.3894915747132 -2.4506367507078703 5.890909090909091
v -37.14915849107947 -4.890779498620615 5.890909090909091
v -36.749747007544364 -7.309979177874139 5.890909090909091
v -36.19296746539916 -9.697876404039585 5.890909090909091
v -35.48120408012165 -12.044245834597861 5.890909090909091
v -34.61750473179952 -14.33903995542613 5.890909090909091
v -33.60556791363981 -16.57243210579582 5.890909090909091
v -32.44972689445325 -18.734858557642408 5.890909090909091
v -31.154931162931934 -20.817059468917364 5.890909090909091
v -29.726725233178897 -22.810118535653302 5.890909090909091
v -28.17122490224751 -24.70550117294647 5.890909090909091
v -26.495091061359563 -26.495091061359535 5.890909090909091
v -24.70550117294649 -28.17122490224749 5.890909090909091
v -22.810118535653324 -29.726725233178882 5.890909090909091
v -20.817059468917403 -31.15493116293191 5.890909090909091
v -18.734858557642436 -32.449726894453235 5.890909090909091
v -16.57243210579583 -33.6055679136398 5.890909090909091
v -14.339039955426173 -34.61750473179951 5.890909090909091
v -12.044245834597888 -35.48120408012164 5.890909090909091
v -9.69787640403963 -36.19296746539914 5.890909090909091
v -7.309979177874166 -36.74974700754436 5.890909090909091
v -4.89077949862066 -37.14915849107946 5.890909090909091
v -2.4506367507078983 -37.3894915747132 5.890909090909091
v -6.883075369528555e-15 -37.46971711528484 5.890909090909091
v 2.4506367507078517 -37.389491574713205 5.890909090909091
v 4.8907794986206135 -37.14915849107947 5.890909090909091
v 7.309979177874119 -36.74974700754437 5.890909090909091
v 9.697876404039583 -36.19296746539916 5.890909090909091
v 12.044245834597875 -35.48120408012165 5.890909090909091
v 14.339039955426129 -34.61750473179952 5.890909090909091
v 16.572432105795816 -33.60556791363981 5.890909090909091
v 18.734858557642394 -32.449726894453256 5.890909090909091
v 20.81705946891736 -31.154931162931934 5.890909090909091
v 22.810118535653288 -29.72672523317891 5.890909090909091
v 24.705501172946466 -28.17122490224751 5.890909090909091
v 26.495091061359542 -26.495091061359556 5.890909090909091
v 28.17122490224748 -24.7055011729465 5.890909090909091
v 29.726725233178882 -22.810118535653327 5.890909090909091
v 31.154931162931906 -20.817059468917403 5.890909090909091
v 32.449726894453235 -18.734858557642436 5.890909090909091
v 33.60556791363979 -16.57243210579586 5.890909090909091
v 34.61750473179951 -14.339039955426175 5.890909090909091
v 35.48120408012164 -12.044245834597891 5.890909090909091
v 36.19296746539914 -9.697876404039631 5.890909090909091
v 36.74974700754436 -7.309979177874169 5.890909090909091
v 37.14915849107946 -4.890779498620662 5.890909090909091
v 37.3894915747132 -2.4506367507079005 5.890909090909091
v 41.24241579865001 0.0 6.545454545454546
v 41.15411262059967 2.6973830502424003 6.545454545454546
v 40.88958121421361 5.383215492153883 6.545454545454546
v 40.44995434358557 8.045996178881685 6.545454545454546
v 39.837114558468336 10.67432267472771 6.545454545454546
v 39.05368613290664 13.25694008212872 6.545454545454546
v 38.10302382769287 15.78278923685559 6.545454545454546
v 36.989198524766294 18.241054065052356 6.545454545454546
v 35.71697979507159 20.621207899325 6.545454545454546
v 34.29181547452389 22.913058555547305 6.545454545454546
v 32.719808335539 25.10679197735801 6.545454545454546
v 31.007689954024958 27.193014261456845 6.545454545454546
v 29.162791883740624 29.162791883740624 6.545454545454546
v 27.193014261456852 31.007689954024954 6.545454545454546
v 25.106791977358014 32.71980833553899 6.545454545454546
v 22.913058555547316 34.29181547452389 6.545454545454546
v 20.621207899325007 35.71697979507158 6.545454545454546
v 18.241054065052364 36.98919852476629 6.545454545454546
v 15.782789236855592 38.10302382769287 6.545454545454546
v 13.256940082128727 39.05368613290664 6.545454545454546
v 10.67432267472772 39.83711455846833 6.545454545454546
v 8.045996178881689 40.44995434358557 6.545454545454546
v 5.383215492153888 40.88958121421361 6.545454545454546
v 2.6973830502424088 41.15411262059967 6.545454545454546
v 2.525369624846048e-15 41.24241579865001 6.545454545454546
v -2.6973830502423946 41.15411262059967 6.545454545454546
v -5.383215492153875 40.88958121421361 6.545454545454546
v -8.045996178881675 40.449954343585574 6.545454545454546
v -10.674322674727705 39.837114558468336 6.545454545454546
v -13.256940082128713 39.05368613290664 6.545454545454546
v -15.78278923685558 38.10302382769288 6.545454545454546
v -18.241054065052353 36.989198524766294 6.545454545454546
v -20.621207899324993 35.71697979507159 6.545454545454546
v -22.9130585555473 34.291815474523894 6.545454545454546
v -25.106791977358004 32.719808335539 6.545454545454546
v -27.19301426145683 31.007689954024972 6.545454545454546
v -29.16279188374062 29.162791883740624 6.545454545454546
v -31.007689954024954 27.193014261456852 6.545454545454546
v -32.719808335538985 25.106791977358025 6.545454545454546
v -34.29181547452388 22.91305855554732 6.545454545454546
v -35.71697979507158 20.621207899325018 6.545454545454546
v -36.98919852476628 18.241054065052374 6.545454545454546
v -38.10302382769287 15.782789236855596 6.545454545454546
v -39.05368613290664 13.256940082128729 6.545454545454546
v -39.83711455846833 10.674322674727721 6.545454545454546
v -40.44995434358557 8.0459961788817 6.545454545454546
v -40.88958121421361 5.3832154921539 6.545454545454546
v -41.15411262059967 2.6973830502424208 6.545454545454546
v -41.24241579865001 5.050739249692096e-15 6.545454545454546
v -41.15411262059967 -2.6973830502423923 6.545454545454546
v -40.88958121421361 -5.383215492153872 6.545454545454546
v -40.449954343585574 -8.045996178881671 6.545454545454546
v -39.837114558468336 -10.674322674727694 6.545454545454546
v -39.05368613290665 -13.256940082128702 6.545454545454546
v -38.10302382769289 -15.782789236855567 6.545454545454546
v -36.989198524766294 -18.24105406505235 6.545454545454546
v -35.716979795071595 -20.621207899324993 6.545454545454546
v -34.2918154745239 -22.9130585555473 6.545454545454546
v -32.719808335539 -25.106791977358004 6.545454545454546
v -31.007689954024972 -27.19301426145683 6.545454545454546
v -29.16279188374064 -29.162791883740606 6.545454545454546
v -27.193014261456856 -31.007689954024954 6.545454545454546
v -25.106791977358025 -32.719808335538985 6.545454545454546
v -22.913058555547337 -34.29181547452387 6.545454545454546
v -20.62120789932502 -35.71697979507158 6.545454545454546
v -18.24105406505236 -36.98919852476629 6.545454545454546
v -15.782789236855614 -38.103023827692866 6.545454545454546
v -13.256940082128732 -39.05368613290664 6.545454545454546
v -10.674322674727742 -39.83711455846832 6.545454545454546
v -8.045996178881703 -40.44995434358557 6.545454545454546
v -5.38321549215392 -40.8895812142136 6.545454545454546
v -2.6973830502424234 -41.15411262059967 6.545454545454546
v -7.576108874538144e-15 -41.24241579865001 6.545454545454546
v 2.697383050242372 -41.15411262059967 6.545454545454546
v 5.38321549215387 -40.88958121421361 6.545454545454546
v 8.045996178881651 -40.449954343585574 6.545454545454546
v 10.674322674727692 -39.837114558468336 6.545454545454546
v 13.256940082128718 -39.05368613290664 6.545454545454546
v 15.782789236855566 -38.10302382769289 6.545454545454546
v 18.241054065052346 -36.989198524766294 6.545454545454546
v 20.621207899324975 -35.7169797950716 6.545454545454546
v 22.913058555547295 -34.2918154745239 6.545454545454546
v 25.106791977357982 -32.719808335539014 6.545454545454546
v 27.193014261456828 -31.007689954024972 6.545454545454546
v 29.162791883740613 -29.162791883740628 6.545454545454546
v 31.00768995402494 -27.19301426145687 6.545454545454546
v 32.719808335538985 -25.10679197735803 6.545454545454546
v 34.291815474523865 -22.913058555547337 6.545454545454546
v 35.71697979507157 -20.62120789932502 6.545454545454546
v 36.989198524766266 -18.241054065052396 6.545454545454546
v 38.103023827692866 -15.782789236855615 6.545454545454546
v 39.05368613290664 -13.256940082128734 6.545454545454546
v 39.83711455846832 -10.674322674727744 6.545454545454546
v 40.44995434358557 -8.045996178881705 6.545454545454546
v 40.8895812142136 -5.383215492153924 6.545454545454546
v 41.15411262059967 -2.6973830502424256 6.545454545454546
v 38.24241579865001 0.0 6.545454545454546
v 38.16053585088385 2.501173662551971 6.545454545454546
v 37.91524663009217 4.991636915493728 6.545454545454546
v 37.50759850237588 7.4607252128333 6.545454545454546
v 36.93933707960113 9.897865539420149 6.545454545454546
v 36.212895744421324 12.292621686219235 6.545454545454546
v 35.331385230159015 14.634738939760322 6.545454545454546
v 34.298580300168226 16.914187994395352 6.545454545454546
v 33.11890358371827 19.121207899325 6.545454545454546
v 31.797406637616252 21.2463478564885 6.545454545454546
v 30.339748314665293 23.28050769033185 6.545454545454546
v 28.752170531588025 25.21497681615664 6.545454545454546
v 27.041471540180982 27.041471540180982 6.545454545454546
v 25.214976816156643 28.75217053158802 6.545454545454546
v 23.280507690331852 30.339748314665286 6.545454545454546
v 21.24634785648851 31.79740663761625 6.545454545454546
v 19.121207899325007 33.118903583718264 6.545454545454546
v 16.914187994395363 34.298580300168226 6.545454545454546
v 14.634738939760323 35.331385230159015 6.545454545454546
v 12.292621686219242 36.212895744421324 6.545454545454546
v 9.897865539420156 36.939337079601124 6.545454545454546
v 7.460725212833304 37.50759850237588 6.545454545454546
v 4.991636915493733 37.91524663009217 6.545454545454546
v 2.501173662551979 38.16053585088385 6.545454545454546
v 2.341672604973945e-15 38.24241579865001 6.545454545454546
v -2.501173662551966 38.16053585088385 6.545454545454546
v -4.991636915493721 37.91524663009218 6.545454545454546
v -7.46072521283329 37.507598502375885 6.545454545454546
v -9.897865539420144 36.93933707960113 6.545454545454546
v -12.29262168621923 36.212895744421324 6.545454545454546
v -14.634738939760311 35.33138523015902 6.545454545454546
v -16.91418799439535 34.298580300168226 6.545454545454546
v -19.121207899324997 33.11890358371827 6.545454545454546
v -21.24634785648849 31.797406637616255 6.545454545454546
v -23.28050769033184 30.339748314665297 6.545454545454546
v -25.21497681615663 28.75217053158804 6.545454545454546
v -27.041471540180975 27.041471540180982 6.545454545454546
v -28.75217053158802 25.214976816156643 6.545454545454546
v -30.339748314665282 23.280507690331863 6.545454545454546
v -31.797406637616245 21.246347856488512 6.545454545454546
v -33.118903583718264 19.121207899325018 6.545454545454546
v -34.29858030016822 16.91418799439537 6.545454545454546
v -35.331385230159015 14.634738939760325 6.545454545454546
v -36.212895744421324 12.292621686219244 6.545454545454546
v -36.939337079601124 9.897865539420158 6.545454545454546
v -37.50759850237588 7.460725212833315 6.545454545454546
v -37.91524663009217 4.991636915493744 6.545454545454546
v -38.16053585088385 2.5011736625519903 6.545454545454546
v -38.24241579865001 4.68334520994789e-15 6.545454545454546
v -38.16053585088385 -2.5011736625519636 6.545454545454546
v -37.91524663009218 -4.991636915493719 6.545454545454546
v -37.507598502375885 -7.460725212833288 6.545454545454546
v -36.93933707960113 -9.897865539420133 6.545454545454546
v -36.21289574442133 -12.292621686219219 6.545454545454546
v -35.33138523015902 -14.6347389397603 6.545454545454546
v -34.298580300168226 -16.914187994395345 6.545454545454546
v -33.11890358371828 -19.121207899324993 6.545454545454546
v -31.797406637616263 -21.24634785648849 6.545454545454546
v -30.339748314665297 -23.28050769033184 6.545454545454546
v -28.75217053158804 -25.21497681615663 6.545454545454546
v -27.041471540180993 -27.041471540180964 6.545454545454546
v -25.214976816156646 -28.75217053158802 6.545454545454546
v -23.280507690331863 -30.33974831466528 6.545454545454546
v -21.24634785648853 -31.797406637616234 6.545454545454546
v -19.12120789932502 -33.118903583718264 6.545454545454546
v -16.914187994395355 -34.298580300168226 6.545454545454546
v -14.634738939760343 -35.33138523015901 6.545454545454546
v -12.292621686219245 -36.212895744421324 6.545454545454546
v -9.897865539420177 -36.939337079601124 6.545454545454546
v -7.460725212833316 -37.50759850237587 6.545454545454546
v -4.991636915493763 -37.91524663009217 6.545454545454546
v -2.5011736625519925 -38.16053585088385 6.545454545454546
v -7.025017814921835e-15 -38.24241579865001 6.545454545454546
v 2.5011736625519445 -38.16053585088386 6.545454545454546
v 4.991636915493716 -37.91524663009218 6.545454545454546
v 7.460725212833268 -37.507598502375885 6.545454545454546
v 9.897865539420131 -36.93933707960113 6.545454545454546
v 12.292621686219233 -36.212895744421324 6.545454545454546
v 14.634738939760298 -35.33138523015902 6.545454545454546
v 16.914187994395345 -34.298580300168226 6.545454545454546
v 19.12120789932498 -33.118903583718286 6.545454545454546
v 21.246347856488487 -31.797406637616263 6.545454545454546
v 23.280507690331824 -30.339748314665307 6.545454545454546
v 25.21497681615662 -28.75217053158804 6.545454545454546
v 27.04147154018097 -27.041471540180986 6.545454545454546
v 28.752170531588007 -25.21497681615666 6.545454545454546
v 30.33974831466528 -23.280507690331866 6.545454545454546
v 31.79740663761623 -21.24634785648853 6.545454545454546
v 33.11890358371826 -19.12120789932502 6.545454545454546
v 34.298580300168204 -16.914187994395387 6.545454545454546
v 35.33138523015901 -14.634738939760345 6.545454545454546
v 36.212895744421324 -12.292621686219249 6.545454545454546
v 36.939337079601124 -9.897865539420179 6.545454545454546
v 37.50759850237587 -7.460725212833318 6.545454545454546
v 37.91524663009217 -4.991636915493766 6.545454545454546
v 38.16053585088385 -2.5011736625519947 6.545454545454546
v 41.973163180617604 0.0 7.2
v 41.88329541632928 2.7451762156998156 7.2
v 41.61407695102774 5.478597165396884 7.2
v 41.166660619512584 8.188557920942186 7.2
v 40.54296232720396 10.86345401433973 7.2
v 39.74565284594143 13.491831129860069 7.2
v 38.778146377328945 16.062434153178753 7.2
v 37.644585932599405 18.56425536750377 7.2
v 36.3498255916045 20.9865815903088 7.2
v 34.899409716899584 23.31904004882551 7.2
v 33.29954921193207 25.551642797848988 7.2
v 31.55709492499924 27.674829489652513 7.2
v 29.67950831286423 29.67950831286423 7.2
v 27.674829489652517 31.557094924999237 7.2
v 25.55164279784899 33.29954921193206 7.2
v 23.319040048825517 34.899409716899584 7.2
v 20.986581590308806 36.34982559160449 7.2
v 18.56425536750378 37.6445859325994 7.2
v 16.062434153178756 38.778146377328945 7.2
v 13.491831129860076 39.74565284594143 7.2
v 10.86345401433974 40.54296232720395 7.2
v 8.18855792094219 41.166660619512584 7.2
v 5.478597165396891 41.61407695102774 7.2
v 2.7451762156998245 41.88329541632928 7.2
v 2.5701149969616444e-15 41.973163180617604 7.2
v -2.74517621569981 41.88329541632928 7.2
v -5.478597165396876 41.61407695102775 7.2
v -8.188557920942175 41.16666061951259 7.2
v -10.863454014339727 40.54296232720396 7.2
v -13.491831129860062 39.74565284594143 7.2
v -16.062434153178742 38.77814637732895 7.2
v -18.564255367503765 37.644585932599405 7.2
v -20.98658159030879 36.3498255916045 7.2
v -23.3190400488255 34.89940971689959 7.2
v -25.551642797848977 33.29954921193207 7.2
v -27.6748294896525 31.557094924999255 7.2
v -29.679508312864222 29.67950831286423 7.2
v -31.557094924999237 27.674829489652517 7.2
v -33.29954921193205 25.551642797849002 7.2
v -34.89940971689958 23.319040048825524 7.2
v -36.349825591604485 20.986581590308816 7.2
v -37.6445859325994 18.564255367503787 7.2
v -38.778146377328945 16.062434153178756 7.2
v -39.74565284594143 13.49183112986008 7.2
v -40.54296232720395 10.863454014339743 7.2
v -41.166660619512584 8.188557920942202 7.2
v -41.61407695102774 5.478597165396902 7.2
v -41.88329541632928 2.7451762156998365 7.2
v -41.973163180617604 5.140229993923289e-15 7.2
v -41.88329541632928 -2.7451762156998076 7.2
v -41.61407695102775 -5.478597165396875 7.2
v -41.16666061951259 -8.188557920942172 7.2
v -40.54296232720396 -10.863454014339714 7.2
v -39.745652845941436 -13.491831129860051 7.2
v -38.77814637732895 -16.06243415317873 7.2
v -37.644585932599405 -18.564255367503762 7.2
v -36.3498255916045 -20.98658159030879 7.2
v -34.8994097168996 -23.3190400488255 7.2
v -33.29954921193207 -25.551642797848977 7.2
v -31.557094924999255 -27.6748294896525 7.2
v -29.67950831286424 -29.679508312864208 7.2
v -27.67482948965252 -31.557094924999237 7.2
v -25.551642797849002 -33.29954921193205 7.2
v -23.319040048825542 -34.89940971689957 7.2
v -20.98658159030882 -36.349825591604485 7.2
v -18.564255367503772 -37.6445859325994 7.2
v -16.062434153178778 -38.77814637732894 7.2
v -13.491831129860081 -39.74565284594143 7.2
v -10.863454014339764 -40.542962327203945 7.2
v -8.188557920942204 -41.16666061951258 7.2
v -5.478597165396923 -41.61407695102774 7.2
v -2.745176215699839 -41.88329541632928 7.2
v -7.710344990884932e-15 -41.973163180617604 7.2
v 2.7451762156997868 -41.88329541632928 7.2
v 5.478597165396872 -41.61407695102775 7.2
v 8.18855792094215 -41.16666061951259 7.2
v 10.863454014339712 -40.54296232720396 7.2
v 13.491831129860067 -39.74565284594143 7.2
v 16.062434153178728 -38.77814637732895 7.2
v 18.56425536750376 -37.644585932599405 7.2
v 20.986581590308774 -36.34982559160451 7.2
v 23.319040048825496 -34.8994097168996 7.2
v 25.55164279784896 -33.29954921193208 7.2
v 27.674829489652495 -31.557094924999255 7.2
v 29.67950831286422 -29.679508312864233 7.2
v 31.557094924999223 -27.674829489652534 7.2
v 33.29954921193205 -25.551642797849006 7.2
v 34.89940971689956 -23.319040048825542 7.2
v 36.349825591604485 -20.98658159030882 7.2
v 37.644585932599384 -18.564255367503808 7.2
v 38.77814637732894 -16.062434153178778 7.2
v 39.74565284594143 -13.491831129860083 7.2
v 40.542962327203945 -10.863454014339766 7.2
v 41.16666061951258 -8.188557920942205 7.2
v 41.61407695102774 -5.478597165396927 7.2
v 41.88329541632928 -2.7451762156998414 7.2
v 38.973163180617604 0.0 7.2
v 38.88971864661347 2.5489668280093865 7.2
v 38.63974236690631 5.08701858873673 7.2
v 38.224304778302894 7.603286954893801 7.2
v 37.645184848336754 10.086996879032169 7.2
v 36.90486245745611 12.527512733950585 7.2
v 36.006507779795086 14.914383856083484 7.2
v 34.953967708001336 17.237389296846764 7.2
v 33.75174938025118 19.4865815903088 7.2
v 32.40500087999195 21.652329349766703 7.2
v 30.91948919105836 23.725358510822826 7.2
v 29.301575502562308 25.696792044352307 7.2
v 27.558187969304583 27.558187969304583 7.2
v 25.69679204435231 29.301575502562304 7.2
v 23.72535851082283 30.919489191058354 7.2
v 21.65232934976671 32.405000879991945 7.2
v 19.486581590308806 33.75174938025118 7.2
v 17.237389296846775 34.953967708001336 7.2
v 14.914383856083486 36.006507779795086 7.2
v 12.52751273395059 36.90486245745611 7.2
v 10.086996879032178 37.64518484833675 7.2
v 7.603286954893805 38.224304778302894 7.2
v 5.087018588736735 38.63974236690631 7.2
v 2.5489668280093944 38.88971864661347 7.2
v 2.3864179770895413e-15 38.973163180617604 7.2
v -2.548966828009381 38.88971864661347 7.2
v -5.087018588736722 38.63974236690632 7.2
v -7.6032869548937905 38.224304778302894 7.2
v -10.086996879032164 37.645184848336754 7.2
v -12.527512733950578 36.90486245745611 7.2
v -14.914383856083473 36.006507779795086 7.2
v -17.23738929684676 34.953967708001336 7.2
v -19.486581590308795 33.75174938025118 7.2
v -21.652329349766692 32.40500087999195 7.2
v -23.725358510822815 30.919489191058364 7.2
v -25.696792044352293 29.301575502562322 7.2
v -27.55818796930458 27.558187969304583 7.2
v -29.301575502562304 25.69679204435231 7.2
v -30.91948919105835 23.725358510822836 7.2
v -32.40500087999194 21.652329349766717 7.2
v -33.75174938025117 19.486581590308816 7.2
v -34.95396770800133 17.237389296846782 7.2
v -36.006507779795086 14.91438385608349 7.2
v -36.90486245745611 12.527512733950594 7.2
v -37.64518484833675 10.08699687903218 7.2
v -38.224304778302894 7.603286954893815 7.2
v -38.63974236690631 5.087018588736746 7.2
v -38.88971864661347 2.548966828009406 7.2
v -38.973163180617604 4.7728359541790826e-15 7.2
v -38.88971864661347 -2.548966828009379 7.2
v -38.63974236690632 -5.08701858873672 7.2
v -38.224304778302894 -7.603286954893789 7.2
v -37.645184848336754 -10.086996879032153 7.2
v -36.90486245745612 -12.527512733950568 7.2
v -36.00650777979509 -14.914383856083463 7.2
v -34.953967708001336 -17.237389296846757 7.2
v -33.751749380251184 -19.48658159030879 7.2
v -32.40500087999196 -21.652329349766692 7.2
v -30.919489191058364 -23.725358510822815 7.2
v -29.301575502562322 -25.696792044352293 7.2
v -27.558187969304598 -27.558187969304566 7.2
v -25.696792044352314 -29.301575502562304 7.2
v -23.725358510822836 -30.919489191058346 7.2
v -21.65232934976673 -32.40500087999193 7.2
v -19.48658159030882 -33.75174938025117 7.2
v -17.237389296846768 -34.953967708001336 7.2
v -14.914383856083505 -36.00650777979508 7.2
v -12.527512733950596 -36.90486245745611 7.2
v -10.086996879032199 -37.64518484833675 7.2
v -7.603286954893818 -38.22430477830289 7.2
v -5.087018588736766 -38.639742366906304 7.2
v -2.548966828009408 -38.88971864661347 7.2
v -7.159253931268624e-15 -38.973163180617604 7.2
v 2.5489668280093594 -38.889718646613474 7.2
v 5.087018588736718 -38.63974236690632 7.2
v 7.603286954893769 -38.2243047783029 7.2
v 10.086996879032151 -37.645184848336754 7.2
v 12.527512733950582 -36.90486245745611 7.2
v 14.914383856083461 -36.00650777979509 7.2
v 17.237389296846757 -34.953967708001336 7.2
v 19.486581590308777 -33.75174938025119 7.2
v 21.65232934976669 -32.40500087999196 7.2
v 23.725358510822797 -30.919489191058375 7.2
v 25.69679204435229 -29.301575502562322 7.2
v 27.558187969304576 -27.55818796930459 7.2
v 29.301575502562294 -25.69679204435233 7.2
v 30.919489191058346 -23.725358510822844 7.2
v 32.40500087999193 -21.65232934976673 7.2
v 33.75174938025117 -19.48658159030882 7.2
v 34.953967708001315 -17.2373892968468 7.2
v 36.00650777979508 -14.914383856083507 7.2
v 36.90486245745611 -12.527512733950598 7.2
v 37.64518484833675 -10.0869968790322 7.2
v 38.22430477830289 -7.60328695489382 7.2
v 38.639742366906304 -5.087018588736769 7.2
v 38.88971864661347 -2.5489668280094104 7.2
v 42.66472771644544 0.0 7.8545454545454545
v 42.57337925940045 2.7904067004075475 7.8545454545454545
v 42.29972505638261 5.56886445093292 7.8545454545454545
v 41.844936936701416 8.323475468931774 7.8545454545454545
v 41.210962372905676 11.042444087129459 7.8545454545454545
v 40.4005161414071 13.714127264479199 7.8545454545454545
v 39.41706869739095 16.32708444345132 7.8545454545454545
v 38.2648313137941 18.870126540256972 7.8545454545454545
v 36.948738047987796 21.332363858222717 7.8545454545454545
v 35.474424613386546 23.703252719143475 7.8545454545454545
v 33.84820424645804 25.972640612931293 7.8545454545454545
v 32.07704067247533 28.130809672222217 7.8545454545454545
v 30.16851828577622 30.16851828577622 7.8545454545454545
v 28.130809672222224 32.07704067247533 7.8545454545454545
v 25.972640612931297 33.84820424645803 7.8545454545454545
v 23.70325271914348 35.47442461338654 7.8545454545454545
v 21.332363858222724 36.94873804798779 7.8545454545454545
v 18.870126540256983 38.26483131379409 7.8545454545454545
v 16.327084443451323 39.41706869739095 7.8545454545454545
v 13.714127264479206 40.4005161414071 7.8545454545454545
v 11.04244408712947 41.21096237290567 7.8545454545454545
v 8.323475468931777 41.844936936701416 7.8545454545454545
v 5.568864450932925 42.29972505638261 7.8545454545454545
v 2.7904067004075563 42.57337925940045 7.8545454545454545
v 2.6124611117219138e-15 42.66472771644544 7.8545454545454545
v -2.7904067004075417 42.57337925940045 7.8545454545454545
v -5.568864450932911 42.29972505638262 7.8545454545454545
v -8.323475468931761 41.84493693670142 7.8545454545454545
v -11.042444087129455 41.210962372905676 7.8545454545454545
v -13.714127264479192 40.4005161414071 7.8545454545454545
v -16.32708444345131 39.41706869739096 7.8545454545454545
v -18.87012654025697 38.2648313137941 7.8545454545454545
v -21.33236385822271 36.948738047987796 7.8545454545454545
v -23.703252719143464 35.47442461338655 7.8545454545454545
v -25.972640612931283 33.84820424645804 7.8545454545454545
v -28.130809672222203 32.07704067247534 7.8545454545454545
v -30.168518285776212 30.16851828577622 7.8545454545454545
v -32.07704067247533 28.130809672222224 7.8545454545454545
v -33.848204246458025 25.972640612931308 7.8545454545454545
v -35.47442461338654 23.70325271914349 7.8545454545454545
v -36.94873804798779 21.332363858222735 7.8545454545454545
v -38.26483131379409 18.870126540256994 7.8545454545454545
v -39.41706869739095 16.327084443451326 7.8545454545454545
v -40.4005161414071 13.714127264479208 7.8545454545454545
v -41.21096237290567 11.042444087129471 7.8545454545454545
v -41.844936936701416 8.323475468931788 7.8545454545454545
v -42.29972505638261 5.568864450932938 7.8545454545454545
v -42.57337925940045 2.7904067004075688 7.8545454545454545
v -42.66472771644544 5.2249222234438276e-15 7.8545454545454545
v -42.57337925940045 -2.7904067004075395 7.8545454545454545
v -42.29972505638262 -5.568864450932909 7.8545454545454545
v -41.84493693670142 -8.32347546893176 7.8545454545454545
v -41.21096237290568 -11.042444087129443 7.8545454545454545
v -40.40051614140711 -13.71412726447918 7.8545454545454545
v -39.41706869739096 -16.327084443451298 7.8545454545454545
v -38.2648313137941 -18.870126540256965 7.8545454545454545
v -36.9487380479878 -21.33236385822271 7.8545454545454545
v -35.47442461338655 -23.703252719143464 7.8545454545454545
v -33.84820424645804 -25.972640612931283 7.8545454545454545
v -32.07704067247534 -28.130809672222203 7.8545454545454545
v -30.168518285776234 -30.168518285776198 7.8545454545454545
v -28.130809672222227 -32.07704067247533 7.8545454545454545
v -25.972640612931308 -33.848204246458025 7.8545454545454545
v -23.703252719143507 -35.474424613386525 7.8545454545454545
v -21.332363858222738 -36.94873804798779 7.8545454545454545
v -18.87012654025698 -38.26483131379409 7.8545454545454545
v -16.327084443451344 -39.417068697390945 7.8545454545454545
v -13.71412726447921 -40.4005161414071 7.8545454545454545
v -11.042444087129493 -41.21096237290567 7.8545454545454545
v -8.323475468931791 -41.844936936701416 7.8545454545454545
v -5.568864450932959 -42.29972505638261 7.8545454545454545
v -2.7904067004075714 -42.57337925940045 7.8545454545454545
v -7.837383335165741e-15 -42.66472771644544 7.8545454545454545
v 2.790406700407518 -42.573379259400454 7.8545454545454545
v 5.568864450932907 -42.29972505638262 7.8545454545454545
v 8.323475468931738 -41.84493693670143 7.8545454545454545
v 11.042444087129441 -41.21096237290568 7.8545454545454545
v 13.714127264479195 -40.4005161414071 7.8545454545454545
v 16.327084443451295 -39.41706869739096 7.8545454545454545
v 18.870126540256965 -38.2648313137941 7.8545454545454545
v 21.332363858222692 -36.94873804798781 7.8545454545454545
v 23.70325271914346 -35.47442461338655 7.8545454545454545
v 25.972640612931265 -33.84820424645805 7.8545454545454545
v 28.1308096722222 -32.07704067247534 7.8545454545454545
v 30.16851828577621 -30.168518285776223 7.8545454545454545
v 32.07704067247531 -28.13080967222224 7.8545454545454545
v 33.848204246458025 -25.97264061293131 7.8545454545454545
v 35.474424613386525 -23.703252719143507 7.8545454545454545
v 36.94873804798778 -21.332363858222738 7.8545454545454545
v 38.264831313794076 -18.870126540257015 7.8545454545454545
v 39.417068697390945 -16.327084443451348 7.8545454545454545
v 40.4005161414071 -13.714127264479213 7.8545454545454545
v 41.21096237290567 -11.042444087129494 7.8545454545454545
v 41.844936936701416 -8.323475468931793 7.8545454545454545
v 42.29972505638261 -5.568864450932963 7.8545454545454545
v 42.57337925940045 -2.7904067004075737 7.8545454545454545
v 39.66472771644544 0.0 7.8545454545454545
v 39.57980248968464 2.5941973127171183 7.8545454545454545
v 39.325390472261184 5.177285874272765 7.8545454545454545
v 38.902581095491726 7.738204502883388 7.8545454545454545
v 38.31318489403847 10.265986951821898 7.8545454545454545
v 37.559725752921786 12.749808868569714 7.8545454545454545
v 36.645430099857094 15.17903414635605 7.8545454545454545
v 35.574213089196036 17.54326046959997 7.8545454545454545
v 34.35066183663448 19.832363858222717 7.8545454545454545
v 32.98001577647891 22.036542020084667 7.8545454545454545
v 31.468144225584332 24.14635632590513 7.8545454545454545
v 29.821521250038398 26.15277222692201 7.8545454545454545
v 28.047197942216574 28.047197942216574 7.8545454545454545
v 26.152772226922014 29.821521250038394 7.8545454545454545
v 24.146356325905135 31.46814422558433 7.8545454545454545
v 22.036542020084674 32.98001577647891 7.8545454545454545
v 19.832363858222724 34.35066183663447 7.8545454545454545
v 17.54326046959998 35.57421308919603 7.8545454545454545
v 15.179034146356052 36.645430099857094 7.8545454545454545
v 12.74980886856972 37.559725752921786 7.8545454545454545
v 10.265986951821906 38.313184894038464 7.8545454545454545
v 7.7382045028833915 38.902581095491726 7.8545454545454545
v 5.17728587427277 39.325390472261184 7.8545454545454545
v 2.5941973127171267 39.57980248968464 7.8545454545454545
v 2.4287640918498107e-15 39.66472771644544 7.8545454545454545
v -2.594197312717113 39.57980248968464 7.8545454545454545
v -5.177285874272757 39.32539047226119 7.8545454545454545
v -7.738204502883377 38.90258109549173 7.8545454545454545
v -10.265986951821892 38.31318489403847 7.8545454545454545
v -12.749808868569707 37.559725752921786 7.8545454545454545
v -15.17903414635604 36.645430099857094 7.8545454545454545
v -17.543260469599964 35.574213089196036 7.8545454545454545
v -19.832363858222713 34.35066183663448 7.8545454545454545
v -22.036542020084656 32.980015776478915 7.8545454545454545
v -24.146356325905124 31.468144225584336 7.8545454545454545
v -26.152772226922 29.821521250038412 7.8545454545454545
v -28.04719794221657 28.047197942216574 7.8545454545454545
v -29.821521250038394 26.152772226922014 7.8545454545454545
v -31.46814422558432 24.146356325905145 7.8545454545454545
v -32.9800157764789 22.03654202008468 7.8545454545454545
v -34.35066183663447 19.832363858222735 7.8545454545454545
v -35.57421308919602 17.54326046959999 7.8545454545454545
v -36.645430099857094 15.179034146356056 7.8545454545454545
v -37.559725752921786 12.749808868569723 7.8545454545454545
v -38.313184894038464 10.265986951821908 7.8545454545454545
v -38.902581095491726 7.738204502883403 7.8545454545454545
v -39.325390472261184 5.177285874272782 7.8545454545454545
v -39.57980248968464 2.5941973127171383 7.8545454545454545
v -39.66472771644544 4.857528183699621e-15 7.8545454545454545
v -39.57980248968464 -2.5941973127171107 7.8545454545454545
v -39.32539047226119 -5.177285874272755 7.8545454545454545
v -38.90258109549173 -7.7382045028833755 7.8545454545454545
v -38.31318489403848 -10.265986951821882 7.8545454545454545
v -37.55972575292179 -12.749808868569696 7.8545454545454545
v -36.6454300998571 -15.17903414635603 7.8545454545454545
v -35.574213089196036 -17.543260469599964 7.8545454545454545
v -34.35066183663449 -19.83236385822271 7.8545454545454545
v -32.98001577647892 -22.036542020084656 7.8545454545454545
v -31.468144225584336 -24.146356325905124 7.8545454545454545
v -29.821521250038412 -26.152772226922 7.8545454545454545
v -28.047197942216588 -28.047197942216556 7.8545454545454545
v -26.15277222692202 -29.821521250038394 7.8545454545454545
v -24.146356325905145 -31.468144225584318 7.8545454545454545
v -22.0365420200847 -32.98001577647889 7.8545454545454545
v -19.832363858222738 -34.35066183663447 7.8545454545454545
v -17.543260469599975 -35.57421308919603 7.8545454545454545
v -15.179034146356074 -36.64543009985708 7.8545454545454545
v -12.749808868569724 -37.559725752921786 7.8545454545454545
v -10.265986951821928 -38.313184894038464 7.8545454545454545
v -7.738204502883405 -38.902581095491726 7.8545454545454545
v -5.177285874272801 -39.325390472261184 7.8545454545454545
v -2.5941973127171405 -39.57980248968464 7.8545454545454545
v -7.286292275549431e-15 -39.66472771644544 7.8545454545454545
v 2.5941973127170908 -39.579802489684646 7.8545454545454545
v 5.177285874272753 -39.32539047226119 7.8545454545454545
v 7.738204502883355 -38.90258109549173 7.8545454545454545
v 10.26598695182188 -38.31318489403848 7.8545454545454545
v 12.749808868569712 -37.559725752921786 7.8545454545454545
v 15.179034146356027 -36.6454300998571 7.8545454545454545
v 17.54326046959996 -35.574213089196036 7.8545454545454545
v 19.832363858222696 -34.350661836634494 7.8545454545454545
v 22.036542020084653 -32.98001577647892 7.8545454545454545
v 24.146356325905106 -31.46814422558435 7.8545454545454545
v 26.152772226921993 -29.821521250038412 7.8545454545454545
v 28.047197942216567 -28.04719794221658 7.8545454545454545
v 29.82152125003838 -26.152772226922032 7.8545454545454545
v 31.468144225584318 -24.14635632590515 7.8545454545454545
v 32.980015776478886 -22.0365420200847 7.8545454545454545
v 34.350661836634465 -19.832363858222738 7.8545454545454545
v 35.57421308919601 -17.543260469600007 7.8545454545454545
v 36.64543009985708 -15.179034146356075 7.8545454545454545
v 37.559725752921786 -12.749808868569726 7.8545454545454545
v 38.313184894038464 -10.26598695182193 7.8545454545454545
v 38.902581095491726 -7.738204502883407 7.8545454545454545
v 39.325390472261184 -5.177285874272805 7.8545454545454545
v 39.57980248968464 -2.5941973127171427 7.8545454545454545
v 43.31931187102883 0.0 8.50909090909091
v 43.226561899062084 2.8332185524617692 8.50909090909091
v 42.948709152781035 5.6543048281182715 8.50909090909091
v 42.486943440302 8.451178502436102 8.50909090909091
v 41.84324211329737 11.211862932957972 8.50909090909091
v 41.0203615996722 13.924536445124405 8.50909090909091
v 40.02182560011675 16.577582954499093 8.50909090909091
v 38.85190999907916 19.159641708625774 8.50909090909091
v 37.51562455477177 21.65965593551441 8.50909090909091
v 36.01869144661739 24.066920190436306 8.50909090909091
v 34.367520771998485 26.371126198281942 8.50909090909091
v 32.56918309723609 28.562406995177593 8.50909090909091
v 30.631379180339398 30.631379180339398 8.50909090909091
v 28.562406995177597 32.56918309723609 8.50909090909091
v 26.371126198281946 34.36752077199848 8.50909090909091
v 24.066920190436317 36.01869144661738 8.50909090909091
v 21.65965593551442 37.51562455477177 8.50909090909091
v 19.159641708625784 38.851909999079155 8.50909090909091
v 16.577582954499096 40.02182560011675 8.50909090909091
v 13.924536445124412 41.02036159967219 8.50909090909091
v 11.211862932957983 41.843242113297364 8.50909090909091
v 8.451178502436106 42.486943440302 8.50909090909091
v 5.654304828118277 42.948709152781035 8.50909090909091
v 2.833218552461778 43.226561899062084 8.50909090909091
v 2.65254283120607e-15 43.31931187102883 8.50909090909091
v -2.833218552461763 43.226561899062084 8.50909090909091
v -5.654304828118263 42.94870915278104 8.50909090909091
v -8.45117850243609 42.48694344030201 8.50909090909091
v -11.211862932957969 41.84324211329737 8.50909090909091
v -13.924536445124398 41.0203615996722 8.50909090909091
v -16.57758295449908 40.021825600116756 8.50909090909091
v -19.15964170862577 38.85190999907916 8.50909090909091
v -21.659655935514404 37.51562455477177 8.50909090909091
v -24.066920190436296 36.01869144661739 8.50909090909091
v -26.37112619828193 34.367520771998485 8.50909090909091
v -28.56240699517758 32.56918309723611 8.50909090909091
v -30.63137918033939 30.631379180339398 8.50909090909091
v -32.56918309723609 28.562406995177597 8.50909090909091
v -34.36752077199847 26.371126198281956 8.50909090909091
v -36.018691446617375 24.06692019043632 8.50909090909091
v -37.51562455477176 21.65965593551443 8.50909090909091
v -38.85190999907915 19.15964170862579 8.50909090909091
v -40.02182560011675 16.577582954499096 8.50909090909091
v -41.02036159967219 13.924536445124415 8.50909090909091
v -41.843242113297364 11.211862932957985 8.50909090909091
v -42.486943440302 8.451178502436116 8.50909090909091
v -42.948709152781035 5.654304828118289 8.50909090909091
v -43.226561899062084 2.8332185524617906 8.50909090909091
v -43.31931187102883 5.30508566241214e-15 8.50909090909091
v -43.226561899062084 -2.833218552461761 8.50909090909091
v -42.94870915278104 -5.65430482811826 8.50909090909091
v -42.48694344030201 -8.451178502436088 8.50909090909091
v -41.84324211329737 -11.211862932957956 8.50909090909091
v -41.020361599672206 -13.924536445124385 8.50909090909091
v -40.021825600116756 -16.577582954499068 8.50909090909091
v -38.85190999907916 -19.159641708625767 8.50909090909091
v -37.515624554771776 -21.659655935514404 8.50909090909091
v -36.018691446617396 -24.066920190436296 8.50909090909091
v -34.367520771998485 -26.37112619828193 8.50909090909091
v -32.56918309723611 -28.56240699517758 8.50909090909091
v -30.63137918033941 -30.631379180339376 8.50909090909091
v -28.562406995177604 -32.56918309723609 8.50909090909091
v -26.371126198281956 -34.36752077199847 8.50909090909091
v -24.06692019043634 -36.01869144661737 8.50909090909091
v -21.659655935514433 -37.51562455477176 8.50909090909091
v -19.159641708625777 -38.851909999079155 8.50909090909091
v -16.577582954499118 -40.02182560011674 8.50909090909091
v -13.924536445124417 -41.02036159967219 8.50909090909091
v -11.211862932958006 -41.84324211329736 8.50909090909091
v -8.45117850243612 -42.48694344030199 8.50909090909091
v -5.654304828118311 -42.948709152781035 8.50909090909091
v -2.833218552461793 -43.226561899062084 8.50909090909091
v -7.95762849361821e-15 -43.31931187102883 8.50909090909091
v 2.833218552461739 -43.226561899062084 8.50909090909091
v 5.654304828118258 -42.94870915278104 8.50909090909091
v 8.451178502436065 -42.48694344030201 8.50909090909091
v 11.211862932957954 -41.84324211329737 8.50909090909091
v 13.924536445124403 -41.0203615996722 8.50909090909091
v 16.577582954499064 -40.021825600116756 8.50909090909091
v 19.159641708625763 -38.85190999907916 8.50909090909091
v 21.659655935514387 -37.51562455477178 8.50909090909091
v 24.066920190436292 -36.018691446617396 8.50909090909091
v 26.371126198281914 -34.3675207719985 8.50909090909091
v 28.56240699517757 -32.56918309723611 8.50909090909091
v 30.631379180339387 -30.6313791803394 8.50909090909091
v 32.56918309723608 -28.562406995177618 8.50909090909091
v 34.36752077199847 -26.37112619828196 8.50909090909091
v 36.01869144661736 -24.06692019043634 8.50909090909091
v 37.515624554771755 -21.659655935514433 8.50909090909091
v 38.85190999907913 -19.159641708625813 8.50909090909091
v 40.02182560011674 -16.577582954499118 8.50909090909091
v 41.02036159967219 -13.924536445124419 8.50909090909091
v 41.84324211329736 -11.21186293295801 8.50909090909091
v 42.48694344030199 -8.451178502436122 8.50909090909091
v 42.948709152781035 -5.654304828118314 8.50909090909091
v 43.226561899062084 -2.8332185524617954 8.50909090909091
v 40.31931187102883 0.0 8.50909090909091
v 40.23298512934627 2.6370091647713396 8.50909090909091
v 39.974374568659606 5.262726251458116 8.50909090909091
v 39.54458759909231 7.8659075363877164 8.50909090909091
v 38.94546463443017 10.43540579765041 8.50909090909091
v 38.17957121118688 12.960218049214921 8.50909090909091
v 37.25018700258289 15.429532657403822 8.50909090909091
v 36.16129177448109 17.83277563796877 8.50909090909091
v 34.91754834341845 20.15965593551441 8.50909090909091
v 33.52428260970975 22.4002094913775 8.50909090909091
v 31.98746075112478 24.54484191125578 8.50909090909091
v 30.313663674799162 26.584369549877387 8.50909090909091
v 28.510058836779752 28.510058836779752 8.50909090909091
v 26.58436954987739 30.31366367479916 8.50909090909091
v 24.544841911255784 31.98746075112477 8.50909090909091
v 22.40020949137751 33.52428260970974 8.50909090909091
v 20.15965593551442 34.91754834341845 8.50909090909091
v 17.83277563796878 36.16129177448109 8.50909090909091
v 15.429532657403826 37.25018700258289 8.50909090909091
v 12.960218049214927 38.179571211186875 8.50909090909091
v 10.43540579765042 38.94546463443016 8.50909090909091
v 7.86590753638772 39.54458759909231 8.50909090909091
v 5.262726251458122 39.974374568659606 8.50909090909091
v 2.637009164771348 40.23298512934627 8.50909090909091
v 2.4688458113339668e-15 40.31931187102883 8.50909090909091
v -2.6370091647713343 40.23298512934627 8.50909090909091
v -5.262726251458108 39.97437456865961 8.50909090909091
v -7.865907536387706 39.54458759909231 8.50909090909091
v -10.435405797650406 38.94546463443017 8.50909090909091
v -12.960218049214914 38.17957121118688 8.50909090909091
v -15.429532657403811 37.25018700258289 8.50909090909091
v -17.832775637968766 36.16129177448109 8.50909090909091
v -20.159655935514404 34.91754834341845 8.50909090909091
v -22.400209491377492 33.52428260970976 8.50909090909091
v -24.544841911255773 31.987460751124782 8.50909090909091
v -26.584369549877373 30.313663674799177 8.50909090909091
v -28.51005883677975 28.510058836779752 8.50909090909091
v -30.31366367479916 26.58436954987739 8.50909090909091
v -31.987460751124768 24.544841911255794 8.50909090909091
v -33.52428260970974 22.400209491377513 8.50909090909091
v -34.917548343418446 20.15965593551443 8.50909090909091
v -36.161291774481086 17.832775637968787 8.50909090909091
v -37.25018700258289 15.429532657403827 8.50909090909091
v -38.179571211186875 12.96021804921493 8.50909090909091
v -38.94546463443016 10.435405797650422 8.50909090909091
v -39.54458759909231 7.8659075363877315 8.50909090909091
v -39.974374568659606 5.262726251458133 8.50909090909091
v -40.23298512934627 2.63700916477136 8.50909090909091
v -40.31931187102883 4.9376916226679336e-15 8.50909090909091
v -40.23298512934627 -2.637009164771332 8.50909090909091
v -39.97437456865961 -5.262726251458107 8.50909090909091
v -39.54458759909231 -7.865907536387703 8.50909090909091
v -38.94546463443017 -10.435405797650395 8.50909090909091
v -38.17957121118689 -12.960218049214904 8.50909090909091
v -37.2501870025829 -15.4295326574038 8.50909090909091
v -36.16129177448109 -17.832775637968762 8.50909090909091
v -34.91754834341846 -20.159655935514404 8.50909090909091
v -33.52428260970976 -22.400209491377492 8.50909090909091
v -31.987460751124782 -24.544841911255773 8.50909090909091
v -30.313663674799177 -26.584369549877373 8.50909090909091
v -28.510058836779766 -28.510058836779734 8.50909090909091
v -26.584369549877394 -30.31366367479916 8.50909090909091
v -24.544841911255794 -31.987460751124765 8.50909090909091
v -22.40020949137753 -33.524282609709736 8.50909090909091
v -20.159655935514433 -34.917548343418446 8.50909090909091
v -17.832775637968773 -36.16129177448109 8.50909090909091
v -15.429532657403845 -37.250187002582884 8.50909090909091
v -12.960218049214932 -38.179571211186875 8.50909090909091
v -10.435405797650443 -38.94546463443015 8.50909090909091
v -7.865907536387733 -39.5445875990923 8.50909090909091
v -5.262726251458154 -39.9743745686596 8.50909090909091
v -2.6370091647713623 -40.23298512934627 8.50909090909091
v -7.4065374340019e-15 -40.31931187102883 8.50909090909091
v 2.6370091647713116 -40.232985129346275 8.50909090909091
v 5.262726251458104 -39.97437456865961 8.50909090909091
v 7.865907536387684 -39.54458759909232 8.50909090909091
v 10.435405797650393 -38.94546463443017 8.50909090909091
v 12.960218049214918 -38.17957121118688 8.50909090909091
v 15.429532657403799 -37.2501870025829 8.50909090909091
v 17.832775637968762 -36.16129177448109 8.50909090909091
v 20.159655935514387 -34.91754834341847 8.50909090909091
v 22.400209491377485 -33.52428260970976 8.50909090909091
v 24.544841911255755 -31.987460751124797 8.50909090909091
v 26.58436954987737 -30.313663674799177 8.50909090909091
v 28.510058836779745 -28.51005883677976 8.50909090909091
v 30.313663674799145 -26.584369549877408 8.50909090909091
v 31.987460751124765 -24.544841911255798 8.50909090909091
v 33.52428260970973 -22.40020949137753 8.50909090909091
v 34.917548343418446 -20.159655935514433 8.50909090909091
v 36.16129177448107 -17.83277563796881 8.50909090909091
v 37.250187002582884 -15.429532657403847 8.50909090909091
v 38.179571211186875 -12.960218049214934 8.50909090909091
v 38.94546463443015 -10.435405797650445 8.50909090909091
v 39.5445875990923 -7.865907536387736 8.50909090909091
v 39.9743745686596 -5.262726251458156 8.50909090909091
v 40.23298512934627 -2.6370091647713645 8.50909090909091
v 43.93880142079873 0.0 9.163636363636362
v 43.84472507415305 2.873735107542093 9.163636363636362
v 43.56289888357518 5.735164440169851 9.163636363636362
v 43.09452967207994 8.572034918186338 9.163636363636362
v 42.4416230685363 11.37219862668041 9.163636363636362
v 41.60697491925668 14.12366483476334 9.163636363636362
v 40.59415931575379 16.814651341719344 9.163636363636362
v 39.40751328993214 19.43363493019786 9.163636363636362
v 38.05211824225149 21.969400710399363 9.163636363636362
v 36.533778182390044 24.411090143955178 9.163636363636362
v 34.858994875583946 26.748247541855836 9.163636363636362
v 33.03494000107034 28.970864837316604 9.163636363636362
v 31.069424441855894 31.069424441855894 9.163636363636362
v 28.970864837316608 33.03494000107033 9.163636363636362
v 26.748247541855843 34.858994875583946 9.163636363636362
v 24.41109014395519 36.533778182390044 9.163636363636362
v 21.96940071039937 38.05211824225149 9.163636363636362
v 19.433634930197872 39.40751328993214 9.163636363636362
v 16.814651341719344 40.59415931575379 9.163636363636362
v 14.123664834763346 41.60697491925667 9.163636363636362
v 11.372198626680419 42.4416230685363 9.163636363636362
v 8.572034918186342 43.09452967207994 9.163636363636362
v 5.735164440169856 43.56289888357518 9.163636363636362
v 2.8737351075421023 43.84472507415305 9.163636363636362
v 2.690475625917617e-15 43.93880142079873 9.163636363636362
v -2.873735107542087 43.84472507415305 9.163636363636362
v -5.735164440169842 43.56289888357519 9.163636363636362
v -8.572034918186326 43.09452967207995 9.163636363636362
v -11.372198626680404 42.4416230685363 9.163636363636362
v -14.123664834763332 41.60697491925668 9.163636363636362
v -16.81465134171933 40.5941593157538 9.163636363636362
v -19.433634930197858 39.40751328993214 9.163636363636362
v -21.969400710399356 38.05211824225149 9.163636363636362
v -24.41109014395517 36.53377818239005 9.163636363636362
v -26.74824754185583 34.85899487558395 9.163636363636362
v -28.97086483731659 33.03494000107035 9.163636363636362
v -31.06942444185589 31.069424441855894 9.163636363636362
v -33.03494000107033 28.970864837316608 9.163636363636362
v -34.85899487558394 26.74824754185585 9.163636363636362
v -36.53377818239004 24.411090143955192 9.163636363636362
v -38.05211824225148 21.96940071039938 9.163636363636362
v -39.40751328993213 19.433634930197883 9.163636363636362
v -40.59415931575379 16.814651341719347 9.163636363636362
v -41.60697491925667 14.123664834763348 9.163636363636362
v -42.4416230685363 11.372198626680422 9.163636363636362
v -43.09452967207994 8.572034918186354 9.163636363636362
v -43.56289888357518 5.735164440169869 9.163636363636362
v -43.84472507415305 2.873735107542115 9.163636363636362
v -43.93880142079873 5.380951251835234e-15 9.163636363636362
v -43.84472507415305 -2.8737351075420845 9.163636363636362
v -43.56289888357519 -5.735164440169839 9.163636363636362
v -43.09452967207995 -8.572034918186324 9.163636363636362
v -42.44162306853631 -11.372198626680392 9.163636363636362
v -41.606974919256686 -14.12366483476332 9.163636363636362
v -40.59415931575381 -16.81465134171932 9.163636363636362
v -39.40751328993214 -19.433634930197854 9.163636363636362
v -38.052118242251495 -21.969400710399356 9.163636363636362
v -36.53377818239006 -24.41109014395517 9.163636363636362
v -34.85899487558395 -26.74824754185583 9.163636363636362
v -33.03494000107035 -28.97086483731659 9.163636363636362
v -31.069424441855908 -31.069424441855876 9.163636363636362
v -28.97086483731661 -33.03494000107033 9.163636363636362
v -26.74824754185585 -34.85899487558393 9.163636363636362
v -24.411090143955214 -36.53377818239002 9.163636363636362
v -21.969400710399384 -38.05211824225148 9.163636363636362
v -19.43363493019787 -39.40751328993214 9.163636363636362
v -16.814651341719365 -40.594159315753785 9.163636363636362
v -14.123664834763352 -41.60697491925667 9.163636363636362
v -11.372198626680444 -42.441623068536295 9.163636363636362
v -8.572034918186356 -43.094529672079936 9.163636363636362
v -5.735164440169891 -43.56289888357518 9.163636363636362
v -2.8737351075421174 -43.84472507415305 9.163636363636362
v -8.071426877752852e-15 -43.93880142079873 9.163636363636362
v 2.8737351075420627 -43.84472507415305 9.163636363636362
v 5.735164440169837 -43.56289888357519 9.163636363636362
v 8.5720349181863 -43.09452967207996 9.163636363636362
v 11.37219862668039 -42.44162306853631 9.163636363636362
v 14.123664834763336 -41.60697491925668 9.163636363636362
v 16.814651341719316 -40.59415931575381 9.163636363636362
v 19.433634930197854 -39.40751328993214 9.163636363636362
v 21.969400710399338 -38.05211824225151 9.163636363636362
v 24.411090143955164 -36.53377818239006 9.163636363636362
v 26.748247541855807 -34.85899487558397 9.163636363636362
v 28.970864837316583 -33.03494000107035 9.163636363636362
v 31.069424441855887 -31.0694244418559 9.163636363636362
v 33.03494000107032 -28.97086483731663 9.163636363636362
v 34.85899487558393 -26.748247541855857 9.163636363636362
v 36.53377818239002 -24.411090143955214 9.163636363636362
v 38.052118242251474 -21.969400710399384 9.163636363636362
v 39.40751328993212 -19.433634930197904 9.163636363636362
v 40.594159315753785 -16.81465134171937 9.163636363636362
v 41.60697491925667 -14.123664834763353 9.163636363636362
v 42.441623068536295 -11.372198626680445 9.163636363636362
v 43.094529672079936 -8.57203491818636 9.163636363636362
v 43.56289888357518 -5.7351644401698945 9.163636363636362
v 43.84472507415305 -2.87373510754212 9.163636363636362
v 40.93880142079873 0.0 9.163636363636362
v 40.85114830443723 2.6775257198516638 9.163636363636362
v 40.58856429945375 5.343585863509696 9.163636363636362
v 40.152173830870254 7.986763952137953 9.163636363636362
v 39.5438455896691 10.595741491372847 9.163636363636362
v 38.76618453077136 13.159346438853854 9.163636363636362
v 37.822520718219934 15.666601044624073 9.163636363636362
v 36.71689506533408 18.106768859540857 9.163636363636362
v 35.45404203089817 20.469400710399363 9.163636363636362
v 34.03936934548241 22.74437944489637 9.163636363636362
v 32.478934854710246 24.921963254829674 9.163636363636362
v 30.779420578633406 26.992827392016398 9.163636363636362
v 28.948104098296252 28.948104098296252 9.163636363636362
v 26.9928273920164 30.7794205786334 9.163636363636362
v 24.92196325482968 32.47893485471024 9.163636363636362
v 22.74437944489638 34.039369345482406 9.163636363636362
v 20.46940071039937 35.45404203089817 9.163636363636362
v 18.106768859540868 36.71689506533407 9.163636363636362
v 15.666601044624075 37.822520718219934 9.163636363636362
v 13.159346438853861 38.766184530771355 9.163636363636362
v 10.595741491372856 39.5438455896691 9.163636363636362
v 7.986763952137957 40.152173830870254 9.163636363636362
v 5.343585863509701 40.58856429945375 9.163636363636362
v 2.677525719851672 40.85114830443723 9.163636363636362
v 2.5067786060455144e-15 40.93880142079873 9.163636363636362
v -2.677525719851658 40.85114830443723 9.163636363636362
v -5.343585863509688 40.58856429945376 9.163636363636362
v -7.986763952137942 40.15217383087026 9.163636363636362
v -10.595741491372843 39.5438455896691 9.163636363636362
v -13.159346438853847 38.76618453077136 9.163636363636362
v -15.666601044624063 37.82252071821994 9.163636363636362
v -18.106768859540853 36.71689506533408 9.163636363636362
v -20.469400710399356 35.45404203089817 9.163636363636362
v -22.744379444896364 34.03936934548241 9.163636363636362
v -24.921963254829667 32.478934854710246 9.163636363636362
v -26.992827392016384 30.779420578633417 9.163636363636362
v -28.94810409829625 28.948104098296252 9.163636363636362
v -30.7794205786334 26.9928273920164 9.163636363636362
v -32.47893485471023 24.921963254829688 9.163636363636362
v -34.0393693454824 22.744379444896385 9.163636363636362
v -35.454042030898165 20.46940071039938 9.163636363636362
v -36.716895065334064 18.10676885954088 9.163636363636362
v -37.822520718219934 15.666601044624077 9.163636363636362
v -38.766184530771355 13.159346438853863 9.163636363636362
v -39.5438455896691 10.59574149137286 9.163636363636362
v -40.152173830870254 7.986763952137968 9.163636363636362
v -40.58856429945375 5.343585863509713 9.163636363636362
v -40.85114830443723 2.677525719851684 9.163636363636362
v -40.93880142079873 5.013557212091029e-15 9.163636363636362
v -40.85114830443723 -2.6775257198516558 9.163636363636362
v -40.58856429945376 -5.343585863509686 9.163636363636362
v -40.15217383087026 -7.98676395213794 9.163636363636362
v -39.543845589669104 -10.59574149137283 9.163636363636362
v -38.76618453077136 -13.159346438853836 9.163636363636362
v -37.82252071821994 -15.66660104462405 9.163636363636362
v -36.71689506533408 -18.106768859540853 9.163636363636362
v -35.45404203089818 -20.469400710399356 9.163636363636362
v -34.03936934548242 -22.744379444896364 9.163636363636362
v -32.478934854710246 -24.921963254829667 9.163636363636362
v -30.779420578633417 -26.992827392016384 9.163636363636362
v -28.948104098296266 -28.948104098296234 9.163636363636362
v -26.992827392016405 -30.7794205786334 9.163636363636362
v -24.921963254829688 -32.47893485471023 9.163636363636362
v -22.744379444896403 -34.03936934548239 9.163636363636362
v -20.469400710399384 -35.454042030898165 9.163636363636362
v -18.106768859540864 -36.71689506533407 9.163636363636362
v -15.666601044624096 -37.82252071821993 9.163636363636362
v -13.159346438853866 -38.766184530771355 9.163636363636362
v -10.595741491372879 -39.54384558966909 9.163636363636362
v -7.98676395213797 -40.15217383087025 9.163636363636362
v -5.343585863509733 -40.58856429945374 9.163636363636362
v -2.6775257198516864 -40.85114830443723 9.163636363636362
v -7.520335818136542e-15 -40.93880142079873 9.163636363636362
v 2.6775257198516353 -40.85114830443724 9.163636363636362
v 5.343585863509683 -40.58856429945376 9.163636363636362
v 7.9867639521379195 -40.15217383087026 9.163636363636362
v 10.595741491372829 -39.543845589669104 9.163636363636362
v 13.159346438853852 -38.76618453077136 9.163636363636362
v 15.666601044624048 -37.82252071821994 9.163636363636362
v 18.10676885954085 -36.71689506533408 9.163636363636362
v 20.469400710399338 -35.45404203089819 9.163636363636362
v 22.74437944489636 -34.03936934548242 9.163636363636362
v 24.92196325482965 -32.47893485471026 9.163636363636362
v 26.992827392016377 -30.779420578633417 9.163636363636362
v 28.948104098296245 -28.948104098296255 9.163636363636362
v 30.77942057863339 -26.99282739201642 9.163636363636362
v 32.47893485471023 -24.921963254829695 9.163636363636362
v 34.039369345482385 -22.744379444896403 9.163636363636362
v 35.454042030898165 -20.469400710399384 9.163636363636362
v 36.71689506533406 -18.106768859540896 9.163636363636362
v 37.82252071821993 -15.666601044624098 9.163636363636362
v 38.766184530771355 -13.159346438853868 9.163636363636362
v 39.54384558966909 -10.595741491372882 9.163636363636362
v 40.15217383087025 -7.986763952137973 9.163636363636362
v 40.58856429945374 -5.343585863509737 9.163636363636362
v 40.85114830443723 -2.677525719851689 9.163636363636362
v 44.524929155224164 0.0 9.818181818181817
v 44.42959786410709 2.9120696955020904 9.818181818181817
v 44.14401221397995 5.811669461498968 9.818181818181817
v 43.6693951264405 8.68638276663798 9.818181818181817
v 43.00777898472213 11.523899647212504 9.818181818181817
v 42.161996930716825 14.312069420316403 9.818181818181817
v 41.135670733026664 17.03895271493364 9.818181818181817
v 39.93319527799462 19.692872598157916 9.818181818181817
v 38.55971975012653 22.26246457761208 9.818181818181817
v 37.02112558249253 24.73672526594917 9.818181818181817
v 35.3240012715277 27.105059499046305 9.818181818181817
v 33.47561416407884 29.357325706124097 9.818181818181817
v 31.483879337509627 31.483879337509627 9.818181818181817
v 29.3573257061241 33.47561416407884 9.818181818181817
v 27.105059499046313 35.32400127152769 9.818181818181817
v 24.73672526594918 37.02112558249252 9.818181818181817
v 22.262464577612086 38.55971975012653 9.818181818181817
v 19.692872598157926 39.93319527799462 9.818181818181817
v 17.038952714933643 41.135670733026664 9.818181818181817
v 14.31206942031641 42.16199693071682 9.818181818181817
v 11.523899647212513 43.00777898472212 9.818181818181817
v 8.686382766637983 43.6693951264405 9.818181818181817
v 5.811669461498974 44.14401221397995 9.818181818181817
v 2.9120696955020997 44.42959786410709 9.818181818181817
v 2.726365598610397e-15 44.524929155224164 9.818181818181817
v -2.912069695502084 44.42959786410709 9.818181818181817
v -5.811669461498959 44.144012213979956 9.818181818181817
v -8.686382766637967 43.669395126440506 9.818181818181817
v -11.523899647212499 43.00777898472213 9.818181818181817
v -14.312069420316396 42.161996930716825 9.818181818181817
v -17.03895271493363 41.135670733026664 9.818181818181817
v -19.692872598157912 39.93319527799462 9.818181818181817
v -22.26246457761207 38.55971975012653 9.818181818181817
v -24.736725265949158 37.02112558249254 9.818181818181817
v -27.1050594990463 35.324001271527706 9.818181818181817
v -29.357325706124083 33.475614164078856 9.818181818181817
v -31.48387933750962 31.483879337509627 9.818181818181817
v -33.47561416407884 29.3573257061241 9.818181818181817
v -35.32400127152769 27.105059499046323 9.818181818181817
v -37.021125582492516 24.736725265949183 9.818181818181817
v -38.559719750126526 22.262464577612096 9.818181818181817
v -39.93319527799461 19.692872598157937 9.818181818181817
v -41.135670733026664 17.038952714933647 9.818181818181817
v -42.16199693071682 14.312069420316414 9.818181818181817
v -43.00777898472212 11.523899647212517 9.818181818181817
v -43.6693951264405 8.686382766637996 9.818181818181817
v -44.14401221397995 5.811669461498987 9.818181818181817
v -44.42959786410709 2.9120696955021126 9.818181818181817
v -44.524929155224164 5.452731197220794e-15 9.818181818181817
v -44.42959786410709 -2.912069695502082 9.818181818181817
v -44.144012213979956 -5.811669461498957 9.818181818181817
v -43.669395126440506 -8.686382766637964 9.818181818181817
v -43.00777898472214 -11.523899647212486 9.818181818181817
v -42.16199693071683 -14.312069420316384 9.818181818181817
v -41.13567073302667 -17.038952714933615 9.818181818181817
v -39.93319527799462 -19.69287259815791 9.818181818181817
v -38.55971975012654 -22.26246457761207 9.818181818181817
v -37.02112558249254 -24.736725265949158 9.818181818181817
v -35.324001271527706 -27.1050594990463 9.818181818181817
v -33.475614164078856 -29.357325706124083 9.818181818181817
v -31.48387933750964 -31.483879337509606 9.818181818181817
v -29.357325706124108 -33.47561416407884 9.818181818181817
v -27.105059499046323 -35.324001271527685 9.818181818181817
v -24.736725265949204 -37.02112558249251 9.818181818181817
v -22.262464577612104 -38.559719750126526 9.818181818181817
v -19.692872598157923 -39.93319527799462 9.818181818181817
v -17.038952714933664 -41.13567073302665 9.818181818181817
v -14.312069420316416 -42.16199693071682 9.818181818181817
v -11.523899647212538 -43.00777898472212 9.818181818181817
v -8.686382766637998 -43.6693951264405 9.818181818181817
v -5.811669461499009 -44.14401221397995 9.818181818181817
v -2.9120696955021153 -44.42959786410709 9.818181818181817
v -8.17909679583119e-15 -44.524929155224164 9.818181818181817
v 2.9120696955020597 -44.429597864107095 9.818181818181817
v 5.811669461498954 -44.144012213979956 9.818181818181817
v 8.686382766637943 -43.66939512644051 9.818181818181817
v 11.523899647212485 -43.00777898472214 9.818181818181817
v 14.312069420316401 -42.161996930716825 9.818181818181817
v 17.038952714933615 -41.13567073302667 9.818181818181817
v 19.69287259815791 -39.93319527799462 9.818181818181817
v 22.262464577612054 -38.55971975012655 9.818181818181817
v 24.736725265949154 -37.02112558249254 9.818181818181817
v 27.105059499046277 -35.32400127152772 9.818181818181817
v 29.357325706124076 -33.475614164078856 9.818181818181817
v 31.483879337509617 -31.48387933750963 9.818181818181817
v 33.47561416407882 -29.357325706124122 9.818181818181817
v 35.324001271527685 -27.105059499046327 9.818181818181817
v 37.0211255824925 -24.736725265949204 9.818181818181817
v 38.55971975012652 -22.262464577612104 9.818181818181817
v 39.9331952779946 -19.692872598157958 9.818181818181817
v 41.13567073302665 -17.038952714933668 9.818181818181817
v 42.16199693071682 -14.312069420316417 9.818181818181817
v 43.00777898472212 -11.523899647212541 9.818181818181817
v 43.6693951264405 -8.686382766638001 9.818181818181817
v 44.14401221397995 -5.8116694614990125 9.818181818181817
v 44.42959786410709 -2.912069695502118 9.818181818181817
v 41.524929155224164 0.0 9.818181818181817
v 41.43602109439128 2.715860307811661 9.818181818181817
v 41.16967762985852 5.420090884838813 9.818181818181817
v 40.72703928523081 8.101111800589594 9.818181818181817
v 40.110001505854925 10.747442511904941 9.818181818181817
v 39.32120654223151 13.347751024406918 9.818181818181817
v 38.3640321354928 15.89090241783837 9.818181818181817
v 37.24257705339656 18.366006527500915 9.818181818181817
v 35.96164353877322 20.76246457761208 9.818181818181817
v 34.52671674558489 23.07001456689036 9.818181818181817
v 32.94394125065399 25.278775212020147 9.818181818181817
v 31.220094741641912 27.37928826082389 9.818181818181817
v 29.362558993949982 29.362558993949982 9.818181818181817
v 27.379288260823895 31.220094741641905 9.818181818181817
v 25.27877521202015 32.94394125065399 9.818181818181817
v 23.07001456689037 34.52671674558489 9.818181818181817
v 20.762464577612086 35.96164353877322 9.818181818181817
v 18.36600652750092 37.24257705339655 9.818181818181817
v 15.890902417838374 38.3640321354928 9.818181818181817
v 13.347751024406925 39.3212065422315 9.818181818181817
v 10.74744251190495 40.11000150585492 9.818181818181817
v 8.101111800589598 40.72703928523081 9.818181818181817
v 5.420090884838819 41.16967762985852 9.818181818181817
v 2.71586030781167 41.43602109439128 9.818181818181817
v 2.542668578738294e-15 41.524929155224164 9.818181818181817
v -2.7158603078116554 41.43602109439128 9.818181818181817
v -5.420090884838805 41.169677629858526 9.818181818181817
v -8.101111800589583 40.727039285230816 9.818181818181817
v -10.747442511904937 40.110001505854925 9.818181818181817
v -13.34775102440691 39.32120654223151 9.818181818181817
v -15.89090241783836 38.364032135492806 9.818181818181817
v -18.366006527500907 37.24257705339656 9.818181818181817
v -20.76246457761207 35.96164353877322 9.818181818181817
v -23.07001456689035 34.5267167455849 9.818181818181817
v -25.278775212020136 32.943941250654 9.818181818181817
v -27.379288260823877 31.220094741641926 9.818181818181817
v -29.36255899394998 29.362558993949982 9.818181818181817
v -31.220094741641905 27.379288260823895 9.818181818181817
v -32.943941250653985 25.278775212020157 9.818181818181817
v -34.526716745584885 23.070014566890375 9.818181818181817
v -35.96164353877321 20.762464577612096 9.818181818181817
v -37.242577053396545 18.366006527500932 9.818181818181817
v -38.3640321354928 15.890902417838376 9.818181818181817
v -39.3212065422315 13.347751024406927 9.818181818181817
v -40.11000150585492 10.747442511904953 9.818181818181817
v -40.72703928523081 8.10111180058961 9.818181818181817
v -41.16967762985852 5.420090884838831 9.818181818181817
v -41.43602109439128 2.715860307811682 9.818181818181817
v -41.524929155224164 5.085337157476588e-15 9.818181818181817
v -41.43602109439128 -2.715860307811653 9.818181818181817
v -41.169677629858526 -5.420090884838802 9.818181818181817
v -40.727039285230816 -8.10111180058958 9.818181818181817
v -40.11000150585493 -10.747442511904925 9.818181818181817
v -39.321206542231515 -13.3477510244069 9.818181818181817
v -38.36403213549281 -15.890902417838348 9.818181818181817
v -37.24257705339656 -18.366006527500907 9.818181818181817
v -35.961643538773224 -20.76246457761207 9.818181818181817
v -34.5267167455849 -23.07001456689035 9.818181818181817
v -32.943941250654 -25.278775212020136 9.818181818181817
v -31.220094741641926 -27.379288260823877 9.818181818181817
v -29.362558993949996 -29.362558993949964 9.818181818181817
v -27.3792882608239 -31.220094741641905 9.818181818181817
v -25.278775212020157 -32.94394125065398 9.818181818181817
v -23.070014566890393 -34.52671674558488 9.818181818181817
v -20.7624645776121 -35.96164353877321 9.818181818181817
v -18.366006527500918 -37.24257705339655 9.818181818181817
v -15.890902417838394 -38.36403213549279 9.818181818181817
v -13.34775102440693 -39.3212065422315 9.818181818181817
v -10.747442511904973 -40.11000150585492 9.818181818181817
v -8.101111800589612 -40.72703928523081 9.818181818181817
v -5.420090884838851 -41.16967762985851 9.818181818181817
v -2.7158603078116843 -41.43602109439128 9.818181818181817
v -7.628005736214882e-15 -41.524929155224164 9.818181818181817
v 2.7158603078116323 -41.43602109439128 9.818181818181817
v 5.4200908848388005 -41.169677629858526 9.818181818181817
v 8.10111180058956 -40.727039285230816 9.818181818181817
v 10.747442511904923 -40.11000150585493 9.818181818181817
v 13.347751024406916 -39.32120654223151 9.818181818181817
v 15.890902417838346 -38.36403213549281 9.818181818181817
v 18.366006527500904 -37.24257705339656 9.818181818181817
v 20.762464577612054 -35.96164353877323 9.818181818181817
v 23.070014566890347 -34.5267167455849 9.818181818181817
v 25.27877521202012 -32.943941250654014 9.818181818181817
v 27.37928826082387 -31.220094741641926 9.818181818181817
v 29.362558993949975 -29.36255899394999 9.818181818181817
v 31.22009474164189 -27.379288260823913 9.818181818181817
v 32.94394125065398 -25.278775212020165 9.818181818181817
v 34.52671674558487 -23.070014566890393 9.818181818181817
v 35.9616435387732 -20.7624645776121 9.818181818181817
v 37.24257705339654 -18.366006527500954 9.818181818181817
v 38.36403213549279 -15.890902417838397 9.818181818181817
v 39.3212065422315 -13.347751024406932 9.818181818181817
v 40.11000150585492 -10.747442511904977 9.818181818181817
v 40.72703928523081 -8.101111800589614 9.818181818181817
v 41.16967762985851 -5.420090884838855 9.818181818181817
v 41.43602109439128 -2.7158603078116865 9.818181818181817
v 45.07937535709367 0.0 10.472727272727273
v 44.982856954098324 2.9483322120941238 10.472727272727273
v 44.693715051731694 5.884039213019864 10.472727272727273
v 44.213187800009585 8.79454985470132 10.472727272727273
v 43.54333289039577 11.667400883741088 10.472727272727273
v 42.68701874445118 14.490290310984705 10.472727272727273
v 41.647912230812516 17.25113009052685 10.472727272727273
v 40.43046296309771 19.93809788257968 10.472727272727273
v 39.03988424597732 22.53968767854683 10.472727272727273
v 37.48213075100358 25.04475907151864 10.472727272727273
v 35.763873017792655 27.442584961204844 10.472727272727273
v 33.89246888974986 29.72289748902488 10.472727272727273
v 31.875932006654676 31.875932006654676 10.472727272727273
v 29.722897489024888 33.89246888974986 10.472727272727273
v 27.442584961204847 35.763873017792655 10.472727272727273
v 25.04475907151865 37.48213075100358 10.472727272727273
v 22.539687678546837 39.03988424597731 10.472727272727273
v 19.93809788257969 40.4304629630977 10.472727272727273
v 17.251130090526853 41.647912230812516 10.472727272727273
v 14.490290310984712 42.68701874445118 10.472727272727273
v 11.667400883741097 43.54333289039576 10.472727272727273
v 8.794549854701323 44.213187800009585 10.472727272727273
v 5.884039213019871 44.693715051731694 10.472727272727273
v 2.948332212094133 44.982856954098324 10.472727272727273
v 2.7603156369313416e-15 45.07937535709367 10.472727272727273
v -2.9483322120941176 44.982856954098324 10.472727272727273
v -5.8840392130198556 44.6937150517317 10.472727272727273
v -8.794549854701307 44.21318780000959 10.472727272727273
v -11.667400883741083 43.54333289039577 10.472727272727273
v -14.490290310984697 42.68701874445118 10.472727272727273
v -17.251130090526836 41.64791223081252 10.472727272727273
v -19.938097882579676 40.43046296309771 10.472727272727273
v -22.539687678546823 39.03988424597732 10.472727272727273
v -25.04475907151863 37.48213075100359 10.472727272727273
v -27.442584961204833 35.76387301779266 10.472727272727273
v -29.722897489024867 33.89246888974988 10.472727272727273
v -31.875932006654672 31.875932006654676 10.472727272727273
v -33.89246888974986 29.722897489024888 10.472727272727273
v -35.76387301779265 27.442584961204858 10.472727272727273
v -37.482130751003574 25.044759071518655 10.472727272727273
v -39.03988424597731 22.539687678546848 10.472727272727273
v -40.4304629630977 19.9380978825797 10.472727272727273
v -41.647912230812516 17.251130090526853 10.472727272727273
v -42.68701874445118 14.490290310984715 10.472727272727273
v -43.54333289039576 11.6674008837411 10.472727272727273
v -44.213187800009585 8.794549854701335 10.472727272727273
v -44.693715051731694 5.884039213019883 10.472727272727273
v -44.982856954098324 2.948332212094146 10.472727272727273
v -45.07937535709367 5.520631273862683e-15 10.472727272727273
v -44.982856954098324 -2.948332212094115 10.472727272727273
v -44.6937150517317 -5.884039213019853 10.472727272727273
v -44.21318780000959 -8.794549854701305 10.472727272727273
v -43.54333289039577 -11.66740088374107 10.472727272727273
v -42.68701874445119 -14.490290310984685 10.472727272727273
v -41.64791223081253 -17.251130090526825 10.472727272727273
v -40.43046296309771 -19.938097882579672 10.472727272727273
v -39.039884245977326 -22.53968767854682 10.472727272727273
v -37.482130751003595 -25.04475907151863 10.472727272727273
v -35.76387301779266 -27.442584961204833 10.472727272727273
v -33.89246888974988 -29.722897489024867 10.472727272727273
v -31.875932006654693 -31.875932006654658 10.472727272727273
v -29.72289748902489 -33.89246888974986 10.472727272727273
v -27.442584961204858 -35.76387301779264 10.472727272727273
v -25.044759071518676 -37.48213075100357 10.472727272727273
v -22.539687678546855 -39.03988424597731 10.472727272727273
v -19.938097882579683 -40.4304629630977 10.472727272727273
v -17.251130090526875 -41.64791223081251 10.472727272727273
v -14.490290310984717 -42.68701874445118 10.472727272727273
v -11.667400883741124 -43.54333289039575 10.472727272727273
v -8.794549854701339 -44.213187800009585 10.472727272727273
v -5.884039213019905 -44.69371505173169 10.472727272727273
v -2.9483322120941486 -44.982856954098324 10.472727272727273
v -8.280946910794024e-15 -45.07937535709367 10.472727272727273
v 2.9483322120940922 -44.98285695409833 10.472727272727273
v 5.88403921301985 -44.6937150517317 10.472727272727273
v 8.794549854701282 -44.2131878000096 10.472727272727273
v 11.667400883741069 -43.54333289039577 10.472727272727273
v 14.490290310984703 -42.68701874445118 10.472727272727273
v 17.25113009052682 -41.64791223081253 10.472727272727273
v 19.93809788257967 -40.43046296309771 10.472727272727273
v 22.539687678546805 -39.03988424597733 10.472727272727273
v 25.044759071518627 -37.482130751003595 10.472727272727273
v 27.442584961204812 -35.763873017792676 10.472727272727273
v 29.72289748902486 -33.89246888974988 10.472727272727273
v 31.875932006654665 -31.875932006654683 10.472727272727273
v 33.89246888974984 -29.722897489024906 10.472727272727273
v 35.76387301779264 -27.44258496120486 10.472727272727273
v 37.48213075100356 -25.044759071518676 10.472727272727273
v 39.039884245977305 -22.539687678546855 10.472727272727273
v 40.43046296309768 -19.938097882579722 10.472727272727273
v 41.64791223081251 -17.25113009052688 10.472727272727273
v 42.68701874445118 -14.49029031098472 10.472727272727273
v 43.54333289039575 -11.667400883741125 10.472727272727273
v 44.213187800009585 -8.79454985470134 10.472727272727273
v 44.69371505173169 -5.884039213019909 10.472727272727273
v 44.982856954098324 -2.9483322120941513 10.472727272727273
v 42.07937535709367 0.0 10.472727272727273
v 41.989280184382515 2.7521228244036946 10.472727272727273
v 41.719380467610264 5.492460636359709 10.472727272727273
v 41.270831958799896 8.209278888652936 10.472727272727273
v 40.64555541152856 10.890943748433525 10.472727272727273
v 39.84622835596586 13.52597191507522 10.472727272727273
v 38.87627363327866 16.10307979343158 10.472727272727273
v 37.73984473849964 18.611231811922675 10.472727272727273
v 36.441808034624 21.03968767854683 10.472727272727273
v 34.98772191409595 23.378048372459833 10.472727272727273
v 33.383812996918955 25.61630067417868 10.472727272727273
v 31.636949467312927 27.744860043724675 10.472727272727273
v 29.754611663095034 29.754611663095034 10.472727272727273
v 27.744860043724678 31.636949467312924 10.472727272727273
v 25.616300674178685 33.38381299691895 10.472727272727273
v 23.378048372459844 34.98772191409594 10.472727272727273
v 21.039687678546837 36.441808034623996 10.472727272727273
v 18.611231811922686 37.73984473849964 10.472727272727273
v 16.103079793431583 38.87627363327866 10.472727272727273
v 13.525971915075226 39.84622835596586 10.472727272727273
v 10.890943748433536 40.645555411528555 10.472727272727273
v 8.209278888652939 41.270831958799896 10.472727272727273
v 5.4924606363597155 41.719380467610264 10.472727272727273
v 2.752122824403703 41.989280184382515 10.472727272727273
v 2.5766186170592385e-15 42.07937535709367 10.472727272727273
v -2.752122824403689 41.989280184382515 10.472727272727273
v -5.492460636359701 41.71938046761027 10.472727272727273
v -8.209278888652923 41.2708319587999 10.472727272727273
v -10.890943748433521 40.64555541152856 10.472727272727273
v -13.525971915075214 39.84622835596586 10.472727272727273
v -16.10307979343157 38.876273633278664 10.472727272727273
v -18.61123181192267 37.73984473849964 10.472727272727273
v -21.039687678546823 36.441808034624 10.472727272727273
v -23.378048372459826 34.98772191409595 10.472727272727273
v -25.61630067417867 33.383812996918955 10.472727272727273
v -27.74486004372466 31.63694946731294 10.472727272727273
v -29.75461166309503 29.754611663095034 10.472727272727273
v -31.636949467312924 27.744860043724678 10.472727272727273
v -33.38381299691894 25.616300674178696 10.472727272727273
v -34.987721914095935 23.378048372459848 10.472727272727273
v -36.441808034623996 21.039687678546848 10.472727272727273
v -37.739844738499635 18.611231811922696 10.472727272727273
v -38.87627363327866 16.103079793431586 10.472727272727273
v -39.84622835596586 13.52597191507523 10.472727272727273
v -40.645555411528555 10.890943748433537 10.472727272727273
v -41.270831958799896 8.20927888865295 10.472727272727273
v -41.719380467610264 5.492460636359727 10.472727272727273
v -41.989280184382515 2.7521228244037155 10.472727272727273
v -42.07937535709367 5.153237234118477e-15 10.472727272727273
v -41.989280184382515 -2.752122824403686 10.472727272727273
v -41.71938046761027 -5.492460636359699 10.472727272727273
v -41.2708319587999 -8.209278888652921 10.472727272727273
v -40.64555541152856 -10.890943748433509 10.472727272727273
v -39.84622835596587 -13.525971915075202 10.472727272727273
v -38.876273633278664 -16.103079793431558 10.472727272727273
v -37.73984473849964 -18.611231811922668 10.472727272727273
v -36.44180803462401 -21.039687678546823 10.472727272727273
v -34.98772191409596 -23.378048372459826 10.472727272727273
v -33.383812996918955 -25.61630067417867 10.472727272727273
v -31.63694946731294 -27.74486004372466 10.472727272727273
v -29.754611663095048 -29.754611663095016 10.472727272727273
v -27.744860043724685 -31.636949467312924 10.472727272727273
v -25.616300674178696 -33.38381299691894 10.472727272727273
v -23.378048372459865 -34.98772191409593 10.472727272727273
v -21.03968767854685 -36.441808034623996 10.472727272727273
v -18.611231811922682 -37.73984473849964 10.472727272727273
v -16.103079793431604 -38.87627363327865 10.472727272727273
v -13.525971915075232 -39.84622835596586 10.472727272727273
v -10.890943748433559 -40.64555541152855 10.472727272727273
v -8.209278888652953 -41.270831958799896 10.472727272727273
v -5.4924606363597475 -41.71938046761026 10.472727272727273
v -2.7521228244037177 -41.989280184382515 10.472727272727273
v -7.729855851177715e-15 -42.07937535709367 10.472727272727273
v 2.7521228244036653 -41.989280184382515 10.472727272727273
v 5.492460636359697 -41.71938046761027 10.472727272727273
v 8.2092788886529 -41.27083195879991 10.472727272727273
v 10.890943748433507 -40.64555541152856 10.472727272727273
v 13.525971915075218 -39.84622835596586 10.472727272727273
v 16.103079793431554 -38.876273633278664 10.472727272727273
v 18.611231811922668 -37.73984473849964 10.472727272727273
v 21.039687678546805 -36.44180803462402 10.472727272727273
v 23.37804837245982 -34.98772191409596 10.472727272727273
v 25.616300674178653 -33.38381299691897 10.472727272727273
v 27.744860043724657 -31.63694946731294 10.472727272727273
v 29.754611663095023 -29.754611663095037 10.472727272727273
v 31.63694946731291 -27.7448600437247 10.472727272727273
v 33.38381299691894 -25.6163006741787 10.472727272727273
v 34.98772191409592 -23.378048372459865 10.472727272727273
v 36.44180803462399 -21.03968767854685 10.472727272727273
v 37.73984473849962 -18.611231811922714 10.472727272727273
v 38.87627363327865 -16.103079793431604 10.472727272727273
v 39.84622835596586 -13.525971915075234 10.472727272727273
v 40.64555541152855 -10.89094374843356 10.472727272727273
v 41.270831958799896 -8.209278888652955 10.472727272727273
v 41.71938046761026 -5.492460636359751 10.472727272727273
v 41.989280184382515 -2.7521228244037204 10.472727272727273
v 45.603819903972024 0.0 11.127272727272727
v 45.50617862494472 2.9826325265676528 11.127272727272727
v 45.213672902809755 5.952492962754467 11.127272727272727
v 44.72755529197562 8.89686391023142 11.127272727272727
v 44.04990742268204 11.803137120573368 11.127272727272727
v 43.18363108713971 14.658867485714442 11.127272727272727
v 42.132435813610584 17.451826329811414 11.127272727272727
v 40.90082298163837 20.170053774311004 11.127272727272727
v 39.49406654645019 22.80190995198601 11.127272727272727
v 37.918190455070715 25.33612485063371 11.127272727272727
v 36.17994285085612 27.76184657299834 11.127272727272727
v 34.286767176908285 30.068687806261178 11.127272727272727
v 32.24677030210867 32.24677030210867 11.127272727272727
v 30.06868780626118 34.28676717690828 11.127272727272727
v 27.761846572998348 36.17994285085612 11.127272727272727
v 25.33612485063372 37.91819045507071 11.127272727272727
v 22.801909951986016 39.49406654645019 11.127272727272727
v 20.170053774311015 40.90082298163836 11.127272727272727
v 17.451826329811414 42.132435813610584 11.127272727272727
v 14.65886748571445 43.1836310871397 11.127272727272727
v 11.803137120573378 44.04990742268203 11.127272727272727
v 8.896863910231424 44.72755529197562 11.127272727272727
v 5.952492962754473 45.213672902809755 11.127272727272727
v 2.982632526567662 45.50617862494472 11.127272727272727
v 2.792428603714585e-15 45.603819903972024 11.127272727272727
v -2.982632526567646 45.50617862494472 11.127272727272727
v -5.952492962754458 45.21367290280976 11.127272727272727
v -8.896863910231408 44.72755529197563 11.127272727272727
v -11.803137120573362 44.04990742268204 11.127272727272727
v -14.658867485714435 43.18363108713971 11.127272727272727
v -17.4518263298114 42.13243581361059 11.127272727272727
v -20.170053774311 40.90082298163837 11.127272727272727
v -22.801909951986 39.49406654645019 11.127272727272727
v -25.3361248506337 37.91819045507072 11.127272727272727
v -27.761846572998333 36.17994285085613 11.127272727272727
v -30.068687806261163 34.2867671769083 11.127272727272727
v -32.246770302108665 32.24677030210867 11.127272727272727
v -34.28676717690828 30.06868780626118 11.127272727272727
v -36.179942850856115 27.76184657299836 11.127272727272727
v -37.91819045507071 25.336124850633723 11.127272727272727
v -39.494066546450185 22.801909951986026 11.127272727272727
v -40.90082298163836 20.170053774311025 11.127272727272727
v -42.132435813610584 17.451826329811418 11.127272727272727
v -43.1836310871397 14.658867485714453 11.127272727272727
v -44.04990742268203 11.80313712057338 11.127272727272727
v -44.72755529197562 8.896863910231437 11.127272727272727
v -45.213672902809755 5.952492962754485 11.127272727272727
v -45.50617862494472 2.9826325265676754 11.127272727272727
v -45.603819903972024 5.58485720742917e-15 11.127272727272727
v -45.50617862494472 -2.982632526567644 11.127272727272727
v -45.21367290280976 -5.952492962754455 11.127272727272727
v -44.72755529197563 -8.896863910231406 11.127272727272727
v -44.04990742268204 -11.80313712057335 11.127272727272727
v -43.18363108713971 -14.658867485714422 11.127272727272727
v -42.1324358136106 -17.45182632981139 11.127272727272727
v -40.90082298163837 -20.170053774310997 11.127272727272727
v -39.4940665464502 -22.801909951985998 11.127272727272727
v -37.91819045507072 -25.3361248506337 11.127272727272727
v -36.17994285085613 -27.761846572998333 11.127272727272727
v -34.2867671769083 -30.068687806261163 11.127272727272727
v -32.246770302108686 -32.24677030210865 11.127272727272727
v -30.068687806261188 -34.28676717690828 11.127272727272727
v -27.76184657299836 -36.17994285085611 11.127272727272727
v -25.336124850633745 -37.91819045507069 11.127272727272727
v -22.801909951986033 -39.494066546450185 11.127272727272727
v -20.17005377431101 -40.90082298163836 11.127272727272727
v -17.45182632981144 -42.13243581361058 11.127272727272727
v -14.658867485714456 -43.1836310871397 11.127272727272727
v -11.803137120573403 -44.049907422682026 11.127272727272727
v -8.89686391023144 -44.72755529197562 11.127272727272727
v -5.9524929627545085 -45.213672902809755 11.127272727272727
v -2.982632526567678 -45.50617862494472 11.127272727272727
v -8.377285811143754e-15 -45.603819903972024 11.127272727272727
v 2.982632526567621 -45.506178624944724 11.127272727272727
v 5.9524929627544525 -45.21367290280976 11.127272727272727
v 8.896863910231383 -44.727555291975634 11.127272727272727
v 11.803137120573348 -44.04990742268204 11.127272727272727
v 14.65886748571444 -43.18363108713971 11.127272727272727
v 17.451826329811386 -42.1324358136106 11.127272727272727
v 20.170053774310997 -40.90082298163837 11.127272727272727
v 22.80190995198598 -39.49406654645021 11.127272727272727
v 25.336124850633695 -37.91819045507072 11.127272727272727
v 27.761846572998312 -36.17994285085614 11.127272727272727
v 30.068687806261156 -34.2867671769083 11.127272727272727
v 32.24677030210866 -32.24677030210867 11.127272727272727
v 34.28676717690826 -30.068687806261202 11.127272727272727
v 36.17994285085611 -27.761846572998362 11.127272727272727
v 37.918190455070686 -25.336124850633745 11.127272727272727
v 39.49406654645018 -22.801909951986033 11.127272727272727
v 40.90082298163834 -20.17005377431105 11.127272727272727
v 42.13243581361058 -17.451826329811443 11.127272727272727
v 43.1836310871397 -14.658867485714458 11.127272727272727
v 44.049907422682026 -11.803137120573407 11.127272727272727
v 44.72755529197562 -8.896863910231442 11.127272727272727
v 45.213672902809755 -5.952492962754512 11.127272727272727
v 45.50617862494472 -2.9826325265676803 11.127272727272727
v 42.603819903972024 0.0 11.127272727272727
v 42.51260185522891 2.7864231388772236 11.127272727272727
v 42.239338318688326 5.5609143860943115 11.127272727272727
v 41.78519945076593 8.311592944183037 11.127272727272727
v 41.152129943814835 11.026679985265806 11.127272727272727
v 40.34284069865439 13.694549089804958 11.127272727272727
v 39.360797216076726 16.303776032716144 11.127272727272727
v 38.21020475704031 18.843187703654003 11.127272727272727
v 36.895990335096876 21.30190995198601 11.127272727272727
v 35.423781618163076 23.6694141515749 11.127272727272727
v 33.79988282998242 25.935562285972182 11.127272727272727
v 32.03124775447135 28.09065036096097 11.127272727272727
v 30.125449958549027 30.125449958549027 11.127272727272727
v 28.090650360960975 32.031247754471345 11.127272727272727
v 25.935562285972185 33.799882829982415 11.127272727272727
v 23.669414151574912 35.423781618163076 11.127272727272727
v 21.301909951986016 36.895990335096876 11.127272727272727
v 18.84318770365401 38.2102047570403 11.127272727272727
v 16.303776032716147 39.360797216076726 11.127272727272727
v 13.694549089804966 40.342840698654385 11.127272727272727
v 11.026679985265815 41.15212994381483 11.127272727272727
v 8.31159294418304 41.78519945076593 11.127272727272727
v 5.560914386094318 42.239338318688326 11.127272727272727
v 2.7864231388772325 42.51260185522891 11.127272727272727
v 2.6087315838424817e-15 42.603819903972024 11.127272727272727
v -2.7864231388772174 42.51260185522891 11.127272727272727
v -5.5609143860943036 42.23933831868833 11.127272727272727
v -8.311592944183024 41.78519945076594 11.127272727272727
v -11.026679985265801 41.152129943814835 11.127272727272727
v -13.694549089804951 40.34284069865439 11.127272727272727
v -16.303776032716133 39.36079721607673 11.127272727272727
v -18.843187703653996 38.21020475704031 11.127272727272727
v -21.301909951986 36.895990335096876 11.127272727272727
v -23.669414151574895 35.42378161816308 11.127272727272727
v -25.93556228597217 33.79988282998242 11.127272727272727
v -28.090650360960957 32.031247754471366 11.127272727272727
v -30.125449958549023 30.125449958549027 11.127272727272727
v -32.031247754471345 28.090650360960975 11.127272727272727
v -33.79988282998241 25.935562285972196 11.127272727272727
v -35.42378161816307 23.669414151574916 11.127272727272727
v -36.89599033509687 21.301909951986026 11.127272727272727
v -38.210204757040295 18.84318770365402 11.127272727272727
v -39.360797216076726 16.303776032716147 11.127272727272727
v -40.342840698654385 13.694549089804967 11.127272727272727
v -41.15212994381483 11.026679985265817 11.127272727272727
v -41.78519945076593 8.311592944183051 11.127272727272727
v -42.239338318688326 5.560914386094329 11.127272727272727
v -42.51260185522891 2.786423138877245 11.127272727272727
v -42.603819903972024 5.2174631676849634e-15 11.127272727272727
v -42.51260185522891 -2.786423138877215 11.127272727272727
v -42.23933831868833 -5.560914386094301 11.127272727272727
v -41.78519945076594 -8.311592944183023 11.127272727272727
v -41.152129943814835 -11.02667998526579 11.127272727272727
v -40.34284069865439 -13.694549089804939 11.127272727272727
v -39.36079721607673 -16.30377603271612 11.127272727272727
v -38.21020475704031 -18.843187703653996 11.127272727272727
v -36.89599033509688 -21.301909951986 11.127272727272727
v -35.42378161816309 -23.669414151574895 11.127272727272727
v -33.79988282998242 -25.93556228597217 11.127272727272727
v -32.031247754471366 -28.090650360960957 11.127272727272727
v -30.12544995854904 -30.12544995854901 11.127272727272727
v -28.090650360960982 -32.031247754471345 11.127272727272727
v -25.935562285972196 -33.79988282998241 11.127272727272727
v -23.669414151574937 -35.42378161816306 11.127272727272727
v -21.30190995198603 -36.89599033509687 11.127272727272727
v -18.843187703654007 -38.2102047570403 11.127272727272727
v -16.30377603271617 -39.36079721607672 11.127272727272727
v -13.694549089804969 -40.342840698654385 11.127272727272727
v -11.026679985265838 -41.15212994381482 11.127272727272727
v -8.311592944183054 -41.78519945076593 11.127272727272727
v -5.560914386094351 -42.239338318688326 11.127272727272727
v -2.786423138877247 -42.51260185522891 11.127272727272727
v -7.826194751527445e-15 -42.603819903972024 11.127272727272727
v 2.786423138877194 -42.51260185522891 11.127272727272727
v 5.560914386094298 -42.23933831868833 11.127272727272727
v 8.311592944183001 -41.785199450765944 11.127272727272727
v 11.026679985265787 -41.152129943814835 11.127272727272727
v 13.694549089804955 -40.34284069865439 11.127272727272727
v 16.30377603271612 -39.36079721607673 11.127272727272727
v 18.843187703653992 -38.21020475704031 11.127272727272727
v 21.301909951985984 -36.89599033509689 11.127272727272727
v 23.669414151574887 -35.42378161816309 11.127272727272727
v 25.935562285972154 -33.79988282998244 11.127272727272727
v 28.090650360960954 -32.031247754471366 11.127272727272727
v 30.125449958549016 -30.12544995854903 11.127272727272727
v 32.03124775447133 -28.090650360960996 11.127272727272727
v 33.79988282998241 -25.9355622859722 11.127272727272727
v 35.423781618163055 -23.669414151574937 11.127272727272727
v 36.89599033509686 -21.30190995198603 11.127272727272727
v 38.21020475704028 -18.843187703654042 11.127272727272727
v 39.36079721607672 -16.30377603271617 11.127272727272727
v 40.342840698654385 -13.694549089804973 11.127272727272727
v 41.15212994381482 -11.026679985265842 11.127272727272727
v 41.78519945076593 -8.311592944183056 11.127272727272727
v 42.239338318688326 -5.560914386094354 11.127272727272727
v 42.51260185522891 -2.7864231388772494 11.127272727272727
v 46.099957007396796 0.0 11.781818181818181
v 46.00125346074688 3.015081445658812 11.781818181818181
v 45.70556548453713 6.017251849683587 11.781818181818181
v 45.214159260076535 8.993655457502708 11.781818181818181
v 44.52913906426028 11.931546851921699 11.781818181818181
v 43.653438258733054 14.81834553095636 11.781818181818181
v 42.590806728784166 17.64168977947368 11.781818181818181
v 41.34579482576303 20.3894896039538 11.781818181818181
v 39.92373388177607 23.049978503698394 11.781818181818181
v 38.330713380104214 25.61176385679308 11.781818181818181
v 36.573554879100584 28.063875705063452 11.781818181818181
v 34.65978280123034 30.39581372912017 11.781818181818181
v 32.597592212338576 32.597592212338576 11.781818181818181
v 30.395813729120174 34.659782801230335 11.781818181818181
v 28.06387570506346 36.573554879100584 11.781818181818181
v 25.61176385679309 38.330713380104214 11.781818181818181
v 23.0499785036984 39.92373388177607 11.781818181818181
v 20.38948960395381 41.34579482576303 11.781818181818181
v 17.64168977947368 42.590806728784166 11.781818181818181
v 14.818345530956368 43.65343825873305 11.781818181818181
v 11.93154685192171 44.52913906426027 11.781818181818181
v 8.993655457502713 45.214159260076535 11.781818181818181
v 6.0172518496835945 45.70556548453713 11.781818181818181
v 3.0150814456588213 46.00125346074688 11.781818181818181
v 2.822808239496954e-15 46.099957007396796 11.781818181818181
v -3.0150814456588053 46.00125346074688 11.781818181818181
v -6.0172518496835785 45.70556548453714 11.781818181818181
v -8.993655457502696 45.21415926007654 11.781818181818181
v -11.931546851921693 44.52913906426028 11.781818181818181
v -14.818345530956353 43.653438258733054 11.781818181818181
v -17.641689779473666 42.59080672878417 11.781818181818181
v -20.38948960395379 41.34579482576303 11.781818181818181
v -23.049978503698387 39.92373388177607 11.781818181818181
v -25.61176385679307 38.33071338010422 11.781818181818181
v -28.063875705063445 36.57355487910059 11.781818181818181
v -30.395813729120157 34.65978280123036 11.781818181818181
v -32.59759221233857 32.597592212338576 11.781818181818181
v -34.659782801230335 30.395813729120174 11.781818181818181
v -36.57355487910058 28.06387570506347 11.781818181818181
v -38.33071338010421 25.611763856793097 11.781818181818181
v -39.923733881776066 23.049978503698412 11.781818181818181
v -41.34579482576302 20.389489603953816 11.781818181818181
v -42.590806728784166 17.641689779473683 11.781818181818181
v -43.65343825873305 14.818345530956371 11.781818181818181
v -44.52913906426027 11.931546851921711 11.781818181818181
v -45.214159260076535 8.993655457502726 11.781818181818181
v -45.70556548453713 6.017251849683607 11.781818181818181
v -46.00125346074688 3.015081445658835 11.781818181818181
v -46.099957007396796 5.645616478993908e-15 11.781818181818181
v -46.00125346074688 -3.015081445658803 11.781818181818181
v -45.70556548453714 -6.017251849683576 11.781818181818181
v -45.21415926007654 -8.993655457502694 11.781818181818181
v -44.52913906426028 -11.93154685192168 11.781818181818181
v -43.65343825873306 -14.818345530956341 11.781818181818181
v -42.59080672878418 -17.64168977947365 11.781818181818181
v -41.34579482576303 -20.38948960395379 11.781818181818181
v -39.92373388177608 -23.049978503698384 11.781818181818181
v -38.33071338010423 -25.61176385679307 11.781818181818181
v -36.57355487910059 -28.063875705063445 11.781818181818181
v -34.65978280123036 -30.395813729120157 11.781818181818181
v -32.59759221233859 -32.597592212338554 11.781818181818181
v -30.39581372912018 -34.659782801230335 11.781818181818181
v -28.06387570506347 -36.57355487910057 11.781818181818181
v -25.611763856793115 -38.3307133801042 11.781818181818181
v -23.04997850369842 -39.923733881776066 11.781818181818181
v -20.389489603953802 -41.34579482576303 11.781818181818181
v -17.641689779473705 -42.59080672878416 11.781818181818181
v -14.818345530956373 -43.65343825873305 11.781818181818181
v -11.931546851921734 -44.529139064260264 11.781818181818181
v -8.993655457502728 -45.21415926007653 11.781818181818181
v -6.01725184968363 -45.70556548453713 11.781818181818181
v -3.0150814456588373 -46.00125346074688 11.781818181818181
v -8.468424718490862e-15 -46.099957007396796 11.781818181818181
v 3.01508144565878 -46.00125346074689 11.781818181818181
v 6.017251849683573 -45.70556548453714 11.781818181818181
v 8.99365545750267 -45.21415926007654 11.781818181818181
v 11.931546851921677 -44.52913906426028 11.781818181818181
v 14.818345530956359 -43.653438258733054 11.781818181818181
v 17.64168977947365 -42.59080672878418 11.781818181818181
v 20.389489603953788 -41.34579482576303 11.781818181818181
v 23.049978503698366 -39.92373388177609 11.781818181818181
v 25.611763856793065 -38.33071338010423 11.781818181818181
v 28.063875705063424 -36.573554879100605 11.781818181818181
v 30.39581372912015 -34.65978280123036 11.781818181818181
v 32.59759221233857 -32.59759221233858 11.781818181818181
v 34.65978280123032 -30.395813729120196 11.781818181818181
v 36.57355487910057 -28.063875705063474 11.781818181818181
v 38.33071338010419 -25.611763856793115 11.781818181818181
v 39.92373388177606 -23.04997850369842 11.781818181818181
v 41.34579482576301 -20.38948960395384 11.781818181818181
v 42.59080672878416 -17.641689779473708 11.781818181818181
v 43.65343825873305 -14.818345530956377 11.781818181818181
v 44.529139064260264 -11.931546851921738 11.781818181818181
v 45.21415926007653 -8.993655457502731 11.781818181818181
v 45.70556548453713 -6.017251849683634 11.781818181818181
v 46.00125346074688 -3.01508144565884 11.781818181818181
v 43.099957007396796 0.0 11.781818181818181
v 43.00767669103107 2.818872057968383 11.781818181818181
v 42.7312309004157 5.625673273023433 11.781818181818181
v 42.271803418866845 8.408384491454324 11.781818181818181
v 41.63136158539307 11.155089716614135 11.781818181818181
v 40.81264787024774 13.854027135046875 11.781818181818181
v 39.81916813125031 16.49363948237841 11.781818181818181
v 38.65517660116497 19.062623533296794 11.781818181818181
v 37.32565767042276 21.549978503698394 11.781818181818181
v 35.83630454319658 23.945053157734275 11.781818181818181
v 34.19349485822688 26.237591418037294 11.781818181818181
v 32.40426337879341 28.417776283819965 11.781818181818181
v 30.476271868778934 30.476271868778934 11.781818181818181
v 28.41777628381997 32.4042633787934 11.781818181818181
v 26.237591418037297 34.19349485822688 11.781818181818181
v 23.945053157734282 35.836304543196576 11.781818181818181
v 21.5499785036984 37.32565767042276 11.781818181818181
v 19.062623533296804 38.65517660116496 11.781818181818181
v 16.493639482378413 39.81916813125031 11.781818181818181
v 13.854027135046882 40.81264787024773 11.781818181818181
v 11.155089716614146 41.631361585393066 11.781818181818181
v 8.408384491454328 42.271803418866845 11.781818181818181
v 5.625673273023439 42.7312309004157 11.781818181818181
v 2.8188720579683917 43.00767669103107 11.781818181818181
v 2.639111219624851e-15 43.099957007396796 11.781818181818181
v -2.8188720579683766 43.00767669103107 11.781818181818181
v -5.625673273023424 42.73123090041571 11.781818181818181
v -8.408384491454312 42.271803418866845 11.781818181818181
v -11.155089716614132 41.63136158539307 11.781818181818181
v -13.854027135046868 40.81264787024774 11.781818181818181
v -16.4936394823784 39.819168131250315 11.781818181818181
v -19.06262353329679 38.65517660116497 11.781818181818181
v -21.549978503698387 37.32565767042276 11.781818181818181
v -23.945053157734264 35.83630454319658 11.781818181818181
v -26.237591418037283 34.193494858226885 11.781818181818181
v -28.41777628381995 32.404263378793424 11.781818181818181
v -30.47627186877893 30.476271868778934 11.781818181818181
v -32.4042633787934 28.41777628381997 11.781818181818181
v -34.19349485822687 26.237591418037308 11.781818181818181
v -35.83630454319657 23.94505315773429 11.781818181818181
v -37.32565767042275 21.549978503698412 11.781818181818181
v -38.65517660116496 19.06262353329681 11.781818181818181
v -39.81916813125031 16.493639482378413 11.781818181818181
v -40.81264787024773 13.854027135046886 11.781818181818181
v -41.631361585393066 11.155089716614148 11.781818181818181
v -42.271803418866845 8.40838449145434 11.781818181818181
v -42.7312309004157 5.625673273023451 11.781818181818181
v -43.00767669103107 2.818872057968404 11.781818181818181
v -43.099957007396796 5.278222439249702e-15 11.781818181818181
v -43.00767669103107 -2.8188720579683744 11.781818181818181
v -42.73123090041571 -5.6256732730234225 11.781818181818181
v -42.271803418866845 -8.40838449145431 11.781818181818181
v -41.63136158539307 -11.15508971661412 11.781818181818181
v -40.81264787024774 -13.854027135046858 11.781818181818181
v -39.819168131250315 -16.493639482378384 11.781818181818181
v -38.65517660116497 -19.062623533296787 11.781818181818181
v -37.325657670422764 -21.549978503698387 11.781818181818181
v -35.83630454319659 -23.945053157734264 11.781818181818181
v -34.193494858226885 -26.237591418037283 11.781818181818181
v -32.404263378793424 -28.41777628381995 11.781818181818181
v -30.476271868778948 -30.476271868778916 11.781818181818181
v -28.417776283819975 -32.4042633787934 11.781818181818181
v -26.237591418037308 -34.19349485822686 11.781818181818181
v -23.945053157734307 -35.83630454319656 11.781818181818181
v -21.549978503698416 -37.32565767042275 11.781818181818181
v -19.062623533296797 -38.65517660116496 11.781818181818181
v -16.493639482378434 -39.8191681312503 11.781818181818181
v -13.854027135046888 -40.81264787024773 11.781818181818181
v -11.15508971661417 -41.63136158539306 11.781818181818181
v -8.408384491454342 -42.27180341886684 11.781818181818181
v -5.625673273023472 -42.731230900415696 11.781818181818181
v -2.818872057968407 -43.00767669103107 11.781818181818181
v -7.917333658874552e-15 -43.099957007396796 11.781818181818181
v 2.8188720579683526 -43.00767669103107 11.781818181818181
v 5.62567327302342 -42.73123090041571 11.781818181818181
v 8.408384491454289 -42.27180341886685 11.781818181818181
v 11.155089716614118 -41.63136158539307 11.781818181818181
v 13.854027135046874 -40.81264787024774 11.781818181818181
v 16.493639482378384 -39.819168131250315 11.781818181818181
v 19.062623533296783 -38.65517660116497 11.781818181818181
v 21.54997850369837 -37.32565767042277 11.781818181818181
v 23.94505315773426 -35.83630454319659 11.781818181818181
v 26.237591418037262 -34.1934948582269 11.781818181818181
v 28.417776283819943 -32.404263378793424 11.781818181818181
v 30.476271868778923 -30.476271868778937 11.781818181818181
v 32.40426337879339 -28.41777628381999 11.781818181818181
v 34.19349485822686 -26.23759141803731 11.781818181818181
v 35.836304543196555 -23.945053157734307 11.781818181818181
v 37.32565767042274 -21.549978503698416 11.781818181818181
v 38.655176601164946 -19.062623533296833 11.781818181818181
v 39.8191681312503 -16.493639482378434 11.781818181818181
v 40.81264787024773 -13.854027135046891 11.781818181818181
v 41.63136158539306 -11.155089716614173 11.781818181818181
v 42.27180341886684 -8.408384491454344 11.781818181818181
v 42.731230900415696 -5.625673273023476 11.781818181818181
v 43.00767669103107 -2.818872057968409 11.781818181818181
v 46.569481746386266 0.0 12.436363636363637
v 46.4697729112288 3.0457898328396893 12.436363636363637
v 46.17107337429613 6.078537126016997 12.436363636363637
v 45.67466221286258 9.085255190026704 12.436363636363637
v 44.982665135731835 12.053068796518962 12.436363636363637
v 44.09804538062551 14.969269312003743 12.436363636363637
v 43.02459102514425 17.82136911817049 12.436363636363637
v 41.76689876563794 20.59715508578687 12.436363636363637
v 40.330354233446215 23.28474087319313 12.436363636363637
v 38.721108932798245 25.872617825441928 12.436363636363637
v 36.94605389912725 28.34970425612563 12.436363636363637
v 35.0127901905988 30.70539290085883 12.436363636363637
v 32.92959633921288 32.92959633921288 12.436363636363637
v 30.705392900858836 35.0127901905988 12.436363636363637
v 28.349704256125637 36.94605389912725 12.436363636363637
v 25.87261782544194 38.72110893279824 12.436363636363637
v 23.284740873193137 40.33035423344621 12.436363636363637
v 20.597155085786877 41.76689876563793 12.436363636363637
v 17.821369118170495 43.02459102514425 12.436363636363637
v 14.96926931200375 44.0980453806255 12.436363636363637
v 12.053068796518973 44.982665135731835 12.436363636363637
v 9.085255190026707 45.67466221286258 12.436363636363637
v 6.078537126017003 46.17107337429613 12.436363636363637
v 3.045789832839699 46.4697729112288 12.436363636363637
v 2.8515583379331517e-15 46.569481746386266 12.436363636363637
v -3.045789832839683 46.4697729112288 12.436363636363637
v -6.078537126016988 46.17107337429613 12.436363636363637
v -9.08525519002669 45.67466221286258 12.436363636363637
v -12.053068796518959 44.982665135731835 12.436363636363637
v -14.969269312003735 44.09804538062551 12.436363636363637
v -17.82136911817048 43.02459102514425 12.436363636363637
v -20.597155085786863 41.76689876563794 12.436363636363637
v -23.284740873193122 40.330354233446215 12.436363636363637
v -25.872617825441917 38.72110893279825 12.436363636363637
v -28.34970425612562 36.94605389912726 12.436363636363637
v -30.705392900858815 35.012790190598814 12.436363636363637
v -32.92959633921287 32.92959633921288 12.436363636363637
v -35.0127901905988 30.705392900858836 12.436363636363637
v -36.94605389912724 28.349704256125644 12.436363636363637
v -38.72110893279824 25.872617825441942 12.436363636363637
v -40.3303542334462 23.284740873193147 12.436363636363637
v -41.766898765637926 20.597155085786888 12.436363636363637
v -43.02459102514425 17.821369118170498 12.436363636363637
v -44.0980453806255 14.969269312003753 12.436363636363637
v -44.982665135731835 12.053068796518977 12.436363636363637
v -45.67466221286258 9.08525519002672 12.436363636363637
v -46.17107337429613 6.078537126017016 12.436363636363637
v -46.4697729112288 3.045789832839713 12.436363636363637
v -46.569481746386266 5.7031166758663035e-15 12.436363636363637
v -46.4697729112288 -3.0457898328396804 12.436363636363637
v -46.17107337429613 -6.078537126016985 12.436363636363637
v -45.67466221286258 -9.085255190026688 12.436363636363637
v -44.98266513573184 -12.053068796518945 12.436363636363637
v -44.098045380625514 -14.969269312003721 12.436363636363637
v -43.024591025144254 -17.821369118170466 12.436363636363637
v -41.76689876563794 -20.59715508578686 12.436363636363637
v -40.33035423344622 -23.28474087319312 12.436363636363637
v -38.72110893279826 -25.872617825441917 12.436363636363637
v -36.94605389912726 -28.34970425612562 12.436363636363637
v -35.012790190598814 -30.705392900858815 12.436363636363637
v -32.92959633921289 -32.92959633921286 12.436363636363637
v -30.70539290085884 -35.0127901905988 12.436363636363637
v -28.349704256125644 -36.946053899127236 12.436363636363637
v -25.872617825441964 -38.721108932798224 12.436363636363637
v -23.284740873193154 -40.3303542334462 12.436363636363637
v -20.597155085786873 -41.76689876563793 12.436363636363637
v -17.82136911817052 -43.02459102514423 12.436363636363637
v -14.969269312003755 -44.0980453806255 12.436363636363637
v -12.053068796519 -44.98266513573183 12.436363636363637
v -9.085255190026723 -45.67466221286257 12.436363636363637
v -6.078537126017039 -46.17107337429612 12.436363636363637
v -3.045789832839715 -46.4697729112288 12.436363636363637
v -8.554675013799455e-15 -46.569481746386266 12.436363636363637
v 3.045789832839657 -46.4697729112288 12.436363636363637
v 6.0785371260169825 -46.17107337429613 12.436363636363637
v 9.085255190026665 -45.674662212862586 12.436363636363637
v 12.053068796518943 -44.98266513573184 12.436363636363637
v 14.96926931200374 -44.09804538062551 12.436363636363637
v 17.821369118170463 -43.024591025144254 12.436363636363637
v 20.59715508578686 -41.76689876563794 12.436363636363637
v 23.2847408731931 -40.33035423344623 12.436363636363637
v 25.872617825441914 -38.72110893279826 12.436363636363637
v 28.349704256125598 -36.94605389912727 12.436363636363637
v 30.705392900858808 -35.012790190598814 12.436363636363637
v 32.929596339212864 -32.92959633921288 12.436363636363637
v 35.01279019059878 -30.705392900858858 12.436363636363637
v 36.946053899127236 -28.34970425612565 12.436363636363637
v 38.721108932798224 -25.872617825441964 12.436363636363637
v 40.3303542334462 -23.284740873193154 12.436363636363637
v 41.76689876563791 -20.597155085786913 12.436363636363637
v 43.02459102514423 -17.82136911817052 12.436363636363637
v 44.0980453806255 -14.969269312003759 12.436363636363637
v 44.98266513573183 -12.053068796519002 12.436363636363637
v 45.67466221286257 -9.085255190026725 12.436363636363637
v 46.17107337429612 -6.078537126017044 12.436363636363637
v 46.4697729112288 -3.0457898328397177 12.436363636363637
v 43.569481746386266 0.0 12.436363636363637
v 43.476196141512986 2.84958044514926 12.436363636363637
v 43.19673879017469 5.686958549356842 12.436363636363637
v 42.73230637165288 8.499984223978318 12.436363636363637
v 42.08488765686463 11.276611661211401 12.436363636363637
v 41.25725499214019 14.004950916094257 12.436363636363637
v 40.25295242761038 16.673318821075224 12.436363636363637
v 39.07628054103987 19.270289015129865 12.436363636363637
v 37.7322780220929 21.78474087319313 12.436363636363637
v 36.226700095890614 24.20590712638312 12.436363636363637
v 34.56599387825355 26.523419969099468 12.436363636363637
v 32.75727076816187 28.727355455558623 12.436363636363637
v 30.808275995653233 30.808275995653233 12.436363636363637
v 28.72735545555863 32.75727076816187 12.436363636363637
v 26.523419969099475 34.56599387825354 12.436363636363637
v 24.20590712638313 36.22670009589061 12.436363636363637
v 21.784740873193137 37.73227802209289 12.436363636363637
v 19.270289015129876 39.07628054103987 12.436363636363637
v 16.673318821075224 40.25295242761038 12.436363636363637
v 14.004950916094264 41.25725499214018 12.436363636363637
v 11.27661166121141 42.08488765686463 12.436363636363637
v 8.499984223978322 42.73230637165288 12.436363636363637
v 5.686958549356848 43.19673879017469 12.436363636363637
v 2.8495804451492694 43.476196141512986 12.436363636363637
v 2.6678613180610486e-15 43.569481746386266 12.436363636363637
v -2.8495804451492543 43.476196141512986 12.436363636363637
v -5.6869585493568335 43.1967387901747 12.436363636363637
v -8.499984223978306 42.73230637165289 12.436363636363637
v -11.276611661211396 42.08488765686463 12.436363636363637
v -14.00495091609425 41.25725499214019 12.436363636363637
v -16.67331882107521 40.25295242761039 12.436363636363637
v -19.27028901512986 39.07628054103987 12.436363636363637
v -21.784740873193122 37.7322780220929 12.436363636363637
v -24.205907126383114 36.226700095890614 12.436363636363637
v -26.523419969099457 34.56599387825355 12.436363636363637
v -28.72735545555861 32.75727076816188 12.436363636363637
v -30.808275995653226 30.808275995653233 12.436363636363637
v -32.75727076816187 28.72735545555863 12.436363636363637
v -34.565993878253536 26.523419969099482 12.436363636363637
v -36.2267000958906 24.205907126383135 12.436363636363637
v -37.732278022092885 21.784740873193147 12.436363636363637
v -39.076280541039864 19.270289015129883 12.436363636363637
v -40.25295242761038 16.673318821075227 12.436363636363637
v -41.25725499214018 14.004950916094268 12.436363636363637
v -42.08488765686463 11.276611661211414 12.436363636363637
v -42.73230637165288 8.499984223978334 12.436363636363637
v -43.19673879017469 5.68695854935686 12.436363636363637
v -43.476196141512986 2.849580445149282 12.436363636363637
v -43.569481746386266 5.335722636122097e-15 12.436363636363637
v -43.476196141512986 -2.8495804451492517 12.436363636363637
v -43.1967387901747 -5.686958549356831 12.436363636363637
v -42.73230637165289 -8.499984223978304 12.436363636363637
v -42.08488765686464 -11.276611661211383 12.436363636363637
v -41.2572549921402 -14.004950916094238 12.436363636363637
v -40.252952427610396 -16.6733188210752 12.436363636363637
v -39.07628054103987 -19.27028901512986 12.436363636363637
v -37.732278022092906 -21.784740873193122 12.436363636363637
v -36.22670009589062 -24.205907126383114 12.436363636363637
v -34.56599387825355 -26.523419969099457 12.436363636363637
v -32.75727076816188 -28.72735545555861 12.436363636363637
v -30.808275995653247 -30.80827599565321 12.436363636363637
v -28.727355455558634 -32.75727076816187 12.436363636363637
v -26.523419969099482 -34.565993878253536 12.436363636363637
v -24.205907126383156 -36.22670009589059 12.436363636363637
v -21.78474087319315 -37.732278022092885 12.436363636363637
v -19.27028901512987 -39.07628054103987 12.436363636363637
v -16.673318821075245 -40.252952427610374 12.436363636363637
v -14.00495091609427 -41.25725499214018 12.436363636363637
v -11.276611661211435 -42.08488765686462 12.436363636363637
v -8.499984223978336 -42.73230637165288 12.436363636363637
v -5.686958549356882 -43.19673879017469 12.436363636363637
v -2.8495804451492845 -43.476196141512986 12.436363636363637
v -8.003583954183145e-15 -43.569481746386266 12.436363636363637
v 2.84958044514923 -43.47619614151299 12.436363636363637
v 5.686958549356829 -43.1967387901747 12.436363636363637
v 8.499984223978283 -42.732306371652896 12.436363636363637
v 11.276611661211382 -42.08488765686464 12.436363636363637
v 14.004950916094256 -41.25725499214019 12.436363636363637
v 16.673318821075195 -40.252952427610396 12.436363636363637
v 19.270289015129855 -39.07628054103987 12.436363636363637
v 21.784740873193105 -37.73227802209291 12.436363636363637
v 24.205907126383106 -36.22670009589062 12.436363636363637
v 26.52341996909944 -34.565993878253565 12.436363636363637
v 28.727355455558605 -32.75727076816188 12.436363636363637
v 30.808275995653222 -30.808275995653236 12.436363636363637
v 32.75727076816185 -28.727355455558648 12.436363636363637
v 34.565993878253536 -26.52341996909949 12.436363636363637
v 36.226700095890585 -24.205907126383156 12.436363636363637
v 37.732278022092885 -21.78474087319315 12.436363636363637
v 39.07628054103985 -19.270289015129904 12.436363636363637
v 40.252952427610374 -16.67331882107525 12.436363636363637
v 41.25725499214018 -14.004950916094272 12.436363636363637
v 42.08488765686462 -11.276611661211437 12.436363636363637
v 42.73230637165288 -8.49998422397834 12.436363636363637
v 43.19673879017469 -5.686958549356886 12.436363636363637
v 43.476196141512986 -2.8495804451492868 12.436363636363637
v 47.01405672805859 0.0 13.090909090909092
v 46.91339602373917 3.0748664278184927 13.090909090909092
v 46.61184495537051 6.136565805530984 13.090909090909092
v 46.110694810922325 9.171987466361472 13.090909090909092
v 45.41209159225112 12.168133268751864 13.090909090909092
v 44.519026825590764 15.112173256399657 13.090909090909092
v 43.435324751377884 17.991500598100505 13.090909090909092
v 42.16562594826724 20.79378557213486 13.090909090909092
v 40.71536746146145 23.507028364029292 13.090909090909092
v 39.09075952044874 26.119610451604306 13.090909090909092
v 37.298758945846906 28.62034435727 13.090909090909092
v 35.34703935922929 30.998521554522668 13.090909090909092
v 33.243958323499264 33.243958323499264 13.090909090909092
v 30.99852155452267 35.347039359229285 13.090909090909092
v 28.620344357270007 37.2987589458469 13.090909090909092
v 26.119610451604316 39.09075952044874 13.090909090909092
v 23.5070283640293 40.71536746146144 13.090909090909092
v 20.79378557213487 42.165625948267234 13.090909090909092
v 17.991500598100508 43.435324751377884 13.090909090909092
v 15.112173256399664 44.519026825590764 13.090909090909092
v 12.168133268751875 45.41209159225112 13.090909090909092
v 9.171987466361475 46.110694810922325 13.090909090909092
v 6.136565805530991 46.61184495537051 13.090909090909092
v 3.0748664278185025 46.91339602373917 13.090909090909092
v 2.878780704347452e-15 47.01405672805859 13.090909090909092
v -3.0748664278184865 46.91339602373917 13.090909090909092
v -6.136565805530975 46.611844955370515 13.090909090909092
v -9.171987466361458 46.11069481092233 13.090909090909092
v -12.168133268751859 45.41209159225112 13.090909090909092
v -15.11217325639965 44.519026825590764 13.090909090909092
v -17.99150059810049 43.43532475137789 13.090909090909092
v -20.79378557213485 42.16562594826724 13.090909090909092
v -23.507028364029285 40.71536746146145 13.090909090909092
v -26.119610451604295 39.09075952044875 13.090909090909092
v -28.62034435726999 37.29875894584691 13.090909090909092
v -30.99852155452265 35.347039359229306 13.090909090909092
v -33.24395832349926 33.243958323499264 13.090909090909092
v -35.347039359229285 30.99852155452267 13.090909090909092
v -37.2987589458469 28.620344357270017 13.090909090909092
v -39.090759520448735 26.119610451604323 13.090909090909092
v -40.71536746146144 23.50702836402931 13.090909090909092
v -42.165625948267234 20.79378557213488 13.090909090909092
v -43.435324751377884 17.991500598100508 13.090909090909092
v -44.519026825590764 15.112173256399668 13.090909090909092
v -45.41209159225112 12.168133268751879 13.090909090909092
v -46.110694810922325 9.171987466361488 13.090909090909092
v -46.61184495537051 6.136565805531005 13.090909090909092
v -46.91339602373917 3.0748664278185163 13.090909090909092
v -47.01405672805859 5.757561408694904e-15 13.090909090909092
v -46.91339602373917 -3.074866427818484 13.090909090909092
v -46.611844955370515 -6.136565805530973 13.090909090909092
v -46.11069481092233 -9.171987466361456 13.090909090909092
v -45.41209159225113 -12.168133268751847 13.090909090909092
v -44.51902682559077 -15.112173256399636 13.090909090909092
v -43.4353247513779 -17.99150059810048 13.090909090909092
v -42.16562594826724 -20.79378557213485 13.090909090909092
v -40.715367461461454 -23.50702836402928 13.090909090909092
v -39.090759520448756 -26.119610451604295 13.090909090909092
v -37.29875894584691 -28.62034435726999 13.090909090909092
v -35.347039359229306 -30.99852155452265 13.090909090909092
v -33.24395832349928 -33.24395832349924 13.090909090909092
v -30.99852155452268 -35.347039359229285 13.090909090909092
v -28.620344357270017 -37.29875894584689 13.090909090909092
v -26.119610451604345 -39.09075952044873 13.090909090909092
v -23.507028364029317 -40.71536746146144 13.090909090909092
v -20.793785572134862 -42.165625948267234 13.090909090909092
v -17.99150059810053 -43.43532475137788 13.090909090909092
v -15.11217325639967 -44.519026825590764 13.090909090909092
v -12.168133268751902 -45.412091592251116 13.090909090909092
v -9.171987466361491 -46.110694810922325 13.090909090909092
v -6.136565805531028 -46.6118449553705 13.090909090909092
v -3.074866427818519 -46.91339602373917 13.090909090909092
v -8.636342113042355e-15 -47.01405672805859 13.090909090909092
v 3.0748664278184603 -46.913396023739175 13.090909090909092
v 6.13656580553097 -46.611844955370515 13.090909090909092
v 9.171987466361433 -46.11069481092234 13.090909090909092
v 12.168133268751845 -45.41209159225113 13.090909090909092
v 15.112173256399656 -44.519026825590764 13.090909090909092
v 17.991500598100476 -43.4353247513779 13.090909090909092
v 20.793785572134848 -42.16562594826724 13.090909090909092
v 23.507028364029264 -40.71536746146146 13.090909090909092
v 26.11961045160429 -39.090759520448756 13.090909090909092
v 28.620344357269968 -37.29875894584693 13.090909090909092
v 30.998521554522647 -35.347039359229306 13.090909090909092
v 33.24395832349925 -33.243958323499264 13.090909090909092
v 35.34703935922927 -30.998521554522693 13.090909090909092
v 37.29875894584689 -28.62034435727002 13.090909090909092
v 39.09075952044872 -26.119610451604345 13.090909090909092
v 40.71536746146143 -23.507028364029317 13.090909090909092
v 42.16562594826721 -20.7937855721349 13.090909090909092
v 43.43532475137788 -17.991500598100533 13.090909090909092
v 44.519026825590764 -15.112173256399673 13.090909090909092
v 45.412091592251116 -12.168133268751903 13.090909090909092
v 46.110694810922325 -9.171987466361493 13.090909090909092
v 46.6118449553705 -6.136565805531031 13.090909090909092
v 46.91339602373917 -3.0748664278185216 13.090909090909092
v 44.01405672805859 0.0 13.090909090909092
v 43.91981925402336 2.8786570401280636 13.090909090909092
v 43.63751037124908 5.74498722887083 13.090909090909092
v 43.168338969712636 8.586716500313086 13.090909090909092
v 42.51431411338392 11.391676133444303 13.090909090909092
v 41.67823643710545 14.147854860490172 13.090909090909092
v 40.663686153844026 16.843450301005234 13.090909090909092
v 39.47500772366918 19.466919501477854 13.090909090909092
v 38.11729125010813 22.007028364029292 13.090909090909092
v 36.59635068354111 24.452899752545502 13.090909090909092
v 34.9186989249732 26.794060070243837 13.090909090909092
v 33.09151993679236 29.020484109222462 13.090909090909092
v 31.12263797993962 31.12263797993962 13.090909090909092
v 29.020484109222465 33.09151993679236 13.090909090909092
v 26.794060070243845 34.9186989249732 13.090909090909092
v 24.45289975254551 36.596350683541104 13.090909090909092
v 22.0070283640293 38.117291250108124 13.090909090909092
v 19.466919501477864 39.47500772366917 13.090909090909092
v 16.843450301005237 40.663686153844026 13.090909090909092
v 14.147854860490181 41.67823643710545 13.090909090909092
v 11.391676133444312 42.51431411338392 13.090909090909092
v 8.58671650031309 43.168338969712636 13.090909090909092
v 5.744987228870836 43.63751037124908 13.090909090909092
v 2.878657040128073 43.91981925402336 13.090909090909092
v 2.695083684475349e-15 44.01405672805859 13.090909090909092
v -2.878657040128058 43.91981925402336 13.090909090909092
v -5.744987228870821 43.63751037124908 13.090909090909092
v -8.586716500313074 43.16833896971264 13.090909090909092
v -11.391676133444298 42.51431411338392 13.090909090909092
v -14.147854860490165 41.67823643710545 13.090909090909092
v -16.843450301005223 40.66368615384403 13.090909090909092
v -19.46691950147785 39.47500772366918 13.090909090909092
v -22.007028364029285 38.11729125010813 13.090909090909092
v -24.45289975254549 36.59635068354111 13.090909090909092
v -26.79406007024383 34.91869892497321 13.090909090909092
v -29.020484109222448 33.09151993679237 13.090909090909092
v -31.122637979939615 31.12263797993962 13.090909090909092
v -33.09151993679236 29.020484109222465 13.090909090909092
v -34.91869892497319 26.794060070243855 13.090909090909092
v -36.5963506835411 24.452899752545516 13.090909090909092
v -38.117291250108124 22.00702836402931 13.090909090909092
v -39.475007723669165 19.466919501477875 13.090909090909092
v -40.663686153844026 16.84345030100524 13.090909090909092
v -41.67823643710545 14.147854860490183 13.090909090909092
v -42.51431411338392 11.391676133444316 13.090909090909092
v -43.168338969712636 8.586716500313102 13.090909090909092
v -43.63751037124908 5.744987228870849 13.090909090909092
v -43.91981925402336 2.8786570401280858 13.090909090909092
v -44.01405672805859 5.390167368950698e-15 13.090909090909092
v -43.91981925402336 -2.878657040128055 13.090909090909092
v -43.63751037124908 -5.744987228870819 13.090909090909092
v -43.16833896971264 -8.586716500313072 13.090909090909092
v -42.514314113383925 -11.391676133444285 13.090909090909092
v -41.678236437105454 -14.147854860490153 13.090909090909092
v -40.66368615384403 -16.84345030100521 13.090909090909092
v -39.47500772366918 -19.466919501477847 13.090909090909092
v -38.11729125010814 -22.007028364029285 13.090909090909092
v -36.59635068354112 -24.45289975254549 13.090909090909092
v -34.91869892497321 -26.79406007024383 13.090909090909092
v -33.09151993679237 -29.020484109222448 13.090909090909092
v -31.122637979939633 -31.122637979939597 13.090909090909092
v -29.02048410922247 -33.09151993679236 13.090909090909092
v -26.794060070243855 -34.918698924973185 13.090909090909092
v -24.452899752545534 -36.59635068354109 13.090909090909092
v -22.007028364029317 -38.117291250108124 13.090909090909092
v -19.466919501477857 -39.47500772366917 13.090909090909092
v -16.84345030100526 -40.66368615384402 13.090909090909092
v -14.147854860490185 -41.67823643710545 13.090909090909092
v -11.391676133444337 -42.51431411338391 13.090909090909092
v -8.586716500313106 -43.16833896971263 13.090909090909092
v -5.74498722887087 -43.63751037124907 13.090909090909092
v -2.878657040128088 -43.91981925402336 13.090909090909092
v -8.085251053426047e-15 -44.01405672805859 13.090909090909092
v 2.8786570401280334 -43.91981925402336 13.090909090909092
v 5.744987228870817 -43.63751037124908 13.090909090909092
v 8.58671650031305 -43.16833896971264 13.090909090909092
v 11.391676133444284 -42.514314113383925 13.090909090909092
v 14.14785486049017 -41.67823643710545 13.090909090909092
v 16.84345030100521 -40.66368615384403 13.090909090909092
v 19.466919501477843 -39.47500772366918 13.090909090909092
v 22.007028364029267 -38.117291250108146 13.090909090909092
v 24.452899752545488 -36.59635068354112 13.090909090909092
v 26.79406007024381 -34.91869892497322 13.090909090909092
v 29.02048410922244 -33.09151993679237 13.090909090909092
v 31.122637979939608 -31.122637979939622 13.090909090909092
v 33.09151993679234 -29.020484109222487 13.090909090909092
v 34.918698924973185 -26.79406007024386 13.090909090909092
v 36.59635068354108 -24.452899752545534 13.090909090909092
v 38.11729125010812 -22.007028364029317 13.090909090909092
v 39.47500772366915 -19.466919501477896 13.090909090909092
v 40.66368615384402 -16.843450301005262 13.090909090909092
v 41.67823643710545 -14.147854860490188 13.090909090909092
v 42.51431411338391 -11.39167613344434 13.090909090909092
v 43.16833896971263 -8.586716500313107 13.090909090909092
v 43.63751037124907 -5.744987228870874 13.090909090909092
v 43.91981925402336 -2.8786570401280906 13.090909090909092
v 47.43526685130774 0.0 13.745454545454546
v 47.33370430378176 3.1024148879424014 13.745454545454546
v 47.029451567624506 6.191544759043234 13.745454545454546
v 46.52381149976192 9.2541614849426 13.745454545454546
v 45.81894932859188 12.277150470638725 13.745454545454546
v 44.91788338214373 15.247566813197142 13.745454545454546
v 43.82447216313433 18.15269073381241 13.745454545454546
v 42.543397826267025 20.980082045853706 13.745454545454546
v 41.08014612852639 23.717633425653865 13.745454545454546
v 39.44098293832462 26.353622257928052 13.745454545454546
v 37.6329274040911 28.87676083381209 13.745454545454546
v 35.66372189720113 31.276244686564777 13.745454545454546
v 33.541798857953154 33.541798857953154 13.745454545454546
v 31.27624468656478 35.66372189720112 13.745454545454546
v 28.876760833812096 37.63292740409109 13.745454545454546
v 26.353622257928063 39.440982938324616 13.745454545454546
v 23.717633425653872 41.08014612852638 13.745454545454546
v 20.980082045853717 42.54339782626702 13.745454545454546
v 18.152690733812413 43.82447216313433 13.745454545454546
v 15.24756681319715 44.91788338214373 13.745454545454546
v 12.277150470638734 45.81894932859187 13.745454545454546
v 9.254161484942605 46.52381149976192 13.745454545454546
v 6.191544759043241 47.029451567624506 13.745454545454546
v 3.102414887942411 47.33370430378176 13.745454545454546
v 2.9045723858077282e-15 47.43526685130774 13.745454545454546
v -3.1024148879423947 47.33370430378176 13.745454545454546
v -6.191544759043225 47.029451567624506 13.745454545454546
v -9.254161484942587 46.523811499761926 13.745454545454546
v -12.27715047063872 45.81894932859188 13.745454545454546
v -15.247566813197134 44.91788338214373 13.745454545454546
v -18.152690733812396 43.82447216313433 13.745454545454546
v -20.980082045853703 42.543397826267025 13.745454545454546
v -23.717633425653858 41.08014612852639 13.745454545454546
v -26.35362225792804 39.44098293832462 13.745454545454546
v -28.876760833812078 37.632927404091106 13.745454545454546
v -31.27624468656476 35.66372189720114 13.745454545454546
v -33.54179885795315 33.541798857953154 13.745454545454546
v -35.66372189720112 31.27624468656478 13.745454545454546
v -37.63292740409109 28.876760833812106 13.745454545454546
v -39.44098293832461 26.353622257928066 13.745454545454546
v -41.08014612852637 23.717633425653883 13.745454545454546
v -42.54339782626701 20.980082045853727 13.745454545454546
v -43.82447216313433 18.152690733812417 13.745454545454546
v -44.91788338214373 15.247566813197153 13.745454545454546
v -45.81894932859187 12.277150470638738 13.745454545454546
v -46.52381149976192 9.254161484942617 13.745454545454546
v -47.029451567624506 6.191544759043254 13.745454545454546
v -47.33370430378176 3.102414887942425 13.745454545454546
v -47.43526685130774 5.8091447716154565e-15 13.745454545454546
v -47.33370430378176 -3.102414887942392 13.745454545454546
v -47.029451567624506 -6.191544759043222 13.745454545454546
v -46.523811499761926 -9.254161484942584 13.745454545454546
v -45.818949328591884 -12.277150470638706 13.745454545454546
v -44.917883382143735 -15.247566813197121 13.745454545454546
v -43.82447216313434 -18.152690733812385 13.745454545454546
v -42.543397826267025 -20.9800820458537 13.745454545454546
v -41.08014612852639 -23.717633425653855 13.745454545454546
v -39.44098293832463 -26.35362225792804 13.745454545454546
v -37.632927404091106 -28.876760833812078 13.745454545454546
v -35.66372189720114 -31.27624468656476 13.745454545454546
v -33.54179885795317 -33.54179885795313 13.745454545454546
v -31.276244686564787 -35.66372189720112 13.745454545454546
v -28.876760833812106 -37.632927404091085 13.745454545454546
v -26.353622257928087 -39.4409829383246 13.745454545454546
v -23.71763342565389 -41.08014612852637 13.745454545454546
v -20.980082045853713 -42.54339782626702 13.745454545454546
v -18.152690733812435 -43.82447216313432 13.745454545454546
v -15.247566813197155 -44.91788338214373 13.745454545454546
v -12.27715047063876 -45.81894932859187 13.745454545454546
v -9.254161484942621 -46.52381149976191 13.745454545454546
v -6.1915447590432775 -47.0294515676245 13.745454545454546
v -3.1024148879424276 -47.33370430378176 13.745454545454546
v -8.713717157423184e-15 -47.43526685130774 13.745454545454546
v 3.1024148879423685 -47.333704303781765 13.745454545454546
v 6.19154475904322 -47.029451567624506 13.745454545454546
v 9.25416148494256 -46.52381149976193 13.745454545454546
v 12.277150470638704 -45.818949328591884 13.745454545454546
v 15.247566813197139 -44.91788338214373 13.745454545454546
v 18.15269073381238 -43.82447216313434 13.745454545454546
v 20.980082045853695 -42.543397826267025 13.745454545454546
v 23.717633425653837 -41.0801461285264 13.745454545454546
v 26.353622257928034 -39.44098293832463 13.745454545454546
v 28.87676083381206 -37.63292740409112 13.745454545454546
v 31.276244686564755 -35.66372189720114 13.745454545454546
v 33.54179885795315 -33.54179885795316 13.745454545454546
v 35.66372189720111 -31.2762446865648 13.745454545454546
v 37.632927404091085 -28.87676083381211 13.745454545454546
v 39.440982938324595 -26.353622257928087 13.745454545454546
v 41.080146128526366 -23.71763342565389 13.745454545454546
v 42.543397826267 -20.980082045853752 13.745454545454546
v 43.82447216313432 -18.152690733812438 13.745454545454546
v 44.91788338214373 -15.247566813197158 13.745454545454546
v 45.81894932859187 -12.277150470638764 13.745454545454546
v 46.52381149976191 -9.254161484942623 13.745454545454546
v 47.0294515676245 -6.191544759043282 13.745454545454546
v 47.33370430378176 -3.1024148879424303 13.745454545454546
v 44.43526685130774 0.0 13.745454545454546
v 44.34012753406595 2.906205500251972 13.745454545454546
v 44.05511698350307 5.79996618238308 13.745454545454546
v 43.58145565855223 8.668890518894216 13.745454545454546
v 42.92117184972467 11.500693335331162 13.745454545454546
v 42.07709299365841 14.283248417287657 13.745454545454546
v 41.052833565600466 17.00464043671714 13.745454545454546
v 39.852779601668956 19.6532159751967 13.745454545454546
v 38.48206991717307 22.217633425653865 13.745454545454546
v 36.946574101416985 24.686911558869244 13.745454545454546
v 35.25286738321739 27.05047654678593 13.745454545454546
v 33.408202474764195 29.29820724126457 13.745454545454546
v 31.420478514393512 31.420478514393512 13.745454545454546
v 29.298207241264574 33.40820247476419 13.745454545454546
v 27.050476546785934 35.25286738321739 13.745454545454546
v 24.686911558869255 36.94657410141698 13.745454545454546
v 22.217633425653872 38.482069917173064 13.745454545454546
v 19.653215975196712 39.852779601668956 13.745454545454546
v 17.004640436717143 41.052833565600466 13.745454545454546
v 14.283248417287664 42.07709299365841 13.745454545454546
v 11.500693335331173 42.921171849724665 13.745454545454546
v 8.66889051889422 43.58145565855223 13.745454545454546
v 5.799966182383086 44.05511698350307 13.745454545454546
v 2.9062055002519815 44.34012753406595 13.745454545454546
v 2.7208753659356255e-15 44.43526685130774 13.745454545454546
v -2.906205500251966 44.34012753406595 13.745454545454546
v -5.799966182383071 44.055116983503076 13.745454545454546
v -8.668890518894203 43.58145565855224 13.745454545454546
v -11.500693335331157 42.92117184972467 13.745454545454546
v -14.28324841728765 42.07709299365841 13.745454545454546
v -17.00464043671713 41.05283356560047 13.745454545454546
v -19.653215975196698 39.852779601668956 13.745454545454546
v -22.217633425653858 38.48206991717307 13.745454545454546
v -24.686911558869234 36.94657410141699 13.745454545454546
v -27.05047654678592 35.2528673832174 13.745454545454546
v -29.298207241264556 33.40820247476421 13.745454545454546
v -31.420478514393505 31.420478514393512 13.745454545454546
v -33.40820247476419 29.298207241264574 13.745454545454546
v -35.252867383217385 27.050476546785944 13.745454545454546
v -36.94657410141698 24.68691155886926 13.745454545454546
v -38.48206991717306 22.217633425653883 13.745454545454546
v -39.85277960166895 19.653215975196723 13.745454545454546
v -41.052833565600466 17.004640436717146 13.745454545454546
v -42.07709299365841 14.283248417287668 13.745454545454546
v -42.921171849724665 11.500693335331174 13.745454545454546
v -43.58145565855223 8.668890518894232 13.745454545454546
v -44.05511698350307 5.799966182383098 13.745454545454546
v -44.34012753406595 2.9062055002519944 13.745454545454546
v -44.43526685130774 5.441750731871251e-15 13.745454545454546
v -44.34012753406595 -2.9062055002519633 13.745454545454546
v -44.055116983503076 -5.799966182383068 13.745454545454546
v -43.58145565855224 -8.668890518894202 13.745454545454546
v -42.92117184972468 -11.500693335331144 13.745454545454546
v -42.07709299365842 -14.283248417287638 13.745454545454546
v -41.05283356560048 -17.004640436717114 13.745454545454546
v -39.852779601668956 -19.653215975196694 13.745454545454546
v -38.48206991717307 -22.217633425653858 13.745454545454546
v -36.94657410141699 -24.686911558869234 13.745454545454546
v -35.2528673832174 -27.05047654678592 13.745454545454546
v -33.40820247476421 -29.298207241264556 13.745454545454546
v -31.420478514393526 -31.42047851439349 13.745454545454546
v -29.29820724126458 -33.40820247476419 13.745454545454546
v -27.050476546785944 -35.25286738321738 13.745454545454546
v -24.68691155886928 -36.946574101416964 13.745454545454546
v -22.21763342565389 -38.48206991717306 13.745454545454546
v -19.65321597519671 -39.852779601668956 13.745454545454546
v -17.004640436717164 -41.05283356560046 13.745454545454546
v -14.28324841728767 -42.07709299365841 13.745454545454546
v -11.500693335331196 -42.921171849724665 13.745454545454546
v -8.668890518894234 -43.58145565855222 13.745454545454546
v -5.799966182383121 -44.05511698350307 13.745454545454546
v -2.9062055002519966 -44.34012753406595 13.745454545454546
v -8.162626097806876e-15 -44.43526685130774 13.745454545454546
v 2.906205500251941 -44.34012753406596 13.745454545454546
v 5.799966182383066 -44.055116983503076 13.745454545454546
v 8.668890518894178 -43.58145565855224 13.745454545454546
v 11.500693335331142 -42.92117184972468 13.745454545454546
v 14.283248417287655 -42.07709299365841 13.745454545454546
v 17.004640436717114 -41.05283356560048 13.745454545454546
v 19.653215975196694 -39.852779601668956 13.745454545454546
v 22.21763342565384 -38.482069917173085 13.745454545454546
v 24.68691155886923 -36.94657410141699 13.745454545454546
v 27.050476546785898 -35.25286738321741 13.745454545454546
v 29.29820724126455 -33.40820247476421 13.745454545454546
v 31.4204785143935 -31.420478514393515 13.745454545454546
v 33.408202474764174 -29.298207241264596 13.745454545454546
v 35.25286738321738 -27.050476546785948 13.745454545454546
v 36.94657410141696 -24.68691155886928 13.745454545454546
v 38.48206991717305 -22.21763342565389 13.745454545454546
v 39.852779601668935 -19.653215975196744 13.745454545454546
v 41.05283356560046 -17.004640436717168 13.745454545454546
v 42.07709299365841 -14.283248417287671 13.745454545454546
v 42.921171849724665 -11.5006933353312 13.745454545454546
v 43.58145565855222 -8.668890518894237 13.745454545454546
v 44.05511698350307 -5.799966182383124 13.745454545454546
v 44.34012753406595 -2.9062055002519993 13.745454545454546
v 47.83456986295586 0.0 14.4
v 47.732152377030886 3.128530554415209 14.4
v 47.42533848665412 6.243664260695662 14.4
v 46.91544201600708 9.332061638067042 14.4
v 46.204646420057806 12.380497694820052 14.4
v 45.295995434671475 15.375918559755256 14.4
v 44.193380042866146 18.30549738086363 14.4
v 42.901521813026136 21.156689251876056 14.4
v 41.42595268042129 23.917284931477926 14.4
v 39.77299125861092 26.575463125154826 14.4
v 37.949715782170486 29.11984110579049 14.4
v 35.96393379660443 31.53952345625182 14.4
v 33.824148725237755 33.824148725237755 14.4
v 31.539523456251825 35.96393379660442 14.4
v 29.119841105790492 37.949715782170486 14.4
v 26.575463125154837 39.772991258610915 14.4
v 23.917284931477933 41.42595268042128 14.4
v 21.156689251876067 42.90152181302613 14.4
v 18.305497380863635 44.193380042866146 14.4
v 15.375918559755265 45.29599543467147 14.4
v 12.380497694820063 46.2046464200578 14.4
v 9.332061638067046 46.91544201600708 14.4
v 6.243664260695669 47.42533848665412 14.4
v 3.1285305544152187 47.732152377030886 14.4
v 2.929022643562967e-15 47.83456986295586 14.4
v -3.1285305544152022 47.732152377030886 14.4
v -6.243664260695653 47.42533848665413 14.4
v -9.33206163806703 46.915442016007084 14.4
v -12.380497694820047 46.204646420057806 14.4
v -15.375918559755249 45.295995434671475 14.4
v -18.305497380863617 44.19338004286615 14.4
v -21.156689251876053 42.901521813026136 14.4
v -23.91728493147792 41.42595268042129 14.4
v -26.575463125154815 39.77299125861093 14.4
v -29.119841105790478 37.94971578217049 14.4
v -31.539523456251803 35.963933796604444 14.4
v -33.82414872523775 33.824148725237755 14.4
v -35.96393379660442 31.539523456251825 14.4
v -37.94971578217048 29.119841105790503 14.4
v -39.772991258610915 26.575463125154844 14.4
v -41.42595268042128 23.917284931477944 14.4
v -42.90152181302612 21.156689251876077 14.4
v -44.193380042866146 18.305497380863635 14.4
v -45.29599543467147 15.375918559755267 14.4
v -46.2046464200578 12.380497694820065 14.4
v -46.91544201600708 9.33206163806706 14.4
v -47.42533848665412 6.243664260695683 14.4
v -47.732152377030886 3.128530554415233 14.4
v -47.83456986295586 5.858045287125934e-15 14.4
v -47.732152377030886 -3.1285305544151996 14.4
v -47.42533848665413 -6.243664260695651 14.4
v -46.915442016007084 -9.332061638067026 14.4
v -46.20464642005781 -12.380497694820033 14.4
v -45.295995434671475 -15.375918559755235 14.4
v -44.19338004286615 -18.305497380863603 14.4
v -42.901521813026136 -21.15668925187605 14.4
v -41.4259526804213 -23.917284931477916 14.4
v -39.772991258610936 -26.575463125154815 14.4
v -37.94971578217049 -29.119841105790478 14.4
v -35.963933796604444 -31.539523456251803 14.4
v -33.82414872523777 -33.824148725237734 14.4
v -31.539523456251832 -35.96393379660442 14.4
v -29.119841105790503 -37.94971578217047 14.4
v -26.575463125154865 -39.7729912586109 14.4
v -23.91728493147795 -41.42595268042128 14.4
v -21.156689251876063 -42.90152181302613 14.4
v -18.305497380863656 -44.19338004286613 14.4
v -15.37591855975527 -45.29599543467147 14.4
v -12.38049769482009 -46.20464642005779 14.4
v -9.332061638067062 -46.91544201600707 14.4
v -6.243664260695707 -47.42533848665411 14.4
v -3.1285305544152355 -47.732152377030886 14.4
v -8.7870679306889e-15 -47.83456986295586 14.4
v 3.1285305544151756 -47.73215237703089 14.4
v 6.243664260695648 -47.42533848665413 14.4
v 9.332061638067003 -46.91544201600709 14.4
v 12.380497694820031 -46.20464642005781 14.4
v 15.375918559755254 -45.295995434671475 14.4
v 18.305497380863603 -44.19338004286615 14.4
v 21.156689251876045 -42.901521813026136 14.4
v 23.917284931477898 -41.425952680421304 14.4
v 26.575463125154812 -39.772991258610936 14.4
v 29.119841105790456 -37.94971578217051 14.4
v 31.5395234562518 -35.963933796604444 14.4
v 33.82414872523774 -33.824148725237755 14.4
v 35.96393379660441 -31.539523456251846 14.4
v 37.94971578217047 -29.11984110579051 14.4
v 39.772991258610894 -26.575463125154865 14.4
v 41.425952680421275 -23.91728493147795 14.4
v 42.90152181302611 -21.156689251876102 14.4
v 44.19338004286613 -18.30549738086366 14.4
v 45.29599543467147 -15.375918559755272 14.4
v 46.20464642005779 -12.380497694820091 14.4
v 46.91544201600707 -9.332061638067065 14.4
v 47.42533848665411 -6.24366426069571 14.4
v 47.732152377030886 -3.128530554415238 14.4
v 44.83456986295586 0.0 14.4
v 44.73857560731508 2.9323211667247797 14.4
v 44.45100390253269 5.852085684035508 14.4
v 43.97308617479739 8.746790672018658 14.4
v 43.3068689411906 11.60404055951249 14.4
v 42.45520504618616 14.411600163845772 14.4
v 41.42174144533229 17.15744708376836 14.4
v 40.21090358842807 19.829823181219055 14.4
v 38.827876469067974 22.417284931477926 14.4
v 37.278582421703284 24.90875242609602 14.4
v 35.56965576129678 27.293556818764326 14.4
v 33.708414374167496 29.56148601095161 14.4
v 31.70282838167811 31.70282838167811 14.4
v 29.56148601095162 33.70841437416749 14.4
v 27.29355681876433 35.56965576129678 14.4
v 24.90875242609603 37.278582421703284 14.4
v 22.417284931477933 38.827876469067974 14.4
v 19.829823181219062 40.21090358842807 14.4
v 17.157447083768364 41.42174144533229 14.4
v 14.41160016384578 42.45520504618615 14.4
v 11.6040405595125 43.306868941190594 14.4
v 8.746790672018662 43.97308617479739 14.4
v 5.852085684035514 44.45100390253269 14.4
v 2.932321166724789 44.73857560731508 14.4
v 2.745325623690864e-15 44.83456986295586 14.4
v -2.9323211667247735 44.73857560731508 14.4
v -5.852085684035499 44.4510039025327 14.4
v -8.746790672018646 43.973086174797395 14.4
v -11.604040559512486 43.3068689411906 14.4
v -14.411600163845764 42.45520504618616 14.4
v -17.15744708376835 41.42174144533229 14.4
v -19.829823181219048 40.21090358842807 14.4
v -22.41728493147792 38.827876469067974 14.4
v -24.90875242609601 37.27858242170329 14.4
v -27.293556818764316 35.56965576129679 14.4
v -29.561486010951597 33.70841437416751 14.4
v -31.702828381678103 31.70282838167811 14.4
v -33.70841437416749 29.56148601095162 14.4
v -35.56965576129677 27.29355681876434 14.4
v -37.27858242170328 24.908752426096036 14.4
v -38.82787646906797 22.417284931477944 14.4
v -40.21090358842806 19.829823181219073 14.4
v -41.42174144533229 17.157447083768368 14.4
v -42.45520504618615 14.411600163845781 14.4
v -43.306868941190594 11.604040559512502 14.4
v -43.97308617479739 8.746790672018674 14.4
v -44.45100390253269 5.852085684035527 14.4
v -44.73857560731508 2.932321166724802 14.4
v -44.83456986295586 5.490651247381728e-15 14.4
v -44.73857560731508 -2.932321166724771 14.4
v -44.4510039025327 -5.8520856840354964 14.4
v -43.973086174797395 -8.746790672018642 14.4
v -43.3068689411906 -11.604040559512473 14.4
v -42.45520504618616 -14.411600163845751 14.4
v -41.421741445332295 -17.157447083768336 14.4
v -40.21090358842807 -19.829823181219044 14.4
v -38.82787646906798 -22.417284931477916 14.4
v -37.2785824217033 -24.90875242609601 14.4
v -35.56965576129679 -27.293556818764316 14.4
v -33.70841437416751 -29.561486010951597 14.4
v -31.702828381678124 -31.70282838167809 14.4
v -29.561486010951622 -33.70841437416749 14.4
v -27.29355681876434 -35.569655761296765 14.4
v -24.908752426096054 -37.27858242170327 14.4
v -22.41728493147795 -38.82787646906797 14.4
v -19.82982318121906 -40.21090358842807 14.4
v -17.157447083768385 -41.42174144533227 14.4
v -14.411600163845785 -42.45520504618615 14.4
v -11.604040559512525 -43.30686894119059 14.4
v -8.746790672018676 -43.97308617479738 14.4
v -5.852085684035549 -44.45100390253268 14.4
v -2.9323211667248046 -44.73857560731508 14.4
v -8.235976871072592e-15 -44.83456986295586 14.4
v 2.9323211667247486 -44.738575607315084 14.4
v 5.852085684035494 -44.4510039025327 14.4
v 8.746790672018621 -43.973086174797395 14.4
v 11.60404055951247 -43.3068689411906 14.4
v 14.411600163845769 -42.45520504618616 14.4
v 17.157447083768336 -41.421741445332295 14.4
v 19.829823181219044 -40.21090358842807 14.4
v 22.4172849314779 -38.82787646906799 14.4
v 24.908752426096004 -37.2785824217033 14.4
v 27.293556818764294 -35.5696557612968 14.4
v 29.561486010951594 -33.70841437416751 14.4
v 31.7028283816781 -31.702828381678113 14.4
v 33.708414374167475 -29.561486010951636 14.4
v 35.569655761296765 -27.293556818764344 14.4
v 37.27858242170326 -24.908752426096054 14.4
v 38.82787646906796 -22.41728493147795 14.4
v 40.210903588428046 -19.829823181219094 14.4
v 41.42174144533227 -17.15744708376839 14.4
v 42.45520504618615 -14.411600163845787 14.4
v 43.30686894119059 -11.604040559512526 14.4
v 43.97308617479738 -8.74679067201868 14.4
v 44.45100390253268 -5.852085684035552 14.4
v 44.73857560731508 -2.932321166724807 14.4
v 48.21324989264565 0.0 15.054545454545453
v 48.1100216237091 3.1532974133338847 15.054545454545453
v 47.800778856194945 6.293091923040847 15.054545454545453
v 47.28684581510948 9.4059384470003 15.054545454545453
v 46.57042324063508 12.478507298503757 15.054545454545453
v 45.654578964222836 15.497641266019727 15.054545454545453
v 44.54323477166731 18.450411954393434 15.054545454545453
v 43.2411496094177 21.32417514621965 15.054545454545453
v 41.7538992060385 24.10662494632282 15.054545454545453
v 40.08785219608381 26.785846477489454 15.054545454545453
v 38.25014284862647 29.350366901801507 15.054545454545453
v 36.24864051722253 31.789204549089753 15.054545454545453
v 34.09191594213132 34.09191594213132 15.054545454545453
v 31.789204549089757 36.248640517222526 15.054545454545453
v 29.350366901801515 38.25014284862646 15.054545454545453
v 26.785846477489464 40.0878521960838 15.054545454545453
v 24.10662494632283 41.75389920603849 15.054545454545453
v 21.32417514621966 43.24114960941769 15.054545454545453
v 18.450411954393434 44.54323477166731 15.054545454545453
v 15.497641266019736 45.65457896422283 15.054545454545453
v 12.478507298503768 46.57042324063508 15.054545454545453
v 9.405938447000304 47.28684581510948 15.054545454545453
v 6.293091923040854 47.800778856194945 15.054545454545453
v 3.1532974133338945 48.1100216237091 15.054545454545453
v 2.9522101078759982e-15 48.21324989264565 15.054545454545453
v -3.1532974133338776 48.1100216237091 15.054545454545453
v -6.293091923040837 47.80077885619495 15.054545454545453
v -9.405938447000286 47.28684581510949 15.054545454545453
v -12.478507298503752 46.57042324063508 15.054545454545453
v -15.49764126601972 45.654578964222836 15.054545454545453
v -18.45041195439342 44.543234771667315 15.054545454545453
v -21.32417514621964 43.2411496094177 15.054545454545453
v -24.106624946322814 41.7538992060385 15.054545454545453
v -26.785846477489443 40.087852196083816 15.054545454545453
v -29.350366901801497 38.250142848626474 15.054545454545453
v -31.789204549089735 36.24864051722255 15.054545454545453
v -34.09191594213132 34.09191594213132 15.054545454545453
v -36.248640517222526 31.789204549089757 15.054545454545453
v -38.25014284862645 29.350366901801525 15.054545454545453
v -40.0878521960838 26.785846477489468 15.054545454545453
v -41.75389920603848 24.106624946322842 15.054545454545453
v -43.24114960941768 21.32417514621967 15.054545454545453
v -44.54323477166731 18.450411954393438 15.054545454545453
v -45.65457896422283 15.497641266019738 15.054545454545453
v -46.57042324063508 12.478507298503771 15.054545454545453
v -47.28684581510948 9.405938447000318 15.054545454545453
v -47.800778856194945 6.293091923040867 15.054545454545453
v -48.1100216237091 3.1532974133339087 15.054545454545453
v -48.21324989264565 5.9044202157519964e-15 15.054545454545453
v -48.1100216237091 -3.153297413333875 15.054545454545453
v -47.80077885619495 -6.293091923040834 15.054545454545453
v -47.28684581510949 -9.405938447000285 15.054545454545453
v -46.57042324063509 -12.47850729850374 15.054545454545453
v -45.65457896422284 -15.497641266019706 15.054545454545453
v -44.54323477166732 -18.450411954393406 15.054545454545453
v -43.2411496094177 -21.324175146219638 15.054545454545453
v -41.7538992060385 -24.10662494632281 15.054545454545453
v -40.08785219608382 -26.785846477489443 15.054545454545453
v -38.250142848626474 -29.350366901801497 15.054545454545453
v -36.24864051722255 -31.789204549089735 15.054545454545453
v -34.091915942131344 -34.0919159421313 15.054545454545453
v -31.789204549089764 -36.248640517222526 15.054545454545453
v -29.350366901801525 -38.25014284862645 15.054545454545453
v -26.78584647748949 -40.08785219608379 15.054545454545453
v -24.106624946322846 -41.75389920603848 15.054545454545453
v -21.324175146219652 -43.24114960941769 15.054545454545453
v -18.45041195439346 -44.5432347716673 15.054545454545453
v -15.497641266019741 -45.65457896422283 15.054545454545453
v -12.478507298503795 -46.57042324063507 15.054545454545453
v -9.40593844700032 -47.28684581510948 15.054545454545453
v -6.293091923040891 -47.80077885619494 15.054545454545453
v -3.1532974133339113 -48.1100216237091 15.054545454545453
v -8.856630323627994e-15 -48.21324989264565 15.054545454545453
v 3.153297413333851 -48.11002162370911 15.054545454545453
v 6.293091923040832 -47.80077885619495 15.054545454545453
v 9.40593844700026 -47.286845815109494 15.054545454545453
v 12.478507298503736 -46.57042324063509 15.054545454545453
v 15.497641266019725 -45.654578964222836 15.054545454545453
v 18.450411954393402 -44.54323477166732 15.054545454545453
v 21.324175146219638 -43.2411496094177 15.054545454545453
v 24.106624946322793 -41.75389920603851 15.054545454545453
v 26.785846477489436 -40.08785219608382 15.054545454545453
v 29.350366901801475 -38.25014284862649 15.054545454545453
v 31.78920454908973 -36.24864051722255 15.054545454545453
v 34.091915942131315 -34.09191594213133 15.054545454545453
v 36.24864051722251 -31.789204549089778 15.054545454545453
v 38.25014284862645 -29.35036690180153 15.054545454545453
v 40.08785219608378 -26.78584647748949 15.054545454545453
v 41.753899206038476 -24.106624946322846 15.054545454545453
v 43.24114960941767 -21.32417514621969 15.054545454545453
v 44.5432347716673 -18.450411954393463 15.054545454545453
v 45.65457896422283 -15.497641266019743 15.054545454545453
v 46.57042324063507 -12.478507298503798 15.054545454545453
v 47.28684581510948 -9.405938447000324 15.054545454545453
v 47.80077885619494 -6.293091923040895 15.054545454545453
v 48.1100216237091 -3.153297413333914 15.054545454545453
v 45.21324989264565 0.0 15.054545454545453
v 45.11644485399329 2.9570880256434555 15.054545454545453
v 44.826444272073516 5.901513346380693 15.054545454545453
v 44.34448997389979 8.820667480951915 15.054545454545453
v 43.672645761767875 11.702050163196196 15.054545454545453
v 42.81378857573752 14.533322870110243 15.054545454545453
v 41.77159617413345 17.302361657298164 15.054545454545453
v 40.55053138481963 19.997309075562644 15.054545454545453
v 39.15582299468518 22.60662494632282 15.054545454545453
v 37.59344335917617 25.119135778430646 15.054545454545453
v 35.87008282775276 27.524082614775345 15.054545454545453
v 33.9931210947856 29.811167103789547 15.054545454545453
v 31.970595598571684 31.970595598571684 15.054545454545453
v 29.81116710378955 33.99312109478559 15.054545454545453
v 27.524082614775352 35.87008282775275 15.054545454545453
v 25.119135778430657 37.59344335917617 15.054545454545453
v 22.606624946322828 39.155822994685174 15.054545454545453
v 19.997309075562654 40.55053138481963 15.054545454545453
v 17.302361657298167 41.77159617413345 15.054545454545453
v 14.53332287011025 42.81378857573751 15.054545454545453
v 11.702050163196205 43.672645761767875 15.054545454545453
v 8.820667480951919 44.34448997389979 15.054545454545453
v 5.901513346380699 44.826444272073516 15.054545454545453
v 2.957088025643465 45.11644485399329 15.054545454545453
v 2.768513088003895e-15 45.21324989264565 15.054545454545453
v -2.957088025643449 45.11644485399329 15.054545454545453
v -5.901513346380684 44.826444272073516 15.054545454545453
v -8.820667480951903 44.3444899738998 15.054545454545453
v -11.70205016319619 43.672645761767875 15.054545454545453
v -14.533322870110235 42.81378857573752 15.054545454545453
v -17.302361657298153 41.77159617413345 15.054545454545453
v -19.997309075562637 40.55053138481963 15.054545454545453
v -22.606624946322814 39.15582299468518 15.054545454545453
v -25.119135778430635 37.59344335917618 15.054545454545453
v -27.524082614775335 35.87008282775277 15.054545454545453
v -29.81116710378953 33.993121094785614 15.054545454545453
v -31.970595598571677 31.970595598571684 15.054545454545453
v -33.99312109478559 29.81116710378955 15.054545454545453
v -35.87008282775275 27.524082614775363 15.054545454545453
v -37.59344335917616 25.11913577843066 15.054545454545453
v -39.15582299468517 22.60662494632284 15.054545454545453
v -40.55053138481962 19.99730907556266 15.054545454545453
v -41.77159617413345 17.30236165729817 15.054545454545453
v -42.81378857573751 14.533322870110252 15.054545454545453
v -43.672645761767875 11.702050163196208 15.054545454545453
v -44.34448997389979 8.820667480951933 15.054545454545453
v -44.826444272073516 5.901513346380711 15.054545454545453
v -45.11644485399329 2.9570880256434777 15.054545454545453
v -45.21324989264565 5.53702617600779e-15 15.054545454545453
v -45.11644485399329 -2.9570880256434466 15.054545454545453
v -44.826444272073516 -5.901513346380681 15.054545454545453
v -44.3444899738998 -8.8206674809519 15.054545454545453
v -43.67264576176788 -11.702050163196178 15.054545454545453
v -42.813788575737526 -14.533322870110222 15.054545454545453
v -41.77159617413346 -17.30236165729814 15.054545454545453
v -40.55053138481963 -19.997309075562637 15.054545454545453
v -39.15582299468518 -22.60662494632281 15.054545454545453
v -37.593443359176185 -25.119135778430635 15.054545454545453
v -35.87008282775277 -27.524082614775335 15.054545454545453
v -33.993121094785614 -29.81116710378953 15.054545454545453
v -31.9705955985717 -31.970595598571663 15.054545454545453
v -29.811167103789554 -33.99312109478559 15.054545454545453
v -27.524082614775363 -35.870082827752746 15.054545454545453
v -25.11913577843068 -37.593443359176156 15.054545454545453
v -22.606624946322846 -39.15582299468517 15.054545454545453
v -19.997309075562647 -40.55053138481963 15.054545454545453
v -17.30236165729819 -41.771596174133435 15.054545454545453
v -14.533322870110256 -42.81378857573751 15.054545454545453
v -11.70205016319623 -43.67264576176787 15.054545454545453
v -8.820667480951935 -44.34448997389978 15.054545454545453
v -5.901513346380733 -44.82644427207351 15.054545454545453
v -2.9570880256434804 -45.11644485399329 15.054545454545453
v -8.305539264011686e-15 -45.21324989264565 15.054545454545453
v 2.957088025643424 -45.11644485399329 15.054545454545453
v 5.901513346380678 -44.826444272073516 15.054545454545453
v 8.820667480951878 -44.344489973899805 15.054545454545453
v 11.702050163196175 -43.67264576176788 15.054545454545453
v 14.53332287011024 -42.81378857573752 15.054545454545453
v 17.302361657298135 -41.77159617413346 15.054545454545453
v 19.997309075562633 -40.55053138481963 15.054545454545453
v 22.606624946322796 -39.155822994685195 15.054545454545453
v 25.119135778430632 -37.593443359176185 15.054545454545453
v 27.524082614775317 -35.87008282775278 15.054545454545453
v 29.811167103789526 -33.993121094785614 15.054545454545453
v 31.970595598571673 -31.970595598571688 15.054545454545453
v 33.99312109478558 -29.811167103789572 15.054545454545453
v 35.870082827752746 -27.524082614775367 15.054545454545453
v 37.59344335917615 -25.11913577843068 15.054545454545453
v 39.15582299468517 -22.606624946322846 15.054545454545453
v 40.55053138481961 -19.997309075562686 15.054545454545453
v 41.771596174133435 -17.302361657298192 15.054545454545453
v 42.81378857573751 -14.533322870110258 15.054545454545453
v 43.67264576176787 -11.702050163196233 15.054545454545453
v 44.34448997389978 -8.820667480951936 15.054545454545453
v 44.82644427207351 -5.901513346380737 15.054545454545453
v 45.11644485399329 -2.957088025643483 15.054545454545453
v 48.572380250249545 0.0 15.709090909090909
v 48.46838305565002 3.1767856625227195 15.709090909090909
v 48.156836803804666 6.339967841129509 15.709090909090909
v 47.63907558359333 9.476001304111012 15.709090909090909
v 46.91731652804911 12.571457074726125 15.709090909090909
v 45.994650320254316 15.613079936142057 15.709090909090909
v 44.875027958561006 18.587845192307793 15.709090909090909
v 43.563243837809516 21.483014441702156 15.709090909090909
v 42.064915218993654 24.28619012512477 15.709090909090909
v 40.38645817528679 26.985368613947863 15.709090909090909
v 38.535060117431506 29.56899161149687 15.709090909090909
v 36.5186490161433 32.025995647451275 15.709090909090909
v 34.34585945332299 34.34585945332299 15.709090909090909
v 32.025995647451275 36.51864901614329 15.709090909090909
v 29.568991611496873 38.5350601174315 15.709090909090909
v 26.985368613947873 40.38645817528679 15.709090909090909
v 24.28619012512478 42.064915218993654 15.709090909090909
v 21.483014441702167 43.56324383780951 15.709090909090909
v 18.587845192307796 44.875027958561006 15.709090909090909
v 15.613079936142064 45.99465032025431 15.709090909090909
v 12.571457074726135 46.917316528049106 15.709090909090909
v 9.476001304111016 47.63907558359333 15.709090909090909
v 6.339967841129516 48.156836803804666 15.709090909090909
v 3.1767856625227298 48.46838305565002 15.709090909090909
v 2.974200500021811e-15 48.572380250249545 15.709090909090909
v -3.176785662522713 48.46838305565002 15.709090909090909
v -6.339967841129499 48.15683680380467 15.709090909090909
v -9.476001304110998 47.63907558359334 15.709090909090909
v -12.57145707472612 46.91731652804911 15.709090909090909
v -15.613079936142048 45.994650320254316 15.709090909090909
v -18.587845192307782 44.87502795856101 15.709090909090909
v -21.48301444170215 43.563243837809516 15.709090909090909
v -24.28619012512476 42.064915218993654 15.709090909090909
v -26.985368613947852 40.3864581752868 15.709090909090909
v -29.568991611496855 38.535060117431506 15.709090909090909
v -32.02599564745125 36.518649016143314 15.709090909090909
v -34.34585945332299 34.34585945332299 15.709090909090909
v -36.51864901614329 32.025995647451275 15.709090909090909
v -38.53506011743149 29.568991611496884 15.709090909090909
v -40.38645817528678 26.985368613947877 15.709090909090909
v -42.06491521899365 24.28619012512479 15.709090909090909
v -43.56324383780951 21.483014441702178 15.709090909090909
v -44.875027958561006 18.5878451923078 15.709090909090909
v -45.99465032025431 15.613079936142068 15.709090909090909
v -46.917316528049106 12.571457074726139 15.709090909090909
v -47.63907558359333 9.47600130411103 15.709090909090909
v -48.156836803804666 6.339967841129529 15.709090909090909
v -48.46838305565002 3.176785662522744 15.709090909090909
v -48.572380250249545 5.948401000043622e-15 15.709090909090909
v -48.46838305565002 -3.17678566252271 15.709090909090909
v -48.15683680380467 -6.339967841129496 15.709090909090909
v -47.63907558359334 -9.476001304110996 15.709090909090909
v -46.91731652804912 -12.571457074726105 15.709090909090909
v -45.99465032025432 -15.613079936142036 15.709090909090909
v -44.87502795856102 -18.587845192307768 15.709090909090909
v -43.563243837809516 -21.483014441702146 15.709090909090909
v -42.06491521899366 -24.286190125124758 15.709090909090909
v -40.386458175286805 -26.985368613947852 15.709090909090909
v -38.535060117431506 -29.568991611496855 15.709090909090909
v -36.518649016143314 -32.02599564745125 15.709090909090909
v -34.34585945332301 -34.345859453322966 15.709090909090909
v -32.02599564745128 -36.51864901614329 15.709090909090909
v -29.568991611496884 -38.535060117431485 15.709090909090909
v -26.9853686139479 -40.38645817528677 15.709090909090909
v -24.286190125124794 -42.06491521899365 15.709090909090909
v -21.48301444170216 -43.56324383780951 15.709090909090909
v -18.58784519230782 -44.87502795856099 15.709090909090909
v -15.61307993614207 -45.99465032025431 15.709090909090909
v -12.571457074726162 -46.917316528049106 15.709090909090909
v -9.476001304111032 -47.639075583593325 15.709090909090909
v -6.339967841129553 -48.15683680380466 15.709090909090909
v -3.1767856625227466 -48.46838305565002 15.709090909090909
v -8.922601500065433e-15 -48.572380250249545 15.709090909090909
v 3.176785662522686 -48.46838305565002 15.709090909090909
v 6.339967841129494 -48.15683680380467 15.709090909090909
v 9.476001304110971 -47.63907558359334 15.709090909090909
v 12.571457074726103 -46.91731652804912 15.709090909090909
v 15.613079936142054 -45.994650320254316 15.709090909090909
v 18.587845192307764 -44.87502795856102 15.709090909090909
v 21.483014441702146 -43.563243837809516 15.709090909090909
v 24.28619012512474 -42.064915218993676 15.709090909090909
v 26.985368613947845 -40.386458175286805 15.709090909090909
v 29.568991611496834 -38.53506011743153 15.709090909090909
v 32.02599564745125 -36.518649016143314 15.709090909090909
v 34.34585945332298 -34.345859453322994 15.709090909090909
v 36.51864901614328 -32.025995647451296 15.709090909090909
v 38.535060117431485 -29.56899161149689 15.709090909090909
v 40.38645817528677 -26.9853686139479 15.709090909090909
v 42.06491521899364 -24.286190125124794 15.709090909090909
v 43.56324383780949 -21.4830144417022 15.709090909090909
v 44.87502795856099 -18.587845192307825 15.709090909090909
v 45.99465032025431 -15.613079936142073 15.709090909090909
v 46.917316528049106 -12.571457074726165 15.709090909090909
v 47.639075583593325 -9.476001304111035 15.709090909090909
v 48.15683680380466 -6.339967841129558 15.709090909090909
v 48.46838305565002 -3.1767856625227493 15.709090909090909
v 45.572380250249545 0.0 15.709090909090909
v 45.47480628593421 2.9805762748322904 15.709090909090909
v 45.182502219683236 5.948389264469354 15.709090909090909
v 44.69671974238364 8.890730338062626 15.709090909090909
v 44.01953904918191 11.794999939418561 15.709090909090909
v 43.153859931769 14.648761540232572 15.709090909090909
v 42.10338936102715 17.439794895212525 15.709090909090909
v 40.872625613211454 20.156148371045152 15.709090909090909
v 39.46683900764034 22.78619012512477 15.709090909090909
v 37.89204933837916 25.318657914889055 15.709090909090909
v 36.1550000965578 27.742707324470707 15.709090909090909
v 34.26312959370637 30.047958202151065 15.709090909090909
v 32.22453910976335 32.22453910976335 15.709090909090909
v 30.04795820215107 34.26312959370637 15.709090909090909
v 27.74270732447071 36.15500009655779 15.709090909090909
v 25.318657914889066 37.89204933837915 15.709090909090909
v 22.786190125124776 39.46683900764034 15.709090909090909
v 20.156148371045163 40.87262561321145 15.709090909090909
v 17.43979489521253 42.10338936102715 15.709090909090909
v 14.648761540232579 43.15385993176899 15.709090909090909
v 11.794999939418572 44.0195390491819 15.709090909090909
v 8.89073033806263 44.69671974238364 15.709090909090909
v 5.948389264469361 45.182502219683236 15.709090909090909
v 2.9805762748322997 45.47480628593421 15.709090909090909
v 2.790503480149708e-15 45.572380250249545 15.709090909090909
v -2.980576274832284 45.47480628593421 15.709090909090909
v -5.948389264469345 45.182502219683236 15.709090909090909
v -8.890730338062614 44.69671974238364 15.709090909090909
v -11.794999939418558 44.01953904918191 15.709090909090909
v -14.648761540232565 43.153859931769 15.709090909090909
v -17.43979489521251 42.10338936102715 15.709090909090909
v -20.156148371045145 40.872625613211454 15.709090909090909
v -22.78619012512476 39.46683900764034 15.709090909090909
v -25.318657914889044 37.89204933837917 15.709090909090909
v -27.742707324470697 36.1550000965578 15.709090909090909
v -30.04795820215105 34.26312959370638 15.709090909090909
v -32.22453910976334 32.22453910976335 15.709090909090909
v -34.26312959370637 30.04795820215107 15.709090909090909
v -36.155000096557785 27.74270732447072 15.709090909090909
v -37.892049338379145 25.31865791488907 15.709090909090909
v -39.46683900764033 22.786190125124786 15.709090909090909
v -40.87262561321144 20.156148371045173 15.709090909090909
v -42.10338936102715 17.43979489521253 15.709090909090909
v -43.15385993176899 14.648761540232583 15.709090909090909
v -44.0195390491819 11.794999939418576 15.709090909090909
v -44.69671974238364 8.890730338062644 15.709090909090909
v -45.182502219683236 5.948389264469373 15.709090909090909
v -45.47480628593421 2.980576274832313 15.709090909090909
v -45.572380250249545 5.581006960299416e-15 15.709090909090909
v -45.47480628593421 -2.9805762748322815 15.709090909090909
v -45.182502219683236 -5.948389264469343 15.709090909090909
v -44.69671974238364 -8.890730338062612 15.709090909090909
v -44.019539049181915 -11.794999939418545 15.709090909090909
v -43.153859931769006 -14.648761540232552 15.709090909090909
v -42.103389361027155 -17.4397948952125 15.709090909090909
v -40.872625613211454 -20.156148371045145 15.709090909090909
v -39.466839007640345 -22.786190125124758 15.709090909090909
v -37.89204933837917 -25.318657914889044 15.709090909090909
v -36.1550000965578 -27.742707324470697 15.709090909090909
v -34.26312959370638 -30.04795820215105 15.709090909090909
v -32.22453910976336 -32.22453910976333 15.709090909090909
v -30.047958202151076 -34.26312959370637 15.709090909090909
v -27.74270732447072 -36.15500009655778 15.709090909090909
v -25.31865791488909 -37.89204933837914 15.709090909090909
v -22.786190125124794 -39.46683900764033 15.709090909090909
v -20.156148371045155 -40.87262561321145 15.709090909090909
v -17.43979489521255 -42.10338936102713 15.709090909090909
v -14.648761540232584 -43.15385993176899 15.709090909090909
v -11.794999939418597 -44.0195390491819 15.709090909090909
v -8.890730338062646 -44.696719742383635 15.709090909090909
v -5.948389264469395 -45.18250221968323 15.709090909090909
v -2.9805762748323157 -45.47480628593421 15.709090909090909
v -8.371510440449123e-15 -45.572380250249545 15.709090909090909
v 2.980576274832259 -45.474806285934214 15.709090909090909
v 5.94838926446934 -45.182502219683236 15.709090909090909
v 8.890730338062589 -44.69671974238365 15.709090909090909
v 11.794999939418542 -44.019539049181915 15.709090909090909
v 14.64876154023257 -43.153859931769 15.709090909090909
v 17.439794895212497 -42.103389361027155 15.709090909090909
v 20.15614837104514 -40.872625613211454 15.709090909090909
v 22.78619012512474 -39.46683900764036 15.709090909090909
v 25.31865791488904 -37.89204933837917 15.709090909090909
v 27.742707324470675 -36.15500009655781 15.709090909090909
v 30.047958202151044 -34.26312959370638 15.709090909090909
v 32.224539109763334 -32.22453910976335 15.709090909090909
v 34.263129593706346 -30.04795820215109 15.709090909090909
v 36.15500009655778 -27.742707324470725 15.709090909090909
v 37.89204933837913 -25.31865791488909 15.709090909090909
v 39.466839007640324 -22.786190125124794 15.709090909090909
v 40.872625613211426 -20.156148371045195 15.709090909090909
v 42.10338936102713 -17.439794895212554 15.709090909090909
v 43.15385993176899 -14.648761540232588 15.709090909090909
v 44.0195390491819 -11.7949999394186 15.709090909090909
v 44.696719742383635 -8.890730338062648 15.709090909090909
v 45.18250221968323 -5.9483892644694 15.709090909090909
v 45.47480628593421 -2.9805762748323184 15.709090909090909
v 48.9128004028333 0.0 16.363636363636363
v 48.80807434255597 3.1990502057546997 16.363636363636363
v 48.49434461479191 6.384401587401235 16.363636363636363
v 47.9729546584001 9.542413981299356 16.363636363636363
v 47.24613714521902 12.659564293551506 16.363636363636363
v 46.31700441942319 15.722504407967 16.363636363636363
v 45.18953516998751 18.71811834474479 16.363636363636363
v 43.868557393330285 21.633578425112574 16.363636363636363
v 42.35972771909136 24.456400201416646 16.363636363636363
v 40.66950718757558 27.174495917443387 16.363636363636363
v 38.80513358258627 29.776226270047122 16.363636363636363
v 36.77459043812384 32.2504502504331 16.363636363636363
v 34.58657285166752 34.58657285166752 16.363636363636363
v 32.250450250433104 36.77459043812383 16.363636363636363
v 29.776226270047125 38.80513358258627 16.363636363636363
v 27.174495917443398 40.669507187575576 16.363636363636363
v 24.456400201416656 42.35972771909136 16.363636363636363
v 21.633578425112585 43.86855739333028 16.363636363636363
v 18.718118344744795 45.18953516998751 16.363636363636363
v 15.722504407967007 46.317004419423185 16.363636363636363
v 12.659564293551517 47.24613714521902 16.363636363636363
v 9.54241398129936 47.9729546584001 16.363636363636363
v 6.384401587401242 48.49434461479191 16.363636363636363
v 3.19905020575471 48.80807434255597 16.363636363636363
v 2.9950452225331583e-15 48.9128004028333 16.363636363636363
v -3.199050205754693 48.80807434255597 16.363636363636363
v -6.384401587401226 48.49434461479192 16.363636363636363
v -9.542413981299342 47.972954658400106 16.363636363636363
v -12.659564293551501 47.24613714521902 16.363636363636363
v -15.72250440796699 46.31700441942319 16.363636363636363
v -18.71811834474478 45.18953516998751 16.363636363636363
v -21.63357842511257 43.868557393330285 16.363636363636363
v -24.45640020141664 42.35972771909136 16.363636363636363
v -27.174495917443377 40.66950718757558 16.363636363636363
v -29.77622627004711 38.80513358258628 16.363636363636363
v -32.25045025043308 36.77459043812385 16.363636363636363
v -34.58657285166751 34.58657285166752 16.363636363636363
v -36.77459043812383 32.250450250433104 16.363636363636363
v -38.805133582586265 29.776226270047136 16.363636363636363
v -40.66950718757557 27.1744959174434 16.363636363636363
v -42.35972771909135 24.456400201416667 16.363636363636363
v -43.86855739333027 21.6335784251126 16.363636363636363
v -45.18953516998751 18.7181183447448 16.363636363636363
v -46.317004419423185 15.72250440796701 16.363636363636363
v -47.24613714521902 12.659564293551519 16.363636363636363
v -47.9729546584001 9.542413981299374 16.363636363636363
v -48.49434461479191 6.384401587401255 16.363636363636363
v -48.80807434255597 3.199050205754724 16.363636363636363
v -48.9128004028333 5.9900904450663166e-15 16.363636363636363
v -48.80807434255597 -3.1990502057546903 16.363636363636363
v -48.49434461479192 -6.384401587401223 16.363636363636363
v -47.972954658400106 -9.542413981299338 16.363636363636363
v -47.24613714521903 -12.659564293551487 16.363636363636363
v -46.3170044194232 -15.722504407966978 16.363636363636363
v -45.189535169987515 -18.718118344744767 16.363636363636363
v -43.868557393330285 -21.633578425112567 16.363636363636363
v -42.35972771909137 -24.456400201416635 16.363636363636363
v -40.66950718757559 -27.174495917443377 16.363636363636363
v -38.80513358258628 -29.77622627004711 16.363636363636363
v -36.77459043812385 -32.25045025043308 16.363636363636363
v -34.58657285166754 -34.5865728516675 16.363636363636363
v -32.250450250433104 -36.77459043812383 16.363636363636363
v -29.776226270047136 -38.80513358258626 16.363636363636363
v -27.174495917443426 -40.66950718757556 16.363636363636363
v -24.45640020141667 -42.35972771909135 16.363636363636363
v -21.63357842511258 -43.86855739333028 16.363636363636363
v -18.71811834474482 -45.189535169987494 16.363636363636363
v -15.722504407967012 -46.317004419423185 16.363636363636363
v -12.659564293551544 -47.246137145219016 16.363636363636363
v -9.542413981299376 -47.97295465840009 16.363636363636363
v -6.38440158740128 -48.49434461479191 16.363636363636363
v -3.1990502057547268 -48.80807434255597 16.363636363636363
v -8.985135667599474e-15 -48.9128004028333 16.363636363636363
v 3.199050205754666 -48.80807434255597 16.363636363636363
v 6.3844015874012205 -48.49434461479192 16.363636363636363
v 9.542413981299315 -47.97295465840011 16.363636363636363
v 12.659564293551485 -47.24613714521903 16.363636363636363
v 15.722504407966996 -46.31700441942319 16.363636363636363
v 18.718118344744763 -45.189535169987515 16.363636363636363
v 21.633578425112564 -43.868557393330285 16.363636363636363
v 24.456400201416617 -42.35972771909138 16.363636363636363
v 27.17449591744337 -40.66950718757559 16.363636363636363
v 29.776226270047086 -38.8051335825863 16.363636363636363
v 32.250450250433076 -36.77459043812385 16.363636363636363
v 34.58657285166751 -34.586572851667526 16.363636363636363
v 36.77459043812381 -32.250450250433126 16.363636363636363
v 38.80513358258626 -29.776226270047143 16.363636363636363
v 40.669507187575554 -27.174495917443426 16.363636363636363
v 42.359727719091346 -24.45640020141667 16.363636363636363
v 43.868557393330256 -21.63357842511262 16.363636363636363
v 45.189535169987494 -18.718118344744823 16.363636363636363
v 46.317004419423185 -15.722504407967016 16.363636363636363
v 47.246137145219016 -12.659564293551547 16.363636363636363
v 47.97295465840009 -9.54241398129938 16.363636363636363
v 48.49434461479191 -6.384401587401284 16.363636363636363
v 48.80807434255597 -3.19905020575473 16.363636363636363
v 45.9128004028333 0.0 16.363636363636363
v 45.81449757284015 3.0028408180642705 16.363636363636363
v 45.520010030670484 5.9928230107410805 16.363636363636363
v 45.03059881719041 8.95714301525097 16.363636363636363
v 44.34835966635182 11.883107158243943 16.363636363636363
v 43.476214030937875 14.758186012057514 16.363636363636363
v 42.41789657245364 17.570068047649524 16.363636363636363
v 41.177939168732216 20.306712354455573 16.363636363636363
v 39.761651507738044 22.956400201416646 16.363636363636363
v 38.175098350667945 25.50778521838458 16.363636363636363
v 36.42507356171257 27.94994198302096 16.363636363636363
v 34.519071015686905 30.27241280513289 16.363636363636363
v 32.46525250810788 32.46525250810788 16.363636363636363
v 30.272412805132895 34.5190710156869 16.363636363636363
v 27.949941983020963 36.425073561712566 16.363636363636363
v 25.50778521838459 38.17509835066794 16.363636363636363
v 22.956400201416653 39.761651507738044 16.363636363636363
v 20.306712354455584 41.177939168732216 16.363636363636363
v 17.570068047649524 42.41789657245364 16.363636363636363
v 14.758186012057523 43.47621403093787 16.363636363636363
v 11.883107158243954 44.34835966635182 16.363636363636363
v 8.957143015250974 45.03059881719041 16.363636363636363
v 5.992823010741087 45.520010030670484 16.363636363636363
v 3.0028408180642803 45.81449757284015 16.363636363636363
v 2.8113482026610556e-15 45.9128004028333 16.363636363636363
v -3.0028408180642643 45.81449757284015 16.363636363636363
v -5.992823010741072 45.52001003067049 16.363636363636363
v -8.957143015250958 45.03059881719041 16.363636363636363
v -11.883107158243938 44.34835966635182 16.363636363636363
v -14.758186012057507 43.476214030937875 16.363636363636363
v -17.57006804764951 42.41789657245365 16.363636363636363
v -20.306712354455566 41.177939168732216 16.363636363636363
v -22.95640020141664 39.761651507738044 16.363636363636363
v -25.50778521838457 38.17509835066795 16.363636363636363
v -27.94994198302095 36.42507356171257 16.363636363636363
v -30.272412805132873 34.51907101568692 16.363636363636363
v -32.46525250810787 32.46525250810788 16.363636363636363
v -34.5190710156869 30.272412805132895 16.363636363636363
v -36.42507356171256 27.949941983020974 16.363636363636363
v -38.17509835066794 25.507785218384594 16.363636363636363
v -39.76165150773804 22.956400201416663 16.363636363636363
v -41.17793916873221 20.30671235445559 16.363636363636363
v -42.41789657245364 17.570068047649528 16.363636363636363
v -43.47621403093787 14.758186012057525 16.363636363636363
v -44.34835966635182 11.883107158243957 16.363636363636363
v -45.03059881719041 8.957143015250988 16.363636363636363
v -45.520010030670484 5.992823010741099 16.363636363636363
v -45.81449757284015 3.0028408180642936 16.363636363636363
v -45.9128004028333 5.622696405322111e-15 16.363636363636363
v -45.81449757284015 -3.0028408180642616 16.363636363636363
v -45.52001003067049 -5.992823010741069 16.363636363636363
v -45.03059881719041 -8.957143015250956 16.363636363636363
v -44.348359666351826 -11.883107158243925 16.363636363636363
v -43.47621403093788 -14.758186012057495 16.363636363636363
v -42.41789657245366 -17.5700680476495 16.363636363636363
v -41.177939168732216 -20.306712354455566 16.363636363636363
v -39.76165150773805 -22.956400201416635 16.363636363636363
v -38.17509835066795 -25.50778521838457 16.363636363636363
v -36.42507356171257 -27.94994198302095 16.363636363636363
v -34.51907101568692 -30.272412805132873 16.363636363636363
v -32.465252508107895 -32.46525250810786 16.363636363636363
v -30.272412805132902 -34.5190710156869 16.363636363636363
v -27.949941983020974 -36.42507356171255 16.363636363636363
v -25.507785218384615 -38.17509835066792 16.363636363636363
v -22.95640020141667 -39.76165150773804 16.363636363636363
v -20.306712354455577 -41.177939168732216 16.363636363636363
v -17.57006804764955 -42.417896572453635 16.363636363636363
v -14.758186012057527 -43.47621403093787 16.363636363636363
v -11.883107158243979 -44.34835966635181 16.363636363636363
v -8.95714301525099 -45.0305988171904 16.363636363636363
v -5.992823010741122 -45.52001003067048 16.363636363636363
v -3.0028408180642963 -45.81449757284015 16.363636363636363
v -8.434044607983166e-15 -45.9128004028333 16.363636363636363
v 3.002840818064239 -45.81449757284016 16.363636363636363
v 5.992823010741066 -45.52001003067049 16.363636363636363
v 8.957143015250933 -45.030598817190416 16.363636363636363
v 11.883107158243924 -44.348359666351826 16.363636363636363
v 14.758186012057513 -43.476214030937875 16.363636363636363
v 17.570068047649496 -42.41789657245366 16.363636363636363
v 20.306712354455563 -41.177939168732216 16.363636363636363
v 22.956400201416617 -39.761651507738065 16.363636363636363
v 25.507785218384566 -38.17509835066795 16.363636363636363
v 27.949941983020928 -36.42507356171259 16.363636363636363
v 30.27241280513287 -34.51907101568692 16.363636363636363
v 32.465252508107866 -32.46525250810788 16.363636363636363
v 34.51907101568688 -30.272412805132916 16.363636363636363
v 36.42507356171255 -27.94994198302098 16.363636363636363
v 38.175098350667916 -25.507785218384615 16.363636363636363
v 39.76165150773803 -22.95640020141667 16.363636363636363
v 41.177939168732195 -20.306712354455616 16.363636363636363
v 42.417896572453635 -17.570068047649553 16.363636363636363
v 43.47621403093787 -14.75818601205753 16.363636363636363
v 44.34835966635181 -11.883107158243982 16.363636363636363
v 45.0305988171904 -8.957143015250992 16.363636363636363
v 45.52001003067048 -5.992823010741127 16.363636363636363
v 45.81449757284015 -3.0028408180642985 16.363636363636363
v 49.23511027635499 0.0 17.01818181818182
v 49.12969412589749 3.2201302800647897 17.01818181818182
v 48.81389708266504 6.426471467906947 17.01818181818182
v 48.2890714380788 9.60529351831368 17.01818181818182
v 47.55746457612159 12.742984227243504 17.01818181818182
v 46.622209349694636 15.826107521373741 17.01818181818182
v 45.487310665260495 18.84146099342923 17.01818181818182
v 44.15762833321874 21.776132436917138 17.01818181818182
v 42.63885625745169 24.61755513817749 17.01818181818182
v 40.937498053153945 27.35356168898035 17.01818181818182
v 39.06083919735355 29.972436089235803 17.01818181818182
v 37.016915831380956 32.46296391670506 17.01818181818182
v 34.814480348878085 34.814480348878085 17.01818181818182
v 32.46296391670506 37.01691583138095 17.01818181818182
v 29.97243608923581 39.060839197353545 17.01818181818182
v 27.35356168898036 40.93749805315394 17.01818181818182
v 24.6175551381775 42.63885625745169 17.01818181818182
v 21.77613243691715 44.15762833321873 17.01818181818182
v 18.841460993429234 45.487310665260495 17.01818181818182
v 15.826107521373748 46.62220934969463 17.01818181818182
v 12.742984227243515 47.55746457612158 17.01818181818182
v 9.605293518313683 48.2890714380788 17.01818181818182
v 6.426471467906954 48.81389708266504 17.01818181818182
v 3.2201302800648 49.12969412589749 17.01818181818182
v 3.0147810102802545e-15 49.23511027635499 17.01818181818182
v -3.220130280064783 49.12969412589749 17.01818181818182
v -6.426471467906938 48.813897082665044 17.01818181818182
v -9.605293518313665 48.28907143807881 17.01818181818182
v -12.742984227243499 47.55746457612159 17.01818181818182
v -15.826107521373732 46.622209349694636 17.01818181818182
v -18.841460993429216 45.4873106652605 17.01818181818182
v -21.77613243691713 44.15762833321874 17.01818181818182
v -24.617555138177483 42.63885625745169 17.01818181818182
v -27.35356168898034 40.937498053153945 17.01818181818182
v -29.972436089235792 39.06083919735356 17.01818181818182
v -32.462963916705036 37.01691583138097 17.01818181818182
v -34.81448034887808 34.814480348878085 17.01818181818182
v -37.01691583138095 32.46296391670506 17.01818181818182
v -39.060839197353545 29.97243608923582 17.01818181818182
v -40.93749805315393 27.353561688980367 17.01818181818182
v -42.638856257451685 24.61755513817751 17.01818181818182
v -44.157628333218724 21.77613243691716 17.01818181818182
v -45.487310665260495 18.841460993429237 17.01818181818182
v -46.62220934969463 15.826107521373752 17.01818181818182
v -47.55746457612158 12.742984227243518 17.01818181818182
v -48.2890714380788 9.605293518313697 17.01818181818182
v -48.81389708266504 6.4264714679069685 17.01818181818182
v -49.12969412589749 3.2201302800648146 17.01818181818182
v -49.23511027635499 6.029562020560509e-15 17.01818181818182
v -49.12969412589749 -3.2201302800647804 17.01818181818182
v -48.813897082665044 -6.426471467906936 17.01818181818182
v -48.28907143807881 -9.605293518313664 17.01818181818182
v -47.557464576121596 -12.742984227243484 17.01818181818182
v -46.62220934969464 -15.82610752137372 17.01818181818182
v -45.48731066526051 -18.8414609934292 17.01818181818182
v -44.15762833321874 -21.776132436917127 17.01818181818182
v -42.6388562574517 -24.61755513817748 17.01818181818182
v -40.93749805315395 -27.35356168898034 17.01818181818182
v -39.06083919735356 -29.972436089235792 17.01818181818182
v -37.01691583138097 -32.462963916705036 17.01818181818182
v -34.8144803488781 -34.814480348878064 17.01818181818182
v -32.462963916705064 -37.01691583138095 17.01818181818182
v -29.97243608923582 -39.06083919735354 17.01818181818182
v -27.35356168898039 -40.937498053153924 17.01818181818182
v -24.617555138177515 -42.638856257451685 17.01818181818182
v -21.77613243691714 -44.15762833321873 17.01818181818182
v -18.84146099342926 -45.48731066526049 17.01818181818182
v -15.826107521373755 -46.62220934969463 17.01818181818182
v -12.742984227243543 -47.55746457612158 17.01818181818182
v -9.605293518313701 -48.28907143807879 17.01818181818182
v -6.4264714679069925 -48.81389708266503 17.01818181818182
v -3.2201302800648173 -49.12969412589749 17.01818181818182
v -9.044343030840764e-15 -49.23511027635499 17.01818181818182
v 3.2201302800647555 -49.129694125897494 17.01818181818182
v 6.426471467906933 -48.813897082665044 17.01818181818182
v 9.605293518313639 -48.28907143807881 17.01818181818182
v 12.742984227243483 -47.557464576121596 17.01818181818182
v 15.826107521373737 -46.622209349694636 17.01818181818182
v 18.8414609934292 -45.48731066526051 17.01818181818182
v 21.776132436917123 -44.15762833321874 17.01818181818182
v 24.61755513817746 -42.638856257451714 17.01818181818182
v 27.353561688980335 -40.93749805315395 17.01818181818182
v 29.97243608923577 -39.06083919735357 17.01818181818182
v 32.462963916705036 -37.01691583138097 17.01818181818182
v 34.81448034887808 -34.81448034887809 17.01818181818182
v 37.016915831380935 -32.462963916705085 17.01818181818182
v 39.06083919735354 -29.972436089235828 17.01818181818182
v 40.93749805315392 -27.35356168898039 17.01818181818182
v 42.63885625745168 -24.617555138177515 17.01818181818182
v 44.15762833321871 -21.776132436917184 17.01818181818182
v 45.48731066526049 -18.841460993429262 17.01818181818182
v 46.62220934969463 -15.826107521373757 17.01818181818182
v 47.55746457612158 -12.742984227243545 17.01818181818182
v 48.28907143807879 -9.605293518313703 17.01818181818182
v 48.81389708266503 -6.426471467906997 17.01818181818182
v 49.12969412589749 -3.22013028006482 17.01818181818182
v 46.23511027635499 0.0 17.01818181818182
v 46.13611735618168 3.0239208923743606 17.01818181818182
v 45.83956249854361 6.034892891246793 17.01818181818182
v 45.34671559686911 9.020022552265296 17.01818181818182
v 44.659687097254384 11.96652709193594 17.01818181818182
v 43.78141896120932 14.861789125464256 17.01818181818182
v 42.715672067726636 17.693410696333963 17.01818181818182
v 41.46701010862067 20.449266366260133 17.01818181818182
v 40.04078004609838 23.11755513817749 17.01818181818182
v 38.44308921624631 25.686850989921545 17.01818181818182
v 36.680779176479845 28.146151802209644 17.01818181818182
v 34.76139640894402 30.484926471404847 17.01818181818182
v 32.69316000531844 32.69316000531844 17.01818181818182
v 30.484926471404854 34.761396408944016 17.01818181818182
v 28.146151802209648 36.680779176479845 17.01818181818182
v 25.686850989921552 38.4430892162463 17.01818181818182
v 23.117555138177497 40.04078004609838 17.01818181818182
v 20.449266366260144 41.46701010862066 17.01818181818182
v 17.693410696333963 42.715672067726636 17.01818181818182
v 14.861789125464265 43.78141896120931 17.01818181818182
v 11.966527091935951 44.65968709725438 17.01818181818182
v 9.0200225522653 45.34671559686911 17.01818181818182
v 6.034892891246799 45.83956249854361 17.01818181818182
v 3.0239208923743703 46.13611735618168 17.01818181818182
v 2.831083990408152e-15 46.23511027635499 17.01818181818182
v -3.0239208923743544 46.13611735618168 17.01818181818182
v -6.034892891246784 45.839562498543614 17.01818181818182
v -9.020022552265281 45.34671559686911 17.01818181818182
v -11.966527091935937 44.659687097254384 17.01818181818182
v -14.861789125464249 43.78141896120932 17.01818181818182
v -17.69341069633395 42.71567206772664 17.01818181818182
v -20.449266366260126 41.46701010862067 17.01818181818182
v -23.117555138177483 40.04078004609838 17.01818181818182
v -25.686850989921535 38.443089216246314 17.01818181818182
v -28.146151802209634 36.68077917647985 17.01818181818182
v -30.484926471404833 34.76139640894404 17.01818181818182
v -32.69316000531844 32.69316000531844 17.01818181818182
v -34.761396408944016 30.484926471404854 17.01818181818182
v -36.68077917647984 28.14615180220966 17.01818181818182
v -38.4430892162463 25.68685098992156 17.01818181818182
v -40.04078004609837 23.117555138177508 17.01818181818182
v -41.46701010862066 20.449266366260154 17.01818181818182
v -42.715672067726636 17.693410696333967 17.01818181818182
v -43.78141896120931 14.861789125464266 17.01818181818182
v -44.65968709725438 11.966527091935955 17.01818181818182
v -45.34671559686911 9.020022552265312 17.01818181818182
v -45.83956249854361 6.0348928912468125 17.01818181818182
v -46.13611735618168 3.0239208923743837 17.01818181818182
v -46.23511027635499 5.662167980816304e-15 17.01818181818182
v -46.13611735618168 -3.0239208923743517 17.01818181818182
v -45.839562498543614 -6.034892891246781 17.01818181818182
v -45.34671559686911 -9.02002255226528 17.01818181818182
v -44.65968709725439 -11.966527091935923 17.01818181818182
v -43.781418961209326 -14.861789125464236 17.01818181818182
v -42.71567206772664 -17.693410696333935 17.01818181818182
v -41.46701010862067 -20.449266366260126 17.01818181818182
v -40.040780046098384 -23.11755513817748 17.01818181818182
v -38.443089216246314 -25.686850989921535 17.01818181818182
v -36.68077917647985 -28.146151802209634 17.01818181818182
v -34.76139640894404 -30.484926471404833 17.01818181818182
v -32.69316000531846 -32.693160005318425 17.01818181818182
v -30.484926471404858 -34.761396408944016 17.01818181818182
v -28.14615180220966 -36.68077917647983 17.01818181818182
v -25.68685098992158 -38.443089216246285 17.01818181818182
v -23.117555138177515 -40.04078004609837 17.01818181818182
v -20.449266366260137 -41.46701010862066 17.01818181818182
v -17.693410696333988 -42.71567206772662 17.01818181818182
v -14.861789125464268 -43.78141896120931 17.01818181818182
v -11.966527091935978 -44.65968709725438 17.01818181818182
v -9.020022552265313 -45.3467155968691 17.01818181818182
v -6.034892891246836 -45.8395624985436 17.01818181818182
v -3.0239208923743863 -46.13611735618168 17.01818181818182
v -8.493251971224454e-15 -46.23511027635499 17.01818181818182
v 3.0239208923743286 -46.136117356181686 17.01818181818182
v 6.034892891246779 -45.839562498543614 17.01818181818182
v 9.020022552265257 -45.34671559686912 17.01818181818182
v 11.966527091935921 -44.65968709725439 17.01818181818182
v 14.861789125464254 -43.78141896120932 17.01818181818182
v 17.693410696333935 -42.71567206772664 17.01818181818182
v 20.449266366260122 -41.46701010862067 17.01818181818182
v 23.11755513817746 -40.0407800460984 17.01818181818182
v 25.686850989921528 -38.443089216246314 17.01818181818182
v 28.146151802209612 -36.68077917647987 17.01818181818182
v 30.48492647140483 -34.76139640894404 17.01818181818182
v 32.69316000531843 -32.69316000531845 17.01818181818182
v 34.761396408944 -30.484926471404876 17.01818181818182
v 36.68077917647983 -28.146151802209662 17.01818181818182
v 38.44308921624628 -25.68685098992158 17.01818181818182
v 40.04078004609836 -23.117555138177515 17.01818181818182
v 41.46701010862064 -20.449266366260176 17.01818181818182
v 42.71567206772662 -17.693410696333988 17.01818181818182
v 43.78141896120931 -14.861789125464272 17.01818181818182
v 44.65968709725438 -11.96652709193598 17.01818181818182
v 45.3467155968691 -9.020022552265317 17.01818181818182
v 45.8395624985436 -6.034892891246839 17.01818181818182
v 46.13611735618168 -3.023920892374389 17.01818181818182
v 49.53968301720057 0.0 17.672727272727272
v 49.4336147531255 3.2400502903942927 17.672727272727272
v 49.11586416149093 6.466226188023547 17.672727272727272
v 48.58779189911222 9.66471271240258 17.672727272727272
v 47.85165925248799 12.821813453193416 17.672727272727272
v 46.91061845462423 15.924009220337064 17.672727272727272
v 45.76869918668859 18.958015935300864 17.672727272727272
v 44.43079132229704 21.910841515542142 17.672727272727272
v 42.90262398832423 24.769841508600283 17.672727272727272
v 41.190741031902746 27.52277323758335 17.672727272727272
v 39.30247299866505 30.157848226190065 17.672727272727272
v 37.245905742221645 32.66378267877515 17.672727272727272
v 35.02984579929457 35.02984579929457 17.672727272727272
v 32.663782678775156 37.24590574222164 17.672727272727272
v 30.157848226190072 39.30247299866505 17.672727272727272
v 27.522773237583362 41.19074103190274 17.672727272727272
v 24.769841508600294 42.90262398832422 17.672727272727272
v 21.910841515542153 44.43079132229703 17.672727272727272
v 18.958015935300864 45.76869918668859 17.672727272727272
v 15.924009220337073 46.91061845462422 17.672727272727272
v 12.821813453193426 47.851659252487984 17.672727272727272
v 9.664712712402585 48.58779189911222 17.672727272727272
v 6.466226188023554 49.11586416149093 17.672727272727272
v 3.240050290394303 49.4336147531255 17.672727272727272
v 3.0334307118894587e-15 49.53968301720057 17.672727272727272
v -3.2400502903942856 49.4336147531255 17.672727272727272
v -6.466226188023537 49.11586416149094 17.672727272727272
v -9.664712712402565 48.587791899112226 17.672727272727272
v -12.82181345319341 47.85165925248799 17.672727272727272
v -15.924009220337057 46.91061845462423 17.672727272727272
v -18.95801593530085 45.7686991866886 17.672727272727272
v -21.910841515542135 44.43079132229704 17.672727272727272
v -24.769841508600276 42.90262398832423 17.672727272727272
v -27.52277323758334 41.19074103190275 17.672727272727272
v -30.157848226190055 39.30247299866506 17.672727272727272
v -32.663782678775135 37.24590574222166 17.672727272727272
v -35.02984579929457 35.02984579929457 17.672727272727272
v -37.24590574222164 32.663782678775156 17.672727272727272
v -39.302472998665046 30.157848226190083 17.672727272727272
v -41.19074103190273 27.52277323758337 17.672727272727272
v -42.902623988324216 24.769841508600305 17.672727272727272
v -44.43079132229703 21.910841515542163 17.672727272727272
v -45.76869918668859 18.958015935300867 17.672727272727272
v -46.91061845462422 15.924009220337075 17.672727272727272
v -47.851659252487984 12.82181345319343 17.672727272727272
v -48.58779189911222 9.664712712402597 17.672727272727272
v -49.11586416149093 6.466226188023567 17.672727272727272
v -49.4336147531255 3.2400502903943176 17.672727272727272
v -49.53968301720057 6.066861423778917e-15 17.672727272727272
v -49.4336147531255 -3.240050290394283 17.672727272727272
v -49.11586416149094 -6.466226188023534 17.672727272727272
v -48.587791899112226 -9.664712712402563 17.672727272727272
v -47.85165925248799 -12.821813453193396 17.672727272727272
v -46.910618454624235 -15.924009220337043 17.672727272727272
v -45.76869918668861 -18.958015935300836 17.672727272727272
v -44.43079132229704 -21.910841515542135 17.672727272727272
v -42.90262398832423 -24.769841508600273 17.672727272727272
v -41.19074103190275 -27.52277323758334 17.672727272727272
v -39.30247299866506 -30.157848226190055 17.672727272727272
v -37.24590574222166 -32.663782678775135 17.672727272727272
v -35.02984579929459 -35.02984579929455 17.672727272727272
v -32.66378267877516 -37.24590574222164 17.672727272727272
v -30.157848226190083 -39.30247299866504 17.672727272727272
v -27.52277323758339 -41.190741031902725 17.672727272727272
v -24.769841508600308 -42.902623988324216 17.672727272727272
v -21.910841515542145 -44.43079132229703 17.672727272727272
v -18.95801593530089 -45.768699186688586 17.672727272727272
v -15.924009220337078 -46.91061845462422 17.672727272727272
v -12.821813453193455 -47.85165925248798 17.672727272727272
v -9.6647127124026 -48.58779189911221 17.672727272727272
v -6.466226188023592 -49.115864161490926 17.672727272727272
v -3.2400502903943202 -49.4336147531255 17.672727272727272
v -9.100292135668376e-15 -49.53968301720057 17.672727272727272
v 3.240050290394258 -49.433614753125504 17.672727272727272
v 6.466226188023532 -49.11586416149094 17.672727272727272
v 9.664712712402538 -48.587791899112226 17.672727272727272
v 12.821813453193394 -47.85165925248799 17.672727272727272
v 15.924009220337062 -46.91061845462423 17.672727272727272
v 18.958015935300832 -45.76869918668861 17.672727272727272
v 21.91084151554213 -44.43079132229704 17.672727272727272
v 24.769841508600255 -42.902623988324244 17.672727272727272
v 27.522773237583333 -41.19074103190275 17.672727272727272
v 30.157848226190033 -39.30247299866508 17.672727272727272
v 32.66378267877513 -37.24590574222166 17.672727272727272
v 35.02984579929456 -35.02984579929458 17.672727272727272
v 37.24590574222162 -32.66378267877518 17.672727272727272
v 39.30247299866504 -30.157848226190087 17.672727272727272
v 41.19074103190272 -27.52277323758339 17.672727272727272
v 42.90262398832421 -24.769841508600308 17.672727272727272
v 44.43079132229701 -21.910841515542188 17.672727272727272
v 45.768699186688586 -18.958015935300892 17.672727272727272
v 46.91061845462422 -15.92400922033708 17.672727272727272
v 47.85165925248798 -12.821813453193457 17.672727272727272
v 48.58779189911221 -9.664712712402602 17.672727272727272
v 49.115864161490926 -6.4662261880235965 17.672727272727272
v 49.4336147531255 -3.240050290394323 17.672727272727272
v 46.53968301720057 0.0 17.672727272727272
v 46.44003798340969 3.0438409027038635 17.672727272727272
v 46.1415295773695 6.074647611363392 17.672727272727272
v 45.64543605790253 9.079441746354195 17.672727272727272
v 44.953881773620786 12.045356317885854 17.672727272727272
v 44.06982806613891 14.95969082442758 17.672727272727272
v 42.997060589154735 17.809965638205593 17.672727272727272
v 41.74017309769898 20.583975444885137 17.672727272727272
v 40.304547776970914 23.269841508600283 17.672727272727272
v 38.69633219499511 25.856062538524544 17.672727272727272
v 36.92241297779135 28.331563939163903 17.672727272727272
v 34.99038631978471 30.685745233474943 17.672727272727272
v 32.90852545573493 32.90852545573493 17.672727272727272
v 30.68574523347495 34.990386319784704 17.672727272727272
v 28.33156393916391 36.922412977791346 17.672727272727272
v 25.856062538524554 38.6963321949951 17.672727272727272
v 23.26984150860029 40.30454777697091 17.672727272727272
v 20.583975444885148 41.74017309769897 17.672727272727272
v 17.809965638205597 42.997060589154735 17.672727272727272
v 14.959690824427588 44.0698280661389 17.672727272727272
v 12.045356317885863 44.95388177362078 17.672727272727272
v 9.079441746354199 45.64543605790253 17.672727272727272
v 6.074647611363399 46.1415295773695 17.672727272727272
v 3.0438409027038733 46.44003798340969 17.672727272727272
v 2.849733692017356e-15 46.53968301720057 17.672727272727272
v -3.043840902703857 46.44003798340969 17.672727272727272
v -6.074647611363383 46.141529577369504 17.672727272727272
v -9.079441746354181 45.64543605790253 17.672727272727272
v -12.04535631788585 44.953881773620786 17.672727272727272
v -14.959690824427572 44.06982806613891 17.672727272727272
v -17.80996563820558 42.99706058915474 17.672727272727272
v -20.583975444885134 41.74017309769898 17.672727272727272
v -23.269841508600276 40.304547776970914 17.672727272727272
v -25.856062538524533 38.696332194995115 17.672727272727272
v -28.331563939163892 36.92241297779135 17.672727272727272
v -30.68574523347493 34.990386319784726 17.672727272727272
v -32.908525455734924 32.90852545573493 17.672727272727272
v -34.990386319784704 30.68574523347495 17.672727272727272
v -36.92241297779134 28.33156393916392 17.672727272727272
v -38.6963321949951 25.85606253852456 17.672727272727272
v -40.3045477769709 23.2698415086003 17.672727272727272
v -41.740173097698964 20.58397544488516 17.672727272727272
v -42.997060589154735 17.809965638205597 17.672727272727272
v -44.0698280661389 14.95969082442759 17.672727272727272
v -44.95388177362078 12.045356317885867 17.672727272727272
v -45.64543605790253 9.079441746354211 17.672727272727272
v -46.1415295773695 6.074647611363411 17.672727272727272
v -46.44003798340969 3.0438409027038866 17.672727272727272
v -46.53968301720057 5.699467384034712e-15 17.672727272727272
v -46.44003798340969 -3.043840902703854 17.672727272727272
v -46.141529577369504 -6.07464761136338 17.672727272727272
v -45.64543605790253 -9.07944174635418 17.672727272727272
v -44.953881773620786 -12.045356317885835 17.672727272727272
v -44.06982806613892 -14.95969082442756 17.672727272727272
v -42.99706058915475 -17.80996563820557 17.672727272727272
v -41.74017309769898 -20.58397544488513 17.672727272727272
v -40.304547776970914 -23.269841508600273 17.672727272727272
v -38.69633219499512 -25.856062538524533 17.672727272727272
v -36.92241297779135 -28.331563939163892 17.672727272727272
v -34.990386319784726 -30.68574523347493 17.672727272727272
v -32.908525455734946 -32.90852545573491 17.672727272727272
v -30.685745233474954 -34.990386319784704 17.672727272727272
v -28.33156393916392 -36.92241297779133 17.672727272727272
v -25.85606253852458 -38.69633219499509 17.672727272727272
v -23.269841508600308 -40.3045477769709 17.672727272727272
v -20.583975444885144 -41.74017309769897 17.672727272727272
v -17.809965638205618 -42.99706058915473 17.672727272727272
v -14.959690824427593 -44.0698280661389 17.672727272727272
v -12.04535631788589 -44.95388177362077 17.672727272727272
v -9.079441746354215 -45.64543605790252 17.672727272727272
v -6.074647611363434 -46.1415295773695 17.672727272727272
v -3.0438409027038893 -46.44003798340969 17.672727272727272
v -8.549201076052067e-15 -46.53968301720057 17.672727272727272
v 3.043840902703831 -46.44003798340969 17.672727272727272
v 6.074647611363377 -46.141529577369504 17.672727272727272
v 9.079441746354156 -45.645436057902536 17.672727272727272
v 12.045356317885833 -44.953881773620786 17.672727272727272
v 14.959690824427577 -44.06982806613891 17.672727272727272
v 17.809965638205565 -42.99706058915475 17.672727272727272
v 20.583975444885127 -41.74017309769898 17.672727272727272
v 23.269841508600255 -40.30454777697093 17.672727272727272
v 25.85606253852453 -38.69633219499512 17.672727272727272
v 28.331563939163875 -36.92241297779137 17.672727272727272
v 30.685745233474922 -34.990386319784726 17.672727272727272
v 32.90852545573492 -32.90852545573494 17.672727272727272
v 34.99038631978469 -30.685745233474968 17.672727272727272
v 36.92241297779133 -28.331563939163924 17.672727272727272
v 38.69633219499509 -25.85606253852458 17.672727272727272
v 40.30454777697089 -23.269841508600308 17.672727272727272
v 41.74017309769895 -20.58397544488518 17.672727272727272
v 42.99706058915473 -17.80996563820562 17.672727272727272
v 44.0698280661389 -14.959690824427595 17.672727272727272
v 44.95388177362077 -12.045356317885892 17.672727272727272
v 45.64543605790252 -9.079441746354217 17.672727272727272
v 46.1415295773695 -6.074647611363439 17.672727272727272
v 46.44003798340969 -3.043840902703892 17.672727272727272
v 49.826695333330164 0.0 18.327272727272724
v 49.72001255385479 3.2588217939967588 18.327272727272724
v 49.40042104746861 6.5036888127682 18.327272727272724
v 48.86928935406656 9.720706037578896 18.327272727272724
v 48.128891861100605 12.896097706786739 18.327272727272724
v 47.18239906430351 16.016266305769182 18.327272727272724
v 46.033863991139384 19.06785079356839 18.327272727272724
v 44.68820484511783 22.03778381691982 18.327272727272724
v 43.151183945291464 24.91334766666508 18.327272727272724
v 41.42938305112107 27.682228736934963 18.327272727272724
v 39.53017517837119 30.33257025390022 18.327272727272724
v 37.46169302672461 32.85302304829737 18.327272727272724
v 35.232794154313865 35.232794154313865 18.327272727272724
v 32.85302304829738 37.4616930267246 18.327272727272724
v 30.332570253900222 39.53017517837119 18.327272727272724
v 27.682228736934974 41.429383051121064 18.327272727272724
v 24.91334766666509 43.15118394529146 18.327272727272724
v 22.03778381691983 44.68820484511783 18.327272727272724
v 19.06785079356839 46.033863991139384 18.327272727272724
v 16.01626630576919 47.1823990643035 18.327272727272724
v 12.896097706786751 48.1288918611006 18.327272727272724
v 9.7207060375789 48.86928935406656 18.327272727272724
v 6.503688812768207 49.40042104746861 18.327272727272724
v 3.2588217939967694 49.72001255385479 18.327272727272724
v 3.051005147602657e-15 49.826695333330164 18.327272727272724
v -3.258821793996752 49.72001255385479 18.327272727272724
v -6.50368881276819 49.40042104746861 18.327272727272724
v -9.720706037578882 48.86928935406657 18.327272727272724
v -12.896097706786733 48.128891861100605 18.327272727272724
v -16.016266305769175 47.18239906430351 18.327272727272724
v -19.067850793568375 46.03386399113939 18.327272727272724
v -22.037783816919813 44.68820484511783 18.327272727272724
v -24.91334766666507 43.151183945291464 18.327272727272724
v -27.682228736934952 41.42938305112108 18.327272727272724
v -30.332570253900208 39.530175178371195 18.327272727272724
v -32.85302304829736 37.46169302672463 18.327272727272724
v -35.23279415431386 35.232794154313865 18.327272727272724
v -37.4616930267246 32.85302304829738 18.327272727272724
v -39.53017517837118 30.332570253900236 18.327272727272724
v -41.42938305112106 27.68222873693498 18.327272727272724
v -43.15118394529145 24.9133476666651 18.327272727272724
v -44.68820484511782 22.03778381691984 18.327272727272724
v -46.033863991139384 19.067850793568393 18.327272727272724
v -47.1823990643035 16.016266305769193 18.327272727272724
v -48.1288918611006 12.896097706786753 18.327272727272724
v -48.86928935406656 9.720706037578914 18.327272727272724
v -49.40042104746861 6.50368881276822 18.327272727272724
v -49.72001255385479 3.258821793996784 18.327272727272724
v -49.826695333330164 6.102010295205314e-15 18.327272727272724
v -49.72001255385479 -3.2588217939967494 18.327272727272724
v -49.40042104746861 -6.503688812768187 18.327272727272724
v -48.86928935406657 -9.72070603757888 18.327272727272724
v -48.128891861100605 -12.89609770678672 18.327272727272724
v -47.18239906430352 -16.01626630576916 18.327272727272724
v -46.0338639911394 -19.06785079356836 18.327272727272724
v -44.68820484511783 -22.037783816919813 18.327272727272724
v -43.15118394529147 -24.913347666665068 18.327272727272724
v -41.429383051121086 -27.682228736934952 18.327272727272724
v -39.530175178371195 -30.332570253900208 18.327272727272724
v -37.46169302672463 -32.85302304829736 18.327272727272724
v -35.23279415431388 -35.232794154313844 18.327272727272724
v -32.85302304829739 -37.4616930267246 18.327272727272724
v -30.332570253900236 -39.530175178371174 18.327272727272724
v -27.682228736935002 -41.42938305112105 18.327272727272724
v -24.913347666665103 -43.15118394529145 18.327272727272724
v -22.037783816919827 -44.68820484511783 18.327272727272724
v -19.067850793568415 -46.03386399113938 18.327272727272724
v -16.016266305769197 -47.1823990643035 18.327272727272724
v -12.896097706786778 -48.12889186110059 18.327272727272724
v -9.720706037578918 -48.86928935406655 18.327272727272724
v -6.503688812768245 -49.400421047468605 18.327272727272724
v -3.2588217939967867 -49.72001255385479 18.327272727272724
v -9.153015442807972e-15 -49.826695333330164 18.327272727272724
v 3.2588217939967246 -49.720012553854794 18.327272727272724
v 6.503688812768185 -49.40042104746861 18.327272727272724
v 9.720706037578855 -48.86928935406657 18.327272727272724
v 12.896097706786717 -48.128891861100605 18.327272727272724
v 16.01626630576918 -47.18239906430351 18.327272727272724
v 19.067850793568358 -46.0338639911394 18.327272727272724
v 22.03778381691981 -44.68820484511783 18.327272727272724
v 24.91334766666505 -43.15118394529148 18.327272727272724
v 27.68222873693495 -41.429383051121086 18.327272727272724
v 30.332570253900183 -39.53017517837121 18.327272727272724
v 32.85302304829735 -37.46169302672463 18.327272727272724
v 35.23279415431385 -35.23279415431387 18.327272727272724
v 37.46169302672459 -32.8530230482974 18.327272727272724
v 39.530175178371174 -30.33257025390024 18.327272727272724
v 41.42938305112104 -27.682228736935002 18.327272727272724
v 43.15118394529145 -24.913347666665103 18.327272727272724
v 44.68820484511781 -22.037783816919866 18.327272727272724
v 46.03386399113938 -19.067850793568418 18.327272727272724
v 47.1823990643035 -16.0162663057692 18.327272727272724
v 48.12889186110059 -12.896097706786781 18.327272727272724
v 48.86928935406655 -9.72070603757892 18.327272727272724
v 49.400421047468605 -6.5036888127682495 18.327272727272724
v 49.72001255385479 -3.2588217939967894 18.327272727272724
v 46.826695333330164 0.0 18.327272727272724
v 46.72643578413898 3.0626124063063296 18.327272727272724
v 46.426086463347175 6.112110236108045 18.327272727272724
v 45.92693351285687 9.135435071530512 18.327272727272724
v 45.2311143822334 12.119640571479177 18.327272727272724
v 44.34160867581819 15.051947909859697 18.327272727272724
v 43.262225393605526 17.91980049647312 18.327272727272724
v 41.99758662051977 20.710917746262815 18.327272727272724
v 40.55310773393815 23.41334766666508 18.327272727272724
v 38.93497421421343 26.015518037876156 18.327272727272724
v 37.15011515749748 28.506285966874056 18.327272727272724
v 35.20617360428768 30.874985602997167 18.327272727272724
v 33.11147381075422 33.11147381075422 18.327272727272724
v 30.87498560299717 35.20617360428768 18.327272727272724
v 28.50628596687406 37.15011515749748 18.327272727272724
v 26.015518037876166 38.93497421421343 18.327272727272724
v 23.413347666665086 40.55310773393814 18.327272727272724
v 20.710917746262826 41.99758662051976 18.327272727272724
v 17.919800496473123 43.262225393605526 18.327272727272724
v 15.051947909859706 44.341608675818186 18.327272727272724
v 12.119640571479188 45.23111438223339 18.327272727272724
v 9.135435071530516 45.92693351285687 18.327272727272724
v 6.112110236108052 46.426086463347175 18.327272727272724
v 3.0626124063063394 46.72643578413898 18.327272727272724
v 2.8673081277305544e-15 46.826695333330164 18.327272727272724
v -3.0626124063063234 46.72643578413898 18.327272727272724
v -6.112110236108036 46.42608646334718 18.327272727272724
v -9.135435071530498 45.92693351285687 18.327272727272724
v -12.119640571479172 45.2311143822334 18.327272727272724
v -15.05194790985969 44.34160867581819 18.327272727272724
v -17.919800496473105 43.26222539360553 18.327272727272724
v -20.710917746262812 41.99758662051977 18.327272727272724
v -23.41334766666507 40.55310773393815 18.327272727272724
v -26.01551803787615 38.93497421421344 18.327272727272724
v -28.506285966874046 37.15011515749749 18.327272727272724
v -30.874985602997153 35.20617360428769 18.327272727272724
v -33.11147381075421 33.11147381075422 18.327272727272724
v -35.20617360428768 30.87498560299717 18.327272727272724
v -37.150115157497474 28.50628596687407 18.327272727272724
v -38.934974214213426 26.015518037876173 18.327272727272724
v -40.553107733938134 23.413347666665096 18.327272727272724
v -41.99758662051976 20.710917746262837 18.327272727272724
v -43.262225393605526 17.919800496473126 18.327272727272724
v -44.341608675818186 15.051947909859708 18.327272727272724
v -45.23111438223339 12.11964057147919 18.327272727272724
v -45.92693351285687 9.135435071530528 18.327272727272724
v -46.426086463347175 6.112110236108064 18.327272727272724
v -46.72643578413898 3.062612406306353 18.327272727272724
v -46.826695333330164 5.734616255461109e-15 18.327272727272724
v -46.72643578413898 -3.0626124063063207 18.327272727272724
v -46.42608646334718 -6.112110236108033 18.327272727272724
v -45.92693351285687 -9.135435071530496 18.327272727272724
v -45.2311143822334 -12.11964057147916 18.327272727272724
v -44.3416086758182 -15.051947909859676 18.327272727272724
v -43.26222539360553 -17.919800496473094 18.327272727272724
v -41.99758662051977 -20.71091774626281 18.327272727272724
v -40.553107733938155 -23.413347666665068 18.327272727272724
v -38.93497421421345 -26.01551803787615 18.327272727272724
v -37.15011515749749 -28.506285966874046 18.327272727272724
v -35.20617360428769 -30.874985602997153 18.327272727272724
v -33.111473810754234 -33.1114738107542 18.327272727272724
v -30.874985602997178 -35.20617360428768 18.327272727272724
v -28.50628596687407 -37.15011515749747 18.327272727272724
v -26.015518037876195 -38.93497421421341 18.327272727272724
v -23.413347666665103 -40.553107733938134 18.327272727272724
v -20.710917746262822 -41.99758662051976 18.327272727272724
v -17.919800496473144 -43.26222539360551 18.327272727272724
v -15.05194790985971 -44.341608675818186 18.327272727272724
v -12.119640571479213 -45.231114382233386 18.327272727272724
v -9.135435071530532 -45.92693351285686 18.327272727272724
v -6.112110236108088 -46.426086463347175 18.327272727272724
v -3.062612406306356 -46.72643578413898 18.327272727272724
v -8.601924383191662e-15 -46.826695333330164 18.327272727272724
v 3.062612406306297 -46.72643578413898 18.327272727272724
v 6.11211023610803 -46.42608646334718 18.327272727272724
v 9.135435071530473 -45.92693351285688 18.327272727272724
v 12.119640571479156 -45.2311143822334 18.327272727272724
v 15.051947909859695 -44.34160867581819 18.327272727272724
v 17.91980049647309 -43.26222539360553 18.327272727272724
v 20.710917746262805 -41.99758662051977 18.327272727272724
v 23.41334766666505 -40.55310773393816 18.327272727272724
v 26.01551803787614 -38.93497421421345 18.327272727272724
v 28.506285966874024 -37.1501151574975 18.327272727272724
v 30.874985602997146 -35.20617360428769 18.327272727272724
v 33.11147381075421 -33.11147381075423 18.327272727272724
v 35.206173604287656 -30.874985602997192 18.327272727272724
v 37.15011515749747 -28.506285966874078 18.327272727272724
v 38.93497421421341 -26.015518037876195 18.327272727272724
v 40.553107733938134 -23.413347666665103 18.327272727272724
v 41.99758662051974 -20.71091774626286 18.327272727272724
v 43.26222539360551 -17.919800496473147 18.327272727272724
v 44.341608675818186 -15.051947909859713 18.327272727272724
v 45.231114382233386 -12.119640571479216 18.327272727272724
v 45.92693351285686 -9.135435071530534 18.327272727272724
v 46.426086463347175 -6.112110236108092 18.327272727272724
v 46.72643578413898 -3.0626124063063584 18.327272727272724
v 50.096172755773026 0.0 18.98181818181818
v 49.98891300445074 3.2764464606813952 18.98181818181818
v 49.66759305320584 6.538862674608941 18.98181818181818
v 49.13358884339952 9.773278474699351 18.98181818181818
v 48.38918706303997 12.96584359594009 18.98181818181818
v 47.437575354833335 16.10288698435049 18.98181818181818
v 46.28282866620824 19.17097533853372 18.98181818181818
v 44.92989179976532 22.156970633135664 18.98181818181818
v 43.38455823887333 25.04808637788651 18.98181818181818
v 41.65344533908393 27.831942371315066 18.98181818181818
v 39.74396599159931 30.49661771467212 18.98181818181818
v 37.66429688013398 33.030701859049024 18.98181818181818
v 35.42334346709988 35.42334346709988 18.98181818181818
v 33.03070185904903 37.664296880133975 18.98181818181818
v 30.496617714672126 39.7439659915993 18.98181818181818
v 27.831942371315076 41.65344533908392 18.98181818181818
v 25.04808637788652 43.384558238873325 18.98181818181818
v 22.15697063313568 44.92989179976532 18.98181818181818
v 19.170975338533722 46.28282866620824 18.98181818181818
v 16.102886984350498 47.43757535483333 18.98181818181818
v 12.9658435959401 48.38918706303997 18.98181818181818
v 9.773278474699355 49.13358884339952 18.98181818181818
v 6.538862674608947 49.66759305320584 18.98181818181818
v 3.276446460681406 49.98891300445074 18.98181818181818
v 3.067505880744514e-15 50.096172755773026 18.98181818181818
v -3.276446460681388 49.98891300445074 18.98181818181818
v -6.538862674608931 49.66759305320585 18.98181818181818
v -9.773278474699337 49.13358884339952 18.98181818181818
v -12.965843595940084 48.38918706303997 18.98181818181818
v -16.10288698435048 47.437575354833335 18.98181818181818
v -19.170975338533705 46.282828666208246 18.98181818181818
v -22.15697063313566 44.92989179976532 18.98181818181818
v -25.048086377886502 43.38455823887333 18.98181818181818
v -27.831942371315055 41.65344533908393 18.98181818181818
v -30.49661771467211 39.74396599159931 18.98181818181818
v -33.03070185904901 37.664296880134 18.98181818181818
v -35.423343467099876 35.42334346709988 18.98181818181818
v -37.664296880133975 33.03070185904903 18.98181818181818
v -39.743965991599296 30.496617714672137 18.98181818181818
v -41.653445339083916 27.831942371315083 18.98181818181818
v -43.38455823887332 25.04808637788653 18.98181818181818
v -44.929891799765315 22.15697063313569 18.98181818181818
v -46.28282866620824 19.170975338533726 18.98181818181818
v -47.43757535483333 16.1028869843505 18.98181818181818
v -48.38918706303997 12.965843595940104 18.98181818181818
v -49.13358884339952 9.773278474699369 18.98181818181818
v -49.66759305320584 6.5388626746089615 18.98181818181818
v -49.98891300445074 3.27644646068142 18.98181818181818
v -50.096172755773026 6.135011761489028e-15 18.98181818181818
v -49.98891300445074 -3.2764464606813855 18.98181818181818
v -49.66759305320585 -6.538862674608928 18.98181818181818
v -49.13358884339952 -9.773278474699334 18.98181818181818
v -48.38918706303998 -12.96584359594007 18.98181818181818
v -47.43757535483334 -16.102886984350466 18.98181818181818
v -46.28282866620825 -19.170975338533694 18.98181818181818
v -44.92989179976532 -22.156970633135657 18.98181818181818
v -43.38455823887334 -25.0480863778865 18.98181818181818
v -41.65344533908394 -27.831942371315055 18.98181818181818
v -39.74396599159931 -30.49661771467211 18.98181818181818
v -37.664296880134 -33.03070185904901 18.98181818181818
v -35.4233434670999 -35.42334346709986 18.98181818181818
v -33.03070185904904 -37.664296880133975 18.98181818181818
v -30.496617714672137 -39.74396599159929 18.98181818181818
v -27.831942371315105 -41.6534453390839 18.98181818181818
v -25.048086377886534 -43.38455823887332 18.98181818181818
v -22.15697063313567 -44.92989179976532 18.98181818181818
v -19.170975338533747 -46.28282866620823 18.98181818181818
v -16.102886984350505 -47.43757535483333 18.98181818181818
v -12.965843595940129 -48.38918706303996 18.98181818181818
v -9.77327847469937 -49.133588843399515 18.98181818181818
v -6.538862674608986 -49.66759305320584 18.98181818181818
v -3.276446460681423 -49.98891300445074 18.98181818181818
v -9.20251764223354e-15 -50.096172755773026 18.98181818181818
v 3.2764464606813606 -49.98891300445074 18.98181818181818
v 6.538862674608925 -49.66759305320585 18.98181818181818
v 9.773278474699309 -49.13358884339953 18.98181818181818
v 12.965843595940067 -48.38918706303998 18.98181818181818
v 16.102886984350487 -47.437575354833335 18.98181818181818
v 19.17097533853369 -46.28282866620825 18.98181818181818
v 22.156970633135654 -44.92989179976532 18.98181818181818
v 25.04808637788648 -43.384558238873346 18.98181818181818
v 27.831942371315048 -41.65344533908394 18.98181818181818
v 30.496617714672087 -39.74396599159933 18.98181818181818
v 33.030701859049 -37.664296880134 18.98181818181818
v 35.42334346709987 -35.42334346709989 18.98181818181818
v 37.66429688013396 -33.03070185904905 18.98181818181818
v 39.74396599159929 -30.496617714672144 18.98181818181818
v 41.6534453390839 -27.831942371315105 18.98181818181818
v 43.38455823887332 -25.048086377886534 18.98181818181818
v 44.9298917997653 -22.156970633135714 18.98181818181818
v 46.28282866620823 -19.17097533853375 18.98181818181818
v 47.43757535483333 -16.102886984350505 18.98181818181818
v 48.38918706303996 -12.96584359594013 18.98181818181818
v 49.133588843399515 -9.773278474699374 18.98181818181818
v 49.66759305320584 -6.538862674608991 18.98181818181818
v 49.98891300445074 -3.276446460681426 18.98181818181818
v 47.096172755773026 0.0 18.98181818181818
v 46.99533623473492 3.080237072990966 18.98181818181818
v 46.69325846908441 6.147284097948786 18.98181818181818
v 46.191233002189826 9.188007508650966 18.98181818181818
v 45.491409584172764 12.189386460632527 18.98181818181818
v 44.59678496634802 15.138568588441006 18.98181818181818
v 43.51119006867438 18.02292504143845 18.98181818181818
v 42.23927357516726 20.830104562478663 18.98181818181818
v 40.786482027520016 23.54808637788651 18.98181818181818
v 39.15903650217629 26.165231672256258 18.98181818181818
v 37.363905970725604 28.67033342764596 18.98181818181818
v 35.40877745769705 31.052664413748822 18.98181818181818
v 33.30202312354024 33.30202312354024 18.98181818181818
v 31.052664413748825 35.40877745769705 18.98181818181818
v 28.670333427645964 37.3639059707256 18.98181818181818
v 26.16523167225627 39.159036502176285 18.98181818181818
v 23.548086377886516 40.78648202752001 18.98181818181818
v 20.830104562478674 42.23927357516725 18.98181818181818
v 18.02292504143845 43.51119006867438 18.98181818181818
v 15.138568588441013 44.59678496634801 18.98181818181818
v 12.189386460632537 45.491409584172764 18.98181818181818
v 9.18800750865097 46.191233002189826 18.98181818181818
v 6.147284097948792 46.69325846908441 18.98181818181818
v 3.080237072990976 46.99533623473492 18.98181818181818
v 2.8838088608724108e-15 47.096172755773026 18.98181818181818
v -3.0802370729909594 46.99533623473492 18.98181818181818
v -6.147284097948777 46.69325846908442 18.98181818181818
v -9.188007508650953 46.19123300218983 18.98181818181818
v -12.189386460632521 45.491409584172764 18.98181818181818
v -15.138568588440997 44.59678496634802 18.98181818181818
v -18.022925041438437 43.51119006867439 18.98181818181818
v -20.830104562478656 42.23927357516726 18.98181818181818
v -23.548086377886502 40.786482027520016 18.98181818181818
v -26.165231672256247 39.1590365021763 18.98181818181818
v -28.67033342764595 37.363905970725604 18.98181818181818
v -31.052664413748804 35.40877745769707 18.98181818181818
v -33.30202312354024 33.30202312354024 18.98181818181818
v -35.40877745769705 31.052664413748825 18.98181818181818
v -37.36390597072559 28.670333427645975 18.98181818181818
v -39.15903650217628 26.165231672256276 18.98181818181818
v -40.78648202752001 23.548086377886527 18.98181818181818
v -42.23927357516725 20.830104562478684 18.98181818181818
v -43.51119006867438 18.022925041438455 18.98181818181818
v -44.59678496634801 15.138568588441016 18.98181818181818
v -45.491409584172764 12.18938646063254 18.98181818181818
v -46.191233002189826 9.188007508650983 18.98181818181818
v -46.69325846908441 6.1472840979488055 18.98181818181818
v -46.99533623473492 3.0802370729909896 18.98181818181818
v -47.096172755773026 5.7676177217448215e-15 18.98181818181818
v -46.99533623473492 -3.0802370729909567 18.98181818181818
v -46.69325846908442 -6.147284097948774 18.98181818181818
v -46.19123300218983 -9.18800750865095 18.98181818181818
v -45.49140958417277 -12.189386460632509 18.98181818181818
v -44.596784966348025 -15.138568588440984 18.98181818181818
v -43.511190068674395 -18.022925041438423 18.98181818181818
v -42.23927357516726 -20.830104562478652 18.98181818181818
v -40.78648202752002 -23.5480863778865 18.98181818181818
v -39.1590365021763 -26.165231672256247 18.98181818181818
v -37.363905970725604 -28.67033342764595 18.98181818181818
v -35.40877745769707 -31.052664413748804 18.98181818181818
v -33.30202312354026 -33.302023123540216 18.98181818181818
v -31.052664413748833 -35.40877745769705 18.98181818181818
v -28.670333427645975 -37.36390597072558 18.98181818181818
v -26.165231672256297 -39.15903650217627 18.98181818181818
v -23.548086377886534 -40.78648202752001 18.98181818181818
v -20.830104562478667 -42.23927357516725 18.98181818181818
v -18.022925041438477 -43.511190068674374 18.98181818181818
v -15.138568588441018 -44.59678496634801 18.98181818181818
v -12.189386460632564 -45.49140958417276 18.98181818181818
v -9.188007508650985 -46.191233002189826 18.98181818181818
v -6.1472840979488295 -46.693258469084405 18.98181818181818
v -3.0802370729909923 -46.99533623473492 18.98181818181818
v -8.651426582617232e-15 -47.096172755773026 18.98181818181818
v 3.080237072990933 -46.99533623473493 18.98181818181818
v 6.147284097948772 -46.69325846908442 18.98181818181818
v 9.188007508650927 -46.19123300218984 18.98181818181818
v 12.189386460632507 -45.49140958417277 18.98181818181818
v 15.138568588441002 -44.59678496634802 18.98181818181818
v 18.022925041438423 -43.511190068674395 18.98181818181818
v 20.830104562478652 -42.23927357516726 18.98181818181818
v 23.54808637788648 -40.78648202752003 18.98181818181818
v 26.165231672256244 -39.1590365021763 18.98181818181818
v 28.67033342764593 -37.363905970725625 18.98181818181818
v 31.0526644137488 -35.40877745769707 18.98181818181818
v 33.30202312354023 -33.302023123540245 18.98181818181818
v 35.40877745769703 -31.052664413748847 18.98181818181818
v 37.36390597072558 -28.670333427645982 18.98181818181818
v 39.159036502176264 -26.165231672256297 18.98181818181818
v 40.78648202752 -23.548086377886534 18.98181818181818
v 42.23927357516723 -20.830104562478706 18.98181818181818
v 43.511190068674374 -18.02292504143848 18.98181818181818
v 44.59678496634801 -15.13856858844102 18.98181818181818
v 45.49140958417276 -12.189386460632566 18.98181818181818
v 46.191233002189826 -9.188007508650989 18.98181818181818
v 46.693258469084405 -6.147284097948833 18.98181818181818
v 46.99533623473492 -3.080237072990995 18.98181818181818
v 50.34804581229737 0.0 19.636363636363633
v 50.24024678142693 3.2929197467468483 19.636363636363633
v 49.91731130081542 6.5717387055998895 19.636363636363633
v 49.38062222976877 9.822416470403871 19.636363636363633
v 48.632477753283204 13.031033139916774 19.636363636363633
v 47.67608154086427 16.183848924963947 19.636363636363633
v 46.51552902792214 19.267362984324745 19.636363636363633
v 45.155789878488534 22.268371237407276 19.636363636363633
v 43.60268670435225 25.174022906148682 19.636363636363633
v 41.86287013174168 27.971875544019657 19.636363636363633
v 39.94379032232226 30.649948316490676 19.636363636363633
v 37.85366507046039 33.19677330480482 19.636363636363633
v 35.60144461336643 35.60144461336643 19.636363636363633
v 33.19677330480482 37.85366507046039 19.636363636363633
v 30.649948316490683 39.94379032232226 19.636363636363633
v 27.971875544019667 41.86287013174167 19.636363636363633
v 25.174022906148693 43.602686704352244 19.636363636363633
v 22.268371237407287 45.15578987848853 19.636363636363633
v 19.267362984324745 46.51552902792214 19.636363636363633
v 16.183848924963957 47.67608154086426 19.636363636363633
v 13.031033139916785 48.6324777532832 19.636363636363633
v 9.822416470403876 49.38062222976877 19.636363636363633
v 6.571738705599897 49.91731130081542 19.636363636363633
v 3.2929197467468585 50.24024678142693 19.636363636363633
v 3.082928657367714e-15 50.34804581229737 19.636363636363633
v -3.292919746746841 50.24024678142693 19.636363636363633
v -6.57173870559988 49.91731130081543 19.636363636363633
v -9.822416470403857 49.380622229768775 19.636363636363633
v -13.031033139916769 48.632477753283204 19.636363636363633
v -16.18384892496394 47.67608154086427 19.636363636363633
v -19.26736298432473 46.51552902792215 19.636363636363633
v -22.26837123740727 45.155789878488534 19.636363636363633
v -25.174022906148675 43.60268670435225 19.636363636363633
v -27.971875544019646 41.86287013174169 19.636363636363633
v -30.649948316490665 39.943790322322265 19.636363636363633
v -33.1967733048048 37.85366507046041 19.636363636363633
v -35.601444613366425 35.60144461336643 19.636363636363633
v -37.85366507046039 33.19677330480482 19.636363636363633
v -39.94379032232225 30.649948316490693 19.636363636363633
v -41.86287013174167 27.971875544019674 19.636363636363633
v -43.60268670435224 25.174022906148704 19.636363636363633
v -45.15578987848852 22.268371237407298 19.636363636363633
v -46.51552902792214 19.26736298432475 19.636363636363633
v -47.67608154086426 16.18384892496396 19.636363636363633
v -48.6324777532832 13.031033139916788 19.636363636363633
v -49.38062222976877 9.82241647040389 19.636363636363633
v -49.91731130081542 6.57173870559991 19.636363636363633
v -50.24024678142693 3.292919746746873 19.636363636363633
v -50.34804581229737 6.165857314735428e-15 19.636363636363633
v -50.24024678142693 -3.2929197467468385 19.636363636363633
v -49.91731130081543 -6.571738705599877 19.636363636363633
v -49.380622229768775 -9.822416470403855 19.636363636363633
v -48.63247775328321 -13.031033139916754 19.636363636363633
v -47.67608154086427 -16.183848924963925 19.636363636363633
v -46.515529027922156 -19.267362984324716 19.636363636363633
v -45.155789878488534 -22.268371237407266 19.636363636363633
v -43.60268670435226 -25.17402290614867 19.636363636363633
v -41.862870131741694 -27.971875544019646 19.636363636363633
v -39.943790322322265 -30.649948316490665 19.636363636363633
v -37.85366507046041 -33.1967733048048 19.636363636363633
v -35.601444613366446 -35.60144461336641 19.636363636363633
v -33.19677330480483 -37.85366507046039 19.636363636363633
v -30.649948316490693 -39.94379032232224 19.636363636363633
v -27.971875544019696 -41.86287013174166 19.636363636363633
v -25.174022906148707 -43.60268670435224 19.636363636363633
v -22.26837123740728 -45.15578987848853 19.636363636363633
v -19.26736298432477 -46.515529027922135 19.636363636363633
v -16.18384892496396 -47.67608154086426 19.636363636363633
v -13.031033139916813 -48.63247775328319 19.636363636363633
v -9.822416470403892 -49.38062222976876 19.636363636363633
v -6.571738705599936 -49.91731130081541 19.636363636363633
v -3.2929197467468763 -50.24024678142693 19.636363636363633
v -9.24878597210314e-15 -50.34804581229737 19.636363636363633
v 3.292919746746813 -50.24024678142694 19.636363636363633
v 6.571738705599874 -49.91731130081543 19.636363636363633
v 9.82241647040383 -49.38062222976878 19.636363636363633
v 13.031033139916751 -48.63247775328321 19.636363636363633
v 16.183848924963947 -47.67608154086427 19.636363636363633
v 19.267362984324713 -46.515529027922156 19.636363636363633
v 22.268371237407266 -45.155789878488534 19.636363636363633
v 25.174022906148654 -43.602686704352266 19.636363636363633
v 27.97187554401964 -41.862870131741694 19.636363636363633
v 30.649948316490644 -39.94379032232228 19.636363636363633
v 33.19677330480479 -37.85366507046041 19.636363636363633
v 35.60144461336642 -35.60144461336644 19.636363636363633
v 37.853665070460366 -33.19677330480484 19.636363636363633
v 39.94379032232224 -30.649948316490697 19.636363636363633
v 41.86287013174165 -27.971875544019696 19.636363636363633
v 43.60268670435223 -25.174022906148707 19.636363636363633
v 45.155789878488505 -22.268371237407322 19.636363636363633
v 46.515529027922135 -19.267362984324773 19.636363636363633
v 47.67608154086426 -16.183848924963964 19.636363636363633
v 48.63247775328319 -13.031033139916815 19.636363636363633
v 49.38062222976876 -9.822416470403896 19.636363636363633
v 49.91731130081541 -6.57173870559994 19.636363636363633
v 50.24024678142693 -3.292919746746879 19.636363636363633
v 47.34804581229737 0.0 19.636363636363633
v 47.246670011711124 3.096710359056419 19.636363636363633
v 46.94297671669399 6.180160128939734 19.636363636363633
v 46.43826638855908 9.237145504355487 19.636363636363633
v 45.734700274416 12.254576004609211 19.636363636363633
v 44.83529115237895 15.219530529054463 19.636363636363633
v 43.743890430388284 18.119312687229474 19.636363636363633
v 42.465171653890465 20.94150516675027 19.636363636363633
v 41.004610492998935 23.674022906148682 19.636363636363633
v 39.36846129483405 26.30516484496085 19.636363636363633
v 37.56373030144855 28.823664029464513 19.636363636363633
v 35.598145648023454 31.218735859504612 19.636363636363633
v 33.48012426980679 33.48012426980679 19.636363636363633
v 31.218735859504616 35.598145648023454 19.636363636363633
v 28.82366402946452 37.56373030144855 19.636363636363633
v 26.30516484496086 39.36846129483404 19.636363636363633
v 23.67402290614869 41.00461049299893 19.636363636363633
v 20.941505166750282 42.465171653890465 19.636363636363633
v 18.119312687229478 43.743890430388284 19.636363636363633
v 15.219530529054472 44.83529115237894 19.636363636363633
v 12.254576004609222 45.73470027441599 19.636363636363633
v 9.23714550435549 46.43826638855908 19.636363636363633
v 6.180160128939741 46.94297671669399 19.636363636363633
v 3.096710359056429 47.246670011711124 19.636363636363633
v 2.899231637495611e-15 47.34804581229737 19.636363636363633
v -3.0967103590564125 47.246670011711124 19.636363636363633
v -6.180160128939725 46.942976716694 19.636363636363633
v -9.237145504355473 46.438266388559086 19.636363636363633
v -12.254576004609206 45.734700274416 19.636363636363633
v -15.219530529054456 44.83529115237895 19.636363636363633
v -18.11931268722946 43.74389043038829 19.636363636363633
v -20.941505166750265 42.465171653890465 19.636363636363633
v -23.674022906148675 41.004610492998935 19.636363636363633
v -26.30516484496084 39.36846129483405 19.636363636363633
v -28.823664029464503 37.56373030144856 19.636363636363633
v -31.218735859504594 35.598145648023475 19.636363636363633
v -33.48012426980678 33.48012426980679 19.636363636363633
v -35.598145648023454 31.218735859504616 19.636363636363633
v -37.563730301448544 28.82366402946453 19.636363636363633
v -39.368461294834034 26.305164844960867 19.636363636363633
v -41.00461049299892 23.6740229061487 19.636363636363633
v -42.46517165389046 20.941505166750293 19.636363636363633
v -43.743890430388284 18.119312687229478 19.636363636363633
v -44.83529115237894 15.219530529054474 19.636363636363633
v -45.73470027441599 12.254576004609225 19.636363636363633
v -46.43826638855908 9.237145504355503 19.636363636363633
v -46.94297671669399 6.180160128939755 19.636363636363633
v -47.246670011711124 3.0967103590564427 19.636363636363633
v -47.34804581229737 5.798463274991222e-15 19.636363636363633
v -47.246670011711124 -3.09671035905641 19.636363636363633
v -46.942976716694 -6.180160128939723 19.636363636363633
v -46.438266388559086 -9.237145504355471 19.636363636363633
v -45.73470027441601 -12.254576004609193 19.636363636363633
v -44.83529115237895 -15.219530529054442 19.636363636363633
v -43.74389043038829 -18.119312687229446 19.636363636363633
v -42.465171653890465 -20.941505166750265 19.636363636363633
v -41.004610492998935 -23.67402290614867 19.636363636363633
v -39.368461294834056 -26.30516484496084 19.636363636363633
v -37.56373030144856 -28.823664029464503 19.636363636363633
v -35.598145648023475 -31.218735859504594 19.636363636363633
v -33.4801242698068 -33.480124269806765 19.636363636363633
v -31.218735859504623 -35.598145648023454 19.636363636363633
v -28.82366402946453 -37.56373030144854 19.636363636363633
v -26.305164844960885 -39.36846129483403 19.636363636363633
v -23.674022906148707 -41.00461049299892 19.636363636363633
v -20.941505166750275 -42.465171653890465 19.636363636363633
v -18.1193126872295 -43.74389043038827 19.636363636363633
v -15.219530529054477 -44.83529115237894 19.636363636363633
v -12.254576004609248 -45.734700274415985 19.636363636363633
v -9.237145504355507 -46.43826638855907 19.636363636363633
v -6.180160128939778 -46.942976716693984 19.636363636363633
v -3.0967103590564453 -47.246670011711124 19.636363636363633
v -8.697694912486832e-15 -47.34804581229737 19.636363636363633
v 3.0967103590563863 -47.24667001171113 19.636363636363633
v 6.18016012893972 -46.942976716694 19.636363636363633
v 9.237145504355448 -46.438266388559086 19.636363636363633
v 12.254576004609191 -45.73470027441601 19.636363636363633
v 15.219530529054461 -44.83529115237895 19.636363636363633
v 18.119312687229446 -43.74389043038829 19.636363636363633
v 20.94150516675026 -42.465171653890465 19.636363636363633
v 23.674022906148654 -41.00461049299895 19.636363636363633
v 26.305164844960835 -39.368461294834056 19.636363636363633
v 28.82366402946448 -37.56373030144857 19.636363636363633
v 31.21873585950459 -35.598145648023475 19.636363636363633
v 33.48012426980678 -33.480124269806794 19.636363636363633
v 35.59814564802343 -31.218735859504637 19.636363636363633
v 37.56373030144854 -28.823664029464535 19.636363636363633
v 39.36846129483402 -26.305164844960885 19.636363636363633
v 41.004610492998914 -23.674022906148707 19.636363636363633
v 42.465171653890444 -20.941505166750318 19.636363636363633
v 43.74389043038827 -18.119312687229503 19.636363636363633
v 44.83529115237894 -15.21953052905448 19.636363636363633
v 45.734700274415985 -12.254576004609252 19.636363636363633
v 46.43826638855907 -9.237145504355508 19.636363636363633
v 46.942976716693984 -6.180160128939782 19.636363636363633
v 47.246670011711124 -3.096710359056448 19.636363636363633
v 50.58221229427874 0.0 20.29090909090909
v 50.47391189499543 3.3082349674292435 20.29090909090909
v 50.14947445608183 6.602303564838483 20.29090909090909
v 49.6102892684599 9.868100084779 20.29090909090909
v 48.858665205880264 13.091639885178209 20.29090909090909
v 47.89782083797029 16.25911927372396 20.29090909090909
v 46.731870647824906 19.356974617394233 20.29090909090909
v 45.36580741315823 22.371940424016007 20.29090909090909
v 43.80548082646295 25.291106147139367 20.29090909090909
v 42.05757244572898 28.101971470979425 20.29090909090909
v 40.129567082986426 30.7924998386876 20.29090909090909
v 38.02972075319129 33.35116999473594 20.29090909090909
v 35.767025320702054 35.767025320702054 20.29090909090909
v 33.35116999473595 38.029720753191285 20.29090909090909
v 30.792499838687604 40.12956708298642 20.29090909090909
v 28.101971470979436 42.05757244572897 20.29090909090909
v 25.291106147139377 43.80548082646294 20.29090909090909
v 22.371940424016017 45.36580741315822 20.29090909090909
v 19.356974617394233 46.731870647824906 20.29090909090909
v 16.25911927372397 47.897820837970286 20.29090909090909
v 13.09163988517822 48.85866520588026 20.29090909090909
v 9.868100084779005 49.6102892684599 20.29090909090909
v 6.60230356483849 50.14947445608183 20.29090909090909
v 3.308234967429254 50.47391189499543 20.29090909090909
v 3.097267218999018e-15 50.58221229427874 20.29090909090909
v -3.3082349674292364 50.47391189499543 20.29090909090909
v -6.602303564838473 50.14947445608184 20.29090909090909
v -9.868100084778987 49.61028926845991 20.29090909090909
v -13.091639885178203 48.858665205880264 20.29090909090909
v -16.259119273723954 47.89782083797029 20.29090909090909
v -19.35697461739422 46.731870647824906 20.29090909090909
v -22.371940424016 45.36580741315823 20.29090909090909
v -25.29110614713936 43.80548082646295 20.29090909090909
v -28.101971470979414 42.05757244572899 20.29090909090909
v -30.792499838687586 40.12956708298643 20.29090909090909
v -33.35116999473592 38.029720753191306 20.29090909090909
v -35.76702532070205 35.767025320702054 20.29090909090909
v -38.029720753191285 33.35116999473595 20.29090909090909
v -40.12956708298641 30.792499838687615 20.29090909090909
v -42.05757244572897 28.101971470979443 20.29090909090909
v -43.80548082646293 25.291106147139388 20.29090909090909
v -45.365807413158215 22.371940424016028 20.29090909090909
v -46.731870647824906 19.356974617394236 20.29090909090909
v -47.897820837970286 16.25911927372397 20.29090909090909
v -48.85866520588026 13.091639885178223 20.29090909090909
v -49.6102892684599 9.86810008477902 20.29090909090909
v -50.14947445608183 6.602303564838504 20.29090909090909
v -50.47391189499543 3.308234967429269 20.29090909090909
v -50.58221229427874 6.194534437998036e-15 20.29090909090909
v -50.47391189499543 -3.3082349674292337 20.29090909090909
v -50.14947445608184 -6.60230356483847 20.29090909090909
v -49.61028926845991 -9.868100084778984 20.29090909090909
v -48.858665205880264 -13.09163988517819 20.29090909090909
v -47.8978208379703 -16.25911927372394 20.29090909090909
v -46.73187064782491 -19.356974617394204 20.29090909090909
v -45.36580741315823 -22.371940424015996 20.29090909090909
v -43.805480826462954 -25.291106147139356 20.29090909090909
v -42.057572445728994 -28.101971470979414 20.29090909090909
v -40.12956708298643 -30.792499838687586 20.29090909090909
v -38.029720753191306 -33.35116999473592 20.29090909090909
v -35.76702532070207 -35.76702532070203 20.29090909090909
v -33.35116999473595 -38.029720753191285 20.29090909090909
v -30.792499838687615 -40.12956708298641 20.29090909090909
v -28.101971470979464 -42.05757244572896 20.29090909090909
v -25.29110614713939 -43.80548082646293 20.29090909090909
v -22.37194042401601 -45.36580741315822 20.29090909090909
v -19.356974617394258 -46.73187064782489 20.29090909090909
v -16.259119273723975 -47.897820837970286 20.29090909090909
v -13.091639885178248 -48.85866520588025 20.29090909090909
v -9.868100084779021 -49.6102892684599 20.29090909090909
v -6.602303564838529 -50.149474456081826 20.29090909090909
v -3.3082349674292715 -50.47391189499543 20.29090909090909
v -9.291801656997052e-15 -50.58221229427874 20.29090909090909
v 3.3082349674292084 -50.47391189499544 20.29090909090909
v 6.602303564838468 -50.14947445608184 20.29090909090909
v 9.868100084778959 -49.610289268459915 20.29090909090909
v 13.091639885178186 -48.858665205880264 20.29090909090909
v 16.259119273723957 -47.89782083797029 20.29090909090909
v 19.3569746173942 -46.73187064782491 20.29090909090909
v 22.371940424015996 -45.36580741315823 20.29090909090909
v 25.291106147139338 -43.80548082646296 20.29090909090909
v 28.101971470979407 -42.057572445728994 20.29090909090909
v 30.792499838687565 -40.12956708298645 20.29090909090909
v 33.35116999473592 -38.029720753191306 20.29090909090909
v 35.76702532070204 -35.76702532070206 20.29090909090909
v 38.02972075319127 -33.35116999473597 20.29090909090909
v 40.12956708298641 -30.792499838687622 20.29090909090909
v 42.05757244572895 -28.101971470979464 20.29090909090909
v 43.805480826462926 -25.29110614713939 20.29090909090909
v 45.3658074131582 -22.371940424016053 20.29090909090909
v 46.73187064782489 -19.35697461739426 20.29090909090909
v 47.897820837970286 -16.25911927372398 20.29090909090909
v 48.85866520588025 -13.09163988517825 20.29090909090909
v 49.6102892684599 -9.868100084779025 20.29090909090909
v 50.149474456081826 -6.602303564838533 20.29090909090909
v 50.47391189499543 -3.3082349674292746 20.29090909090909
v 47.58221229427874 0.0 20.29090909090909
v 47.48033512527962 3.1120255797388143 20.29090909090909
v 47.175139871960404 6.210724988178328 20.29090909090909
v 46.66793342725021 9.282829118730616 20.29090909090909
v 45.96088772701306 12.315182749870646 20.29090909090909
v 45.05703044948498 15.294800877814478 20.29090909090909
v 43.96023205029104 18.208924320298962 20.29090909090909
v 42.67518918856016 21.045074353359002 20.29090909090909
v 41.20740461510963 23.791106147139367 20.29090909090909
v 39.56316360882135 26.435260771920618 20.29090909090909
v 37.74950706211272 28.96621555166144 20.29090909090909
v 35.77420133075436 31.373132549435734 20.29090909090909
v 33.64570497714241 33.64570497714241 20.29090909090909
v 31.373132549435738 35.77420133075435 20.29090909090909
v 28.966215551661442 37.74950706211271 20.29090909090909
v 26.43526077192063 39.56316360882134 20.29090909090909
v 23.791106147139374 41.207404615109624 20.29090909090909
v 21.045074353359013 42.67518918856016 20.29090909090909
v 18.208924320298966 43.96023205029104 20.29090909090909
v 15.294800877814485 45.05703044948497 20.29090909090909
v 12.315182749870656 45.96088772701305 20.29090909090909
v 9.28282911873062 46.66793342725021 20.29090909090909
v 6.210724988178335 47.175139871960404 20.29090909090909
v 3.1120255797388245 47.48033512527962 20.29090909090909
v 2.913570199126915e-15 47.58221229427874 20.29090909090909
v -3.1120255797388077 47.48033512527962 20.29090909090909
v -6.210724988178319 47.175139871960404 20.29090909090909
v -9.282829118730604 46.66793342725022 20.29090909090909
v -12.31518274987064 45.96088772701306 20.29090909090909
v -15.294800877814469 45.05703044948498 20.29090909090909
v -18.208924320298948 43.96023205029105 20.29090909090909
v -21.045074353359 42.67518918856016 20.29090909090909
v -23.79110614713936 41.20740461510963 20.29090909090909
v -26.435260771920607 39.56316360882135 20.29090909090909
v -28.966215551661428 37.74950706211273 20.29090909090909
v -31.373132549435716 35.77420133075437 20.29090909090909
v -33.64570497714241 33.64570497714241 20.29090909090909
v -35.77420133075435 31.373132549435738 20.29090909090909
v -37.74950706211271 28.966215551661453 20.29090909090909
v -39.563163608821334 26.435260771920635 20.29090909090909
v -41.20740461510962 23.791106147139384 20.29090909090909
v -42.675189188560154 21.045074353359023 20.29090909090909
v -43.96023205029104 18.208924320298966 20.29090909090909
v -45.05703044948497 15.294800877814488 20.29090909090909
v -45.96088772701305 12.31518274987066 20.29090909090909
v -46.66793342725021 9.282829118730634 20.29090909090909
v -47.175139871960404 6.210724988178348 20.29090909090909
v -47.48033512527962 3.1120255797388383 20.29090909090909
v -47.58221229427874 5.82714039825383e-15 20.29090909090909
v -47.48033512527962 -3.112025579738805 20.29090909090909
v -47.175139871960404 -6.210724988178316 20.29090909090909
v -46.66793342725022 -9.2828291187306 20.29090909090909
v -45.96088772701306 -12.315182749870628 20.29090909090909
v -45.057030449484984 -15.294800877814456 20.29090909090909
v -43.960232050291054 -18.208924320298934 20.29090909090909
v -42.67518918856016 -21.045074353358995 20.29090909090909
v -41.20740461510964 -23.791106147139356 20.29090909090909
v -39.563163608821355 -26.435260771920607 20.29090909090909
v -37.74950706211273 -28.966215551661428 20.29090909090909
v -35.77420133075437 -31.373132549435716 20.29090909090909
v -33.64570497714243 -33.64570497714239 20.29090909090909
v -31.373132549435745 -35.77420133075435 20.29090909090909
v -28.966215551661453 -37.749507062112706 20.29090909090909
v -26.435260771920657 -39.56316360882133 20.29090909090909
v -23.79110614713939 -41.20740461510962 20.29090909090909
v -21.04507435335901 -42.67518918856016 20.29090909090909
v -18.208924320298987 -43.96023205029103 20.29090909090909
v -15.29480087781449 -45.05703044948497 20.29090909090909
v -12.315182749870683 -45.960887727013045 20.29090909090909
v -9.282829118730636 -46.667933427250205 20.29090909090909
v -6.210724988178372 -47.1751398719604 20.29090909090909
v -3.112025579738841 -47.48033512527962 20.29090909090909
v -8.740710597380744e-15 -47.58221229427874 20.29090909090909
v 3.1120255797387815 -47.48033512527963 20.29090909090909
v 6.210724988178313 -47.175139871960404 20.29090909090909
v 9.282829118730577 -46.667933427250226 20.29090909090909
v 12.315182749870624 -45.96088772701306 20.29090909090909
v 15.294800877814474 -45.05703044948498 20.29090909090909
v 18.208924320298934 -43.960232050291054 20.29090909090909
v 21.04507435335899 -42.67518918856016 20.29090909090909
v 23.791106147139338 -41.207404615109645 20.29090909090909
v 26.435260771920603 -39.563163608821355 20.29090909090909
v 28.966215551661406 -37.74950706211274 20.29090909090909
v 31.373132549435713 -35.77420133075437 20.29090909090909
v 33.6457049771424 -33.645704977142415 20.29090909090909
v 35.77420133075434 -31.37313254943576 20.29090909090909
v 37.749507062112706 -28.96621555166146 20.29090909090909
v 39.56316360882132 -26.435260771920657 20.29090909090909
v 41.20740461510962 -23.79110614713939 20.29090909090909
v 42.67518918856014 -21.04507435335905 20.29090909090909
v 43.96023205029103 -18.20892432029899 20.29090909090909
v 45.05703044948497 -15.294800877814493 20.29090909090909
v 45.960887727013045 -12.315182749870687 20.29090909090909
v 46.667933427250205 -9.282829118730639 20.29090909090909
v 47.1751398719604 -6.2107249881783755 20.29090909090909
v 47.48033512527962 -3.1120255797388436 20.29090909090909
v 50.798600536621606 0.0 20.945454545454545
v 50.68983683350118 3.3223874356070775 20.945454545454545
v 50.36401146701438 6.630547898152686 20.945454545454545
v 49.82251967140211 9.910315336658174 20.945454545454545
v 49.06768019766454 13.147645283432801 20.945454545454545
v 48.102725384313246 16.328674994640544 20.945454545454545
v 46.93178731600157 19.439782812697448 20.945454545454545
v 45.559880129303714 22.467646496300624 20.945454545454545
v 43.99287854141213 25.3993002683108 20.945454545454545
v 42.23749269369663 28.222190337200555 20.945454545454545
v 40.30123941784889 30.924228654316927 20.945454545454545
v 38.192410047655066 33.49384467676157 20.945454545454545
v 35.920034914231735 35.920034914231735 20.945454545454545
v 33.493844676761576 38.19241004765506 20.945454545454545
v 30.924228654316934 40.30123941784888 20.945454545454545
v 28.222190337200566 42.23749269369663 20.945454545454545
v 25.39930026831081 43.992878541412125 20.945454545454545
v 22.467646496300635 45.55988012930371 20.945454545454545
v 19.43978281269745 46.93178731600157 20.945454545454545
v 16.32867499464055 48.10272538431324 20.945454545454545
v 13.147645283432814 49.06768019766453 20.945454545454545
v 9.91031533665818 49.82251967140211 20.945454545454545
v 6.6305478981526935 50.36401146701438 20.945454545454545
v 3.322387435607088 50.68983683350118 20.945454545454545
v 3.1105171774169334e-15 50.798600536621606 20.945454545454545
v -3.3223874356070704 50.68983683350118 20.945454545454545
v -6.630547898152677 50.364011467014386 20.945454545454545
v -9.91031533665816 49.82251967140212 20.945454545454545
v -13.147645283432796 49.06768019766454 20.945454545454545
v -16.328674994640537 48.102725384313246 20.945454545454545
v -19.439782812697434 46.931787316001575 20.945454545454545
v -22.467646496300617 45.559880129303714 20.945454545454545
v -25.399300268310792 43.99287854141213 20.945454545454545
v -28.222190337200544 42.23749269369664 20.945454545454545
v -30.924228654316916 40.30123941784889 20.945454545454545
v -33.49384467676155 38.19241004765508 20.945454545454545
v -35.92003491423173 35.920034914231735 20.945454545454545
v -38.19241004765506 33.493844676761576 20.945454545454545
v -40.301239417848876 30.924228654316945 20.945454545454545
v -42.23749269369662 28.222190337200573 20.945454545454545
v -43.99287854141212 25.39930026831082 20.945454545454545
v -45.5598801293037 22.467646496300645 20.945454545454545
v -46.93178731600157 19.439782812697455 20.945454545454545
v -48.10272538431324 16.328674994640554 20.945454545454545
v -49.06768019766453 13.147645283432816 20.945454545454545
v -49.82251967140211 9.910315336658194 20.945454545454545
v -50.36401146701438 6.630547898152708 20.945454545454545
v -50.68983683350118 3.322387435607103 20.945454545454545
v -50.798600536621606 6.221034354833867e-15 20.945454545454545
v -50.68983683350118 -3.3223874356070677 20.945454545454545
v -50.364011467014386 -6.630547898152674 20.945454545454545
v -49.82251967140212 -9.910315336658158 20.945454545454545
v -49.06768019766454 -13.147645283432782 20.945454545454545
v -48.102725384313246 -16.328674994640522 20.945454545454545
v -46.93178731600158 -19.43978281269742 20.945454545454545
v -45.559880129303714 -22.467646496300617 20.945454545454545
v -43.99287854141214 -25.39930026831079 20.945454545454545
v -42.237492693696645 -28.222190337200544 20.945454545454545
v -40.30123941784889 -30.924228654316916 20.945454545454545
v -38.19241004765508 -33.49384467676155 20.945454545454545
v -35.92003491423175 -35.92003491423171 20.945454545454545
v -33.493844676761576 -38.19241004765506 20.945454545454545
v -30.924228654316945 -40.30123941784887 20.945454545454545
v -28.222190337200594 -42.23749269369661 20.945454545454545
v -25.399300268310824 -43.99287854141212 20.945454545454545
v -22.46764649630063 -45.55988012930371 20.945454545454545
v -19.439782812697477 -46.93178731600156 20.945454545454545
v -16.328674994640558 -48.10272538431324 20.945454545454545
v -13.14764528343284 -49.06768019766452 20.945454545454545
v -9.910315336658195 -49.822519671402105 20.945454545454545
v -6.6305478981527335 -50.36401146701437 20.945454545454545
v -3.322387435607106 -50.68983683350118 20.945454545454545
v -9.3315515322508e-15 -50.798600536621606 20.945454545454545
v 3.3223874356070424 -50.68983683350119 20.945454545454545
v 6.630547898152671 -50.364011467014386 20.945454545454545
v 9.910315336658131 -49.82251967140213 20.945454545454545
v 13.147645283432778 -49.06768019766454 20.945454545454545
v 16.32867499464054 -48.102725384313246 20.945454545454545
v 19.439782812697416 -46.93178731600158 20.945454545454545
v 22.467646496300613 -45.559880129303714 20.945454545454545
v 25.399300268310768 -43.992878541412146 20.945454545454545
v 28.222190337200537 -42.237492693696645 20.945454545454545
v 30.924228654316895 -40.30123941784891 20.945454545454545
v 33.49384467676155 -38.19241004765508 20.945454545454545
v 35.92003491423172 -35.920034914231735 20.945454545454545
v 38.192410047655045 -33.4938446767616 20.945454545454545
v 40.30123941784887 -30.92422865431695 20.945454545454545
v 42.2374926936966 -28.222190337200594 20.945454545454545
v 43.99287854141212 -25.399300268310824 20.945454545454545
v 45.559880129303686 -22.467646496300674 20.945454545454545
v 46.93178731600156 -19.43978281269748 20.945454545454545
v 48.10272538431324 -16.32867499464056 20.945454545454545
v 49.06768019766452 -13.147645283432844 20.945454545454545
v 49.822519671402105 -9.910315336658199 20.945454545454545
v 50.36401146701437 -6.630547898152738 20.945454545454545
v 50.68983683350118 -3.3223874356071086 20.945454545454545
v 47.798600536621606 0.0 20.945454545454545
v 47.696260063785374 3.1261780479166483 20.945454545454545
v 47.38967688289295 6.238969321492532 20.945454545454545
v 46.88016383019242 9.32504437060979 20.945454545454545
v 46.16990271879733 12.37118814812524 20.945454545454545
v 45.26193499582793 15.364356598731058 20.945454545454545
v 44.16014871846771 18.291732515602178 20.945454545454545
v 42.86926190470565 21.14078042564362 20.945454545454545
v 41.394802330058816 23.8993002683108 20.945454545454545
v 39.743083856789 26.555479638141748 20.945454545454545
v 37.921179396975184 29.097944367290765 20.945454545454545
v 35.93689062521813 31.515807231461363 20.945454545454545
v 33.79871457067209 33.79871457067209 20.945454545454545
v 31.515807231461366 35.936890625218126 20.945454545454545
v 29.097944367290772 37.92117939697518 20.945454545454545
v 26.555479638141758 39.74308385678899 20.945454545454545
v 23.899300268310807 41.39480233005881 20.945454545454545
v 21.14078042564363 42.869261904705645 20.945454545454545
v 18.29173251560218 44.16014871846771 20.945454545454545
v 15.364356598731067 45.26193499582792 20.945454545454545
v 12.37118814812525 46.169902718797324 20.945454545454545
v 9.325044370609794 46.88016383019242 20.945454545454545
v 6.238969321492538 47.38967688289295 20.945454545454545
v 3.1261780479166585 47.696260063785374 20.945454545454545
v 2.9268201575448306e-15 47.798600536621606 20.945454545454545
v -3.1261780479166417 47.696260063785374 20.945454545454545
v -6.238969321492522 47.38967688289295 20.945454545454545
v -9.325044370609776 46.88016383019243 20.945454545454545
v -12.371188148125235 46.16990271879733 20.945454545454545
v -15.364356598731051 45.26193499582793 20.945454545454545
v -18.291732515602167 44.16014871846772 20.945454545454545
v -21.140780425643616 42.86926190470565 20.945454545454545
v -23.899300268310792 41.394802330058816 20.945454545454545
v -26.555479638141737 39.743083856789006 20.945454545454545
v -29.097944367290754 37.92117939697519 20.945454545454545
v -31.515807231461345 35.93689062521815 20.945454545454545
v -33.79871457067208 33.79871457067209 20.945454545454545
v -35.936890625218126 31.515807231461366 20.945454545454545
v -37.92117939697517 29.097944367290783 20.945454545454545
v -39.743083856788985 26.55547963814176 20.945454545454545
v -41.3948023300588 23.899300268310817 20.945454545454545
v -42.86926190470564 21.14078042564364 20.945454545454545
v -44.16014871846771 18.291732515602185 20.945454545454545
v -45.26193499582792 15.364356598731069 20.945454545454545
v -46.169902718797324 12.371188148125253 20.945454545454545
v -46.88016383019242 9.325044370609806 20.945454545454545
v -47.38967688289295 6.238969321492552 20.945454545454545
v -47.696260063785374 3.1261780479166723 20.945454545454545
v -47.798600536621606 5.853640315089661e-15 20.945454545454545
v -47.696260063785374 -3.126178047916639 20.945454545454545
v -47.38967688289295 -6.23896932149252 20.945454545454545
v -46.88016383019243 -9.325044370609774 20.945454545454545
v -46.16990271879733 -12.37118814812522 20.945454545454545
v -45.26193499582793 -15.364356598731037 20.945454545454545
v -44.16014871846772 -18.291732515602153 20.945454545454545
v -42.86926190470565 -21.140780425643612 20.945454545454545
v -41.39480233005882 -23.89930026831079 20.945454545454545
v -39.743083856789006 -26.555479638141737 20.945454545454545
v -37.92117939697519 -29.097944367290754 20.945454545454545
v -35.93689062521815 -31.515807231461345 20.945454545454545
v -33.798714570672104 -33.79871457067207 20.945454545454545
v -31.515807231461373 -35.936890625218126 20.945454545454545
v -29.097944367290783 -37.92117939697517 20.945454545454545
v -26.555479638141783 -39.74308385678898 20.945454545454545
v -23.899300268310824 -41.3948023300588 20.945454545454545
v -21.140780425643626 -42.869261904705645 20.945454545454545
v -18.291732515602206 -44.160148718467696 20.945454545454545
v -15.364356598731073 -45.26193499582792 20.945454545454545
v -12.371188148125277 -46.16990271879732 20.945454545454545
v -9.32504437060981 -46.880163830192416 20.945454545454545
v -6.238969321492576 -47.38967688289294 20.945454545454545
v -3.126178047916675 -47.696260063785374 20.945454545454545
v -8.780460472634492e-15 -47.798600536621606 20.945454545454545
v 3.126178047916615 -47.696260063785374 20.945454545454545
v 6.238969321492517 -47.38967688289295 20.945454545454545
v 9.32504437060975 -46.88016383019243 20.945454545454545
v 12.371188148125219 -46.16990271879733 20.945454545454545
v 15.364356598731057 -45.26193499582793 20.945454545454545
v 18.29173251560215 -44.16014871846772 20.945454545454545
v 21.14078042564361 -42.86926190470565 20.945454545454545
v 23.89930026831077 -41.39480233005883 20.945454545454545
v 26.555479638141733 -39.743083856789006 20.945454545454545
v 29.097944367290733 -37.921179396975205 20.945454545454545
v 31.51580723146134 -35.93689062521815 20.945454545454545
v 33.79871457067208 -33.7987145706721 20.945454545454545
v 35.93689062521811 -31.515807231461388 20.945454545454545
v 37.92117939697517 -29.097944367290786 20.945454545454545
v 39.74308385678897 -26.555479638141783 20.945454545454545
v 41.3948023300588 -23.899300268310824 20.945454545454545
v 42.869261904705624 -21.140780425643666 20.945454545454545
v 44.160148718467696 -18.29173251560221 20.945454545454545
v 45.26193499582792 -15.364356598731074 20.945454545454545
v 46.16990271879732 -12.37118814812528 20.945454545454545
v 46.880163830192416 -9.325044370609811 20.945454545454545
v 47.38967688289294 -6.23896932149258 20.945454545454545
v 47.696260063785374 -3.1261780479166776 20.945454545454545
v 50.9972288499679 0.0 21.599999999999998
v 50.88803986838161 3.3353783488536304 21.599999999999998
v 50.5609404876049 6.65647409556087 21.599999999999998
v 50.017331397403474 9.949065798270423 21.599999999999998
v 49.259540415357954 13.199054073823413 21.599999999999998
v 48.29081251879164 16.392521973476644 21.599999999999998
v 47.11529594927944 19.515794577413693 21.599999999999998
v 45.73802444924062 22.555497552850966 21.599999999999998
v 44.16489570668087 25.498614424983945 21.599999999999998
v 42.40264610038698 28.33254231553064 21.599999999999998
v 40.45882185371858 31.045145910191206 21.599999999999998
v 38.341746720521215 33.62480942392683 21.599999999999998
v 36.06048634153454 36.06048634153454 21.599999999999998
v 33.624809423926834 38.34174672052121 21.599999999999998
v 31.045145910191213 40.458821853718575 21.599999999999998
v 28.332542315530656 42.402646100386974 21.599999999999998
v 25.498614424983955 44.164895706680866 21.599999999999998
v 22.555497552850976 45.73802444924061 21.599999999999998
v 19.515794577413697 47.11529594927944 21.599999999999998
v 16.39252197347665 48.29081251879163 21.599999999999998
v 13.199054073823424 49.25954041535795 21.599999999999998
v 9.949065798270427 50.017331397403474 21.599999999999998
v 6.656474095560877 50.5609404876049 21.599999999999998
v 3.335378348853641 50.88803986838161 21.599999999999998
v 3.122679653824912e-15 50.9972288499679 21.599999999999998
v -3.3353783488536233 50.88803986838161 21.599999999999998
v -6.656474095560859 50.56094048760491 21.599999999999998
v -9.949065798270409 50.01733139740348 21.599999999999998
v -13.199054073823408 49.259540415357954 21.599999999999998
v -16.392521973476637 48.29081251879164 21.599999999999998
v -19.51579457741368 47.11529594927945 21.599999999999998
v -22.55549755285096 45.73802444924062 21.599999999999998
v -25.498614424983938 44.16489570668087 21.599999999999998
v -28.33254231553063 42.40264610038699 21.599999999999998
v -31.045145910191195 40.45882185371859 21.599999999999998
v -33.62480942392681 38.34174672052123 21.599999999999998
v -36.060486341534535 36.06048634153454 21.599999999999998
v -38.34174672052121 33.624809423926834 21.599999999999998
v -40.45882185371857 31.045145910191223 21.599999999999998
v -42.402646100386974 28.33254231553066 21.599999999999998
v -44.164895706680866 25.498614424983966 21.599999999999998
v -45.738024449240605 22.555497552850987 21.599999999999998
v -47.11529594927944 19.5157945774137 21.599999999999998
v -48.29081251879163 16.392521973476654 21.599999999999998
v -49.25954041535795 13.199054073823428 21.599999999999998
v -50.017331397403474 9.949065798270441 21.599999999999998
v -50.5609404876049 6.656474095560891 21.599999999999998
v -50.88803986838161 3.3353783488536557 21.599999999999998
v -50.9972288499679 6.245359307649824e-15 21.599999999999998
v -50.88803986838161 -3.3353783488536206 21.599999999999998
v -50.56094048760491 -6.656474095560856 21.599999999999998
v -50.01733139740348 -9.949065798270405 21.599999999999998
v -49.25954041535796 -13.199054073823394 21.599999999999998
v -48.29081251879165 -16.392521973476622 21.599999999999998
v -47.11529594927946 -19.515794577413665 21.599999999999998
v -45.73802444924062 -22.555497552850955 21.599999999999998
v -44.16489570668088 -25.498614424983934 21.599999999999998
v -42.402646100386995 -28.33254231553063 21.599999999999998
v -40.45882185371859 -31.045145910191195 21.599999999999998
v -38.34174672052123 -33.62480942392681 21.599999999999998
v -36.060486341534556 -36.06048634153452 21.599999999999998
v -33.62480942392684 -38.34174672052121 21.599999999999998
v -31.045145910191223 -40.45882185371857 21.599999999999998
v -28.332542315530684 -42.40264610038696 21.599999999999998
v -25.49861442498397 -44.164895706680866 21.599999999999998
v -22.55549755285097 -45.73802444924061 21.599999999999998
v -19.515794577413722 -47.115295949279435 21.599999999999998
v -16.392521973476658 -48.29081251879163 21.599999999999998
v -13.199054073823453 -49.25954041535794 21.599999999999998
v -9.949065798270444 -50.01733139740347 21.599999999999998
v -6.656474095560916 -50.5609404876049 21.599999999999998
v -3.335378348853659 -50.88803986838161 21.599999999999998
v -9.368038961474736e-15 -50.9972288499679 21.599999999999998
v 3.335378348853595 -50.88803986838162 21.599999999999998
v 6.656474095560854 -50.56094048760491 21.599999999999998
v 9.94906579827038 -50.01733139740349 21.599999999999998
v 13.19905407382339 -49.25954041535796 21.599999999999998
v 16.39252197347664 -48.29081251879164 21.599999999999998
v 19.515794577413665 -47.11529594927946 21.599999999999998
v 22.55549755285095 -45.73802444924062 21.599999999999998
v 25.498614424983913 -44.164895706680895 21.599999999999998
v 28.332542315530628 -42.402646100386995 21.599999999999998
v 31.045145910191174 -40.458821853718604 21.599999999999998
v 33.624809423926806 -38.34174672052123 21.599999999999998
v 36.06048634153453 -36.06048634153455 21.599999999999998
v 38.34174672052119 -33.624809423926855 21.599999999999998
v 40.45882185371857 -31.04514591019123 21.599999999999998
v 42.40264610038695 -28.332542315530684 21.599999999999998
v 44.16489570668086 -25.49861442498397 21.599999999999998
v 45.73802444924059 -22.555497552851012 21.599999999999998
v 47.115295949279435 -19.515794577413725 21.599999999999998
v 48.29081251879163 -16.39252197347666 21.599999999999998
v 49.25954041535794 -13.199054073823456 21.599999999999998
v 50.01733139740347 -9.949065798270446 21.599999999999998
v 50.5609404876049 -6.65647409556092 21.599999999999998
v 50.88803986838161 -3.3353783488536615 21.599999999999998
v 47.9972288499679 0.0 21.599999999999998
v 47.8944630986658 3.139168961163201 21.599999999999998
v 47.58660590348347 6.2648955189007145 21.599999999999998
v 47.074975556193785 9.363794832222037 21.599999999999998
v 46.36176293649075 12.42259693851585 21.599999999999998
v 45.45002213030632 15.42820357756716 21.599999999999998
v 44.343657351745584 18.367744280318426 21.599999999999998
v 43.04740622464255 21.22863148219396 21.599999999999998
v 41.56681949532756 23.998614424983945 21.599999999999998
v 39.90823726347934 26.665831616471838 21.599999999999998
v 38.078761832844876 29.218861623165047 21.599999999999998
v 36.08622729808428 31.646771978626624 21.599999999999998
v 33.9391659979749 33.9391659979749 21.599999999999998
v 31.646771978626628 36.086227298084275 21.599999999999998
v 29.21886162316505 38.07876183284487 21.599999999999998
v 26.66583161647185 39.90823726347934 21.599999999999998
v 23.998614424983952 41.56681949532755 21.599999999999998
v 21.228631482193972 43.04740622464254 21.599999999999998
v 18.36774428031843 44.343657351745584 21.599999999999998
v 15.428203577567167 45.450022130306316 21.599999999999998
v 12.422596938515861 46.36176293649074 21.599999999999998
v 9.363794832222041 47.074975556193785 21.599999999999998
v 6.264895518900722 47.58660590348347 21.599999999999998
v 3.139168961163211 47.8944630986658 21.599999999999998
v 2.938982633952809e-15 47.9972288499679 21.599999999999998
v -3.1391689611631945 47.8944630986658 21.599999999999998
v -6.264895518900706 47.58660590348348 21.599999999999998
v -9.363794832222025 47.07497555619379 21.599999999999998
v -12.422596938515845 46.36176293649075 21.599999999999998
v -15.428203577567151 45.45002213030632 21.599999999999998
v -18.367744280318412 44.34365735174559 21.599999999999998
v -21.228631482193954 43.04740622464255 21.599999999999998
v -23.998614424983938 41.56681949532756 21.599999999999998
v -26.665831616471827 39.90823726347935 21.599999999999998
v -29.218861623165036 38.07876183284488 21.599999999999998
v -31.646771978626607 36.086227298084296 21.599999999999998
v -33.93916599797489 33.9391659979749 21.599999999999998
v -36.086227298084275 31.646771978626628 21.599999999999998
v -38.07876183284487 29.21886162316506 21.599999999999998
v -39.908237263479336 26.665831616471852 21.599999999999998
v -41.56681949532755 23.998614424983963 21.599999999999998
v -43.04740622464254 21.228631482193983 21.599999999999998
v -44.343657351745584 18.36774428031843 21.599999999999998
v -45.450022130306316 15.42820357756717 21.599999999999998
v -46.36176293649074 12.422596938515865 21.599999999999998
v -47.074975556193785 9.363794832222055 21.599999999999998
v -47.58660590348347 6.264895518900735 21.599999999999998
v -47.8944630986658 3.139168961163225 21.599999999999998
v -47.9972288499679 5.877965267905618e-15 21.599999999999998
v -47.8944630986658 -3.139168961163192 21.599999999999998
v -47.58660590348348 -6.264895518900703 21.599999999999998
v -47.07497555619379 -9.363794832222021 21.599999999999998
v -46.361762936490756 -12.422596938515833 21.599999999999998
v -45.45002213030633 -15.428203577567139 21.599999999999998
v -44.3436573517456 -18.367744280318398 21.599999999999998
v -43.04740622464255 -21.228631482193954 21.599999999999998
v -41.566819495327564 -23.998614424983934 21.599999999999998
v -39.90823726347936 -26.665831616471827 21.599999999999998
v -38.07876183284488 -29.218861623165036 21.599999999999998
v -36.086227298084296 -31.646771978626607 21.599999999999998
v -33.93916599797491 -33.939165997974875 21.599999999999998
v -31.646771978626635 -36.086227298084275 21.599999999999998
v -29.21886162316506 -38.07876183284486 21.599999999999998
v -26.665831616471873 -39.90823726347932 21.599999999999998
v -23.99861442498397 -41.56681949532755 21.599999999999998
v -21.228631482193965 -43.04740622464254 21.599999999999998
v -18.36774428031845 -44.34365735174558 21.599999999999998
v -15.428203577567173 -45.450022130306316 21.599999999999998
v -12.422596938515888 -46.36176293649074 21.599999999999998
v -9.363794832222057 -47.07497555619378 21.599999999999998
v -6.264895518900759 -47.586605903483466 21.599999999999998
v -3.139168961163228 -47.8944630986658 21.599999999999998
v -8.816947901858426e-15 -47.9972288499679 21.599999999999998
v 3.139168961163168 -47.8944630986658 21.599999999999998
v 6.2648955189007 -47.58660590348348 21.599999999999998
v 9.363794832221998 -47.0749755561938 21.599999999999998
v 12.422596938515829 -46.361762936490756 21.599999999999998
v 15.428203577567157 -45.45002213030632 21.599999999999998
v 18.367744280318398 -44.3436573517456 21.599999999999998
v 21.22863148219395 -43.04740622464255 21.599999999999998
v 23.998614424983916 -41.56681949532757 21.599999999999998
v 26.66583161647182 -39.90823726347936 21.599999999999998
v 29.218861623165015 -38.0787618328449 21.599999999999998
v 31.646771978626603 -36.086227298084296 21.599999999999998
v 33.93916599797489 -33.939165997974904 21.599999999999998
v 36.08622729808426 -31.64677197862665 21.599999999999998
v 38.07876183284486 -29.21886162316507 21.599999999999998
v 39.90823726347932 -26.665831616471873 21.599999999999998
v 41.56681949532754 -23.99861442498397 21.599999999999998
v 43.04740622464252 -21.228631482194007 21.599999999999998
v 44.34365735174558 -18.367744280318455 21.599999999999998
v 45.450022130306316 -15.428203577567176 21.599999999999998
v 46.36176293649074 -12.422596938515891 21.599999999999998
v 47.07497555619378 -9.36379483222206 21.599999999999998
v 47.586605903483466 -6.2648955189007625 21.599999999999998
v 47.8944630986658 -3.1391689611632305 21.599999999999998
v 51.17825682737538 0.0 22.254545454545454
v 51.0686802509935 3.3472181450542835 22.254545454545454
v 50.74041974557045 6.680102988137166 22.254545454545454
v 50.1948809729859 9.984382604676776 22.254545454545454
v 49.43440001401672 13.245907562072858 22.254545454545454
v 48.46223336488034 16.450711509739417 22.254545454545454
v 47.282543992418134 19.5850709851621 22.254545454545454
v 45.90038350763218 22.635564179871515 22.254545454545454
v 44.32167053391147 25.589128413687686 22.254545454545454
v 42.55316536257789 28.433116071121987 22.254545454545454
v 40.602441004280976 31.155348760408344 22.254545454545454
v 38.477850760203566 33.74416946324648 22.254545454545454
v 36.18849245194386 36.18849245194386 22.254545454545454
v 33.744169463246486 38.47785076020356 22.254545454545454
v 31.155348760408348 40.60244100428097 22.254545454545454
v 28.433116071121997 42.553165362577886 22.254545454545454
v 25.589128413687696 44.321670533911465 22.254545454545454
v 22.635564179871526 45.90038350763218 22.254545454545454
v 19.5850709851621 47.282543992418134 22.254545454545454
v 16.450711509739428 48.46223336488034 22.254545454545454
v 13.245907562072869 49.43440001401671 22.254545454545454
v 9.984382604676782 50.1948809729859 22.254545454545454
v 6.680102988137173 50.74041974557045 22.254545454545454
v 3.347218145054294 51.0686802509935 22.254545454545454
v 3.1337644204793216e-15 51.17825682737538 22.254545454545454
v -3.3472181450542764 51.0686802509935 22.254545454545454
v -6.680102988137156 50.74041974557045 22.254545454545454
v -9.984382604676762 50.19488097298591 22.254545454545454
v -13.245907562072853 49.43440001401672 22.254545454545454
v -16.45071150973941 48.46223336488034 22.254545454545454
v -19.585070985162087 47.28254399241814 22.254545454545454
v -22.63556417987151 45.90038350763218 22.254545454545454
v -25.58912841368768 44.32167053391147 22.254545454545454
v -28.433116071121972 42.5531653625779 22.254545454545454
v -31.155348760408334 40.602441004280976 22.254545454545454
v -33.744169463246465 38.47785076020358 22.254545454545454
v -36.18849245194385 36.18849245194386 22.254545454545454
v -38.47785076020356 33.744169463246486 22.254545454545454
v -40.60244100428096 31.155348760408362 22.254545454545454
v -42.553165362577886 28.433116071122 22.254545454545454
v -44.32167053391146 25.589128413687707 22.254545454545454
v -45.90038350763217 22.635564179871537 22.254545454545454
v -47.282543992418134 19.585070985162105 22.254545454545454
v -48.46223336488034 16.450711509739428 22.254545454545454
v -49.43440001401671 13.245907562072873 22.254545454545454
v -50.1948809729859 9.984382604676796 22.254545454545454
v -50.74041974557045 6.680102988137187 22.254545454545454
v -51.0686802509935 3.347218145054309 22.254545454545454
v -51.17825682737538 6.267528840958643e-15 22.254545454545454
v -51.0686802509935 -3.3472181450542733 22.254545454545454
v -50.74041974557045 -6.680102988137152 22.254545454545454
v -50.19488097298591 -9.98438260467676 22.254545454545454
v -49.43440001401672 -13.245907562072839 22.254545454545454
v -48.46223336488035 -16.450711509739396 22.254545454545454
v -47.28254399241815 -19.585070985162073 22.254545454545454
v -45.90038350763218 -22.635564179871505 22.254545454545454
v -44.32167053391147 -25.589128413687675 22.254545454545454
v -42.55316536257791 -28.433116071121972 22.254545454545454
v -40.602441004280976 -31.155348760408334 22.254545454545454
v -38.47785076020358 -33.744169463246465 22.254545454545454
v -36.18849245194387 -36.18849245194383 22.254545454545454
v -33.74416946324649 -38.47785076020356 22.254545454545454
v -31.155348760408362 -40.602441004280955 22.254545454545454
v -28.433116071122026 -42.55316536257787 22.254545454545454
v -25.58912841368771 -44.32167053391146 22.254545454545454
v -22.63556417987152 -45.90038350763218 22.254545454545454
v -19.58507098516213 -47.28254399241812 22.254545454545454
v -16.45071150973943 -48.46223336488034 22.254545454545454
v -13.245907562072897 -49.4344000140167 22.254545454545454
v -9.984382604676798 -50.1948809729859 22.254545454545454
v -6.680102988137213 -50.74041974557044 22.254545454545454
v -3.347218145054312 -51.0686802509935 22.254545454545454
v -9.401293261437964e-15 -51.17825682737538 22.254545454545454
v 3.347218145054248 -51.06868025099351 22.254545454545454
v 6.68010298813715 -50.74041974557045 22.254545454545454
v 9.984382604676734 -50.194880972985914 22.254545454545454
v 13.245907562072835 -49.43440001401672 22.254545454545454
v 16.450711509739413 -48.46223336488034 22.254545454545454
v 19.58507098516207 -47.28254399241815 22.254545454545454
v 22.6355641798715 -45.90038350763218 22.254545454545454
v 25.589128413687654 -44.32167053391149 22.254545454545454
v 28.43311607112197 -42.55316536257791 22.254545454545454
v 31.15534876040831 -40.602441004281 22.254545454545454
v 33.74416946324646 -38.47785076020358 22.254545454545454
v 36.188492451943844 -36.18849245194386 22.254545454545454
v 38.477850760203545 -33.74416946324651 22.254545454545454
v 40.602441004280955 -31.155348760408366 22.254545454545454
v 42.553165362577865 -28.433116071122026 22.254545454545454
v 44.32167053391145 -25.58912841368771 22.254545454545454
v 45.90038350763215 -22.63556417987156 22.254545454545454
v 47.28254399241812 -19.58507098516213 22.254545454545454
v 48.46223336488034 -16.450711509739435 22.254545454545454
v 49.4344000140167 -13.245907562072901 22.254545454545454
v 50.1948809729859 -9.984382604676801 22.254545454545454
v 50.74041974557044 -6.680102988137216 22.254545454545454
v 51.0686802509935 -3.3472181450543146 22.254545454545454
v 48.17825682737538 0.0 22.254545454545454
v 48.075103481277694 3.1510087573638543 22.254545454545454
v 47.76608516144901 6.2885244114770105 22.254545454545454
v 47.25252513177621 9.399111638628392 22.254545454545454
v 46.53662253514951 12.469450426765295 22.254545454545454
v 45.62144297639502 15.486393113829934 22.254545454545454
v 44.510905394884276 18.43702068806683 22.254545454545454
v 43.209765283034116 21.30869810921451 22.254545454545454
v 41.72359432255815 24.089128413687686 22.254545454545454
v 40.05875652567026 26.76640537206318 22.254545454545454
v 38.22238098340727 29.329064473382182 22.254545454545454
v 36.22233133776663 31.766132017946276 22.254545454545454
v 34.06717210838421 34.06717210838421 22.254545454545454
v 31.76613201794628 36.222331337766626 22.254545454545454
v 29.32906447338219 38.22238098340726 22.254545454545454
v 26.76640537206319 40.058756525670255 22.254545454545454
v 24.089128413687696 41.72359432255815 22.254545454545454
v 21.30869810921452 43.20976528303411 22.254545454545454
v 18.437020688066834 44.510905394884276 22.254545454545454
v 15.48639311382994 45.62144297639502 22.254545454545454
v 12.469450426765306 46.536622535149505 22.254545454545454
v 9.399111638628396 47.25252513177621 22.254545454545454
v 6.288524411477018 47.76608516144901 22.254545454545454
v 3.151008757363864 48.075103481277694 22.254545454545454
v 2.9500674006072185e-15 48.17825682737538 22.254545454545454
v -3.1510087573638472 48.075103481277694 22.254545454545454
v -6.288524411477002 47.76608516144902 22.254545454545454
v -9.399111638628378 47.25252513177622 22.254545454545454
v -12.46945042676529 46.53662253514951 22.254545454545454
v -15.486393113829925 45.62144297639502 22.254545454545454
v -18.437020688066816 44.510905394884276 22.254545454545454
v -21.308698109214504 43.209765283034116 22.254545454545454
v -24.08912841368768 41.72359432255815 22.254545454545454
v -26.76640537206317 40.05875652567026 22.254545454545454
v -29.32906447338217 38.22238098340727 22.254545454545454
v -31.76613201794626 36.22233133776665 22.254545454545454
v -34.067172108384206 34.06717210838421 22.254545454545454
v -36.222331337766626 31.76613201794628 22.254545454545454
v -38.222380983407255 29.3290644733822 22.254545454545454
v -40.05875652567025 26.766405372063193 22.254545454545454
v -41.72359432255814 24.089128413687707 22.254545454545454
v -43.20976528303411 21.308698109214532 22.254545454545454
v -44.510905394884276 18.437020688066834 22.254545454545454
v -45.62144297639502 15.486393113829944 22.254545454545454
v -46.536622535149505 12.46945042676531 22.254545454545454
v -47.25252513177621 9.399111638628408 22.254545454545454
v -47.76608516144901 6.288524411477031 22.254545454545454
v -48.075103481277694 3.1510087573638783 22.254545454545454
v -48.17825682737538 5.900134801214437e-15 22.254545454545454
v -48.075103481277694 -3.1510087573638446 22.254545454545454
v -47.76608516144902 -6.288524411476999 22.254545454545454
v -47.25252513177622 -9.399111638628376 22.254545454545454
v -46.53662253514951 -12.469450426765277 22.254545454545454
v -45.62144297639503 -15.486393113829912 22.254545454545454
v -44.51090539488428 -18.437020688066802 22.254545454545454
v -43.209765283034116 -21.308698109214504 22.254545454545454
v -41.72359432255816 -24.089128413687675 22.254545454545454
v -40.05875652567027 -26.76640537206317 22.254545454545454
v -38.22238098340727 -29.32906447338217 22.254545454545454
v -36.22233133776665 -31.76613201794626 22.254545454545454
v -34.06717210838423 -34.06717210838419 22.254545454545454
v -31.766132017946287 -36.222331337766626 22.254545454545454
v -29.3290644733822 -38.22238098340725 22.254545454545454
v -26.766405372063215 -40.05875652567024 22.254545454545454
v -24.08912841368771 -41.72359432255814 22.254545454545454
v -21.308698109214514 -43.20976528303411 22.254545454545454
v -18.43702068806686 -44.51090539488426 22.254545454545454
v -15.486393113829946 -45.62144297639502 22.254545454545454
v -12.469450426765333 -46.5366225351495 22.254545454545454
v -9.399111638628412 -47.2525251317762 22.254545454545454
v -6.288524411477055 -47.76608516144901 22.254545454545454
v -3.151008757363881 -48.075103481277694 22.254545454545454
v -8.850202201821655e-15 -48.17825682737538 22.254545454545454
v 3.1510087573638206 -48.075103481277694 22.254545454545454
v 6.288524411476996 -47.76608516144902 22.254545454545454
v 9.399111638628352 -47.252525131776224 22.254545454545454
v 12.469450426765274 -46.53662253514951 22.254545454545454
v 15.48639311382993 -45.62144297639502 22.254545454545454
v 18.437020688066802 -44.51090539488428 22.254545454545454
v 21.3086981092145 -43.209765283034116 22.254545454545454
v 24.089128413687657 -41.72359432255817 22.254545454545454
v 26.76640537206316 -40.05875652567027 22.254545454545454
v 29.32906447338215 -38.22238098340729 22.254545454545454
v 31.766132017946255 -36.22233133776665 22.254545454545454
v 34.067172108384206 -34.06717210838422 22.254545454545454
v 36.22233133776661 -31.7661320179463 22.254545454545454
v 38.22238098340725 -29.329064473382203 22.254545454545454
v 40.05875652567023 -26.766405372063215 22.254545454545454
v 41.723594322558135 -24.08912841368771 22.254545454545454
v 43.20976528303409 -21.308698109214557 22.254545454545454
v 44.51090539488426 -18.43702068806686 22.254545454545454
v 45.62144297639502 -15.48639311382995 22.254545454545454
v 46.5366225351495 -12.469450426765336 22.254545454545454
v 47.2525251317762 -9.399111638628414 22.254545454545454
v 47.76608516144901 -6.288524411477058 22.254545454545454
v 48.075103481277694 -3.1510087573638836 22.254545454545454
v 51.34202506598628 0.0 22.90909090909091
v 51.23209784923446 3.357929100327945 22.90909090909091
v 50.902786924197464 6.7014790327296305 22.90909090909091
v 50.355502450813034 10.01633220308339 22.90909090909091
v 49.59258798521685 13.288293901208252 22.90909090909091
v 48.61731044427535 16.503353084792145 22.90909090909091
v 47.43384611614617 19.647742376826105 22.90909090909091
v 46.04726277677112 22.7079970196262 22.90909090909091
v 44.46349798888154 25.671012532993135 22.90909090909091
v 42.68933367644317 28.52410082960825 22.90909090909091
v 40.73236708341654 31.255044547371355 22.90909090909091
v 38.60097824119195 33.85214936602089 22.90909090909091
v 36.304294084008596 36.304294084008596 22.90909090909091
v 33.852149366020896 38.600978241191946 22.90909090909091
v 31.255044547371362 40.732367083416534 22.90909090909091
v 28.524100829608262 42.68933367644316 22.90909090909091
v 25.671012532993146 44.463497988881535 22.90909090909091
v 22.707997019626212 46.04726277677111 22.90909090909091
v 19.647742376826105 47.43384611614617 22.90909090909091
v 16.503353084792153 48.61731044427534 22.90909090909091
v 13.288293901208265 49.592587985216845 22.90909090909091
v 10.016332203083396 50.355502450813034 22.90909090909091
v 6.701479032729638 50.902786924197464 22.90909090909091
v 3.3579291003279557 51.23209784923446 22.90909090909091
v 3.1437923329401636e-15 51.34202506598628 22.90909090909091
v -3.357929100327938 51.23209784923446 22.90909090909091
v -6.701479032729621 50.90278692419747 22.90909090909091
v -10.016332203083376 50.35550245081304 22.90909090909091
v -13.288293901208247 49.59258798521685 22.90909090909091
v -16.50335308479214 48.61731044427535 22.90909090909091
v -19.64774237682609 47.43384611614617 22.90909090909091
v -22.707997019626195 46.04726277677112 22.90909090909091
v -25.671012532993128 44.46349798888154 22.90909090909091
v -28.52410082960824 42.68933367644318 22.90909090909091
v -31.255044547371345 40.73236708341655 22.90909090909091
v -33.85214936602087 38.600978241191974 22.90909090909091
v -36.304294084008596 36.304294084008596 22.90909090909091
v -38.600978241191946 33.852149366020896 22.90909090909091
v -40.732367083416534 31.255044547371373 22.90909090909091
v -42.689333676443155 28.52410082960827 22.90909090909091
v -44.46349798888153 25.671012532993156 22.90909090909091
v -46.047262776771106 22.707997019626223 22.90909090909091
v -47.43384611614617 19.64774237682611 22.90909090909091
v -48.61731044427534 16.503353084792156 22.90909090909091
v -49.592587985216845 13.288293901208267 22.90909090909091
v -50.355502450813034 10.01633220308341 22.90909090909091
v -50.902786924197464 6.701479032729652 22.90909090909091
v -51.23209784923446 3.3579291003279703 22.90909090909091
v -51.34202506598628 6.287584665880327e-15 22.90909090909091
v -51.23209784923446 -3.357929100327935 22.90909090909091
v -50.90278692419747 -6.701479032729618 22.90909090909091
v -50.35550245081304 -10.016332203083374 22.90909090909091
v -49.59258798521686 -13.288293901208233 22.90909090909091
v -48.617310444275354 -16.503353084792124 22.90909090909091
v -47.43384611614618 -19.647742376826077 22.90909090909091
v -46.04726277677112 -22.707997019626195 22.90909090909091
v -44.46349798888154 -25.671012532993124 22.90909090909091
v -42.689333676443184 -28.52410082960824 22.90909090909091
v -40.73236708341655 -31.255044547371345 22.90909090909091
v -38.600978241191974 -33.85214936602087 22.90909090909091
v -36.30429408400862 -36.304294084008575 22.90909090909091
v -33.852149366020896 -38.600978241191946 22.90909090909091
v -31.255044547371373 -40.73236708341653 22.90909090909091
v -28.52410082960829 -42.68933367644315 22.90909090909091
v -25.67101253299316 -44.46349798888153 22.90909090909091
v -22.70799701962621 -46.04726277677111 22.90909090909091
v -19.647742376826134 -47.43384611614616 22.90909090909091
v -16.50335308479216 -48.61731044427534 22.90909090909091
v -13.288293901208293 -49.59258798521684 22.90909090909091
v -10.016332203083412 -50.35550245081303 22.90909090909091
v -6.701479032729678 -50.90278692419746 22.90909090909091
v -3.3579291003279734 -51.23209784923446 22.90909090909091
v -9.43137699882049e-15 -51.34202506598628 22.90909090909091
v 3.357929100327909 -51.232097849234464 22.90909090909091
v 6.701479032729615 -50.90278692419747 22.90909090909091
v 10.016332203083348 -50.35550245081305 22.90909090909091
v 13.28829390120823 -49.59258798521686 22.90909090909091
v 16.503353084792142 -48.61731044427535 22.90909090909091
v 19.647742376826073 -47.43384611614618 22.90909090909091
v 22.70799701962619 -46.04726277677112 22.90909090909091
v 25.671012532993103 -44.46349798888156 22.90909090909091
v 28.524100829608233 -42.689333676443184 22.90909090909091
v 31.255044547371323 -40.73236708341656 22.90909090909091
v 33.85214936602087 -38.600978241191974 22.90909090909091
v 36.30429408400859 -36.3042940840086 22.90909090909091
v 38.60097824119193 -33.85214936602092 22.90909090909091
v 40.73236708341653 -31.25504454737138 22.90909090909091
v 42.68933367644314 -28.52410082960829 22.90909090909091
v 44.46349798888152 -25.67101253299316 22.90909090909091
v 46.04726277677109 -22.70799701962625 22.90909090909091
v 47.43384611614616 -19.647742376826134 22.90909090909091
v 48.61731044427534 -16.503353084792163 22.90909090909091
v 49.59258798521684 -13.288293901208295 22.90909090909091
v 50.35550245081303 -10.016332203083415 22.90909090909091
v 50.90278692419746 -6.701479032729682 22.90909090909091
v 51.23209784923446 -3.357929100327976 22.90909090909091
v 48.34202506598628 0.0 22.90909090909091
v 48.23852107951865 3.161719712637516 22.90909090909091
v 47.928452340076035 6.309900456069476 22.90909090909091
v 47.413146609603345 9.431061237035006 22.90909090909091
v 46.69481050634965 12.511836765900691 22.90909090909091
v 45.77652005579003 15.53903468888266 22.90909090909091
v 44.662207518612306 18.499692079730835 22.90909090909091
v 43.35664455217305 21.381130948969197 22.90909090909091
v 41.865421777528226 24.171012532993135 22.90909090909091
v 40.19492483953553 26.857390130549444 22.90909090909091
v 38.352307062542835 29.428760260345193 22.90909090909091
v 36.34545881875502 31.874111920720683 22.90909090909091
v 34.18297374044896 34.18297374044896 22.90909090909091
v 31.874111920720686 36.34545881875501 22.90909090909091
v 29.4287602603452 38.352307062542835 22.90909090909091
v 26.857390130549454 40.19492483953553 22.90909090909091
v 24.171012532993146 41.86542177752822 22.90909090909091
v 21.381130948969208 43.356644552173044 22.90909090909091
v 18.49969207973084 44.662207518612306 22.90909090909091
v 15.53903468888267 45.77652005579002 22.90909090909091
v 12.511836765900702 46.69481050634964 22.90909090909091
v 9.43106123703501 47.413146609603345 22.90909090909091
v 6.3099004560694825 47.928452340076035 22.90909090909091
v 3.1617197126375256 48.23852107951865 22.90909090909091
v 2.9600953130680605e-15 48.34202506598628 22.90909090909091
v -3.161719712637509 48.23852107951865 22.90909090909091
v -6.3099004560694665 47.928452340076035 22.90909090909091
v -9.431061237034992 47.41314660960335 22.90909090909091
v -12.511836765900686 46.69481050634965 22.90909090909091
v -15.539034688882653 45.77652005579003 22.90909090909091
v -18.49969207973082 44.66220751861231 22.90909090909091
v -21.381130948969194 43.35664455217305 22.90909090909091
v -24.171012532993128 41.865421777528226 22.90909090909091
v -26.857390130549433 40.19492483953554 22.90909090909091
v -29.428760260345182 38.35230706254284 22.90909090909091
v -31.874111920720665 36.34545881875504 22.90909090909091
v -34.18297374044895 34.18297374044896 22.90909090909091
v -36.34545881875501 31.874111920720686 22.90909090909091
v -38.35230706254283 29.42876026034521 22.90909090909091
v -40.194924839535524 26.85739013054946 22.90909090909091
v -41.86542177752821 24.171012532993156 22.90909090909091
v -43.356644552173044 21.38113094896922 22.90909090909091
v -44.662207518612306 18.49969207973084 22.90909090909091
v -45.77652005579002 15.539034688882671 22.90909090909091
v -46.69481050634964 12.511836765900703 22.90909090909091
v -47.413146609603345 9.431061237035024 22.90909090909091
v -47.928452340076035 6.309900456069497 22.90909090909091
v -48.23852107951865 3.16171971263754 22.90909090909091
v -48.34202506598628 5.920190626136121e-15 22.90909090909091
v -48.23852107951865 -3.161719712637506 22.90909090909091
v -47.928452340076035 -6.309900456069464 22.90909090909091
v -47.41314660960335 -9.43106123703499 22.90909090909091
v -46.694810506349654 -12.511836765900672 22.90909090909091
v -45.77652005579004 -15.539034688882639 22.90909090909091
v -44.66220751861232 -18.499692079730806 22.90909090909091
v -43.35664455217305 -21.38113094896919 22.90909090909091
v -41.865421777528226 -24.171012532993124 22.90909090909091
v -40.194924839535545 -26.857390130549433 22.90909090909091
v -38.35230706254284 -29.428760260345182 22.90909090909091
v -36.34545881875504 -31.874111920720665 22.90909090909091
v -34.18297374044897 -34.182973740448936 22.90909090909091
v -31.874111920720694 -36.34545881875501 22.90909090909091
v -29.42876026034521 -38.35230706254282 22.90909090909091
v -26.857390130549483 -40.19492483953551 22.90909090909091
v -24.17101253299316 -41.86542177752821 22.90909090909091
v -21.381130948969204 -43.356644552173044 22.90909090909091
v -18.49969207973086 -44.6622075186123 22.90909090909091
v -15.539034688882674 -45.77652005579002 22.90909090909091
v -12.511836765900728 -46.69481050634963 22.90909090909091
v -9.431061237035026 -47.41314660960334 22.90909090909091
v -6.309900456069521 -47.92845234007603 22.90909090909091
v -3.1617197126375425 -48.23852107951865 22.90909090909091
v -8.880285939204181e-15 -48.34202506598628 22.90909090909091
v 3.161719712637482 -48.23852107951865 22.90909090909091
v 6.309900456069461 -47.928452340076035 22.90909090909091
v 9.431061237034966 -47.41314660960336 22.90909090909091
v 12.51183676590067 -46.694810506349654 22.90909090909091
v 15.539034688882658 -45.77652005579003 22.90909090909091
v 18.499692079730806 -44.66220751861232 22.90909090909091
v 21.381130948969187 -43.35664455217305 22.90909090909091
v 24.171012532993107 -41.86542177752824 22.90909090909091
v 26.85739013054943 -40.194924839535545 22.90909090909091
v 29.42876026034516 -38.352307062542856 22.90909090909091
v 31.87411192072066 -36.34545881875504 22.90909090909091
v 34.18297374044894 -34.182973740448965 22.90909090909091
v 36.345458818755 -31.874111920720708 22.90909090909091
v 38.35230706254282 -29.428760260345214 22.90909090909091
v 40.19492483953551 -26.857390130549483 22.90909090909091
v 41.865421777528205 -24.17101253299316 22.90909090909091
v 43.35664455217302 -21.381130948969243 22.90909090909091
v 44.6622075186123 -18.499692079730863 22.90909090909091
v 45.77652005579002 -15.539034688882676 22.90909090909091
v 46.69481050634963 -12.51183676590073 22.90909090909091
v 47.41314660960334 -9.43106123703503 22.90909090909091
v 47.92845234007603 -6.309900456069524 22.90909090909091
v 48.23852107951865 -3.161719712637545 22.90909090909091
v 51.48908078806848 0.0 23.563636363636363
v 51.378838713727475 3.367547004723319 23.563636363636363
v 51.04858456419147 6.7206736561771905 23.563636363636363
v 50.49973253843033 10.045021351258722 23.563636363636363
v 49.734632905079636 13.326354722774429 23.563636363636363
v 48.756561938229645 16.550622597468017 23.563636363636363
v 47.56970788791658 19.70401816530145 23.563636363636363
v 46.17915304539305 22.773038102335146 23.563636363636363
v 44.59085197997659 25.744540394034235 23.563636363636363
v 42.81160604066973 28.605800611392326 23.563636363636363
v 40.849034231739395 31.344566398890024 23.563636363636363
v 38.71154058697092 33.94910994096231 23.563636363636363
v 36.40827818230521 36.40827818230521 23.563636363636363
v 33.94910994096231 38.71154058697091 23.563636363636363
v 31.34456639889003 40.84903423173939 23.563636363636363
v 28.605800611392336 42.81160604066972 23.563636363636363
v 25.744540394034246 44.590851979976584 23.563636363636363
v 22.77303810233516 46.17915304539304 23.563636363636363
v 19.70401816530145 47.56970788791658 23.563636363636363
v 16.550622597468028 48.75656193822964 23.563636363636363
v 13.326354722774441 49.73463290507963 23.563636363636363
v 10.045021351258725 50.49973253843033 23.563636363636363
v 6.720673656177198 51.04858456419147 23.563636363636363
v 3.36754700472333 51.378838713727475 23.563636363636363
v 3.152796898907377e-15 51.48908078806848 23.563636363636363
v -3.367547004723312 51.378838713727475 23.563636363636363
v -6.720673656177181 51.04858456419148 23.563636363636363
v -10.045021351258708 50.49973253843033 23.563636363636363
v -13.326354722774424 49.734632905079636 23.563636363636363
v -16.55062259746801 48.756561938229645 23.563636363636363
v -19.704018165301434 47.569707887916586 23.563636363636363
v -22.773038102335143 46.17915304539305 23.563636363636363
v -25.744540394034228 44.59085197997659 23.563636363636363
v -28.605800611392315 42.81160604066973 23.563636363636363
v -31.344566398890013 40.8490342317394 23.563636363636363
v -33.94910994096229 38.71154058697093 23.563636363636363
v -36.4082781823052 36.40827818230521 23.563636363636363
v -38.71154058697091 33.94910994096231 23.563636363636363
v -40.84903423173938 31.34456639889004 23.563636363636363
v -42.811606040669716 28.605800611392343 23.563636363636363
v -44.59085197997658 25.744540394034257 23.563636363636363
v -46.179153045393036 22.77303810233517 23.563636363636363
v -47.56970788791658 19.704018165301452 23.563636363636363
v -48.75656193822964 16.55062259746803 23.563636363636363
v -49.73463290507963 13.326354722774443 23.563636363636363
v -50.49973253843033 10.04502135125874 23.563636363636363
v -51.04858456419147 6.720673656177212 23.563636363636363
v -51.378838713727475 3.367547004723345 23.563636363636363
v -51.48908078806848 6.305593797814754e-15 23.563636363636363
v -51.378838713727475 -3.367547004723309 23.563636363636363
v -51.04858456419148 -6.720673656177178 23.563636363636363
v -50.49973253843033 -10.045021351258704 23.563636363636363
v -49.73463290507964 -13.32635472277441 23.563636363636363
v -48.756561938229645 -16.550622597467996 23.563636363636363
v -47.56970788791659 -19.704018165301417 23.563636363636363
v -46.17915304539305 -22.77303810233514 23.563636363636363
v -44.59085197997659 -25.744540394034225 23.563636363636363
v -42.81160604066974 -28.605800611392315 23.563636363636363
v -40.8490342317394 -31.344566398890013 23.563636363636363
v -38.71154058697093 -33.94910994096229 23.563636363636363
v -36.408278182305224 -36.40827818230518 23.563636363636363
v -33.949109940962316 -38.71154058697091 23.563636363636363
v -31.34456639889004 -40.84903423173938 23.563636363636363
v -28.605800611392365 -42.8116060406697 23.563636363636363
v -25.74454039403426 -44.59085197997658 23.563636363636363
v -22.773038102335153 -46.17915304539304 23.563636363636363
v -19.704018165301477 -47.56970788791657 23.563636363636363
v -16.55062259746803 -48.75656193822964 23.563636363636363
v -13.32635472277447 -49.73463290507963 23.563636363636363
v -10.045021351258743 -50.49973253843032 23.563636363636363
v -6.7206736561772376 -51.04858456419147 23.563636363636363
v -3.3675470047233476 -51.378838713727475 23.563636363636363
v -9.458390696722131e-15 -51.48908078806848 23.563636363636363
v 3.367547004723283 -51.37883871372748 23.563636363636363
v 6.7206736561771745 -51.04858456419148 23.563636363636363
v 10.04502135125868 -50.49973253843034 23.563636363636363
v 13.326354722774406 -49.73463290507964 23.563636363636363
v 16.550622597468017 -48.756561938229645 23.563636363636363
v 19.704018165301417 -47.56970788791659 23.563636363636363
v 22.773038102335136 -46.17915304539305 23.563636363636363
v 25.744540394034203 -44.590851979976605 23.563636363636363
v 28.605800611392308 -42.81160604066974 23.563636363636363
v 31.34456639888999 -40.84903423173942 23.563636363636363
v 33.94910994096228 -38.71154058697093 23.563636363636363
v 36.408278182305196 -36.40827818230521 23.563636363636363
v 38.7115405869709 -33.94910994096234 23.563636363636363
v 40.84903423173938 -31.34456639889005 23.563636363636363
v 42.8116060406697 -28.605800611392365 23.563636363636363
v 44.59085197997657 -25.74454039403426 23.563636363636363
v 46.17915304539302 -22.773038102335196 23.563636363636363
v 47.56970788791657 -19.704018165301477 23.563636363636363
v 48.75656193822964 -16.550622597468035 23.563636363636363
v 49.73463290507963 -13.326354722774472 23.563636363636363
v 50.49973253843032 -10.045021351258747 23.563636363636363
v 51.04858456419147 -6.720673656177242 23.563636363636363
v 51.378838713727475 -3.3675470047233502 23.563636363636363
v 48.48908078806848 0.0 23.563636363636363
v 48.38526194401167 3.17133761703289 23.563636363636363
v 48.07424998007004 6.329095079517036 23.563636363636363
v 47.55737669722063 9.459750385210336 23.563636363636363
v 46.83685542621243 12.549897587466868 23.563636363636363
v 45.91577154974433 15.586304201558534 23.563636363636363
v 44.79806929038272 18.555967868206178 23.563636363636363
v 43.48853482079498 21.446172031678145 23.563636363636363
v 41.992775768623275 24.244540394034235 23.563636363636363
v 40.31719720376209 26.939089912333518 23.563636363636363
v 38.46897421086569 29.518282111863865 23.563636363636363
v 36.456021164533986 31.9710724956621 23.563636363636363
v 34.286957838745565 34.286957838745565 23.563636363636363
v 31.971072495662103 36.45602116453398 23.563636363636363
v 29.51828211186387 38.46897421086568 23.563636363636363
v 26.93908991233353 40.317197203762085 23.563636363636363
v 24.244540394034246 41.99277576862327 23.563636363636363
v 21.446172031678156 43.48853482079498 23.563636363636363
v 18.55596786820618 44.79806929038272 23.563636363636363
v 15.586304201558542 45.91577154974432 23.563636363636363
v 12.549897587466878 46.83685542621242 23.563636363636363
v 9.459750385210342 47.55737669722063 23.563636363636363
v 6.329095079517042 48.07424998007004 23.563636363636363
v 3.1713376170328997 48.38526194401167 23.563636363636363
v 2.969099879035274e-15 48.48908078806848 23.563636363636363
v -3.171337617032883 48.38526194401167 23.563636363636363
v -6.329095079517026 48.07424998007005 23.563636363636363
v -9.459750385210324 47.55737669722064 23.563636363636363
v -12.549897587466862 46.83685542621243 23.563636363636363
v -15.586304201558526 45.91577154974433 23.563636363636363
v -18.555967868206164 44.79806929038273 23.563636363636363
v -21.446172031678138 43.48853482079498 23.563636363636363
v -24.244540394034228 41.992775768623275 23.563636363636363
v -26.939089912333507 40.3171972037621 23.563636363636363
v -29.518282111863854 38.468974210865696 23.563636363636363
v -31.97107249566208 36.456021164534 23.563636363636363
v -34.28695783874556 34.286957838745565 23.563636363636363
v -36.45602116453398 31.971072495662103 23.563636363636363
v -38.46897421086568 29.51828211186388 23.563636363636363
v -40.31719720376208 26.939089912333536 23.563636363636363
v -41.99277576862326 24.244540394034257 23.563636363636363
v -43.488534820794975 21.446172031678167 23.563636363636363
v -44.79806929038272 18.55596786820618 23.563636363636363
v -45.91577154974432 15.586304201558544 23.563636363636363
v -46.83685542621242 12.54989758746688 23.563636363636363
v -47.55737669722063 9.459750385210354 23.563636363636363
v -48.07424998007004 6.329095079517056 23.563636363636363
v -48.38526194401167 3.171337617032914 23.563636363636363
v -48.48908078806848 5.938199758070548e-15 23.563636363636363
v -48.38526194401167 -3.17133761703288 23.563636363636363
v -48.07424998007005 -6.329095079517024 23.563636363636363
v -47.55737669722064 -9.45975038521032 23.563636363636363
v -46.83685542621244 -12.549897587466848 23.563636363636363
v -45.91577154974433 -15.586304201558512 23.563636363636363
v -44.79806929038273 -18.55596786820615 23.563636363636363
v -43.48853482079498 -21.446172031678135 23.563636363636363
v -41.992775768623275 -24.244540394034225 23.563636363636363
v -40.3171972037621 -26.939089912333507 23.563636363636363
v -38.468974210865696 -29.518282111863854 23.563636363636363
v -36.456021164534 -31.97107249566208 23.563636363636363
v -34.28695783874558 -34.28695783874554 23.563636363636363
v -31.97107249566211 -36.45602116453398 23.563636363636363
v -29.51828211186388 -38.468974210865674 23.563636363636363
v -26.939089912333557 -40.31719720376207 23.563636363636363
v -24.24454039403426 -41.99277576862326 23.563636363636363
v -21.44617203167815 -43.48853482079498 23.563636363636363
v -18.555967868206203 -44.798069290382706 23.563636363636363
v -15.586304201558548 -45.91577154974432 23.563636363636363
v -12.549897587466905 -46.83685542621242 23.563636363636363
v -9.459750385210357 -47.55737669722063 23.563636363636363
v -6.329095079517081 -48.074249980070036 23.563636363636363
v -3.1713376170329166 -48.38526194401167 23.563636363636363
v -8.907299637105821e-15 -48.48908078806848 23.563636363636363
v 3.171337617032856 -48.385261944011674 23.563636363636363
v 6.329095079517021 -48.07424998007005 23.563636363636363
v 9.459750385210297 -47.55737669722065 23.563636363636363
v 12.549897587466846 -46.83685542621244 23.563636363636363
v 15.586304201558532 -45.91577154974433 23.563636363636363
v 18.55596786820615 -44.79806929038273 23.563636363636363
v 21.446172031678135 -43.48853482079498 23.563636363636363
v 24.244540394034207 -41.99277576862329 23.563636363636363
v 26.939089912333504 -40.3171972037621 23.563636363636363
v 29.518282111863833 -38.46897421086571 23.563636363636363
v 31.971072495662078 -36.456021164534 23.563636363636363
v 34.28695783874555 -34.28695783874557 23.563636363636363
v 36.456021164533965 -31.971072495662124 23.563636363636363
v 38.468974210865674 -29.518282111863886 23.563636363636363
v 40.31719720376206 -26.939089912333557 23.563636363636363
v 41.992775768623254 -24.24454039403426 23.563636363636363
v 43.48853482079496 -21.446172031678188 23.563636363636363
v 44.798069290382706 -18.555967868206206 23.563636363636363
v 45.91577154974432 -15.58630420155855 23.563636363636363
v 46.83685542621242 -12.549897587466907 23.563636363636363
v 47.55737669722063 -9.45975038521036 23.563636363636363
v 48.074249980070036 -6.329095079517084 23.563636363636363
v 48.38526194401167 -3.1713376170329193 23.563636363636363
v 51.62018783982093 0.0 24.21818181818182
v 51.509665055218164 3.3761218161720676 24.21818181818182
v 51.17856997694131 6.7377865604156355 24.21818181818182
v 50.628320404946194 10.070599068203693 24.21818181818182
v 49.86127259237595 13.360287724715205 24.21818181818182
v 48.88071115572331 16.5927655780808 24.21818181818182
v 47.690835009598565 19.75419066187334 24.21818181818182
v 46.29673938633254 22.831025268533214 24.21818181818182
v 44.70439401740949 25.81009391991046 24.21818181818182
v 42.920617570160466 28.678639786684947 24.21818181818182
v 40.95304844918294 31.424379315067966 24.21818181818182
v 38.81011208751962 34.03555482686539 24.21818181818182
v 36.50098486766074 36.50098486766074 24.21818181818182
v 34.0355548268654 38.81011208751961 24.21818181818182
v 31.424379315067974 40.95304844918293 24.21818181818182
v 28.67863978668496 42.92061757016046 24.21818181818182
v 25.81009391991047 44.704394017409484 24.21818181818182
v 22.831025268533224 46.29673938633253 24.21818181818182
v 19.754190661873345 47.690835009598565 24.21818181818182
v 16.592765578080808 48.880711155723304 24.21818181818182
v 13.360287724715217 49.86127259237594 24.21818181818182
v 10.070599068203697 50.628320404946194 24.21818181818182
v 6.737786560415643 51.17856997694131 24.21818181818182
v 3.3761218161720783 51.509665055218164 24.21818181818182
v 3.1608248904710914e-15 51.62018783982093 24.21818181818182
v -3.3761218161720605 51.509665055218164 24.21818181818182
v -6.737786560415626 51.17856997694132 24.21818181818182
v -10.070599068203679 50.6283204049462 24.21818181818182
v -13.3602877247152 49.86127259237595 24.21818181818182
v -16.59276557808079 48.88071115572331 24.21818181818182
v -19.754190661873327 47.69083500959857 24.21818181818182
v -22.831025268533207 46.29673938633254 24.21818181818182
v -25.810093919910454 44.70439401740949 24.21818181818182
v -28.678639786684936 42.92061757016047 24.21818181818182
v -31.424379315067956 40.953048449182944 24.21818181818182
v -34.03555482686537 38.810112087519634 24.21818181818182
v -36.50098486766073 36.50098486766074 24.21818181818182
v -38.81011208751961 34.0355548268654 24.21818181818182
v -40.95304844918293 31.424379315067984 24.21818181818182
v -42.92061757016046 28.678639786684965 24.21818181818182
v -44.704394017409484 25.810093919910482 24.21818181818182
v -46.296739386332526 22.831025268533235 24.21818181818182
v -47.690835009598565 19.75419066187335 24.21818181818182
v -48.880711155723304 16.59276557808081 24.21818181818182
v -49.86127259237594 13.36028772471522 24.21818181818182
v -50.628320404946194 10.07059906820371 24.21818181818182
v -51.17856997694131 6.737786560415657 24.21818181818182
v -51.509665055218164 3.3761218161720934 24.21818181818182
v -51.62018783982093 6.321649780942183e-15 24.21818181818182
v -51.509665055218164 -3.3761218161720574 24.21818181818182
v -51.17856997694132 -6.737786560415622 24.21818181818182
v -50.6283204049462 -10.070599068203675 24.21818181818182
v -49.861272592375954 -13.360287724715185 24.21818181818182
v -48.88071115572332 -16.592765578080776 24.21818181818182
v -47.69083500959858 -19.754190661873313 24.21818181818182
v -46.29673938633254 -22.831025268533207 24.21818181818182
v -44.7043940174095 -25.81009391991045 24.21818181818182
v -42.92061757016048 -28.678639786684936 24.21818181818182
v -40.953048449182944 -31.424379315067956 24.21818181818182
v -38.810112087519634 -34.03555482686537 24.21818181818182
v -36.50098486766076 -36.50098486766072 24.21818181818182
v -34.0355548268654 -38.81011208751961 24.21818181818182
v -31.424379315067984 -40.95304844918292 24.21818181818182
v -28.67863978668499 -42.920617570160445 24.21818181818182
v -25.810093919910486 -44.704394017409484 24.21818181818182
v -22.83102526853322 -46.29673938633253 24.21818181818182
v -19.75419066187337 -47.69083500959856 24.21818181818182
v -16.592765578080815 -48.880711155723304 24.21818181818182
v -13.360287724715246 -49.86127259237593 24.21818181818182
v -10.070599068203714 -50.62832040494619 24.21818181818182
v -6.737786560415683 -51.178569976941304 24.21818181818182
v -3.376121816172096 -51.509665055218164 24.21818181818182
v -9.482474671413273e-15 -51.62018783982093 24.21818181818182
v 3.3761218161720317 -51.50966505521817 24.21818181818182
v 6.7377865604156195 -51.17856997694132 24.21818181818182
v 10.07059906820365 -50.62832040494621 24.21818181818182
v 13.360287724715183 -49.861272592375954 24.21818181818182
v 16.592765578080797 -48.88071115572331 24.21818181818182
v 19.75419066187331 -47.69083500959858 24.21818181818182
v 22.831025268533203 -46.29673938633254 24.21818181818182
v 25.81009391991043 -44.70439401740951 24.21818181818182
v 28.678639786684933 -42.92061757016048 24.21818181818182
v 31.424379315067934 -40.95304844918296 24.21818181818182
v 34.03555482686537 -38.810112087519634 24.21818181818182
v 36.50098486766073 -36.50098486766075 24.21818181818182
v 38.81011208751959 -34.03555482686542 24.21818181818182
v 40.95304844918292 -31.42437931506799 24.21818181818182
v 42.92061757016044 -28.67863978668499 24.21818181818182
v 44.70439401740948 -25.810093919910486 24.21818181818182
v 46.29673938633251 -22.831025268533264 24.21818181818182
v 47.69083500959856 -19.754190661873373 24.21818181818182
v 48.880711155723304 -16.59276557808082 24.21818181818182
v 49.86127259237593 -13.36028772471525 24.21818181818182
v 50.62832040494619 -10.070599068203718 24.21818181818182
v 51.178569976941304 -6.737786560415687 24.21818181818182
v 51.509665055218164 -3.376121816172099 24.21818181818182
v 48.62018783982093 0.0 24.21818181818182
v 48.516088285502356 3.1799124284816385 24.21818181818182
v 48.20423539281988 6.34620798375548 24.21818181818182
v 47.685964563736505 9.485328102155307 24.21818181818182
v 46.96349511350874 12.583830589407643 24.21818181818182
v 46.039920767237994 15.628447182171316 24.21818181818182
v 44.91919641206471 18.606140364778074 24.21818181818182
v 43.60612116173447 21.50415919787621 24.21818181818182
v 42.106317806056175 24.31009391991046 24.21818181818182
v 40.426208733252835 27.011929087626143 24.21818181818182
v 38.57298842830923 29.598095028041808 24.21818181818182
v 36.55459266508269 32.057517381565184 24.21818181818182
v 34.3796645241011 34.3796645241011 24.21818181818182
v 32.05751738156519 36.55459266508268 24.21818181818182
v 29.59809502804181 38.57298842830923 24.21818181818182
v 27.011929087626154 40.42620873325283 24.21818181818182
v 24.31009391991047 42.10631780605617 24.21818181818182
v 21.50415919787622 43.60612116173447 24.21818181818182
v 18.606140364778074 44.91919641206471 24.21818181818182
v 15.628447182171323 46.03992076723799 24.21818181818182
v 12.583830589407654 46.963495113508735 24.21818181818182
v 9.485328102155313 47.685964563736505 24.21818181818182
v 6.3462079837554874 48.20423539281988 24.21818181818182
v 3.1799124284816487 48.516088285502356 24.21818181818182
v 2.9771278705989883e-15 48.62018783982093 24.21818181818182
v -3.179912428481632 48.516088285502356 24.21818181818182
v -6.3462079837554715 48.20423539281989 24.21818181818182
v -9.485328102155295 47.68596456373651 24.21818181818182
v -12.583830589407638 46.96349511350874 24.21818181818182
v -15.628447182171307 46.039920767237994 24.21818181818182
v -18.60614036477806 44.919196412064714 24.21818181818182
v -21.504159197876206 43.60612116173447 24.21818181818182
v -24.310093919910454 42.106317806056175 24.21818181818182
v -27.011929087626132 40.426208733252835 24.21818181818182
v -29.598095028041797 38.57298842830924 24.21818181818182
v -32.05751738156517 36.5545926650827 24.21818181818182
v -34.379664524101095 34.3796645241011 24.21818181818182
v -36.55459266508268 32.05751738156519 24.21818181818182
v -38.57298842830922 29.598095028041822 24.21818181818182
v -40.42620873325282 27.011929087626157 24.21818181818182
v -42.10631780605617 24.310093919910482 24.21818181818182
v -43.606121161734464 21.50415919787623 24.21818181818182
v -44.91919641206471 18.606140364778078 24.21818181818182
v -46.03992076723799 15.628447182171326 24.21818181818182
v -46.963495113508735 12.583830589407658 24.21818181818182
v -47.685964563736505 9.485328102155325 24.21818181818182
v -48.20423539281988 6.346207983755501 24.21818181818182
v -48.516088285502356 3.179912428481663 24.21818181818182
v -48.62018783982093 5.954255741197977e-15 24.21818181818182
v -48.516088285502356 -3.179912428481629 24.21818181818182
v -48.20423539281989 -6.346207983755469 24.21818181818182
v -47.68596456373651 -9.485328102155291 24.21818181818182
v -46.96349511350875 -12.583830589407624 24.21818181818182
v -46.039920767238 -15.628447182171294 24.21818181818182
v -44.91919641206472 -18.606140364778046 24.21818181818182
v -43.60612116173447 -21.504159197876202 24.21818181818182
v -42.10631780605618 -24.31009391991045 24.21818181818182
v -40.42620873325284 -27.011929087626132 24.21818181818182
v -38.57298842830924 -29.598095028041797 24.21818181818182
v -36.5545926650827 -32.05751738156517 24.21818181818182
v -34.379664524101116 -34.379664524101074 24.21818181818182
v -32.0575173815652 -36.55459266508268 24.21818181818182
v -29.598095028041822 -38.572988428309216 24.21818181818182
v -27.01192908762618 -40.426208733252814 24.21818181818182
v -24.310093919910486 -42.10631780605617 24.21818181818182
v -21.504159197876216 -43.60612116173447 24.21818181818182
v -18.6061403647781 -44.9191964120647 24.21818181818182
v -15.62844718217133 -46.03992076723799 24.21818181818182
v -12.58383058940768 -46.96349511350873 24.21818181818182
v -9.485328102155329 -47.6859645637365 24.21818181818182
v -6.346207983755525 -48.204235392819875 24.21818181818182
v -3.1799124284816656 -48.516088285502356 24.21818181818182
v -8.931383611796965e-15 -48.62018783982093 24.21818181818182
v 3.1799124284816047 -48.51608828550236 24.21818181818182
v 6.346207983755466 -48.20423539281989 24.21818181818182
v 9.485328102155268 -47.68596456373651 24.21818181818182
v 12.583830589407622 -46.96349511350875 24.21818181818182
v 15.628447182171312 -46.039920767237994 24.21818181818182
v 18.606140364778042 -44.91919641206472 24.21818181818182
v 21.5041591978762 -43.60612116173447 24.21818181818182
v 24.310093919910432 -42.10631780605619 24.21818181818182
v 27.011929087626125 -40.42620873325284 24.21818181818182
v 29.598095028041772 -38.57298842830925 24.21818181818182
v 32.05751738156516 -36.5545926650827 24.21818181818182
v 34.37966452410109 -34.3796645241011 24.21818181818182
v 36.554592665082666 -32.05751738156521 24.21818181818182
v 38.572988428309216 -29.59809502804183 24.21818181818182
v 40.42620873325281 -27.01192908762618 24.21818181818182
v 42.10631780605616 -24.310093919910486 24.21818181818182
v 43.60612116173445 -21.504159197876255 24.21818181818182
v 44.9191964120647 -18.606140364778103 24.21818181818182
v 46.03992076723799 -15.628447182171332 24.21818181818182
v 46.96349511350873 -12.583830589407684 24.21818181818182
v 47.6859645637365 -9.48532810215533 24.21818181818182
v 48.204235392819875 -6.346207983755529 24.21818181818182
v 48.516088285502356 -3.179912428481668 24.21818181818182
v 51.736320551250074 0.0 24.872727272727275
v 51.62554911759763 3.383717258905515 24.872727272727275
v 51.293709156925146 6.752944921030672 24.872727272727275
v 50.742221658889214 10.09325543627301 24.872727272727275
v 49.97344817762233 13.390345082192464 24.872727272727275
v 48.99068071919553 16.63009521474679 24.872727272727275
v 47.798127644743 19.79863272649291 24.872727272727275
v 46.400895649613624 22.88238945336279 24.872727272727275
v 44.8049678957175 25.868160275625034 24.872727272727275
v 43.017178390708104 28.743159664234838 24.872727272727275
v 41.04518272371233 31.49507643043223 24.872727272727275
v 38.89742528292252 34.112126444142426 24.872727272727275
v 36.58310309542987 36.58310309542987 24.872727272727275
v 34.112126444142426 38.89742528292251 24.872727272727275
v 31.49507643043224 41.04518272371232 24.872727272727275
v 28.74315966423485 43.0171783907081 24.872727272727275
v 25.868160275625044 44.804967895717496 24.872727272727275
v 22.882389453362805 46.40089564961362 24.872727272727275
v 19.798632726492915 47.798127644743 24.872727272727275
v 16.6300952147468 48.990680719195524 24.872727272727275
v 13.390345082192475 49.97344817762233 24.872727272727275
v 10.093255436273015 50.742221658889214 24.872727272727275
v 6.752944921030679 51.293709156925146 24.872727272727275
v 3.3837172589055258 51.62554911759763 24.872727272727275
v 3.1679359681374914e-15 51.736320551250074 24.872727272727275
v -3.3837172589055076 51.62554911759763 24.872727272727275
v -6.752944921030662 51.29370915692515 24.872727272727275
v -10.093255436272996 50.74222165888922 24.872727272727275
v -13.390345082192457 49.97344817762233 24.872727272727275
v -16.63009521474678 48.99068071919553 24.872727272727275
v -19.798632726492897 47.798127644743 24.872727272727275
v -22.882389453362787 46.400895649613624 24.872727272727275
v -25.868160275625026 44.8049678957175 24.872727272727275
v -28.743159664234824 43.01717839070811 24.872727272727275
v -31.49507643043222 41.04518272371234 24.872727272727275
v -34.112126444142405 38.89742528292253 24.872727272727275
v -36.58310309542986 36.58310309542987 24.872727272727275
v -38.89742528292251 34.112126444142426 24.872727272727275
v -41.045182723712315 31.49507643043225 24.872727272727275
v -43.01717839070809 28.743159664234852 24.872727272727275
v -44.80496789571749 25.868160275625055 24.872727272727275
v -46.40089564961361 22.882389453362816 24.872727272727275
v -47.798127644743 19.79863272649292 24.872727272727275
v -48.990680719195524 16.630095214746802 24.872727272727275
v -49.97344817762233 13.390345082192479 24.872727272727275
v -50.742221658889214 10.09325543627303 24.872727272727275
v -51.293709156925146 6.752944921030693 24.872727272727275
v -51.62554911759763 3.383717258905541 24.872727272727275
v -51.736320551250074 6.335871936274983e-15 24.872727272727275
v -51.62554911759763 -3.383717258905505 24.872727272727275
v -51.29370915692515 -6.752944921030659 24.872727272727275
v -50.74222165888922 -10.093255436272994 24.872727272727275
v -49.97344817762234 -13.390345082192443 24.872727272727275
v -48.99068071919554 -16.630095214746767 24.872727272727275
v -47.798127644743005 -19.798632726492883 24.872727272727275
v -46.400895649613624 -22.882389453362784 24.872727272727275
v -44.8049678957175 -25.868160275625023 24.872727272727275
v -43.01717839070811 -28.743159664234824 24.872727272727275
v -41.04518272371234 -31.49507643043222 24.872727272727275
v -38.89742528292253 -34.112126444142405 24.872727272727275
v -36.58310309542989 -36.58310309542985 24.872727272727275
v -34.11212644414243 -38.89742528292251 24.872727272727275
v -31.49507643043225 -41.04518272371231 24.872727272727275
v -28.743159664234877 -43.01717839070808 24.872727272727275
v -25.86816027562506 -44.80496789571749 24.872727272727275
v -22.882389453362798 -46.40089564961362 24.872727272727275
v -19.79863272649294 -47.79812764474298 24.872727272727275
v -16.630095214746806 -48.990680719195524 24.872727272727275
v -13.390345082192503 -49.97344817762232 24.872727272727275
v -10.093255436273033 -50.742221658889214 24.872727272727275
v -6.7529449210307195 -51.29370915692514 24.872727272727275
v -3.3837172589055435 -51.62554911759763 24.872727272727275
v -9.503807904412474e-15 -51.736320551250074 24.872727272727275
v 3.383717258905479 -51.625549117597636 24.872727272727275
v 6.752944921030656 -51.29370915692515 24.872727272727275
v 10.093255436272967 -50.74222165888923 24.872727272727275
v 13.390345082192441 -49.97344817762234 24.872727272727275
v 16.630095214746788 -48.99068071919553 24.872727272727275
v 19.79863272649288 -47.798127644743005 24.872727272727275
v 22.88238945336278 -46.400895649613624 24.872727272727275
v 25.868160275625 -44.80496789571752 24.872727272727275
v 28.74315966423482 -43.01717839070811 24.872727272727275
v 31.495076430432196 -41.04518272371235 24.872727272727275
v 34.1121264441424 -38.89742528292253 24.872727272727275
v 36.583103095429856 -36.58310309542988 24.872727272727275
v 38.89742528292249 -34.112126444142454 24.872727272727275
v 41.04518272371231 -31.495076430432256 24.872727272727275
v 43.017178390708075 -28.743159664234877 24.872727272727275
v 44.80496789571748 -25.86816027562506 24.872727272727275
v 46.400895649613595 -22.88238945336284 24.872727272727275
v 47.79812764474298 -19.798632726492944 24.872727272727275
v 48.990680719195524 -16.63009521474681 24.872727272727275
v 49.97344817762232 -13.390345082192507 24.872727272727275
v 50.742221658889214 -10.093255436273035 24.872727272727275
v 51.29370915692514 -6.752944921030723 24.872727272727275
v 51.62554911759763 -3.3837172589055466 24.872727272727275
v 48.736320551250074 0.0 24.872727272727275
v 48.63197234788182 3.187507871215086 24.872727272727275
v 48.31937457280372 6.361366344370517 24.872727272727275
v 47.799865817679525 9.507984470224626 24.872727272727275
v 47.07567069875513 12.613887946884901 24.872727272727275
v 46.149890330710214 15.665776818837307 24.872727272727275
v 45.02648904720913 18.650582429397645 24.872727272727275
v 43.710277425015555 21.55552338270579 24.872727272727275
v 42.20689168436419 24.368160275625034 24.872727272727275
v 40.522769553800465 27.07644896517603 24.872727272727275
v 38.66512270283862 29.66879214340607 24.872727272727275
v 36.641905860485586 32.134088998842216 24.872727272727275
v 34.461782751870224 34.461782751870224 24.872727272727275
v 32.13408899884222 36.64190586048558 24.872727272727275
v 29.668792143406076 38.665122702838616 24.872727272727275
v 27.07644896517604 40.52276955380046 24.872727272727275
v 24.368160275625044 42.20689168436418 24.872727272727275
v 21.5555233827058 43.71027742501555 24.872727272727275
v 18.650582429397645 45.02648904720913 24.872727272727275
v 15.665776818837315 46.14989033071021 24.872727272727275
v 12.613887946884912 47.075670698755125 24.872727272727275
v 9.50798447022463 47.799865817679525 24.872727272727275
v 6.3613663443705235 48.31937457280372 24.872727272727275
v 3.1875078712150957 48.63197234788182 24.872727272727275
v 2.9842389482653887e-15 48.736320551250074 24.872727272727275
v -3.187507871215079 48.63197234788182 24.872727272727275
v -6.3613663443705075 48.319374572803724 24.872727272727275
v -9.507984470224612 47.79986581767953 24.872727272727275
v -12.613887946884896 47.07567069875513 24.872727272727275
v -15.665776818837298 46.149890330710214 24.872727272727275
v -18.65058242939763 45.02648904720914 24.872727272727275
v -21.555523382705783 43.710277425015555 24.872727272727275
v -24.368160275625026 42.20689168436419 24.872727272727275
v -27.07644896517602 40.52276955380047 24.872727272727275
v -29.66879214340606 38.66512270283863 24.872727272727275
v -32.1340889988422 36.6419058604856 24.872727272727275
v -34.461782751870224 34.461782751870224 24.872727272727275
v -36.64190586048558 32.13408899884222 24.872727272727275
v -38.665122702838616 29.668792143406087 24.872727272727275
v -40.52276955380046 27.076448965176045 24.872727272727275
v -42.20689168436417 24.368160275625055 24.872727272727275
v -43.71027742501555 21.55552338270581 24.872727272727275
v -45.02648904720913 18.650582429397648 24.872727272727275
v -46.14989033071021 15.665776818837317 24.872727272727275
v -47.075670698755125 12.613887946884915 24.872727272727275
v -47.799865817679525 9.507984470224644 24.872727272727275
v -48.31937457280372 6.361366344370538 24.872727272727275
v -48.63197234788182 3.18750787121511 24.872727272727275
v -48.736320551250074 5.968477896530777e-15 24.872727272727275
v -48.63197234788182 -3.187507871215076 24.872727272727275
v -48.319374572803724 -6.361366344370505 24.872727272727275
v -47.79986581767953 -9.50798447022461 24.872727272727275
v -47.07567069875513 -12.613887946884882 24.872727272727275
v -46.14989033071022 -15.665776818837285 24.872727272727275
v -45.02648904720915 -18.650582429397616 24.872727272727275
v -43.710277425015555 -21.55552338270578 24.872727272727275
v -42.20689168436419 -24.368160275625023 24.872727272727275
v -40.52276955380048 -27.07644896517602 24.872727272727275
v -38.66512270283863 -29.66879214340606 24.872727272727275
v -36.6419058604856 -32.1340889988422 24.872727272727275
v -34.461782751870246 -34.4617827518702 24.872727272727275
v -32.13408899884223 -36.64190586048558 24.872727272727275
v -29.668792143406087 -38.66512270283861 24.872727272727275
v -27.076448965176066 -40.522769553800444 24.872727272727275
v -24.36816027562506 -42.20689168436417 24.872727272727275
v -21.555523382705793 -43.71027742501555 24.872727272727275
v -18.65058242939767 -45.026489047209125 24.872727272727275
v -15.66577681883732 -46.14989033071021 24.872727272727275
v -12.613887946884939 -47.07567069875512 24.872727272727275
v -9.507984470224645 -47.79986581767952 24.872727272727275
v -6.361366344370562 -48.31937457280371 24.872727272727275
v -3.1875078712151126 -48.63197234788182 24.872727272727275
v -8.952716844796164e-15 -48.736320551250074 24.872727272727275
v 3.1875078712150517 -48.63197234788183 24.872727272727275
v 6.361366344370502 -48.319374572803724 24.872727272727275
v 9.507984470224585 -47.79986581767954 24.872727272727275
v 12.61388794688488 -47.07567069875513 24.872727272727275
v 15.665776818837303 -46.149890330710214 24.872727272727275
v 18.650582429397613 -45.02648904720915 24.872727272727275
v 21.555523382705776 -43.710277425015555 24.872727272727275
v 24.368160275625005 -42.2068916843642 24.872727272727275
v 27.076448965176013 -40.52276955380048 24.872727272727275
v 29.668792143406037 -38.665122702838644 24.872727272727275
v 32.134088998842195 -36.6419058604856 24.872727272727275
v 34.46178275187022 -34.46178275187023 24.872727272727275
v 36.641905860485565 -32.134088998842245 24.872727272727275
v 38.66512270283861 -29.66879214340609 24.872727272727275
v 40.52276955380044 -27.076448965176066 24.872727272727275
v 42.206891684364166 -24.36816027562506 24.872727272727275
v 43.710277425015526 -21.555523382705832 24.872727272727275
v 45.026489047209125 -18.650582429397673 24.872727272727275
v 46.14989033071021 -15.665776818837323 24.872727272727275
v 47.07567069875512 -12.613887946884942 24.872727272727275
v 47.79986581767952 -9.507984470224649 24.872727272727275
v 48.31937457280371 -6.361366344370566 24.872727272727275
v 48.63197234788182 -3.1875078712151157 24.872727272727275
v 51.838641942952364 0.0 25.527272727272727
v 51.727651431345954 3.390409398110028 25.527272727272727
v 51.395155174937 6.766300542672228 25.527272727272727
v 50.842576973741195 10.113217349529348 25.527272727272727
v 50.072283052449414 13.416827807086412 25.527272727272727
v 49.0875719278903 16.66298534818465 25.527272727272727
v 47.89266028427481 19.83778942787392 25.527272727272727
v 46.49266491670709 22.927645047680183 25.527272727272727
v 44.89358082028226 25.91932097147618 25.527272727272727
v 43.10225551859706 28.800006383665767 25.527272727272727
v 41.12635974160259 31.55736574706308 25.527272727272727
v 38.974354578360945 34.17959162555654 25.527272727272727
v 36.65545524536301 36.65545524536301 25.527272727272727
v 34.17959162555655 38.974354578360945 25.527272727272727
v 31.557365747063084 41.126359741602585 25.527272727272727
v 28.800006383665778 43.102255518597055 25.527272727272727
v 25.91932097147619 44.89358082028225 25.527272727272727
v 22.927645047680194 46.492664916707085 25.527272727272727
v 19.837789427873922 47.89266028427481 25.527272727272727
v 16.66298534818466 49.087571927890295 25.527272727272727
v 13.416827807086422 50.07228305244941 25.527272727272727
v 10.113217349529354 50.842576973741195 25.527272727272727
v 6.766300542672235 51.395155174937 25.527272727272727
v 3.3904093981100387 51.727651431345954 25.527272727272727
v 3.1742013463791173e-15 51.838641942952364 25.527272727272727
v -3.3904093981100205 51.727651431345954 25.527272727272727
v -6.766300542672218 51.395155174937 25.527272727272727
v -10.113217349529334 50.8425769737412 25.527272727272727
v -13.416827807086406 50.072283052449414 25.527272727272727
v -16.66298534818464 49.0875719278903 25.527272727272727
v -19.837789427873904 47.89266028427482 25.527272727272727
v -22.927645047680176 46.49266491670709 25.527272727272727
v -25.91932097147617 44.89358082028226 25.527272727272727
v -28.800006383665757 43.10225551859707 25.527272727272727
v -31.557365747063066 41.12635974160259 25.527272727272727
v -34.179591625556526 38.974354578360966 25.527272727272727
v -36.655455245363 36.65545524536301 25.527272727272727
v -38.974354578360945 34.17959162555655 25.527272727272727
v -41.12635974160258 31.557365747063095 25.527272727272727
v -43.10225551859705 28.800006383665785 25.527272727272727
v -44.89358082028225 25.9193209714762 25.527272727272727
v -46.492664916707085 22.927645047680205 25.527272727272727
v -47.89266028427481 19.837789427873922 25.527272727272727
v -49.087571927890295 16.662985348184662 25.527272727272727
v -50.07228305244941 13.416827807086426 25.527272727272727
v -50.842576973741195 10.113217349529368 25.527272727272727
v -51.395155174937 6.76630054267225 25.527272727272727
v -51.727651431345954 3.390409398110054 25.527272727272727
v -51.838641942952364 6.348402692758235e-15 25.527272727272727
v -51.727651431345954 -3.390409398110018 25.527272727272727
v -51.395155174937 -6.766300542672215 25.527272727272727
v -50.8425769737412 -10.113217349529332 25.527272727272727
v -50.07228305244942 -13.416827807086392 25.527272727272727
v -49.0875719278903 -16.662985348184627 25.527272727272727
v -47.892660284274825 -19.83778942787389 25.527272727272727
v -46.49266491670709 -22.927645047680173 25.527272727272727
v -44.89358082028227 -25.919320971476168 25.527272727272727
v -43.102255518597076 -28.800006383665757 25.527272727272727
v -41.12635974160259 -31.557365747063066 25.527272727272727
v -38.974354578360966 -34.179591625556526 25.527272727272727
v -36.65545524536302 -36.65545524536298 25.527272727272727
v -34.179591625556554 -38.974354578360945 25.527272727272727
v -31.557365747063095 -41.12635974160257 25.527272727272727
v -28.800006383665806 -43.10225551859704 25.527272727272727
v -25.919320971476203 -44.89358082028225 25.527272727272727
v -22.92764504768019 -46.492664916707085 25.527272727272727
v -19.837789427873947 -47.8926602842748 25.527272727272727
v -16.662985348184666 -49.087571927890295 25.527272727272727
v -13.416827807086452 -50.07228305244941 25.527272727272727
v -10.11321734952937 -50.84257697374119 25.527272727272727
v -6.766300542672275 -51.395155174936995 25.527272727272727
v -3.3904093981100565 -51.727651431345954 25.527272727272727
v -9.52260403913735e-15 -51.838641942952364 25.527272727272727
v 3.390409398109992 -51.72765143134596 25.527272727272727
v 6.766300542672212 -51.395155174937 25.527272727272727
v 10.113217349529306 -50.84257697374121 25.527272727272727
v 13.416827807086388 -50.07228305244942 25.527272727272727
v 16.662985348184648 -49.0875719278903 25.527272727272727
v 19.837789427873886 -47.892660284274825 25.527272727272727
v 22.927645047680173 -46.49266491670709 25.527272727272727
v 25.919320971476147 -44.89358082028228 25.527272727272727
v 28.80000638366575 -43.102255518597076 25.527272727272727
v 31.557365747063045 -41.12635974160261 25.527272727272727
v 34.17959162555652 -38.974354578360966 25.527272727272727
v 36.655455245362994 -36.65545524536301 25.527272727272727
v 38.97435457836092 -34.17959162555657 25.527272727272727
v 41.12635974160257 -31.557365747063102 25.527272727272727
v 43.10225551859703 -28.800006383665806 25.527272727272727
v 44.893580820282246 -25.919320971476203 25.527272727272727
v 46.492664916707064 -22.927645047680233 25.527272727272727
v 47.8926602842748 -19.83778942787395 25.527272727272727
v 49.087571927890295 -16.66298534818467 25.527272727272727
v 50.07228305244941 -13.416827807086454 25.527272727272727
v 50.84257697374119 -10.113217349529373 25.527272727272727
v 51.395155174936995 -6.76630054267228 25.527272727272727
v 51.727651431345954 -3.3904093981100596 25.527272727272727
v 48.838641942952364 0.0 25.527272727272727
v 48.734074661630146 3.194200010419599 25.527272727272727
v 48.420820590815566 6.374721966012073 25.527272727272727
v 47.900221132531506 9.527946383480964 25.527272727272727
v 47.17450557358221 12.640370671778848 25.527272727272727
v 46.246781539404985 15.698666952275167 25.527272727272727
v 45.12102168674095 18.689739130778648 25.527272727272727
v 43.80204669210903 21.60077897702318 25.527272727272727
v 42.295504608928944 24.41932097147618 25.527272727272727
v 40.60784668168942 27.13329568460696 25.527272727272727
v 38.746299720728885 29.73108146003692 25.527272727272727
v 36.71883515592402 32.20155418025634 25.527272727272727
v 34.53413490180336 34.53413490180336 25.527272727272727
v 32.201554180256345 36.71883515592401 25.527272727272727
v 29.731081460036922 38.74629972072888 25.527272727272727
v 27.13329568460697 40.60784668168942 25.527272727272727
v 24.41932097147619 42.29550460892894 25.527272727272727
v 21.60077897702319 43.80204669210902 25.527272727272727
v 18.68973913077865 45.12102168674095 25.527272727272727
v 15.698666952275174 46.24678153940498 25.527272727272727
v 12.640370671778859 47.1745055735822 25.527272727272727
v 9.527946383480968 47.900221132531506 25.527272727272727
v 6.37472196601208 48.420820590815566 25.527272727272727
v 3.1942000104196087 48.734074661630146 25.527272727272727
v 2.9905043265070142e-15 48.838641942952364 25.527272727272727
v -3.194200010419592 48.734074661630146 25.527272727272727
v -6.374721966012064 48.42082059081557 25.527272727272727
v -9.52794638348095 47.90022113253151 25.527272727272727
v -12.640370671778843 47.17450557358221 25.527272727272727
v -15.698666952275158 46.246781539404985 25.527272727272727
v -18.689739130778634 45.12102168674095 25.527272727272727
v -21.600778977023175 43.80204669210903 25.527272727272727
v -24.41932097147617 42.295504608928944 25.527272727272727
v -27.13329568460695 40.60784668168943 25.527272727272727
v -29.731081460036908 38.746299720728885 25.527272727272727
v -32.20155418025632 36.71883515592403 25.527272727272727
v -34.534134901803355 34.53413490180336 25.527272727272727
v -36.71883515592401 32.201554180256345 25.527272727272727
v -38.74629972072887 29.731081460036933 25.527272727272727
v -40.607846681689416 27.133295684606978 25.527272727272727
v -42.29550460892894 24.4193209714762 25.527272727272727
v -43.802046692109016 21.6007789770232 25.527272727272727
v -45.12102168674095 18.689739130778655 25.527272727272727
v -46.24678153940498 15.698666952275177 25.527272727272727
v -47.1745055735822 12.640370671778863 25.527272727272727
v -47.900221132531506 9.527946383480982 25.527272727272727
v -48.420820590815566 6.3747219660120935 25.527272727272727
v -48.734074661630146 3.1942000104196233 25.527272727272727
v -48.838641942952364 5.9810086530140285e-15 25.527272727272727
v -48.734074661630146 -3.194200010419589 25.527272727272727
v -48.42082059081557 -6.3747219660120615 25.527272727272727
v -47.90022113253151 -9.527946383480948 25.527272727272727
v -47.174505573582216 -12.64037067177883 25.527272727272727
v -46.246781539404985 -15.698666952275143 25.527272727272727
v -45.12102168674096 -18.68973913077862 25.527272727272727
v -43.80204669210903 -21.60077897702317 25.527272727272727
v -42.29550460892895 -24.419320971476168 25.527272727272727
v -40.60784668168944 -27.13329568460695 25.527272727272727
v -38.746299720728885 -29.731081460036908 25.527272727272727
v -36.71883515592403 -32.20155418025632 25.527272727272727
v -34.53413490180338 -34.53413490180334 25.527272727272727
v -32.201554180256345 -36.71883515592401 25.527272727272727
v -29.731081460036933 -38.746299720728864 25.527272727272727
v -27.133295684607 -40.6078466816894 25.527272727272727
v -24.419320971476203 -42.29550460892894 25.527272727272727
v -21.600778977023186 -43.80204669210902 25.527272727272727
v -18.689739130778676 -45.12102168674094 25.527272727272727
v -15.698666952275179 -46.24678153940498 25.527272727272727
v -12.640370671778888 -47.1745055735822 25.527272727272727
v -9.527946383480984 -47.9002211325315 25.527272727272727
v -6.374721966012118 -48.42082059081556 25.527272727272727
v -3.194200010419626 -48.734074661630146 25.527272727272727
v -8.971512979521042e-15 -48.838641942952364 25.527272727272727
v 3.1942000104195647 -48.734074661630146 25.527272727272727
v 6.374721966012058 -48.42082059081557 25.527272727272727
v 9.527946383480923 -47.90022113253151 25.527272727272727
v 12.640370671778827 -47.174505573582216 25.527272727272727
v 15.698666952275163 -46.246781539404985 25.527272727272727
v 18.68973913077862 -45.12102168674096 25.527272727272727
v 21.600778977023168 -43.80204669210903 25.527272727272727
v 24.41932097147615 -42.29550460892896 25.527272727272727
v 27.133295684606946 -40.60784668168944 25.527272727272727
v 29.731081460036886 -38.746299720728906 25.527272727272727
v 32.201554180256316 -36.71883515592403 25.527272727272727
v 34.53413490180335 -34.53413490180337 25.527272727272727
v 36.71883515592399 -32.201554180256366 25.527272727272727
v 38.746299720728864 -29.73108146003694 25.527272727272727
v 40.6078466816894 -27.133295684607 25.527272727272727
v 42.29550460892893 -24.419320971476203 25.527272727272727
v 43.802046692109 -21.600778977023225 25.527272727272727
v 45.12102168674094 -18.689739130778676 25.527272727272727
v 46.24678153940498 -15.698666952275182 25.527272727272727
v 47.1745055735822 -12.64037067177889 25.527272727272727
v 47.9002211325315 -9.527946383480987 25.527272727272727
v 48.42082059081556 -6.374721966012122 25.527272727272727
v 48.734074661630146 -3.1942000104196286 25.527272727272727
v 51.92846776095433 0.0 26.181818181818183
v 51.81728492537642 3.3962842876930135 26.181818181818183
v 51.484212520613745 6.778025164659075 26.181818181818183
v 50.9306768138377 10.130741497288714 26.181818181818183
v 50.159048129925054 13.440076439527232 26.181818181818183
v 49.1726307013629 16.69185891109362 26.181818181818183
v 47.97564851901791 19.87216428022191 26.181818181818183
v 46.57322724435893 22.967373991072122 26.181818181818183
v 44.97137226058768 25.96423388047716 26.181818181818183
v 43.17694295666591 28.849910934304294 26.181818181818183
v 41.19762335435884 31.612048240391832 26.181818181818183
v 39.04188920407419 34.238817902744074 26.181818181818183
v 36.71897169039782 36.71897169039782 26.181818181818183
v 34.23881790274408 39.04188920407418 26.181818181818183
v 31.612048240391836 41.19762335435883 26.181818181818183
v 28.849910934304305 43.176942956665904 26.181818181818183
v 25.96423388047717 44.97137226058767 26.181818181818183
v 22.967373991072133 46.573227244358925 26.181818181818183
v 19.872164280221913 47.97564851901791 26.181818181818183
v 16.69185891109363 49.1726307013629 26.181818181818183
v 13.440076439527244 50.15904812992505 26.181818181818183
v 10.130741497288717 50.9306768138377 26.181818181818183
v 6.778025164659082 51.484212520613745 26.181818181818183
v 3.396284287693024 51.81728492537642 26.181818181818183
v 3.179701591403962e-15 51.92846776095433 26.181818181818183
v -3.3962842876930064 51.81728492537642 26.181818181818183
v -6.7780251646590655 51.48421252061375 26.181818181818183
v -10.1307414972887 50.93067681383771 26.181818181818183
v -13.440076439527227 50.159048129925054 26.181818181818183
v -16.69185891109361 49.1726307013629 26.181818181818183
v -19.872164280221895 47.975648519017916 26.181818181818183
v -22.967373991072115 46.57322724435893 26.181818181818183
v -25.964233880477153 44.97137226058768 26.181818181818183
v -28.849910934304283 43.17694295666592 26.181818181818183
v -31.612048240391818 41.197623354358846 26.181818181818183
v -34.23881790274406 39.0418892040742 26.181818181818183
v -36.718971690397815 36.71897169039782 26.181818181818183
v -39.04188920407418 34.23881790274408 26.181818181818183
v -41.197623354358825 31.612048240391847 26.181818181818183
v -43.176942956665904 28.84991093430431 26.181818181818183
v -44.971372260587664 25.96423388047718 26.181818181818183
v -46.57322724435892 22.967373991072144 26.181818181818183
v -47.97564851901791 19.872164280221916 26.181818181818183
v -49.1726307013629 16.691858911093632 26.181818181818183
v -50.15904812992505 13.440076439527246 26.181818181818183
v -50.9306768138377 10.130741497288733 26.181818181818183
v -51.484212520613745 6.778025164659097 26.181818181818183
v -51.81728492537642 3.3962842876930397 26.181818181818183
v -51.92846776095433 6.359403182807924e-15 26.181818181818183
v -51.81728492537642 -3.3962842876930033 26.181818181818183
v -51.48421252061375 -6.778025164659063 26.181818181818183
v -50.93067681383771 -10.130741497288696 26.181818181818183
v -50.15904812992506 -13.440076439527212 26.181818181818183
v -49.172630701362905 -16.691858911093597 26.181818181818183
v -47.975648519017916 -19.87216428022188 26.181818181818183
v -46.57322724435893 -22.96737399107211 26.181818181818183
v -44.971372260587685 -25.96423388047715 26.181818181818183
v -43.176942956665926 -28.849910934304283 26.181818181818183
v -41.197623354358846 -31.612048240391818 26.181818181818183
v -39.0418892040742 -34.23881790274406 26.181818181818183
v -36.71897169039784 -36.7189716903978 26.181818181818183
v -34.23881790274409 -39.04188920407418 26.181818181818183
v -31.612048240391847 -41.19762335435882 26.181818181818183
v -28.849910934304337 -43.17694295666589 26.181818181818183
v -25.964233880477185 -44.971372260587664 26.181818181818183
v -22.967373991072126 -46.573227244358925 26.181818181818183
v -19.872164280221938 -47.975648519017895 26.181818181818183
v -16.691858911093636 -49.1726307013629 26.181818181818183
v -13.440076439527273 -50.15904812992504 26.181818181818183
v -10.130741497288735 -50.93067681383769 26.181818181818183
v -6.778025164659123 -51.48421252061374 26.181818181818183
v -3.3962842876930424 -51.81728492537642 26.181818181818183
v -9.539104774211886e-15 -51.92846776095433 26.181818181818183
v 3.3962842876929775 -51.81728492537643 26.181818181818183
v 6.77802516465906 -51.48421252061375 26.181818181818183
v 10.130741497288671 -50.930676813837714 26.181818181818183
v 13.440076439527209 -50.15904812992506 26.181818181818183
v 16.691858911093618 -49.1726307013629 26.181818181818183
v 19.872164280221877 -47.975648519017916 26.181818181818183
v 22.967373991072108 -46.57322724435893 26.181818181818183
v 25.964233880477128 -44.97137226058769 26.181818181818183
v 28.849910934304276 -43.176942956665926 26.181818181818183
v 31.612048240391797 -41.19762335435886 26.181818181818183
v 34.23881790274405 -39.0418892040742 26.181818181818183
v 36.71897169039781 -36.71897169039783 26.181818181818183
v 39.04188920407416 -34.23881790274411 26.181818181818183
v 41.19762335435882 -31.612048240391854 26.181818181818183
v 43.17694295666588 -28.849910934304337 26.181818181818183
v 44.971372260587664 -25.964233880477185 26.181818181818183
v 46.573227244358904 -22.967373991072172 26.181818181818183
v 47.975648519017895 -19.87216428022194 26.181818181818183
v 49.1726307013629 -16.691858911093636 26.181818181818183
v 50.15904812992504 -13.440076439527274 26.181818181818183
v 50.93067681383769 -10.130741497288739 26.181818181818183
v 51.48421252061374 -6.778025164659128 26.181818181818183
v 51.81728492537642 -3.3962842876930455 26.181818181818183
v 48.92846776095433 0.0 26.181818181818183
v 48.82370815566061 3.2000749000025843 26.181818181818183
v 48.509877936492316 6.386446587998921 26.181818181818183
v 47.98832097262801 9.54547053124033 26.181818181818183
v 47.26127065105785 12.66361930421967 26.181818181818183
v 46.33184031287758 15.727540515184137 26.181818181818183
v 45.20400992148405 18.724113983126642 26.181818181818183
v 43.882609019760864 21.640507920415118 26.181818181818183
v 42.37329604923436 24.46423388047716 26.181818181818183
v 40.68253411975828 27.183200235245486 26.181818181818183
v 38.81756333348513 29.78576395336567 26.181818181818183
v 36.786369781637255 32.26078045744387 26.181818181818183
v 34.59765134683818 34.59765134683818 26.181818181818183
v 32.26078045744388 36.78636978163725 26.181818181818183
v 29.785763953365674 38.817563333485126 26.181818181818183
v 27.1832002352455 40.68253411975827 26.181818181818183
v 24.46423388047717 42.373296049234355 26.181818181818183
v 21.64050792041513 43.88260901976086 26.181818181818183
v 18.724113983126642 45.20400992148405 26.181818181818183
v 15.727540515184144 46.33184031287758 26.181818181818183
v 12.663619304219681 47.26127065105784 26.181818181818183
v 9.545470531240333 47.98832097262801 26.181818181818183
v 6.386446587998928 48.509877936492316 26.181818181818183
v 3.2000749000025945 48.82370815566061 26.181818181818183
v 2.996004571531859e-15 48.92846776095433 26.181818181818183
v -3.2000749000025777 48.82370815566061 26.181818181818183
v -6.386446587998911 48.509877936492316 26.181818181818183
v -9.545470531240316 47.98832097262802 26.181818181818183
v -12.663619304219665 47.26127065105785 26.181818181818183
v -15.727540515184128 46.33184031287758 26.181818181818183
v -18.724113983126628 45.20400992148405 26.181818181818183
v -21.64050792041511 43.882609019760864 26.181818181818183
v -24.464233880477153 42.37329604923436 26.181818181818183
v -27.183200235245476 40.68253411975828 26.181818181818183
v -29.78576395336566 38.81756333348514 26.181818181818183
v -32.26078045744386 36.78636978163727 26.181818181818183
v -34.59765134683817 34.59765134683818 26.181818181818183
v -36.78636978163725 32.26078045744388 26.181818181818183
v -38.81756333348512 29.785763953365684 26.181818181818183
v -40.682534119758266 27.183200235245504 26.181818181818183
v -42.37329604923435 24.46423388047718 26.181818181818183
v -43.88260901976086 21.64050792041514 26.181818181818183
v -45.20400992148405 18.724113983126646 26.181818181818183
v -46.33184031287758 15.727540515184147 26.181818181818183
v -47.26127065105784 12.663619304219683 26.181818181818183
v -47.98832097262801 9.545470531240348 26.181818181818183
v -48.509877936492316 6.386446587998941 26.181818181818183
v -48.82370815566061 3.2000749000026087 26.181818181818183
v -48.92846776095433 5.992009143063718e-15 26.181818181818183
v -48.82370815566061 -3.200074900002575 26.181818181818183
v -48.509877936492316 -6.3864465879989085 26.181818181818183
v -47.98832097262802 -9.545470531240312 26.181818181818183
v -47.261270651057856 -12.663619304219651 26.181818181818183
v -46.33184031287759 -15.727540515184113 26.181818181818183
v -45.20400992148406 -18.724113983126614 26.181818181818183
v -43.882609019760864 -21.64050792041511 26.181818181818183
v -42.37329604923437 -24.46423388047715 26.181818181818183
v -40.68253411975829 -27.183200235245476 26.181818181818183
v -38.81756333348514 -29.78576395336566 26.181818181818183
v -36.78636978163727 -32.26078045744386 26.181818181818183
v -34.5976513468382 -34.597651346838155 26.181818181818183
v -32.26078045744388 -36.78636978163725 26.181818181818183
v -29.785763953365684 -38.81756333348512 26.181818181818183
v -27.183200235245526 -40.68253411975826 26.181818181818183
v -24.464233880477185 -42.37329604923435 26.181818181818183
v -21.64050792041512 -43.88260901976086 26.181818181818183
v -18.724113983126667 -45.20400992148404 26.181818181818183
v -15.727540515184149 -46.33184031287758 26.181818181818183
v -12.663619304219708 -47.261270651057835 26.181818181818183
v -9.54547053124035 -47.988320972628 26.181818181818183
v -6.386446587998965 -48.50987793649231 26.181818181818183
v -3.2000749000026114 -48.82370815566061 26.181818181818183
v -8.988013714595576e-15 -48.92846776095433 26.181818181818183
v 3.2000749000025506 -48.82370815566061 26.181818181818183
v 6.386446587998906 -48.509877936492316 26.181818181818183
v 9.545470531240289 -47.98832097262802 26.181818181818183
v 12.663619304219647 -47.261270651057856 26.181818181818183
v 15.727540515184133 -46.33184031287758 26.181818181818183
v 18.72411398312661 -45.20400992148406 26.181818181818183
v 21.640507920415107 -43.882609019760864 26.181818181818183
v 24.46423388047713 -42.373296049234376 26.181818181818183
v 27.183200235245472 -40.68253411975829 26.181818181818183
v 29.785763953365638 -38.817563333485154 26.181818181818183
v 32.26078045744385 -36.78636978163727 26.181818181818183
v 34.59765134683817 -34.597651346838184 26.181818181818183
v 36.786369781637234 -32.2607804574439 26.181818181818183
v 38.81756333348512 -29.78576395336569 26.181818181818183
v 40.68253411975825 -27.183200235245526 26.181818181818183
v 42.37329604923435 -24.464233880477185 26.181818181818183
v 43.882609019760835 -21.640507920415164 26.181818181818183
v 45.20400992148404 -18.72411398312667 26.181818181818183
v 46.33184031287758 -15.727540515184153 26.181818181818183
v 47.261270651057835 -12.663619304219711 26.181818181818183
v 47.988320972628 -9.545470531240353 26.181818181818183
v 48.50987793649231 -6.38644658799897 26.181818181818183
v 48.82370815566061 -3.200074900002614 26.181818181818183
v 52.007218793017834 0.0 26.836363636363636
v 51.89586734543524 3.40143485162007 26.836363636363636
v 51.562289826680995 6.788304237007725 26.836363636363636
v 51.00791466690215 10.146105061493087 26.836363636363636
v 50.235115785642115 13.460458706446747 26.836363636363636
v 49.24720242635267 16.717172600732187 26.836363636363636
v 48.048404985705524 19.902300995474267 26.836363636363636
v 46.64385689838426 23.002204681896885 26.836363636363636
v 45.03957265492892 26.003609396508914 26.836363636363636
v 43.24242204676418 28.89366266353835 26.836363636363636
v 41.2601007486978 31.659988831206725 26.836363636363636
v 39.101097364859584 34.29074206616996 26.836363636363636
v 36.774657079195364 36.774657079195364 26.836363636363636
v 34.29074206616997 39.10109736485958 26.836363636363636
v 31.65998883120673 41.2601007486978 26.836363636363636
v 28.893662663538365 43.242422046764176 26.836363636363636
v 26.003609396508924 45.03957265492891 26.836363636363636
v 23.002204681896895 46.64385689838425 26.836363636363636
v 19.90230099547427 48.048404985705524 26.836363636363636
v 16.717172600732194 49.247202426352665 26.836363636363636
v 13.460458706446758 50.23511578564211 26.836363636363636
v 10.14610506149309 51.00791466690215 26.836363636363636
v 6.788304237007732 51.562289826680995 26.836363636363636
v 3.401434851620081 51.89586734543524 26.836363636363636
v 3.1845237013712683e-15 52.007218793017834 26.836363636363636
v -3.401434851620063 51.89586734543524 26.836363636363636
v -6.788304237007714 51.562289826680995 26.836363636363636
v -10.146105061493072 51.00791466690216 26.836363636363636
v -13.460458706446742 50.235115785642115 26.836363636363636
v -16.717172600732177 49.24720242635267 26.836363636363636
v -19.902300995474253 48.04840498570553 26.836363636363636
v -23.002204681896878 46.64385689838426 26.836363636363636
v -26.003609396508907 45.03957265492892 26.836363636363636
v -28.89366266353834 43.24242204676419 26.836363636363636
v -31.65998883120671 41.26010074869781 26.836363636363636
v -34.29074206616995 39.1010973648596 26.836363636363636
v -36.77465707919536 36.774657079195364 26.836363636363636
v -39.10109736485958 34.29074206616997 26.836363636363636
v -41.260100748697795 31.65998883120674 26.836363636363636
v -43.24242204676417 28.893662663538368 26.836363636363636
v -45.03957265492891 26.003609396508935 26.836363636363636
v -46.64385689838424 23.00220468189691 26.836363636363636
v -48.048404985705524 19.902300995474274 26.836363636363636
v -49.247202426352665 16.717172600732198 26.836363636363636
v -50.23511578564211 13.460458706446762 26.836363636363636
v -51.00791466690215 10.146105061493104 26.836363636363636
v -51.562289826680995 6.788304237007746 26.836363636363636
v -51.89586734543524 3.4014348516200963 26.836363636363636
v -52.007218793017834 6.3690474027425366e-15 26.836363636363636
v -51.89586734543524 -3.4014348516200603 26.836363636363636
v -51.562289826680995 -6.788304237007711 26.836363636363636
v -51.00791466690216 -10.146105061493069 26.836363636363636
v -50.23511578564212 -13.460458706446726 26.836363636363636
v -49.24720242635268 -16.717172600732162 26.836363636363636
v -48.04840498570553 -19.90230099547424 26.836363636363636
v -46.64385689838426 -23.002204681896878 26.836363636363636
v -45.039572654928925 -26.003609396508903 26.836363636363636
v -43.2424220467642 -28.89366266353834 26.836363636363636
v -41.26010074869781 -31.65998883120671 26.836363636363636
v -39.1010973648596 -34.29074206616995 26.836363636363636
v -36.774657079195386 -36.77465707919534 26.836363636363636
v -34.290742066169976 -39.10109736485958 26.836363636363636
v -31.65998883120674 -41.26010074869779 26.836363636363636
v -28.893662663538393 -43.24242204676416 26.836363636363636
v -26.003609396508942 -45.03957265492891 26.836363636363636
v -23.00220468189689 -46.64385689838425 26.836363636363636
v -19.902300995474295 -48.04840498570551 26.836363636363636
v -16.7171726007322 -49.247202426352665 26.836363636363636
v -13.460458706446788 -50.2351157856421 26.836363636363636
v -10.146105061493108 -51.007914666902145 26.836363636363636
v -6.788304237007772 -51.56228982668099 26.836363636363636
v -3.401434851620099 -51.89586734543524 26.836363636363636
v -9.553571104113804e-15 -52.007218793017834 26.836363636363636
v 3.401434851620034 -51.89586734543524 26.836363636363636
v 6.788304237007709 -51.562289826680995 26.836363636363636
v 10.146105061493042 -51.00791466690217 26.836363636363636
v 13.460458706446724 -50.23511578564212 26.836363636363636
v 16.717172600732184 -49.24720242635267 26.836363636363636
v 19.902300995474235 -48.04840498570553 26.836363636363636
v 23.002204681896874 -46.64385689838426 26.836363636363636
v 26.00360939650888 -45.03957265492894 26.836363636363636
v 28.893662663538336 -43.2424220467642 26.836363636363636
v 31.65998883120669 -41.26010074869783 26.836363636363636
v 34.29074206616994 -39.1010973648596 26.836363636363636
v 36.77465707919536 -36.77465707919537 26.836363636363636
v 39.10109736485956 -34.29074206616999 26.836363636363636
v 41.26010074869779 -31.659988831206746 26.836363636363636
v 43.242422046764155 -28.893662663538393 26.836363636363636
v 45.039572654928904 -26.003609396508942 26.836363636363636
v 46.64385689838423 -23.002204681896934 26.836363636363636
v 48.04840498570551 -19.9023009954743 26.836363636363636
v 49.247202426352665 -16.717172600732205 26.836363636363636
v 50.2351157856421 -13.46045870644679 26.836363636363636
v 51.007914666902145 -10.146105061493111 26.836363636363636
v 51.56228982668099 -6.788304237007776 26.836363636363636
v 51.89586734543524 -3.401434851620102 26.836363636363636
v 49.007218793017834 0.0 26.836363636363636
v 48.90229057571943 3.205225463929641 26.836363636363636
v 48.58795524255956 6.3967256603475695 26.836363636363636
v 48.06555882569246 9.5608340954447 26.836363636363636
v 47.33733830677491 12.684001571139184 26.836363636363636
v 46.406412037867355 15.752854204822702 26.836363636363636
v 45.276766388171666 18.754250698378996 26.836363636363636
v 43.953238673786196 21.67533861123988 26.836363636363636
v 42.4414964435756 24.503609396508914 26.836363636363636
v 40.748013209856545 27.226951964479547 26.836363636363636
v 38.880040727824095 29.833704544180563 26.836363636363636
v 36.84557794242265 32.31270462086976 26.836363636363636
v 34.653336735635726 34.653336735635726 26.836363636363636
v 32.31270462086976 36.84557794242264 26.836363636363636
v 29.833704544180566 38.880040727824095 26.836363636363636
v 27.226951964479557 40.748013209856545 26.836363636363636
v 24.503609396508924 42.441496443575595 26.836363636363636
v 21.67533861123989 43.95323867378619 26.836363636363636
v 18.754250698379 45.276766388171666 26.836363636363636
v 15.752854204822711 46.40641203786735 26.836363636363636
v 12.684001571139195 47.3373383067749 26.836363636363636
v 9.560834095444706 48.06555882569246 26.836363636363636
v 6.396725660347577 48.58795524255956 26.836363636363636
v 3.205225463929651 48.90229057571943 26.836363636363636
v 3.000826681499165e-15 49.007218793017834 26.836363636363636
v -3.2052254639296343 48.90229057571943 26.836363636363636
v -6.396725660347561 48.587955242559566 26.836363636363636
v -9.560834095444688 48.06555882569246 26.836363636363636
v -12.684001571139179 47.33733830677491 26.836363636363636
v -15.752854204822693 46.406412037867355 26.836363636363636
v -18.754250698378982 45.276766388171666 26.836363636363636
v -21.675338611239876 43.953238673786196 26.836363636363636
v -24.503609396508907 42.4414964435756 26.836363636363636
v -27.226951964479536 40.74801320985655 26.836363636363636
v -29.833704544180552 38.8800407278241 26.836363636363636
v -32.31270462086974 36.845577942422665 26.836363636363636
v -34.65333673563572 34.653336735635726 26.836363636363636
v -36.84557794242264 32.31270462086976 26.836363636363636
v -38.88004072782409 29.833704544180577 26.836363636363636
v -40.74801320985654 27.22695196447956 26.836363636363636
v -42.441496443575595 24.503609396508935 26.836363636363636
v -43.95323867378618 21.6753386112399 26.836363636363636
v -45.276766388171666 18.754250698379003 26.836363636363636
v -46.40641203786735 15.752854204822713 26.836363636363636
v -47.3373383067749 12.684001571139198 26.836363636363636
v -48.06555882569246 9.560834095444719 26.836363636363636
v -48.58795524255956 6.39672566034759 26.836363636363636
v -48.90229057571943 3.205225463929666 26.836363636363636
v -49.007218793017834 6.00165336299833e-15 26.836363636363636
v -48.90229057571943 -3.2052254639296316 26.836363636363636
v -48.587955242559566 -6.396725660347557 26.836363636363636
v -48.06555882569246 -9.560834095444685 26.836363636363636
v -47.33733830677492 -12.684001571139166 26.836363636363636
v -46.40641203786736 -15.75285420482268 26.836363636363636
v -45.27676638817167 -18.75425069837897 26.836363636363636
v -43.953238673786196 -21.675338611239873 26.836363636363636
v -42.44149644357561 -24.503609396508903 26.836363636363636
v -40.74801320985656 -27.226951964479536 26.836363636363636
v -38.8800407278241 -29.833704544180552 26.836363636363636
v -36.845577942422665 -32.31270462086974 26.836363636363636
v -34.65333673563574 -34.653336735635705 26.836363636363636
v -32.312704620869766 -36.84557794242264 26.836363636363636
v -29.833704544180577 -38.88004072782408 26.836363636363636
v -27.226951964479582 -40.74801320985652 26.836363636363636
v -24.50360939650894 -42.441496443575595 26.836363636363636
v -21.675338611239887 -43.95323867378619 26.836363636363636
v -18.754250698379025 -45.27676638817165 26.836363636363636
v -15.752854204822716 -46.40641203786735 26.836363636363636
v -12.684001571139223 -47.337338306774896 26.836363636363636
v -9.560834095444722 -48.065558825692456 26.836363636363636
v -6.396725660347615 -48.58795524255956 26.836363636363636
v -3.2052254639296685 -48.90229057571943 26.836363636363636
v -9.002480044497496e-15 -49.007218793017834 26.836363636363636
v 3.205225463929607 -48.902290575719434 26.836363636363636
v 6.396725660347554 -48.587955242559566 26.836363636363636
v 9.56083409544466 -48.06555882569247 26.836363636363636
v 12.684001571139163 -47.33733830677492 26.836363636363636
v 15.752854204822698 -46.406412037867355 26.836363636363636
v 18.754250698378968 -45.27676638817167 26.836363636363636
v 21.67533861123987 -43.953238673786196 26.836363636363636
v 24.503609396508885 -42.441496443575616 26.836363636363636
v 27.22695196447953 -40.74801320985656 26.836363636363636
v 29.83370454418053 -38.880040727824124 26.836363636363636
v 32.31270462086973 -36.845577942422665 26.836363636363636
v 34.65333673563571 -34.653336735635726 26.836363636363636
v 36.84557794242263 -32.31270462086978 26.836363636363636
v 38.88004072782408 -29.833704544180584 26.836363636363636
v 40.74801320985652 -27.226951964479582 26.836363636363636
v 42.44149644357559 -24.50360939650894 26.836363636363636
v 43.95323867378617 -21.675338611239926 26.836363636363636
v 45.27676638817165 -18.75425069837903 26.836363636363636
v 46.40641203786735 -15.752854204822718 26.836363636363636
v 47.337338306774896 -12.684001571139225 26.836363636363636
v 48.065558825692456 -9.560834095444724 26.836363636363636
v 48.58795524255956 -6.396725660347618 26.836363636363636
v 48.90229057571943 -3.205225463929671 26.836363636363636
v 52.07636482601261 0.0 27.490909090909092
v 51.964865331465624 3.4059572185517792 27.490909090909092
v 51.63084430577805 6.7973296054016545 27.490909090909092
v 51.0757320782617 10.159594783336175 27.490909090909092
v 50.3019057246972 13.478355016679082 27.490909090909092
v 49.31267888833049 16.73939886460586 27.490909090909092
v 48.11228759034375 19.928762036715135 27.490909090909092
v 46.70587209056239 23.03278719026398 27.490909090909092
v 45.09945487607331 26.0381824130063 27.490909090909092
v 43.2999148720106 28.93207814120164 27.490909090909092
v 41.3149579849421 31.702082269062906 27.490909090909092
v 39.153084104994306 34.336333213655834 27.490909090909092
v 36.82355070801812 36.82355070801812 27.490909090909092
v 34.33633321365584 39.1530841049943 27.490909090909092
v 31.702082269062913 41.31495798494209 27.490909090909092
v 28.93207814120165 43.2999148720106 27.490909090909092
v 26.03818241300631 45.0994548760733 27.490909090909092
v 23.032787190263996 46.70587209056238 27.490909090909092
v 19.92876203671514 48.11228759034375 27.490909090909092
v 16.73939886460587 49.31267888833048 27.490909090909092
v 13.478355016679092 50.30190572469719 27.490909090909092
v 10.159594783336178 51.0757320782617 27.490909090909092
v 6.797329605401662 51.63084430577805 27.490909090909092
v 3.40595721855179 51.964865331465624 27.490909090909092
v 3.1887576747703076e-15 52.07636482601261 27.490909090909092
v -3.405957218551772 51.964865331465624 27.490909090909092
v -6.797329605401644 51.63084430577805 27.490909090909092
v -10.159594783336159 51.07573207826171 27.490909090909092
v -13.478355016679076 50.3019057246972 27.490909090909092
v -16.739398864605853 49.31267888833049 27.490909090909092
v -19.92876203671512 48.11228759034375 27.490909090909092
v -23.032787190263978 46.70587209056239 27.490909090909092
v -26.038182413006293 45.09945487607331 27.490909090909092
v -28.93207814120163 43.29991487201061 27.490909090909092
v -31.702082269062895 41.314957984942104 27.490909090909092
v -34.33633321365582 39.15308410499433 27.490909090909092
v -36.82355070801811 36.82355070801812 27.490909090909092
v -39.1530841049943 34.33633321365584 27.490909090909092
v -41.31495798494208 31.702082269062924 27.490909090909092
v -43.299914872010596 28.932078141201657 27.490909090909092
v -45.099454876073295 26.03818241300632 27.490909090909092
v -46.70587209056238 23.032787190264006 27.490909090909092
v -48.11228759034375 19.928762036715142 27.490909090909092
v -49.31267888833048 16.739398864605874 27.490909090909092
v -50.30190572469719 13.478355016679096 27.490909090909092
v -51.0757320782617 10.159594783336193 27.490909090909092
v -51.63084430577805 6.797329605401676 27.490909090909092
v -51.964865331465624 3.405957218551805 27.490909090909092
v -52.07636482601261 6.377515349540615e-15 27.490909090909092
v -51.964865331465624 -3.405957218551769 27.490909090909092
v -51.63084430577805 -6.797329605401641 27.490909090909092
v -51.07573207826171 -10.159594783336157 27.490909090909092
v -50.30190572469721 -13.478355016679062 27.490909090909092
v -49.31267888833049 -16.73939886460584 27.490909090909092
v -48.112287590343755 -19.928762036715106 27.490909090909092
v -46.70587209056239 -23.032787190263974 27.490909090909092
v -45.09945487607332 -26.03818241300629 27.490909090909092
v -43.29991487201062 -28.93207814120163 27.490909090909092
v -41.314957984942104 -31.702082269062895 27.490909090909092
v -39.15308410499433 -34.33633321365582 27.490909090909092
v -36.82355070801814 -36.8235507080181 27.490909090909092
v -34.33633321365585 -39.1530841049943 27.490909090909092
v -31.702082269062924 -41.314957984942076 27.490909090909092
v -28.93207814120168 -43.29991487201058 27.490909090909092
v -26.03818241300633 -45.099454876073295 27.490909090909092
v -23.03278719026399 -46.70587209056238 27.490909090909092
v -19.928762036715167 -48.11228759034373 27.490909090909092
v -16.739398864605874 -49.31267888833048 27.490909090909092
v -13.478355016679123 -50.30190572469719 27.490909090909092
v -10.159594783336196 -51.075732078261694 27.490909090909092
v -6.797329605401702 -51.63084430577804 27.490909090909092
v -3.405957218551808 -51.964865331465624 27.490909090909092
v -9.566273024310922e-15 -52.07636482601261 27.490909090909092
v 3.405957218551743 -51.96486533146563 27.490909090909092
v 6.7973296054016386 -51.63084430577805 27.490909090909092
v 10.15959478333613 -51.075732078261716 27.490909090909092
v 13.478355016679059 -50.30190572469721 27.490909090909092
v 16.739398864605857 -49.31267888833049 27.490909090909092
v 19.928762036715103 -48.112287590343755 27.490909090909092
v 23.03278719026397 -46.70587209056239 27.490909090909092
v 26.03818241300627 -45.099454876073324 27.490909090909092
v 28.93207814120162 -43.29991487201062 27.490909090909092
v 31.70208226906287 -41.31495798494212 27.490909090909092
v 34.33633321365581 -39.15308410499433 27.490909090909092
v 36.82355070801811 -36.823550708018125 27.490909090909092
v 39.153084104994285 -34.33633321365587 27.490909090909092
v 41.314957984942076 -31.702082269062927 27.490909090909092
v 43.299914872010575 -28.93207814120168 27.490909090909092
v 45.099454876073295 -26.03818241300633 27.490909090909092
v 46.70587209056236 -23.03278719026403 27.490909090909092
v 48.11228759034373 -19.928762036715167 27.490909090909092
v 49.31267888833048 -16.739398864605878 27.490909090909092
v 50.30190572469719 -13.478355016679124 27.490909090909092
v 51.075732078261694 -10.159594783336198 27.490909090909092
v 51.63084430577804 -6.797329605401706 27.490909090909092
v 51.964865331465624 -3.4059572185518108 27.490909090909092
v 49.07636482601261 0.0 27.490909090909092
v 48.971288561749816 3.20974783086135 27.490909090909092
v 48.65650972165661 6.405751028741499 27.490909090909092
v 48.13337623705201 9.57432381728779 27.490909090909092
v 47.404128245829995 12.701897881371519 27.490909090909092
v 46.47188849984517 15.775080468696377 27.490909090909092
v 45.34064899280988 18.780711739619868 27.490909090909092
v 44.015253865964326 21.70592111960698 27.490909090909092
v 42.501378664719994 24.5381824130063 27.490909090909092
v 40.80550603510297 27.265367442142832 27.490909090909092
v 38.93489796406839 29.875797982036744 27.490909090909092
v 36.89756468255737 32.35829576835563 27.490909090909092
v 34.70223036445848 34.70223036445848 27.490909090909092
v 32.35829576835564 36.89756468255737 27.490909090909092
v 29.87579798203675 38.934897964068384 27.490909090909092
v 27.265367442142843 40.805506035102965 27.490909090909092
v 24.53818241300631 42.50137866471999 27.490909090909092
v 21.70592111960699 44.01525386596432 27.490909090909092
v 18.78071173961987 45.34064899280988 27.490909090909092
v 15.775080468696384 46.471888499845164 27.490909090909092
v 12.701897881371531 47.40412824582999 27.490909090909092
v 9.574323817287793 48.13337623705201 27.490909090909092
v 6.4057510287415065 48.65650972165661 27.490909090909092
v 3.2097478308613603 48.971288561749816 27.490909090909092
v 3.0050606548982044e-15 49.07636482601261 27.490909090909092
v -3.209747830861343 48.971288561749816 27.490909090909092
v -6.40575102874149 48.65650972165662 27.490909090909092
v -9.574323817287775 48.13337623705202 27.490909090909092
v -12.701897881371513 47.404128245829995 27.490909090909092
v -15.775080468696368 46.47188849984517 27.490909090909092
v -18.780711739619854 45.34064899280989 27.490909090909092
v -21.705921119606973 44.015253865964326 27.490909090909092
v -24.538182413006293 42.501378664719994 27.490909090909092
v -27.26536744214282 40.80550603510298 27.490909090909092
v -29.875797982036733 38.9348979640684 27.490909090909092
v -32.35829576835562 36.897564682557395 27.490909090909092
v -34.70223036445847 34.70223036445848 27.490909090909092
v -36.89756468255737 32.35829576835564 27.490909090909092
v -38.93489796406838 29.87579798203676 27.490909090909092
v -40.80550603510296 27.26536744214285 27.490909090909092
v -42.50137866471998 24.53818241300632 27.490909090909092
v -44.01525386596431 21.705921119607 27.490909090909092
v -45.34064899280988 18.78071173961987 27.490909090909092
v -46.471888499845164 15.775080468696387 27.490909090909092
v -47.40412824582999 12.701897881371533 27.490909090909092
v -48.13337623705201 9.574323817287807 27.490909090909092
v -48.65650972165661 6.40575102874152 27.490909090909092
v -48.971288561749816 3.2097478308613745 27.490909090909092
v -49.07636482601261 6.010121309796409e-15 27.490909090909092
v -48.971288561749816 -3.2097478308613403 27.490909090909092
v -48.65650972165662 -6.405751028741487 27.490909090909092
v -48.13337623705202 -9.574323817287773 27.490909090909092
v -47.40412824583 -12.7018978813715 27.490909090909092
v -46.47188849984517 -15.775080468696355 27.490909090909092
v -45.340648992809896 -18.78071173961984 27.490909090909092
v -44.015253865964326 -21.70592111960697 27.490909090909092
v -42.50137866472 -24.53818241300629 27.490909090909092
v -40.80550603510298 -27.26536744214282 27.490909090909092
v -38.9348979640684 -29.875797982036733 27.490909090909092
v -36.897564682557395 -32.35829576835562 27.490909090909092
v -34.702230364458494 -34.70223036445846 27.490909090909092
v -32.35829576835564 -36.89756468255737 27.490909090909092
v -29.87579798203676 -38.93489796406838 27.490909090909092
v -27.26536744214287 -40.80550603510295 27.490909090909092
v -24.538182413006325 -42.50137866471998 27.490909090909092
v -21.705921119606984 -44.01525386596432 27.490909090909092
v -18.780711739619893 -45.340648992809875 27.490909090909092
v -15.775080468696391 -46.471888499845164 27.490909090909092
v -12.701897881371558 -47.40412824582999 27.490909090909092
v -9.57432381728781 -48.133376237052005 27.490909090909092
v -6.405751028741545 -48.65650972165661 27.490909090909092
v -3.209747830861377 -48.971288561749816 27.490909090909092
v -9.015181964694613e-15 -49.07636482601261 27.490909090909092
v 3.209747830861316 -48.97128856174982 27.490909090909092
v 6.405751028741484 -48.65650972165662 27.490909090909092
v 9.574323817287748 -48.13337623705202 27.490909090909092
v 12.701897881371497 -47.40412824583 27.490909090909092
v 15.775080468696373 -46.47188849984517 27.490909090909092
v 18.780711739619836 -45.340648992809896 27.490909090909092
v 21.70592111960697 -44.015253865964326 27.490909090909092
v 24.538182413006272 -42.50137866472001 27.490909090909092
v 27.265367442142818 -40.80550603510298 27.490909090909092
v 29.875797982036712 -38.93489796406841 27.490909090909092
v 32.35829576835561 -36.897564682557395 27.490909090909092
v 34.702230364458465 -34.70223036445848 27.490909090909092
v 36.89756468255735 -32.35829576835566 27.490909090909092
v 38.93489796406838 -29.875797982036765 27.490909090909092
v 40.805506035102944 -27.26536744214287 27.490909090909092
v 42.50137866471998 -24.538182413006325 27.490909090909092
v 44.0152538659643 -21.705921119607027 27.490909090909092
v 45.340648992809875 -18.780711739619896 27.490909090909092
v 46.471888499845164 -15.775080468696393 27.490909090909092
v 47.40412824582999 -12.70189788137156 27.490909090909092
v 48.133376237052005 -9.574323817287812 27.490909090909092
v 48.65650972165661 -6.405751028741548 27.490909090909092
v 48.971288561749816 -3.20974783086138 27.490909090909092
v 52.13736436625414 0.0 28.145454545454548
v 52.02573426700909 3.409946779365175 28.145454545454548
v 51.691321986496675 6.805291643116555 28.145454545454548
v 51.13555952944196 10.17149520328473 28.145454545454548
v 50.36082675600826 13.494142859436089 28.145454545454548
v 49.370441190870544 16.75900652420484 28.145454545454548
v 48.168643817065494 19.952105550147458 28.145454545454548
v 46.760580915451044 23.059766597021373 28.145454545454548
v 45.152282027541645 26.068682183127066 28.145454545454548
v 43.350634136085866 28.965967669987716 28.145454545454548
v 41.36335217394895 31.739216436349217 28.145454545454548
v 39.19894598758581 34.37655300523712 28.145454545454548
v 36.86668389657217 36.86668389657217 28.145454545454548
v 34.37655300523713 39.1989459875858 28.145454545454548
v 31.73921643634922 41.36335217394894 28.145454545454548
v 28.965967669987727 43.35063413608586 28.145454545454548
v 26.068682183127077 45.152282027541645 28.145454545454548
v 23.059766597021383 46.76058091545104 28.145454545454548
v 19.95210555014746 48.168643817065494 28.145454545454548
v 16.759006524204846 49.37044119087054 28.145454545454548
v 13.4941428594361 50.36082675600825 28.145454545454548
v 10.171495203284735 51.13555952944196 28.145454545454548
v 6.805291643116562 51.691321986496675 28.145454545454548
v 3.4099467793651863 52.02573426700909 28.145454545454548
v 3.1924928193556204e-15 52.13736436625414 28.145454545454548
v -3.409946779365168 52.02573426700909 28.145454545454548
v -6.805291643116545 51.69132198649668 28.145454545454548
v -10.171495203284715 51.13555952944197 28.145454545454548
v -13.494142859436081 50.36082675600826 28.145454545454548
v -16.75900652420483 49.370441190870544 28.145454545454548
v -19.952105550147444 48.1686438170655 28.145454545454548
v -23.059766597021365 46.760580915451044 28.145454545454548
v -26.06868218312706 45.152282027541645 28.145454545454548
v -28.965967669987705 43.35063413608587 28.145454545454548
v -31.739216436349203 41.363352173948954 28.145454545454548
v -34.3765530052371 39.19894598758582 28.145454545454548
v -36.86668389657216 36.86668389657217 28.145454545454548
v -39.1989459875858 34.37655300523713 28.145454545454548
v -41.36335217394893 31.739216436349235 28.145454545454548
v -43.35063413608586 28.965967669987734 28.145454545454548
v -45.15228202754164 26.068682183127088 28.145454545454548
v -46.76058091545104 23.059766597021394 28.145454545454548
v -48.168643817065494 19.952105550147465 28.145454545454548
v -49.37044119087054 16.75900652420485 28.145454545454548
v -50.36082675600825 13.494142859436103 28.145454545454548
v -51.13555952944196 10.17149520328475 28.145454545454548
v -51.691321986496675 6.805291643116577 28.145454545454548
v -52.02573426700909 3.4099467793652014 28.145454545454548
v -52.13736436625414 6.384985638711241e-15 28.145454545454548
v -52.02573426700909 -3.4099467793651654 28.145454545454548
v -51.69132198649668 -6.805291643116542 28.145454545454548
v -51.13555952944197 -10.171495203284714 28.145454545454548
v -50.360826756008265 -13.494142859436067 28.145454545454548
v -49.370441190870544 -16.759006524204814 28.145454545454548
v -48.16864381706551 -19.95210555014743 28.145454545454548
v -46.760580915451044 -23.059766597021362 28.145454545454548
v -45.15228202754165 -26.068682183127056 28.145454545454548
v -43.35063413608588 -28.965967669987705 28.145454545454548
v -41.363352173948954 -31.739216436349203 28.145454545454548
v -39.19894598758582 -34.3765530052371 28.145454545454548
v -36.866683896572184 -36.86668389657215 28.145454545454548
v -34.376553005237135 -39.1989459875858 28.145454545454548
v -31.739216436349235 -41.363352173948925 28.145454545454548
v -28.965967669987755 -43.350634136085844 28.145454545454548
v -26.068682183127095 -45.15228202754164 28.145454545454548
v -23.059766597021376 -46.76058091545104 28.145454545454548
v -19.952105550147486 -48.16864381706548 28.145454545454548
v -16.759006524204853 -49.37044119087054 28.145454545454548
v -13.494142859436128 -50.360826756008244 28.145454545454548
v -10.171495203284753 -51.135559529441956 28.145454545454548
v -6.805291643116603 -51.69132198649667 28.145454545454548
v -3.4099467793652045 -52.02573426700909 28.145454545454548
v -9.57747845806686e-15 -52.13736436625414 28.145454545454548
v 3.4099467793651392 -52.0257342670091 28.145454545454548
v 6.805291643116539 -51.69132198649668 28.145454545454548
v 10.171495203284687 -51.13555952944197 28.145454545454548
v 13.494142859436066 -50.360826756008265 28.145454545454548
v 16.759006524204835 -49.370441190870544 28.145454545454548
v 19.952105550147426 -48.16864381706551 28.145454545454548
v 23.05976659702136 -46.760580915451044 28.145454545454548
v 26.068682183127034 -45.152282027541666 28.145454545454548
v 28.9659676699877 -43.35063413608588 28.145454545454548
v 31.73921643634918 -41.36335217394897 28.145454545454548
v 34.3765530052371 -39.19894598758582 28.145454545454548
v 36.866683896572155 -36.86668389657218 28.145454545454548
v 39.19894598758579 -34.37655300523715 28.145454545454548
v 41.363352173948925 -31.73921643634924 28.145454545454548
v 43.35063413608584 -28.965967669987755 28.145454545454548
v 45.15228202754163 -26.068682183127095 28.145454545454548
v 46.760580915451015 -23.059766597021422 28.145454545454548
v 48.16864381706548 -19.95210555014749 28.145454545454548
v 49.37044119087054 -16.759006524204857 28.145454545454548
v 50.360826756008244 -13.494142859436131 28.145454545454548
v 51.135559529441956 -10.171495203284755 28.145454545454548
v 51.69132198649667 -6.8052916431166075 28.145454545454548
v 52.02573426700909 -3.409946779365207 28.145454545454548
v 49.13736436625414 0.0 28.145454545454548
v 49.03215749729328 3.213737391674746 28.145454545454548
v 48.716987402375246 6.413713066456401 28.145454545454548
v 48.193203688232266 9.586224237236346 28.145454545454548
v 47.46304927714105 12.717685724128525 28.145454545454548
v 46.52965080238523 15.794688128295354 28.145454545454548
v 45.397005219531636 18.804055253052187 28.145454545454548
v 44.06996269085298 21.732900526364368 28.145454545454548
v 42.55420581618833 24.568682183127066 28.145454545454548
v 40.856225299178234 27.29925697092891 28.145454545454548
v 38.98329215307524 29.912932149323055 28.145454545454548
v 36.943426565148876 32.39851555993691 28.145454545454548
v 34.745363553012524 34.745363553012524 28.145454545454548
v 32.39851555993692 36.94342656514887 28.145454545454548
v 29.91293214932306 38.98329215307523 28.145454545454548
v 27.29925697092892 40.85622529917823 28.145454545454548
v 24.568682183127077 42.55420581618833 28.145454545454548
v 21.73290052636438 44.069962690852975 28.145454545454548
v 18.80405525305219 45.397005219531636 28.145454545454548
v 15.79468812829536 46.52965080238522 28.145454545454548
v 12.717685724128536 47.463049277141046 28.145454545454548
v 9.58622423723635 48.193203688232266 28.145454545454548
v 6.413713066456407 48.716987402375246 28.145454545454548
v 3.2137373916747562 49.03215749729328 28.145454545454548
v 3.0087957994835173e-15 49.13736436625414 28.145454545454548
v -3.2137373916747394 49.03215749729328 28.145454545454548
v -6.413713066456391 48.71698740237525 28.145454545454548
v -9.586224237236332 48.19320368823227 28.145454545454548
v -12.71768572412852 47.46304927714105 28.145454545454548
v -15.794688128295345 46.52965080238523 28.145454545454548
v -18.804055253052177 45.39700521953164 28.145454545454548
v -21.73290052636436 44.06996269085298 28.145454545454548
v -24.56868218312706 42.55420581618833 28.145454545454548
v -27.299256970928898 40.856225299178234 28.145454545454548
v -29.912932149323044 38.98329215307525 28.145454545454548
v -32.3985155599369 36.94342656514889 28.145454545454548
v -34.74536355301252 34.745363553012524 28.145454545454548
v -36.94342656514887 32.39851555993692 28.145454545454548
v -38.983292153075226 29.91293214932307 28.145454545454548
v -40.85622529917822 27.299256970928926 28.145454545454548
v -42.55420581618832 24.568682183127088 28.145454545454548
v -44.06996269085297 21.73290052636439 28.145454545454548
v -45.397005219531636 18.804055253052194 28.145454545454548
v -46.52965080238522 15.794688128295364 28.145454545454548
v -47.463049277141046 12.71768572412854 28.145454545454548
v -48.193203688232266 9.586224237236364 28.145454545454548
v -48.716987402375246 6.413713066456421 28.145454545454548
v -49.03215749729328 3.213737391674771 28.145454545454548
v -49.13736436625414 6.0175915989670345e-15 28.145454545454548
v -49.03215749729328 -3.2137373916747367 28.145454545454548
v -48.71698740237525 -6.413713066456388 28.145454545454548
v -48.19320368823227 -9.58622423723633 28.145454545454548
v -47.46304927714106 -12.717685724128506 28.145454545454548
v -46.52965080238523 -15.79468812829533 28.145454545454548
v -45.39700521953164 -18.804055253052162 28.145454545454548
v -44.06996269085298 -21.73290052636436 28.145454545454548
v -42.554205816188336 -24.568682183127056 28.145454545454548
v -40.85622529917824 -27.299256970928898 28.145454545454548
v -38.98329215307525 -29.912932149323044 28.145454545454548
v -36.94342656514889 -32.3985155599369 28.145454545454548
v -34.745363553012545 -34.7453635530125 28.145454545454548
v -32.398515559936925 -36.94342656514887 28.145454545454548
v -29.91293214932307 -38.983292153075226 28.145454545454548
v -27.299256970928948 -40.856225299178206 28.145454545454548
v -24.56868218312709 -42.55420581618832 28.145454545454548
v -21.73290052636437 -44.069962690852975 28.145454545454548
v -18.804055253052216 -45.39700521953162 28.145454545454548
v -15.794688128295366 -46.52965080238522 28.145454545454548
v -12.717685724128565 -47.46304927714104 28.145454545454548
v -9.586224237236365 -48.193203688232266 28.145454545454548
v -6.413713066456445 -48.71698740237524 28.145454545454548
v -3.2137373916747736 -49.03215749729328 28.145454545454548
v -9.026387398450552e-15 -49.13736436625414 28.145454545454548
v 3.2137373916747123 -49.032157497293284 28.145454545454548
v 6.413713066456386 -48.71698740237525 28.145454545454548
v 9.586224237236305 -48.19320368823228 28.145454545454548
v 12.717685724128504 -47.46304927714106 28.145454545454548
v 15.79468812829535 -46.52965080238523 28.145454545454548
v 18.80405525305216 -45.39700521953164 28.145454545454548
v 21.732900526364357 -44.06996269085298 28.145454545454548
v 24.568682183127038 -42.55420581618835 28.145454545454548
v 27.299256970928894 -40.85622529917824 28.145454545454548
v 29.912932149323023 -38.98329215307526 28.145454545454548
v 32.39851555993689 -36.94342656514889 28.145454545454548
v 34.74536355301252 -34.74536355301253 28.145454545454548
v 36.943426565148854 -32.39851555993694 28.145454545454548
v 38.983292153075226 -29.912932149323076 28.145454545454548
v 40.856225299178206 -27.299256970928948 28.145454545454548
v 42.554205816188315 -24.56868218312709 28.145454545454548
v 44.069962690852954 -21.732900526364414 28.145454545454548
v 45.39700521953162 -18.80405525305222 28.145454545454548
v 46.52965080238522 -15.79468812829537 28.145454545454548
v 47.46304927714104 -12.717685724128566 28.145454545454548
v 48.193203688232266 -9.586224237236369 28.145454545454548
v 48.71698740237524 -6.41371306645645 28.145454545454548
v 49.03215749729328 -3.2137373916747762 28.145454545454548
v 52.191604755266496 0.0 28.8
v 52.079858523185 3.4134942705372437 28.8
v 51.7450983414619 6.812371434558872 28.8
v 51.188757704588625 10.182076978243431 28.8
v 50.41321894858326 13.508181305126255 28.8
v 49.42180304946188 16.776441525846806 28.8
v 48.21875540230946 19.972862448387524 28.8
v 46.809227641846356 23.083756507634615 28.8
v 45.1992555823375 26.095802377633245 28.8
v 43.39573337130911 28.996102015550385 28.8
v 41.40638396775059 31.772235893074367 28.8
v 39.23972607121844 34.41231617874182 28.8
v 36.905037643457 36.905037643457 28.8
v 34.412316178741825 39.239726071218435 28.8
v 31.772235893074374 41.406383967750585 28.8
v 28.996102015550395 43.395733371309106 28.8
v 26.095802377633255 45.19925558233749 28.8
v 23.08375650763463 46.80922764184635 28.8
v 19.972862448387527 48.21875540230946 28.8
v 16.776441525846813 49.42180304946187 28.8
v 13.508181305126266 50.41321894858325 28.8
v 10.182076978243435 51.188757704588625 28.8
v 6.812371434558879 51.7450983414619 28.8
v 3.413494270537255 52.079858523185 28.8
v 3.195814085295045e-15 52.191604755266496 28.8
v -3.4134942705372366 52.079858523185 28.8
v -6.812371434558862 51.7450983414619 28.8
v -10.182076978243417 51.18875770458863 28.8
v -13.50818130512625 50.41321894858326 28.8
v -16.776441525846796 49.42180304946188 28.8
v -19.97286244838751 48.21875540230947 28.8
v -23.08375650763461 46.809227641846356 28.8
v -26.095802377633238 45.1992555823375 28.8
v -28.996102015550374 43.39573337130911 28.8
v -31.772235893074356 41.4063839677506 28.8
v -34.4123161787418 39.23972607121846 28.8
v -36.905037643457 36.905037643457 28.8
v -39.239726071218435 34.412316178741825 28.8
v -41.406383967750585 31.772235893074384 28.8
v -43.3957333713091 28.996102015550402 28.8
v -45.199255582337486 26.095802377633266 28.8
v -46.80922764184635 23.08375650763464 28.8
v -48.21875540230946 19.97286244838753 28.8
v -49.42180304946187 16.776441525846817 28.8
v -50.41321894858325 13.50818130512627 28.8
v -51.188757704588625 10.18207697824345 28.8
v -51.7450983414619 6.812371434558894 28.8
v -52.079858523185 3.41349427053727 28.8
v -52.191604755266496 6.39162817059009e-15 28.8
v -52.079858523185 -3.4134942705372335 28.8
v -51.7450983414619 -6.81237143455886 28.8
v -51.18875770458863 -10.182076978243414 28.8
v -50.413218948583264 -13.508181305126234 28.8
v -49.421803049461886 -16.77644152584678 28.8
v -48.21875540230947 -19.972862448387495 28.8
v -46.809227641846356 -23.083756507634607 28.8
v -45.19925558233751 -26.095802377633234 28.8
v -43.39573337130912 -28.996102015550374 28.8
v -41.4063839677506 -31.772235893074356 28.8
v -39.23972607121846 -34.4123161787418 28.8
v -36.90503764345702 -36.90503764345698 28.8
v -34.412316178741825 -39.239726071218435 28.8
v -31.772235893074384 -41.40638396775058 28.8
v -28.996102015550424 -43.395733371309085 28.8
v -26.095802377633273 -45.199255582337486 28.8
v -23.08375650763462 -46.80922764184635 28.8
v -19.972862448387552 -48.21875540230945 28.8
v -16.77644152584682 -49.42180304946187 28.8
v -13.508181305126296 -50.41321894858324 28.8
v -10.182076978243453 -51.18875770458862 28.8
v -6.81237143455892 -51.74509834146189 28.8
v -3.4134942705372726 -52.079858523185 28.8
v -9.587442255885134e-15 -52.191604755266496 28.8
v 3.4134942705372078 -52.07985852318501 28.8
v 6.812371434558856 -51.7450983414619 28.8
v 10.182076978243387 -51.18875770458864 28.8
v 13.508181305126232 -50.413218948583264 28.8
v 16.776441525846803 -49.42180304946188 28.8
v 19.97286244838749 -48.21875540230947 28.8
v 23.083756507634604 -46.809227641846356 28.8
v 26.095802377633213 -45.199255582337514 28.8
v 28.996102015550367 -43.39573337130912 28.8
v 31.77223589307433 -41.406383967750614 28.8
v 34.4123161787418 -39.23972607121846 28.8
v 36.90503764345699 -36.90503764345701 28.8
v 39.23972607121842 -34.41231617874185 28.8
v 41.40638396775058 -31.77223589307439 28.8
v 43.39573337130908 -28.996102015550424 28.8
v 45.19925558233748 -26.095802377633273 28.8
v 46.80922764184633 -23.083756507634664 28.8
v 48.21875540230945 -19.972862448387556 28.8
v 49.42180304946187 -16.776441525846824 28.8
v 50.41321894858324 -13.508181305126298 28.8
v 51.18875770458862 -10.182076978243456 28.8
v 51.74509834146189 -6.812371434558925 28.8
v 52.079858523185 -3.4134942705372757 28.8
v 49.191604755266496 0.0 28.8
v 49.086281753469194 3.2172848828468146 28.8
v 48.77076375734046 6.420792857898718 28.8
v 48.246401863378935 9.596806012195046 28.8
v 47.51544146971605 12.731724169818692 28.8
v 46.58101266097656 15.812123129937321 28.8
v 45.447116804775604 18.824812151292257 28.8
v 44.118609417248294 21.756890436977613 28.8
v 42.601179370984184 24.595802377633245 28.8
v 40.901324534401475 27.329391316491577 28.8
v 39.026323946876886 29.945951606048204 28.8
v 36.98420664878151 32.43427873344161 28.8
v 34.78371729989736 34.78371729989736 28.8
v 32.434278733441616 36.98420664878151 28.8
v 29.94595160604821 39.026323946876886 28.8
v 27.329391316491588 40.90132453440147 28.8
v 24.595802377633255 42.60117937098418 28.8
v 21.756890436977624 44.11860941724829 28.8
v 18.824812151292257 45.447116804775604 28.8
v 15.812123129937328 46.581012660976555 28.8
v 12.731724169818705 47.515441469716045 28.8
v 9.596806012195051 48.246401863378935 28.8
v 6.420792857898725 48.77076375734046 28.8
v 3.217284882846825 49.086281753469194 28.8
v 3.0121170654229417e-15 49.191604755266496 28.8
v -3.217284882846808 49.086281753469194 28.8
v -6.420792857898708 48.77076375734047 28.8
v -9.596806012195033 48.24640186337894 28.8
v -12.731724169818687 47.51544146971605 28.8
v -15.812123129937312 46.58101266097656 28.8
v -18.824812151292242 45.447116804775604 28.8
v -21.756890436977606 44.118609417248294 28.8
v -24.595802377633238 42.601179370984184 28.8
v -27.329391316491566 40.90132453440148 28.8
v -29.945951606048194 39.02632394687689 28.8
v -32.434278733441595 36.98420664878153 28.8
v -34.783717299897354 34.78371729989736 28.8
v -36.98420664878151 32.434278733441616 28.8
v -39.02632394687688 29.945951606048222 28.8
v -40.90132453440146 27.329391316491595 28.8
v -42.60117937098417 24.595802377633266 28.8
v -44.11860941724828 21.756890436977635 28.8
v -45.447116804775604 18.82481215129226 28.8
v -46.581012660976555 15.812123129937332 28.8
v -47.515441469716045 12.731724169818706 28.8
v -48.246401863378935 9.596806012195064 28.8
v -48.77076375734046 6.420792857898738 28.8
v -49.086281753469194 3.217284882846839 28.8
v -49.191604755266496 6.0242341308458834e-15 28.8
v -49.086281753469194 -3.2172848828468052 28.8
v -48.77076375734047 -6.4207928578987055 28.8
v -48.24640186337894 -9.59680601219503 28.8
v -47.51544146971606 -12.731724169818674 28.8
v -46.58101266097657 -15.8121231299373 28.8
v -45.44711680477561 -18.824812151292228 28.8
v -44.118609417248294 -21.756890436977603 28.8
v -42.60117937098419 -24.595802377633234 28.8
v -40.90132453440148 -27.329391316491566 28.8
v -39.02632394687689 -29.945951606048194 28.8
v -36.98420664878153 -32.434278733441595 28.8
v -34.783717299897376 -34.78371729989734 28.8
v -32.43427873344162 -36.98420664878151 28.8
v -29.945951606048222 -39.02632394687687 28.8
v -27.329391316491616 -40.90132453440145 28.8
v -24.59580237763327 -42.60117937098417 28.8
v -21.756890436977617 -44.11860941724829 28.8
v -18.82481215129228 -45.44711680477559 28.8
v -15.812123129937335 -46.581012660976555 28.8
v -12.731724169818731 -47.515441469716045 28.8
v -9.596806012195067 -48.24640186337893 28.8
v -6.420792857898763 -48.77076375734046 28.8
v -3.217284882846842 -49.086281753469194 28.8
v -9.036351196268824e-15 -49.191604755266496 28.8
v 3.2172848828467804 -49.0862817534692 28.8
v 6.420792857898703 -48.77076375734047 28.8
v 9.596806012195005 -48.24640186337894 28.8
v 12.731724169818671 -47.51544146971606 28.8
v 15.812123129937318 -46.58101266097656 28.8
v 18.824812151292225 -45.44711680477561 28.8
v 21.756890436977603 -44.118609417248294 28.8
v 24.595802377633216 -42.6011793709842 28.8
v 27.329391316491563 -40.90132453440148 28.8
v 29.945951606048173 -39.02632394687691 28.8
v 32.43427873344159 -36.98420664878153 28.8
v 34.78371729989735 -34.78371729989737 28.8
v 36.98420664878149 -32.43427873344164 28.8
v 39.02632394687687 -29.945951606048226 28.8
v 40.901324534401446 -27.329391316491616 28.8
v 42.60117937098417 -24.59580237763327 28.8
v 44.118609417248265 -21.75689043697766 28.8
v 45.44711680477559 -18.824812151292285 28.8
v 46.581012660976555 -15.812123129937337 28.8
v 47.515441469716045 -12.731724169818733 28.8
v 48.24640186337893 -9.596806012195069 28.8
v 48.77076375734046 -6.420792857898767 28.8
v 49.086281753469194 -3.2172848828468448 28.8
v 52.2403474534034 0.0 29.454545454545457
v 52.12849685946364 3.4166821955225175 29.454545454545457
v 51.793424039059225 6.818733633345214 29.454545454545457
v 51.23656382544844 10.191586206918895 29.454545454545457
v 50.460300779556704 13.52079684371377 29.454545454545457
v 49.4679589789206 16.792109352673364 29.454545454545457
v 48.263787783477525 19.99151547141329 29.454545454545457
v 46.852943639154105 23.105314851751327 29.454545454545457
v 45.241467997173054 26.120173726701697 29.454545454545457
v 43.43626144363158 29.023182007712307 29.454545454545457
v 41.445054150132314 31.80190856764593 29.454545454545457
v 39.2763727720017 34.44445447277507 29.454545454545457
v 36.939503935842936 36.939503935842936 29.454545454545457
v 34.44445447277508 39.27637277200169 29.454545454545457
v 31.801908567645935 41.44505415013231 29.454545454545457
v 29.02318200771232 43.43626144363158 29.454545454545457
v 26.120173726701708 45.24146799717305 29.454545454545457
v 23.105314851751338 46.8529436391541 29.454545454545457
v 19.991515471413294 48.263787783477525 29.454545454545457
v 16.792109352673375 49.46795897892059 29.454545454545457
v 13.52079684371378 50.460300779556704 29.454545454545457
v 10.191586206918899 51.23656382544844 29.454545454545457
v 6.8187336333452215 51.793424039059225 29.454545454545457
v 3.4166821955225286 52.12849685946364 29.454545454545457
v 3.1987987147578032e-15 52.2403474534034 29.454545454545457
v -3.4166821955225104 52.12849685946364 29.454545454545457
v -6.818733633345204 51.79342403905923 29.454545454545457
v -10.191586206918881 51.23656382544845 29.454545454545457
v -13.520796843713764 50.460300779556704 29.454545454545457
v -16.792109352673357 49.4679589789206 29.454545454545457
v -19.991515471413276 48.26378778347753 29.454545454545457
v -23.105314851751324 46.852943639154105 29.454545454545457
v -26.12017372670169 45.241467997173054 29.454545454545457
v -29.023182007712297 43.43626144363159 29.454545454545457
v -31.801908567645917 41.44505415013232 29.454545454545457
v -34.44445447277506 39.276372772001714 29.454545454545457
v -36.93950393584293 36.939503935842936 29.454545454545457
v -39.27637277200169 34.44445447277508 29.454545454545457
v -41.4450541501323 31.80190856764595 29.454545454545457
v -43.43626144363157 29.023182007712325 29.454545454545457
v -45.24146799717305 26.12017372670172 29.454545454545457
v -46.85294363915409 23.105314851751352 29.454545454545457
v -48.263787783477525 19.991515471413297 29.454545454545457
v -49.46795897892059 16.79210935267338 29.454545454545457
v -50.460300779556704 13.520796843713784 29.454545454545457
v -51.23656382544844 10.191586206918913 29.454545454545457
v -51.793424039059225 6.818733633345236 29.454545454545457
v -52.12849685946364 3.4166821955225437 29.454545454545457
v -52.2403474534034 6.3975974295156064e-15 29.454545454545457
v -52.12849685946364 -3.4166821955225077 29.454545454545457
v -51.79342403905923 -6.818733633345201 29.454545454545457
v -51.23656382544845 -10.191586206918878 29.454545454545457
v -50.46030077955671 -13.520796843713748 29.454545454545457
v -49.467958978920606 -16.792109352673343 29.454545454545457
v -48.26378778347753 -19.991515471413262 29.454545454545457
v -46.852943639154105 -23.10531485175132 29.454545454545457
v -45.24146799717306 -26.120173726701687 29.454545454545457
v -43.436261443631594 -29.023182007712297 29.454545454545457
v -41.44505415013232 -31.801908567645917 29.454545454545457
v -39.276372772001714 -34.44445447277506 29.454545454545457
v -36.93950393584296 -36.939503935842914 29.454545454545457
v -34.444454472775085 -39.27637277200169 29.454545454545457
v -31.80190856764595 -41.4450541501323 29.454545454545457
v -29.02318200771235 -43.43626144363156 29.454545454545457
v -26.120173726701726 -45.24146799717305 29.454545454545457
v -23.105314851751334 -46.8529436391541 29.454545454545457
v -19.99151547141332 -48.26378778347751 29.454545454545457
v -16.79210935267338 -49.46795897892059 29.454545454545457
v -13.52079684371381 -50.4603007795567 29.454545454545457
v -10.191586206918917 -51.236563825448435 29.454545454545457
v -6.818733633345262 -51.79342403905922 29.454545454545457
v -3.416682195522547 -52.12849685946364 29.454545454545457
v -9.596396144273408e-15 -52.2403474534034 29.454545454545457
v 3.4166821955224815 -52.128496859463645 29.454545454545457
v 6.818733633345198 -51.79342403905923 29.454545454545457
v 10.191586206918851 -51.23656382544845 29.454545454545457
v 13.520796843713747 -50.46030077955671 29.454545454545457
v 16.792109352673364 -49.4679589789206 29.454545454545457
v 19.99151547141326 -48.26378778347753 29.454545454545457
v 23.105314851751316 -46.852943639154105 29.454545454545457
v 26.120173726701665 -45.241467997173075 29.454545454545457
v 29.023182007712293 -43.436261443631594 29.454545454545457
v 31.801908567645896 -41.445054150132336 29.454545454545457
v 34.44445447277505 -39.276372772001714 29.454545454545457
v 36.93950393584293 -36.93950393584294 29.454545454545457
v 39.27637277200168 -34.4444544727751 29.454545454545457
v 41.4450541501323 -31.801908567645953 29.454545454545457
v 43.43626144363155 -29.02318200771235 29.454545454545457
v 45.24146799717304 -26.120173726701726 29.454545454545457
v 46.85294363915408 -23.105314851751377 29.454545454545457
v 48.26378778347751 -19.991515471413322 29.454545454545457
v 49.46795897892059 -16.792109352673382 29.454545454545457
v 50.4603007795567 -13.520796843713812 29.454545454545457
v 51.236563825448435 -10.19158620691892 29.454545454545457
v 51.79342403905922 -6.818733633345266 29.454545454545457
v 52.12849685946364 -3.4166821955225495 29.454545454545457
v 49.2403474534034 0.0 29.454545454545457
v 49.13492008974783 3.2204728078320883 29.454545454545457
v 48.819089454937796 6.427155056685059 29.454545454545457
v 48.294207984238746 9.60631524087051 29.454545454545457
v 47.5625233006895 12.744339708406207 29.454545454545457
v 46.62716859043528 15.82779095676388 29.454545454545457
v 45.49214918594366 18.843465174318023 29.454545454545457
v 44.16232541455604 21.778448781094323 29.454545454545457
v 42.64339178581974 24.620173726701697 29.454545454545457
v 40.94185260672395 27.356471308653504 29.454545454545457
v 39.06499412925861 29.97562428061977 29.454545454545457
v 37.02085334956477 32.46641702747487 29.454545454545457
v 34.8181835922833 34.8181835922833 29.454545454545457
v 32.46641702747487 37.02085334956476 29.454545454545457
v 29.975624280619773 39.0649941292586 29.454545454545457
v 27.356471308653514 40.94185260672394 29.454545454545457
v 24.620173726701708 42.64339178581973 29.454545454545457
v 21.778448781094333 44.16232541455604 29.454545454545457
v 18.843465174318023 45.49214918594366 29.454545454545457
v 15.82779095676389 46.627168590435275 29.454545454545457
v 12.744339708406219 47.5625233006895 29.454545454545457
v 9.606315240870515 48.294207984238746 29.454545454545457
v 6.427155056685066 48.819089454937796 29.454545454545457
v 3.2204728078320985 49.13492008974783 29.454545454545457
v 3.0151016948857e-15 49.2403474534034 29.454545454545457
v -3.2204728078320817 49.13492008974783 29.454545454545457
v -6.4271550566850495 48.819089454937796 29.454545454545457
v -9.606315240870497 48.29420798423875 29.454545454545457
v -12.744339708406201 47.5625233006895 29.454545454545457
v -15.827790956763874 46.62716859043528 29.454545454545457
v -18.84346517431801 45.49214918594367 29.454545454545457
v -21.77844878109432 44.16232541455604 29.454545454545457
v -24.62017372670169 42.64339178581974 29.454545454545457
v -27.356471308653493 40.941852606723955 29.454545454545457
v -29.97562428061976 39.064994129258615 29.454545454545457
v -32.46641702747485 37.02085334956478 29.454545454545457
v -34.81818359228329 34.8181835922833 29.454545454545457
v -37.02085334956476 32.46641702747487 29.454545454545457
v -39.0649941292586 29.975624280619783 29.454545454545457
v -40.941852606723934 27.356471308653518 29.454545454545457
v -42.64339178581973 24.62017372670172 29.454545454545457
v -44.16232541455603 21.778448781094347 29.454545454545457
v -45.49214918594366 18.843465174318027 29.454545454545457
v -46.627168590435275 15.827790956763891 29.454545454545457
v -47.5625233006895 12.74433970840622 29.454545454545457
v -48.294207984238746 9.606315240870527 29.454545454545457
v -48.819089454937796 6.42715505668508 29.454545454545457
v -49.13492008974783 3.220472807832113 29.454545454545457
v -49.2403474534034 6.0302033897714e-15 29.454545454545457
v -49.13492008974783 -3.220472807832079 29.454545454545457
v -48.819089454937796 -6.427155056685047 29.454545454545457
v -48.29420798423875 -9.606315240870494 29.454545454545457
v -47.562523300689506 -12.744339708406189 29.454545454545457
v -46.62716859043529 -15.82779095676386 29.454545454545457
v -45.492149185943674 -18.843465174317995 29.454545454545457
v -44.16232541455604 -21.778448781094315 29.454545454545457
v -42.643391785819745 -24.620173726701687 29.454545454545457
v -40.941852606723955 -27.356471308653493 29.454545454545457
v -39.064994129258615 -29.97562428061976 29.454545454545457
v -37.02085334956478 -32.46641702747485 29.454545454545457
v -34.81818359228331 -34.81818359228327 29.454545454545457
v -32.466417027474876 -37.02085334956476 29.454545454545457
v -29.975624280619783 -39.064994129258594 29.454545454545457
v -27.35647130865354 -40.94185260672393 29.454545454545457
v -24.620173726701722 -42.64339178581973 29.454545454545457
v -21.77844878109433 -44.16232541455604 29.454545454545457
v -18.843465174318048 -45.49214918594365 29.454545454545457
v -15.827790956763895 -46.627168590435275 29.454545454545457
v -12.744339708406246 -47.56252330068949 29.454545454545457
v -9.606315240870531 -48.294207984238746 29.454545454545457
v -6.427155056685105 -48.81908945493779 29.454545454545457
v -3.220472807832116 -49.13492008974783 29.454545454545457
v -9.0453050846571e-15 -49.2403474534034 29.454545454545457
v 3.220472807832054 -49.13492008974784 29.454545454545457
v 6.427155056685044 -48.819089454937796 29.454545454545457
v 9.606315240870469 -48.29420798423876 29.454545454545457
v 12.744339708406185 -47.562523300689506 29.454545454545457
v 15.827790956763879 -46.62716859043528 29.454545454545457
v 18.84346517431799 -45.492149185943674 29.454545454545457
v 21.778448781094312 -44.16232541455604 29.454545454545457
v 24.62017372670167 -42.64339178581976 29.454545454545457
v 27.356471308653486 -40.941852606723955 29.454545454545457
v 29.975624280619737 -39.06499412925863 29.454545454545457
v 32.46641702747484 -37.02085334956478 29.454545454545457
v 34.81818359228328 -34.8181835922833 29.454545454545457
v 37.020853349564746 -32.46641702747489 29.454545454545457
v 39.064994129258594 -29.97562428061979 29.454545454545457
v 40.94185260672392 -27.35647130865354 29.454545454545457
v 42.64339178581972 -24.620173726701722 29.454545454545457
v 44.16232541455601 -21.77844878109437 29.454545454545457
v 45.49214918594365 -18.84346517431805 29.454545454545457
v 46.627168590435275 -15.827790956763897 29.454545454545457
v 47.56252330068949 -12.744339708406248 29.454545454545457
v 48.294207984238746 -9.606315240870533 29.454545454545457
v 48.81908945493779 -6.427155056685109 29.454545454545457
v 49.13492008974783 -3.2204728078321185 29.454545454545457
v 52.28468293393189 0.0 30.109090909090906
v 52.17273741432506 3.419581874685003 30.109090909090906
v 51.83738022340573 6.824520574798844 30.109090909090906
v 51.28004741215039 10.200235630091937 30.109090909090906
v 50.50312556522011 13.532271710448315 30.109090909090906
v 49.509941581238664 16.806360525828403 30.109090909090906
v 48.304748426501845 20.00848192527749 30.109090909090906
v 46.89270692312286 23.124923933364503 30.109090909090906
v 45.27986364959972 26.14234146696594 30.109090909090906
v 43.47312504843785 29.047813480960556 30.109090909090906
v 41.480227851703006 31.82889829812824 30.109090909090906
v 39.309705951146725 34.47368688632198 30.109090909090906
v 36.970853854771796 36.970853854771796 30.109090909090906
v 34.473686886321985 39.30970595114672 30.109090909090906
v 31.828898298128248 41.480227851703006 30.109090909090906
v 29.04781348096057 43.47312504843784 30.109090909090906
v 26.142341466965952 45.27986364959971 30.109090909090906
v 23.124923933364514 46.89270692312285 30.109090909090906
v 20.00848192527749 48.304748426501845 30.109090909090906
v 16.80636052582841 49.509941581238664 30.109090909090906
v 13.532271710448326 50.5031255652201 30.109090909090906
v 10.200235630091942 51.28004741215039 30.109090909090906
v 6.824520574798851 51.83738022340573 30.109090909090906
v 3.4195818746850137 52.17273741432506 30.109090909090906
v 3.2015134799736966e-15 52.28468293393189 30.109090909090906
v -3.4195818746849955 52.17273741432506 30.109090909090906
v -6.824520574798834 51.83738022340574 30.109090909090906
v -10.200235630091923 51.28004741215039 30.109090909090906
v -13.532271710448308 50.50312556522011 30.109090909090906
v -16.806360525828392 49.509941581238664 30.109090909090906
v -20.008481925277476 48.30474842650185 30.109090909090906
v -23.124923933364496 46.89270692312286 30.109090909090906
v -26.142341466965934 45.27986364959972 30.109090909090906
v -29.047813480960546 43.47312504843786 30.109090909090906
v -31.82889829812823 41.48022785170301 30.109090909090906
v -34.473686886321964 39.309705951146746 30.109090909090906
v -36.97085385477179 36.970853854771796 30.109090909090906
v -39.30970595114672 34.473686886321985 30.109090909090906
v -41.480227851703 31.82889829812826 30.109090909090906
v -43.47312504843784 29.047813480960574 30.109090909090906
v -45.279863649599704 26.142341466965963 30.109090909090906
v -46.892706923122844 23.124923933364528 30.109090909090906
v -48.304748426501845 20.008481925277493 30.109090909090906
v -49.509941581238664 16.806360525828413 30.109090909090906
v -50.5031255652201 13.53227171044833 30.109090909090906
v -51.28004741215039 10.200235630091957 30.109090909090906
v -51.83738022340573 6.824520574798866 30.109090909090906
v -52.17273741432506 3.419581874685029 30.109090909090906
v -52.28468293393189 6.403026959947393e-15 30.109090909090906
v -52.17273741432506 -3.419581874684993 30.109090909090906
v -51.83738022340574 -6.8245205747988305 30.109090909090906
v -51.28004741215039 -10.20023563009192 30.109090909090906
v -50.50312556522012 -13.532271710448294 30.109090909090906
v -49.50994158123867 -16.806360525828378 30.109090909090906
v -48.30474842650186 -20.008481925277458 30.109090909090906
v -46.89270692312286 -23.124923933364496 30.109090909090906
v -45.279863649599726 -26.14234146696593 30.109090909090906
v -43.473125048437865 -29.047813480960546 30.109090909090906
v -41.48022785170301 -31.82889829812823 30.109090909090906
v -39.309705951146746 -34.473686886321964 30.109090909090906
v -36.97085385477181 -36.970853854771775 30.109090909090906
v -34.47368688632199 -39.30970595114672 30.109090909090906
v -31.82889829812826 -41.48022785170299 30.109090909090906
v -29.0478134809606 -43.47312504843783 30.109090909090906
v -26.14234146696597 -45.279863649599704 30.109090909090906
v -23.12492393336451 -46.89270692312285 30.109090909090906
v -20.00848192527752 -48.30474842650184 30.109090909090906
v -16.806360525828417 -49.509941581238664 30.109090909090906
v -13.532271710448354 -50.503125565220095 30.109090909090906
v -10.20023563009196 -51.28004741215038 30.109090909090906
v -6.824520574798892 -51.837380223405724 30.109090909090906
v -3.419581874685032 -52.17273741432506 30.109090909090906
v -9.60454043992109e-15 -52.28468293393189 30.109090909090906
v 3.4195818746849667 -52.17273741432507 30.109090909090906
v 6.824520574798828 -51.83738022340574 30.109090909090906
v 10.200235630091894 -51.280047412150395 30.109090909090906
v 13.532271710448292 -50.50312556522012 30.109090909090906
v 16.8063605258284 -49.509941581238664 30.109090909090906
v 20.008481925277458 -48.30474842650186 30.109090909090906
v 23.124923933364492 -46.89270692312286 30.109090909090906
v 26.14234146696591 -45.27986364959973 30.109090909090906
v 29.04781348096054 -43.473125048437865 30.109090909090906
v 31.828898298128205 -41.480227851703035 30.109090909090906
v 34.47368688632196 -39.309705951146746 30.109090909090906
v 36.97085385477178 -36.9708538547718 30.109090909090906
v 39.309705951146704 -34.47368688632201 30.109090909090906
v 41.48022785170299 -31.828898298128266 30.109090909090906
v 43.47312504843782 -29.0478134809606 30.109090909090906
v 45.2798636495997 -26.14234146696597 30.109090909090906
v 46.89270692312283 -23.124923933364553 30.109090909090906
v 48.30474842650184 -20.008481925277522 30.109090909090906
v 49.509941581238664 -16.80636052582842 30.109090909090906
v 50.503125565220095 -13.532271710448358 30.109090909090906
v 51.28004741215038 -10.200235630091962 30.109090909090906
v 51.837380223405724 -6.824520574798896 30.109090909090906
v 52.17273741432506 -3.4195818746850346 30.109090909090906
v 49.28468293393189 0.0 30.109090909090906
v 49.179160644609254 3.223372486994574 30.109090909090906
v 48.8630456392843 6.4329419981386895 30.109090909090906
v 48.33769157094069 9.614964664043553 30.109090909090906
v 47.605348086352905 12.755814575140752 30.109090909090906
v 46.66915119275335 15.842042129918918 30.109090909090906
v 45.53310982896799 18.86043162818222 30.109090909090906
v 44.2020886985248 21.7980578627075 30.109090909090906
v 42.6817874382464 24.64234146696594 30.109090909090906
v 40.97871621153022 27.381102781901753 30.109090909090906
v 39.1001678308293 30.00261401110208 30.109090909090906
v 37.05418652870979 32.495649441021776 30.109090909090906
v 34.84953351121215 34.84953351121215 30.109090909090906
v 32.49564944102178 37.05418652870979 30.109090909090906
v 30.002614011102086 39.1001678308293 30.109090909090906
v 27.381102781901763 40.97871621153021 30.109090909090906
v 24.642341466965952 42.681787438246396 30.109090909090906
v 21.79805786270751 44.20208869852479 30.109090909090906
v 18.860431628182223 45.53310982896799 30.109090909090906
v 15.842042129918925 46.66915119275335 30.109090909090906
v 12.755814575140763 47.6053480863529 30.109090909090906
v 9.614964664043557 48.33769157094069 30.109090909090906
v 6.432941998138696 48.8630456392843 30.109090909090906
v 3.223372486994584 49.179160644609254 30.109090909090906
v 3.0178164601015935e-15 49.28468293393189 30.109090909090906
v -3.223372486994567 49.179160644609254 30.109090909090906
v -6.43294199813868 48.86304563928431 30.109090909090906
v -9.614964664043539 48.3376915709407 30.109090909090906
v -12.755814575140747 47.605348086352905 30.109090909090906
v -15.842042129918909 46.66915119275335 30.109090909090906
v -18.860431628182205 45.533109828967994 30.109090909090906
v -21.798057862707495 44.2020886985248 30.109090909090906
v -24.642341466965934 42.6817874382464 30.109090909090906
v -27.38110278190174 40.97871621153022 30.109090909090906
v -30.002614011102068 39.10016783082931 30.109090909090906
v -32.49564944102176 37.05418652870981 30.109090909090906
v -34.849533511212144 34.84953351121215 30.109090909090906
v -37.05418652870979 32.49564944102178 30.109090909090906
v -39.10016783082929 30.002614011102096 30.109090909090906
v -40.978716211530205 27.381102781901767 30.109090909090906
v -42.68178743824639 24.642341466965963 30.109090909090906
v -44.20208869852478 21.79805786270752 30.109090909090906
v -45.53310982896799 18.860431628182223 30.109090909090906
v -46.66915119275335 15.842042129918928 30.109090909090906
v -47.6053480863529 12.755814575140766 30.109090909090906
v -48.33769157094069 9.61496466404357 30.109090909090906
v -48.8630456392843 6.43294199813871 30.109090909090906
v -49.179160644609254 3.2233724869945983 30.109090909090906
v -49.28468293393189 6.035632920203187e-15 30.109090909090906
v -49.179160644609254 -3.223372486994564 30.109090909090906
v -48.86304563928431 -6.432941998138677 30.109090909090906
v -48.3376915709407 -9.614964664043537 30.109090909090906
v -47.60534808635291 -12.755814575140732 30.109090909090906
v -46.669151192753354 -15.842042129918894 30.109090909090906
v -45.533109828967994 -18.86043162818219 30.109090909090906
v -44.2020886985248 -21.79805786270749 30.109090909090906
v -42.6817874382464 -24.64234146696593 30.109090909090906
v -40.97871621153023 -27.38110278190174 30.109090909090906
v -39.10016783082931 -30.002614011102068 30.109090909090906
v -37.05418652870981 -32.49564944102176 30.109090909090906
v -34.84953351121217 -34.84953351121213 30.109090909090906
v -32.49564944102178 -37.05418652870979 30.109090909090906
v -30.002614011102096 -39.100167830829285 30.109090909090906
v -27.381102781901788 -40.97871621153019 30.109090909090906
v -24.642341466965966 -42.68178743824639 30.109090909090906
v -21.798057862707505 -44.20208869852479 30.109090909090906
v -18.860431628182248 -45.53310982896797 30.109090909090906
v -15.84204212991893 -46.66915119275335 30.109090909090906
v -12.755814575140791 -47.60534808635289 30.109090909090906
v -9.614964664043573 -48.33769157094069 30.109090909090906
v -6.432941998138735 -48.863045639284294 30.109090909090906
v -3.223372486994601 -49.179160644609254 30.109090909090906
v -9.05344938030478e-15 -49.28468293393189 30.109090909090906
v 3.2233724869945397 -49.17916064460926 30.109090909090906
v 6.432941998138674 -48.86304563928431 30.109090909090906
v 9.614964664043512 -48.337691570940706 30.109090909090906
v 12.75581457514073 -47.60534808635291 30.109090909090906
v 15.842042129918914 -46.66915119275335 30.109090909090906
v 18.860431628182187 -45.533109828967994 30.109090909090906
v 21.798057862707488 -44.2020886985248 30.109090909090906
v 24.642341466965913 -42.68178743824642 30.109090909090906
v 27.381102781901735 -40.97871621153023 30.109090909090906
v 30.002614011102047 -39.10016783082933 30.109090909090906
v 32.495649441021754 -37.05418652870981 30.109090909090906
v 34.849533511212144 -34.84953351121216 30.109090909090906
v 37.05418652870977 -32.495649441021804 30.109090909090906
v 39.100167830829285 -30.0026140111021 30.109090909090906
v 40.97871621153019 -27.381102781901788 30.109090909090906
v 42.68178743824638 -24.642341466965966 30.109090909090906
v 44.20208869852477 -21.798057862707545 30.109090909090906
v 45.53310982896797 -18.860431628182248 30.109090909090906
v 46.66915119275335 -15.842042129918934 30.109090909090906
v 47.60534808635289 -12.755814575140793 30.109090909090906
v 48.33769157094069 -9.614964664043576 30.109090909090906
v 48.863045639284294 -6.432941998138738 30.109090909090906
v 49.179160644609254 -3.2233724869946037 30.109090909090906
v 52.32549878588286 0.0 30.763636363636362
v 52.21346587640392 3.4222513591247905 30.763636363636362
v 51.87784689008511 6.829848112536221 30.763636363636362
v 51.32007899895101 10.208198407792414 30.763636363636362
v 50.54255065074154 13.54283563027531 30.763636363636362
v 49.54859134121205 16.819480351455415 30.763636363636362
v 48.342457356721354 20.02410147559699 30.763636363636362
v 46.92931354816012 23.14297632306407 30.763636363636362
v 45.315211214266355 26.162749392941425 30.763636363636362
v 43.507062189035324 29.07048955333985 30.763636363636362
v 41.51260924418514 31.85374541448812 30.763636363636362
v 39.34039293341963 34.50059864749559 30.763636363636362
v 36.99971502046623 36.99971502046623 30.763636363636362
v 34.5005986474956 39.34039293341963 30.763636363636362
v 31.853745414488127 41.512609244185136 30.763636363636362
v 29.07048955333986 43.50706218903532 30.763636363636362
v 26.162749392941436 45.315211214266355 30.763636363636362
v 23.14297632306408 46.92931354816011 30.763636363636362
v 20.024101475596993 48.342457356721354 30.763636363636362
v 16.81948035145542 49.548591341212045 30.763636363636362
v 13.54283563027532 50.54255065074153 30.763636363636362
v 10.208198407792418 51.32007899895101 30.763636363636362
v 6.8298481125362285 51.87784689008511 30.763636363636362
v 3.422251359124801 52.21346587640392 30.763636363636362
v 3.204012730096008e-15 52.32549878588286 30.763636363636362
v -3.422251359124783 52.21346587640392 30.763636363636362
v -6.829848112536211 51.87784689008512 30.763636363636362
v -10.2081984077924 51.32007899895102 30.763636363636362
v -13.542835630275304 50.54255065074154 30.763636363636362
v -16.819480351455404 49.54859134121205 30.763636363636362
v -20.024101475596975 48.34245735672136 30.763636363636362
v -23.14297632306406 46.92931354816012 30.763636363636362
v -26.162749392941418 45.315211214266355 30.763636363636362
v -29.070489553339836 43.507062189035324 30.763636363636362
v -31.85374541448811 41.51260924418515 30.763636363636362
v -34.50059864749558 39.34039293341965 30.763636363636362
v -36.999715020466226 36.99971502046623 30.763636363636362
v -39.34039293341963 34.5005986474956 30.763636363636362
v -41.51260924418513 31.853745414488138 30.763636363636362
v -43.50706218903531 29.07048955333987 30.763636363636362
v -45.31521121426635 26.162749392941446 30.763636363636362
v -46.9293135481601 23.142976323064094 30.763636363636362
v -48.342457356721354 20.024101475596996 30.763636363636362
v -49.548591341212045 16.819480351455425 30.763636363636362
v -50.54255065074153 13.542835630275324 30.763636363636362
v -51.32007899895101 10.208198407792434 30.763636363636362
v -51.87784689008511 6.829848112536243 30.763636363636362
v -52.21346587640392 3.4222513591248167 30.763636363636362
v -52.32549878588286 6.408025460192016e-15 30.763636363636362
v -52.21346587640392 -3.4222513591247803 30.763636363636362
v -51.87784689008512 -6.829848112536208 30.763636363636362
v -51.32007899895102 -10.208198407792397 30.763636363636362
v -50.542550650741546 -13.54283563027529 30.763636363636362
v -49.54859134121205 -16.81948035145539 30.763636363636362
v -48.34245735672137 -20.02410147559696 30.763636363636362
v -46.92931354816012 -23.14297632306406 30.763636363636362
v -45.31521121426636 -26.162749392941414 30.763636363636362
v -43.50706218903533 -29.070489553339836 30.763636363636362
v -41.51260924418515 -31.85374541448811 30.763636363636362
v -39.34039293341965 -34.50059864749558 30.763636363636362
v -36.99971502046625 -36.999715020466205 30.763636363636362
v -34.50059864749561 -39.34039293341963 30.763636363636362
v -31.853745414488138 -41.51260924418512 30.763636363636362
v -29.07048955333989 -43.507062189035295 30.763636363636362
v -26.162749392941453 -45.31521121426635 30.763636363636362
v -23.142976323064076 -46.92931354816011 30.763636363636362
v -20.024101475597018 -48.34245735672135 30.763636363636362
v -16.81948035145543 -49.548591341212045 30.763636363636362
v -13.54283563027535 -50.542550650741525 30.763636363636362
v -10.208198407792436 -51.320078998951004 30.763636363636362
v -6.829848112536269 -51.87784689008511 30.763636363636362
v -3.4222513591248194 -52.21346587640392 30.763636363636362
v -9.612038190288023e-15 -52.32549878588286 30.763636363636362
v 3.422251359124754 -52.21346587640393 30.763636363636362
v 6.829848112536205 -51.87784689008512 30.763636363636362
v 10.20819840779237 -51.320078998951026 30.763636363636362
v 13.542835630275286 -50.542550650741546 30.763636363636362
v 16.81948035145541 -49.54859134121205 30.763636363636362
v 20.024101475596957 -48.34245735672137 30.763636363636362
v 23.142976323064058 -46.92931354816012 30.763636363636362
v 26.162749392941393 -45.31521121426638 30.763636363636362
v 29.070489553339833 -43.50706218903533 30.763636363636362
v 31.853745414488085 -41.512609244185164 30.763636363636362
v 34.50059864749557 -39.34039293341965 30.763636363636362
v 36.99971502046622 -36.99971502046623 30.763636363636362
v 39.34039293341961 -34.50059864749562 30.763636363636362
v 41.51260924418512 -31.85374541448814 30.763636363636362
v 43.50706218903529 -29.07048955333989 30.763636363636362
v 45.31521121426634 -26.162749392941453 30.763636363636362
v 46.92931354816009 -23.14297632306412 30.763636363636362
v 48.34245735672135 -20.02410147559702 30.763636363636362
v 49.548591341212045 -16.819480351455432 30.763636363636362
v 50.542550650741525 -13.542835630275352 30.763636363636362
v 51.320078998951004 -10.20819840779244 30.763636363636362
v 51.87784689008511 -6.829848112536273 30.763636363636362
v 52.21346587640392 -3.4222513591248225 30.763636363636362
v 49.32549878588286 0.0 30.763636363636362
v 49.21988910668811 3.2260419714343613 30.763636363636362
v 48.90351230596368 6.438269535876066 30.763636363636362
v 48.37772315774132 9.622927441744029 30.763636363636362
v 47.644773171874334 12.766378494967746 30.763636363636362
v 46.707800952726735 15.85516195554593 30.763636363636362
v 45.570818759187496 18.876051178501722 30.763636363636362
v 44.23869532356205 21.816110252407064 30.763636363636362
v 42.71713500291304 24.662749392941425 30.763636363636362
v 41.012653352127685 27.403778854281043 30.763636363636362
v 39.132549223311436 30.027461127461958 30.763636363636362
v 37.0848735109827 32.52256120219539 30.763636363636362
v 34.87839467690659 34.87839467690659 30.763636363636362
v 32.52256120219539 37.084873510982696 30.763636363636362
v 30.027461127461965 39.13254922331143 30.763636363636362
v 27.403778854281054 41.01265335212768 30.763636363636362
v 24.662749392941436 42.71713500291304 30.763636363636362
v 21.816110252407075 44.23869532356204 30.763636363636362
v 18.876051178501722 45.570818759187496 30.763636363636362
v 15.855161955545936 46.70780095272673 30.763636363636362
v 12.766378494967759 47.64477317187433 30.763636363636362
v 9.622927441744034 48.37772315774132 30.763636363636362
v 6.438269535876073 48.90351230596368 30.763636363636362
v 3.2260419714343715 49.21988910668811 30.763636363636362
v 3.020315710223905e-15 49.32549878588286 30.763636363636362
v -3.2260419714343542 49.21988910668811 30.763636363636362
v -6.438269535876056 48.90351230596369 30.763636363636362
v -9.622927441744016 48.37772315774133 30.763636363636362
v -12.766378494967741 47.644773171874334 30.763636363636362
v -15.85516195554592 46.707800952726735 30.763636363636362
v -18.876051178501708 45.5708187591875 30.763636363636362
v -21.81611025240706 44.23869532356205 30.763636363636362
v -24.662749392941418 42.71713500291304 30.763636363636362
v -27.403778854281033 41.01265335212769 30.763636363636362
v -30.027461127461947 39.13254922331144 30.763636363636362
v -32.52256120219537 37.08487351098272 30.763636363636362
v -34.87839467690658 34.87839467690659 30.763636363636362
v -37.084873510982696 32.52256120219539 30.763636363636362
v -39.13254922331142 30.027461127461976 30.763636363636362
v -41.01265335212767 27.40377885428106 30.763636363636362
v -42.71713500291303 24.662749392941446 30.763636363636362
v -44.23869532356204 21.816110252407086 30.763636363636362
v -45.570818759187496 18.876051178501726 30.763636363636362
v -46.70780095272673 15.85516195554594 30.763636363636362
v -47.64477317187433 12.76637849496776 30.763636363636362
v -48.37772315774132 9.622927441744046 30.763636363636362
v -48.90351230596368 6.438269535876087 30.763636363636362
v -49.21988910668811 3.2260419714343858 30.763636363636362
v -49.32549878588286 6.04063142044781e-15 30.763636363636362
v -49.21988910668811 -3.2260419714343516 30.763636363636362
v -48.90351230596369 -6.438269535876054 30.763636363636362
v -48.37772315774133 -9.622927441744013 30.763636363636362
v -47.64477317187434 -12.766378494967729 30.763636363636362
v -46.707800952726735 -15.855161955545906 30.763636363636362
v -45.5708187591875 -18.876051178501694 30.763636363636362
v -44.23869532356205 -21.816110252407057 30.763636363636362
v -42.71713500291305 -24.662749392941414 30.763636363636362
v -41.01265335212769 -27.403778854281033 30.763636363636362
v -39.13254922331144 -30.027461127461947 30.763636363636362
v -37.08487351098272 -32.52256120219537 30.763636363636362
v -34.8783946769066 -34.87839467690657 30.763636363636362
v -32.5225612021954 -37.084873510982696 30.763636363636362
v -30.027461127461976 -39.13254922331142 30.763636363636362
v -27.403778854281082 -41.012653352127664 30.763636363636362
v -24.66274939294145 -42.71713500291303 30.763636363636362
v -21.81611025240707 -44.23869532356204 30.763636363636362
v -18.876051178501747 -45.57081875918748 30.763636363636362
v -15.855161955545942 -46.70780095272673 30.763636363636362
v -12.766378494967785 -47.64477317187433 30.763636363636362
v -9.62292744174405 -48.377723157741315 30.763636363636362
v -6.4382695358761115 -48.90351230596367 30.763636363636362
v -3.2260419714343884 -49.21988910668811 30.763636363636362
v -9.060947130671715e-15 -49.32549878588286 30.763636363636362
v 3.226041971434327 -49.219889106688115 30.763636363636362
v 6.438269535876051 -48.90351230596369 30.763636363636362
v 9.622927441743988 -48.37772315774133 30.763636363636362
v 12.766378494967725 -47.64477317187434 30.763636363636362
v 15.855161955545926 -46.707800952726735 30.763636363636362
v 18.87605117850169 -45.5708187591875 30.763636363636362
v 21.816110252407054 -44.23869532356205 30.763636363636362
v 24.662749392941397 -42.71713500291306 30.763636363636362
v 27.403778854281025 -41.01265335212769 30.763636363636362
v 30.027461127461926 -39.13254922331146 30.763636363636362
v 32.52256120219537 -37.08487351098272 30.763636363636362
v 34.878394676906574 -34.878394676906595 30.763636363636362
v 37.084873510982675 -32.52256120219542 30.763636363636362
v 39.13254922331142 -30.02746112746198 30.763636363636362
v 41.01265335212766 -27.403778854281082 30.763636363636362
v 42.717135002913025 -24.66274939294145 30.763636363636362
v 44.23869532356202 -21.81611025240711 30.763636363636362
v 45.57081875918748 -18.87605117850175 30.763636363636362
v 46.70780095272673 -15.855161955545945 30.763636363636362
v 47.64477317187433 -12.766378494967789 30.763636363636362
v 48.377723157741315 -9.622927441744054 30.763636363636362
v 48.90351230596367 -6.438269535876116 30.763636363636362
v 49.21988910668811 -3.2260419714343915 30.763636363636362
v 52.36346330302187 0.0 31.418181818181818
v 52.25134910859753 3.4247343573453928 31.418181818181818
v 51.915486615517125 6.834803476397849 31.418181818181818
v 51.35731403853857 10.21560491766625 31.418181818181818
v 50.579221558328705 13.552661570349006 31.418181818181818
v 49.58454108634271 16.83168364554507 31.418181818181818
v 48.37753199706776 20.03862986732383 31.418181818181818
v 46.963362888727545 23.159767599624278 31.418181818181818
v 45.34808945055115 26.18173165151093 31.418181818181818
v 43.538628531382145 29.091581508973245 31.418181818181818
v 41.54272852066992 31.87685674819329 31.418181818181818
v 39.368936168676456 34.5256303929935 31.418181818181818
v 37.026559987979695 37.026559987979695 31.418181818181818
v 34.5256303929935 39.36893616867645 31.418181818181818
v 31.876856748193294 41.54272852066991 31.418181818181818
v 29.091581508973256 43.53862853138214 31.418181818181818
v 26.18173165151094 45.34808945055114 31.418181818181818
v 23.15976759962429 46.96336288872754 31.418181818181818
v 20.03862986732383 48.37753199706776 31.418181818181818
v 16.831683645545077 49.5845410863427 31.418181818181818
v 13.552661570349018 50.5792215583287 31.418181818181818
v 10.215604917666255 51.35731403853857 31.418181818181818
v 6.834803476397856 51.915486615517125 31.418181818181818
v 3.424734357345404 52.25134910859753 31.418181818181818
v 3.206337386315781e-15 52.36346330302187 31.418181818181818
v -3.4247343573453857 52.25134910859753 31.418181818181818
v -6.8348034763978385 51.915486615517125 31.418181818181818
v -10.215604917666235 51.357314038538576 31.418181818181818
v -13.552661570349 50.579221558328705 31.418181818181818
v -16.83168364554506 49.58454108634271 31.418181818181818
v -20.038629867323813 48.37753199706777 31.418181818181818
v -23.15976759962427 46.963362888727545 31.418181818181818
v -26.181731651510923 45.34808945055115 31.418181818181818
v -29.091581508973235 43.53862853138215 31.418181818181818
v -31.876856748193276 41.542728520669925 31.418181818181818
v -34.52563039299348 39.36893616867648 31.418181818181818
v -37.02655998797969 37.026559987979695 31.418181818181818
v -39.36893616867645 34.5256303929935 31.418181818181818
v -41.542728520669904 31.87685674819331 31.418181818181818
v -43.53862853138214 29.091581508973263 31.418181818181818
v -45.348089450551136 26.18173165151095 31.418181818181818
v -46.96336288872753 23.159767599624303 31.418181818181818
v -48.37753199706776 20.038629867323834 31.418181818181818
v -49.5845410863427 16.83168364554508 31.418181818181818
v -50.5792215583287 13.55266157034902 31.418181818181818
v -51.35731403853857 10.215604917666269 31.418181818181818
v -51.915486615517125 6.8348034763978704 31.418181818181818
v -52.25134910859753 3.424734357345419 31.418181818181818
v -52.36346330302187 6.412674772631562e-15 31.418181818181818
v -52.25134910859753 -3.424734357345383 31.418181818181818
v -51.915486615517125 -6.834803476397836 31.418181818181818
v -51.357314038538576 -10.215604917666234 31.418181818181818
v -50.57922155832871 -13.552661570348986 31.418181818181818
v -49.58454108634272 -16.831683645545045 31.418181818181818
v -48.37753199706777 -20.0386298673238 31.418181818181818
v -46.963362888727545 -23.15976759962427 31.418181818181818
v -45.34808945055116 -26.18173165151092 31.418181818181818
v -43.53862853138216 -29.091581508973235 31.418181818181818
v -41.542728520669925 -31.876856748193276 31.418181818181818
v -39.36893616867648 -34.52563039299348 31.418181818181818
v -37.02655998797972 -37.026559987979674 31.418181818181818
v -34.525630392993506 -39.36893616867645 31.418181818181818
v -31.87685674819331 -41.5427285206699 31.418181818181818
v -29.091581508973288 -43.53862853138212 31.418181818181818
v -26.181731651510958 -45.348089450551136 31.418181818181818
v -23.159767599624285 -46.96336288872754 31.418181818181818
v -20.03862986732386 -48.37753199706775 31.418181818181818
v -16.831683645545084 -49.5845410863427 31.418181818181818
v -13.552661570349047 -50.57922155832869 31.418181818181818
v -10.215604917666273 -51.35731403853856 31.418181818181818
v -6.834803476397897 -51.91548661551712 31.418181818181818
v -3.424734357345422 -52.25134910859753 31.418181818181818
v -9.619012158947343e-15 -52.36346330302187 31.418181818181818
v 3.424734357345357 -52.25134910859753 31.418181818181818
v 6.834803476397833 -51.915486615517125 31.418181818181818
v 10.215604917666207 -51.35731403853858 31.418181818181818
v 13.552661570348983 -50.57922155832871 31.418181818181818
v 16.831683645545066 -49.58454108634271 31.418181818181818
v 20.0386298673238 -48.37753199706777 31.418181818181818
v 23.159767599624267 -46.963362888727545 31.418181818181818
v 26.181731651510898 -45.34808945055117 31.418181818181818
v 29.091581508973228 -43.53862853138216 31.418181818181818
v 31.876856748193255 -41.54272852066994 31.418181818181818
v 34.52563039299347 -39.36893616867648 31.418181818181818
v 37.02655998797969 -37.0265599879797 31.418181818181818
v 39.368936168676434 -34.52563039299353 31.418181818181818
v 41.5427285206699 -31.876856748193312 31.418181818181818
v 43.538628531382116 -29.091581508973288 31.418181818181818
v 45.348089450551136 -26.181731651510958 31.418181818181818
v 46.96336288872752 -23.159767599624328 31.418181818181818
v 48.37753199706775 -20.038629867323863 31.418181818181818
v 49.5845410863427 -16.831683645545088 31.418181818181818
v 50.57922155832869 -13.55266157034905 31.418181818181818
v 51.35731403853856 -10.215604917666274 31.418181818181818
v 51.91548661551712 -6.8348034763979015 31.418181818181818
v 52.25134910859753 -3.4247343573454248 31.418181818181818
v 49.36346330302187 0.0 31.418181818181818
v 49.257772338881715 3.2285249696549636 31.418181818181818
v 48.94115203139569 6.443224899737694 31.418181818181818
v 48.41495819732888 9.630333951617866 31.418181818181818
v 47.6814440794615 12.776204435041445 31.418181818181818
v 46.743750697857394 15.867365249635585 31.418181818181818
v 45.6058933995339 18.89057957022856 31.418181818181818
v 44.272744664129476 21.832901528967273 31.418181818181818
v 42.750013239197834 24.68173165151093 31.418181818181818
v 41.04421969447451 27.424870809914438 31.418181818181818
v 39.16266849979621 30.05057246116713 31.418181818181818
v 37.11341674623952 32.54759294769329 31.418181818181818
v 34.90523964442006 34.90523964442006 31.418181818181818
v 32.547592947693296 37.11341674623952 31.418181818181818
v 30.050572461167132 39.162668499796204 31.418181818181818
v 27.42487080991445 41.044219694474506 31.418181818181818
v 24.68173165151094 42.75001323919783 31.418181818181818
v 21.832901528967284 44.27274466412947 31.418181818181818
v 18.890579570228564 45.6058933995339 31.418181818181818
v 15.867365249635593 46.74375069785739 31.418181818181818
v 12.776204435041455 47.68144407946149 31.418181818181818
v 9.63033395161787 48.41495819732888 31.418181818181818
v 6.443224899737701 48.94115203139569 31.418181818181818
v 3.2285249696549743 49.257772338881715 31.418181818181818
v 3.022640366443678e-15 49.36346330302187 31.418181818181818
v -3.228524969654957 49.257772338881715 31.418181818181818
v -6.443224899737684 48.941152031395696 31.418181818181818
v -9.630333951617851 48.41495819732888 31.418181818181818
v -12.77620443504144 47.6814440794615 31.418181818181818
v -15.867365249635576 46.743750697857394 31.418181818181818
v -18.890579570228546 45.605893399533905 31.418181818181818
v -21.83290152896727 44.272744664129476 31.418181818181818
v -24.681731651510923 42.750013239197834 31.418181818181818
v -27.424870809914427 41.04421969447451 31.418181818181818
v -30.050572461167118 39.16266849979622 31.418181818181818
v -32.547592947693275 37.113416746239544 31.418181818181818
v -34.90523964442005 34.90523964442006 31.418181818181818
v -37.11341674623952 32.547592947693296 31.418181818181818
v -39.1626684997962 30.050572461167143 31.418181818181818
v -41.0442196944745 27.424870809914456 31.418181818181818
v -42.75001323919783 24.68173165151095 31.418181818181818
v -44.27274466412947 21.832901528967295 31.418181818181818
v -45.6058933995339 18.890579570228564 31.418181818181818
v -46.74375069785739 15.867365249635595 31.418181818181818
v -47.68144407946149 12.776204435041457 31.418181818181818
v -48.41495819732888 9.630333951617883 31.418181818181818
v -48.94115203139569 6.443224899737714 31.418181818181818
v -49.257772338881715 3.2285249696549885 31.418181818181818
v -49.36346330302187 6.045280732887356e-15 31.418181818181818
v -49.257772338881715 -3.2285249696549543 31.418181818181818
v -48.941152031395696 -6.4432248997376815 31.418181818181818
v -48.41495819732888 -9.63033395161785 31.418181818181818
v -47.68144407946151 -12.776204435041425 31.418181818181818
v -46.7437506978574 -15.867365249635563 31.418181818181818
v -45.60589339953391 -18.89057957022853 31.418181818181818
v -44.272744664129476 -21.832901528967266 31.418181818181818
v -42.75001323919784 -24.68173165151092 31.418181818181818
v -41.04421969447452 -27.424870809914427 31.418181818181818
v -39.16266849979622 -30.050572461167118 31.418181818181818
v -37.113416746239544 -32.547592947693275 31.418181818181818
v -34.90523964442007 -34.905239644420035 31.418181818181818
v -32.5475929476933 -37.11341674623952 31.418181818181818
v -30.050572461167143 -39.1626684997962 31.418181818181818
v -27.424870809914477 -41.044219694474485 31.418181818181818
v -24.681731651510955 -42.75001323919783 31.418181818181818
v -21.83290152896728 -44.27274466412947 31.418181818181818
v -18.89057957022859 -45.60589339953389 31.418181818181818
v -15.867365249635599 -46.74375069785739 31.418181818181818
v -12.776204435041482 -47.681444079461485 31.418181818181818
v -9.630333951617887 -48.41495819732887 31.418181818181818
v -6.443224899737739 -48.94115203139569 31.418181818181818
v -3.228524969654991 -49.257772338881715 31.418181818181818
v -9.067921099331033e-15 -49.36346330302187 31.418181818181818
v 3.2285249696549294 -49.25777233888172 31.418181818181818
v 6.443224899737679 -48.941152031395696 31.418181818181818
v 9.630333951617825 -48.414958197328886 31.418181818181818
v 12.776204435041421 -47.68144407946151 31.418181818181818
v 15.867365249635583 -46.743750697857394 31.418181818181818
v 18.890579570228528 -45.60589339953391 31.418181818181818
v 21.832901528967263 -44.272744664129476 31.418181818181818
v 24.6817316515109 -42.75001323919785 31.418181818181818
v 27.424870809914424 -41.04421969447452 31.418181818181818
v 30.050572461167096 -39.16266849979623 31.418181818181818
v 32.54759294769327 -37.113416746239544 31.418181818181818
v 34.90523964442004 -34.90523964442006 31.418181818181818
v 37.1134167462395 -32.54759294769332 31.418181818181818
v 39.1626684997962 -30.05057246116715 31.418181818181818
v 41.044219694474485 -27.424870809914477 31.418181818181818
v 42.75001323919782 -24.681731651510955 31.418181818181818
v 44.27274466412945 -21.83290152896732 31.418181818181818
v 45.60589339953389 -18.89057957022859 31.418181818181818
v 46.74375069785739 -15.8673652496356 31.418181818181818
v 47.681444079461485 -12.776204435041485 31.418181818181818
v 48.41495819732887 -9.630333951617889 31.418181818181818
v 48.94115203139569 -6.443224899737744 31.418181818181818
v 49.257772338881715 -3.228524969654994 31.418181818181818
v 52.39902516861677 0.0 32.07272727272727
v 52.28683483350841 3.4270602146365614 32.07272727272727
v 51.950744244422054 6.839445231302192 32.07272727272727
v 51.392192592857725 10.222542693476655 32.07272727272727
v 50.613571682737835 13.561865658444342 32.07272727272727
v 49.618215688335574 16.843114632607076 32.07272727272727
v 48.41038687682881 20.052238804110992 32.07272727272727
v 46.99525735661766 23.17549621057999 32.07272727272727
v 45.3788869295623 26.19951258430838 32.07272727272727
v 43.568197141981095 29.111338622928418 32.07272727272727
v 41.57094164552662 31.898505440311055 32.07272727272727
v 39.39567299485892 34.54907796025064 32.07272727272727
v 37.051706024293495 37.051706024293495 32.07272727272727
v 34.54907796025065 39.39567299485891 32.07272727272727
v 31.898505440311062 41.57094164552662 32.07272727272727
v 29.11133862292843 43.56819714198109 32.07272727272727
v 26.19951258430839 45.3788869295623 32.07272727272727
v 23.175496210580004 46.99525735661765 32.07272727272727
v 20.052238804110996 48.41038687682881 32.07272727272727
v 16.843114632607087 49.618215688335574 32.07272727272727
v 13.561865658444354 50.613571682737835 32.07272727272727
v 10.222542693476658 51.392192592857725 32.07272727272727
v 6.8394452313022 51.950744244422054 32.07272727272727
v 3.427060214636572 52.28683483350841 32.07272727272727
v 3.208514922559406e-15 52.39902516861677 32.07272727272727
v -3.427060214636554 52.28683483350841 32.07272727272727
v -6.839445231302182 51.950744244422054 32.07272727272727
v -10.222542693476639 51.39219259285773 32.07272727272727
v -13.561865658444336 50.613571682737835 32.07272727272727
v -16.84311463260707 49.618215688335574 32.07272727272727
v -20.052238804110978 48.41038687682881 32.07272727272727
v -23.175496210579986 46.99525735661766 32.07272727272727
v -26.199512584308373 45.3788869295623 32.07272727272727
v -29.111338622928404 43.5681971419811 32.07272727272727
v -31.898505440311045 41.570941645526624 32.07272727272727
v -34.54907796025063 39.39567299485894 32.07272727272727
v -37.05170602429349 37.051706024293495 32.07272727272727
v -39.39567299485891 34.54907796025065 32.07272727272727
v -41.57094164552661 31.898505440311073 32.07272727272727
v -43.56819714198108 29.111338622928432 32.07272727272727
v -45.37888692956229 26.1995125843084 32.07272727272727
v -46.99525735661765 23.175496210580015 32.07272727272727
v -48.41038687682881 20.052238804111 32.07272727272727
v -49.618215688335574 16.84311463260709 32.07272727272727
v -50.613571682737835 13.561865658444358 32.07272727272727
v -51.392192592857725 10.222542693476672 32.07272727272727
v -51.950744244422054 6.839445231302214 32.07272727272727
v -52.28683483350841 3.4270602146365876 32.07272727272727
v -52.39902516861677 6.417029845118812e-15 32.07272727272727
v -52.28683483350841 -3.427060214636551 32.07272727272727
v -51.950744244422054 -6.83944523130218 32.07272727272727
v -51.39219259285773 -10.222542693476637 32.07272727272727
v -50.61357168273784 -13.561865658444322 32.07272727272727
v -49.61821568833558 -16.843114632607055 32.07272727272727
v -48.41038687682882 -20.052238804110964 32.07272727272727
v -46.99525735661766 -23.175496210579983 32.07272727272727
v -45.378886929562306 -26.19951258430837 32.07272727272727
v -43.5681971419811 -29.111338622928404 32.07272727272727
v -41.570941645526624 -31.898505440311045 32.07272727272727
v -39.39567299485894 -34.54907796025063 32.07272727272727
v -37.051706024293516 -37.05170602429347 32.07272727272727
v -34.549077960250656 -39.39567299485891 32.07272727272727
v -31.898505440311073 -41.5709416455266 32.07272727272727
v -29.111338622928457 -43.56819714198107 32.07272727272727
v -26.19951258430841 -45.37888692956229 32.07272727272727
v -23.175496210579997 -46.99525735661765 32.07272727272727
v -20.05223880411102 -48.410386876828795 32.07272727272727
v -16.84311463260709 -49.618215688335574 32.07272727272727
v -13.561865658444383 -50.61357168273783 32.07272727272727
v -10.222542693476676 -51.39219259285772 32.07272727272727
v -6.83944523130224 -51.95074424442205 32.07272727272727
v -3.4270602146365903 -52.28683483350841 32.07272727272727
v -9.625544767678218e-15 -52.39902516861677 32.07272727272727
v 3.427060214636525 -52.286834833508415 32.07272727272727
v 6.839445231302176 -51.950744244422054 32.07272727272727
v 10.22254269347661 -51.39219259285774 32.07272727272727
v 13.561865658444319 -50.61357168273784 32.07272727272727
v 16.843114632607072 -49.618215688335574 32.07272727272727
v 20.05223880411096 -48.41038687682882 32.07272727272727
v 23.17549621057998 -46.99525735661766 32.07272727272727
v 26.199512584308348 -45.37888692956232 32.07272727272727
v 29.1113386229284 -43.5681971419811 32.07272727272727
v 31.898505440311023 -41.570941645526645 32.07272727272727
v 34.54907796025062 -39.39567299485894 32.07272727272727
v 37.05170602429348 -37.0517060242935 32.07272727272727
v 39.3956729948589 -34.54907796025067 32.07272727272727
v 41.5709416455266 -31.89850544031108 32.07272727272727
v 43.56819714198107 -29.111338622928457 32.07272727272727
v 45.378886929562285 -26.19951258430841 32.07272727272727
v 46.99525735661763 -23.17549621058004 32.07272727272727
v 48.410386876828795 -20.052238804111024 32.07272727272727
v 49.618215688335574 -16.843114632607094 32.07272727272727
v 50.61357168273783 -13.561865658444386 32.07272727272727
v 51.39219259285772 -10.222542693476678 32.07272727272727
v 51.95074424442205 -6.8394452313022445 32.07272727272727
v 52.28683483350841 -3.4270602146365934 32.07272727272727
v 49.39902516861677 0.0 32.07272727272727
v 49.2932580637926 3.2308508269461322 32.07272727272727
v 48.97640966030062 6.447866654642038 32.07272727272727
v 48.449836751648036 9.637271727428269 32.07272727272727
v 47.71579420387063 12.78540852313678 32.07272727272727
v 46.77742529985026 15.878796236697593 32.07272727272727
v 45.638748279294944 18.90418850701572 32.07272727272727
v 44.304639132019595 21.848630139922985 32.07272727272727
v 42.78081071820898 24.69951258430838 32.07272727272727
v 41.07378830507346 27.44462792386961 32.07272727272727
v 39.19088162465292 30.072221153284897 32.07272727272727
v 37.14015357242199 32.57104051495044 32.07272727272727
v 34.93038568073385 34.93038568073385 32.07272727272727
v 32.57104051495045 37.14015357242198 32.07272727272727
v 30.0722211532849 39.19088162465291 32.07272727272727
v 27.44462792386962 41.07378830507345 32.07272727272727
v 24.69951258430839 42.78081071820898 32.07272727272727
v 21.848630139923 44.30463913201959 32.07272727272727
v 18.904188507015725 45.638748279294944 32.07272727272727
v 15.878796236697601 46.77742529985026 32.07272727272727
v 12.785408523136791 47.71579420387063 32.07272727272727
v 9.637271727428272 48.449836751648036 32.07272727272727
v 6.447866654642045 48.97640966030062 32.07272727272727
v 3.2308508269461425 49.2932580637926 32.07272727272727
v 3.0248179026873033e-15 49.39902516861677 32.07272727272727
v -3.230850826946125 49.2932580637926 32.07272727272727
v -6.447866654642028 48.976409660300625 32.07272727272727
v -9.637271727428255 48.449836751648036 32.07272727272727
v -12.785408523136775 47.71579420387063 32.07272727272727
v -15.878796236697584 46.77742529985026 32.07272727272727
v -18.904188507015707 45.63874827929495 32.07272727272727
v -21.84863013992298 44.304639132019595 32.07272727272727
v -24.699512584308373 42.78081071820898 32.07272727272727
v -27.4446279238696 41.073788305073464 32.07272727272727
v -30.072221153284886 39.19088162465292 32.07272727272727
v -32.57104051495042 37.14015357242201 32.07272727272727
v -34.93038568073385 34.93038568073385 32.07272727272727
v -37.14015357242198 32.57104051495045 32.07272727272727
v -39.1908816246529 30.07222115328491 32.07272727272727
v -41.07378830507345 27.444627923869625 32.07272727272727
v -42.780810718208976 24.6995125843084 32.07272727272727
v -44.30463913201958 21.84863013992301 32.07272727272727
v -45.638748279294944 18.90418850701573 32.07272727272727
v -46.77742529985026 15.878796236697603 32.07272727272727
v -47.71579420387063 12.785408523136795 32.07272727272727
v -48.449836751648036 9.637271727428287 32.07272727272727
v -48.97640966030062 6.447866654642058 32.07272727272727
v -49.2932580637926 3.2308508269461567 32.07272727272727
v -49.39902516861677 6.0496358053746066e-15 32.07272727272727
v -49.2932580637926 -3.2308508269461225 32.07272727272727
v -48.976409660300625 -6.447866654642025 32.07272727272727
v -48.449836751648036 -9.637271727428253 32.07272727272727
v -47.71579420387064 -12.785408523136761 32.07272727272727
v -46.777425299850265 -15.878796236697571 32.07272727272727
v -45.63874827929496 -18.904188507015697 32.07272727272727
v -44.304639132019595 -21.848630139922978 32.07272727272727
v -42.78081071820899 -24.69951258430837 32.07272727272727
v -41.07378830507347 -27.4446279238696 32.07272727272727
v -39.19088162465292 -30.072221153284886 32.07272727272727
v -37.14015357242201 -32.57104051495042 32.07272727272727
v -34.93038568073387 -34.93038568073383 32.07272727272727
v -32.57104051495045 -37.14015357242198 32.07272727272727
v -30.07222115328491 -39.190881624652896 32.07272727272727
v -27.44462792386965 -41.073788305073435 32.07272727272727
v -24.699512584308405 -42.780810718208976 32.07272727272727
v -21.848630139922992 -44.30463913201959 32.07272727272727
v -18.90418850701575 -45.63874827929494 32.07272727272727
v -15.878796236697607 -46.77742529985026 32.07272727272727
v -12.785408523136818 -47.71579420387062 32.07272727272727
v -9.63727172742829 -48.44983675164803 32.07272727272727
v -6.447866654642083 -48.97640966030062 32.07272727272727
v -3.2308508269461593 -49.2932580637926 32.07272727272727
v -9.074453708061908e-15 -49.39902516861677 32.07272727272727
v 3.2308508269460976 -49.29325806379261 32.07272727272727
v 6.447866654642023 -48.976409660300625 32.07272727272727
v 9.637271727428228 -48.44983675164804 32.07272727272727
v 12.785408523136757 -47.71579420387064 32.07272727272727
v 15.878796236697589 -46.77742529985026 32.07272727272727
v 18.904188507015693 -45.63874827929496 32.07272727272727
v 21.848630139922975 -44.304639132019595 32.07272727272727
v 24.69951258430835 -42.780810718209004 32.07272727272727
v 27.444627923869593 -41.07378830507347 32.07272727272727
v 30.07222115328486 -39.19088162465294 32.07272727272727
v 32.57104051495042 -37.14015357242201 32.07272727272727
v 34.93038568073384 -34.930385680733856 32.07272727272727
v 37.140153572421966 -32.57104051495047 32.07272727272727
v 39.190881624652896 -30.072221153284918 32.07272727272727
v 41.07378830507343 -27.44462792386965 32.07272727272727
v 42.78081071820897 -24.699512584308405 32.07272727272727
v 44.30463913201957 -21.848630139923035 32.07272727272727
v 45.63874827929494 -18.904188507015753 32.07272727272727
v 46.77742529985026 -15.878796236697609 32.07272727272727
v 47.71579420387062 -12.785408523136821 32.07272727272727
v 48.44983675164803 -9.637271727428292 32.07272727272727
v 48.97640966030062 -6.447866654642087 32.07272727272727
v 49.2932580637926 -3.230850826946162 32.07272727272727
v 52.43242803802919 0.0 32.72727272727273
v 52.32016618481337 3.4292448668213993 32.72727272727273
v 51.98386134765614 6.843805180655819 32.72727272727273
v 51.42495363550066 10.229059270026585 32.72727272727273
v 50.64583637697545 13.570510957209349 32.72727272727273
v 49.64984587179379 16.853851633090596 32.72727272727273
v 48.44124710420609 20.06502152882858 32.72727272727273
v 47.025215479682636 23.190269921941965 32.72727272727273
v 45.40781466303275 26.21621401901459 32.72727272727273
v 43.59597061286123 29.129896262871398 32.72727272727273
v 41.59744192355028 31.918839818827554 32.72727272727273
v 39.4207866017672 34.57110200241006 32.72727272727273
v 37.07532541976611 37.07532541976611 32.72727272727273
v 34.571102002410065 39.42078660176719 32.72727272727273
v 31.91883981882756 41.59744192355027 32.72727272727273
v 29.12989626287141 43.59597061286122 32.72727272727273
v 26.2162140190146 45.407814663032745 32.72727272727273
v 23.19026992194198 47.02521547968263 32.72727272727273
v 20.06502152882858 48.44124710420609 32.72727272727273
v 16.853851633090606 49.64984587179378 32.72727272727273
v 13.570510957209361 50.64583637697545 32.72727272727273
v 10.229059270026589 51.42495363550066 32.72727272727273
v 6.843805180655827 51.98386134765614 32.72727272727273
v 3.4292448668214104 52.32016618481337 32.72727272727273
v 3.210560258414819e-15 52.43242803802919 32.72727272727273
v -3.429244866821392 52.32016618481337 32.72727272727273
v -6.843805180655809 51.983861347656145 32.72727272727273
v -10.229059270026571 51.424953635500664 32.72727272727273
v -13.570510957209343 50.64583637697545 32.72727272727273
v -16.85385163309059 49.64984587179379 32.72727272727273
v -20.065021528828566 48.44124710420609 32.72727272727273
v -23.19026992194196 47.025215479682636 32.72727272727273
v -26.216214019014583 45.40781466303275 32.72727272727273
v -29.129896262871387 43.59597061286124 32.72727272727273
v -31.918839818827543 41.59744192355028 32.72727272727273
v -34.57110200241004 39.42078660176722 32.72727272727273
v -37.0753254197661 37.07532541976611 32.72727272727273
v -39.42078660176719 34.571102002410065 32.72727272727273
v -41.597441923550264 31.91883981882757 32.72727272727273
v -43.595970612861215 29.129896262871416 32.72727272727273
v -45.40781466303274 26.21621401901461 32.72727272727273
v -47.02521547968262 23.19026992194199 32.72727272727273
v -48.44124710420609 20.065021528828584 32.72727272727273
v -49.64984587179378 16.85385163309061 32.72727272727273
v -50.64583637697545 13.570510957209363 32.72727272727273
v -51.42495363550066 10.229059270026605 32.72727272727273
v -51.98386134765614 6.843805180655841 32.72727272727273
v -52.32016618481337 3.4292448668214255 32.72727272727273
v -52.43242803802919 6.421120516829638e-15 32.72727272727273
v -52.32016618481337 -3.429244866821389 32.72727272727273
v -51.983861347656145 -6.8438051806558065 32.72727272727273
v -51.424953635500664 -10.229059270026568 32.72727272727273
v -50.64583637697546 -13.57051095720933 32.72727272727273
v -49.649845871793794 -16.853851633090574 32.72727272727273
v -48.4412471042061 -20.06502152882855 32.72727272727273
v -47.025215479682636 -23.190269921941958 32.72727272727273
v -45.40781466303276 -26.21621401901458 32.72727272727273
v -43.595970612861244 -29.129896262871387 32.72727272727273
v -41.59744192355028 -31.918839818827543 32.72727272727273
v -39.42078660176722 -34.57110200241004 32.72727272727273
v -37.07532541976612 -37.07532541976608 32.72727272727273
v -34.57110200241007 -39.42078660176719 32.72727272727273
v -31.91883981882757 -41.59744192355026 32.72727272727273
v -29.129896262871437 -43.59597061286121 32.72727272727273
v -26.21621401901462 -45.40781466303274 32.72727272727273
v -23.190269921941972 -47.02521547968263 32.72727272727273
v -20.06502152882861 -48.44124710420608 32.72727272727273
v -16.85385163309061 -49.64984587179378 32.72727272727273
v -13.57051095720939 -50.645836376975446 32.72727272727273
v -10.229059270026607 -51.42495363550065 32.72727272727273
v -6.843805180655867 -51.98386134765613 32.72727272727273
v -3.4292448668214286 -52.32016618481337 32.72727272727273
v -9.631680775244457e-15 -52.43242803802919 32.72727272727273
v 3.429244866821363 -52.320166184813374 32.72727272727273
v 6.843805180655803 -51.983861347656145 32.72727272727273
v 10.229059270026541 -51.42495363550067 32.72727272727273
v 13.570510957209326 -50.64583637697546 32.72727272727273
v 16.853851633090592 -49.64984587179379 32.72727272727273
v 20.06502152882855 -48.4412471042061 32.72727272727273
v 23.190269921941955 -47.025215479682636 32.72727272727273
v 26.216214019014558 -45.40781466303277 32.72727272727273
v 29.12989626287138 -43.595970612861244 32.72727272727273
v 31.918839818827518 -41.5974419235503 32.72727272727273
v 34.571102002410036 -39.42078660176722 32.72727272727273
v 37.075325419766095 -37.07532541976611 32.72727272727273
v 39.420786601767176 -34.571102002410086 32.72727272727273
v 41.59744192355026 -31.91883981882758 32.72727272727273
v 43.5959706128612 -29.129896262871437 32.72727272727273
v 45.40781466303273 -26.21621401901462 32.72727272727273
v 47.02521547968261 -23.190269921942015 32.72727272727273
v 48.44124710420608 -20.065021528828613 32.72727272727273
v 49.64984587179378 -16.853851633090613 32.72727272727273
v 50.645836376975446 -13.570510957209393 32.72727272727273
v 51.42495363550065 -10.22905927002661 32.72727272727273
v 51.98386134765613 -6.843805180655871 32.72727272727273
v 52.32016618481337 -3.4292448668214313 32.72727272727273
v 49.43242803802919 0.0 32.72727272727273
v 49.32658941509756 3.23303547913097 32.72727272727273
v 49.0095267635347 6.452226603995665 32.72727272727273
v 48.48259779429097 9.643788303978202 32.72727272727273
v 47.74805889810825 12.794053821901787 32.72727272727273
v 46.80905548330847 15.889533237181112 32.72727272727273
v 45.669608506672226 18.91697123173331 32.72727272727273
v 44.33459725508457 21.863403851284964 32.72727272727273
v 42.809738451679436 24.71621401901459 32.72727272727273
v 41.10156177595359 27.46318556381259 32.72727272727273
v 39.21738190267657 30.09255553180139 32.72727272727273
v 37.165267179330264 32.59306455710985 32.72727272727273
v 34.954005076206464 34.954005076206464 32.72727272727273
v 32.593064557109855 37.165267179330264 32.72727272727273
v 30.0925555318014 39.217381902676564 32.72727272727273
v 27.4631855638126 41.10156177595359 32.72727272727273
v 24.7162140190146 42.80973845167943 32.72727272727273
v 21.863403851284975 44.33459725508456 32.72727272727273
v 18.916971231733314 45.669608506672226 32.72727272727273
v 15.889533237181121 46.80905548330846 32.72727272727273
v 12.794053821901798 47.74805889810825 32.72727272727273
v 9.643788303978205 48.48259779429097 32.72727272727273
v 6.452226603995672 49.0095267635347 32.72727272727273
v 3.2330354791309803 49.32658941509756 32.72727272727273
v 3.0268632385427162e-15 49.43242803802919 32.72727272727273
v -3.2330354791309635 49.32658941509756 32.72727272727273
v -6.452226603995655 49.00952676353471 32.72727272727273
v -9.643788303978187 48.482597794290974 32.72727272727273
v -12.794053821901782 47.74805889810825 32.72727272727273
v -15.889533237181103 46.80905548330847 32.72727272727273
v -18.916971231733296 45.66960850667223 32.72727272727273
v -21.863403851284957 44.33459725508457 32.72727272727273
v -24.716214019014583 42.809738451679436 32.72727272727273
v -27.46318556381258 41.1015617759536 32.72727272727273
v -30.09255553180138 39.21738190267657 32.72727272727273
v -32.593064557109834 37.165267179330286 32.72727272727273
v -34.95400507620646 34.954005076206464 32.72727272727273
v -37.165267179330264 32.593064557109855 32.72727272727273
v -39.21738190267656 30.09255553180141 32.72727272727273
v -41.101561775953584 27.46318556381261 32.72727272727273
v -42.80973845167942 24.71621401901461 32.72727272727273
v -44.33459725508456 21.863403851284986 32.72727272727273
v -45.669608506672226 18.916971231733317 32.72727272727273
v -46.80905548330846 15.889533237181123 32.72727272727273
v -47.74805889810825 12.7940538219018 32.72727272727273
v -48.48259779429097 9.64378830397822 32.72727272727273
v -49.0095267635347 6.452226603995685 32.72727272727273
v -49.32658941509756 3.233035479130995 32.72727272727273
v -49.43242803802919 6.0537264770854324e-15 32.72727272727273
v -49.32658941509756 -3.2330354791309603 32.72727272727273
v -49.00952676353471 -6.452226603995652 32.72727272727273
v -48.482597794290974 -9.643788303978184 32.72727272727273
v -47.748058898108255 -12.794053821901768 32.72727272727273
v -46.80905548330848 -15.889533237181091 32.72727272727273
v -45.66960850667224 -18.91697123173328 32.72727272727273
v -44.33459725508457 -21.863403851284954 32.72727272727273
v -42.80973845167944 -24.71621401901458 32.72727272727273
v -41.101561775953606 -27.46318556381258 32.72727272727273
v -39.21738190267657 -30.09255553180138 32.72727272727273
v -37.165267179330286 -32.593064557109834 32.72727272727273
v -34.95400507620648 -34.95400507620644 32.72727272727273
v -32.59306455710986 -37.165267179330264 32.72727272727273
v -30.09255553180141 -39.21738190267655 32.72727272727273
v -27.46318556381263 -41.10156177595357 32.72727272727273
v -24.716214019014615 -42.80973845167942 32.72727272727273
v -21.863403851284968 -44.33459725508456 32.72727272727273
v -18.91697123173334 -45.66960850667222 32.72727272727273
v -15.889533237181126 -46.80905548330846 32.72727272727273
v -12.794053821901825 -47.74805889810824 32.72727272727273
v -9.643788303978221 -48.48259779429096 32.72727272727273
v -6.45222660399571 -49.0095267635347 32.72727272727273
v -3.2330354791309976 -49.32658941509756 32.72727272727273
v -9.080589715628147e-15 -49.43242803802919 32.72727272727273
v 3.233035479130936 -49.326589415097565 32.72727272727273
v 6.4522266039956495 -49.00952676353471 32.72727272727273
v 9.643788303978159 -48.482597794290974 32.72727272727273
v 12.794053821901764 -47.748058898108255 32.72727272727273
v 15.889533237181109 -46.80905548330847 32.72727272727273
v 18.916971231733278 -45.66960850667224 32.72727272727273
v 21.86340385128495 -44.33459725508457 32.72727272727273
v 24.71621401901456 -42.80973845167945 32.72727272727273
v 27.463185563812576 -41.101561775953606 32.72727272727273
v 30.09255553180136 -39.21738190267659 32.72727272727273
v 32.59306455710983 -37.165267179330286 32.72727272727273
v 34.95400507620645 -34.95400507620647 32.72727272727273
v 37.16526717933024 -32.59306455710988 32.72727272727273
v 39.21738190267655 -30.092555531801413 32.72727272727273
v 41.10156177595357 -27.46318556381263 32.72727272727273
v 42.80973845167942 -24.716214019014615 32.72727272727273
v 44.33459725508454 -21.86340385128501 32.72727272727273
v 45.66960850667222 -18.91697123173334 32.72727272727273
v 46.80905548330846 -15.889533237181128 32.72727272727273
v 47.74805889810824 -12.794053821901828 32.72727272727273
v 48.48259779429096 -9.643788303978225 32.72727272727273
v 49.0095267635347 -6.4522266039957135 32.72727272727273
v 49.32658941509756 -3.2330354791310003 32.72727272727273
v 52.46373711910152 0.0 33.38181818181818
v 52.3514082307398 3.4312925786968504 33.38181818181818
v 52.01490257519964 6.8478918357901 33.38181818181818
v 51.455661121359356 10.235167368735016 33.38181818181818
v 50.676078626980605 13.578614343675529 33.38181818181818
v 49.67949338398799 16.863915607369623 33.38181818181818
v 48.47017292339056 20.07700299543754 33.38181818181818
v 47.05329574105885 23.204117574401412 33.38181818181818
v 45.43492912261054 26.231868559550758 33.38181818181818
v 43.62200316236199 29.147290656338384 33.38181818181818
v 41.62228108760046 31.9378995797621 33.38181818181818
v 39.44432601525297 34.59174551398973 33.38181818181818
v 37.09746428330507 37.09746428330507 33.38181818181818
v 34.591745513989736 39.44432601525296 33.38181818181818
v 31.937899579762103 41.622281087600456 33.38181818181818
v 29.1472906563384 43.62200316236199 33.38181818181818
v 26.23186855955077 45.434929122610534 33.38181818181818
v 23.204117574401423 47.05329574105885 33.38181818181818
v 20.077002995437542 48.47017292339056 33.38181818181818
v 16.86391560736963 49.67949338398798 33.38181818181818
v 13.57861434367554 50.6760786269806 33.38181818181818
v 10.235167368735022 51.455661121359356 33.38181818181818
v 6.847891835790107 52.01490257519964 33.38181818181818
v 3.431292578696861 52.3514082307398 33.38181818181818
v 3.212477386710793e-15 52.46373711910152 33.38181818181818
v -3.431292578696843 52.3514082307398 33.38181818181818
v -6.84789183579009 52.01490257519965 33.38181818181818
v -10.235167368735002 51.45566112135936 33.38181818181818
v -13.578614343675524 50.676078626980605 33.38181818181818
v -16.863915607369613 49.67949338398799 33.38181818181818
v -20.077002995437525 48.470172923390564 33.38181818181818
v -23.204117574401405 47.05329574105885 33.38181818181818
v -26.23186855955075 45.43492912261054 33.38181818181818
v -29.147290656338374 43.622003162362 33.38181818181818
v -31.93789957976209 41.62228108760047 33.38181818181818
v -34.591745513989714 39.44432601525298 33.38181818181818
v -37.09746428330507 37.09746428330507 33.38181818181818
v -39.44432601525296 34.591745513989736 33.38181818181818
v -41.62228108760045 31.937899579762117 33.38181818181818
v -43.622003162361985 29.147290656338402 33.38181818181818
v -45.434929122610534 26.23186855955078 33.38181818181818
v -47.05329574105884 23.204117574401433 33.38181818181818
v -48.47017292339056 20.077002995437542 33.38181818181818
v -49.67949338398798 16.863915607369634 33.38181818181818
v -50.6760786269806 13.578614343675543 33.38181818181818
v -51.455661121359356 10.235167368735036 33.38181818181818
v -52.01490257519964 6.847891835790122 33.38181818181818
v -52.3514082307398 3.4312925786968766 33.38181818181818
v -52.46373711910152 6.424954773421586e-15 33.38181818181818
v -52.3514082307398 -3.4312925786968402 33.38181818181818
v -52.01490257519965 -6.8478918357900875 33.38181818181818
v -51.45566112135936 -10.235167368734999 33.38181818181818
v -50.67607862698061 -13.578614343675508 33.38181818181818
v -49.679493383987996 -16.8639156073696 33.38181818181818
v -48.47017292339057 -20.07700299543751 33.38181818181818
v -47.05329574105885 -23.2041175744014 33.38181818181818
v -45.43492912261055 -26.231868559550747 33.38181818181818
v -43.622003162362006 -29.147290656338374 33.38181818181818
v -41.62228108760047 -31.93789957976209 33.38181818181818
v -39.44432601525298 -34.591745513989714 33.38181818181818
v -37.097464283305094 -37.09746428330505 33.38181818181818
v -34.59174551398974 -39.44432601525296 33.38181818181818
v -31.937899579762117 -41.62228108760044 33.38181818181818
v -29.147290656338427 -43.62200316236197 33.38181818181818
v -26.231868559550787 -45.434929122610534 33.38181818181818
v -23.204117574401415 -47.05329574105885 33.38181818181818
v -20.077002995437567 -48.47017292339054 33.38181818181818
v -16.863915607369638 -49.67949338398798 33.38181818181818
v -13.57861434367557 -50.67607862698059 33.38181818181818
v -10.235167368735038 -51.45566112135935 33.38181818181818
v -6.847891835790148 -52.014902575199635 33.38181818181818
v -3.4312925786968793 -52.3514082307398 33.38181818181818
v -9.63743216013238e-15 -52.46373711910152 33.38181818181818
v 3.431292578696814 -52.35140823073981 33.38181818181818
v 6.847891835790084 -52.01490257519965 33.38181818181818
v 10.235167368734974 -51.45566112135937 33.38181818181818
v 13.578614343675506 -50.67607862698061 33.38181818181818
v 16.86391560736962 -49.67949338398799 33.38181818181818
v 20.077002995437507 -48.47017292339057 33.38181818181818
v 23.204117574401398 -47.05329574105885 33.38181818181818
v 26.231868559550726 -45.43492912261056 33.38181818181818
v 29.147290656338367 -43.622003162362006 33.38181818181818
v 31.937899579762064 -41.622281087600484 33.38181818181818
v 34.59174551398971 -39.44432601525298 33.38181818181818
v 37.097464283305065 -37.09746428330508 33.38181818181818
v 39.44432601525295 -34.591745513989764 33.38181818181818
v 41.62228108760044 -31.93789957976212 33.38181818181818
v 43.62200316236196 -29.147290656338427 33.38181818181818
v 45.43492912261053 -26.231868559550787 33.38181818181818
v 47.05329574105882 -23.20411757440146 33.38181818181818
v 48.47017292339054 -20.07700299543757 33.38181818181818
v 49.67949338398798 -16.863915607369638 33.38181818181818
v 50.67607862698059 -13.578614343675572 33.38181818181818
v 51.45566112135935 -10.235167368735041 33.38181818181818
v 52.014902575199635 -6.847891835790152 33.38181818181818
v 52.3514082307398 -3.4312925786968824 33.38181818181818
v 49.46373711910152 0.0 33.38181818181818
v 49.35783146102399 3.2350831910064213 33.38181818181818
v 49.040567991078206 6.456313259129946 33.38181818181818
v 48.513305280149666 9.649896402686633 33.38181818181818
v 47.7783011481134 12.802157208367966 33.38181818181818
v 46.83870299550267 15.899597211460136 33.38181818181818
v 45.6985343258567 18.92895269834227 33.38181818181818
v 44.362677516460785 21.877251503744407 33.38181818181818
v 42.836852911257225 24.731868559550758 33.38181818181818
v 41.12759432545436 27.48057995727958 33.38181818181818
v 39.242221066726756 30.111615292735937 33.38181818181818
v 37.188806592816036 32.613708068689526 33.38181818181818
v 34.976143939745434 34.976143939745434 33.38181818181818
v 32.61370806868953 37.18880659281603 33.38181818181818
v 30.111615292735944 39.24222106672675 33.38181818181818
v 27.48057995727959 41.12759432545435 33.38181818181818
v 24.73186855955077 42.83685291125722 33.38181818181818
v 21.877251503744418 44.36267751646078 33.38181818181818
v 18.928952698342272 45.6985343258567 33.38181818181818
v 15.899597211460145 46.838702995502665 33.38181818181818
v 12.802157208367978 47.77830114811339 33.38181818181818
v 9.649896402686636 48.513305280149666 33.38181818181818
v 6.456313259129952 49.040567991078206 33.38181818181818
v 3.2350831910064315 49.35783146102399 33.38181818181818
v 3.0287803668386902e-15 49.46373711910152 33.38181818181818
v -3.235083191006414 49.35783146102399 33.38181818181818
v -6.456313259129936 49.04056799107821 33.38181818181818
v -9.649896402686618 48.51330528014967 33.38181818181818
v -12.80215720836796 47.7783011481134 33.38181818181818
v -15.89959721146013 46.83870299550267 33.38181818181818
v -18.928952698342254 45.6985343258567 33.38181818181818
v -21.8772515037444 44.362677516460785 33.38181818181818
v -24.73186855955075 42.836852911257225 33.38181818181818
v -27.480579957279566 41.12759432545437 33.38181818181818
v -30.111615292735927 39.24222106672676 33.38181818181818
v -32.61370806868951 37.18880659281605 33.38181818181818
v -34.97614393974543 34.976143939745434 33.38181818181818
v -37.18880659281603 32.61370806868953 33.38181818181818
v -39.24222106672674 30.111615292735955 33.38181818181818
v -41.127594325454346 27.480579957279595 33.38181818181818
v -42.83685291125722 24.73186855955078 33.38181818181818
v -44.36267751646077 21.87725150374443 33.38181818181818
v -45.6985343258567 18.928952698342275 33.38181818181818
v -46.838702995502665 15.899597211460149 33.38181818181818
v -47.77830114811339 12.80215720836798 33.38181818181818
v -48.513305280149666 9.64989640268665 33.38181818181818
v -49.040567991078206 6.456313259129966 33.38181818181818
v -49.35783146102399 3.2350831910064457 33.38181818181818
v -49.46373711910152 6.0575607336773805e-15 33.38181818181818
v -49.35783146102399 -3.2350831910064115 33.38181818181818
v -49.04056799107821 -6.456313259129933 33.38181818181818
v -48.51330528014967 -9.649896402686615 33.38181818181818
v -47.77830114811341 -12.802157208367948 33.38181818181818
v -46.83870299550268 -15.899597211460115 33.38181818181818
v -45.698534325856706 -18.92895269834224 33.38181818181818
v -44.362677516460785 -21.8772515037444 33.38181818181818
v -42.83685291125723 -24.731868559550747 33.38181818181818
v -41.12759432545437 -27.480579957279566 33.38181818181818
v -39.24222106672676 -30.111615292735927 33.38181818181818
v -37.18880659281605 -32.61370806868951 33.38181818181818
v -34.97614393974545 -34.97614393974541 33.38181818181818
v -32.61370806868953 -37.18880659281603 33.38181818181818
v -30.111615292735955 -39.24222106672674 33.38181818181818
v -27.480579957279616 -41.12759432545434 33.38181818181818
v -24.731868559550783 -42.83685291125722 33.38181818181818
v -21.87725150374441 -44.36267751646078 33.38181818181818
v -18.928952698342297 -45.698534325856684 33.38181818181818
v -15.89959721146015 -46.838702995502665 33.38181818181818
v -12.802157208368005 -47.778301148113385 33.38181818181818
v -9.649896402686652 -48.51330528014966 33.38181818181818
v -6.456313259129991 -49.040567991078206 33.38181818181818
v -3.235083191006449 -49.35783146102399 33.38181818181818
v -9.08634110051607e-15 -49.46373711910152 33.38181818181818
v 3.235083191006387 -49.35783146102399 33.38181818181818
v 6.456313259129931 -49.04056799107821 33.38181818181818
v 9.649896402686592 -48.51330528014967 33.38181818181818
v 12.802157208367944 -47.77830114811341 33.38181818181818
v 15.899597211460135 -46.83870299550267 33.38181818181818
v 18.92895269834224 -45.698534325856706 33.38181818181818
v 21.877251503744397 -44.362677516460785 33.38181818181818
v 24.73186855955073 -42.83685291125724 33.38181818181818
v 27.480579957279563 -41.12759432545437 33.38181818181818
v 30.111615292735905 -39.24222106672678 33.38181818181818
v 32.613708068689505 -37.18880659281605 33.38181818181818
v 34.97614393974542 -34.976143939745434 33.38181818181818
v 37.188806592816015 -32.613708068689554 33.38181818181818
v 39.24222106672674 -30.11161529273596 33.38181818181818
v 41.12759432545433 -27.480579957279616 33.38181818181818
v 42.83685291125721 -24.731868559550783 33.38181818181818
v 44.36267751646076 -21.877251503744453 33.38181818181818
v 45.698534325856684 -18.9289526983423 33.38181818181818
v 46.838702995502665 -15.899597211460154 33.38181818181818
v 47.778301148113385 -12.802157208368008 33.38181818181818
v 48.51330528014966 -9.649896402686656 33.38181818181818
v 49.040567991078206 -6.4563132591299945 33.38181818181818
v 49.35783146102399 -3.2350831910064515 33.38181818181818
v 52.49287348845006 0.0 34.03636363636364
v 52.380482216885014 3.43319818842665 34.03636363636364
v 52.04378967886934 6.851694895136282 34.03636363636364
v 51.484237643540794 10.240851592413604 34.03636363636364
v 50.70422219861865 13.58615539096807 34.03636363636364
v 49.707083489988214 16.87328118635389 34.03636363636364
v 48.49709141868336 20.08815300126649 34.03636363636364
v 47.07942735651478 23.217004261038312 34.03636363636364
v 45.46016195864042 26.246436744225026 34.03636363636364
v 43.64622916808813 29.163477955846698 34.03636363636364
v 41.645396523547085 31.95563667760284 34.03636363636364
v 39.46623189757461 34.6109564571869 34.03636363636364
v 37.11806680765058 37.11806680765058 34.03636363636364
v 34.6109564571869 39.4662318975746 34.03636363636364
v 31.955636677602843 41.64539652354708 34.03636363636364
v 29.16347795584671 43.64622916808812 34.03636363636364
v 26.246436744225036 45.46016195864041 34.03636363636364
v 23.217004261038323 47.07942735651477 34.03636363636364
v 20.088153001266495 48.49709141868336 34.03636363636364
v 16.8732811863539 49.70708348998821 34.03636363636364
v 13.586155390968083 50.704222198618645 34.03636363636364
v 10.240851592413607 51.484237643540794 34.03636363636364
v 6.851694895136289 52.04378967886934 34.03636363636364
v 3.433198188426661 52.380482216885014 34.03636363636364
v 3.214261474783866e-15 52.49287348845006 34.03636363636364
v -3.4331981884266427 52.380482216885014 34.03636363636364
v -6.851694895136271 52.04378967886934 34.03636363636364
v -10.24085159241359 51.484237643540794 34.03636363636364
v -13.586155390968065 50.70422219861865 34.03636363636364
v -16.873281186353882 49.707083489988214 34.03636363636364
v -20.088153001266477 48.49709141868336 34.03636363636364
v -23.217004261038305 47.07942735651478 34.03636363636364
v -26.24643674422502 45.46016195864042 34.03636363636364
v -29.163477955846684 43.646229168088134 34.03636363636364
v -31.95563667760283 41.645396523547085 34.03636363636364
v -34.61095645718688 39.46623189757462 34.03636363636364
v -37.11806680765057 37.11806680765058 34.03636363636364
v -39.4662318975746 34.6109564571869 34.03636363636364
v -41.64539652354707 31.955636677602858 34.03636363636364
v -43.64622916808811 29.163477955846712 34.03636363636364
v -45.460161958640406 26.246436744225047 34.03636363636364
v -47.07942735651477 23.217004261038333 34.03636363636364
v -48.49709141868336 20.088153001266498 34.03636363636364
v -49.70708348998821 16.873281186353903 34.03636363636364
v -50.704222198618645 13.586155390968086 34.03636363636364
v -51.484237643540794 10.240851592413621 34.03636363636364
v -52.04378967886934 6.851694895136303 34.03636363636364
v -52.380482216885014 3.433198188426676 34.03636363636364
v -52.49287348845006 6.428522949567732e-15 34.03636363636364
v -52.380482216885014 -3.4331981884266396 34.03636363636364
v -52.04378967886934 -6.851694895136268 34.03636363636364
v -51.484237643540794 -10.240851592413586 34.03636363636364
v -50.70422219861866 -13.58615539096805 34.03636363636364
v -49.70708348998822 -16.873281186353868 34.03636363636364
v -48.49709141868337 -20.088153001266463 34.03636363636364
v -47.07942735651478 -23.2170042610383 34.03636363636364
v -45.46016195864043 -26.246436744225015 34.03636363636364
v -43.646229168088134 -29.163477955846684 34.03636363636364
v -41.645396523547085 -31.95563667760283 34.03636363636364
v -39.46623189757462 -34.61095645718688 34.03636363636364
v -37.1180668076506 -37.11806680765056 34.03636363636364
v -34.61095645718691 -39.4662318975746 34.03636363636364
v -31.955636677602858 -41.64539652354706 34.03636363636364
v -29.163477955846737 -43.646229168088105 34.03636363636364
v -26.246436744225054 -45.460161958640406 34.03636363636364
v -23.217004261038316 -47.07942735651477 34.03636363636364
v -20.088153001266523 -48.49709141868335 34.03636363636364
v -16.873281186353903 -49.70708348998821 34.03636363636364
v -13.586155390968111 -50.70422219861864 34.03636363636364
v -10.240851592413625 -51.48423764354079 34.03636363636364
v -6.85169489513633 -52.04378967886933 34.03636363636364
v -3.433198188426679 -52.380482216885014 34.03636363636364
v -9.642784424351597e-15 -52.49287348845006 34.03636363636364
v 3.4331981884266134 -52.380482216885014 34.03636363636364
v 6.851694895136266 -52.04378967886934 34.03636363636364
v 10.24085159241356 -51.4842376435408 34.03636363636364
v 13.586155390968047 -50.70422219861866 34.03636363636364
v 16.87328118635389 -49.707083489988214 34.03636363636364
v 20.08815300126646 -48.49709141868337 34.03636363636364
v 23.217004261038298 -47.07942735651478 34.03636363636364
v 26.246436744224994 -45.460161958640434 34.03636363636364
v 29.16347795584668 -43.646229168088134 34.03636363636364
v 31.955636677602804 -41.645396523547106 34.03636363636364
v 34.61095645718687 -39.46623189757462 34.03636363636364
v 37.11806680765057 -37.118066807650585 34.03636363636364
v 39.46623189757459 -34.61095645718693 34.03636363636364
v 41.64539652354706 -31.95563667760286 34.03636363636364
v 43.6462291680881 -29.163477955846737 34.03636363636364
v 45.460161958640406 -26.246436744225054 34.03636363636364
v 47.07942735651475 -23.217004261038362 34.03636363636364
v 48.49709141868335 -20.088153001266523 34.03636363636364
v 49.70708348998821 -16.873281186353907 34.03636363636364
v 50.70422219861864 -13.586155390968115 34.03636363636364
v 51.48423764354079 -10.240851592413629 34.03636363636364
v 52.04378967886933 -6.851694895136334 34.03636363636364
v 52.380482216885014 -3.433198188426682 34.03636363636364
v 49.49287348845006 0.0 34.03636363636364
v 49.3869054471692 3.2369888007362206 34.03636363636364
v 49.0694550947479 6.4601163184761266 34.03636363636364
v 48.5418818023311 9.655580626365218 34.03636363636364
v 47.80644471975145 12.809698255660509 34.03636363636364
v 46.8662931015029 15.908962790444406 34.03636363636364
v 45.725452821149496 18.940102704171224 34.03636363636364
v 44.388809131916716 21.890138190381307 34.03636363636364
v 42.862085747287104 24.746436744225026 34.03636363636364
v 41.15182033118049 27.49676725678789 34.03636363636364
v 39.26533650267338 30.129352390576678 34.03636363636364
v 37.210712475137676 32.63291901188669 34.03636363636364
v 34.99674646409094 34.99674646409094 34.03636363636364
v 32.6329190118867 37.21071247513767 34.03636363636364
v 30.129352390576685 39.26533650267337 34.03636363636364
v 27.4967672567879 41.15182033118048 34.03636363636364
v 24.746436744225036 42.8620857472871 34.03636363636364
v 21.890138190381318 44.38880913191671 34.03636363636364
v 18.940102704171228 45.725452821149496 34.03636363636364
v 15.908962790444415 46.86629310150289 34.03636363636364
v 12.80969825566052 47.80644471975144 34.03636363636364
v 9.655580626365223 48.5418818023311 34.03636363636364
v 6.460116318476134 49.0694550947479 34.03636363636364
v 3.236988800736231 49.3869054471692 34.03636363636364
v 3.0305644549117632e-15 49.49287348845006 34.03636363636364
v -3.2369888007362135 49.3869054471692 34.03636363636364
v -6.460116318476117 49.06945509474791 34.03636363636364
v -9.655580626365206 48.541881802331105 34.03636363636364
v -12.809698255660503 47.80644471975145 34.03636363636364
v -15.908962790444397 46.8662931015029 34.03636363636364
v -18.94010270417121 45.7254528211495 34.03636363636364
v -21.8901381903813 44.388809131916716 34.03636363636364
v -24.74643674422502 42.862085747287104 34.03636363636364
v -27.49676725678788 41.151820331180495 34.03636363636364
v -30.129352390576667 39.26533650267338 34.03636363636364
v -32.63291901188668 37.21071247513769 34.03636363636364
v -34.99674646409093 34.99674646409094 34.03636363636364
v -37.21071247513767 32.6329190118867 34.03636363636364
v -39.265336502673364 30.129352390576695 34.03636363636364
v -41.15182033118048 27.496767256787905 34.03636363636364
v -42.86208574728709 24.746436744225047 34.03636363636364
v -44.3888091319167 21.89013819038133 34.03636363636364
v -45.725452821149496 18.940102704171228 34.03636363636364
v -46.86629310150289 15.908962790444416 34.03636363636364
v -47.80644471975144 12.809698255660523 34.03636363636364
v -48.5418818023311 9.655580626365236 34.03636363636364
v -49.0694550947479 6.460116318476147 34.03636363636364
v -49.3869054471692 3.2369888007362455 34.03636363636364
v -49.49287348845006 6.0611289098235264e-15 34.03636363636364
v -49.3869054471692 -3.236988800736211 34.03636363636364
v -49.06945509474791 -6.460116318476114 34.03636363636364
v -48.541881802331105 -9.655580626365202 34.03636363636364
v -47.806444719751454 -12.80969825566049 34.03636363636364
v -46.866293101502905 -15.908962790444384 34.03636363636364
v -45.72545282114951 -18.940102704171196 34.03636363636364
v -44.388809131916716 -21.8901381903813 34.03636363636364
v -42.86208574728711 -24.746436744225015 34.03636363636364
v -41.1518203311805 -27.49676725678788 34.03636363636364
v -39.26533650267338 -30.129352390576667 34.03636363636364
v -37.21071247513769 -32.63291901188668 34.03636363636364
v -34.996746464090954 -34.99674646409092 34.03636363636364
v -32.632919011886706 -37.21071247513767 34.03636363636364
v -30.129352390576695 -39.26533650267336 34.03636363636364
v -27.49676725678793 -41.15182033118047 34.03636363636364
v -24.74643674422505 -42.86208574728709 34.03636363636364
v -21.890138190381315 -44.38880913191671 34.03636363636364
v -18.94010270417125 -45.72545282114949 34.03636363636364
v -15.90896279044442 -46.86629310150289 34.03636363636364
v -12.809698255660548 -47.80644471975143 34.03636363636364
v -9.65558062636524 -48.5418818023311 34.03636363636364
v -6.460116318476172 -49.069455094747894 34.03636363636364
v -3.236988800736248 -49.3869054471692 34.03636363636364
v -9.09169336473529e-15 -49.49287348845006 34.03636363636364
v 3.2369888007361864 -49.386905447169205 34.03636363636364
v 6.4601163184761115 -49.06945509474791 34.03636363636364
v 9.655580626365177 -48.54188180233111 34.03636363636364
v 12.809698255660487 -47.806444719751454 34.03636363636364
v 15.908962790444402 -46.8662931015029 34.03636363636364
v 18.940102704171192 -45.72545282114951 34.03636363636364
v 21.890138190381297 -44.388809131916716 34.03636363636364
v 24.746436744224997 -42.86208574728712 34.03636363636364
v 27.496767256787873 -41.1518203311805 34.03636363636364
v 30.129352390576646 -39.2653365026734 34.03636363636364
v 32.63291901188667 -37.21071247513769 34.03636363636364
v 34.996746464090926 -34.99674646409094 34.03636363636364
v 37.210712475137655 -32.63291901188672 34.03636363636364
v 39.26533650267336 -30.1293523905767 34.03636363636364
v 41.15182033118046 -27.49676725678793 34.03636363636364
v 42.86208574728709 -24.74643674422505 34.03636363636364
v 44.38880913191669 -21.890138190381354 34.03636363636364
v 45.72545282114949 -18.940102704171252 34.03636363636364
v 46.86629310150289 -15.908962790444422 34.03636363636364
v 47.80644471975143 -12.80969825566055 34.03636363636364
v 48.5418818023311 -9.655580626365241 34.03636363636364
v 49.069455094747894 -6.460116318476176 34.03636363636364
v 49.3869054471692 -3.236988800736251 34.03636363636364
v 52.51965103784155 0.0 34.69090909090909
v 52.40720243348777 3.434949523949968 34.69090909090909
v 52.07033814261371 6.855190066695337 34.69090909090909
v 51.510500669829234 10.246075633147191 34.69090909090909
v 50.73008732514062 13.593085930731762 34.69090909090909
v 49.73243995830106 16.88188854751242 34.69090909090909
v 48.521830648496966 20.098400325777952 34.69090909090909
v 47.10344341064905 23.228847668285947 34.69090909090909
v 45.483351996664545 26.25982551892077 34.69090909090909
v 43.66849388669908 29.17835476520182 34.69090909090909
v 41.66664058180164 31.971937816835755 34.69090909090909
v 39.486364325153865 34.62861212231681 34.69090909090909
v 37.13700139440886 37.13700139440886 34.69090909090909
v 34.62861212231682 39.48636432515386 34.69090909090909
v 31.97193781683576 41.66664058180163 34.69090909090909
v 29.17835476520183 43.668493886699075 34.69090909090909
v 26.25982551892078 45.48335199666454 34.69090909090909
v 23.228847668285958 47.10344341064904 34.69090909090909
v 20.098400325777956 48.521830648496966 34.69090909090909
v 16.88188854751243 49.73243995830105 34.69090909090909
v 13.593085930731773 50.730087325140616 34.69090909090909
v 10.246075633147196 51.510500669829234 34.69090909090909
v 6.855190066695345 52.07033814261371 34.69090909090909
v 3.434949523949979 52.40720243348777 34.69090909090909
v 3.2159011267914308e-15 52.51965103784155 34.69090909090909
v -3.434949523949961 52.40720243348777 34.69090909090909
v -6.855190066695327 52.070338142613714 34.69090909090909
v -10.246075633147177 51.51050066982924 34.69090909090909
v -13.593085930731757 50.73008732514062 34.69090909090909
v -16.88188854751241 49.73243995830106 34.69090909090909
v -20.098400325777938 48.52183064849697 34.69090909090909
v -23.22884766828594 47.10344341064905 34.69090909090909
v -26.259825518920763 45.483351996664545 34.69090909090909
v -29.17835476520181 43.66849388669908 34.69090909090909
v -31.97193781683574 41.66664058180164 34.69090909090909
v -34.628612122316795 39.48636432515388 34.69090909090909
v -37.137001394408856 37.13700139440886 34.69090909090909
v -39.48636432515386 34.62861212231682 34.69090909090909
v -41.66664058180162 31.971937816835773 34.69090909090909
v -43.66849388669907 29.17835476520184 34.69090909090909
v -45.48335199666453 26.259825518920792 34.69090909090909
v -47.10344341064904 23.228847668285972 34.69090909090909
v -48.521830648496966 20.09840032577796 34.69090909090909
v -49.73243995830105 16.881888547512432 34.69090909090909
v -50.730087325140616 13.593085930731776 34.69090909090909
v -51.510500669829234 10.24607563314721 34.69090909090909
v -52.07033814261371 6.855190066695359 34.69090909090909
v -52.40720243348777 3.434949523949994 34.69090909090909
v -52.51965103784155 6.4318022535828616e-15 34.69090909090909
v -52.40720243348777 -3.4349495239499577 34.69090909090909
v -52.070338142613714 -6.855190066695324 34.69090909090909
v -51.51050066982924 -10.246075633147175 34.69090909090909
v -50.73008732514063 -13.59308593073174 34.69090909090909
v -49.732439958301065 -16.881888547512396 34.69090909090909
v -48.52183064849698 -20.098400325777924 34.69090909090909
v -47.10344341064905 -23.22884766828594 34.69090909090909
v -45.483351996664545 -26.25982551892076 34.69090909090909
v -43.66849388669909 -29.17835476520181 34.69090909090909
v -41.66664058180164 -31.97193781683574 34.69090909090909
v -39.48636432515388 -34.628612122316795 34.69090909090909
v -37.13700139440888 -37.137001394408834 34.69090909090909
v -34.628612122316824 -39.48636432515386 34.69090909090909
v -31.971937816835773 -41.666640581801616 34.69090909090909
v -29.17835476520186 -43.66849388669905 34.69090909090909
v -26.2598255189208 -45.48335199666453 34.69090909090909
v -23.228847668285955 -47.10344341064904 34.69090909090909
v -20.098400325777984 -48.52183064849695 34.69090909090909
v -16.881888547512435 -49.73243995830105 34.69090909090909
v -13.593085930731803 -50.73008732514061 34.69090909090909
v -10.246075633147214 -51.51050066982923 34.69090909090909
v -6.8551900666953856 -52.07033814261371 34.69090909090909
v -3.434949523949997 -52.40720243348777 34.69090909090909
v -9.647703380374293e-15 -52.51965103784155 34.69090909090909
v 3.4349495239499315 -52.407202433487775 34.69090909090909
v 6.855190066695321 -52.070338142613714 34.69090909090909
v 10.246075633147148 -51.51050066982925 34.69090909090909
v 13.593085930731739 -50.73008732514063 34.69090909090909
v 16.881888547512418 -49.73243995830106 34.69090909090909
v 20.09840032577792 -48.52183064849698 34.69090909090909
v 23.228847668285937 -47.10344341064905 34.69090909090909
v 26.25982551892074 -45.48335199666456 34.69090909090909
v 29.178354765201803 -43.66849388669909 34.69090909090909
v 31.97193781683572 -41.66664058180166 34.69090909090909
v 34.62861212231679 -39.48636432515388 34.69090909090909
v 37.13700139440885 -37.13700139440886 34.69090909090909
v 39.48636432515384 -34.62861212231684 34.69090909090909
v 41.666640581801616 -31.971937816835776 34.69090909090909
v 43.66849388669905 -29.17835476520186 34.69090909090909
v 45.483351996664524 -26.2598255189208 34.69090909090909
v 47.10344341064902 -23.228847668285997 34.69090909090909
v 48.52183064849695 -20.098400325777984 34.69090909090909
v 49.73243995830105 -16.88188854751244 34.69090909090909
v 50.73008732514061 -13.593085930731805 34.69090909090909
v 51.51050066982923 -10.246075633147216 34.69090909090909
v 52.07033814261371 -6.855190066695389 34.69090909090909
v 52.40720243348777 -3.43494952395 34.69090909090909
v 49.51965103784155 0.0 34.69090909090909
v 49.41362566377196 3.2387401362595387 34.69090909090909
v 49.09600355849228 6.463611490035182 34.69090909090909
v 48.568144828619545 9.660804667098807 34.69090909090909
v 47.83230984627342 12.816628795424199 34.69090909090909
v 46.89164956981574 15.917570151602936 34.69090909090909
v 45.75019205096311 18.950350028682685 34.69090909090909
v 44.41282518605099 21.901981597628943 34.69090909090909
v 42.88527578531123 24.75982551892077 34.69090909090909
v 41.174085049791444 27.511644066143013 34.69090909090909
v 39.28658056092793 30.145653529809593 34.69090909090909
v 37.23084490271693 32.65057467701661 34.69090909090909
v 35.01568105084922 35.01568105084922 34.69090909090909
v 32.650574677016614 37.230844902716925 34.69090909090909
v 30.145653529809596 39.28658056092792 34.69090909090909
v 27.511644066143024 41.17408504979144 34.69090909090909
v 24.75982551892078 42.88527578531122 34.69090909090909
v 21.901981597628954 44.41282518605098 34.69090909090909
v 18.95035002868269 45.75019205096311 34.69090909090909
v 15.917570151602943 46.89164956981573 34.69090909090909
v 12.81662879542421 47.83230984627341 34.69090909090909
v 9.66080466709881 48.568144828619545 34.69090909090909
v 6.4636114900351895 49.09600355849228 34.69090909090909
v 3.238740136259549 49.41362566377196 34.69090909090909
v 3.032204106919328e-15 49.51965103784155 34.69090909090909
v -3.238740136259532 49.41362566377196 34.69090909090909
v -6.463611490035173 49.096003558492285 34.69090909090909
v -9.660804667098793 48.56814482861955 34.69090909090909
v -12.816628795424194 47.83230984627342 34.69090909090909
v -15.917570151602927 46.89164956981574 34.69090909090909
v -18.95035002868267 45.75019205096311 34.69090909090909
v -21.90198159762894 44.41282518605099 34.69090909090909
v -24.759825518920763 42.88527578531123 34.69090909090909
v -27.511644066143003 41.17408504979145 34.69090909090909
v -30.145653529809582 39.28658056092793 34.69090909090909
v -32.650574677016586 37.230844902716946 34.69090909090909
v -35.01568105084921 35.01568105084922 34.69090909090909
v -37.230844902716925 32.650574677016614 34.69090909090909
v -39.286580560927916 30.145653529809607 34.69090909090909
v -41.17408504979143 27.51164406614303 34.69090909090909
v -42.885275785311215 24.759825518920792 34.69090909090909
v -44.41282518605097 21.901981597628968 34.69090909090909
v -45.75019205096311 18.95035002868269 34.69090909090909
v -46.89164956981573 15.917570151602947 34.69090909090909
v -47.83230984627341 12.816628795424213 34.69090909090909
v -48.568144828619545 9.660804667098825 34.69090909090909
v -49.09600355849228 6.463611490035203 34.69090909090909
v -49.41362566377196 3.2387401362595636 34.69090909090909
v -49.51965103784155 6.064408213838656e-15 34.69090909090909
v -49.41362566377196 -3.238740136259529 34.69090909090909
v -49.096003558492285 -6.46361149003517 34.69090909090909
v -48.56814482861955 -9.660804667098791 34.69090909090909
v -47.832309846273425 -12.81662879542418 34.69090909090909
v -46.89164956981575 -15.917570151602913 34.69090909090909
v -45.750192050963115 -18.950350028682657 34.69090909090909
v -44.41282518605099 -21.901981597628936 34.69090909090909
v -42.88527578531123 -24.75982551892076 34.69090909090909
v -41.17408504979146 -27.511644066143003 34.69090909090909
v -39.28658056092793 -30.145653529809582 34.69090909090909
v -37.230844902716946 -32.650574677016586 34.69090909090909
v -35.01568105084923 -35.015681050849196 34.69090909090909
v -32.650574677016614 -37.230844902716925 34.69090909090909
v -30.145653529809607 -39.28658056092791 34.69090909090909
v -27.511644066143052 -41.17408504979142 34.69090909090909
v -24.759825518920795 -42.885275785311215 34.69090909090909
v -21.90198159762895 -44.41282518605098 34.69090909090909
v -18.950350028682713 -45.75019205096309 34.69090909090909
v -15.917570151602948 -46.89164956981573 34.69090909090909
v -12.816628795424238 -47.832309846273404 34.69090909090909
v -9.660804667098828 -48.56814482861954 34.69090909090909
v -6.463611490035228 -49.09600355849227 34.69090909090909
v -3.2387401362595662 -49.41362566377196 34.69090909090909
v -9.096612320757983e-15 -49.51965103784155 34.69090909090909
v 3.2387401362595045 -49.41362566377197 34.69090909090909
v 6.463611490035167 -49.096003558492285 34.69090909090909
v 9.660804667098766 -48.56814482861955 34.69090909090909
v 12.816628795424178 -47.832309846273425 34.69090909090909
v 15.917570151602932 -46.89164956981574 34.69090909090909
v 18.950350028682653 -45.750192050963115 34.69090909090909
v 21.901981597628932 -44.41282518605099 34.69090909090909
v 24.759825518920742 -42.885275785311244 34.69090909090909
v 27.511644066142996 -41.17408504979146 34.69090909090909
v 30.14565352980956 -39.28658056092795 34.69090909090909
v 32.650574677016586 -37.230844902716946 34.69090909090909
v 35.0156810508492 -35.015681050849224 34.69090909090909
v 37.23084490271691 -32.650574677016635 34.69090909090909
v 39.28658056092791 -30.145653529809614 34.69090909090909
v 41.174085049791415 -27.511644066143052 34.69090909090909
v 42.88527578531121 -24.759825518920795 34.69090909090909
v 44.41282518605096 -21.90198159762899 34.69090909090909
v 45.75019205096309 -18.950350028682713 34.69090909090909
v 46.89164956981573 -15.917570151602952 34.69090909090909
v 47.832309846273404 -12.816628795424242 34.69090909090909
v 48.56814482861954 -9.66080466709883 34.69090909090909
v 49.09600355849227 -6.463611490035232 34.69090909090909
v 49.41362566377196 -3.238740136259569 34.69090909090909
v 52.54381071121513 0.0 35.345454545454544
v 52.43131037914613 3.4365296421897784 35.345454545454544
v 52.09429112663242 6.858343536866071 35.345454545454544
v 51.53419612185339 10.250788951605449 35.345454545454544
v 50.75342377760687 13.599338914324301 35.345454545454544
v 49.755317480937265 16.889654420003524 35.345454545454544
v 48.54415127623898 20.107645832509377 35.345454545454544
v 47.12511156314215 23.23953321857847 35.345454545454544
v 45.5042748875532 26.27190535560756 35.345454545454544
v 43.688581920952366 29.191777160567657 35.345454545454544
v 41.68580773937291 31.98664529412304 35.345454545454544
v 39.504528529331814 34.64454170184987 35.345454545454544
v 37.15408486328257 37.15408486328257 35.345454545454544
v 34.644541701849874 39.50452852933181 35.345454545454544
v 31.986645294123047 41.685807739372905 35.345454545454544
v 29.19177716056767 43.68858192095236 35.345454545454544
v 26.271905355607572 45.504274887553194 35.345454545454544
v 23.23953321857848 47.12511156314214 35.345454545454544
v 20.107645832509377 48.54415127623898 35.345454545454544
v 16.88965442000353 49.75531748093726 35.345454545454544
v 13.599338914324314 50.75342377760687 35.345454545454544
v 10.250788951605452 51.53419612185339 35.345454545454544
v 6.858343536866078 52.09429112663242 35.345454545454544
v 3.4365296421897895 52.43131037914613 35.345454545454544
v 3.217380480124701e-15 52.54381071121513 35.345454545454544
v -3.436529642189771 52.43131037914613 35.345454545454544
v -6.858343536866061 52.09429112663242 35.345454545454544
v -10.250788951605434 51.5341961218534 35.345454545454544
v -13.599338914324296 50.75342377760687 35.345454545454544
v -16.889654420003513 49.755317480937265 35.345454545454544
v -20.10764583250936 48.54415127623898 35.345454545454544
v -23.23953321857846 47.12511156314215 35.345454545454544
v -26.271905355607554 45.5042748875532 35.345454545454544
v -29.191777160567646 43.68858192095237 35.345454545454544
v -31.98664529412303 41.68580773937292 35.345454545454544
v -34.64454170184985 39.50452852933183 35.345454545454544
v -37.15408486328256 37.15408486328257 35.345454545454544
v -39.50452852933181 34.644541701849874 35.345454545454544
v -41.6858077393729 31.986645294123058 35.345454545454544
v -43.68858192095236 29.191777160567675 35.345454545454544
v -45.50427488755319 26.271905355607583 35.345454545454544
v -47.12511156314214 23.23953321857849 35.345454545454544
v -48.54415127623898 20.10764583250938 35.345454545454544
v -49.75531748093726 16.889654420003534 35.345454545454544
v -50.75342377760687 13.599338914324315 35.345454545454544
v -51.53419612185339 10.250788951605466 35.345454545454544
v -52.09429112663242 6.8583435368660925 35.345454545454544
v -52.43131037914613 3.4365296421898046 35.345454545454544
v -52.54381071121513 6.434760960249402e-15 35.345454545454544
v -52.43131037914613 -3.436529642189768 35.345454545454544
v -52.09429112663242 -6.858343536866058 35.345454545454544
v -51.5341961218534 -10.250788951605431 35.345454545454544
v -50.753423777606876 -13.59933891432428 35.345454545454544
v -49.75531748093727 -16.8896544200035 35.345454545454544
v -48.544151276238985 -20.107645832509345 35.345454545454544
v -47.12511156314215 -23.239533218578458 35.345454545454544
v -45.5042748875532 -26.27190535560755 35.345454545454544
v -43.68858192095238 -29.191777160567646 35.345454545454544
v -41.68580773937292 -31.98664529412303 35.345454545454544
v -39.50452852933183 -34.64454170184985 35.345454545454544
v -37.15408486328259 -37.15408486328255 35.345454545454544
v -34.64454170184988 -39.50452852933181 35.345454545454544
v -31.986645294123058 -41.68580773937289 35.345454545454544
v -29.1917771605677 -43.688581920952345 35.345454545454544
v -26.27190535560759 -45.50427488755319 35.345454545454544
v -23.239533218578472 -47.12511156314214 35.345454545454544
v -20.107645832509405 -48.54415127623896 35.345454545454544
v -16.889654420003538 -49.75531748093726 35.345454545454544
v -13.599338914324342 -50.75342377760686 35.345454545454544
v -10.25078895160547 -51.53419612185339 35.345454545454544
v -6.858343536866119 -52.09429112663241 35.345454545454544
v -3.4365296421898077 -52.43131037914613 35.345454545454544
v -9.652141440374103e-15 -52.54381071121513 35.345454545454544
v 3.436529642189742 -52.43131037914613 35.345454545454544
v 6.858343536866054 -52.09429112663242 35.345454545454544
v 10.250788951605404 -51.534196121853405 35.345454545454544
v 13.599338914324278 -50.753423777606876 35.345454545454544
v 16.88965442000352 -49.755317480937265 35.345454545454544
v 20.107645832509345 -48.544151276238985 35.345454545454544
v 23.239533218578458 -47.12511156314215 35.345454545454544
v 26.27190535560753 -45.504274887553215 35.345454545454544
v 29.191777160567643 -43.68858192095238 35.345454545454544
v 31.986645294123004 -41.68580773937293 35.345454545454544
v 34.644541701849846 -39.50452852933183 35.345454545454544
v 37.15408486328256 -37.15408486328258 35.345454545454544
v 39.50452852933179 -34.644541701849896 35.345454545454544
v 41.68580773937289 -31.98664529412306 35.345454545454544
v 43.68858192095234 -29.1917771605677 35.345454545454544
v 45.50427488755318 -26.27190535560759 35.345454545454544
v 47.12511156314212 -23.23953321857852 35.345454545454544
v 48.54415127623896 -20.10764583250941 35.345454545454544
v 49.75531748093726 -16.88965442000354 35.345454545454544
v 50.75342377760686 -13.599338914324345 35.345454545454544
v 51.53419612185339 -10.250788951605474 35.345454545454544
v 52.09429112663241 -6.858343536866124 35.345454545454544
v 52.43131037914613 -3.4365296421898104 35.345454545454544
v 49.54381071121513 0.0 35.345454545454544
v 49.43773360943032 3.2403202544993492 35.345454545454544
v 49.119956542510984 6.466764960205916 35.345454545454544
v 48.5918402806437 9.665517985557063 35.345454545454544
v 47.855646298739664 12.822881779016738 35.345454545454544
v 46.91452709245195 15.925336024094038 35.345454545454544
v 45.77251267870511 18.959595535414106 35.345454545454544
v 44.43449333854409 21.912667147921464 35.345454545454544
v 42.906198676199885 24.77190535560756 35.345454545454544
v 41.194173084044735 27.525066461508853 35.345454545454544
v 39.305747718499205 30.160361007096878 35.345454545454544
v 37.24900910689488 32.666504256549665 35.345454545454544
v 35.03276451972293 35.03276451972293 35.345454545454544
v 32.666504256549665 37.249009106894874 35.345454545454544
v 30.160361007096885 39.3057477184992 35.345454545454544
v 27.525066461508864 41.19417308404473 35.345454545454544
v 24.771905355607572 42.90619867619988 35.345454545454544
v 21.912667147921475 44.43449333854408 35.345454545454544
v 18.95959553541411 45.77251267870511 35.345454545454544
v 15.925336024094047 46.91452709245194 35.345454545454544
v 12.82288177901675 47.855646298739664 35.345454545454544
v 9.665517985557068 48.5918402806437 35.345454545454544
v 6.466764960205923 49.119956542510984 35.345454545454544
v 3.2403202544993595 49.43773360943032 35.345454545454544
v 3.033683460252598e-15 49.54381071121513 35.345454545454544
v -3.240320254499342 49.43773360943032 35.345454545454544
v -6.466764960205906 49.11995654251099 35.345454545454544
v -9.66551798555705 48.59184028064371 35.345454545454544
v -12.822881779016733 47.855646298739664 35.345454545454544
v -15.92533602409403 46.91452709245195 35.345454545454544
v -18.959595535414092 45.77251267870512 35.345454545454544
v -21.912667147921457 44.43449333854409 35.345454545454544
v -24.771905355607554 42.906198676199885 35.345454545454544
v -27.525066461508843 41.194173084044735 35.345454545454544
v -30.160361007096867 39.30574771849921 35.345454545454544
v -32.66650425654964 37.249009106894896 35.345454545454544
v -35.032764519722924 35.03276451972293 35.345454545454544
v -37.249009106894874 32.666504256549665 35.345454545454544
v -39.30574771849919 30.160361007096895 35.345454545454544
v -41.19417308404472 27.525066461508867 35.345454545454544
v -42.90619867619987 24.771905355607583 35.345454545454544
v -44.43449333854407 21.912667147921486 35.345454545454544
v -45.77251267870511 18.95959553541411 35.345454545454544
v -46.91452709245194 15.92533602409405 35.345454545454544
v -47.855646298739664 12.822881779016752 35.345454545454544
v -48.5918402806437 9.66551798555708 35.345454545454544
v -49.119956542510984 6.4667649602059365 35.345454545454544
v -49.43773360943032 3.240320254499374 35.345454545454544
v -49.54381071121513 6.067366920505196e-15 35.345454545454544
v -49.43773360943032 -3.2403202544993395 35.345454545454544
v -49.11995654251099 -6.466764960205904 35.345454545454544
v -48.59184028064371 -9.665517985557047 35.345454545454544
v -47.85564629873967 -12.82288177901672 35.345454545454544
v -46.914527092451955 -15.925336024094017 35.345454545454544
v -45.77251267870513 -18.959595535414078 35.345454545454544
v -44.43449333854409 -21.912667147921457 35.345454545454544
v -42.906198676199885 -24.77190535560755 35.345454545454544
v -41.19417308404474 -27.525066461508843 35.345454545454544
v -39.30574771849921 -30.160361007096867 35.345454545454544
v -37.249009106894896 -32.66650425654964 35.345454545454544
v -35.032764519722946 -35.03276451972291 35.345454545454544
v -32.66650425654967 -37.249009106894874 35.345454545454544
v -30.160361007096895 -39.30574771849919 35.345454545454544
v -27.525066461508892 -41.194173084044714 35.345454545454544
v -24.771905355607586 -42.90619867619987 35.345454545454544
v -21.91266714792147 -44.43449333854408 35.345454545454544
v -18.959595535414135 -45.772512678705105 35.345454545454544
v -15.925336024094053 -46.91452709245194 35.345454545454544
v -12.822881779016777 -47.85564629873966 35.345454545454544
v -9.665517985557084 -48.591840280643694 35.345454545454544
v -6.466764960205961 -49.119956542510984 35.345454545454544
v -3.2403202544993768 -49.43773360943032 35.345454545454544
v -9.101050380757793e-15 -49.54381071121513 35.345454545454544
v 3.2403202544993146 -49.437733609430325 35.345454545454544
v 6.466764960205901 -49.11995654251099 35.345454545454544
v 9.665517985557022 -48.591840280643716 35.345454545454544
v 12.822881779016717 -47.85564629873967 35.345454545454544
v 15.925336024094035 -46.91452709245195 35.345454545454544
v 18.959595535414074 -45.77251267870513 35.345454545454544
v 21.912667147921454 -44.43449333854409 35.345454545454544
v 24.771905355607533 -42.9061986761999 35.345454545454544
v 27.525066461508835 -41.19417308404474 35.345454545454544
v 30.160361007096846 -39.30574771849923 35.345454545454544
v 32.666504256549636 -37.249009106894896 35.345454545454544
v 35.03276451972292 -35.03276451972293 35.345454545454544
v 37.24900910689486 -32.666504256549686 35.345454545454544
v 39.30574771849919 -30.1603610070969 35.345454545454544
v 41.19417308404471 -27.525066461508892 35.345454545454544
v 42.906198676199864 -24.771905355607586 35.345454545454544
v 44.43449333854406 -21.91266714792151 35.345454545454544
v 45.772512678705105 -18.959595535414135 35.345454545454544
v 46.91452709245194 -15.925336024094054 35.345454545454544
v 47.85564629873966 -12.82288177901678 35.345454545454544
v 48.591840280643694 -9.665517985557088 35.345454545454544
v 49.119956542510984 -6.466764960205966 35.345454545454544
v 49.43773360943032 -3.2403202544993794 35.345454545454544
v 52.56504707143448 0.0 36.0
v 52.45250127068812 3.4379185666015823 36.0
v 52.11534580684617 6.861115438102115 36.0
v 51.55502443136587 10.254931959959091 36.0
v 50.77393652639912 13.604835288797727 36.0
v 49.77542683026978 16.896480624277416 36.0
v 48.56377111479067 20.115772635729055 36.0
v 47.14415787575225 23.248925820524903 36.0
v 45.52266611498707 26.282523535717235 36.0
v 43.70623930915067 29.20357545016321 36.0
v 41.70265567668856 31.999573171117113 36.0
v 39.520494870310685 34.65854380708845 36.0
v 37.169101237601396 37.169101237601396 36.0
v 34.658543807088456 39.52049487031068 36.0
v 31.99957317111712 41.70265567668855 36.0
v 29.20357545016322 43.70623930915066 36.0
v 26.282523535717246 45.52266611498707 36.0
v 23.248925820524914 47.14415787575225 36.0
v 20.11577263572906 48.56377111479067 36.0
v 16.896480624277423 49.77542683026977 36.0
v 13.604835288797737 50.77393652639911 36.0
v 10.254931959959096 51.55502443136587 36.0
v 6.861115438102123 52.11534580684617 36.0
v 3.437918566601593 52.45250127068812 36.0
v 3.2186808321531094e-15 52.56504707143448 36.0
v -3.437918566601575 52.45250127068812 36.0
v -6.861115438102106 52.11534580684618 36.0
v -10.254931959959077 51.55502443136588 36.0
v -13.60483528879772 50.77393652639912 36.0
v -16.896480624277405 49.77542683026978 36.0
v -20.11577263572904 48.563771114790676 36.0
v -23.248925820524896 47.14415787575225 36.0
v -26.282523535717228 45.52266611498707 36.0
v -29.2035754501632 43.706239309150675 36.0
v -31.999573171117103 41.702655676688565 36.0
v -34.658543807088435 39.5204948703107 36.0
v -37.16910123760139 37.169101237601396 36.0
v -39.52049487031068 34.658543807088456 36.0
v -41.70265567668854 31.99957317111713 36.0
v -43.706239309150654 29.20357545016323 36.0
v -45.52266611498706 26.282523535717257 36.0
v -47.14415787575224 23.248925820524924 36.0
v -48.56377111479067 20.115772635729062 36.0
v -49.77542683026977 16.896480624277427 36.0
v -50.77393652639911 13.60483528879774 36.0
v -51.55502443136587 10.25493195995911 36.0
v -52.11534580684617 6.8611154381021375 36.0
v -52.45250127068812 3.4379185666016085 36.0
v -52.56504707143448 6.437361664306219e-15 36.0
v -52.45250127068812 -3.437918566601572 36.0
v -52.11534580684618 -6.861115438102103 36.0
v -51.55502443136588 -10.254931959959073 36.0
v -50.773936526399126 -13.604835288797705 36.0
v -49.77542683026978 -16.89648062427739 36.0
v -48.563771114790676 -20.115772635729027 36.0
v -47.14415787575225 -23.248925820524892 36.0
v -45.522666114987075 -26.282523535717225 36.0
v -43.706239309150675 -29.2035754501632 36.0
v -41.702655676688565 -31.999573171117103 36.0
v -39.5204948703107 -34.658543807088435 36.0
v -37.16910123760141 -37.16910123760137 36.0
v -34.65854380708846 -39.52049487031068 36.0
v -31.99957317111713 -41.70265567668854 36.0
v -29.20357545016325 -43.70623930915064 36.0
v -26.282523535717264 -45.52266611498706 36.0
v -23.248925820524907 -47.14415787575225 36.0
v -20.115772635729087 -48.563771114790654 36.0
v -16.89648062427743 -49.77542683026977 36.0
v -13.604835288797767 -50.773936526399105 36.0
v -10.254931959959114 -51.555024431365865 36.0
v -6.861115438102164 -52.115345806846165 36.0
v -3.437918566601611 -52.45250127068812 36.0
v -9.656042496459327e-15 -52.56504707143448 36.0
v 3.437918566601546 -52.452501270688124 36.0
v 6.861115438102099 -52.11534580684618 36.0
v 10.254931959959048 -51.55502443136588 36.0
v 13.604835288797702 -50.773936526399126 36.0
v 16.896480624277412 -49.77542683026978 36.0
v 20.115772635729023 -48.563771114790676 36.0
v 23.248925820524892 -47.14415787575225 36.0
v 26.282523535717203 -45.52266611498709 36.0
v 29.203575450163193 -43.706239309150675 36.0
v 31.999573171117078 -41.70265567668858 36.0
v 34.65854380708843 -39.5204948703107 36.0
v 37.16910123760138 -37.169101237601396 36.0
v 39.52049487031066 -34.658543807088485 36.0
v 41.70265567668854 -31.999573171117138 36.0
v 43.70623930915064 -29.20357545016325 36.0
v 45.522666114987054 -26.282523535717264 36.0
v 47.14415787575222 -23.248925820524953 36.0
v 48.563771114790654 -20.11577263572909 36.0
v 49.77542683026977 -16.896480624277434 36.0
v 50.773936526399105 -13.60483528879777 36.0
v 51.555024431365865 -10.254931959959116 36.0
v 52.115345806846165 -6.861115438102169 36.0
v 52.45250127068812 -3.4379185666016143 36.0
v 49.56504707143448 0.0 36.0
v 49.4589245009723 3.241709178911153 36.0
v 49.14101122272474 6.469536861441961 36.0
v 48.61266859015618 9.669660993910707 36.0
v 47.876159047531914 12.828378153490164 36.0
v 46.934636441784455 15.93216222836793 36.0
v 45.79213251725681 18.967722338633788 36.0
v 44.45353965115419 21.9220597498679 36.0
v 42.92458990363375 24.782523535717235 36.0
v 41.21183047224303 27.536864751104403 36.0
v 39.32259565581485 30.17328888409095 36.0
v 37.26497544787375 32.68050636178825 36.0
v 35.04778089404175 35.04778089404175 36.0
v 32.680506361788254 37.264975447873745 36.0
v 30.173288884090958 39.322595655814844 36.0
v 27.536864751104414 41.21183047224302 36.0
v 24.782523535717246 42.92458990363375 36.0
v 21.92205974986791 44.45353965115418 36.0
v 18.96772233863379 45.79213251725681 36.0
v 15.93216222836794 46.934636441784455 36.0
v 12.828378153490174 47.87615904753191 36.0
v 9.66966099391071 48.61266859015618 36.0
v 6.469536861441968 49.14101122272474 36.0
v 3.2417091789111634 49.4589245009723 36.0
v 3.0349838122810063e-15 49.56504707143448 36.0
v -3.241709178911146 49.4589245009723 36.0
v -6.469536861441951 49.14101122272475 36.0
v -9.669660993910693 48.61266859015618 36.0
v -12.828378153490158 47.876159047531914 36.0
v -15.932162228367922 46.934636441784455 36.0
v -18.967722338633774 45.79213251725681 36.0
v -21.922059749867895 44.45353965115419 36.0
v -24.782523535717228 42.92458990363375 36.0
v -27.536864751104392 41.21183047224304 36.0
v -30.17328888409094 39.32259565581486 36.0
v -32.68050636178823 37.264975447873766 36.0
v -35.04778089404174 35.04778089404175 36.0
v -37.264975447873745 32.680506361788254 36.0
v -39.322595655814844 30.17328888409097 36.0
v -41.21183047224302 27.53686475110442 36.0
v -42.924589903633745 24.782523535717257 36.0
v -44.45353965115417 21.92205974986792 36.0
v -45.79213251725681 18.96772233863379 36.0
v -46.934636441784455 15.932162228367941 36.0
v -47.87615904753191 12.828378153490178 36.0
v -48.61266859015618 9.669660993910725 36.0
v -49.14101122272474 6.4695368614419815 36.0
v -49.4589245009723 3.2417091789111776 36.0
v -49.56504707143448 6.0699676245620125e-15 36.0
v -49.4589245009723 -3.2417091789111434 36.0
v -49.14101122272475 -6.469536861441949 36.0
v -48.61266859015618 -9.669660993910691 36.0
v -47.87615904753192 -12.828378153490144 36.0
v -46.93463644178446 -15.93216222836791 36.0
v -45.79213251725682 -18.96772233863376 36.0
v -44.45353965115419 -21.92205974986789 36.0
v -42.92458990363376 -24.782523535717225 36.0
v -41.211830472243044 -27.536864751104392 36.0
v -39.32259565581486 -30.17328888409094 36.0
v -37.264975447873766 -32.68050636178823 36.0
v -35.047780894041765 -35.04778089404173 36.0
v -32.680506361788254 -37.264975447873745 36.0
v -30.17328888409097 -39.32259565581484 36.0
v -27.536864751104442 -41.21183047224301 36.0
v -24.78252353571726 -42.924589903633745 36.0
v -21.922059749867906 -44.45353965115418 36.0
v -18.967722338633816 -45.792132517256796 36.0
v -15.932162228367945 -46.934636441784455 36.0
v -12.828378153490203 -47.8761590475319 36.0
v -9.669660993910727 -48.612668590156176 36.0
v -6.469536861442006 -49.141011222724735 36.0
v -3.2417091789111807 -49.4589245009723 36.0
v -9.104951436843018e-15 -49.56504707143448 36.0
v 3.2417091789111185 -49.45892450097231 36.0
v 6.469536861441946 -49.14101122272475 36.0
v 9.669660993910666 -48.61266859015619 36.0
v 12.828378153490142 -47.87615904753192 36.0
v 15.932162228367929 -46.934636441784455 36.0
v 18.967722338633756 -45.79213251725682 36.0
v 21.922059749867888 -44.45353965115419 36.0
v 24.782523535717207 -42.92458990363377 36.0
v 27.536864751104385 -41.211830472243044 36.0
v 30.17328888409092 -39.32259565581487 36.0
v 32.680506361788225 -37.264975447873766 36.0
v 35.047780894041736 -35.04778089404176 36.0
v 37.26497544787373 -32.680506361788275 36.0
v 39.32259565581484 -30.173288884090972 36.0
v 41.211830472243 -27.536864751104442 36.0
v 42.92458990363374 -24.78252353571726 36.0
v 44.45353965115416 -21.922059749867945 36.0
v 45.792132517256796 -18.967722338633816 36.0
v 46.934636441784455 -15.932162228367947 36.0
v 47.8761590475319 -12.828378153490204 36.0
v 48.612668590156176 -9.66966099391073 36.0
v 49.141011222724735 -6.469536861442011 36.0
v 49.4589245009723 -3.2417091789111834 36.0
f 1 2 194
f 1 194 193
f 2 3 195
f 2 195 194
f 3 4 196
f 3 196 195
f 4 5 197
f 4 197 196
f 5 6 198
f 5 198 197
f 6 7 199
f 6 199 198
f 7 8 200
f 7 200 199
f 8 9 201
f 8 201 200
f 9 10 202
f 9 202 201
f 10 11 203
f 10 203 202
f 11 12 204
f 11 204 203
f 12 13 205
f 12 205 204
f 13 14 206
f 13 206 205
f 14 15 207
f 14 207 206
f 15 16 208
f 15 208 207
f 16 17 209
f 16 209 208
f 17 18 210
f 17 210 209
f 18 19 211
f 18 211 210
f 19 20 212
f 19 212 211
f 20 21 213
f 20 213 212
f 21 22 214
f 21 214 213
f 22 23 215
f 22 215 214
f 23 24 216
f 23 216 215
f 24 25 217
f 24 217 216
f 25 26 218
f 25 218 217
f 26 27 219
f 26 219 218
f 27 28 220
f 27 220 219
f 28 29 221
f 28 221 220
f 29 30 222
f 29 222 221
f 30 31 223
f 30 223 222
f 31 32 224
f 31 224 223
f 32 33 225
f 32 225 224
f 33 34 226
f 33 226 225
f 34 35 227
f 34 227 226
f 35 36 228
f 35 228 227
f 36 37 229
f 36 229 228
f 37 38 230
f 37 230 229
f 38 39 231
f 38 231 230
f 39 40 232
f 39 232 231
f 40 41 233
f 40 233 232
f 41 42 234
f 41 234 233
f 42 43 235
f 42 235 234
f 43 44 236
f 43 236 235
f 44 45 237
f 44 237 236
f 45 46 238
f 45 238 237
f 46 47 239
f 46 239 238
f 47 48 240
f 47 240 239
f 48 49 241
f 48 241 240
f 49 50 242
f 49 242 241
f 50 51 243
f 50 243 242
f 51 52 244
f 51 244 243
f 52 53 245
f 52 245 244
f 53 54 246
f 53 246 245
f 54 55 247
f 54 247 246
f 55 56 248
f 55 248 247
f 56 57 249
f 56 249 248
f 57 58 250
f 57 250 249
f 58 59 251
f 58 251 250
f 59 60 252
f 59 252 251
f 60 61 253
f 60 253 252
f 61 62 254
f 61 254 253
f 62 63 255
f 62 255 254
f 63 64 256
f 63 256 255
f 64 65 257
f 64 257 256
f 65 66 258
f 65 258 257
f 66 67 259
f 66 259 258
f 67 68 260
f 67 260 259
f 68 69 261
f 68 261 260
f 69 70 262
f 69 262 261
f 70 71 263
f 70 263 262
f 71 72 264
f 71 264 263
f 72 73 265
f 72 265 264
f 73 74 266
f 73 266 265
f 74 75 267
f 74 267 266
f 75 76 268
f 75 268 267
f 76 77 269
f 76 269 268
f 77 78 270
f 77 270 269
f 78 79 271
f 78 271 270
f 79 80 272
f 79 272 271
f 80 81 273
f 80 273 272
f 81 82 274
f 81 274 273
f 82 83 275
f 82 275 274
f 83 84 276
f 83 276 275
f 84 85 277
f 84 277 276
f 85 86 278
f 85 278 277
f 86 87 279
f 86 279 278
f 87 88 280
f 87 280 279
f 88 89 281
f 88 281 280
f 89 90 282
f 89 282 281
f 90 91 283
f 90 283 282
f 91 92 284
f 91 284 283
f 92 93 285
f 92 285 284
f 93 94 286
f 93 286 285
f 94 95 287
f 94 287 286
f 95 96 288
f 95 288 287
f 96 1 193
f 96 193 288
f 97 290 98
f 97 289 290
f 98 291 99
f 98 290 291
f 99 292 100
f 99 291 292
f 100 293 101
f 100 292 293
f 101 294 102
f 101 293 294
f 102 295 103
f 102 294 295
f 103 296 104
f 103 295 296
f 104 297 105
f 104 296 297
f 105 298 106
f 105 297 298
f 106 299 107
f 106 298 299
f 107 300 108
f 107 299 300
f 108 301 109
f 108 300 301
f 109 302 110
f 109 301 302
f 110 303 111
f 110 302 303
f 111 304 112
f 111 303 304
f 112 305 113
f 112 304 305
f 113 306 114
f 113 305 306
f 114 307 115
f 114 306 307
f 115 308 116
f 115 307 308
f 116 309 117
f 116 308 309
f 117 310 118
f 117 309 310
f 118 311 119
f 118 310 311
f 119 312 120
f 119 311 312
f 120 313 121
f 120 312 313
f 121 314 122
f 121 313 314
f 122 315 123
f 122 314 315
f 123 316 124
f 123 315 316
f 124 317 125
f 124 316 317
f 125 318 126
f 125 317 318
f 126 319 127
f 126 318 319
f 127 320 128
f 127 319 320
f 128 321 129
f 128 320 321
f 129 322 130
f 129 321 322
f 130 323 131
f 130 322 323
f 131 324 132
f 131 323 324
f 132 325 133
f 132 324 325
f 133 326 134
f 133 325 326
f 134 327 135
f 134 326 327
f 135 328 136
f 135 327 328
f 136 329 137
f 136 328 329
f 137 330 138
f 137 329 330
f 138 331 139
f 138 330 331
f 139 332 140
f 139 331 332
f 140 333 141
f 140 332 333
f 141 334 142
f 141 333 334
f 142 335 143
f 142 334 335
f 143 336 144
f 143 335 336
f 144 337 145
f 144 336 337
f 145 338 146
f 145 337 338
f 146 339 147
f 146 338 339
f 147 340 148
f 147 339 340
f 148 341 149
f 148 340 341
f 149 342 150
f 149 341 342
f 150 343 151
f 150 342 343
f 151 344 152
f 151 343 344
f 152 345 153
f 152 344 345
f 153 346 154
f 153 345 346
f 154 347 155
f 154 346 347
f 155 348 156
f 155 347 348
f 156 349 157
f 156 348 349
f 157 350 158
f 157 349 350
f 158 351 159
f 158 350 351
f 159 352 160
f 159 351 352
f 160 353 161
f 160 352 353
f 161 354 162
f 161 353 354
f 162 355 163
f 162 354 355
f 163 356 164
f 163 355 356
f 164 357 165
f 164 356 357
f 165 358 166
f 165 357 358
f 166 359 167
f 166 358 359
f 167 360 168
f 167 359 360
f 168 361 169
f 168 360 361
f 169 362 170
f 169 361 362
f 170 363 171
f 170 362 363
f 171 364 172
f 171 363 364
f 172 365 173
f 172 364 365
f 173 366 174
f 173 365 366
f 174 367 175
f 174 366 367
f 175 368 176
f 175 367 368
f 176 369 177
f 176 368 369
f 177 370 178
f 177 369 370
f 178 371 179
f 178 370 371
f 179 372 180
f 179 371 372
f 180 373 181
f 180 372 373
f 181 374 182
f 181 373 374
f 182 375 183
f 182 374 375
f 183 376 184
f 183 375 376
f 184 377 185
f 184 376 377
f 185 378 186
f 185 377 378
f 186 379 187
f 186 378 379
f 187 380 188
f 187 379 380
f 188 381 189
f 188 380 381
f 189 382 190
f 189 381 382
f 190 383 191
f 190 382 383
f 191 384 192
f 191 383 384
f 192 289 97
f 192 384 289
f 193 194 386
f 193 386 385
f 194 195 387
f 194 387 386
f 195 196 388
f 195 388 387
f 196 197 389
f 196 389 388
f 197 198 390
f 197 390 389
f 198 199 391
f 198 391 390
f 199 200 392
f 199 392 391
f 200 201 393
f 200 393 392
f 201 202 394
f 201 394 393
f 202 203 395
f 202 395 394
f 203 204 396
f 203 396 395
f 204 205 397
f 204 397 396
f 205 206 398
f 205 398 397
f 206 207 399
f 206 399 398
f 207 208 400
f 207 400 399
f 208 209 401
f 208 401 400
f 209 210 402
f 209 402 401
f 210 211 403
f 210 403 402
f 211 212 404
f 211 404 403
f 212 213 405
f 212 405 404
f 213 214 406
f 213 406 405
f 214 215 407
f 214 407 406
f 215 216 408
f 215 408 407
f 216 217 409
f 216 409 408
f 217 218 410
f 217 410 409
f 218 219 411
f 218 411 410
f 219 220 412
f 219 412 411
f 220 221 413
f 220 413 412
f 221 222 414
f 221 414 413
f 222 223 415
f 222 415 414
f 223 224 416
f 223 416 415
f 224 225 417
f 224 417 416
f 225 226 418
f 225 418 417
f 226 227 419
f 226 419 418
f 227 228 420
f 227 420 419
f 228 229 421
f 228 421 420
f 229 230 422
f 229 422 421
f 230 231 423
f 230 423 422
f 231 232 424
f 231 424 423
f 232 233 425
f 232 425 424
f 233 234 426
f 233 426 425
f 234 235 427
f 234 427 426
f 235 236 428
f 235 428 427
f 236 237 429
f 236 429 428
f 237 238 430
f 237 430 429
f 238 239 431
f 238 431 430
f 239 240 432
f 239 432 431
f 240 241 433
f 240 433 432
f 241 242 434
f 241 434 433
f 242 243 435
f 242 435 434
f 243 244 436
f 243 436 435
f 244 245 437
f 244 437 436
f 245 246 438
f 245 438 437
f 246 247 439
f 246 439 438
f 247 248 440
f 247 440 439
f 248 249 441
f 248 441 440
f 249 250 442
f 249 442 441
f 250 251 443
f 250 443 442
f 251 252 444
f 251 444 443
f 252 253 445
f 252 445 444
f 253 254 446
f 253 446 445
f 254 255 447
f 254 447 446
f 255 256 448
f 255 448 447
f 256 257 449
f 256 449 448
f 257 258 450
f 257 450 449
f 258 259 451
f 258 451 450
f 259 260 452
f 259 452 451
f 260 261 453
f 260 453 452
f 261 262 454
f 261 454 453
f 262 263 455
f 262 455 454
f 263 264 456
f 263 456 455
f 264 265 457
f 264 457 456
f 265 266 458
f 265 458 457
f 266 267 459
f 266 459 458
f 267 268 460
f 267 460 459
f 268 269 461
f 268 461 460
f 269 270 462
f 269 462 461
f 270 271 463
f 270 463 462
f 271 272 464
f 271 464 463
f 272 273 465
f 272 465 464
f 273 274 466
f 273 466 465
f 274 275 467
f 274 467 466
f 275 276 468
f 275 468 467
f 276 277 469
f 276 469 468
f 277 278 470
f 277 470 469
f 278 279 471
f 278 471 470
f 279 280 472
f 279 472 471
f 280 281 473
f 280 473 472
f 281 282 474
f 281 474 473
f 282 283 475
f 282 475 474
f 283 284 476
f 283 476 475
f 284 285 477
f 284 477 476
f 285 286 478
f 285 478 477
f 286 287 479
f 286 479 478
f 287 288 480
f 287 480 479
f 288 193 385
f 288 385 480
f 289 482 290
f 289 481 482
f 290 483 291
f 290 482 483
f 291 484 292
f 291 483 484
f 292 485 293
f 292 484 485
f 293 486 294
f 293 485 486
f 294 487 295
f 294 486 487
f 295 488 296
f 295 487 488
f 296 489 297
f 296 488 489
f 297 490 298
f 297 489 490
f 298 491 299
f 298 490 491
f 299 492 300
f 299 491 492
f 300 493 301
f 300 492 493
f 301 494 302
f 301 493 494
f 302 495 303
f 302 494 495
f 303 496 304
f 303 495 496
f 304 497 305
f 304 496 497
f 305 498 306
f 305 497 498
f 306 499 307
f 306 498 499
f 307 500 308
f 307 499 500
f 308 501 309
f 308 500 501
f 309 502 310
f 309 501 502
f 310 503 311
f 310 502 503
f 311 504 312
f 311 503 504
f 312 505 313
f 312 504 505
f 313 506 314
f 313 505 506
f 314 507 315
f 314 506 507
f 315 508 316
f 315 507 508
f 316 509 317
f 316 508 509
f 317 510 318
f 317 509 510
f 318 511 319
f 318 510 511
f 319 512 320
f 319 511 512
f 320 513 321
f 320 512 513
f 321 514 322
f 321 513 514
f 322 515 323
f 322 514 515
f 323 516 324
f 323 515 516
f 324 517 325
f 324 516 517
f 325 518 326
f 325 517 518
f 326 519 327
f 326 518 519
f 327 520 328
f 327 519 520
f 328 521 329
f 328 520 521
f 329 522 330
f 329 521 522
f 330 523 331
f 330 522 523
f 331 524 332
f 331 523 524
f 332 525 333
f 332 524 525
f 333 526 334
f 333 525 526
f 334 527 335
f 334 526 527
f 335 528 336
f 335 527 528
f 336 529 337
f 336 528 529
f 337 530 338
f 337 529 530
f 338 531 339
f 338 530 531
f 339 532 340
f 339 531 532
f 340 533 341
f 340 532 533
f 341 534 342
f 341 533 534
f 342 535 343
f 342 534 535
f 343 536 344
f 343 535 536
f 344 537 345
f 344 536 537
f 345 538 346
f 345 537 538
f 346 539 347
f 346 538 539
f 347 540 348
f 347 539 540
f 348 541 349
f 348 540 541
f 349 542 350
f 349 541 542
f 350 543 351
f 350 542 543
f 351 544 352
f 351 543 544
f 352 545 353
f 352 544 545
f 353 546 354
f 353 545 546
f 354 547 355
f 354 546 547
f 355 548 356
f 355 547 548
f 356 549 357
f 356 548 549
f 357 550 358
f 357 549 550
f 358 551 359
f 358 550 551
f 359 552 360
f 359 551 552
f 360 553 361
f 360 552 553
f 361 554 362
f 361 553 554
f 362 555 363
f 362 554 555
f 363 556 364
f 363 555 556
f 364 557 365
f 364 556 557
f 365 558 366
f 365 557 558
f 366 559 367
f 366 558 559
f 367 560 368
f 367 559 560
f 368 561 369
f 368 560 561
f 369 562 370
f 369 561 562
f 370 563 371
f 370 562 563
f 371 564 372
f 371 563 564
f 372 565 373
f 372 564 565
f 373 566 374
f 373 565 566
f 374 567 375
f 374 566 567
f 375 568 376
f 375 567 568
f 376 569 377
f 376 568 569
f 377 570 378
f 377 569 570
f 378 571 379
f 378 570 571
f 379 572 380
f 379 571 572
f 380 573 381
f 380 572 573
f 381 574 382
f 381 573 574
f 382 575 383
f 382 574 575
f 383 576 384
f 383 575 576
f 384 481 289
f 384 576 481
f 385 386 578
f 385 578 577
f 386 387 579
f 386 579 578
f 387 388 580
f 387 580 579
f 388 389 581
f 388 581 580
f 389 390 582
f 389 582 581
f 390 391 583
f 390 583 582
f 391 392 584
f 391 584 583
f 392 393 585
f 392 585 584
f 393 394 586
f 393 586 585
f 394 395 587
f 394 587 586
f 395 396 588
f 395 588 587
f 396 397 589
f 396 589 588
f 397 398 590
f 397 590 589
f 398 399 591
f 398 591 590
f 399 400 592
f 399 592 591
f 400 401 593
f 400 593 592
f 401 402 594
f 401 594 593
f 402 403 595
f 402 595 594
f 403 404 596
f 403 596 595
f 404 405 597
f 404 597 596
f 405 406 598
f 405 598 597
f 406 407 599
f 406 599 598
f 407 408 600
f 407 600 599
f 408 409 601
f 408 601 600
f 409 410 602
f 409 602 601
f 410 411 603
f 410 603 602
f 411 412 604
f 411 604 603
f 412 413 605
f 412 605 604
f 413 414 606
f 413 606 605
f 414 415 607
f 414 607 606
f 415 416 608
f 415 608 607
f 416 417 609
f 416 609 608
f 417 418 610
f 417 610 609
f 418 419 611
f 418 611 610
f 419 420 612
f 419 612 611
f 420 421 613
f 420 613 612
f 421 422 614
f 421 614 613
f 422 423 615
f 422 615 614
f 423 424 616
f 423 616 615
f 424 425 617
f 424 617 616
f 425 426 618
f 425 618 617
f 426 427 619
f 426 619 618
f 427 428 620
f 427 620 619
f 428 429 621
f 428 621 620
f 429 430 622
f 429 622 621
f 430 431 623
f 430 623 622
f 431 432 624
f 431 624 623
f 432 433 625
f 432 625 624
f 433 434 626
f 433 626 625
f 434 435 627
f 434 627 626
f 435 436 628
f 435 628 627
f 436 437 629
f 436 629 628
f 437 438 630
f 437 630 629
f 438 439 631
f 438 631 630
f 439 440 632
f 439 632 631
f 440 441 633
f 440 633 632
f 441 442 634
f 441 634 633
f 442 443 635
f 442 635 634
f 443 444 636
f 443 636 635
f 444 445 637
f 444 637 636
f 445 446 638
f 445 638 637
f 446 447 639
f 446 639 638
f 447 448 640
f 447 640 639
f 448 449 641
f 448 641 640
f 449 450 642
f 449 642 641
f 450 451 643
f 450 643 642
f 451 452 644
f 451 644 643
f 452 453 645
f 452 645 644
f 453 454 646
f 453 646 645
f 454 455 647
f 454 647 646
f 455 456 648
f 455 648 647
f 456 457 649
f 456 649 648
f 457 458 650
f 457 650 649
f 458 459 651
f 458 651 650
f 459 460 652
f 459 652 651
f 460 461 653
f 460 653 652
f 461 462 654
f 461 654 653
f 462 463 655
f 462 655 654
f 463 464 656
f 463 656 655
f 464 465 657
f 464 657 656
f 465 466 658
f 465 658 657
f 466 467 659
f 466 659 658
f 467 468 660
f 467 660 659
f 468 469 661
f 468 661 660
f 469 470 662
f 469 662 661
f 470 471 663
f 470 663 662
f 471 472 664
f 471 664 663
f 472 473 665
f 472 665 664
f 473 474 666
f 473 666 665
f 474 475 667
f 474 667 666
f 475 476 668
f 475 668 667
f 476 477 669
f 476 669 668
f 477 478 670
f 477 670 669
f 478 479 671
f 478 671 670
f 479 480 672
f 479 672 671
f 480 385 577
f 480 577 672
f 481 674 482
f 481 673 674
f 482 675 483
f 482 674 675
f 483 676 484
f 483 675 676
f 484 677 485
f 484 676 677
f 485 678 486
f 485 677 678
f 486 679 487
f 486 678 679
f 487 680 488
f 487 679 680
f 488 681 489
f 488 680 681
f 489 682 490
f 489 681 682
f 490 683 491
f 490 682 683
f 491 684 492
f 491 683 684
f 492 685 493
f 492 684 685
f 493 686 494
f 493 685 686
f 494 687 495
f 494 686 687
f 495 688 496
f 495 687 688
f 496 689 497
f 496 688 689
f 497 690 498
f 497 689 690
f 498 691 499
f 498 690 691
f 499 692 500
f 499 691 692
f 500 693 501
f 500 692 693
f 501 694 502
f 501 693 694
f 502 695 503
f 502 694 695
f 503 696 504
f 503 695 696
f 504 697 505
f 504 696 697
f 505 698 506
f 505 697 698
f 506 699 507
f 506 698 699
f 507 700 508
f 507 699 700
f 508 701 509
f 508 700 701
f 509 702 510
f 509 701 702
f 510 703 511
f 510 702 703
f 511 704 512
f 511 703 704
f 512 705 513
f 512 704 705
f 513 706 514
f 513 705 706
f 514 707 515
f 514 706 707
f 515 708 516
f 515 707 708
f 516 709 517
f 516 708 709
f 517 710 518
f 517 709 710
f 518 711 519
f 518 710 711
f 519 712 520
f 519 711 712
f 520 713 521
f 520 712 713
f 521 714 522
f 521 713 714
f 522 715 523
f 522 714 715
f 523 716 524
f 523 715 716
f 524 717 525
f 524 716 717
f 525 718 526
f 525 717 718
f 526 719 527
f 526 718 719
f 527 720 528
f 527 719 720
f 528 721 529
f 528 720 721
f 529 722 530
f 529 721 722
f 530 723 531
f 530 722 723
f 531 724 532
f 531 723 724
f 532 725 533
f 532 724 725
f 533 726 534
f 533 725 726
f 534 727 535
f 534 726 727
f 535 728 536
f 535 727 728
f 536 729 537
f 536 728 729
f 537 730 538
f 537 729 730
f 538 731 539
f 538 730 731
f 539 732 540
f 539 731 732
f 540 733 541
f 540 732 733
f 541 734 542
f 541 733 734
f 542 735 543
f 542 734 735
f 543 736 544
f 543 735 736
f 544 737 545
f 544 736 737
f 545 738 546
f 545 737 738
f 546 739 547
f 546 738 739
f 547 740 548
f 547 739 740
f 548 741 549
f 548 740 741
f 549 742 550
f 549 741 742
f 550 743 551
f 550 742 743
f 551 744 552
f 551 743 744
f 552 745 553
f 552 744 745
f 553 746 554
f 553 745 746
f 554 747 555
f 554 746 747
f 555 748 556
f 555 747 748
f 556 749 557
f 556 748 749
f 557 750 558
f 557 749 750
f 558 751 559
f 558 750 751
f 559 752 560
f 559 751 752
f 560 753 561
f 560 752 753
f 561 754 562
f 561 753 754
f 562 755 563
f 562 754 755
f 563 756 564
f 563 755 756
f 564 757 565
f 564 756 757
f 565 758 566
f 565 757 758
f 566 759 567
f 566 758 759
f 567 760 568
f 567 759 760
f 568 761 569
f 568 760 761
f 569 762 570
f 569 761 762
f 570 763 571
f 570 762 763
f 571 764 572
f 571 763 764
f 572 765 573
f 572 764 765
f 573 766 574
f 573 765 766
f 574 767 575
f 574 766 767
f 575 768 576
f 575 767 768
f 576 673 481
f 576 768 673
f 577 578 770
f 577 770 769
f 578 579 771
f 578 771 770
f 579 580 772
f 579 772 771
f 580 581 773
f 580 773 772
f 581 582 774
f 581 774 773
f 582 583 775
f 582 775 774
f 583 584 776
f 583 776 775
f 584 585 777
f 584 777 776
f 585 586 778
f 585 778 777
f 586 587 779
f 586 779 778
f 587 588 780
f 587 780 779
f 588 589 781
f 588 781 780
f 589 590 782
f 589 782 781
f 590 591 783
f 590 783 782
f 591 592 784
f 591 784 783
f 592 593 785
f 592 785 784
f 593 594 786
f 593 786 785
f 594 595 787
f 594 787 786
f 595 596 788
f 595 788 787
f 596 597 789
f 596 789 788
f 597 598 790
f 597 790 789
f 598 599 791
f 598 791 790
f 599 600 792
f 599 792 791
f 600 601 793
f 600 793 792
f 601 602 794
f 601 794 793
f 602 603 795
f 602 795 794
f 603 604 796
f 603 796 795
f 604 605 797
f 604 797 796
f 605 606 798
f 605 798 797
f 606 607 799
f 606 799 798
f 607 608 800
f 607 800 799
f 608 609 801
f 608 801 800
f 609 610 802
f 609 802 801
f 610 611 803
f 610 803 802
f 611 612 804
f 611 804 803
f 612 613 805
f 612 805 804
f 613 614 806
f 613 806 805
f 614 615 807
f 614 807 806
f 615 616 808
f 615 808 807
f 616 617 809
f 616 809 808
f 617 618 810
f 617 810 809
f 618 619 811
f 618 811 810
f 619 620 812
f 619 812 811
f 620 621 813
f 620 813 812
f 621 622 814
f 621 814 813
f 622 623 815
f 622 815 814
f 623 624 816
f 623 816 815
f 624 625 817
f 624 817 816
f 625 626 818
f 625 818 817
f 626 627 819
f 626 819 818
f 627 628 820
f 627 820 819
f 628 629 821
f 628 821 820
f 629 630 822
f 629 822 821
f 630 631 823
f 630 823 822
f 631 632 824
f 631 824 823
f 632 633 825
f 632 825 824
f 633 634 826
f 633 826 825
f 634 635 827
f 634 827 826
f 635 636 828
f 635 828 827
f 636 637 829
f 636 829 828
f 637 638 830
f 637 830 829
f 638 639 831
f 638 831 830
f 639 640 832
f 639 832 831
f 640 641 833
f 640 833 832
f 641 642 834
f 641 834 833
f 642 643 835
f 642 835 834
f 643 644 836
f 643 836 835
f 644 645 837
f 644 837 836
f 645 646 838
f 645 838 837
f 646 647 839
f 646 839 838
f 647 648 840
f 647 840 839
f 648 649 841
f 648 841 840
f 649 650 842
f 649 842 841
f 650 651 843
f 650 843 842
f 651 652 844
f 651 844 843
f 652 653 845
f 652 845 844
f 653 654 846
f 653 846 845
f 654 655 847
f 654 847 846
f 655 656 848
f 655 848 847
f 656 657 849
f 656 849 848
f 657 658 850
f 657 850 849
f 658 659 851
f 658 851 850
f 659 660 852
f 659 852 851
f 660 661 853
f 660 853 852
f 661 662 854
f 661 854 853
f 662 663 855
f 662 855 854
f 663 664 856
f 663 856 855
f 664 665 857
f 664 857 856
f 665 666 858
f 665 858 857
f 666 667 859
f 666 859 858
f 667 668 860
f 667 860 859
f 668 669 861
f 668 861 860
f 669 670 862
f 669 862 861
f 670 671 863
f 670 863 862
f 671 672 864
f 671 864 863
f 672 577 769
f 672 769 864
f 673 866 674
f 673 865 866
f 674 867 675
f 674 866 867
f 675 868 676
f 675 867 868
f 676 869 677
f 676 868 869
f 677 870 678
f 677 869 870
f 678 871 679
f 678 870 871
f 679 872 680
f 679 871 872
f 680 873 681
f 680 872 873
f 681 874 682
f 681 873 874
f 682 875 683
f 682 874 875
f 683 876 684
f 683 875 876
f 684 877 685
f 684 876 877
f 685 878 686
f 685 877 878
f 686 879 687
f 686 878 879
f 687 880 688
f 687 879 880
f 688 881 689
f 688 880 881
f 689 882 690
f 689 881 882
f 690 883 691
f 690 882 883
f 691 884 692
f 691 883 884
f 692 885 693
f 692 884 885
f 693 886 694
f 693 885 886
f 694 887 695
f 694 886 887
f 695 888 696
f 695 887 888
f 696 889 697
f 696 888 889
f 697 890 698
f 697 889 890
f 698 891 699
f 698 890 891
f 699 892 700
f 699 891 892
f 700 893 701
f 700 892 893
f 701 894 702
f 701 893 894
f 702 895 703
f 702 894 895
f 703 896 704
f 703 895 896
f 704 897 705
f 704 896 897
f 705 898 706
f 705 897 898
f 706 899 707
f 706 898 899
f 707 900 708
f 707 899 900
f 708 901 709
f 708 900 901
f 709 902 710
f 709 901 902
f 710 903 711
f 710 902 903
f 711 904 712
f 711 903 904
f 712 905 713
f 712 904 905
f 713 906 714
f 713 905 906
f 714 907 715
f 714 906 907
f 715 908 716
f 715 907 908
f 716 909 717
f 716 908 909
f 717 910 718
f 717 909 910
f 718 911 719
f 718 910 911
f 719 912 720
f 719 911 912
f 720 913 721
f 720 912 913
f 721 914 722
f 721 913 914
f 722 915 723
f 722 914 915
f 723 916 724
f 723 915 916
f 724 917 725
f 724 916 917
f 725 918 726
f 725 917 918
f 726 919 727
f 726 918 919
f 727 920 728
f 727 919 920
f 728 921 729
f 728 920 921
f 729 922 730
f 729 921 922
f 730 923 731
f 730 922 923
f 731 924 732
f 731 923 924
f 732 925 733
f 732 924 925
f 733 926 734
f 733 925 926
f 734 927 735
f 734 926 927
f 735 928 736
f 735 927 928
f 736 929 737
f 736 928 929
f 737 930 738
f 737 929 930
f 738 931 739
f 738 930 931
f 739 932 740
f 739 931 932
f 740 933 741
f 740 932 933
f 741 934 742
f 741 933 934
f 742 935 743
f 742 934 935
f 743 936 744
f 743 935 936
f 744 937 745
f 744 936 937
f 745 938 746
f 745 937 938
f 746 939 747
f 746 938 939
f 747 940 748
f 747 939 940
f 748 941 749
f 748 940 941
f 749 942 750
f 749 941 942
f 750 943 751
f 750 942 943
f 751 944 752
f 751 943 944
f 752 945 753
f 752 944 945
f 753 946 754
f 753 945 946
f 754 947 755
f 754 946 947
f 755 948 756
f 755 947 948
f 756 949 757
f 756 948 949
f 757 950 758
f 757 949 950
f 758 951 759
f 758 950 951
f 759 952 760
f 759 951 952
f 760 953 761
f 760 952 953
f 761 954 762
f 761 953 954
f 762 955 763
f 762 954 955
f 763 956 764
f 763 955 956
f 764 957 765
f 764 956 957
f 765 958 766
f 765 957 958
f 766 959 767
f 766 958 959
f 767 960 768
f 767 959 960
f 768 865 673
f 768 960 865
f 769 770 962
f 769 962 961
f 770 771 963
f 770 963 962
f 771 772 964
f 771 964 963
f 772 773 965
f 772 965 964
f 773 774 966
f 773 966 965
f 774 775 967
f 774 967 966
f 775 776 968
f 775 968 967
f 776 777 969
f 776 969 968
f 777 778 970
f 777 970 969
f 778 779 971
f 778 971 970
f 779 780 972
f 779 972 971
f 780 781 973
f 780 973 972
f 781 782 974
f 781 974 973
f 782 783 975
f 782 975 974
f 783 784 976
f 783 976 975
f 784 785 977
f 784 977 976
f 785 786 978
f 785 978 977
f 786 787 979
f 786 979 978
f 787 788 980
f 787 980 979
f 788 789 981
f 788 981 980
f 789 790 982
f 789 982 981
f 790 791 983
f 790 983 982
f 791 792 984
f 791 984 983
f 792 793 985
f 792 985 984
f 793 794 986
f 793 986 985
f 794 795 987
f 794 987 986
f 795 796 988
f 795 988 987
f 796 797 989
f 796 989 988
f 797 798 990
f 797 990 989
f 798 799 991
f 798 991 990
f 799 800 992
f 799 992 991
f 800 801 993
f 800 993 992
f 801 802 994
f 801 994 993
f 802 803 995
f 802 995 994
f 803 804 996
f 803 996 995
f 804 805 997
f 804 997 996
f 805 806 998
f 805 998 997
f 806 807 999
f 806 999 998
f 807 808 1000
f 807 1000 999
f 808 809 1001
f 808 1001 1000
f 809 810 1002
f 809 1002 1001
f 810 811 1003
f 810 1003 1002
f 811 812 1004
f 811 1004 1003
f 812 813 1005
f 812 1005 1004
f 813 814 1006
f 813 1006 1005
f 814 815 1007
f 814 1007 1006
f 815 816 1008
f 815 1008 1007
f 816 817 1009
f 816 1009 1008
f 817 818 1010
f 817 1010 1009
f 818 819 1011
f 818 1011 1010
f 819 820 1012
f 819 1012 1011
f 820 821 1013
f 820 1013 1012
f 821 822 1014
f 821 1014 1013
f 822 823 1015
f 822 1015 1014
f 823 824 1016
f 823 1016 1015
f 824 825 1017
f 824 1017 1016
f 825 826 1018
f 825 1018 1017
f 826 827 1019
f 826 1019 1018
f 827 828 1020
f 827 1020 1019
f 828 829 1021
f 828 1021 1020
f 829 830 1022
f 829 1022 1021
f 830 831 1023
f 830 1023 1022
f 831 832 1024
f 831 1024 1023
f 832 833 1025
f 832 1025 1024
f 833 834 1026
f 833 1026 1025
f 834 835 1027
f 834 1027 1026
f 835 836 1028
f 835 1028 1027
f 836 837 1029
f 836 1029 1028
f 837 838 1030
f 837 1030 1029
f 838 839 1031
f 838 1031 1030
f 839 840 1032
f 839 1032 1031
f 840 841 1033
f 840 1033 1032
f 841 842 1034
f 841 1034 1033
f 842 843 1035
f 842 1035 1034
f 843 844 1036
f 843 1036 1035
f 844 845 1037
f 844 1037 1036
f 845 846 1038
f 845 1038 1037
f 846 847 1039
f 846 1039 1038
f 847 848 1040
f 847 1040 1039
f 848 849 1041
f 848 1041 1040
f 849 850 1042
f 849 1042 1041
f 850 851 1043
f 850 1043 1042
f 851 852 1044
f 851 1044 1043
f 852 853 1045
f 852 1045 1044
f 853 854 1046
f 853 1046 1045
f 854 855 1047
f 854 1047 1046
f 855 856 1048
f 855 1048 1047
f 856 857 1049
f 856 1049 1048
f 857 858 1050
f 857 1050 1049
f 858 859 1051
f 858 1051 1050
f 859 860 1052
f 859 1052 1051
f 860 861 1053
f 860 1053 1052
f 861 862 1054
f 861 1054 1053
f 862 863 1055
f 862 1055 1054
f 863 864 1056
f 863 1056 1055
f 864 769 961
f 864 961 1056
f 865 1058 866
f 865 1057 1058
f 866 1059 867
f 866 1058 1059
f 867 1060 868
f 867 1059 1060
f 868 1061 869
f 868 1060 1061
f 869 1062 870
f 869 1061 1062
f 870 1063 871
f 870 1062 1063
f 871 1064 872
f 871 1063 1064
f 872 1065 873
f 872 1064 1065
f 873 1066 874
f 873 1065 1066
f 874 1067 875
f 874 1066 1067
f 875 1068 876
f 875 1067 1068
f 876 1069 877
f 876 1068 1069
f 877 1070 878
f 877 1069 1070
f 878 1071 879
f 878 1070 1071
f 879 1072 880
f 879 1071 1072
f 880 1073 881
f 880 1072 1073
f 881 1074 882
f 881 1073 1074
f 882 1075 883
f 882 1074 1075
f 883 1076 884
f 883 1075 1076
f 884 1077 885
f 884 1076 1077
f 885 1078 886
f 885 1077 1078
f 886 1079 887
f 886 1078 1079
f 887 1080 888
f 887 1079 1080
f 888 1081 889
f 888 1080 1081
f 889 1082 890
f 889 1081 1082
f 890 1083 891
f 890 1082 1083
f 891 1084 892
f 891 1083 1084
f 892 1085 893
f 892 1084 1085
f 893 1086 894
f 893 1085 1086
f 894 1087 895
f 894 1086 1087
f 895 1088 896
f 895 1087 1088
f 896 1089 897
f 896 1088 1089
f 897 1090 898
f 897 1089 1090
f 898 1091 899
f 898 1090 1091
f 899 1092 900
f 899 1091 1092
f 900 1093 901
f 900 1092 1093
f 901 1094 902
f 901 1093 1094
f 902 1095 903
f 902 1094 1095
f 903 1096 904
f 903 1095 1096
f 904 1097 905
f 904 1096 1097
f 905 1098 906
f 905 1097 1098
f 906 1099 907
f 906 1098 1099
f 907 1100 908
f 907 1099 1100
f 908 1101 909
f 908 1100 1101
f 909 1102 910
f 909 1101 1102
f 910 1103 911
f 910 1102 1103
f 911 1104 912
f 911 1103 1104
f 912 1105 913
f 912 1104 1105
f 913 1106 914
f 913 1105 1106
f 914 1107 915
f 914 1106 1107
f 915 1108 916
f 915 1107 1108
f 916 1109 917
f 916 1108 1109
f 917 1110 918
f 917 1109 1110
f 918 1111 919
f 918 1110 1111
f 919 1112 920
f 919 1111 1112
f 920 1113 921
f 920 1112 1113
f 921 1114 922
f 921 1113 1114
f 922 1115 923
f 922 1114 1115
f 923 1116 924
f 923 1115 1116
f 924 1117 925
f 924 1116 1117
f 925 1118 926
f 925 1117 1118
f 926 1119 927
f 926 1118 1119
f 927 1120 928
f 927 1119 1120
f 928 1121 929
f 928 1120 1121
f 929 1122 930
f 929 1121 1122
f 930 1123 931
f 930 1122 1123
f 931 1124 932
f 931 1123 1124
f 932 1125 933
f 932 1124 1125
f 933 1126 934
f 933 1125 1126
f 934 1127 935
f 934 1126 1127
f 935 1128 936
f 935 1127 1128
f 936 1129 937
f 936 1128 1129
f 937 1130 938
f 937 1129 1130
f 938 1131 939
f 938 1130 1131
f 939 1132 940
f 939 1131 1132
f 940 1133 941
f 940 1132 1133
f 941 1134 942
f 941 1133 1134
f 942 1135 943
f 942 1134 1135
f 943 1136 944
f 943 1135 1136
f 944 1137 945
f 944 1136 1137
f 945 1138 946
f 945 1137 1138
f 946 1139 947
f 946 1138 1139
f 947 1140 948
f 947 1139 1140
f 948 1141 949
f 948 1140 1141
f 949 1142 950
f 949 1141 1142
f 950 1143 951
f 950 1142 1143
f 951 1144 952
f 951 1143 1144
f 952 1145 953
f 952 1144 1145
f 953 1146 954
f 953 1145 1146
f 954 1147 955
f 954 1146 1147
f 955 1148 956
f 955 1147 1148
f 956 1149 957
f 956 1148 1149
f 957 1150 958
f 957 1149 1150
f 958 1151 959
f 958 1150 1151
f 959 1152 960
f 959 1151 1152
f 960 1057 865
f 960 1152 1057
f 961 962 1154
f 961 1154 1153
f 962 963 1155
f 962 1155 1154
f 963 964 1156
f 963 1156 1155
f 964 965 1157
f 964 1157 1156
f 965 966 1158
f 965 1158 1157
f 966 967 1159
f 966 1159 1158
f 967 968 1160
f 967 1160 1159
f 968 969 1161
f 968 1161 1160
f 969 970 1162
f 969 1162 1161
f 970 971 1163
f 970 1163 1162
f 971 972 1164
f 971 1164 1163
f 972 973 1165
f 972 1165 1164
f 973 974 1166
f 973 1166 1165
f 974 975 1167
f 974 1167 1166
f 975 976 1168
f 975 1168 1167
f 976 977 1169
f 976 1169 1168
f 977 978 1170
f 977 1170 1169
f 978 979 1171
f 978 1171 1170
f 979 980 1172
f 979 1172 1171
f 980 981 1173
f 980 1173 1172
f 981 982 1174
f 981 1174 1173
f 982 983 1175
f 982 1175 1174
f 983 984 1176
f 983 1176 1175
f 984 985 1177
f 984 1177 1176
f 985 986 1178
f 985 1178 1177
f 986 987 1179
f 986 1179 1178
f 987 988 1180
f 987 1180 1179
f 988 989 1181
f 988 1181 1180
f 989 990 1182
f 989 1182 1181
f 990 991 1183
f 990 1183 1182
f 991 992 1184
f 991 1184 1183
f 992 993 1185
f 992 1185 1184
f 993 994 1186
f 993 1186 1185
f 994 995 1187
f 994 1187 1186
f 995 996 1188
f 995 1188 1187
f 996 997 1189
f 996 1189 1188
f 997 998 1190
f 997 1190 1189
f 998 999 1191
f 998 1191 1190
f 999 1000 1192
f 999 1192 1191
f 1000 1001 1193
f 1000 1193 1192
f 1001 1002 1194
f 1001 1194 1193
f 1002 1003 1195
f 1002 1195 1194
f 1003 1004 1196
f 1003 1196 1195
f 1004 1005 1197
f 1004 1197 1196
f 1005 1006 1198
f 1005 1198 1197
f 1006 1007 1199
f 1006 1199 1198
f 1007 1008 1200
f 1007 1200 1199
f 1008 1009 1201
f 1008 1201 1200
f 1009 1010 1202
f 1009 1202 1201
f 1010 1011 1203
f 1010 1203 1202
f 1011 1012 1204
f 1011 1204 1203
f 1012 1013 1205
f 1012 1205 1204
f 1013 1014 1206
f 1013 1206 1205
f 1014 1015 1207
f 1014 1207 1206
f 1015 1016 1208
f 1015 1208 1207
f 1016 1017 1209
f 1016 1209 1208
f 1017 1018 1210
f 1017 1210 1209
f 1018 1019 1211
f 1018 1211 1210
f 1019 1020 1212
f 1019 1212 1211
f 1020 1021 1213
f 1020 1213 1212
f 1021 1022 1214
f 1021 1214 1213
f 1022 1023 1215
f 1022 1215 1214
f 1023 1024 1216
f 1023 1216 1215
f 1024 1025 1217
f 1024 1217 1216
f 1025 1026 1218
f 1025 1218 1217
f 1026 1027 1219
f 1026 1219 1218
f 1027 1028 1220
f 1027 1220 1219
f 1028 1029 1221
f 1028 1221 1220
f 1029 1030 1222
f 1029 1222 1221
f 1030 1031 1223
f 1030 1223 1222
f 1031 1032 1224
f 1031 1224 1223
f 1032 1033 1225
f 1032 1225 1224
f 1033 1034 1226
f 1033 1226 1225
f 1034 1035 1227
f 1034 1227 1226
f 1035 1036 1228
f 1035 1228 1227
f 1036 1037 1229
f 1036 1229 1228
f 1037 1038 1230
f 1037 1230 1229
f 1038 1039 1231
f 1038 1231 1230
f 1039 1040 1232
f 1039 1232 1231
f 1040 1041 1233
f 1040 1233 1232
f 1041 1042 1234
f 1041 1234 1233
f 1042 1043 1235
f 1042 1235 1234
f 1043 1044 1236
f 1043 1236 1235
f 1044 1045 1237
f 1044 1237 1236
f 1045 1046 1238
f 1045 1238 1237
f 1046 1047 1239
f 1046 1239 1238
f 1047 1048 1240
f 1047 1240 1239
f 1048 1049 1241
f 1048 1241 1240
f 1049 1050 1242
f 1049 1242 1241
f 1050 1051 1243
f 1050 1243 1242
f 1051 1052 1244
f 1051 1244 1243
f 1052 1053 1245
f 1052 1245 1244
f 1053 1054 1246
f 1053 1246 1245
f 1054 1055 1247
f 1054 1247 1246
f 1055 1056 1248
f 1055 1248 1247
f 1056 961 1153
f 1056 1153 1248
f 1057 1250 1058
f 1057 1249 1250
f 1058 1251 1059
f 1058 1250 1251
f 1059 1252 1060
f 1059 1251 1252
f 1060 1253 1061
f 1060 1252 1253
f 1061 1254 1062
f 1061 1253 1254
f 1062 1255 1063
f 1062 1254 1255
f 1063 1256 1064
f 1063 1255 1256
f 1064 1257 1065
f 1064 1256 1257
f 1065 1258 1066
f 1065 1257 1258
f 1066 1259 1067
f 1066 1258 1259
f 1067 1260 1068
f 1067 1259 1260
f 1068 1261 1069
f 1068 1260 1261
f 1069 1262 1070
f 1069 1261 1262
f 1070 1263 1071
f 1070 1262 1263
f 1071 1264 1072
f 1071 1263 1264
f 1072 1265 1073
f 1072 1264 1265
f 1073 1266 1074
f 1073 1265 1266
f 1074 1267 1075
f 1074 1266 1267
f 1075 1268 1076
f 1075 1267 1268
f 1076 1269 1077
f 1076 1268 1269
f 1077 1270 1078
f 1077 1269 1270
f 1078 1271 1079
f 1078 1270 1271
f 1079 1272 1080
f 1079 1271 1272
f 1080 1273 1081
f 1080 1272 1273
f 1081 1274 1082
f 1081 1273 1274
f 1082 1275 1083
f 1082 1274 1275
f 1083 1276 1084
f 1083 1275 1276
f 1084 1277 1085
f 1084 1276 1277
f 1085 1278 1086
f 1085 1277 1278
f 1086 1279 1087
f 1086 1278 1279
f 1087 1280 1088
f 1087 1279 1280
f 1088 1281 1089
f 1088 1280 1281
f 1089 1282 1090
f 1089 1281 1282
f 1090 1283 1091
f 1090 1282 1283
f 1091 1284 1092
f 1091 1283 1284
f 1092 1285 1093
f 1092 1284 1285
f 1093 1286 1094
f 1093 1285 1286
f 1094 1287 1095
f 1094 1286 1287
f 1095 1288 1096
f 1095 1287 1288
f 1096 1289 1097
f 1096 1288 1289
f 1097 1290 1098
f 1097 1289 1290
f 1098 1291 1099
f 1098 1290 1291
f 1099 1292 1100
f 1099 1291 1292
f 1100 1293 1101
f 1100 1292 1293
f 1101 1294 1102
f 1101 1293 1294
f 1102 1295 1103
f 1102 1294 1295
f 1103 1296 1104
f 1103 1295 1296
f 1104 1297 1105
f 1104 1296 1297
f 1105 1298 1106
f 1105 1297 1298
f 1106 1299 1107
f 1106 1298 1299
f 1107 1300 1108
f 1107 1299 1300
f 1108 1301 1109
f 1108 1300 1301
f 1109 1302 1110
f 1109 1301 1302
f 1110 1303 1111
f 1110 1302 1303
f 1111 1304 1112
f 1111 1303 1304
f 1112 1305 1113
f 1112 1304 1305
f 1113 1306 1114
f 1113 1305 1306
f 1114 1307 1115
f 1114 1306 1307
f 1115 1308 1116
f 1115 1307 1308
f 1116 1309 1117
f 1116 1308 1309
f 1117 1310 1118
f 1117 1309 1310
f 1118 1311 1119
f 1118 1310 1311
f 1119 1312 1120
f 1119 1311 1312
f 1120 1313 1121
f 1120 1312 1313
f 1121 1314 1122
f 1121 1313 1314
f 1122 1315 1123
f 1122 1314 1315
f 1123 1316 1124
f 1123 1315 1316
f 1124 1317 1125
f 1124 1316 1317
f 1125 1318 1126
f 1125 1317 1318
f 1126 1319 1127
f 1126 1318 1319
f 1127 1320 1128
f 1127 1319 1320
f 1128 1321 1129
f 1128 1320 1321
f 1129 1322 1130
f 1129 1321 1322
f 1130 1323 1131
f 1130 1322 1323
f 1131 1324 1132
f 1131 1323 1324
f 1132 1325 1133
f 1132 1324 1325
f 1133 1326 1134
f 1133 1325 1326
f 1134 1327 1135
f 1134 1326 1327
f 1135 1328 1136
f 1135 1327 1328
f 1136 1329 1137
f 1136 1328 1329
f 1137 1330 1138
f 1137 1329 1330
f 1138 1331 1139
f 1138 1330 1331
f 1139 1332 1140
f 1139 1331 1332
f 1140 1333 1141
f 1140 1332 1333
f 1141 1334 1142
f 1141 1333 1334
f 1142 1335 1143
f 1142 1334 1335
f 1143 1336 1144
f 1143 1335 1336
f 1144 1337 1145
f 1144 1336 1337
f 1145 1338 1146
f 1145 1337 1338
f 1146 1339 1147
f 1146 1338 1339
f 1147 1340 1148
f 1147 1339 1340
f 1148 1341 1149
f 1148 1340 1341
f 1149 1342 1150
f 1149 1341 1342
f 1150 1343 1151
f 1150 1342 1343
f 1151 1344 1152
f 1151 1343 1344
f 1152 1249 1057
f 1152 1344 1249
f 1153 1154 1346
f 1153 1346 1345
f 1154 1155 1347
f 1154 1347 1346
f 1155 1156 1348
f 1155 1348 1347
f 1156 1157 1349
f 1156 1349 1348
f 1157 1158 1350
f 1157 1350 1349
f 1158 1159 1351
f 1158 1351 1350
f 1159 1160 1352
f 1159 1352 1351
f 1160 1161 1353
f 1160 1353 1352
f 1161 1162 1354
f 1161 1354 1353
f 1162 1163 1355
f 1162 1355 1354
f 1163 1164 1356
f 1163 1356 1355
f 1164 1165 1357
f 1164 1357 1356
f 1165 1166 1358
f 1165 1358 1357
f 1166 1167 1359
f 1166 1359 1358
f 1167 1168 1360
f 1167 1360 1359
f 1168 1169 1361
f 1168 1361 1360
f 1169 1170 1362
f 1169 1362 1361
f 1170 1171 1363
f 1170 1363 1362
f 1171 1172 1364
f 1171 1364 1363
f 1172 1173 1365
f 1172 1365 1364
f 1173 1174 1366
f 1173 1366 1365
f 1174 1175 1367
f 1174 1367 1366
f 1175 1176 1368
f 1175 1368 1367
f 1176 1177 1369
f 1176 1369 1368
f 1177 1178 1370
f 1177 1370 1369
f 1178 1179 1371
f 1178 1371 1370
f 1179 1180 1372
f 1179 1372 1371
f 1180 1181 1373
f 1180 1373 1372
f 1181 1182 1374
f 1181 1374 1373
f 1182 1183 1375
f 1182 1375 1374
f 1183 1184 1376
f 1183 1376 1375
f 1184 1185 1377
f 1184 1377 1376
f 1185 1186 1378
f 1185 1378 1377
f 1186 1187 1379
f 1186 1379 1378
f 1187 1188 1380
f 1187 1380 1379
f 1188 1189 1381
f 1188 1381 1380
f 1189 1190 1382
f 1189 1382 1381
f 1190 1191 1383
f 1190 1383 1382
f 1191 1192 1384
f 1191 1384 1383
f 1192 1193 1385
f 1192 1385 1384
f 1193 1194 1386
f 1193 1386 1385
f 1194 1195 1387
f 1194 1387 1386
f 1195 1196 1388
f 1195 1388 1387
f 1196 1197 1389
f 1196 1389 1388
f 1197 1198 1390
f 1197 1390 1389
f 1198 1199 1391
f 1198 1391 1390
f 1199 1200 1392
f 1199 1392 1391
f 1200 1201 1393
f 1200 1393 1392
f 1201 1202 1394
f 1201 1394 1393
f 1202 1203 1395
f 1202 1395 1394
f 1203 1204 1396
f 1203 1396 1395
f 1204 1205 1397
f 1204 1397 1396
f 1205 1206 1398
f 1205 1398 1397
f 1206 1207 1399
f 1206 1399 1398
f 1207 1208 1400
f 1207 1400 1399
f 1208 1209 1401
f 1208 1401 1400
f 1209 1210 1402
f 1209 1402 1401
f 1210 1211 1403
f 1210 1403 1402
f 1211 1212 1404
f 1211 1404 1403
f 1212 1213 1405
f 1212 1405 1404
f 1213 1214 1406
f 1213 1406 1405
f 1214 1215 1407
f 1214 1407 1406
f 1215 1216 1408
f 1215 1408 1407
f 1216 1217 1409
f 1216 1409 1408
f 1217 1218 1410
f 1217 1410 1409
f 1218 1219 1411
f 1218 1411 1410
f 1219 1220 1412
f 1219 1412 1411
f 1220 1221 1413
f 1220 1413 1412
f 1221 1222 1414
f 1221 1414 1413
f 1222 1223 1415
f 1222 1415 1414
f 1223 1224 1416
f 1223 1416 1415
f 1224 1225 1417
f 1224 1417 1416
f 1225 1226 1418
f 1225 1418 1417
f 1226 1227 1419
f 1226 1419 1418
f 1227 1228 1420
f 1227 1420 1419
f 1228 1229 1421
f 1228 1421 1420
f 1229 1230 1422
f 1229 1422 1421
f 1230 1231 1423
f 1230 1423 1422
f 1231 1232 1424
f 1231 1424 1423
f 1232 1233 1425
f 1232 1425 1424
f 1233 1234 1426
f 1233 1426 1425
f 1234 1235 1427
f 1234 1427 1426
f 1235 1236 1428
f 1235 1428 1427
f 1236 1237 1429
f 1236 1429 1428
f 1237 1238 1430
f 1237 1430 1429
f 1238 1239 1431
f 1238 1431 1430
f 1239 1240 1432
f 1239 1432 1431
f 1240 1241 1433
f 1240 1433 1432
f 1241 1242 1434
f 1241 1434 1433
f 1242 1243 1435
f 1242 1435 1434
f 1243 1244 1436
f 1243 1436 1435
f 1244 1245 1437
f 1244 1437 1436
f 1245 1246 1438
f 1245 1438 1437
f 1246 1247 1439
f 1246 1439 1438
f 1247 1248 1440
f 1247 1440 1439
f 1248 1153 1345
f 1248 1345 1440
f 1249 1442 1250
f 1249 1441 1442
f 1250 1443 1251
f 1250 1442 1443
f 1251 1444 1252
f 1251 1443 1444
f 1252 1445 1253
f 1252 1444 1445
f 1253 1446 1254
f 1253 1445 1446
f 1254 1447 1255
f 1254 1446 1447
f 1255 1448 1256
f 1255 1447 1448
f 1256 1449 1257
f 1256 1448 1449
f 1257 1450 1258
f 1257 1449 1450
f 1258 1451 1259
f 1258 1450 1451
f 1259 1452 1260
f 1259 1451 1452
f 1260 1453 1261
f 1260 1452 1453
f 1261 1454 1262
f 1261 1453 1454
f 1262 1455 1263
f 1262 1454 1455
f 1263 1456 1264
f 1263 1455 1456
f 1264 1457 1265
f 1264 1456 1457
f 1265 1458 1266
f 1265 1457 1458
f 1266 1459 1267
f 1266 1458 1459
f 1267 1460 1268
f 1267 1459 1460
f 1268 1461 1269
f 1268 1460 1461
f 1269 1462 1270
f 1269 1461 1462
f 1270 1463 1271
f 1270 1462 1463
f 1271 1464 1272
f 1271 1463 1464
f 1272 1465 1273
f 1272 1464 1465
f 1273 1466 1274
f 1273 1465 1466
f 1274 1467 1275
f 1274 1466 1467
f 1275 1468 1276
f 1275 1467 1468
f 1276 1469 1277
f 1276 1468 1469
f 1277 1470 1278
f 1277 1469 1470
f 1278 1471 1279
f 1278 1470 1471
f 1279 1472 1280
f 1279 1471 1472
f 1280 1473 1281
f 1280 1472 1473
f 1281 1474 1282
f 1281 1473 1474
f 1282 1475 1283
f 1282 1474 1475
f 1283 1476 1284
f 1283 1475 1476
f 1284 1477 1285
f 1284 1476 1477
f 1285 1478 1286
f 1285 1477 1478
f 1286 1479 1287
f 1286 1478 1479
f 1287 1480 1288
f 1287 1479 1480
f 1288 1481 1289
f 1288 1480 1481
f 1289 1482 1290
f 1289 1481 1482
f 1290 1483 1291
f 1290 1482 1483
f 1291 1484 1292
f 1291 1483 1484
f 1292 1485 1293
f 1292 1484 1485
f 1293 1486 1294
f 1293 1485 1486
f 1294 1487 1295
f 1294 1486 1487
f 1295 1488 1296
f 1295 1487 1488
f 1296 1489 1297
f 1296 1488 1489
f 1297 1490 1298
f 1297 1489 1490
f 1298 1491 1299
f 1298 1490 1491
f 1299 1492 1300
f 1299 1491 1492
f 1300 1493 1301
f 1300 1492 1493
f 1301 1494 1302
f 1301 1493 1494
f 1302 1495 1303
f 1302 1494 1495
f 1303 1496 1304
f 1303 1495 1496
f 1304 1497 1305
f 1304 1496 1497
f 1305 1498 1306
f 1305 1497 1498
f 1306 1499 1307
f 1306 1498 1499
f 1307 1500 1308
f 1307 1499 1500
f 1308 1501 1309
f 1308 1500 1501
f 1309 1502 1310
f 1309 1501 1502
f 1310 1503 1311
f 1310 1502 1503
f 1311 1504 1312
f 1311 1503 1504
f 1312 1505 1313
f 1312 1504 1505
f 1313 1506 1314
f 1313 1505 1506
f 1314 1507 1315
f 1314 1506 1507
f 1315 1508 1316
f 1315 1507 1508
f 1316 1509 1317
f 1316 1508 1509
f 1317 1510 1318
f 1317 1509 1510
f 1318 1511 1319
f 1318 1510 1511
f 1319 1512 1320
f 1319 1511 1512
f 1320 1513 1321
f 1320 1512 1513
f 1321 1514 1322
f 1321 1513 1514
f 1322 1515 1323
f 1322 1514 1515
f 1323 1516 1324
f 1323 1515 1516
f 1324 1517 1325
f 1324 1516 1517
f 1325 1518 1326
f 1325 1517 1518
f 1326 1519 1327
f 1326 1518 1519
f 1327 1520 1328
f 1327 1519 1520
f 1328 1521 1329
f 1328 1520 1521
f 1329 1522 1330
f 1329 1521 1522
f 1330 1523 1331
f 1330 1522 1523
f 1331 1524 1332
f 1331 1523 1524
f 1332 1525 1333
f 1332 1524 1525
f 1333 1526 1334
f 1333 1525 1526
f 1334 1527 1335
f 1334 1526 1527
f 1335 1528 1336
f 1335 1527 1528
f 1336 1529 1337
f 1336 1528 1529
f 1337 1530 1338
f 1337 1529 1530
f 1338 1531 1339
f 1338 1530 1531
f 1339 1532 1340
f 1339 1531 1532
f 1340 1533 1341
f 1340 1532 1533
f 1341 1534 1342
f 1341 1533 1534
f 1342 1535 1343
f 1342 1534 1535
f 1343 1536 1344
f 1343 1535 1536
f 1344 1441 1249
f 1344 1536 1441
f 1345 1346 1538
f 1345 1538 1537
f 1346 1347 1539
f 1346 1539 1538
f 1347 1348 1540
f 1347 1540 1539
f 1348 1349 1541
f 1348 1541 1540
f 1349 1350 1542
f 1349 1542 1541
f 1350 1351 1543
f 1350 1543 1542
f 1351 1352 1544
f 1351 1544 1543
f 1352 1353 1545
f 1352 1545 1544
f 1353 1354 1546
f 1353 1546 1545
f 1354 1355 1547
f 1354 1547 1546
f 1355 1356 1548
f 1355 1548 1547
f 1356 1357 1549
f 1356 1549 1548
f 1357 1358 1550
f 1357 1550 1549
f 1358 1359 1551
f 1358 1551 1550
f 1359 1360 1552
f 1359 1552 1551
f 1360 1361 1553
f 1360 1553 1552
f 1361 1362 1554
f 1361 1554 1553
f 1362 1363 1555
f 1362 1555 1554
f 1363 1364 1556
f 1363 1556 1555
f 1364 1365 1557
f 1364 1557 1556
f 1365 1366 1558
f 1365 1558 1557
f 1366 1367 1559
f 1366 1559 1558
f 1367 1368 1560
f 1367 1560 1559
f 1368 1369 1561
f 1368 1561 1560
f 1369 1370 1562
f 1369 1562 1561
f 1370 1371 1563
f 1370 1563 1562
f 1371 1372 1564
f 1371 1564 1563
f 1372 1373 1565
f 1372 1565 1564
f 1373 1374 1566
f 1373 1566 1565
f 1374 1375 1567
f 1374 1567 1566
f 1375 1376 1568
f 1375 1568 1567
f 1376 1377 1569
f 1376 1569 1568
f 1377 1378 1570
f 1377 1570 1569
f 1378 1379 1571
f 1378 1571 1570
f 1379 1380 1572
f 1379 1572 1571
f 1380 1381 1573
f 1380 1573 1572
f 1381 1382 1574
f 1381 1574 1573
f 1382 1383 1575
f 1382 1575 1574
f 1383 1384 1576
f 1383 1576 1575
f 1384 1385 1577
f 1384 1577 1576
f 1385 1386 1578
f 1385 1578 1577
f 1386 1387 1579
f 1386 1579 1578
f 1387 1388 1580
f 1387 1580 1579
f 1388 1389 1581
f 1388 1581 1580
f 1389 1390 1582
f 1389 1582 1581
f 1390 1391 1583
f 1390 1583 1582
f 1391 1392 1584
f 1391 1584 1583
f 1392 1393 1585
f 1392 1585 1584
f 1393 1394 1586
f 1393 1586 1585
f 1394 1395 1587
f 1394 1587 1586
f 1395 1396 1588
f 1395 1588 1587
f 1396 1397 1589
f 1396 1589 1588
f 1397 1398 1590
f 1397 1590 1589
f 1398 1399 1591
f 1398 1591 1590
f 1399 1400 1592
f 1399 1592 1591
f 1400 1401 1593
f 1400 1593 1592
f 1401 1402 1594
f 1401 1594 1593
f 1402 1403 1595
f 1402 1595 1594
f 1403 1404 1596
f 1403 1596 1595
f 1404 1405 1597
f 1404 1597 1596
f 1405 1406 1598
f 1405 1598 1597
f 1406 1407 1599
f 1406 1599 1598
f 1407 1408 1600
f 1407 1600 1599
f 1408 1409 1601
f 1408 1601 1600
f 1409 1410 1602
f 1409 1602 1601
f 1410 1411 1603
f 1410 1603 1602
f 1411 1412 1604
f 1411 1604 1603
f 1412 1413 1605
f 1412 1605 1604
f 1413 1414 1606
f 1413 1606 1605
f 1414 1415 1607
f 1414 1607 1606
f 1415 1416 1608
f 1415 1608 1607
f 1416 1417 1609
f 1416 1609 1608
f 1417 1418 1610
f 1417 1610 1609
f 1418 1419 1611
f 1418 1611 1610
f 1419 1420 1612
f 1419 1612 1611
f 1420 1421 1613
f 1420 1613 1612
f 1421 1422 1614
f 1421 1614 1613
f 1422 1423 1615
f 1422 1615 1614
f 1423 1424 1616
f 1423 1616 1615
f 1424 1425 1617
f 1424 1617 1616
f 1425 1426 1618
f 1425 1618 1617
f 1426 1427 1619
f 1426 1619 1618
f 1427 1428 1620
f 1427 1620 1619
f 1428 1429 1621
f 1428 1621 1620
f 1429 1430 1622
f 1429 1622 1621
f 1430 1431 1623
f 1430 1623 1622
f 1431 1432 1624
f 1431 1624 1623
f 1432 1433 1625
f 1432 1625 1624
f 1433 1434 1626
f 1433 1626 1625
f 1434 1435 1627
f 1434 1627 1626
f 1435 1436 1628
f 1435 1628 1627
f 1436 1437 1629
f 1436 1629 1628
f 1437 1438 1630
f 1437 1630 1629
f 1438 1439 1631
f 1438 1631 1630
f 1439 1440 1632
f 1439 1632 1631
f 1440 1345 1537
f 1440 1537 1632
f 1441 1634 1442
f 1441 1633 1634
f 1442 1635 1443
f 1442 1634 1635
f 1443 1636 1444
f 1443 1635 1636
f 1444 1637 1445
f 1444 1636 1637
f 1445 1638 1446
f 1445 1637 1638
f 1446 1639 1447
f 1446 1638 1639
f 1447 1640 1448
f 1447 1639 1640
f 1448 1641 1449
f 1448 1640 1641
f 1449 1642 1450
f 1449 1641 1642
f 1450 1643 1451
f 1450 1642 1643
f 1451 1644 1452
f 1451 1643 1644
f 1452 1645 1453
f 1452 1644 1645
f 1453 1646 1454
f 1453 1645 1646
f 1454 1647 1455
f 1454 1646 1647
f 1455 1648 1456
f 1455 1647 1648
f 1456 1649 1457
f 1456 1648 1649
f 1457 1650 1458
f 1457 1649 1650
f 1458 1651 1459
f 1458 1650 1651
f 1459 1652 1460
f 1459 1651 1652
f 1460 1653 1461
f 1460 1652 1653
f 1461 1654 1462
f 1461 1653 1654
f 1462 1655 1463
f 1462 1654 1655
f 1463 1656 1464
f 1463 1655 1656
f 1464 1657 1465
f 1464 1656 1657
f 1465 1658 1466
f 1465 1657 1658
f 1466 1659 1467
f 1466 1658 1659
f 1467 1660 1468
f 1467 1659 1660
f 1468 1661 1469
f 1468 1660 1661
f 1469 1662 1470
f 1469 1661 1662
f 1470 1663 1471
f 1470 1662 1663
f 1471 1664 1472
f 1471 1663 1664
f 1472 1665 1473
f 1472 1664 1665
f 1473 1666 1474
f 1473 1665 1666
f 1474 1667 1475
f 1474 1666 1667
f 1475 1668 1476
f 1475 1667 1668
f 1476 1669 1477
f 1476 1668 1669
f 1477 1670 1478
f 1477 1669 1670
f 1478 1671 1479
f 1478 1670 1671
f 1479 1672 1480
f 1479 1671 1672
f 1480 1673 1481
f 1480 1672 1673
f 1481 1674 1482
f 1481 1673 1674
f 1482 1675 1483
f 1482 1674 1675
f 1483 1676 1484
f 1483 1675 1676
f 1484 1677 1485
f 1484 1676 1677
f 1485 1678 1486
f 1485 1677 1678
f 1486 1679 1487
f 1486 1678 1679
f 1487 1680 1488
f 1487 1679 1680
f 1488 1681 1489
f 1488 1680 1681
f 1489 1682 1490
f 1489 1681 1682
f 1490 1683 1491
f 1490 1682 1683
f 1491 1684 1492
f 1491 1683 1684
f 1492 1685 1493
f 1492 1684 1685
f 1493 1686 1494
f 1493 1685 1686
f 1494 1687 1495
f 1494 1686 1687
f 1495 1688 1496
f 1495 1687 1688
f 1496 1689 1497
f 1496 1688 1689
f 1497 1690 1498
f 1497 1689 1690
f 1498 1691 1499
f 1498 1690 1691
f 1499 1692 1500
f 1499 1691 1692
f 1500 1693 1501
f 1500 1692 1693
f 1501 1694 1502
f 1501 1693 1694
f 1502 1695 1503
f 1502 1694 1695
f 1503 1696 1504
f 1503 1695 1696
f 1504 1697 1505
f 1504 1696 1697
f 1505 1698 1506
f 1505 1697 1698
f 1506 1699 1507
f 1506 1698 1699
f 1507 1700 1508
f 1507 1699 1700
f 1508 1701 1509
f 1508 1700 1701
f 1509 1702 1510
f 1509 1701 1702
f 1510 1703 1511
f 1510 1702 1703
f 1511 1704 1512
f 1511 1703 1704
f 1512 1705 1513
f 1512 1704 1705
f 1513 1706 1514
f 1513 1705 1706
f 1514 1707 1515
f 1514 1706 1707
f 1515 1708 1516
f 1515 1707 1708
f 1516 1709 1517
f 1516 1708 1709
f 1517 1710 1518
f 1517 1709 1710
f 1518 1711 1519
f 1518 1710 1711
f 1519 1712 1520
f 1519 1711 1712
f 1520 1713 1521
f 1520 1712 1713
f 1521 1714 1522
f 1521 1713 1714
f 1522 1715 1523
f 1522 1714 1715
f 1523 1716 1524
f 1523 1715 1716
f 1524 1717 1525
f 1524 1716 1717
f 1525 1718 1526
f 1525 1717 1718
f 1526 1719 1527
f 1526 1718 1719
f 1527 1720 1528
f 1527 1719 1720
f 1528 1721 1529
f 1528 1720 1721
f 1529 1722 1530
f 1529 1721 1722
f 1530 1723 1531
f 1530 1722 1723
f 1531 1724 1532
f 1531 1723 1724
f 1532 1725 1533
f 1532 1724 1725
f 1533 1726 1534
f 1533 1725 1726
f 1534 1727 1535
f 1534 1726 1727
f 1535 1728 1536
f 1535 1727 1728
f 1536 1633 1441
f 1536 1728 1633
f 1537 1538 1730
f 1537 1730 1729
f 1538 1539 1731
f 1538 1731 1730
f 1539 1540 1732
f 1539 1732 1731
f 1540 1541 1733
f 1540 1733 1732
f 1541 1542 1734
f 1541 1734 1733
f 1542 1543 1735
f 1542 1735 1734
f 1543 1544 1736
f 1543 1736 1735
f 1544 1545 1737
f 1544 1737 1736
f 1545 1546 1738
f 1545 1738 1737
f 1546 1547 1739
f 1546 1739 1738
f 1547 1548 1740
f 1547 1740 1739
f 1548 1549 1741
f 1548 1741 1740
f 1549 1550 1742
f 1549 1742 1741
f 1550 1551 1743
f 1550 1743 1742
f 1551 1552 1744
f 1551 1744 1743
f 1552 1553 1745
f 1552 1745 1744
f 1553 1554 1746
f 1553 1746 1745
f 1554 1555 1747
f 1554 1747 1746
f 1555 1556 1748
f 1555 1748 1747
f 1556 1557 1749
f 1556 1749 1748
f 1557 1558 1750
f 1557 1750 1749
f 1558 1559 1751
f 1558 1751 1750
f 1559 1560 1752
f 1559 1752 1751
f 1560 1561 1753
f 1560 1753 1752
f 1561 1562 1754
f 1561 1754 1753
f 1562 1563 1755
f 1562 1755 1754
f 1563 1564 1756
f 1563 1756 1755
f 1564 1565 1757
f 1564 1757 1756
f 1565 1566 1758
f 1565 1758 1757
f 1566 1567 1759
f 1566 1759 1758
f 1567 1568 1760
f 1567 1760 1759
f 1568 1569 1761
f 1568 1761 1760
f 1569 1570 1762
f 1569 1762 1761
f 1570 1571 1763
f 1570 1763 1762
f 1571 1572 1764
f 1571 1764 1763
f 1572 1573 1765
f 1572 1765 1764
f 1573 1574 1766
f 1573 1766 1765
f 1574 1575 1767
f 1574 1767 1766
f 1575 1576 1768
f 1575 1768 1767
f 1576 1577 1769
f 1576 1769 1768
f 1577 1578 1770
f 1577 1770 1769
f 1578 1579 1771
f 1578 1771 1770
f 1579 1580 1772
f 1579 1772 1771
f 1580 1581 1773
f 1580 1773 1772
f 1581 1582 1774
f 1581 1774 1773
f 1582 1583 1775
f 1582 1775 1774
f 1583 1584 1776
f 1583 1776 1775
f 1584 1585 1777
f 1584 1777 1776
f 1585 1586 1778
f 1585 1778 1777
f 1586 1587 1779
f 1586 1779 1778
f 1587 1588 1780
f 1587 1780 1779
f 1588 1589 1781
f 1588 1781 1780
f 1589 1590 1782
f 1589 1782 1781
f 1590 1591 1783
f 1590 1783 1782
f 1591 1592 1784
f 1591 1784 1783
f 1592 1593 1785
f 1592 1785 1784
f 1593 1594 1786
f 1593 1786 1785
f 1594 1595 1787
f 1594 1787 1786
f 1595 1596 1788
f 1595 1788 1787
f 1596 1597 1789
f 1596 1789 1788
f 1597 1598 1790
f 1597 1790 1789
f 1598 1599 1791
f 1598 1791 1790
f 1599 1600 1792
f 1599 1792 1791
f 1600 1601 1793
f 1600 1793 1792
f 1601 1602 1794
f 1601 1794 1793
f 1602 1603 1795
f 1602 1795 1794
f 1603 1604 1796
f 1603 1796 1795
f 1604 1605 1797
f 1604 1797 1796
f 1605 1606 1798
f 1605 1798 1797
f 1606 1607 1799
f 1606 1799 1798
f 1607 1608 1800
f 1607 1800 1799
f 1608 1609 1801
f 1608 1801 1800
f 1609 1610 1802
f 1609 1802 1801
f 1610 1611 1803
f 1610 1803 1802
f 1611 1612 1804
f 1611 1804 1803
f 1612 1613 1805
f 1612 1805 1804
f 1613 1614 1806
f 1613 1806 1805
f 1614 1615 1807
f 1614 1807 1806
f 1615 1616 1808
f 1615 1808 1807
f 1616 1617 1809
f 1616 1809 1808
f 1617 1618 1810
f 1617 1810 1809
f 1618 1619 1811
f 1618 1811 1810
f 1619 1620 1812
f 1619 1812 1811
f 1620 1621 1813
f 1620 1813 1812
f 1621 1622 1814
f 1621 1814 1813
f 1622 1623 1815
f 1622 1815 1814
f 1623 1624 1816
f 1623 1816 1815
f 1624 1625 1817
f 1624 1817 1816
f 1625 1626 1818
f 1625 1818 1817
f 1626 1627 1819
f 1626 1819 1818
f 1627 1628 1820
f 1627 1820 1819
f 1628 1629 1821
f 1628 1821 1820
f 1629 1630 1822
f 1629 1822 1821
f 1630 1631 1823
f 1630 1823 1822
f 1631 1632 1824
f 1631 1824 1823
f 1632 1537 1729
f 1632 1729 1824
f 1633 1826 1634
f 1633 1825 1826
f 1634 1827 1635
f 1634 1826 1827
f 1635 1828 1636
f 1635 1827 1828
f 1636 1829 1637
f 1636 1828 1829
f 1637 1830 1638
f 1637 1829 1830
f 1638 1831 1639
f 1638 1830 1831
f 1639 1832 1640
f 1639 1831 1832
f 1640 1833 1641
f 1640 1832 1833
f 1641 1834 1642
f 1641 1833 1834
f 1642 1835 1643
f 1642 1834 1835
f 1643 1836 1644
f 1643 1835 1836
f 1644 1837 1645
f 1644 1836 1837
f 1645 1838 1646
f 1645 1837 1838
f 1646 1839 1647
f 1646 1838 1839
f 1647 1840 1648
f 1647 1839 1840
f 1648 1841 1649
f 1648 1840 1841
f 1649 1842 1650
f 1649 1841 1842
f 1650 1843 1651
f 1650 1842 1843
f 1651 1844 1652
f 1651 1843 1844
f 1652 1845 1653
f 1652 1844 1845
f 1653 1846 1654
f 1653 1845 1846
f 1654 1847 1655
f 1654 1846 1847
f 1655 1848 1656
f 1655 1847 1848
f 1656 1849 1657
f 1656 1848 1849
f 1657 1850 1658
f 1657 1849 1850
f 1658 1851 1659
f 1658 1850 1851
f 1659 1852 1660
f 1659 1851 1852
f 1660 1853 1661
f 1660 1852 1853
f 1661 1854 1662
f 1661 1853 1854
f 1662 1855 1663
f 1662 1854 1855
f 1663 1856 1664
f 1663 1855 1856
f 1664 1857 1665
f 1664 1856 1857
f 1665 1858 1666
f 1665 1857 1858
f 1666 1859 1667
f 1666 1858 1859
f 1667 1860 1668
f 1667 1859 1860
f 1668 1861 1669
f 1668 1860 1861
f 1669 1862 1670
f 1669 1861 1862
f 1670 1863 1671
f 1670 1862 1863
f 1671 1864 1672
f 1671 1863 1864
f 1672 1865 1673
f 1672 1864 1865
f 1673 1866 1674
f 1673 1865 1866
f 1674 1867 1675
f 1674 1866 1867
f 1675 1868 1676
f 1675 1867 1868
f 1676 1869 1677
f 1676 1868 1869
f 1677 1870 1678
f 1677 1869 1870
f 1678 1871 1679
f 1678 1870 1871
f 1679 1872 1680
f 1679 1871 1872
f 1680 1873 1681
f 1680 1872 1873
f 1681 1874 1682
f 1681 1873 1874
f 1682 1875 1683
f 1682 1874 1875
f 1683 1876 1684
f 1683 1875 1876
f 1684 1877 1685
f 1684 1876 1877
f 1685 1878 1686
f 1685 1877 1878
f 1686 1879 1687
f 1686 1878 1879
f 1687 1880 1688
f 1687 1879 1880
f 1688 1881 1689
f 1688 1880 1881
f 1689 1882 1690
f 1689 1881 1882
f 1690 1883 1691
f 1690 1882 1883
f 1691 1884 1692
f 1691 1883 1884
f 1692 1885 1693
f 1692 1884 1885
f 1693 1886 1694
f 1693 1885 1886
f 1694 1887 1695
f 1694 1886 1887
f 1695 1888 1696
f 1695 1887 1888
f 1696 1889 1697
f 1696 1888 1889
f 1697 1890 1698
f 1697 1889 1890
f 1698 1891 1699
f 1698 1890 1891
f 1699 1892 1700
f 1699 1891 1892
f 1700 1893 1701
f 1700 1892 1893
f 1701 1894 1702
f 1701 1893 1894
f 1702 1895 1703
f 1702 1894 1895
f 1703 1896 1704
f 1703 1895 1896
f 1704 1897 1705
f 1704 1896 1897
f 1705 1898 1706
f 1705 1897 1898
f 1706 1899 1707
f 1706 1898 1899
f 1707 1900 1708
f 1707 1899 1900
f 1708 1901 1709
f 1708 1900 1901
f 1709 1902 1710
f 1709 1901 1902
f 1710 1903 1711
f 1710 1902 1903
f 1711 1904 1712
f 1711 1903 1904
f 1712 1905 1713
f 1712 1904 1905
f 1713 1906 1714
f 1713 1905 1906
f 1714 1907 1715
f 1714 1906 1907
f 1715 1908 1716
f 1715 1907 1908
f 1716 1909 1717
f 1716 1908 1909
f 1717 1910 1718
f 1717 1909 1910
f 1718 1911 1719
f 1718 1910 1911
f 1719 1912 1720
f 1719 1911 1912
f 1720 1913 1721
f 1720 1912 1913
f 1721 1914 1722
f 1721 1913 1914
f 1722 1915 1723
f 1722 1914 1915
f 1723 1916 1724
f 1723 1915 1916
f 1724 1917 1725
f 1724 1916 1917
f 1725 1918 1726
f 1725 1917 1918
f 1726 1919 1727
f 1726 1918 1919
f 1727 1920 1728
f 1727 1919 1920
f 1728 1825 1633
f 1728 1920 1825
f 1729 1730 1922
f 1729 1922 1921
f 1730 1731 1923
f 1730 1923 1922
f 1731 1732 1924
f 1731 1924 1923
f 1732 1733 1925
f 1732 1925 1924
f 1733 1734 1926
f 1733 1926 1925
f 1734 1735 1927
f 1734 1927 1926
f 1735 1736 1928
f 1735 1928 1927
f 1736 1737 1929
f 1736 1929 1928
f 1737 1738 1930
f 1737 1930 1929
f 1738 1739 1931
f 1738 1931 1930
f 1739 1740 1932
f 1739 1932 1931
f 1740 1741 1933
f 1740 1933 1932
f 1741 1742 1934
f 1741 1934 1933
f 1742 1743 1935
f 1742 1935 1934
f 1743 1744 1936
f 1743 1936 1935
f 1744 1745 1937
f 1744 1937 1936
f 1745 1746 1938
f 1745 1938 1937
f 1746 1747 1939
f 1746 1939 1938
f 1747 1748 1940
f 1747 1940 1939
f 1748 1749 1941
f 1748 1941 1940
f 1749 1750 1942
f 1749 1942 1941
f 1750 1751 1943
f 1750 1943 1942
f 1751 1752 1944
f 1751 1944 1943
f 1752 1753 1945
f 1752 1945 1944
f 1753 1754 1946
f 1753 1946 1945
f 1754 1755 1947
f 1754 1947 1946
f 1755 1756 1948
f 1755 1948 1947
f 1756 1757 1949
f 1756 1949 1948
f 1757 1758 1950
f 1757 1950 1949
f 1758 1759 1951
f 1758 1951 1950
f 1759 1760 1952
f 1759 1952 1951
f 1760 1761 1953
f 1760 1953 1952
f 1761 1762 1954
f 1761 1954 1953
f 1762 1763 1955
f 1762 1955 1954
f 1763 1764 1956
f 1763 1956 1955
f 1764 1765 1957
f 1764 1957 1956
f 1765 1766 1958
f 1765 1958 1957
f 1766 1767 1959
f 1766 1959 1958
f 1767 1768 1960
f 1767 1960 1959
f 1768 1769 1961
f 1768 1961 1960
f 1769 1770 1962
f 1769 1962 1961
f 1770 1771 1963
f 1770 1963 1962
f 1771 1772 1964
f 1771 1964 1963
f 1772 1773 1965
f 1772 1965 1964
f 1773 1774 1966
f 1773 1966 1965
f 1774 1775 1967
f 1774 1967 1966
f 1775 1776 1968
f 1775 1968 1967
f 1776 1777 1969
f 1776 1969 1968
f 1777 1778 1970
f 1777 1970 1969
f 1778 1779 1971
f 1778 1971 1970
f 1779 1780 1972
f 1779 1972 1971
f 1780 1781 1973
f 1780 1973 1972
f 1781 1782 1974
f 1781 1974 1973
f 1782 1783 1975
f 1782 1975 1974
f 1783 1784 1976
f 1783 1976 1975
f 1784 1785 1977
f 1784 1977 1976
f 1785 1786 1978
f 1785 1978 1977
f 1786 1787 1979
f 1786 1979 1978
f 1787 1788 1980
f 1787 1980 1979
f 1788 1789 1981
f 1788 1981 1980
f 1789 1790 1982
f 1789 1982 1981
f 1790 1791 1983
f 1790 1983 1982
f 1791 1792 1984
f 1791 1984 1983
f 1792 1793 1985
f 1792 1985 1984
f 1793 1794 1986
f 1793 1986 1985
f 1794 1795 1987
f 1794 1987 1986
f 1795 1796 1988
f 1795 1988 1987
f 1796 1797 1989
f 1796 1989 1988
f 1797 1798 1990
f 1797 1990 1989
f 1798 1799 1991
f 1798 1991 1990
f 1799 1800 1992
f 1799 1992 1991
f 1800 1801 1993
f 1800 1993 1992
f 1801 1802 1994
f 1801 1994 1993
f 1802 1803 1995
f 1802 1995 1994
f 1803 1804 1996
f 1803 1996 1995
f 1804 1805 1997
f 1804 1997 1996
f 1805 1806 1998
f 1805 1998 1997
f 1806 1807 1999
f 1806 1999 1998
f 1807 1808 2000
f 1807 2000 1999
f 1808 1809 2001
f 1808 2001 2000
f 1809 1810 2002
f 1809 2002 2001
f 1810 1811 2003
f 1810 2003 2002
f 1811 1812 2004
f 1811 2004 2003
f 1812 1813 2005
f 1812 2005 2004
f 1813 1814 2006
f 1813 2006 2005
f 1814 1815 2007
f 1814 2007 2006
f 1815 1816 2008
f 1815 2008 2007
f 1816 1817 2009
f 1816 2009 2008
f 1817 1818 2010
f 1817 2010 2009
f 1818 1819 2011
f 1818 2011 2010
f 1819 1820 2012
f 1819 2012 2011
f 1820 1821 2013
f 1820 2013 2012
f 1821 1822 2014
f 1821 2014 2013
f 1822 1823 2015
f 1822 2015 2014
f 1823 1824 2016
f 1823 2016 2015
f 1824 1729 1921
f 1824 1921 2016
f 1825 2018 1826
f 1825 2017 2018
f 1826 2019 1827
f 1826 2018 2019
f 1827 2020 1828
f 1827 2019 2020
f 1828 2021 1829
f 1828 2020 2021
f 1829 2022 1830
f 1829 2021 2022
f 1830 2023 1831
f 1830 2022 2023
f 1831 2024 1832
f 1831 2023 2024
f 1832 2025 1833
f 1832 2024 2025
f 1833 2026 1834
f 1833 2025 2026
f 1834 2027 1835
f 1834 2026 2027
f 1835 2028 1836
f 1835 2027 2028
f 1836 2029 1837
f 1836 2028 2029
f 1837 2030 1838
f 1837 2029 2030
f 1838 2031 1839
f 1838 2030 2031
f 1839 2032 1840
f 1839 2031 2032
f 1840 2033 1841
f 1840 2032 2033
f 1841 2034 1842
f 1841 2033 2034
f 1842 2035 1843
f 1842 2034 2035
f 1843 2036 1844
f 1843 2035 2036
f 1844 2037 1845
f 1844 2036 2037
f 1845 2038 1846
f 1845 2037 2038
f 1846 2039 1847
f 1846 2038 2039
f 1847 2040 1848
f 1847 2039 2040
f 1848 2041 1849
f 1848 2040 2041
f 1849 2042 1850
f 1849 2041 2042
f 1850 2043 1851
f 1850 2042 2043
f 1851 2044 1852
f 1851 2043 2044
f 1852 2045 1853
f 1852 2044 2045
f 1853 2046 1854
f 1853 2045 2046
f 1854 2047 1855
f 1854 2046 2047
f 1855 2048 1856
f 1855 2047 2048
f 1856 2049 1857
f 1856 2048 2049
f 1857 2050 1858
f 1857 2049 2050
f 1858 2051 1859
f 1858 2050 2051
f 1859 2052 1860
f 1859 2051 2052
f 1860 2053 1861
f 1860 2052 2053
f 1861 2054 1862
f 1861 2053 2054
f 1862 2055 1863
f 1862 2054 2055
f 1863 2056 1864
f 1863 2055 2056
f 1864 2057 1865
f 1864 2056 2057
f 1865 2058 1866
f 1865 2057 2058
f 1866 2059 1867
f 1866 2058 2059
f 1867 2060 1868
f 1867 2059 2060
f 1868 2061 1869
f 1868 2060 2061
f 1869 2062 1870
f 1869 2061 2062
f 1870 2063 1871
f 1870 2062 2063
f 1871 2064 1872
f 1871 2063 2064
f 1872 2065 1873
f 1872 2064 2065
f 1873 2066 1874
f 1873 2065 2066
f 1874 2067 1875
f 1874 2066 2067
f 1875 2068 1876
f 1875 2067 2068
f 1876 2069 1877
f 1876 2068 2069
f 1877 2070 1878
f 1877 2069 2070
f 1878 2071 1879
f 1878 2070 2071
f 1879 2072 1880
f 1879 2071 2072
f 1880 2073 1881
f 1880 2072 2073
f 1881 2074 1882
f 1881 2073 2074
f 1882 2075 1883
f 1882 2074 2075
f 1883 2076 1884
f 1883 2075 2076
f 1884 2077 1885
f 1884 2076 2077
f 1885 2078 1886
f 1885 2077 2078
f 1886 2079 1887
f 1886 2078 2079
f 1887 2080 1888
f 1887 2079 2080
f 1888 2081 1889
f 1888 2080 2081
f 1889 2082 1890
f 1889 2081 2082
f 1890 2083 1891
f 1890 2082 2083
f 1891 2084 1892
f 1891 2083 2084
f 1892 2085 1893
f 1892 2084 2085
f 1893 2086 1894
f 1893 2085 2086
f 1894 2087 1895
f 1894 2086 2087
f 1895 2088 1896
f 1895 2087 2088
f 1896 2089 1897
f 1896 2088 2089
f 1897 2090 1898
f 1897 2089 2090
f 1898 2091 1899
f 1898 2090 2091
f 1899 2092 1900
f 1899 2091 2092
f 1900 2093 1901
f 1900 2092 2093
f 1901 2094 1902
f 1901 2093 2094
f 1902 2095 1903
f 1902 2094 2095
f 1903 2096 1904
f 1903 2095 2096
f 1904 2097 1905
f 1904 2096 2097
f 1905 2098 1906
f 1905 2097 2098
f 1906 2099 1907
f 1906 2098 2099
f 1907 2100 1908
f 1907 2099 2100
f 1908 2101 1909
f 1908 2100 2101
f 1909 2102 1910
f 1909 2101 2102
f 1910 2103 1911
f 1910 2102 2103
f 1911 2104 1912
f 1911 2103 2104
f 1912 2105 1913
f 1912 2104 2105
f 1913 2106 1914
f 1913 2105 2106
f 1914 2107 1915
f 1914 2106 2107
f 1915 2108 1916
f 1915 2107 2108
f 1916 2109 1917
f 1916 2108 2109
f 1917 2110 1918
f 1917 2109 2110
f 1918 2111 1919
f 1918 2110 2111
f 1919 2112 1920
f 1919 2111 2112
f 1920 2017 1825
f 1920 2112 2017
f 1921 1922 2114
f 1921 2114 2113
f 1922 1923 2115
f 1922 2115 2114
f 1923 1924 2116
f 1923 2116 2115
f 1924 1925 2117
f 1924 2117 2116
f 1925 1926 2118
f 1925 2118 2117
f 1926 1927 2119
f 1926 2119 2118
f 1927 1928 2120
f 1927 2120 2119
f 1928 1929 2121
f 1928 2121 2120
f 1929 1930 2122
f 1929 2122 2121
f 1930 1931 2123
f 1930 2123 2122
f 1931 1932 2124
f 1931 2124 2123
f 1932 1933 2125
f 1932 2125 2124
f 1933 1934 2126
f 1933 2126 2125
f 1934 1935 2127
f 1934 2127 2126
f 1935 1936 2128
f 1935 2128 2127
f 1936 1937 2129
f 1936 2129 2128
f 1937 1938 2130
f 1937 2130 2129
f 1938 1939 2131
f 1938 2131 2130
f 1939 1940 2132
f 1939 2132 2131
f 1940 1941 2133
f 1940 2133 2132
f 1941 1942 2134
f 1941 2134 2133
f 1942 1943 2135
f 1942 2135 2134
f 1943 1944 2136
f 1943 2136 2135
f 1944 1945 2137
f 1944 2137 2136
f 1945 1946 2138
f 1945 2138 2137
f 1946 1947 2139
f 1946 2139 2138
f 1947 1948 2140
f 1947 2140 2139
f 1948 1949 2141
f 1948 2141 2140
f 1949 1950 2142
f 1949 2142 2141
f 1950 1951 2143
f 1950 2143 2142
f 1951 1952 2144
f 1951 2144 2143
f 1952 1953 2145
f 1952 2145 2144
f 1953 1954 2146
f 1953 2146 2145
f 1954 1955 2147
f 1954 2147 2146
f 1955 1956 2148
f 1955 2148 2147
f 1956 1957 2149
f 1956 2149 2148
f 1957 1958 2150
f 1957 2150 2149
f 1958 1959 2151
f 1958 2151 2150
f 1959 1960 2152
f 1959 2152 2151
f 1960 1961 2153
f 1960 2153 2152
f 1961 1962 2154
f 1961 2154 2153
f 1962 1963 2155
f 1962 2155 2154
f 1963 1964 2156
f 1963 2156 2155
f 1964 1965 2157
f 1964 2157 2156
f 1965 1966 2158
f 1965 2158 2157
f 1966 1967 2159
f 1966 2159 2158
f 1967 1968 2160
f 1967 2160 2159
f 1968 1969 2161
f 1968 2161 2160
f 1969 1970 2162
f 1969 2162 2161
f 1970 1971 2163
f 1970 2163 2162
f 1971 1972 2164
f 1971 2164 2163
f 1972 1973 2165
f 1972 2165 2164
f 1973 1974 2166
f 1973 2166 2165
f 1974 1975 2167
f 1974 2167 2166
f 1975 1976 2168
f 1975 2168 2167
f 1976 1977 2169
f 1976 2169 2168
f 1977 1978 2170
f 1977 2170 2169
f 1978 1979 2171
f 1978 2171 2170
f 1979 1980 2172
f 1979 2172 2171
f 1980 1981 2173
f 1980 2173 2172
f 1981 1982 2174
f 1981 2174 2173
f 1982 1983 2175
f 1982 2175 2174
f 1983 1984 2176
f 1983 2176 2175
f 1984 1985 2177
f 1984 2177 2176
f 1985 1986 2178
f 1985 2178 2177
f 1986 1987 2179
f 1986 2179 2178
f 1987 1988 2180
f 1987 2180 2179
f 1988 1989 2181
f 1988 2181 2180
f 1989 1990 2182
f 1989 2182 2181
f 1990 1991 2183
f 1990 2183 2182
f 1991 1992 2184
f 1991 2184 2183
f 1992 1993 2185
f 1992 2185 2184
f 1993 1994 2186
f 1993 2186 2185
f 1994 1995 2187
f 1994 2187 2186
f 1995 1996 2188
f 1995 2188 2187
f 1996 1997 2189
f 1996 2189 2188
f 1997 1998 2190
f 1997 2190 2189
f 1998 1999 2191
f 1998 2191 2190
f 1999 2000 2192
f 1999 2192 2191
f 2000 2001 2193
f 2000 2193 2192
f 2001 2002 2194
f 2001 2194 2193
f 2002 2003 2195
f 2002 2195 2194
f 2003 2004 2196
f 2003 2196 2195
f 2004 2005 2197
f 2004 2197 2196
f 2005 2006 2198
f 2005 2198 2197
f 2006 2007 2199
f 2006 2199 2198
f 2007 2008 2200
f 2007 2200 2199
f 2008 2009 2201
f 2008 2201 2200
f 2009 2010 2202
f 2009 2202 2201
f 2010 2011 2203
f 2010 2203 2202
f 2011 2012 2204
f 2011 2204 2203
f 2012 2013 2205
f 2012 2205 2204
f 2013 2014 2206
f 2013 2206 2205
f 2014 2015 2207
f 2014 2207 2206
f 2015 2016 2208
f 2015 2208 2207
f 2016 1921 2113
f 2016 2113 2208
f 2017 2210 2018
f 2017 2209 2210
f 2018 2211 2019
f 2018 2210 2211
f 2019 2212 2020
f 2019 2211 2212
f 2020 2213 2021
f 2020 2212 2213
f 2021 2214 2022
f 2021 2213 2214
f 2022 2215 2023
f 2022 2214 2215
f 2023 2216 2024
f 2023 2215 2216
f 2024 2217 2025
f 2024 2216 2217
f 2025 2218 2026
f 2025 2217 2218
f 2026 2219 2027
f 2026 2218 2219
f 2027 2220 2028
f 2027 2219 2220
f 2028 2221 2029
f 2028 2220 2221
f 2029 2222 2030
f 2029 2221 2222
f 2030 2223 2031
f 2030 2222 2223
f 2031 2224 2032
f 2031 2223 2224
f 2032 2225 2033
f 2032 2224 2225
f 2033 2226 2034
f 2033 2225 2226
f 2034 2227 2035
f 2034 2226 2227
f 2035 2228 2036
f 2035 2227 2228
f 2036 2229 2037
f 2036 2228 2229
f 2037 2230 2038
f 2037 2229 2230
f 2038 2231 2039
f 2038 2230 2231
f 2039 2232 2040
f 2039 2231 2232
f 2040 2233 2041
f 2040 2232 2233
f 2041 2234 2042
f 2041 2233 2234
f 2042 2235 2043
f 2042 2234 2235
f 2043 2236 2044
f 2043 2235 2236
f 2044 2237 2045
f 2044 2236 2237
f 2045 2238 2046
f 2045 2237 2238
f 2046 2239 2047
f 2046 2238 2239
f 2047 2240 2048
f 2047 2239 2240
f 2048 2241 2049
f 2048 2240 2241
f 2049 2242 2050
f 2049 2241 2242
f 2050 2243 2051
f 2050 2242 2243
f 2051 2244 2052
f 2051 2243 2244
f 2052 2245 2053
f 2052 2244 2245
f 2053 2246 2054
f 2053 2245 2246
f 2054 2247 2055
f 2054 2246 2247
f 2055 2248 2056
f 2055 2247 2248
f 2056 2249 2057
f 2056 2248 2249
f 2057 2250 2058
f 2057 2249 2250
f 2058 2251 2059
f 2058 2250 2251
f 2059 2252 2060
f 2059 2251 2252
f 2060 2253 2061
f 2060 2252 2253
f 2061 2254 2062
f 2061 2253 2254
f 2062 2255 2063
f 2062 2254 2255
f 2063 2256 2064
f 2063 2255 2256
f 2064 2257 2065
f 2064 2256 2257
f 2065 2258 2066
f 2065 2257 2258
f 2066 2259 2067
f 2066 2258 2259
f 2067 2260 2068
f 2067 2259 2260
f 2068 2261 2069
f 2068 2260 2261
f 2069 2262 2070
f 2069 2261 2262
f 2070 2263 2071
f 2070 2262 2263
f 2071 2264 2072
f 2071 2263 2264
f 2072 2265 2073
f 2072 2264 2265
f 2073 2266 2074
f 2073 2265 2266
f 2074 2267 2075
f 2074 2266 2267
f 2075 2268 2076
f 2075 2267 2268
f 2076 2269 2077
f 2076 2268 2269
f 2077 2270 2078
f 2077 2269 2270
f 2078 2271 2079
f 2078 2270 2271
f 2079 2272 2080
f 2079 2271 2272
f 2080 2273 2081
f 2080 2272 2273
f 2081 2274 2082
f 2081 2273 2274
f 2082 2275 2083
f 2082 2274 2275
f 2083 2276 2084
f 2083 2275 2276
f 2084 2277 2085
f 2084 2276 2277
f 2085 2278 2086
f 2085 2277 2278
f 2086 2279 2087
f 2086 2278 2279
f 2087 2280 2088
f 2087 2279 2280
f 2088 2281 2089
f 2088 2280 2281
f 2089 2282 2090
f 2089 2281 2282
f 2090 2283 2091
f 2090 2282 2283
f 2091 2284 2092
f 2091 2283 2284
f 2092 2285 2093
f 2092 2284 2285
f 2093 2286 2094
f 2093 2285 2286
f 2094 2287 2095
f 2094 2286 2287
f 2095 2288 2096
f 2095 2287 2288
f 2096 2289 2097
f 2096 2288 2289
f 2097 2290 2098
f 2097 2289 2290
f 2098 2291 2099
f 2098 2290 2291
f 2099 2292 2100
f 2099 2291 2292
f 2100 2293 2101
f 2100 2292 2293
f 2101 2294 2102
f 2101 2293 2294
f 2102 2295 2103
f 2102 2294 2295
f 2103 2296 2104
f 2103 2295 2296
f 2104 2297 2105
f 2104 2296 2297
f 2105 2298 2106
f 2105 2297 2298
f 2106 2299 2107
f 2106 2298 2299
f 2107 2300 2108
f 2107 2299 2300
f 2108 2301 2109
f 2108 2300 2301
f 2109 2302 2110
f 2109 2301 2302
f 2110 2303 2111
f 2110 2302 2303
f 2111 2304 2112
f 2111 2303 2304
f 2112 2209 2017
f 2112 2304 2209
f 2113 2114 2306
f 2113 2306 2305
f 2114 2115 2307
f 2114 2307 2306
f 2115 2116 2308
f 2115 2308 2307
f 2116 2117 2309
f 2116 2309 2308
f 2117 2118 2310
f 2117 2310 2309
f 2118 2119 2311
f 2118 2311 2310
f 2119 2120 2312
f 2119 2312 2311
f 2120 2121 2313
f 2120 2313 2312
f 2121 2122 2314
f 2121 2314 2313
f 2122 2123 2315
f 2122 2315 2314
f 2123 2124 2316
f 2123 2316 2315
f 2124 2125 2317
f 2124 2317 2316
f 2125 2126 2318
f 2125 2318 2317
f 2126 2127 2319
f 2126 2319 2318
f 2127 2128 2320
f 2127 2320 2319
f 2128 2129 2321
f 2128 2321 2320
f 2129 2130 2322
f 2129 2322 2321
f 2130 2131 2323
f 2130 2323 2322
f 2131 2132 2324
f 2131 2324 2323
f 2132 2133 2325
f 2132 2325 2324
f 2133 2134 2326
f 2133 2326 2325
f 2134 2135 2327
f 2134 2327 2326
f 2135 2136 2328
f 2135 2328 2327
f 2136 2137 2329
f 2136 2329 2328
f 2137 2138 2330
f 2137 2330 2329
f 2138 2139 2331
f 2138 2331 2330
f 2139 2140 2332
f 2139 2332 2331
f 2140 2141 2333
f 2140 2333 2332
f 2141 2142 2334
f 2141 2334 2333
f 2142 2143 2335
f 2142 2335 2334
f 2143 2144 2336
f 2143 2336 2335
f 2144 2145 2337
f 2144 2337 2336
f 2145 2146 2338
f 2145 2338 2337
f 2146 2147 2339
f 2146 2339 2338
f 2147 2148 2340
f 2147 2340 2339
f 2148 2149 2341
f 2148 2341 2340
f 2149 2150 2342
f 2149 2342 2341
f 2150 2151 2343
f 2150 2343 2342
f 2151 2152 2344
f 2151 2344 2343
f 2152 2153 2345
f 2152 2345 2344
f 2153 2154 2346
f 2153 2346 2345
f 2154 2155 2347
f 2154 2347 2346
f 2155 2156 2348
f 2155 2348 2347
f 2156 2157 2349
f 2156 2349 2348
f 2157 2158 2350
f 2157 2350 2349
f 2158 2159 2351
f 2158 2351 2350
f 2159 2160 2352
f 2159 2352 2351
f 2160 2161 2353
f 2160 2353 2352
f 2161 2162 2354
f 2161 2354 2353
f 2162 2163 2355
f 2162 2355 2354
f 2163 2164 2356
f 2163 2356 2355
f 2164 2165 2357
f 2164 2357 2356
f 2165 2166 2358
f 2165 2358 2357
f 2166 2167 2359
f 2166 2359 2358
f 2167 2168 2360
f 2167 2360 2359
f 2168 2169 2361
f 2168 2361 2360
f 2169 2170 2362
f 2169 2362 2361
f 2170 2171 2363
f 2170 2363 2362
f 2171 2172 2364
f 2171 2364 2363
f 2172 2173 2365
f 2172 2365 2364
f 2173 2174 2366
f 2173 2366 2365
f 2174 2175 2367
f 2174 2367 2366
f 2175 2176 2368
f 2175 2368 2367
f 2176 2177 2369
f 2176 2369 2368
f 2177 2178 2370
f 2177 2370 2369
f 2178 2179 2371
f 2178 2371 2370
f 2179 2180 2372
f 2179 2372 2371
f 2180 2181 2373
f 2180 2373 2372
f 2181 2182 2374
f 2181 2374 2373
f 2182 2183 2375
f 2182 2375 2374
f 2183 2184 2376
f 2183 2376 2375
f 2184 2185 2377
f 2184 2377 2376
f 2185 2186 2378
f 2185 2378 2377
f 2186 2187 2379
f 2186 2379 2378
f 2187 2188 2380
f 2187 2380 2379
f 2188 2189 2381
f 2188 2381 2380
f 2189 2190 2382
f 2189 2382 2381
f 2190 2191 2383
f 2190 2383 2382
f 2191 2192 2384
f 2191 2384 2383
f 2192 2193 2385
f 2192 2385 2384
f 2193 2194 2386
f 2193 2386 2385
f 2194 2195 2387
f 2194 2387 2386
f 2195 2196 2388
f 2195 2388 2387
f 2196 2197 2389
f 2196 2389 2388
f 2197 2198 2390
f 2197 2390 2389
f 2198 2199 2391
f 2198 2391 2390
f 2199 2200 2392
f 2199 2392 2391
f 2200 2201 2393
f 2200 2393 2392
f 2201 2202 2394
f 2201 2394 2393
f 2202 2203 2395
f 2202 2395 2394
f 2203 2204 2396
f 2203 2396 2395
f 2204 2205 2397
f 2204 2397 2396
f 2205 2206 2398
f 2205 2398 2397
f 2206 2207 2399
f 2206 2399 2398
f 2207 2208 2400
f 2207 2400 2399
f 2208 2113 2305
f 2208 2305 2400
f 2209 2402 2210
f 2209 2401 2402
f 2210 2403 2211
f 2210 2402 2403
f 2211 2404 2212
f 2211 2403 2404
f 2212 2405 2213
f 2212 2404 2405
f 2213 2406 2214
f 2213 2405 2406
f 2214 2407 2215
f 2214 2406 2407
f 2215 2408 2216
f 2215 2407 2408
f 2216 2409 2217
f 2216 2408 2409
f 2217 2410 2218
f 2217 2409 2410
f 2218 2411 2219
f 2218 2410 2411
f 2219 2412 2220
f 2219 2411 2412
f 2220 2413 2221
f 2220 2412 2413
f 2221 2414 2222
f 2221 2413 2414
f 2222 2415 2223
f 2222 2414 2415
f 2223 2416 2224
f 2223 2415 2416
f 2224 2417 2225
f 2224 2416 2417
f 2225 2418 2226
f 2225 2417 2418
f 2226 2419 2227
f 2226 2418 2419
f 2227 2420 2228
f 2227 2419 2420
f 2228 2421 2229
f 2228 2420 2421
f 2229 2422 2230
f 2229 2421 2422
f 2230 2423 2231
f 2230 2422 2423
f 2231 2424 2232
f 2231 2423 2424
f 2232 2425 2233
f 2232 2424 2425
f 2233 2426 2234
f 2233 2425 2426
f 2234 2427 2235
f 2234 2426 2427
f 2235 2428 2236
f 2235 2427 2428
f 2236 2429 2237
f 2236 2428 2429
f 2237 2430 2238
f 2237 2429 2430
f 2238 2431 2239
f 2238 2430 2431
f 2239 2432 2240
f 2239 2431 2432
f 2240 2433 2241
f 2240 2432 2433
f 2241 2434 2242
f 2241 2433 2434
f 2242 2435 2243
f 2242 2434 2435
f 2243 2436 2244
f 2243 2435 2436
f 2244 2437 2245
f 2244 2436 2437
f 2245 2438 2246
f 2245 2437 2438
f 2246 2439 2247
f 2246 2438 2439
f 2247 2440 2248
f 2247 2439 2440
f 2248 2441 2249
f 2248 2440 2441
f 2249 2442 2250
f 2249 2441 2442
f 2250 2443 2251
f 2250 2442 2443
f 2251 2444 2252
f 2251 2443 2444
f 2252 2445 2253
f 2252 2444 2445
f 2253 2446 2254
f 2253 2445 2446
f 2254 2447 2255
f 2254 2446 2447
f 2255 2448 2256
f 2255 2447 2448
f 2256 2449 2257
f 2256 2448 2449
f 2257 2450 2258
f 2257 2449 2450
f 2258 2451 2259
f 2258 2450 2451
f 2259 2452 2260
f 2259 2451 2452
f 2260 2453 2261
f 2260 2452 2453
f 2261 2454 2262
f 2261 2453 2454
f 2262 2455 2263
f 2262 2454 2455
f 2263 2456 2264
f 2263 2455 2456
f 2264 2457 2265
f 2264 2456 2457
f 2265 2458 2266
f 2265 2457 2458
f 2266 2459 2267
f 2266 2458 2459
f 2267 2460 2268
f 2267 2459 2460
f 2268 2461 2269
f 2268 2460 2461
f 2269 2462 2270
f 2269 2461 2462
f 2270 2463 2271
f 2270 2462 2463
f 2271 2464 2272
f 2271 2463 2464
f 2272 2465 2273
f 2272 2464 2465
f 2273 2466 2274
f 2273 2465 2466
f 2274 2467 2275
f 2274 2466 2467
f 2275 2468 2276
f 2275 2467 2468
f 2276 2469 2277
f 2276 2468 2469
f 2277 2470 2278
f 2277 2469 2470
f 2278 2471 2279
f 2278 2470 2471
f 2279 2472 2280
f 2279 2471 2472
f 2280 2473 2281
f 2280 2472 2473
f 2281 2474 2282
f 2281 2473 2474
f 2282 2475 2283
f 2282 2474 2475
f 2283 2476 2284
f 2283 2475 2476
f 2284 2477 2285
f 2284 2476 2477
f 2285 2478 2286
f 2285 2477 2478
f 2286 2479 2287
f 2286 2478 2479
f 2287 2480 2288
f 2287 2479 2480
f 2288 2481 2289
f 2288 2480 2481
f 2289 2482 2290
f 2289 2481 2482
f 2290 2483 2291
f 2290 2482 2483
f 2291 2484 2292
f 2291 2483 2484
f 2292 2485 2293
f 2292 2484 2485
f 2293 2486 2294
f 2293 2485 2486
f 2294 2487 2295
f 2294 2486 2487
f 2295 2488 2296
f 2295 2487 2488
f 2296 2489 2297
f 2296 2488 2489
f 2297 2490 2298
f 2297 2489 2490
f 2298 2491 2299
f 2298 2490 2491
f 2299 2492 2300
f 2299 2491 2492
f 2300 2493 2301
f 2300 2492 2493
f 2301 2494 2302
f 2301 2493 2494
f 2302 2495 2303
f 2302 2494 2495
f 2303 2496 2304
f 2303 2495 2496
f 2304 2401 2209
f 2304 2496 2401
f 2305 2306 2498
f 2305 2498 2497
f 2306 2307 2499
f 2306 2499 2498
f 2307 2308 2500
f 2307 2500 2499
f 2308 2309 2501
f 2308 2501 2500
f 2309 2310 2502
f 2309 2502 2501
f 2310 2311 2503
f 2310 2503 2502
f 2311 2312 2504
f 2311 2504 2503
f 2312 2313 2505
f 2312 2505 2504
f 2313 2314 2506
f 2313 2506 2505
f 2314 2315 2507
f 2314 2507 2506
f 2315 2316 2508
f 2315 2508 2507
f 2316 2317 2509
f 2316 2509 2508
f 2317 2318 2510
f 2317 2510 2509
f 2318 2319 2511
f 2318 2511 2510
f 2319 2320 2512
f 2319 2512 2511
f 2320 2321 2513
f 2320 2513 2512
f 2321 2322 2514
f 2321 2514 2513
f 2322 2323 2515
f 2322 2515 2514
f 2323 2324 2516
f 2323 2516 2515
f 2324 2325 2517
f 2324 2517 2516
f 2325 2326 2518
f 2325 2518 2517
f 2326 2327 2519
f 2326 2519 2518
f 2327 2328 2520
f 2327 2520 2519
f 2328 2329 2521
f 2328 2521 2520
f 2329 2330 2522
f 2329 2522 2521
f 2330 2331 2523
f 2330 2523 2522
f 2331 2332 2524
f 2331 2524 2523
f 2332 2333 2525
f 2332 2525 2524
f 2333 2334 2526
f 2333 2526 2525
f 2334 2335 2527
f 2334 2527 2526
f 2335 2336 2528
f 2335 2528 2527
f 2336 2337 2529
f 2336 2529 2528
f 2337 2338 2530
f 2337 2530 2529
f 2338 2339 2531
f 2338 2531 2530
f 2339 2340 2532
f 2339 2532 2531
f 2340 2341 2533
f 2340 2533 2532
f 2341 2342 2534
f 2341 2534 2533
f 2342 2343 2535
f 2342 2535 2534
f 2343 2344 2536
f 2343 2536 2535
f 2344 2345 2537
f 2344 2537 2536
f 2345 2346 2538
f 2345 2538 2537
f 2346 2347 2539
f 2346 2539 2538
f 2347 2348 2540
f 2347 2540 2539
f 2348 2349 2541
f 2348 2541 2540
f 2349 2350 2542
f 2349 2542 2541
f 2350 2351 2543
f 2350 2543 2542
f 2351 2352 2544
f 2351 2544 2543
f 2352 2353 2545
f 2352 2545 2544
f 2353 2354 2546
f 2353 2546 2545
f 2354 2355 2547
f 2354 2547 2546
f 2355 2356 2548
f 2355 2548 2547
f 2356 2357 2549
f 2356 2549 2548
f 2357 2358 2550
f 2357 2550 2549
f 2358 2359 2551
f 2358 2551 2550
f 2359 2360 2552
f 2359 2552 2551
f 2360 2361 2553
f 2360 2553 2552
f 2361 2362 2554
f 2361 2554 2553
f 2362 2363 2555
f 2362 2555 2554
f 2363 2364 2556
f 2363 2556 2555
f 2364 2365 2557
f 2364 2557 2556
f 2365 2366 2558
f 2365 2558 2557
f 2366 2367 2559
f 2366 2559 2558
f 2367 2368 2560
f 2367 2560 2559
f 2368 2369 2561
f 2368 2561 2560
f 2369 2370 2562
f 2369 2562 2561
f 2370 2371 2563
f 2370 2563 2562
f 2371 2372 2564
f 2371 2564 2563
f 2372 2373 2565
f 2372 2565 2564
f 2373 2374 2566
f 2373 2566 2565
f 2374 2375 2567
f 2374 2567 2566
f 2375 2376 2568
f 2375 2568 2567
f 2376 2377 2569
f 2376 2569 2568
f 2377 2378 2570
f 2377 2570 2569
f 2378 2379 2571
f 2378 2571 2570
f 2379 2380 2572
f 2379 2572 2571
f 2380 2381 2573
f 2380 2573 2572
f 2381 2382 2574
f 2381 2574 2573
f 2382 2383 2575
f 2382 2575 2574
f 2383 2384 2576
f 2383 2576 2575
f 2384 2385 2577
f 2384 2577 2576
f 2385 2386 2578
f 2385 2578 2577
f 2386 2387 2579
f 2386 2579 2578
f 2387 2388 2580
f 2387 2580 2579
f 2388 2389 2581
f 2388 2581 2580
f 2389 2390 2582
f 2389 2582 2581
f 2390 2391 2583
f 2390 2583 2582
f 2391 2392 2584
f 2391 2584 2583
f 2392 2393 2585
f 2392 2585 2584
f 2393 2394 2586
f 2393 2586 2585
f 2394 2395 2587
f 2394 2587 2586
f 2395 2396 2588
f 2395 2588 2587
f 2396 2397 2589
f 2396 2589 2588
f 2397 2398 2590
f 2397 2590 2589
f 2398 2399 2591
f 2398 2591 2590
f 2399 2400 2592
f 2399 2592 2591
f 2400 2305 2497
f 2400 2497 2592
f 2401 2594 2402
f 2401 2593 2594
f 2402 2595 2403
f 2402 2594 2595
f 2403 2596 2404
f 2403 2595 2596
f 2404 2597 2405
f 2404 2596 2597
f 2405 2598 2406
f 2405 2597 2598
f 2406 2599 2407
f 2406 2598 2599
f 2407 2600 2408
f 2407 2599 2600
f 2408 2601 2409
f 2408 2600 2601
f 2409 2602 2410
f 2409 2601 2602
f 2410 2603 2411
f 2410 2602 2603
f 2411 2604 2412
f 2411 2603 2604
f 2412 2605 2413
f 2412 2604 2605
f 2413 2606 2414
f 2413 2605 2606
f 2414 2607 2415
f 2414 2606 2607
f 2415 2608 2416
f 2415 2607 2608
f 2416 2609 2417
f 2416 2608 2609
f 2417 2610 2418
f 2417 2609 2610
f 2418 2611 2419
f 2418 2610 2611
f 2419 2612 2420
f 2419 2611 2612
f 2420 2613 2421
f 2420 2612 2613
f 2421 2614 2422
f 2421 2613 2614
f 2422 2615 2423
f 2422 2614 2615
f 2423 2616 2424
f 2423 2615 2616
f 2424 2617 2425
f 2424 2616 2617
f 2425 2618 2426
f 2425 2617 2618
f 2426 2619 2427
f 2426 2618 2619
f 2427 2620 2428
f 2427 2619 2620
f 2428 2621 2429
f 2428 2620 2621
f 2429 2622 2430
f 2429 2621 2622
f 2430 2623 2431
f 2430 2622 2623
f 2431 2624 2432
f 2431 2623 2624
f 2432 2625 2433
f 2432 2624 2625
f 2433 2626 2434
f 2433 2625 2626
f 2434 2627 2435
f 2434 2626 2627
f 2435 2628 2436
f 2435 2627 2628
f 2436 2629 2437
f 2436 2628 2629
f 2437 2630 2438
f 2437 2629 2630
f 2438 2631 2439
f 2438 2630 2631
f 2439 2632 2440
f 2439 2631 2632
f 2440 2633 2441
f 2440 2632 2633
f 2441 2634 2442
f 2441 2633 2634
f 2442 2635 2443
f 2442 2634 2635
f 2443 2636 2444
f 2443 2635 2636
f 2444 2637 2445
f 2444 2636 2637
f 2445 2638 2446
f 2445 2637 2638
f 2446 2639 2447
f 2446 2638 2639
f 2447 2640 2448
f 2447 2639 2640
f 2448 2641 2449
f 2448 2640 2641
f 2449 2642 2450
f 2449 2641 2642
f 2450 2643 2451
f 2450 2642 2643
f 2451 2644 2452
f 2451 2643 2644
f 2452 2645 2453
f 2452 2644 2645
f 2453 2646 2454
f 2453 2645 2646
f 2454 2647 2455
f 2454 2646 2647
f 2455 2648 2456
f 2455 2647 2648
f 2456 2649 2457
f 2456 2648 2649
f 2457 2650 2458
f 2457 2649 2650
f 2458 2651 2459
f 2458 2650 2651
f 2459 2652 2460
f 2459 2651 2652
f 2460 2653 2461
f 2460 2652 2653
f 2461 2654 2462
f 2461 2653 2654
f 2462 2655 2463
f 2462 2654 2655
f 2463 2656 2464
f 2463 2655 2656
f 2464 2657 2465
f 2464 2656 2657
f 2465 2658 2466
f 2465 2657 2658
f 2466 2659 2467
f 2466 2658 2659
f 2467 2660 2468
f 2467 2659 2660
f 2468 2661 2469
f 2468 2660 2661
f 2469 2662 2470
f 2469 2661 2662
f 2470 2663 2471
f 2470 2662 2663
f 2471 2664 2472
f 2471 2663 2664
f 2472 2665 2473
f 2472 2664 2665
f 2473 2666 2474
f 2473 2665 2666
f 2474 2667 2475
f 2474 2666 2667
f 2475 2668 2476
f 2475 2667 2668
f 2476 2669 2477
f 2476 2668 2669
f 2477 2670 2478
f 2477 2669 2670
f 2478 2671 2479
f 2478 2670 2671
f 2479 2672 2480
f 2479 2671 2672
f 2480 2673 2481
f 2480 2672 2673
f 2481 2674 2482
f 2481 2673 2674
f 2482 2675 2483
f 2482 2674 2675
f 2483 2676 2484
f 2483 2675 2676
f 2484 2677 2485
f 2484 2676 2677
f 2485 2678 2486
f 2485 2677 2678
f 2486 2679 2487
f 2486 2678 2679
f 2487 2680 2488
f 2487 2679 2680
f 2488 2681 2489
f 2488 2680 2681
f 2489 2682 2490
f 2489 2681 2682
f 2490 2683 2491
f 2490 2682 2683
f 2491 2684 2492
f 2491 2683 2684
f 2492 2685 2493
f 2492 2684 2685
f 2493 2686 2494
f 2493 2685 2686
f 2494 2687 2495
f 2494 2686 2687
f 2495 2688 2496
f 2495 2687 2688
f 2496 2593 2401
f 2496 2688 2593
f 2497 2498 2690
f 2497 2690 2689
f 2498 2499 2691
f 2498 2691 2690
f 2499 2500 2692
f 2499 2692 2691
f 2500 2501 2693
f 2500 2693 2692
f 2501 2502 2694
f 2501 2694 2693
f 2502 2503 2695
f 2502 2695 2694
f 2503 2504 2696
f 2503 2696 2695
f 2504 2505 2697
f 2504 2697 2696
f 2505 2506 2698
f 2505 2698 2697
f 2506 2507 2699
f 2506 2699 2698
f 2507 2508 2700
f 2507 2700 2699
f 2508 2509 2701
f 2508 2701 2700
f 2509 2510 2702
f 2509 2702 2701
f 2510 2511 2703
f 2510 2703 2702
f 2511 2512 2704
f 2511 2704 2703
f 2512 2513 2705
f 2512 2705 2704
f 2513 2514 2706
f 2513 2706 2705
f 2514 2515 2707
f 2514 2707 2706
f 2515 2516 2708
f 2515 2708 2707
f 2516 2517 2709
f 2516 2709 2708
f 2517 2518 2710
f 2517 2710 2709
f 2518 2519 2711
f 2518 2711 2710
f 2519 2520 2712
f 2519 2712 2711
f 2520 2521 2713
f 2520 2713 2712
f 2521 2522 2714
f 2521 2714 2713
f 2522 2523 2715
f 2522 2715 2714
f 2523 2524 2716
f 2523 2716 2715
f 2524 2525 2717
f 2524 2717 2716
f 2525 2526 2718
f 2525 2718 2717
f 2526 2527 2719
f 2526 2719 2718
f 2527 2528 2720
f 2527 2720 2719
f 2528 2529 2721
f 2528 2721 2720
f 2529 2530 2722
f 2529 2722 2721
f 2530 2531 2723
f 2530 2723 2722
f 2531 2532 2724
f 2531 2724 2723
f 2532 2533 2725
f 2532 2725 2724
f 2533 2534 2726
f 2533 2726 2725
f 2534 2535 2727
f 2534 2727 2726
f 2535 2536 2728
f 2535 2728 2727
f 2536 2537 2729
f 2536 2729 2728
f 2537 2538 2730
f 2537 2730 2729
f 2538 2539 2731
f 2538 2731 2730
f 2539 2540 2732
f 2539 2732 2731
f 2540 2541 2733
f 2540 2733 2732
f 2541 2542 2734
f 2541 2734 2733
f 2542 2543 2735
f 2542 2735 2734
f 2543 2544 2736
f 2543 2736 2735
f 2544 2545 2737
f 2544 2737 2736
f 2545 2546 2738
f 2545 2738 2737
f 2546 2547 2739
f 2546 2739 2738
f 2547 2548 2740
f 2547 2740 2739
f 2548 2549 2741
f 2548 2741 2740
f 2549 2550 2742
f 2549 2742 2741
f 2550 2551 2743
f 2550 2743 2742
f 2551 2552 2744
f 2551 2744 2743
f 2552 2553 2745
f 2552 2745 2744
f 2553 2554 2746
f 2553 2746 2745
f 2554 2555 2747
f 2554 2747 2746
f 2555 2556 2748
f 2555 2748 2747
f 2556 2557 2749
f 2556 2749 2748
f 2557 2558 2750
f 2557 2750 2749
f 2558 2559 2751
f 2558 2751 2750
f 2559 2560 2752
f 2559 2752 2751
f 2560 2561 2753
f 2560 2753 2752
f 2561 2562 2754
f 2561 2754 2753
f 2562 2563 2755
f 2562 2755 2754
f 2563 2564 2756
f 2563 2756 2755
f 2564 2565 2757
f 2564 2757 2756
f 2565 2566 2758
f 2565 2758 2757
f 2566 2567 2759
f 2566 2759 2758
f 2567 2568 2760
f 2567 2760 2759
f 2568 2569 2761
f 2568 2761 2760
f 2569 2570 2762
f 2569 2762 2761
f 2570 2571 2763
f 2570 2763 2762
f 2571 2572 2764
f 2571 2764 2763
f 2572 2573 2765
f 2572 2765 2764
f 2573 2574 2766
f 2573 2766 2765
f 2574 2575 2767
f 2574 2767 2766
f 2575 2576 2768
f 2575 2768 2767
f 2576 2577 2769
f 2576 2769 2768
f 2577 2578 2770
f 2577 2770 2769
f 2578 2579 2771
f 2578 2771 2770
f 2579 2580 2772
f 2579 2772 2771
f 2580 2581 2773
f 2580 2773 2772
f 2581 2582 2774
f 2581 2774 2773
f 2582 2583 2775
f 2582 2775 2774
f 2583 2584 2776
f 2583 2776 2775
f 2584 2585 2777
f 2584 2777 2776
f 2585 2586 2778
f 2585 2778 2777
f 2586 2587 2779
f 2586 2779 2778
f 2587 2588 2780
f 2587 2780 2779
f 2588 2589 2781
f 2588 2781 2780
f 2589 2590 2782
f 2589 2782 2781
f 2590 2591 2783
f 2590 2783 2782
f 2591 2592 2784
f 2591 2784 2783
f 2592 2497 2689
f 2592 2689 2784
f 2593 2786 2594
f 2593 2785 2786
f 2594 2787 2595
f 2594 2786 2787
f 2595 2788 2596
f 2595 2787 2788
f 2596 2789 2597
f 2596 2788 2789
f 2597 2790 2598
f 2597 2789 2790
f 2598 2791 2599
f 2598 2790 2791
f 2599 2792 2600
f 2599 2791 2792
f 2600 2793 2601
f 2600 2792 2793
f 2601 2794 2602
f 2601 2793 2794
f 2602 2795 2603
f 2602 2794 2795
f 2603 2796 2604
f 2603 2795 2796
f 2604 2797 2605
f 2604 2796 2797
f 2605 2798 2606
f 2605 2797 2798
f 2606 2799 2607
f 2606 2798 2799
f 2607 2800 2608
f 2607 2799 2800
f 2608 2801 2609
f 2608 2800 2801
f 2609 2802 2610
f 2609 2801 2802
f 2610 2803 2611
f 2610 2802 2803
f 2611 2804 2612
f 2611 2803 2804
f 2612 2805 2613
f 2612 2804 2805
f 2613 2806 2614
f 2613 2805 2806
f 2614 2807 2615
f 2614 2806 2807
f 2615 2808 2616
f 2615 2807 2808
f 2616 2809 2617
f 2616 2808 2809
f 2617 2810 2618
f 2617 2809 2810
f 2618 2811 2619
f 2618 2810 2811
f 2619 2812 2620
f 2619 2811 2812
f 2620 2813 2621
f 2620 2812 2813
f 2621 2814 2622
f 2621 2813 2814
f 2622 2815 2623
f 2622 2814 2815
f 2623 2816 2624
f 2623 2815 2816
f 2624 2817 2625
f 2624 2816 2817
f 2625 2818 2626
f 2625 2817 2818
f 2626 2819 2627
f 2626 2818 2819
f 2627 2820 2628
f 2627 2819 2820
f 2628 2821 2629
f 2628 2820 2821
f 2629 2822 2630
f 2629 2821 2822
f 2630 2823 2631
f 2630 2822 2823
f 2631 2824 2632
f 2631 2823 2824
f 2632 2825 2633
f 2632 2824 2825
f 2633 2826 2634
f 2633 2825 2826
f 2634 2827 2635
f 2634 2826 2827
f 2635 2828 2636
f 2635 2827 2828
f 2636 2829 2637
f 2636 2828 2829
f 2637 2830 2638
f 2637 2829 2830
f 2638 2831 2639
f 2638 2830 2831
f 2639 2832 2640
f 2639 2831 2832
f 2640 2833 2641
f 2640 2832 2833
f 2641 2834 2642
f 2641 2833 2834
f 2642 2835 2643
f 2642 2834 2835
f 2643 2836 2644
f 2643 2835 2836
f 2644 2837 2645
f 2644 2836 2837
f 2645 2838 2646
f 2645 2837 2838
f 2646 2839 2647
f 2646 2838 2839
f 2647 2840 2648
f 2647 2839 2840
f 2648 2841 2649
f 2648 2840 2841
f 2649 2842 2650
f 2649 2841 2842
f 2650 2843 2651
f 2650 2842 2843
f 2651 2844 2652
f 2651 2843 2844
f 2652 2845 2653
f 2652 2844 2845
f 2653 2846 2654
f 2653 2845 2846
f 2654 2847 2655
f 2654 2846 2847
f 2655 2848 2656
f 2655 2847 2848
f 2656 2849 2657
f 2656 2848 2849
f 2657 2850 2658
f 2657 2849 2850
f 2658 2851 2659
f 2658 2850 2851
f 2659 2852 2660
f 2659 2851 2852
f 2660 2853 2661
f 2660 2852 2853
f 2661 2854 2662
f 2661 2853 2854
f 2662 2855 2663
f 2662 2854 2855
f 2663 2856 2664
f 2663 2855 2856
f 2664 2857 2665
f 2664 2856 2857
f 2665 2858 2666
f 2665 2857 2858
f 2666 2859 2667
f 2666 2858 2859
f 2667 2860 2668
f 2667 2859 2860
f 2668 2861 2669
f 2668 2860 2861
f 2669 2862 2670
f 2669 2861 2862
f 2670 2863 2671
f 2670 2862 2863
f 2671 2864 2672
f 2671 2863 2864
f 2672 2865 2673
f 2672 2864 2865
f 2673 2866 2674
f 2673 2865 2866
f 2674 2867 2675
f 2674 2866 2867
f 2675 2868 2676
f 2675 2867 2868
f 2676 2869 2677
f 2676 2868 2869
f 2677 2870 2678
f 2677 2869 2870
f 2678 2871 2679
f 2678 2870 2871
f 2679 2872 2680
f 2679 2871 2872
f 2680 2873 2681
f 2680 2872 2873
f 2681 2874 2682
f 2681 2873 2874
f 2682 2875 2683
f 2682 2874 2875
f 2683 2876 2684
f 2683 2875 2876
f 2684 2877 2685
f 2684 2876 2877
f 2685 2878 2686
f 2685 2877 2878
f 2686 2879 2687
f 2686 2878 2879
f 2687 2880 2688
f 2687 2879 2880
f 2688 2785 2593
f 2688 2880 2785
f 2689 2690 2882
f 2689 2882 2881
f 2690 2691 2883
f 2690 2883 2882
f 2691 2692 2884
f 2691 2884 2883
f 2692 2693 2885
f 2692 2885 2884
f 2693 2694 2886
f 2693 2886 2885
f 2694 2695 2887
f 2694 2887 2886
f 2695 2696 2888
f 2695 2888 2887
f 2696 2697 2889
f 2696 2889 2888
f 2697 2698 2890
f 2697 2890 2889
f 2698 2699 2891
f 2698 2891 2890
f 2699 2700 2892
f 2699 2892 2891
f 2700 2701 2893
f 2700 2893 2892
f 2701 2702 2894
f 2701 2894 2893
f 2702 2703 2895
f 2702 2895 2894
f 2703 2704 2896
f 2703 2896 2895
f 2704 2705 2897
f 2704 2897 2896
f 2705 2706 2898
f 2705 2898 2897
f 2706 2707 2899
f 2706 2899 2898
f 2707 2708 2900
f 2707 2900 2899
f 2708 2709 2901
f 2708 2901 2900
f 2709 2710 2902
f 2709 2902 2901
f 2710 2711 2903
f 2710 2903 2902
f 2711 2712 2904
f 2711 2904 2903
f 2712 2713 2905
f 2712 2905 2904
f 2713 2714 2906
f 2713 2906 2905
f 2714 2715 2907
f 2714 2907 2906
f 2715 2716 2908
f 2715 2908 2907
f 2716 2717 2909
f 2716 2909 2908
f 2717 2718 2910
f 2717 2910 2909
f 2718 2719 2911
f 2718 2911 2910
f 2719 2720 2912
f 2719 2912 2911
f 2720 2721 2913
f 2720 2913 2912
f 2721 2722 2914
f 2721 2914 2913
f 2722 2723 2915
f 2722 2915 2914
f 2723 2724 2916
f 2723 2916 2915
f 2724 2725 2917
f 2724 2917 2916
f 2725 2726 2918
f 2725 2918 2917
f 2726 2727 2919
f 2726 2919 2918
f 2727 2728 2920
f 2727 2920 2919
f 2728 2729 2921
f 2728 2921 2920
f 2729 2730 2922
f 2729 2922 2921
f 2730 2731 2923
f 2730 2923 2922
f 2731 2732 2924
f 2731 2924 2923
f 2732 2733 2925
f 2732 2925 2924
f 2733 2734 2926
f 2733 2926 2925
f 2734 2735 2927
f 2734 2927 2926
f 2735 2736 2928
f 2735 2928 2927
f 2736 2737 2929
f 2736 2929 2928
f 2737 2738 2930
f 2737 2930 2929
f 2738 2739 2931
f 2738 2931 2930
f 2739 2740 2932
f 2739 2932 2931
f 2740 2741 2933
f 2740 2933 2932
f 2741 2742 2934
f 2741 2934 2933
f 2742 2743 2935
f 2742 2935 2934
f 2743 2744 2936
f 2743 2936 2935
f 2744 2745 2937
f 2744 2937 2936
f 2745 2746 2938
f 2745 2938 2937
f 2746 2747 2939
f 2746 2939 2938
f 2747 2748 2940
f 2747 2940 2939
f 2748 2749 2941
f 2748 2941 2940
f 2749 2750 2942
f 2749 2942 2941
f 2750 2751 2943
f 2750 2943 2942
f 2751 2752 2944
f 2751 2944 2943
f 2752 2753 2945
f 2752 2945 2944
f 2753 2754 2946
f 2753 2946 2945
f 2754 2755 2947
f 2754 2947 2946
f 2755 2756 2948
f 2755 2948 2947
f 2756 2757 2949
f 2756 2949 2948
f 2757 2758 2950
f 2757 2950 2949
f 2758 2759 2951
f 2758 2951 2950
f 2759 2760 2952
f 2759 2952 2951
f 2760 2761 2953
f 2760 2953 2952
f 2761 2762 2954
f 2761 2954 2953
f 2762 2763 2955
f 2762 2955 2954
f 2763 2764 2956
f 2763 2956 2955
f 2764 2765 2957
f 2764 2957 2956
f 2765 2766 2958
f 2765 2958 2957
f 2766 2767 2959
f 2766 2959 2958
f 2767 2768 2960
f 2767 2960 2959
f 2768 2769 2961
f 2768 2961 2960
f 2769 2770 2962
f 2769 2962 2961
f 2770 2771 2963
f 2770 2963 2962
f 2771 2772 2964
f 2771 2964 2963
f 2772 2773 2965
f 2772 2965 2964
f 2773 2774 2966
f 2773 2966 2965
f 2774 2775 2967
f 2774 2967 2966
f 2775 2776 2968
f 2775 2968 2967
f 2776 2777 2969
f 2776 2969 2968
f 2777 2778 2970
f 2777 2970 2969
f 2778 2779 2971
f 2778 2971 2970
f 2779 2780 2972
f 2779 2972 2971
f 2780 2781 2973
f 2780 2973 2972
f 2781 2782 2974
f 2781 2974 2973
f 2782 2783 2975
f 2782 2975 2974
f 2783 2784 2976
f 2783 2976 2975
f 2784 2689 2881
f 2784 2881 2976
f 2785 2978 2786
f 2785 2977 2978
f 2786 2979 2787
f 2786 2978 2979
f 2787 2980 2788
f 2787 2979 2980
f 2788 2981 2789
f 2788 2980 2981
f 2789 2982 2790
f 2789 2981 2982
f 2790 2983 2791
f 2790 2982 2983
f 2791 2984 2792
f 2791 2983 2984
f 2792 2985 2793
f 2792 2984 2985
f 2793 2986 2794
f 2793 2985 2986
f 2794 2987 2795
f 2794 2986 2987
f 2795 2988 2796
f 2795 2987 2988
f 2796 2989 2797
f 2796 2988 2989
f 2797 2990 2798
f 2797 2989 2990
f 2798 2991 2799
f 2798 2990 2991
f 2799 2992 2800
f 2799 2991 2992
f 2800 2993 2801
f 2800 2992 2993
f 2801 2994 2802
f 2801 2993 2994
f 2802 2995 2803
f 2802 2994 2995
f 2803 2996 2804
f 2803 2995 2996
f 2804 2997 2805
f 2804 2996 2997
f 2805 2998 2806
f 2805 2997 2998
f 2806 2999 2807
f 2806 2998 2999
f 2807 3000 2808
f 2807 2999 3000
f 2808 3001 2809
f 2808 3000 3001
f 2809 3002 2810
f 2809 3001 3002
f 2810 3003 2811
f 2810 3002 3003
f 2811 3004 2812
f 2811 3003 3004
f 2812 3005 2813
f 2812 3004 3005
f 2813 3006 2814
f 2813 3005 3006
f 2814 3007 2815
f 2814 3006 3007
f 2815 3008 2816
f 2815 3007 3008
f 2816 3009 2817
f 2816 3008 3009
f 2817 3010 2818
f 2817 3009 3010
f 2818 3011 2819
f 2818 3010 3011
f 2819 3012 2820
f 2819 3011 3012
f 2820 3013 2821
f 2820 3012 3013
f 2821 3014 2822
f 2821 3013 3014
f 2822 3015 2823
f 2822 3014 3015
f 2823 3016 2824
f 2823 3015 3016
f 2824 3017 2825
f 2824 3016 3017
f 2825 3018 2826
f 2825 3017 3018
f 2826 3019 2827
f 2826 3018 3019
f 2827 3020 2828
f 2827 3019 3020
f 2828 3021 2829
f 2828 3020 3021
f 2829 3022 2830
f 2829 3021 3022
f 2830 3023 2831
f 2830 3022 3023
f 2831 3024 2832
f 2831 3023 3024
f 2832 3025 2833
f 2832 3024 3025
f 2833 3026 2834
f 2833 3025 3026
f 2834 3027 2835
f 2834 3026 3027
f 2835 3028 2836
f 2835 3027 3028
f 2836 3029 2837
f 2836 3028 3029
f 2837 3030 2838
f 2837 3029 3030
f 2838 3031 2839
f 2838 3030 3031
f 2839 3032 2840
f 2839 3031 3032
f 2840 3033 2841
f 2840 3032 3033
f 2841 3034 2842
f 2841 3033 3034
f 2842 3035 2843
f 2842 3034 3035
f 2843 3036 2844
f 2843 3035 3036
f 2844 3037 2845
f 2844 3036 3037
f 2845 3038 2846
f 2845 3037 3038
f 2846 3039 2847
f 2846 3038 3039
f 2847 3040 2848
f 2847 3039 3040
f 2848 3041 2849
f 2848 3040 3041
f 2849 3042 2850
f 2849 3041 3042
f 2850 3043 2851
f 2850 3042 3043
f 2851 3044 2852
f 2851 3043 3044
f 2852 3045 2853
f 2852 3044 3045
f 2853 3046 2854
f 2853 3045 3046
f 2854 3047 2855
f 2854 3046 3047
f 2855 3048 2856
f 2855 3047 3048
f 2856 3049 2857
f 2856 3048 3049
f 2857 3050 2858
f 2857 3049 3050
f 2858 3051 2859
f 2858 3050 3051
f 2859 3052 2860
f 2859 3051 3052
f 2860 3053 2861
f 2860 3052 3053
f 2861 3054 2862
f 2861 3053 3054
f 2862 3055 2863
f 2862 3054 3055
f 2863 3056 2864
f 2863 3055 3056
f 2864 3057 2865
f 2864 3056 3057
f 2865 3058 2866
f 2865 3057 3058
f 2866 3059 2867
f 2866 3058 3059
f 2867 3060 2868
f 2867 3059 3060
f 2868 3061 2869
f 2868 3060 3061
f 2869 3062 2870
f 2869 3061 3062
f 2870 3063 2871
f 2870 3062 3063
f 2871 3064 2872
f 2871 3063 3064
f 2872 3065 2873
f 2872 3064 3065
f 2873 3066 2874
f 2873 3065 3066
f 2874 3067 2875
f 2874 3066 3067
f 2875 3068 2876
f 2875 3067 3068
f 2876 3069 2877
f 2876 3068 3069
f 2877 3070 2878
f 2877 3069 3070
f 2878 3071 2879
f 2878 3070 3071
f 2879 3072 2880
f 2879 3071 3072
f 2880 2977 2785
f 2880 3072 2977
f 2881 2882 3074
f 2881 3074 3073
f 2882 2883 3075
f 2882 3075 3074
f 2883 2884 3076
f 2883 3076 3075
f 2884 2885 3077
f 2884 3077 3076
f 2885 2886 3078
f 2885 3078 3077
f 2886 2887 3079
f 2886 3079 3078
f 2887 2888 3080
f 2887 3080 3079
f 2888 2889 3081
f 2888 3081 3080
f 2889 2890 3082
f 2889 3082 3081
f 2890 2891 3083
f 2890 3083 3082
f 2891 2892 3084
f 2891 3084 3083
f 2892 2893 3085
f 2892 3085 3084
f 2893 2894 3086
f 2893 3086 3085
f 2894 2895 3087
f 2894 3087 3086
f 2895 2896 3088
f 2895 3088 3087
f 2896 2897 3089
f 2896 3089 3088
f 2897 2898 3090
f 2897 3090 3089
f 2898 2899 3091
f 2898 3091 3090
f 2899 2900 3092
f 2899 3092 3091
f 2900 2901 3093
f 2900 3093 3092
f 2901 2902 3094
f 2901 3094 3093
f 2902 2903 3095
f 2902 3095 3094
f 2903 2904 3096
f 2903 3096 3095
f 2904 2905 3097
f 2904 3097 3096
f 2905 2906 3098
f 2905 3098 3097
f 2906 2907 3099
f 2906 3099 3098
f 2907 2908 3100
f 2907 3100 3099
f 2908 2909 3101
f 2908 3101 3100
f 2909 2910 3102
f 2909 3102 3101
f 2910 2911 3103
f 2910 3103 3102
f 2911 2912 3104
f 2911 3104 3103
f 2912 2913 3105
f 2912 3105 3104
f 2913 2914 3106
f 2913 3106 3105
f 2914 2915 3107
f 2914 3107 3106
f 2915 2916 3108
f 2915 3108 3107
f 2916 2917 3109
f 2916 3109 3108
f 2917 2918 3110
f 2917 3110 3109
f 2918 2919 3111
f 2918 3111 3110
f 2919 2920 3112
f 2919 3112 3111
f 2920 2921 3113
f 2920 3113 3112
f 2921 2922 3114
f 2921 3114 3113
f 2922 2923 3115
f 2922 3115 3114
f 2923 2924 3116
f 2923 3116 3115
f 2924 2925 3117
f 2924 3117 3116
f 2925 2926 3118
f 2925 3118 3117
f 2926 2927 3119
f 2926 3119 3118
f 2927 2928 3120
f 2927 3120 3119
f 2928 2929 3121
f 2928 3121 3120
f 2929 2930 3122
f 2929 3122 3121
f 2930 2931 3123
f 2930 3123 3122
f 2931 2932 3124
f 2931 3124 3123
f 2932 2933 3125
f 2932 3125 3124
f 2933 2934 3126
f 2933 3126 3125
f 2934 2935 3127
f 2934 3127 3126
f 2935 2936 3128
f 2935 3128 3127
f 2936 2937 3129
f 2936 3129 3128
f 2937 2938 3130
f 2937 3130 3129
f 2938 2939 3131
f 2938 3131 3130
f 2939 2940 3132
f 2939 3132 3131
f 2940 2941 3133
f 2940 3133 3132
f 2941 2942 3134
f 2941 3134 3133
f 2942 2943 3135
f 2942 3135 3134
f 2943 2944 3136
f 2943 3136 3135
f 2944 2945 3137
f 2944 3137 3136
f 2945 2946 3138
f 2945 3138 3137
f 2946 2947 3139
f 2946 3139 3138
f 2947 2948 3140
f 2947 3140 3139
f 2948 2949 3141
f 2948 3141 3140
f 2949 2950 3142
f 2949 3142 3141
f 2950 2951 3143
f 2950 3143 3142
f 2951 2952 3144
f 2951 3144 3143
f 2952 2953 3145
f 2952 3145 3144
f 2953 2954 3146
f 2953 3146 3145
f 2954 2955 3147
f 2954 3147 3146
f 2955 2956 3148
f 2955 3148 3147
f 2956 2957 3149
f 2956 3149 3148
f 2957 2958 3150
f 2957 3150 3149
f 2958 2959 3151
f 2958 3151 3150
f 2959 2960 3152
f 2959 3152 3151
f 2960 2961 3153
f 2960 3153 3152
f 2961 2962 3154
f 2961 3154 3153
f 2962 2963 3155
f 2962 3155 3154
f 2963 2964 3156
f 2963 3156 3155
f 2964 2965 3157
f 2964 3157 3156
f 2965 2966 3158
f 2965 3158 3157
f 2966 2967 3159
f 2966 3159 3158
f 2967 2968 3160
f 2967 3160 3159
f 2968 2969 3161
f 2968 3161 3160
f 2969 2970 3162
f 2969 3162 3161
f 2970 2971 3163
f 2970 3163 3162
f 2971 2972 3164
f 2971 3164 3163
f 2972 2973 3165
f 2972 3165 3164
f 2973 2974 3166
f 2973 3166 3165
f 2974 2975 3167
f 2974 3167 3166
f 2975 2976 3168
f 2975 3168 3167
f 2976 2881 3073
f 2976 3073 3168
f 2977 3170 2978
f 2977 3169 3170
f 2978 3171 2979
f 2978 3170 3171
f 2979 3172 2980
f 2979 3171 3172
f 2980 3173 2981
f 2980 3172 3173
f 2981 3174 2982
f 2981 3173 3174
f 2982 3175 2983
f 2982 3174 3175
f 2983 3176 2984
f 2983 3175 3176
f 2984 3177 2985
f 2984 3176 3177
f 2985 3178 2986
f 2985 3177 3178
f 2986 3179 2987
f 2986 3178 3179
f 2987 3180 2988
f 2987 3179 3180
f 2988 3181 2989
f 2988 3180 3181
f 2989 3182 2990
f 2989 3181 3182
f 2990 3183 2991
f 2990 3182 3183
f 2991 3184 2992
f 2991 3183 3184
f 2992 3185 2993
f 2992 3184 3185
f 2993 3186 2994
f 2993 3185 3186
f 2994 3187 2995
f 2994 3186 3187
f 2995 3188 2996
f 2995 3187 3188
f 2996 3189 2997
f 2996 3188 3189
f 2997 3190 2998
f 2997 3189 3190
f 2998 3191 2999
f 2998 3190 3191
f 2999 3192 3000
f 2999 3191 3192
f 3000 3193 3001
f 3000 3192 3193
f 3001 3194 3002
f 3001 3193 3194
f 3002 3195 3003
f 3002 3194 3195
f 3003 3196 3004
f 3003 3195 3196
f 3004 3197 3005
f 3004 3196 3197
f 3005 3198 3006
f 3005 3197 3198
f 3006 3199 3007
f 3006 3198 3199
f 3007 3200 3008
f 3007 3199 3200
f 3008 3201 3009
f 3008 3200 3201
f 3009 3202 3010
f 3009 3201 3202
f 3010 3203 3011
f 3010 3202 3203
f 3011 3204 3012
f 3011 3203 3204
f 3012 3205 3013
f 3012 3204 3205
f 3013 3206 3014
f 3013 3205 3206
f 3014 3207 3015
f 3014 3206 3207
f 3015 3208 3016
f 3015 3207 3208
f 3016 3209 3017
f 3016 3208 3209
f 3017 3210 3018
f 3017 3209 3210
f 3018 3211 3019
f 3018 3210 3211
f 3019 3212 3020
f 3019 3211 3212
f 3020 3213 3021
f 3020 3212 3213
f 3021 3214 3022
f 3021 3213 3214
f 3022 3215 3023
f 3022 3214 3215
f 3023 3216 3024
f 3023 3215 3216
f 3024 3217 3025
f 3024 3216 3217
f 3025 3218 3026
f 3025 3217 3218
f 3026 3219 3027
f 3026 3218 3219
f 3027 3220 3028
f 3027 3219 3220
f 3028 3221 3029
f 3028 3220 3221
f 3029 3222 3030
f 3029 3221 3222
f 3030 3223 3031
f 3030 3222 3223
f 3031 3224 3032
f 3031 3223 3224
f 3032 3225 3033
f 3032 3224 3225
f 3033 3226 3034
f 3033 3225 3226
f 3034 3227 3035
f 3034 3226 3227
f 3035 3228 3036
f 3035 3227 3228
f 3036 3229 3037
f 3036 3228 3229
f 3037 3230 3038
f 3037 3229 3230
f 3038 3231 3039
f 3038 3230 3231
f 3039 3232 3040
f 3039 3231 3232
f 3040 3233 3041
f 3040 3232 3233
f 3041 3234 3042
f 3041 3233 3234
f 3042 3235 3043
f 3042 3234 3235
f 3043 3236 3044
f 3043 3235 3236
f 3044 3237 3045
f 3044 3236 3237
f 3045 3238 3046
f 3045 3237 3238
f 3046 3239 3047
f 3046 3238 3239
f 3047 3240 3048
f 3047 3239 3240
f 3048 3241 3049
f 3048 3240 3241
f 3049 3242 3050
f 3049 3241 3242
f 3050 3243 3051
f 3050 3242 3243
f 3051 3244 3052
f 3051 3243 3244
f 3052 3245 3053
f 3052 3244 3245
f 3053 3246 3054
f 3053 3245 3246
f 3054 3247 3055
f 3054 3246 3247
f 3055 3248 3056
f 3055 3247 3248
f 3056 3249 3057
f 3056 3248 3249
f 3057 3250 3058
f 3057 3249 3250
f 3058 3251 3059
f 3058 3250 3251
f 3059 3252 3060
f 3059 3251 3252
f 3060 3253 3061
f 3060 3252 3253
f 3061 3254 3062
f 3061 3253 3254
f 3062 3255 3063
f 3062 3254 3255
f 3063 3256 3064
f 3063 3255 3256
f 3064 3257 3065
f 3064 3256 3257
f 3065 3258 3066
f 3065 3257 3258
f 3066 3259 3067
f 3066 3258 3259
f 3067 3260 3068
f 3067 3259 3260
f 3068 3261 3069
f 3068 3260 3261
f 3069 3262 3070
f 3069 3261 3262
f 3070 3263 3071
f 3070 3262 3263
f 3071 3264 3072
f 3071 3263 3264
f 3072 3169 2977
f 3072 3264 3169
f 3073 3074 3266
f 3073 3266 3265
f 3074 3075 3267
f 3074 3267 3266
f 3075 3076 3268
f 3075 3268 3267
f 3076 3077 3269
f 3076 3269 3268
f 3077 3078 3270
f 3077 3270 3269
f 3078 3079 3271
f 3078 3271 3270
f 3079 3080 3272
f 3079 3272 3271
f 3080 3081 3273
f 3080 3273 3272
f 3081 3082 3274
f 3081 3274 3273
f 3082 3083 3275
f 3082 3275 3274
f 3083 3084 3276
f 3083 3276 3275
f 3084 3085 3277
f 3084 3277 3276
f 3085 3086 3278
f 3085 3278 3277
f 3086 3087 3279
f 3086 3279 3278
f 3087 3088 3280
f 3087 3280 3279
f 3088 3089 3281
f 3088 3281 3280
f 3089 3090 3282
f 3089 3282 3281
f 3090 3091 3283
f 3090 3283 3282
f 3091 3092 3284
f 3091 3284 3283
f 3092 3093 3285
f 3092 3285 3284
f 3093 3094 3286
f 3093 3286 3285
f 3094 3095 3287
f 3094 3287 3286
f 3095 3096 3288
f 3095 3288 3287
f 3096 3097 3289
f 3096 3289 3288
f 3097 3098 3290
f 3097 3290 3289
f 3098 3099 3291
f 3098 3291 3290
f 3099 3100 3292
f 3099 3292 3291
f 3100 3101 3293
f 3100 3293 3292
f 3101 3102 3294
f 3101 3294 3293
f 3102 3103 3295
f 3102 3295 3294
f 3103 3104 3296
f 3103 3296 3295
f 3104 3105 3297
f 3104 3297 3296
f 3105 3106 3298
f 3105 3298 3297
f 3106 3107 3299
f 3106 3299 3298
f 3107 3108 3300
f 3107 3300 3299
f 3108 3109 3301
f 3108 3301 3300
f 3109 3110 3302
f 3109 3302 3301
f 3110 3111 3303
f 3110 3303 3302
f 3111 3112 3304
f 3111 3304 3303
f 3112 3113 3305
f 3112 3305 3304
f 3113 3114 3306
f 3113 3306 3305
f 3114 3115 3307
f 3114 3307 3306
f 3115 3116 3308
f 3115 3308 3307
f 3116 3117 3309
f 3116 3309 3308
f 3117 3118 3310
f 3117 3310 3309
f 3118 3119 3311
f 3118 3311 3310
f 3119 3120 3312
f 3119 3312 3311
f 3120 3121 3313
f 3120 3313 3312
f 3121 3122 3314
f 3121 3314 3313
f 3122 3123 3315
f 3122 3315 3314
f 3123 3124 3316
f 3123 3316 3315
f 3124 3125 3317
f 3124 3317 3316
f 3125 3126 3318
f 3125 3318 3317
f 3126 3127 3319
f 3126 3319 3318
f 3127 3128 3320
f 3127 3320 3319
f 3128 3129 3321
f 3128 3321 3320
f 3129 3130 3322
f 3129 3322 3321
f 3130 3131 3323
f 3130 3323 3322
f 3131 3132 3324
f 3131 3324 3323
f 3132 3133 3325
f 3132 3325 3324
f 3133 3134 3326
f 3133 3326 3325
f 3134 3135 3327
f 3134 3327 3326
f 3135 3136 3328
f 3135 3328 3327
f 3136 3137 3329
f 3136 3329 3328
f 3137 3138 3330
f 3137 3330 3329
f 3138 3139 3331
f 3138 3331 3330
f 3139 3140 3332
f 3139 3332 3331
f 3140 3141 3333
f 3140 3333 3332
f 3141 3142 3334
f 3141 3334 3333
f 3142 3143 3335
f 3142 3335 3334
f 3143 3144 3336
f 3143 3336 3335
f 3144 3145 3337
f 3144 3337 3336
f 3145 3146 3338
f 3145 3338 3337
f 3146 3147 3339
f 3146 3339 3338
f 3147 3148 3340
f 3147 3340 3339
f 3148 3149 3341
f 3148 3341 3340
f 3149 3150 3342
f 3149 3342 3341
f 3150 3151 3343
f 3150 3343 3342
f 3151 3152 3344
f 3151 3344 3343
f 3152 3153 3345
f 3152 3345 3344
f 3153 3154 3346
f 3153 3346 3345
f 3154 3155 3347
f 3154 3347 3346
f 3155 3156 3348
f 3155 3348 3347
f 3156 3157 3349
f 3156 3349 3348
f 3157 3158 3350
f 3157 3350 3349
f 3158 3159 3351
f 3158 3351 3350
f 3159 3160 3352
f 3159 3352 3351
f 3160 3161 3353
f 3160 3353 3352
f 3161 3162 3354
f 3161 3354 3353
f 3162 3163 3355
f 3162 3355 3354
f 3163 3164 3356
f 3163 3356 3355
f 3164 3165 3357
f 3164 3357 3356
f 3165 3166 3358
f 3165 3358 3357
f 3166 3167 3359
f 3166 3359 3358
f 3167 3168 3360
f 3167 3360 3359
f 3168 3073 3265
f 3168 3265 3360
f 3169 3362 3170
f 3169 3361 3362
f 3170 3363 3171
f 3170 3362 3363
f 3171 3364 3172
f 3171 3363 3364
f 3172 3365 3173
f 3172 3364 3365
f 3173 3366 3174
f 3173 3365 3366
f 3174 3367 3175
f 3174 3366 3367
f 3175 3368 3176
f 3175 3367 3368
f 3176 3369 3177
f 3176 3368 3369
f 3177 3370 3178
f 3177 3369 3370
f 3178 3371 3179
f 3178 3370 3371
f 3179 3372 3180
f 3179 3371 3372
f 3180 3373 3181
f 3180 3372 3373
f 3181 3374 3182
f 3181 3373 3374
f 3182 3375 3183
f 3182 3374 3375
f 3183 3376 3184
f 3183 3375 3376
f 3184 3377 3185
f 3184 3376 3377
f 3185 3378 3186
f 3185 3377 3378
f 3186 3379 3187
f 3186 3378 3379
f 3187 3380 3188
f 3187 3379 3380
f 3188 3381 3189
f 3188 3380 3381
f 3189 3382 3190
f 3189 3381 3382
f 3190 3383 3191
f 3190 3382 3383
f 3191 3384 3192
f 3191 3383 3384
f 3192 3385 3193
f 3192 3384 3385
f 3193 3386 3194
f 3193 3385 3386
f 3194 3387 3195
f 3194 3386 3387
f 3195 3388 3196
f 3195 3387 3388
f 3196 3389 3197
f 3196 3388 3389
f 3197 3390 3198
f 3197 3389 3390
f 3198 3391 3199
f 3198 3390 3391
f 3199 3392 3200
f 3199 3391 3392
f 3200 3393 3201
f 3200 3392 3393
f 3201 3394 3202
f 3201 3393 3394
f 3202 3395 3203
f 3202 3394 3395
f 3203 3396 3204
f 3203 3395 3396
f 3204 3397 3205
f 3204 3396 3397
f 3205 3398 3206
f 3205 3397 3398
f 3206 3399 3207
f 3206 3398 3399
f 3207 3400 3208
f 3207 3399 3400
f 3208 3401 3209
f 3208 3400 3401
f 3209 3402 3210
f 3209 3401 3402
f 3210 3403 3211
f 3210 3402 3403
f 3211 3404 3212
f 3211 3403 3404
f 3212 3405 3213
f 3212 3404 3405
f 3213 3406 3214
f 3213 3405 3406
f 3214 3407 3215
f 3214 3406 3407
f 3215 3408 3216
f 3215 3407 3408
f 3216 3409 3217
f 3216 3408 3409
f 3217 3410 3218
f 3217 3409 3410
f 3218 3411 3219
f 3218 3410 3411
f 3219 3412 3220
f 3219 3411 3412
f 3220 3413 3221
f 3220 3412 3413
f 3221 3414 3222
f 3221 3413 3414
f 3222 3415 3223
f 3222 3414 3415
f 3223 3416 3224
f 3223 3415 3416
f 3224 3417 3225
f 3224 3416 3417
f 3225 3418 3226
f 3225 3417 3418
f 3226 3419 3227
f 3226 3418 3419
f 3227 3420 3228
f 3227 3419 3420
f 3228 3421 3229
f 3228 3420 3421
f 3229 3422 3230
f 3229 3421 3422
f 3230 3423 3231
f 3230 3422 3423
f 3231 3424 3232
f 3231 3423 3424
f 3232 3425 3233
f 3232 3424 3425
f 3233 3426 3234
f 3233 3425 3426
f 3234 3427 3235
f 3234 3426 3427
f 3235 3428 3236
f 3235 3427 3428
f 3236 3429 3237
f 3236 3428 3429
f 3237 3430 3238
f 3237 3429 3430
f 3238 3431 3239
f 3238 3430 3431
f 3239 3432 3240
f 3239 3431 3432
f 3240 3433 3241
f 3240 3432 3433
f 3241 3434 3242
f 3241 3433 3434
f 3242 3435 3243
f 3242 3434 3435
f 3243 3436 3244
f 3243 3435 3436
f 3244 3437 3245
f 3244 3436 3437
f 3245 3438 3246
f 3245 3437 3438
f 3246 3439 3247
f 3246 3438 3439
f 3247 3440 3248
f 3247 3439 3440
f 3248 3441 3249
f 3248 3440 3441
f 3249 3442 3250
f 3249 3441 3442
f 3250 3443 3251
f 3250 3442 3443
f 3251 3444 3252
f 3251 3443 3444
f 3252 3445 3253
f 3252 3444 3445
f 3253 3446 3254
f 3253 3445 3446
f 3254 3447 3255
f 3254 3446 3447
f 3255 3448 3256
f 3255 3447 3448
f 3256 3449 3257
f 3256 3448 3449
f 3257 3450 3258
f 3257 3449 3450
f 3258 3451 3259
f 3258 3450 3451
f 3259 3452 3260
f 3259 3451 3452
f 3260 3453 3261
f 3260 3452 3453
f 3261 3454 3262
f 3261 3453 3454
f 3262 3455 3263
f 3262 3454 3455
f 3263 3456 3264
f 3263 3455 3456
f 3264 3361 3169
f 3264 3456 3361
f 3265 3266 3458
f 3265 3458 3457
f 3266 3267 3459
f 3266 3459 3458
f 3267 3268 3460
f 3267 3460 3459
f 3268 3269 3461
f 3268 3461 3460
f 3269 3270 3462
f 3269 3462 3461
f 3270 3271 3463
f 3270 3463 3462
f 3271 3272 3464
f 3271 3464 3463
f 3272 3273 3465
f 3272 3465 3464
f 3273 3274 3466
f 3273 3466 3465
f 3274 3275 3467
f 3274 3467 3466
f 3275 3276 3468
f 3275 3468 3467
f 3276 3277 3469
f 3276 3469 3468
f 3277 3278 3470
f 3277 3470 3469
f 3278 3279 3471
f 3278 3471 3470
f 3279 3280 3472
f 3279 3472 3471
f 3280 3281 3473
f 3280 3473 3472
f 3281 3282 3474
f 3281 3474 3473
f 3282 3283 3475
f 3282 3475 3474
f 3283 3284 3476
f 3283 3476 3475
f 3284 3285 3477
f 3284 3477 3476
f 3285 3286 3478
f 3285 3478 3477
f 3286 3287 3479
f 3286 3479 3478
f 3287 3288 3480
f 3287 3480 3479
f 3288 3289 3481
f 3288 3481 3480
f 3289 3290 3482
f 3289 3482 3481
f 3290 3291 3483
f 3290 3483 3482
f 3291 3292 3484
f 3291 3484 3483
f 3292 3293 3485
f 3292 3485 3484
f 3293 3294 3486
f 3293 3486 3485
f 3294 3295 3487
f 3294 3487 3486
f 3295 3296 3488
f 3295 3488 3487
f 3296 3297 3489
f 3296 3489 3488
f 3297 3298 3490
f 3297 3490 3489
f 3298 3299 3491
f 3298 3491 3490
f 3299 3300 3492
f 3299 3492 3491
f 3300 3301 3493
f 3300 3493 3492
f 3301 3302 3494
f 3301 3494 3493
f 3302 3303 3495
f 3302 3495 3494
f 3303 3304 3496
f 3303 3496 3495
f 3304 3305 3497
f 3304 3497 3496
f 3305 3306 3498
f 3305 3498 3497
f 3306 3307 3499
f 3306 3499 3498
f 3307 3308 3500
f 3307 3500 3499
f 3308 3309 3501
f 3308 3501 3500
f 3309 3310 3502
f 3309 3502 3501
f 3310 3311 3503
f 3310 3503 3502
f 3311 3312 3504
f 3311 3504 3503
f 3312 3313 3505
f 3312 3505 3504
f 3313 3314 3506
f 3313 3506 3505
f 3314 3315 3507
f 3314 3507 3506
f 3315 3316 3508
f 3315 3508 3507
f 3316 3317 3509
f 3316 3509 3508
f 3317 3318 3510
f 3317 3510 3509
f 3318 3319 3511
f 3318 3511 3510
f 3319 3320 3512
f 3319 3512 3511
f 3320 3321 3513
f 3320 3513 3512
f 3321 3322 3514
f 3321 3514 3513
f 3322 3323 3515
f 3322 3515 3514
f 3323 3324 3516
f 3323 3516 3515
f 3324 3325 3517
f 3324 3517 3516
f 3325 3326 3518
f 3325 3518 3517
f 3326 3327 3519
f 3326 3519 3518
f 3327 3328 3520
f 3327 3520 3519
f 3328 3329 3521
f 3328 3521 3520
f 3329 3330 3522
f 3329 3522 3521
f 3330 3331 3523
f 3330 3523 3522
f 3331 3332 3524
f 3331 3524 3523
f 3332 3333 3525
f 3332 3525 3524
f 3333 3334 3526
f 3333 3526 3525
f 3334 3335 3527
f 3334 3527 3526
f 3335 3336 3528
f 3335 3528 3527
f 3336 3337 3529
f 3336 3529 3528
f 3337 3338 3530
f 3337 3530 3529
f 3338 3339 3531
f 3338 3531 3530
f 3339 3340 3532
f 3339 3532 3531
f 3340 3341 3533
f 3340 3533 3532
f 3341 3342 3534
f 3341 3534 3533
f 3342 3343 3535
f 3342 3535 3534
f 3343 3344 3536
f 3343 3536 3535
f 3344 3345 3537
f 3344 3537 3536
f 3345 3346 3538
f 3345 3538 3537
f 3346 3347 3539
f 3346 3539 3538
f 3347 3348 3540
f 3347 3540 3539
f 3348 3349 3541
f 3348 3541 3540
f 3349 3350 3542
f 3349 3542 3541
f 3350 3351 3543
f 3350 3543 3542
f 3351 3352 3544
f 3351 3544 3543
f 3352 3353 3545
f 3352 3545 3544
f 3353 3354 3546
f 3353 3546 3545
f 3354 3355 3547
f 3354 3547 3546
f 3355 3356 3548
f 3355 3548 3547
f 3356 3357 3549
f 3356 3549 3548
f 3357 3358 3550
f 3357 3550 3549
f 3358 3359 3551
f 3358 3551 3550
f 3359 3360 3552
f 3359 3552 3551
f 3360 3265 3457
f 3360 3457 3552
f 3361 3554 3362
f 3361 3553 3554
f 3362 3555 3363
f 3362 3554 3555
f 3363 3556 3364
f 3363 3555 3556
f 3364 3557 3365
f 3364 3556 3557
f 3365 3558 3366
f 3365 3557 3558
f 3366 3559 3367
f 3366 3558 3559
f 3367 3560 3368
f 3367 3559 3560
f 3368 3561 3369
f 3368 3560 3561
f 3369 3562 3370
f 3369 3561 3562
f 3370 3563 3371
f 3370 3562 3563
f 3371 3564 3372
f 3371 3563 3564
f 3372 3565 3373
f 3372 3564 3565
f 3373 3566 3374
f 3373 3565 3566
f 3374 3567 3375
f 3374 3566 3567
f 3375 3568 3376
f 3375 3567 3568
f 3376 3569 3377
f 3376 3568 3569
f 3377 3570 3378
f 3377 3569 3570
f 3378 3571 3379
f 3378 3570 3571
f 3379 3572 3380
f 3379 3571 3572
f 3380 3573 3381
f 3380 3572 3573
f 3381 3574 3382
f 3381 3573 3574
f 3382 3575 3383
f 3382 3574 3575
f 3383 3576 3384
f 3383 3575 3576
f 3384 3577 3385
f 3384 3576 3577
f 3385 3578 3386
f 3385 3577 3578
f 3386 3579 3387
f 3386 3578 3579
f 3387 3580 3388
f 3387 3579 3580
f 3388 3581 3389
f 3388 3580 3581
f 3389 3582 3390
f 3389 3581 3582
f 3390 3583 3391
f 3390 3582 3583
f 3391 3584 3392
f 3391 3583 3584
f 3392 3585 3393
f 3392 3584 3585
f 3393 3586 3394
f 3393 3585 3586
f 3394 3587 3395
f 3394 3586 3587
f 3395 3588 3396
f 3395 3587 3588
f 3396 3589 3397
f 3396 3588 3589
f 3397 3590 3398
f 3397 3589 3590
f 3398 3591 3399
f 3398 3590 3591
f 3399 3592 3400
f 3399 3591 3592
f 3400 3593 3401
f 3400 3592 3593
f 3401 3594 3402
f 3401 3593 3594
f 3402 3595 3403
f 3402 3594 3595
f 3403 3596 3404
f 3403 3595 3596
f 3404 3597 3405
f 3404 3596 3597
f 3405 3598 3406
f 3405 3597 3598
f 3406 3599 3407
f 3406 3598 3599
f 3407 3600 3408
f 3407 3599 3600
f 3408 3601 3409
f 3408 3600 3601
f 3409 3602 3410
f 3409 3601 3602
f 3410 3603 3411
f 3410 3602 3603
f 3411 3604 3412
f 3411 3603 3604
f 3412 3605 3413
f 3412 3604 3605
f 3413 3606 3414
f 3413 3605 3606
f 3414 3607 3415
f 3414 3606 3607
f 3415 3608 3416
f 3415 3607 3608
f 3416 3609 3417
f 3416 3608 3609
f 3417 3610 3418
f 3417 3609 3610
f 3418 3611 3419
f 3418 3610 3611
f 3419 3612 3420
f 3419 3611 3612
f 3420 3613 3421
f 3420 3612 3613
f 3421 3614 3422
f 3421 3613 3614
f 3422 3615 3423
f 3422 3614 3615
f 3423 3616 3424
f 3423 3615 3616
f 3424 3617 3425
f 3424 3616 3617
f 3425 3618 3426
f 3425 3617 3618
f 3426 3619 3427
f 3426 3618 3619
f 3427 3620 3428
f 3427 3619 3620
f 3428 3621 3429
f 3428 3620 3621
f 3429 3622 3430
f 3429 3621 3622
f 3430 3623 3431
f 3430 3622 3623
f 3431 3624 3432
f 3431 3623 3624
f 3432 3625 3433
f 3432 3624 3625
f 3433 3626 3434
f 3433 3625 3626
f 3434 3627 3435
f 3434 3626 3627
f 3435 3628 3436
f 3435 3627 3628
f 3436 3629 3437
f 3436 3628 3629
f 3437 3630 3438
f 3437 3629 3630
f 3438 3631 3439
f 3438 3630 3631
f 3439 3632 3440
f 3439 3631 3632
f 3440 3633 3441
f 3440 3632 3633
f 3441 3634 3442
f 3441 3633 3634
f 3442 3635 3443
f 3442 3634 3635
f 3443 3636 3444
f 3443 3635 3636
f 3444 3637 3445
f 3444 3636 3637
f 3445 3638 3446
f 3445 3637 3638
f 3446 3639 3447
f 3446 3638 3639
f 3447 3640 3448
f 3447 3639 3640
f 3448 3641 3449
f 3448 3640 3641
f 3449 3642 3450
f 3449 3641 3642
f 3450 3643 3451
f 3450 3642 3643
f 3451 3644 3452
f 3451 3643 3644
f 3452 3645 3453
f 3452 3644 3645
f 3453 3646 3454
f 3453 3645 3646
f 3454 3647 3455
f 3454 3646 3647
f 3455 3648 3456
f 3455 3647 3648
f 3456 3553 3361
f 3456 3648 3553
f 3457 3458 3650
f 3457 3650 3649
f 3458 3459 3651
f 3458 3651 3650
f 3459 3460 3652
f 3459 3652 3651
f 3460 3461 3653
f 3460 3653 3652
f 3461 3462 3654
f 3461 3654 3653
f 3462 3463 3655
f 3462 3655 3654
f 3463 3464 3656
f 3463 3656 3655
f 3464 3465 3657
f 3464 3657 3656
f 3465 3466 3658
f 3465 3658 3657
f 3466 3467 3659
f 3466 3659 3658
f 3467 3468 3660
f 3467 3660 3659
f 3468 3469 3661
f 3468 3661 3660
f 3469 3470 3662
f 3469 3662 3661
f 3470 3471 3663
f 3470 3663 3662
f 3471 3472 3664
f 3471 3664 3663
f 3472 3473 3665
f 3472 3665 3664
f 3473 3474 3666
f 3473 3666 3665
f 3474 3475 3667
f 3474 3667 3666
f 3475 3476 3668
f 3475 3668 3667
f 3476 3477 3669
f 3476 3669 3668
f 3477 3478 3670
f 3477 3670 3669
f 3478 3479 3671
f 3478 3671 3670
f 3479 3480 3672
f 3479 3672 3671
f 3480 3481 3673
f 3480 3673 3672
f 3481 3482 3674
f 3481 3674 3673
f 3482 3483 3675
f 3482 3675 3674
f 3483 3484 3676
f 3483 3676 3675
f 3484 3485 3677
f 3484 3677 3676
f 3485 3486 3678
f 3485 3678 3677
f 3486 3487 3679
f 3486 3679 3678
f 3487 3488 3680
f 3487 3680 3679
f 3488 3489 3681
f 3488 3681 3680
f 3489 3490 3682
f 3489 3682 3681
f 3490 3491 3683
f 3490 3683 3682
f 3491 3492 3684
f 3491 3684 3683
f 3492 3493 3685
f 3492 3685 3684
f 3493 3494 3686
f 3493 3686 3685
f 3494 3495 3687
f 3494 3687 3686
f 3495 3496 3688
f 3495 3688 3687
f 3496 3497 3689
f 3496 3689 3688
f 3497 3498 3690
f 3497 3690 3689
f 3498 3499 3691
f 3498 3691 3690
f 3499 3500 3692
f 3499 3692 3691
f 3500 3501 3693
f 3500 3693 3692
f 3501 3502 3694
f 3501 3694 3693
f 3502 3503 3695
f 3502 3695 3694
f 3503 3504 3696
f 3503 3696 3695
f 3504 3505 3697
f 3504 3697 3696
f 3505 3506 3698
f 3505 3698 3697
f 3506 3507 3699
f 3506 3699 3698
f 3507 3508 3700
f 3507 3700 3699
f 3508 3509 3701
f 3508 3701 3700
f 3509 3510 3702
f 3509 3702 3701
f 3510 3511 3703
f 3510 3703 3702
f 3511 3512 3704
f 3511 3704 3703
f 3512 3513 3705
f 3512 3705 3704
f 3513 3514 3706
f 3513 3706 3705
f 3514 3515 3707
f 3514 3707 3706
f 3515 3516 3708
f 3515 3708 3707
f 3516 3517 3709
f 3516 3709 3708
f 3517 3518 3710
f 3517 3710 3709
f 3518 3519 3711
f 3518 3711 3710
f 3519 3520 3712
f 3519 3712 3711
f 3520 3521 3713
f 3520 3713 3712
f 3521 3522 3714
f 3521 3714 3713
f 3522 3523 3715
f 3522 3715 3714
f 3523 3524 3716
f 3523 3716 3715
f 3524 3525 3717
f 3524 3717 3716
f 3525 3526 3718
f 3525 3718 3717
f 3526 3527 3719
f 3526 3719 3718
f 3527 3528 3720
f 3527 3720 3719
f 3528 3529 3721
f 3528 3721 3720
f 3529 3530 3722
f 3529 3722 3721
f 3530 3531 3723
f 3530 3723 3722
f 3531 3532 3724
f 3531 3724 3723
f 3532 3533 3725
f 3532 3725 3724
f 3533 3534 3726
f 3533 3726 3725
f 3534 3535 3727
f 3534 3727 3726
f 3535 3536 3728
f 3535 3728 3727
f 3536 3537 3729
f 3536 3729 3728
f 3537 3538 3730
f 3537 3730 3729
f 3538 3539 3731
f 3538 3731 3730
f 3539 3540 3732
f 3539 3732 3731
f 3540 3541 3733
f 3540 3733 3732
f 3541 3542 3734
f 3541 3734 3733
f 3542 3543 3735
f 3542 3735 3734
f 3543 3544 3736
f 3543 3736 3735
f 3544 3545 3737
f 3544 3737 3736
f 3545 3546 3738
f 3545 3738 3737
f 3546 3547 3739
f 3546 3739 3738
f 3547 3548 3740
f 3547 3740 3739
f 3548 3549 3741
f 3548 3741 3740
f 3549 3550 3742
f 3549 3742 3741
f 3550 3551 3743
f 3550 3743 3742
f 3551 3552 3744
f 3551 3744 3743
f 3552 3457 3649
f 3552 3649 3744
f 3553 3746 3554
f 3553 3745 3746
f 3554 3747 3555
f 3554 3746 3747
f 3555 3748 3556
f 3555 3747 3748
f 3556 3749 3557
f 3556 3748 3749
f 3557 3750 3558
f 3557 3749 3750
f 3558 3751 3559
f 3558 3750 3751
f 3559 3752 3560
f 3559 3751 3752
f 3560 3753 3561
f 3560 3752 3753
f 3561 3754 3562
f 3561 3753 3754
f 3562 3755 3563
f 3562 3754 3755
f 3563 3756 3564
f 3563 3755 3756
f 3564 3757 3565
f 3564 3756 3757
f 3565 3758 3566
f 3565 3757 3758
f 3566 3759 3567
f 3566 3758 3759
f 3567 3760 3568
f 3567 3759 3760
f 3568 3761 3569
f 3568 3760 3761
f 3569 3762 3570
f 3569 3761 3762
f 3570 3763 3571
f 3570 3762 3763
f 3571 3764 3572
f 3571 3763 3764
f 3572 3765 3573
f 3572 3764 3765
f 3573 3766 3574
f 3573 3765 3766
f 3574 3767 3575
f 3574 3766 3767
f 3575 3768 3576
f 3575 3767 3768
f 3576 3769 3577
f 3576 3768 3769
f 3577 3770 3578
f 3577 3769 3770
f 3578 3771 3579
f 3578 3770 3771
f 3579 3772 3580
f 3579 3771 3772
f 3580 3773 3581
f 3580 3772 3773
f 3581 3774 3582
f 3581 3773 3774
f 3582 3775 3583
f 3582 3774 3775
f 3583 3776 3584
f 3583 3775 3776
f 3584 3777 3585
f 3584 3776 3777
f 3585 3778 3586
f 3585 3777 3778
f 3586 3779 3587
f 3586 3778 3779
f 3587 3780 3588
f 3587 3779 3780
f 3588 3781 3589
f 3588 3780 3781
f 3589 3782 3590
f 3589 3781 3782
f 3590 3783 3591
f 3590 3782 3783
f 3591 3784 3592
f 3591 3783 3784
f 3592 3785 3593
f 3592 3784 3785
f 3593 3786 3594
f 3593 3785 3786
f 3594 3787 3595
f 3594 3786 3787
f 3595 3788 3596
f 3595 3787 3788
f 3596 3789 3597
f 3596 3788 3789
f 3597 3790 3598
f 3597 3789 3790
f 3598 3791 3599
f 3598 3790 3791
f 3599 3792 3600
f 3599 3791 3792
f 3600 3793 3601
f 3600 3792 3793
f 3601 3794 3602
f 3601 3793 3794
f 3602 3795 3603
f 3602 3794 3795
f 3603 3796 3604
f 3603 3795 3796
f 3604 3797 3605
f 3604 3796 3797
f 3605 3798 3606
f 3605 3797 3798
f 3606 3799 3607
f 3606 3798 3799
f 3607 3800 3608
f 3607 3799 3800
f 3608 3801 3609
f 3608 3800 3801
f 3609 3802 3610
f 3609 3801 3802
f 3610 3803 3611
f 3610 3802 3803
f 3611 3804 3612
f 3611 3803 3804
f 3612 3805 3613
f 3612 3804 3805
f 3613 3806 3614
f 3613 3805 3806
f 3614 3807 3615
f 3614 3806 3807
f 3615 3808 3616
f 3615 3807 3808
f 3616 3809 3617
f 3616 3808 3809
f 3617 3810 3618
f 3617 3809 3810
f 3618 3811 3619
f 3618 3810 3811
f 3619 3812 3620
f 3619 3811 3812
f 3620 3813 3621
f 3620 3812 3813
f 3621 3814 3622
f 3621 3813 3814
f 3622 3815 3623
f 3622 3814 3815
f 3623 3816 3624
f 3623 3815 3816
f 3624 3817 3625
f 3624 3816 3817
f 3625 3818 3626
f 3625 3817 3818
f 3626 3819 3627
f 3626 3818 3819
f 3627 3820 3628
f 3627 3819 3820
f 3628 3821 3629
f 3628 3820 3821
f 3629 3822 3630
f 3629 3821 3822
f 3630 3823 3631
f 3630 3822 3823
f 3631 3824 3632
f 3631 3823 3824
f 3632 3825 3633
f 3632 3824 3825
f 3633 3826 3634
f 3633 3825 3826
f 3634 3827 3635
f 3634 3826 3827
f 3635 3828 3636
f 3635 3827 3828
f 3636 3829 3637
f 3636 3828 3829
f 3637 3830 3638
f 3637 3829 3830
f 3638 3831 3639
f 3638 3830 3831
f 3639 3832 3640
f 3639 3831 3832
f 3640 3833 3641
f 3640 3832 3833
f 3641 3834 3642
f 3641 3833 3834
f 3642 3835 3643
f 3642 3834 3835
f 3643 3836 3644
f 3643 3835 3836
f 3644 3837 3645
f 3644 3836 3837
f 3645 3838 3646
f 3645 3837 3838
f 3646 3839 3647
f 3646 3838 3839
f 3647 3840 3648
f 3647 3839 3840
f 3648 3745 3553
f 3648 3840 3745
f 3649 3650 3842
f 3649 3842 3841
f 3650 3651 3843
f 3650 3843 3842
f 3651 3652 3844
f 3651 3844 3843
f 3652 3653 3845
f 3652 3845 3844
f 3653 3654 3846
f 3653 3846 3845
f 3654 3655 3847
f 3654 3847 3846
f 3655 3656 3848
f 3655 3848 3847
f 3656 3657 3849
f 3656 3849 3848
f 3657 3658 3850
f 3657 3850 3849
f 3658 3659 3851
f 3658 3851 3850
f 3659 3660 3852
f 3659 3852 3851
f 3660 3661 3853
f 3660 3853 3852
f 3661 3662 3854
f 3661 3854 3853
f 3662 3663 3855
f 3662 3855 3854
f 3663 3664 3856
f 3663 3856 3855
f 3664 3665 3857
f 3664 3857 3856
f 3665 3666 3858
f 3665 3858 3857
f 3666 3667 3859
f 3666 3859 3858
f 3667 3668 3860
f 3667 3860 3859
f 3668 3669 3861
f 3668 3861 3860
f 3669 3670 3862
f 3669 3862 3861
f 3670 3671 3863
f 3670 3863 3862
f 3671 3672 3864
f 3671 3864 3863
f 3672 3673 3865
f 3672 3865 3864
f 3673 3674 3866
f 3673 3866 3865
f 3674 3675 3867
f 3674 3867 3866
f 3675 3676 3868
f 3675 3868 3867
f 3676 3677 3869
f 3676 3869 3868
f 3677 3678 3870
f 3677 3870 3869
f 3678 3679 3871
f 3678 3871 3870
f 3679 3680 3872
f 3679 3872 3871
f 3680 3681 3873
f 3680 3873 3872
f 3681 3682 3874
f 3681 3874 3873
f 3682 3683 3875
f 3682 3875 3874
f 3683 3684 3876
f 3683 3876 3875
f 3684 3685 3877
f 3684 3877 3876
f 3685 3686 3878
f 3685 3878 3877
f 3686 3687 3879
f 3686 3879 3878
f 3687 3688 3880
f 3687 3880 3879
f 3688 3689 3881
f 3688 3881 3880
f 3689 3690 3882
f 3689 3882 3881
f 3690 3691 3883
f 3690 3883 3882
f 3691 3692 3884
f 3691 3884 3883
f 3692 3693 3885
f 3692 3885 3884
f 3693 3694 3886
f 3693 3886 3885
f 3694 3695 3887
f 3694 3887 3886
f 3695 3696 3888
f 3695 3888 3887
f 3696 3697 3889
f 3696 3889 3888
f 3697 3698 3890
f 3697 3890 3889
f 3698 3699 3891
f 3698 3891 3890
f 3699 3700 3892
f 3699 3892 3891
f 3700 3701 3893
f 3700 3893 3892
f 3701 3702 3894
f 3701 3894 3893
f 3702 3703 3895
f 3702 3895 3894
f 3703 3704 3896
f 3703 3896 3895
f 3704 3705 3897
f 3704 3897 3896
f 3705 3706 3898
f 3705 3898 3897
f 3706 3707 3899
f 3706 3899 3898
f 3707 3708 3900
f 3707 3900 3899
f 3708 3709 3901
f 3708 3901 3900
f 3709 3710 3902
f 3709 3902 3901
f 3710 3711 3903
f 3710 3903 3902
f 3711 3712 3904
f 3711 3904 3903
f 3712 3713 3905
f 3712 3905 3904
f 3713 3714 3906
f 3713 3906 3905
f 3714 3715 3907
f 3714 3907 3906
f 3715 3716 3908
f 3715 3908 3907
f 3716 3717 3909
f 3716 3909 3908
f 3717 3718 3910
f 3717 3910 3909
f 3718 3719 3911
f 3718 3911 3910
f 3719 3720 3912
f 3719 3912 3911
f 3720 3721 3913
f 3720 3913 3912
f 3721 3722 3914
f 3721 3914 3913
f 3722 3723 3915
f 3722 3915 3914
f 3723 3724 3916
f 3723 3916 3915
f 3724 3725 3917
f 3724 3917 3916
f 3725 3726 3918
f 3725 3918 3917
f 3726 3727 3919
f 3726 3919 3918
f 3727 3728 3920
f 3727 3920 3919
f 3728 3729 3921
f 3728 3921 3920
f 3729 3730 3922
f 3729 3922 3921
f 3730 3731 3923
f 3730 3923 3922
f 3731 3732 3924
f 3731 3924 3923
f 3732 3733 3925
f 3732 3925 3924
f 3733 3734 3926
f 3733 3926 3925
f 3734 3735 3927
f 3734 3927 3926
f 3735 3736 3928
f 3735 3928 3927
f 3736 3737 3929
f 3736 3929 3928
f 3737 3738 3930
f 3737 3930 3929
f 3738 3739 3931
f 3738 3931 3930
f 3739 3740 3932
f 3739 3932 3931
f 3740 3741 3933
f 3740 3933 3932
f 3741 3742 3934
f 3741 3934 3933
f 3742 3743 3935
f 3742 3935 3934
f 3743 3744 3936
f 3743 3936 3935
f 3744 3649 3841
f 3744 3841 3936
f 3745 3938 3746
f 3745 3937 3938
f 3746 3939 3747
f 3746 3938 3939
f 3747 3940 3748
f 3747 3939 3940
f 3748 3941 3749
f 3748 3940 3941
f 3749 3942 3750
f 3749 3941 3942
f 3750 3943 3751
f 3750 3942 3943
f 3751 3944 3752
f 3751 3943 3944
f 3752 3945 3753
f 3752 3944 3945
f 3753 3946 3754
f 3753 3945 3946
f 3754 3947 3755
f 3754 3946 3947
f 3755 3948 3756
f 3755 3947 3948
f 3756 3949 3757
f 3756 3948 3949
f 3757 3950 3758
f 3757 3949 3950
f 3758 3951 3759
f 3758 3950 3951
f 3759 3952 3760
f 3759 3951 3952
f 3760 3953 3761
f 3760 3952 3953
f 3761 3954 3762
f 3761 3953 3954
f 3762 3955 3763
f 3762 3954 3955
f 3763 3956 3764
f 3763 3955 3956
f 3764 3957 3765
f 3764 3956 3957
f 3765 3958 3766
f 3765 3957 3958
f 3766 3959 3767
f 3766 3958 3959
f 3767 3960 3768
f 3767 3959 3960
f 3768 3961 3769
f 3768 3960 3961
f 3769 3962 3770
f 3769 3961 3962
f 3770 3963 3771
f 3770 3962 3963
f 3771 3964 3772
f 3771 3963 3964
f 3772 3965 3773
f 3772 3964 3965
f 3773 3966 3774
f 3773 3965 3966
f 3774 3967 3775
f 3774 3966 3967
f 3775 3968 3776
f 3775 3967 3968
f 3776 3969 3777
f 3776 3968 3969
f 3777 3970 3778
f 3777 3969 3970
f 3778 3971 3779
f 3778 3970 3971
f 3779 3972 3780
f 3779 3971 3972
f 3780 3973 3781
f 3780 3972 3973
f 3781 3974 3782
f 3781 3973 3974
f 3782 3975 3783
f 3782 3974 3975
f 3783 3976 3784
f 3783 3975 3976
f 3784 3977 3785
f 3784 3976 3977
f 3785 3978 3786
f 3785 3977 3978
f 3786 3979 3787
f 3786 3978 3979
f 3787 3980 3788
f 3787 3979 3980
f 3788 3981 3789
f 3788 3980 3981
f 3789 3982 3790
f 3789 3981 3982
f 3790 3983 3791
f 3790 3982 3983
f 3791 3984 3792
f 3791 3983 3984
f 3792 3985 3793
f 3792 3984 3985
f 3793 3986 3794
f 3793 3985 3986
f 3794 3987 3795
f 3794 3986 3987
f 3795 3988 3796
f 3795 3987 3988
f 3796 3989 3797
f 3796 3988 3989
f 3797 3990 3798
f 3797 3989 3990
f 3798 3991 3799
f 3798 3990 3991
f 3799 3992 3800
f 3799 3991 3992
f 3800 3993 3801
f 3800 3992 3993
f 3801 3994 3802
f 3801 3993 3994
f 3802 3995 3803
f 3802 3994 3995
f 3803 3996 3804
f 3803 3995 3996
f 3804 3997 3805
f 3804 3996 3997
f 3805 3998 3806
f 3805 3997 3998
f 3806 3999 3807
f 3806 3998 3999
f 3807 4000 3808
f 3807 3999 4000
f 3808 4001 3809
f 3808 4000 4001
f 3809 4002 3810
f 3809 4001 4002
f 3810 4003 3811
f 3810 4002 4003
f 3811 4004 3812
f 3811 4003 4004
f 3812 4005 3813
f 3812 4004 4005
f 3813 4006 3814
f 3813 4005 4006
f 3814 4007 3815
f 3814 4006 4007
f 3815 4008 3816
f 3815 4007 4008
f 3816 4009 3817
f 3816 4008 4009
f 3817 4010 3818
f 3817 4009 4010
f 3818 4011 3819
f 3818 4010 4011
f 3819 4012 3820
f 3819 4011 4012
f 3820 4013 3821
f 3820 4012 4013
f 3821 4014 3822
f 3821 4013 4014
f 3822 4015 3823
f 3822 4014 4015
f 3823 4016 3824
f 3823 4015 4016
f 3824 4017 3825
f 3824 4016 4017
f 3825 4018 3826
f 3825 4017 4018
f 3826 4019 3827
f 3826 4018 4019
f 3827 4020 3828
f 3827 4019 4020
f 3828 4021 3829
f 3828 4020 4021
f 3829 4022 3830
f 3829 4021 4022
f 3830 4023 3831
f 3830 4022 4023
f 3831 4024 3832
f 3831 4023 4024
f 3832 4025 3833
f 3832 4024 4025
f 3833 4026 3834
f 3833 4025 4026
f 3834 4027 3835
f 3834 4026 4027
f 3835 4028 3836
f 3835 4027 4028
f 3836 4029 3837
f 3836 4028 4029
f 3837 4030 3838
f 3837 4029 4030
f 3838 4031 3839
f 3838 4030 4031
f 3839 4032 3840
f 3839 4031 4032
f 3840 3937 3745
f 3840 4032 3937
f 3841 3842 4034
f 3841 4034 4033
f 3842 3843 4035
f 3842 4035 4034
f 3843 3844 4036
f 3843 4036 4035
f 3844 3845 4037
f 3844 4037 4036
f 3845 3846 4038
f 3845 4038 4037
f 3846 3847 4039
f 3846 4039 4038
f 3847 3848 4040
f 3847 4040 4039
f 3848 3849 4041
f 3848 4041 4040
f 3849 3850 4042
f 3849 4042 4041
f 3850 3851 4043
f 3850 4043 4042
f 3851 3852 4044
f 3851 4044 4043
f 3852 3853 4045
f 3852 4045 4044
f 3853 3854 4046
f 3853 4046 4045
f 3854 3855 4047
f 3854 4047 4046
f 3855 3856 4048
f 3855 4048 4047
f 3856 3857 4049
f 3856 4049 4048
f 3857 3858 4050
f 3857 4050 4049
f 3858 3859 4051
f 3858 4051 4050
f 3859 3860 4052
f 3859 4052 4051
f 3860 3861 4053
f 3860 4053 4052
f 3861 3862 4054
f 3861 4054 4053
f 3862 3863 4055
f 3862 4055 4054
f 3863 3864 4056
f 3863 4056 4055
f 3864 3865 4057
f 3864 4057 4056
f 3865 3866 4058
f 3865 4058 4057
f 3866 3867 4059
f 3866 4059 4058
f 3867 3868 4060
f 3867 4060 4059
f 3868 3869 4061
f 3868 4061 4060
f 3869 3870 4062
f 3869 4062 4061
f 3870 3871 4063
f 3870 4063 4062
f 3871 3872 4064
f 3871 4064 4063
f 3872 3873 4065
f 3872 4065 4064
f 3873 3874 4066
f 3873 4066 4065
f 3874 3875 4067
f 3874 4067 4066
f 3875 3876 4068
f 3875 4068 4067
f 3876 3877 4069
f 3876 4069 4068
f 3877 3878 4070
f 3877 4070 4069
f 3878 3879 4071
f 3878 4071 4070
f 3879 3880 4072
f 3879 4072 4071
f 3880 3881 4073
f 3880 4073 4072
f 3881 3882 4074
f 3881 4074 4073
f 3882 3883 4075
f 3882 4075 4074
f 3883 3884 4076
f 3883 4076 4075
f 3884 3885 4077
f 3884 4077 4076
f 3885 3886 4078
f 3885 4078 4077
f 3886 3887 4079
f 3886 4079 4078
f 3887 3888 4080
f 3887 4080 4079
f 3888 3889 4081
f 3888 4081 4080
f 3889 3890 4082
f 3889 4082 4081
f 3890 3891 4083
f 3890 4083 4082
f 3891 3892 4084
f 3891 4084 4083
f 3892 3893 4085
f 3892 4085 4084
f 3893 3894 4086
f 3893 4086 4085
f 3894 3895 4087
f 3894 4087 4086
f 3895 3896 4088
f 3895 4088 4087
f 3896 3897 4089
f 3896 4089 4088
f 3897 3898 4090
f 3897 4090 4089
f 3898 3899 4091
f 3898 4091 4090
f 3899 3900 4092
f 3899 4092 4091
f 3900 3901 4093
f 3900 4093 4092
f 3901 3902 4094
f 3901 4094 4093
f 3902 3903 4095
f 3902 4095 4094
f 3903 3904 4096
f 3903 4096 4095
f 3904 3905 4097
f 3904 4097 4096
f 3905 3906 4098
f 3905 4098 4097
f 3906 3907 4099
f 3906 4099 4098
f 3907 3908 4100
f 3907 4100 4099
f 3908 3909 4101
f 3908 4101 4100
f 3909 3910 4102
f 3909 4102 4101
f 3910 3911 4103
f 3910 4103 4102
f 3911 3912 4104
f 3911 4104 4103
f 3912 3913 4105
f 3912 4105 4104
f 3913 3914 4106
f 3913 4106 4105
f 3914 3915 4107
f 3914 4107 4106
f 3915 3916 4108
f 3915 4108 4107
f 3916 3917 4109
f 3916 4109 4108
f 3917 3918 4110
f 3917 4110 4109
f 3918 3919 4111
f 3918 4111 4110
f 3919 3920 4112
f 3919 4112 4111
f 3920 3921 4113
f 3920 4113 4112
f 3921 3922 4114
f 3921 4114 4113
f 3922 3923 4115
f 3922 4115 4114
f 3923 3924 4116
f 3923 4116 4115
f 3924 3925 4117
f 3924 4117 4116
f 3925 3926 4118
f 3925 4118 4117
f 3926 3927 4119
f 3926 4119 4118
f 3927 3928 4120
f 3927 4120 4119
f 3928 3929 4121
f 3928 4121 4120
f 3929 3930 4122
f 3929 4122 4121
f 3930 3931 4123
f 3930 4123 4122
f 3931 3932 4124
f 3931 4124 4123
f 3932 3933 4125
f 3932 4125 4124
f 3933 3934 4126
f 3933 4126 4125
f 3934 3935 4127
f 3934 4127 4126
f 3935 3936 4128
f 3935 4128 4127
f 3936 3841 4033
f 3936 4033 4128
f 3937 4130 3938
f 3937 4129 4130
f 3938 4131 3939
f 3938 4130 4131
f 3939 4132 3940
f 3939 4131 4132
f 3940 4133 3941
f 3940 4132 4133
f 3941 4134 3942
f 3941 4133 4134
f 3942 4135 3943
f 3942 4134 4135
f 3943 4136 3944
f 3943 4135 4136
f 3944 4137 3945
f 3944 4136 4137
f 3945 4138 3946
f 3945 4137 4138
f 3946 4139 3947
f 3946 4138 4139
f 3947 4140 3948
f 3947 4139 4140
f 3948 4141 3949
f 3948 4140 4141
f 3949 4142 3950
f 3949 4141 4142
f 3950 4143 3951
f 3950 4142 4143
f 3951 4144 3952
f 3951 4143 4144
f 3952 4145 3953
f 3952 4144 4145
f 3953 4146 3954
f 3953 4145 4146
f 3954 4147 3955
f 3954 4146 4147
f 3955 4148 3956
f 3955 4147 4148
f 3956 4149 3957
f 3956 4148 4149
f 3957 4150 3958
f 3957 4149 4150
f 3958 4151 3959
f 3958 4150 4151
f 3959 4152 3960
f 3959 4151 4152
f 3960 4153 3961
f 3960 4152 4153
f 3961 4154 3962
f 3961 4153 4154
f 3962 4155 3963
f 3962 4154 4155
f 3963 4156 3964
f 3963 4155 4156
f 3964 4157 3965
f 3964 4156 4157
f 3965 4158 3966
f 3965 4157 4158
f 3966 4159 3967
f 3966 4158 4159
f 3967 4160 3968
f 3967 4159 4160
f 3968 4161 3969
f 3968 4160 4161
f 3969 4162 3970
f 3969 4161 4162
f 3970 4163 3971
f 3970 4162 4163
f 3971 4164 3972
f 3971 4163 4164
f 3972 4165 3973
f 3972 4164 4165
f 3973 4166 3974
f 3973 4165 4166
f 3974 4167 3975
f 3974 4166 4167
f 3975 4168 3976
f 3975 4167 4168
f 3976 4169 3977
f 3976 4168 4169
f 3977 4170 3978
f 3977 4169 4170
f 3978 4171 3979
f 3978 4170 4171
f 3979 4172 3980
f 3979 4171 4172
f 3980 4173 3981
f 3980 4172 4173
f 3981 4174 3982
f 3981 4173 4174
f 3982 4175 3983
f 3982 4174 4175
f 3983 4176 3984
f 3983 4175 4176
f 3984 4177 3985
f 3984 4176 4177
f 3985 4178 3986
f 3985 4177 4178
f 3986 4179 3987
f 3986 4178 4179
f 3987 4180 3988
f 3987 4179 4180
f 3988 4181 3989
f 3988 4180 4181
f 3989 4182 3990
f 3989 4181 4182
f 3990 4183 3991
f 3990 4182 4183
f 3991 4184 3992
f 3991 4183 4184
f 3992 4185 3993
f 3992 4184 4185
f 3993 4186 3994
f 3993 4185 4186
f 3994 4187 3995
f 3994 4186 4187
f 3995 4188 3996
f 3995 4187 4188
f 3996 4189 3997
f 3996 4188 4189
f 3997 4190 3998
f 3997 4189 4190
f 3998 4191 3999
f 3998 4190 4191
f 3999 4192 4000
f 3999 4191 4192
f 4000 4193 4001
f 4000 4192 4193
f 4001 4194 4002
f 4001 4193 4194
f 4002 4195 4003
f 4002 4194 4195
f 4003 4196 4004
f 4003 4195 4196
f 4004 4197 4005
f 4004 4196 4197
f 4005 4198 4006
f 4005 4197 4198
f 4006 4199 4007
f 4006 4198 4199
f 4007 4200 4008
f 4007 4199 4200
f 4008 4201 4009
f 4008 4200 4201
f 4009 4202 4010
f 4009 4201 4202
f 4010 4203 4011
f 4010 4202 4203
f 4011 4204 4012
f 4011 4203 4204
f 4012 4205 4013
f 4012 4204 4205
f 4013 4206 4014
f 4013 4205 4206
f 4014 4207 4015
f 4014 4206 4207
f 4015 4208 4016
f 4015 4207 4208
f 4016 4209 4017
f 4016 4208 4209
f 4017 4210 4018
f 4017 4209 4210
f 4018 4211 4019
f 4018 4210 4211
f 4019 4212 4020
f 4019 4211 4212
f 4020 4213 4021
f 4020 4212 4213
f 4021 4214 4022
f 4021 4213 4214
f 4022 4215 4023
f 4022 4214 4215
f 4023 4216 4024
f 4023 4215 4216
f 4024 4217 4025
f 4024 4216 4217
f 4025 4218 4026
f 4025 4217 4218
f 4026 4219 4027
f 4026 4218 4219
f 4027 4220 4028
f 4027 4219 4220
f 4028 4221 4029
f 4028 4220 4221
f 4029 4222 4030
f 4029 4221 4222
f 4030 4223 4031
f 4030 4222 4223
f 4031 4224 4032
f 4031 4223 4224
f 4032 4129 3937
f 4032 4224 4129
f 4033 4034 4226
f 4033 4226 4225
f 4034 4035 4227
f 4034 4227 4226
f 4035 4036 4228
f 4035 4228 4227
f 4036 4037 4229
f 4036 4229 4228
f 4037 4038 4230
f 4037 4230 4229
f 4038 4039 4231
f 4038 4231 4230
f 4039 4040 4232
f 4039 4232 4231
f 4040 4041 4233
f 4040 4233 4232
f 4041 4042 4234
f 4041 4234 4233
f 4042 4043 4235
f 4042 4235 4234
f 4043 4044 4236
f 4043 4236 4235
f 4044 4045 4237
f 4044 4237 4236
f 4045 4046 4238
f 4045 4238 4237
f 4046 4047 4239
f 4046 4239 4238
f 4047 4048 4240
f 4047 4240 4239
f 4048 4049 4241
f 4048 4241 4240
f 4049 4050 4242
f 4049 4242 4241
f 4050 4051 4243
f 4050 4243 4242
f 4051 4052 4244
f 4051 4244 4243
f 4052 4053 4245
f 4052 4245 4244
f 4053 4054 4246
f 4053 4246 4245
f 4054 4055 4247
f 4054 4247 4246
f 4055 4056 4248
f 4055 4248 4247
f 4056 4057 4249
f 4056 4249 4248
f 4057 4058 4250
f 4057 4250 4249
f 4058 4059 4251
f 4058 4251 4250
f 4059 4060 4252
f 4059 4252 4251
f 4060 4061 4253
f 4060 4253 4252
f 4061 4062 4254
f 4061 4254 4253
f 4062 4063 4255
f 4062 4255 4254
f 4063 4064 4256
f 4063 4256 4255
f 4064 4065 4257
f 4064 4257 4256
f 4065 4066 4258
f 4065 4258 4257
f 4066 4067 4259
f 4066 4259 4258
f 4067 4068 4260
f 4067 4260 4259
f 4068 4069 4261
f 4068 4261 4260
f 4069 4070 4262
f 4069 4262 4261
f 4070 4071 4263
f 4070 4263 4262
f 4071 4072 4264
f 4071 4264 4263
f 4072 4073 4265
f 4072 4265 4264
f 4073 4074 4266
f 4073 4266 4265
f 4074 4075 4267
f 4074 4267 4266
f 4075 4076 4268
f 4075 4268 4267
f 4076 4077 4269
f 4076 4269 4268
f 4077 4078 4270
f 4077 4270 4269
f 4078 4079 4271
f 4078 4271 4270
f 4079 4080 4272
f 4079 4272 4271
f 4080 4081 4273
f 4080 4273 4272
f 4081 4082 4274
f 4081 4274 4273
f 4082 4083 4275
f 4082 4275 4274
f 4083 4084 4276
f 4083 4276 4275
f 4084 4085 4277
f 4084 4277 4276
f 4085 4086 4278
f 4085 4278 4277
f 4086 4087 4279
f 4086 4279 4278
f 4087 4088 4280
f 4087 4280 4279
f 4088 4089 4281
f 4088 4281 4280
f 4089 4090 4282
f 4089 4282 4281
f 4090 4091 4283
f 4090 4283 4282
f 4091 4092 4284
f 4091 4284 4283
f 4092 4093 4285
f 4092 4285 4284
f 4093 4094 4286
f 4093 4286 4285
f 4094 4095 4287
f 4094 4287 4286
f 4095 4096 4288
f 4095 4288 4287
f 4096 4097 4289
f 4096 4289 4288
f 4097 4098 4290
f 4097 4290 4289
f 4098 4099 4291
f 4098 4291 4290
f 4099 4100 4292
f 4099 4292 4291
f 4100 4101 4293
f 4100 4293 4292
f 4101 4102 4294
f 4101 4294 4293
f 4102 4103 4295
f 4102 4295 4294
f 4103 4104 4296
f 4103 4296 4295
f 4104 4105 4297
f 4104 4297 4296
f 4105 4106 4298
f 4105 4298 4297
f 4106 4107 4299
f 4106 4299 4298
f 4107 4108 4300
f 4107 4300 4299
f 4108 4109 4301
f 4108 4301 4300
f 4109 4110 4302
f 4109 4302 4301
f 4110 4111 4303
f 4110 4303 4302
f 4111 4112 4304
f 4111 4304 4303
f 4112 4113 4305
f 4112 4305 4304
f 4113 4114 4306
f 4113 4306 4305
f 4114 4115 4307
f 4114 4307 4306
f 4115 4116 4308
f 4115 4308 4307
f 4116 4117 4309
f 4116 4309 4308
f 4117 4118 4310
f 4117 4310 4309
f 4118 4119 4311
f 4118 4311 4310
f 4119 4120 4312
f 4119 4312 4311
f 4120 4121 4313
f 4120 4313 4312
f 4121 4122 4314
f 4121 4314 4313
f 4122 4123 4315
f 4122 4315 4314
f 4123 4124 4316
f 4123 4316 4315
f 4124 4125 4317
f 4124 4317 4316
f 4125 4126 4318
f 4125 4318 4317
f 4126 4127 4319
f 4126 4319 4318
f 4127 4128 4320
f 4127 4320 4319
f 4128 4033 4225
f 4128 4225 4320
f 4129 4322 4130
f 4129 4321 4322
f 4130 4323 4131
f 4130 4322 4323
f 4131 4324 4132
f 4131 4323 4324
f 4132 4325 4133
f 4132 4324 4325
f 4133 4326 4134
f 4133 4325 4326
f 4134 4327 4135
f 4134 4326 4327
f 4135 4328 4136
f 4135 4327 4328
f 4136 4329 4137
f 4136 4328 4329
f 4137 4330 4138
f 4137 4329 4330
f 4138 4331 4139
f 4138 4330 4331
f 4139 4332 4140
f 4139 4331 4332
f 4140 4333 4141
f 4140 4332 4333
f 4141 4334 4142
f 4141 4333 4334
f 4142 4335 4143
f 4142 4334 4335
f 4143 4336 4144
f 4143 4335 4336
f 4144 4337 4145
f 4144 4336 4337
f 4145 4338 4146
f 4145 4337 4338
f 4146 4339 4147
f 4146 4338 4339
f 4147 4340 4148
f 4147 4339 4340
f 4148 4341 4149
f 4148 4340 4341
f 4149 4342 4150
f 4149 4341 4342
f 4150 4343 4151
f 4150 4342 4343
f 4151 4344 4152
f 4151 4343 4344
f 4152 4345 4153
f 4152 4344 4345
f 4153 4346 4154
f 4153 4345 4346
f 4154 4347 4155
f 4154 4346 4347
f 4155 4348 4156
f 4155 4347 4348
f 4156 4349 4157
f 4156 4348 4349
f 4157 4350 4158
f 4157 4349 4350
f 4158 4351 4159
f 4158 4350 4351
f 4159 4352 4160
f 4159 4351 4352
f 4160 4353 4161
f 4160 4352 4353
f 4161 4354 4162
f 4161 4353 4354
f 4162 4355 4163
f 4162 4354 4355
f 4163 4356 4164
f 4163 4355 4356
f 4164 4357 4165
f 4164 4356 4357
f 4165 4358 4166
f 4165 4357 4358
f 4166 4359 4167
f 4166 4358 4359
f 4167 4360 4168
f 4167 4359 4360
f 4168 4361 4169
f 4168 4360 4361
f 4169 4362 4170
f 4169 4361 4362
f 4170 4363 4171
f 4170 4362 4363
f 4171 4364 4172
f 4171 4363 4364
f 4172 4365 4173
f 4172 4364 4365
f 4173 4366 4174
f 4173 4365 4366
f 4174 4367 4175
f 4174 4366 4367
f 4175 4368 4176
f 4175 4367 4368
f 4176 4369 4177
f 4176 4368 4369
f 4177 4370 4178
f 4177 4369 4370
f 4178 4371 4179
f 4178 4370 4371
f 4179 4372 4180
f 4179 4371 4372
f 4180 4373 4181
f 4180 4372 4373
f 4181 4374 4182
f 4181 4373 4374
f 4182 4375 4183
f 4182 4374 4375
f 4183 4376 4184
f 4183 4375 4376
f 4184 4377 4185
f 4184 4376 4377
f 4185 4378 4186
f 4185 4377 4378
f 4186 4379 4187
f 4186 4378 4379
f 4187 4380 4188
f 4187 4379 4380
f 4188 4381 4189
f 4188 4380 4381
f 4189 4382 4190
f 4189 4381 4382
f 4190 4383 4191
f 4190 4382 4383
f 4191 4384 4192
f 4191 4383 4384
f 4192 4385 4193
f 4192 4384 4385
f 4193 4386 4194
f 4193 4385 4386
f 4194 4387 4195
f 4194 4386 4387
f 4195 4388 4196
f 4195 4387 4388
f 4196 4389 4197
f 4196 4388 4389
f 4197 4390 4198
f 4197 4389 4390
f 4198 4391 4199
f 4198 4390 4391
f 4199 4392 4200
f 4199 4391 4392
f 4200 4393 4201
f 4200 4392 4393
f 4201 4394 4202
f 4201 4393 4394
f 4202 4395 4203
f 4202 4394 4395
f 4203 4396 4204
f 4203 4395 4396
f 4204 4397 4205
f 4204 4396 4397
f 4205 4398 4206
f 4205 4397 4398
f 4206 4399 4207
f 4206 4398 4399
f 4207 4400 4208
f 4207 4399 4400
f 4208 4401 4209
f 4208 4400 4401
f 4209 4402 4210
f 4209 4401 4402
f 4210 4403 4211
f 4210 4402 4403
f 4211 4404 4212
f 4211 4403 4404
f 4212 4405 4213
f 4212 4404 4405
f 4213 4406 4214
f 4213 4405 4406
f 4214 4407 4215
f 4214 4406 4407
f 4215 4408 4216
f 4215 4407 4408
f 4216 4409 4217
f 4216 4408 4409
f 4217 4410 4218
f 4217 4409 4410
f 4218 4411 4219
f 4218 4410 4411
f 4219 4412 4220
f 4219 4411 4412
f 4220 4413 4221
f 4220 4412 4413
f 4221 4414 4222
f 4221 4413 4414
f 4222 4415 4223
f 4222 4414 4415
f 4223 4416 4224
f 4223 4415 4416
f 4224 4321 4129
f 4224 4416 4321
f 4225 4226 4418
f 4225 4418 4417
f 4226 4227 4419
f 4226 4419 4418
f 4227 4228 4420
f 4227 4420 4419
f 4228 4229 4421
f 4228 4421 4420
f 4229 4230 4422
f 4229 4422 4421
f 4230 4231 4423
f 4230 4423 4422
f 4231 4232 4424
f 4231 4424 4423
f 4232 4233 4425
f 4232 4425 4424
f 4233 4234 4426
f 4233 4426 4425
f 4234 4235 4427
f 4234 4427 4426
f 4235 4236 4428
f 4235 4428 4427
f 4236 4237 4429
f 4236 4429 4428
f 4237 4238 4430
f 4237 4430 4429
f 4238 4239 4431
f 4238 4431 4430
f 4239 4240 4432
f 4239 4432 4431
f 4240 4241 4433
f 4240 4433 4432
f 4241 4242 4434
f 4241 4434 4433
f 4242 4243 4435
f 4242 4435 4434
f 4243 4244 4436
f 4243 4436 4435
f 4244 4245 4437
f 4244 4437 4436
f 4245 4246 4438
f 4245 4438 4437
f 4246 4247 4439
f 4246 4439 4438
f 4247 4248 4440
f 4247 4440 4439
f 4248 4249 4441
f 4248 4441 4440
f 4249 4250 4442
f 4249 4442 4441
f 4250 4251 4443
f 4250 4443 4442
f 4251 4252 4444
f 4251 4444 4443
f 4252 4253 4445
f 4252 4445 4444
f 4253 4254 4446
f 4253 4446 4445
f 4254 4255 4447
f 4254 4447 4446
f 4255 4256 4448
f 4255 4448 4447
f 4256 4257 4449
f 4256 4449 4448
f 4257 4258 4450
f 4257 4450 4449
f 4258 4259 4451
f 4258 4451 4450
f 4259 4260 4452
f 4259 4452 4451
f 4260 4261 4453
f 4260 4453 4452
f 4261 4262 4454
f 4261 4454 4453
f 4262 4263 4455
f 4262 4455 4454
f 4263 4264 4456
f 4263 4456 4455
f 4264 4265 4457
f 4264 4457 4456
f 4265 4266 4458
f 4265 4458 4457
f 4266 4267 4459
f 4266 4459 4458
f 4267 4268 4460
f 4267 4460 4459
f 4268 4269 4461
f 4268 4461 4460
f 4269 4270 4462
f 4269 4462 4461
f 4270 4271 4463
f 4270 4463 4462
f 4271 4272 4464
f 4271 4464 4463
f 4272 4273 4465
f 4272 4465 4464
f 4273 4274 4466
f 4273 4466 4465
f 4274 4275 4467
f 4274 4467 4466
f 4275 4276 4468
f 4275 4468 4467
f 4276 4277 4469
f 4276 4469 4468
f 4277 4278 4470
f 4277 4470 4469
f 4278 4279 4471
f 4278 4471 4470
f 4279 4280 4472
f 4279 4472 4471
f 4280 4281 4473
f 4280 4473 4472
f 4281 4282 4474
f 4281 4474 4473
f 4282 4283 4475
f 4282 4475 4474
f 4283 4284 4476
f 4283 4476 4475
f 4284 4285 4477
f 4284 4477 4476
f 4285 4286 4478
f 4285 4478 4477
f 4286 4287 4479
f 4286 4479 4478
f 4287 4288 4480
f 4287 4480 4479
f 4288 4289 4481
f 4288 4481 4480
f 4289 4290 4482
f 4289 4482 4481
f 4290 4291 4483
f 4290 4483 4482
f 4291 4292 4484
f 4291 4484 4483
f 4292 4293 4485
f 4292 4485 4484
f 4293 4294 4486
f 4293 4486 4485
f 4294 4295 4487
f 4294 4487 4486
f 4295 4296 4488
f 4295 4488 4487
f 4296 4297 4489
f 4296 4489 4488
f 4297 4298 4490
f 4297 4490 4489
f 4298 4299 4491
f 4298 4491 4490
f 4299 4300 4492
f 4299 4492 4491
f 4300 4301 4493
f 4300 4493 4492
f 4301 4302 4494
f 4301 4494 4493
f 4302 4303 4495
f 4302 4495 4494
f 4303 4304 4496
f 4303 4496 4495
f 4304 4305 4497
f 4304 4497 4496
f 4305 4306 4498
f 4305 4498 4497
f 4306 4307 4499
f 4306 4499 4498
f 4307 4308 4500
f 4307 4500 4499
f 4308 4309 4501
f 4308 4501 4500
f 4309 4310 4502
f 4309 4502 4501
f 4310 4311 4503
f 4310 4503 4502
f 4311 4312 4504
f 4311 4504 4503
f 4312 4313 4505
f 4312 4505 4504
f 4313 4314 4506
f 4313 4506 4505
f 4314 4315 4507
f 4314 4507 4506
f 4315 4316 4508
f 4315 4508 4507
f 4316 4317 4509
f 4316 4509 4508
f 4317 4318 4510
f 4317 4510 4509
f 4318 4319 4511
f 4318 4511 4510
f 4319 4320 4512
f 4319 4512 4511
f 4320 4225 4417
f 4320 4417 4512
f 4321 4514 4322
f 4321 4513 4514
f 4322 4515 4323
f 4322 4514 4515
f 4323 4516 4324
f 4323 4515 4516
f 4324 4517 4325
f 4324 4516 4517
f 4325 4518 4326
f 4325 4517 4518
f 4326 4519 4327
f 4326 4518 4519
f 4327 4520 4328
f 4327 4519 4520
f 4328 4521 4329
f 4328 4520 4521
f 4329 4522 4330
f 4329 4521 4522
f 4330 4523 4331
f 4330 4522 4523
f 4331 4524 4332
f 4331 4523 4524
f 4332 4525 4333
f 4332 4524 4525
f 4333 4526 4334
f 4333 4525 4526
f 4334 4527 4335
f 4334 4526 4527
f 4335 4528 4336
f 4335 4527 4528
f 4336 4529 4337
f 4336 4528 4529
f 4337 4530 4338
f 4337 4529 4530
f 4338 4531 4339
f 4338 4530 4531
f 4339 4532 4340
f 4339 4531 4532
f 4340 4533 4341
f 4340 4532 4533
f 4341 4534 4342
f 4341 4533 4534
f 4342 4535 4343
f 4342 4534 4535
f 4343 4536 4344
f 4343 4535 4536
f 4344 4537 4345
f 4344 4536 4537
f 4345 4538 4346
f 4345 4537 4538
f 4346 4539 4347
f 4346 4538 4539
f 4347 4540 4348
f 4347 4539 4540
f 4348 4541 4349
f 4348 4540 4541
f 4349 4542 4350
f 4349 4541 4542
f 4350 4543 4351
f 4350 4542 4543
f 4351 4544 4352
f 4351 4543 4544
f 4352 4545 4353
f 4352 4544 4545
f 4353 4546 4354
f 4353 4545 4546
f 4354 4547 4355
f 4354 4546 4547
f 4355 4548 4356
f 4355 4547 4548
f 4356 4549 4357
f 4356 4548 4549
f 4357 4550 4358
f 4357 4549 4550
f 4358 4551 4359
f 4358 4550 4551
f 4359 4552 4360
f 4359 4551 4552
f 4360 4553 4361
f 4360 4552 4553
f 4361 4554 4362
f 4361 4553 4554
f 4362 4555 4363
f 4362 4554 4555
f 4363 4556 4364
f 4363 4555 4556
f 4364 4557 4365
f 4364 4556 4557
f 4365 4558 4366
f 4365 4557 4558
f 4366 4559 4367
f 4366 4558 4559
f 4367 4560 4368
f 4367 4559 4560
f 4368 4561 4369
f 4368 4560 4561
f 4369 4562 4370
f 4369 4561 4562
f 4370 4563 4371
f 4370 4562 4563
f 4371 4564 4372
f 4371 4563 4564
f 4372 4565 4373
f 4372 4564 4565
f 4373 4566 4374
f 4373 4565 4566
f 4374 4567 4375
f 4374 4566 4567
f 4375 4568 4376
f 4375 4567 4568
f 4376 4569 4377
f 4376 4568 4569
f 4377 4570 4378
f 4377 4569 4570
f 4378 4571 4379
f 4378 4570 4571
f 4379 4572 4380
f 4379 4571 4572
f 4380 4573 4381
f 4380 4572 4573
f 4381 4574 4382
f 4381 4573 4574
f 4382 4575 4383
f 4382 4574 4575
f 4383 4576 4384
f 4383 4575 4576
f 4384 4577 4385
f 4384 4576 4577
f 4385 4578 4386
f 4385 4577 4578
f 4386 4579 4387
f 4386 4578 4579
f 4387 4580 4388
f 4387 4579 4580
f 4388 4581 4389
f 4388 4580 4581
f 4389 4582 4390
f 4389 4581 4582
f 4390 4583 4391
f 4390 4582 4583
f 4391 4584 4392
f 4391 4583 4584
f 4392 4585 4393
f 4392 4584 4585
f 4393 4586 4394
f 4393 4585 4586
f 4394 4587 4395
f 4394 4586 4587
f 4395 4588 4396
f 4395 4587 4588
f 4396 4589 4397
f 4396 4588 4589
f 4397 4590 4398
f 4397 4589 4590
f 4398 4591 4399
f 4398 4590 4591
f 4399 4592 4400
f 4399 4591 4592
f 4400 4593 4401
f 4400 4592 4593
f 4401 4594 4402
f 4401 4593 4594
f 4402 4595 4403
f 4402 4594 4595
f 4403 4596 4404
f 4403 4595 4596
f 4404 4597 4405
f 4404 4596 4597
f 4405 4598 4406
f 4405 4597 4598
f 4406 4599 4407
f 4406 4598 4599
f 4407 4600 4408
f 4407 4599 4600
f 4408 4601 4409
f 4408 4600 4601
f 4409 4602 4410
f 4409 4601 4602
f 4410 4603 4411
f 4410 4602 4603
f 4411 4604 4412
f 4411 4603 4604
f 4412 4605 4413
f 4412 4604 4605
f 4413 4606 4414
f 4413 4605 4606
f 4414 4607 4415
f 4414 4606 4607
f 4415 4608 4416
f 4415 4607 4608
f 4416 4513 4321
f 4416 4608 4513
f 4417 4418 4610
f 4417 4610 4609
f 4418 4419 4611
f 4418 4611 4610
f 4419 4420 4612
f 4419 4612 4611
f 4420 4421 4613
f 4420 4613 4612
f 4421 4422 4614
f 4421 4614 4613
f 4422 4423 4615
f 4422 4615 4614
f 4423 4424 4616
f 4423 4616 4615
f 4424 4425 4617
f 4424 4617 4616
f 4425 4426 4618
f 4425 4618 4617
f 4426 4427 4619
f 4426 4619 4618
f 4427 4428 4620
f 4427 4620 4619
f 4428 4429 4621
f 4428 4621 4620
f 4429 4430 4622
f 4429 4622 4621
f 4430 4431 4623
f 4430 4623 4622
f 4431 4432 4624
f 4431 4624 4623
f 4432 4433 4625
f 4432 4625 4624
f 4433 4434 4626
f 4433 4626 4625
f 4434 4435 4627
f 4434 4627 4626
f 4435 4436 4628
f 4435 4628 4627
f 4436 4437 4629
f 4436 4629 4628
f 4437 4438 4630
f 4437 4630 4629
f 4438 4439 4631
f 4438 4631 4630
f 4439 4440 4632
f 4439 4632 4631
f 4440 4441 4633
f 4440 4633 4632
f 4441 4442 4634
f 4441 4634 4633
f 4442 4443 4635
f 4442 4635 4634
f 4443 4444 4636
f 4443 4636 4635
f 4444 4445 4637
f 4444 4637 4636
f 4445 4446 4638
f 4445 4638 4637
f 4446 4447 4639
f 4446 4639 4638
f 4447 4448 4640
f 4447 4640 4639
f 4448 4449 4641
f 4448 4641 4640
f 4449 4450 4642
f 4449 4642 4641
f 4450 4451 4643
f 4450 4643 4642
f 4451 4452 4644
f 4451 4644 4643
f 4452 4453 4645
f 4452 4645 4644
f 4453 4454 4646
f 4453 4646 4645
f 4454 4455 4647
f 4454 4647 4646
f 4455 4456 4648
f 4455 4648 4647
f 4456 4457 4649
f 4456 4649 4648
f 4457 4458 4650
f 4457 4650 4649
f 4458 4459 4651
f 4458 4651 4650
f 4459 4460 4652
f 4459 4652 4651
f 4460 4461 4653
f 4460 4653 4652
f 4461 4462 4654
f 4461 4654 4653
f 4462 4463 4655
f 4462 4655 4654
f 4463 4464 4656
f 4463 4656 4655
f 4464 4465 4657
f 4464 4657 4656
f 4465 4466 4658
f 4465 4658 4657
f 4466 4467 4659
f 4466 4659 4658
f 4467 4468 4660
f 4467 4660 4659
f 4468 4469 4661
f 4468 4661 4660
f 4469 4470 4662
f 4469 4662 4661
f 4470 4471 4663
f 4470 4663 4662
f 4471 4472 4664
f 4471 4664 4663
f 4472 4473 4665
f 4472 4665 4664
f 4473 4474 4666
f 4473 4666 4665
f 4474 4475 4667
f 4474 4667 4666
f 4475 4476 4668
f 4475 4668 4667
f 4476 4477 4669
f 4476 4669 4668
f 4477 4478 4670
f 4477 4670 4669
f 4478 4479 4671
f 4478 4671 4670
f 4479 4480 4672
f 4479 4672 4671
f 4480 4481 4673
f 4480 4673 4672
f 4481 4482 4674
f 4481 4674 4673
f 4482 4483 4675
f 4482 4675 4674
f 4483 4484 4676
f 4483 4676 4675
f 4484 4485 4677
f 4484 4677 4676
f 4485 4486 4678
f 4485 4678 4677
f 4486 4487 4679
f 4486 4679 4678
f 4487 4488 4680
f 4487 4680 4679
f 4488 4489 4681
f 4488 4681 4680
f 4489 4490 4682
f 4489 4682 4681
f 4490 4491 4683
f 4490 4683 4682
f 4491 4492 4684
f 4491 4684 4683
f 4492 4493 4685
f 4492 4685 4684
f 4493 4494 4686
f 4493 4686 4685
f 4494 4495 4687
f 4494 4687 4686
f 4495 4496 4688
f 4495 4688 4687
f 4496 4497 4689
f 4496 4689 4688
f 4497 4498 4690
f 4497 4690 4689
f 4498 4499 4691
f 4498 4691 4690
f 4499 4500 4692
f 4499 4692 4691
f 4500 4501 4693
f 4500 4693 4692
f 4501 4502 4694
f 4501 4694 4693
f 4502 4503 4695
f 4502 4695 4694
f 4503 4504 4696
f 4503 4696 4695
f 4504 4505 4697
f 4504 4697 4696
f 4505 4506 4698
f 4505 4698 4697
f 4506 4507 4699
f 4506 4699 4698
f 4507 4508 4700
f 4507 4700 4699
f 4508 4509 4701
f 4508 4701 4700
f 4509 4510 4702
f 4509 4702 4701
f 4510 4511 4703
f 4510 4703 4702
f 4511 4512 4704
f 4511 4704 4703
f 4512 4417 4609
f 4512 4609 4704
f 4513 4706 4514
f 4513 4705 4706
f 4514 4707 4515
f 4514 4706 4707
f 4515 4708 4516
f 4515 4707 4708
f 4516 4709 4517
f 4516 4708 4709
f 4517 4710 4518
f 4517 4709 4710
f 4518 4711 4519
f 4518 4710 4711
f 4519 4712 4520
f 4519 4711 4712
f 4520 4713 4521
f 4520 4712 4713
f 4521 4714 4522
f 4521 4713 4714
f 4522 4715 4523
f 4522 4714 4715
f 4523 4716 4524
f 4523 4715 4716
f 4524 4717 4525
f 4524 4716 4717
f 4525 4718 4526
f 4525 4717 4718
f 4526 4719 4527
f 4526 4718 4719
f 4527 4720 4528
f 4527 4719 4720
f 4528 4721 4529
f 4528 4720 4721
f 4529 4722 4530
f 4529 4721 4722
f 4530 4723 4531
f 4530 4722 4723
f 4531 4724 4532
f 4531 4723 4724
f 4532 4725 4533
f 4532 4724 4725
f 4533 4726 4534
f 4533 4725 4726
f 4534 4727 4535
f 4534 4726 4727
f 4535 4728 4536
f 4535 4727 4728
f 4536 4729 4537
f 4536 4728 4729
f 4537 4730 4538
f 4537 4729 4730
f 4538 4731 4539
f 4538 4730 4731
f 4539 4732 4540
f 4539 4731 4732
f 4540 4733 4541
f 4540 4732 4733
f 4541 4734 4542
f 4541 4733 4734
f 4542 4735 4543
f 4542 4734 4735
f 4543 4736 4544
f 4543 4735 4736
f 4544 4737 4545
f 4544 4736 4737
f 4545 4738 4546
f 4545 4737 4738
f 4546 4739 4547
f 4546 4738 4739
f 4547 4740 4548
f 4547 4739 4740
f 4548 4741 4549
f 4548 4740 4741
f 4549 4742 4550
f 4549 4741 4742
f 4550 4743 4551
f 4550 4742 4743
f 4551 4744 4552
f 4551 4743 4744
f 4552 4745 4553
f 4552 4744 4745
f 4553 4746 4554
f 4553 4745 4746
f 4554 4747 4555
f 4554 4746 4747
f 4555 4748 4556
f 4555 4747 4748
f 4556 4749 4557
f 4556 4748 4749
f 4557 4750 4558
f 4557 4749 4750
f 4558 4751 4559
f 4558 4750 4751
f 4559 4752 4560
f 4559 4751 4752
f 4560 4753 4561
f 4560 4752 4753
f 4561 4754 4562
f 4561 4753 4754
f 4562 4755 4563
f 4562 4754 4755
f 4563 4756 4564
f 4563 4755 4756
f 4564 4757 4565
f 4564 4756 4757
f 4565 4758 4566
f 4565 4757 4758
f 4566 4759 4567
f 4566 4758 4759
f 4567 4760 4568
f 4567 4759 4760
f 4568 4761 4569
f 4568 4760 4761
f 4569 4762 4570
f 4569 4761 4762
f 4570 4763 4571
f 4570 4762 4763
f 4571 4764 4572
f 4571 4763 4764
f 4572 4765 4573
f 4572 4764 4765
f 4573 4766 4574
f 4573 4765 4766
f 4574 4767 4575
f 4574 4766 4767
f 4575 4768 4576
f 4575 4767 4768
f 4576 4769 4577
f 4576 4768 4769
f 4577 4770 4578
f 4577 4769 4770
f 4578 4771 4579
f 4578 4770 4771
f 4579 4772 4580
f 4579 4771 4772
f 4580 4773 4581
f 4580 4772 4773
f 4581 4774 4582
f 4581 4773 4774
f 4582 4775 4583
f 4582 4774 4775
f 4583 4776 4584
f 4583 4775 4776
f 4584 4777 4585
f 4584 4776 4777
f 4585 4778 4586
f 4585 4777 4778
f 4586 4779 4587
f 4586 4778 4779
f 4587 4780 4588
f 4587 4779 4780
f 4588 4781 4589
f 4588 4780 4781
f 4589 4782 4590
f 4589 4781 4782
f 4590 4783 4591
f 4590 4782 4783
f 4591 4784 4592
f 4591 4783 4784
f 4592 4785 4593
f 4592 4784 4785
f 4593 4786 4594
f 4593 4785 4786
f 4594 4787 4595
f 4594 4786 4787
f 4595 4788 4596
f 4595 4787 4788
f 4596 4789 4597
f 4596 4788 4789
f 4597 4790 4598
f 4597 4789 4790
f 4598 4791 4599
f 4598 4790 4791
f 4599 4792 4600
f 4599 4791 4792
f 4600 4793 4601
f 4600 4792 4793
f 4601 4794 4602
f 4601 4793 4794
f 4602 4795 4603
f 4602 4794 4795
f 4603 4796 4604
f 4603 4795 4796
f 4604 4797 4605
f 4604 4796 4797
f 4605 4798 4606
f 4605 4797 4798
f 4606 4799 4607
f 4606 4798 4799
f 4607 4800 4608
f 4607 4799 4800
f 4608 4705 4513
f 4608 4800 4705
f 4609 4610 4802
f 4609 4802 4801
f 4610 4611 4803
f 4610 4803 4802
f 4611 4612 4804
f 4611 4804 4803
f 4612 4613 4805
f 4612 4805 4804
f 4613 4614 4806
f 4613 4806 4805
f 4614 4615 4807
f 4614 4807 4806
f 4615 4616 4808
f 4615 4808 4807
f 4616 4617 4809
f 4616 4809 4808
f 4617 4618 4810
f 4617 4810 4809
f 4618 4619 4811
f 4618 4811 4810
f 4619 4620 4812
f 4619 4812 4811
f 4620 4621 4813
f 4620 4813 4812
f 4621 4622 4814
f 4621 4814 4813
f 4622 4623 4815
f 4622 4815 4814
f 4623 4624 4816
f 4623 4816 4815
f 4624 4625 4817
f 4624 4817 4816
f 4625 4626 4818
f 4625 4818 4817
f 4626 4627 4819
f 4626 4819 4818
f 4627 4628 4820
f 4627 4820 4819
f 4628 4629 4821
f 4628 4821 4820
f 4629 4630 4822
f 4629 4822 4821
f 4630 4631 4823
f 4630 4823 4822
f 4631 4632 4824
f 4631 4824 4823
f 4632 4633 4825
f 4632 4825 4824
f 4633 4634 4826
f 4633 4826 4825
f 4634 4635 4827
f 4634 4827 4826
f 4635 4636 4828
f 4635 4828 4827
f 4636 4637 4829
f 4636 4829 4828
f 4637 4638 4830
f 4637 4830 4829
f 4638 4639 4831
f 4638 4831 4830
f 4639 4640 4832
f 4639 4832 4831
f 4640 4641 4833
f 4640 4833 4832
f 4641 4642 4834
f 4641 4834 4833
f 4642 4643 4835
f 4642 4835 4834
f 4643 4644 4836
f 4643 4836 4835
f 4644 4645 4837
f 4644 4837 4836
f 4645 4646 4838
f 4645 4838 4837
f 4646 4647 4839
f 4646 4839 4838
f 4647 4648 4840
f 4647 4840 4839
f 4648 4649 4841
f 4648 4841 4840
f 4649 4650 4842
f 4649 4842 4841
f 4650 4651 4843
f 4650 4843 4842
f 4651 4652 4844
f 4651 4844 4843
f 4652 4653 4845
f 4652 4845 4844
f 4653 4654 4846
f 4653 4846 4845
f 4654 4655 4847
f 4654 4847 4846
f 4655 4656 4848
f 4655 4848 4847
f 4656 4657 4849
f 4656 4849 4848
f 4657 4658 4850
f 4657 4850 4849
f 4658 4659 4851
f 4658 4851 4850
f 4659 4660 4852
f 4659 4852 4851
f 4660 4661 4853
f 4660 4853 4852
f 4661 4662 4854
f 4661 4854 4853
f 4662 4663 4855
f 4662 4855 4854
f 4663 4664 4856
f 4663 4856 4855
f 4664 4665 4857
f 4664 4857 4856
f 4665 4666 4858
f 4665 4858 4857
f 4666 4667 4859
f 4666 4859 4858
f 4667 4668 4860
f 4667 4860 4859
f 4668 4669 4861
f 4668 4861 4860
f 4669 4670 4862
f 4669 4862 4861
f 4670 4671 4863
f 4670 4863 4862
f 4671 4672 4864
f 4671 4864 4863
f 4672 4673 4865
f 4672 4865 4864
f 4673 4674 4866
f 4673 4866 4865
f 4674 4675 4867
f 4674 4867 4866
f 4675 4676 4868
f 4675 4868 4867
f 4676 4677 4869
f 4676 4869 4868
f 4677 4678 4870
f 4677 4870 4869
f 4678 4679 4871
f 4678 4871 4870
f 4679 4680 4872
f 4679 4872 4871
f 4680 4681 4873
f 4680 4873 4872
f 4681 4682 4874
f 4681 4874 4873
f 4682 4683 4875
f 4682 4875 4874
f 4683 4684 4876
f 4683 4876 4875
f 4684 4685 4877
f 4684 4877 4876
f 4685 4686 4878
f 4685 4878 4877
f 4686 4687 4879
f 4686 4879 4878
f 4687 4688 4880
f 4687 4880 4879
f 4688 4689 4881
f 4688 4881 4880
f 4689 4690 4882
f 4689 4882 4881
f 4690 4691 4883
f 4690 4883 4882
f 4691 4692 4884
f 4691 4884 4883
f 4692 4693 4885
f 4692 4885 4884
f 4693 4694 4886
f 4693 4886 4885
f 4694 4695 4887
f 4694 4887 4886
f 4695 4696 4888
f 4695 4888 4887
f 4696 4697 4889
f 4696 4889 4888
f 4697 4698 4890
f 4697 4890 4889
f 4698 4699 4891
f 4698 4891 4890
f 4699 4700 4892
f 4699 4892 4891
f 4700 4701 4893
f 4700 4893 4892
f 4701 4702 4894
f 4701 4894 4893
f 4702 4703 4895
f 4702 4895 4894
f 4703 4704 4896
f 4703 4896 4895
f 4704 4609 4801
f 4704 4801 4896
f 4705 4898 4706
f 4705 4897 4898
f 4706 4899 4707
f 4706 4898 4899
f 4707 4900 4708
f 4707 4899 4900
f 4708 4901 4709
f 4708 4900 4901
f 4709 4902 4710
f 4709 4901 4902
f 4710 4903 4711
f 4710 4902 4903
f 4711 4904 4712
f 4711 4903 4904
f 4712 4905 4713
f 4712 4904 4905
f 4713 4906 4714
f 4713 4905 4906
f 4714 4907 4715
f 4714 4906 4907
f 4715 4908 4716
f 4715 4907 4908
f 4716 4909 4717
f 4716 4908 4909
f 4717 4910 4718
f 4717 4909 4910
f 4718 4911 4719
f 4718 4910 4911
f 4719 4912 4720
f 4719 4911 4912
f 4720 4913 4721
f 4720 4912 4913
f 4721 4914 4722
f 4721 4913 4914
f 4722 4915 4723
f 4722 4914 4915
f 4723 4916 4724
f 4723 4915 4916
f 4724 4917 4725
f 4724 4916 4917
f 4725 4918 4726
f 4725 4917 4918
f 4726 4919 4727
f 4726 4918 4919
f 4727 4920 4728
f 4727 4919 4920
f 4728 4921 4729
f 4728 4920 4921
f 4729 4922 4730
f 4729 4921 4922
f 4730 4923 4731
f 4730 4922 4923
f 4731 4924 4732
f 4731 4923 4924
f 4732 4925 4733
f 4732 4924 4925
f 4733 4926 4734
f 4733 4925 4926
f 4734 4927 4735
f 4734 4926 4927
f 4735 4928 4736
f 4735 4927 4928
f 4736 4929 4737
f 4736 4928 4929
f 4737 4930 4738
f 4737 4929 4930
f 4738 4931 4739
f 4738 4930 4931
f 4739 4932 4740
f 4739 4931 4932
f 4740 4933 4741
f 4740 4932 4933
f 4741 4934 4742
f 4741 4933 4934
f 4742 4935 4743
f 4742 4934 4935
f 4743 4936 4744
f 4743 4935 4936
f 4744 4937 4745
f 4744 4936 4937
f 4745 4938 4746
f 4745 4937 4938
f 4746 4939 4747
f 4746 4938 4939
f 4747 4940 4748
f 4747 4939 4940
f 4748 4941 4749
f 4748 4940 4941
f 4749 4942 4750
f 4749 4941 4942
f 4750 4943 4751
f 4750 4942 4943
f 4751 4944 4752
f 4751 4943 4944
f 4752 4945 4753
f 4752 4944 4945
f 4753 4946 4754
f 4753 4945 4946
f 4754 4947 4755
f 4754 4946 4947
f 4755 4948 4756
f 4755 4947 4948
f 4756 4949 4757
f 4756 4948 4949
f 4757 4950 4758
f 4757 4949 4950
f 4758 4951 4759
f 4758 4950 4951
f 4759 4952 4760
f 4759 4951 4952
f 4760 4953 4761
f 4760 4952 4953
f 4761 4954 4762
f 4761 4953 4954
f 4762 4955 4763
f 4762 4954 4955
f 4763 4956 4764
f 4763 4955 4956
f 4764 4957 4765
f 4764 4956 4957
f 4765 4958 4766
f 4765 4957 4958
f 4766 4959 4767
f 4766 4958 4959
f 4767 4960 4768
f 4767 4959 4960
f 4768 4961 4769
f 4768 4960 4961
f 4769 4962 4770
f 4769 4961 4962
f 4770 4963 4771
f 4770 4962 4963
f 4771 4964 4772
f 4771 4963 4964
f 4772 4965 4773
f 4772 4964 4965
f 4773 4966 4774
f 4773 4965 4966
f 4774 4967 4775
f 4774 4966 4967
f 4775 4968 4776
f 4775 4967 4968
f 4776 4969 4777
f 4776 4968 4969
f 4777 4970 4778
f 4777 4969 4970
f 4778 4971 4779
f 4778 4970 4971
f 4779 4972 4780
f 4779 4971 4972
f 4780 4973 4781
f 4780 4972 4973
f 4781 4974 4782
f 4781 4973 4974
f 4782 4975 4783
f 4782 4974 4975
f 4783 4976 4784
f 4783 4975 4976
f 4784 4977 4785
f 4784 4976 4977
f 4785 4978 4786
f 4785 4977 4978
f 4786 4979 4787
f 4786 4978 4979
f 4787 4980 4788
f 4787 4979 4980
f 4788 4981 4789
f 4788 4980 4981
f 4789 4982 4790
f 4789 4981 4982
f 4790 4983 4791
f 4790 4982 4983
f 4791 4984 4792
f 4791 4983 4984
f 4792 4985 4793
f 4792 4984 4985
f 4793 4986 4794
f 4793 4985 4986
f 4794 4987 4795
f 4794 4986 4987
f 4795 4988 4796
f 4795 4987 4988
f 4796 4989 4797
f 4796 4988 4989
f 4797 4990 4798
f 4797 4989 4990
f 4798 4991 4799
f 4798 4990 4991
f 4799 4992 4800
f 4799 4991 4992
f 4800 4897 4705
f 4800 4992 4897
f 4801 4802 4994
f 4801 4994 4993
f 4802 4803 4995
f 4802 4995 4994
f 4803 4804 4996
f 4803 4996 4995
f 4804 4805 4997
f 4804 4997 4996
f 4805 4806 4998
f 4805 4998 4997
f 4806 4807 4999
f 4806 4999 4998
f 4807 4808 5000
f 4807 5000 4999
f 4808 4809 5001
f 4808 5001 5000
f 4809 4810 5002
f 4809 5002 5001
f 4810 4811 5003
f 4810 5003 5002
f 4811 4812 5004
f 4811 5004 5003
f 4812 4813 5005
f 4812 5005 5004
f 4813 4814 5006
f 4813 5006 5005
f 4814 4815 5007
f 4814 5007 5006
f 4815 4816 5008
f 4815 5008 5007
f 4816 4817 5009
f 4816 5009 5008
f 4817 4818 5010
f 4817 5010 5009
f 4818 4819 5011
f 4818 5011 5010
f 4819 4820 5012
f 4819 5012 5011
f 4820 4821 5013
f 4820 5013 5012
f 4821 4822 5014
f 4821 5014 5013
f 4822 4823 5015
f 4822 5015 5014
f 4823 4824 5016
f 4823 5016 5015
f 4824 4825 5017
f 4824 5017 5016
f 4825 4826 5018
f 4825 5018 5017
f 4826 4827 5019
f 4826 5019 5018
f 4827 4828 5020
f 4827 5020 5019
f 4828 4829 5021
f 4828 5021 5020
f 4829 4830 5022
f 4829 5022 5021
f 4830 4831 5023
f 4830 5023 5022
f 4831 4832 5024
f 4831 5024 5023
f 4832 4833 5025
f 4832 5025 5024
f 4833 4834 5026
f 4833 5026 5025
f 4834 4835 5027
f 4834 5027 5026
f 4835 4836 5028
f 4835 5028 5027
f 4836 4837 5029
f 4836 5029 5028
f 4837 4838 5030
f 4837 5030 5029
f 4838 4839 5031
f 4838 5031 5030
f 4839 4840 5032
f 4839 5032 5031
f 4840 4841 5033
f 4840 5033 5032
f 4841 4842 5034
f 4841 5034 5033
f 4842 4843 5035
f 4842 5035 5034
f 4843 4844 5036
f 4843 5036 5035
f 4844 4845 5037
f 4844 5037 5036
f 4845 4846 5038
f 4845 5038 5037
f 4846 4847 5039
f 4846 5039 5038
f 4847 4848 5040
f 4847 5040 5039
f 4848 4849 5041
f 4848 5041 5040
f 4849 4850 5042
f 4849 5042 5041
f 4850 4851 5043
f 4850 5043 5042
f 4851 4852 5044
f 4851 5044 5043
f 4852 4853 5045
f 4852 5045 5044
f 4853 4854 5046
f 4853 5046 5045
f 4854 4855 5047
f 4854 5047 5046
f 4855 4856 5048
f 4855 5048 5047
f 4856 4857 5049
f 4856 5049 5048
f 4857 4858 5050
f 4857 5050 5049
f 4858 4859 5051
f 4858 5051 5050
f 4859 4860 5052
f 4859 5052 5051
f 4860 4861 5053
f 4860 5053 5052
f 4861 4862 5054
f 4861 5054 5053
f 4862 4863 5055
f 4862 5055 5054
f 4863 4864 5056
f 4863 5056 5055
f 4864 4865 5057
f 4864 5057 5056
f 4865 4866 5058
f 4865 5058 5057
f 4866 4867 5059
f 4866 5059 5058
f 4867 4868 5060
f 4867 5060 5059
f 4868 4869 5061
f 4868 5061 5060
f 4869 4870 5062
f 4869 5062 5061
f 4870 4871 5063
f 4870 5063 5062
f 4871 4872 5064
f 4871 5064 5063
f 4872 4873 5065
f 4872 5065 5064
f 4873 4874 5066
f 4873 5066 5065
f 4874 4875 5067
f 4874 5067 5066
f 4875 4876 5068
f 4875 5068 5067
f 4876 4877 5069
f 4876 5069 5068
f 4877 4878 5070
f 4877 5070 5069
f 4878 4879 5071
f 4878 5071 5070
f 4879 4880 5072
f 4879 5072 5071
f 4880 4881 5073
f 4880 5073 5072
f 4881 4882 5074
f 4881 5074 5073
f 4882 4883 5075
f 4882 5075 5074
f 4883 4884 5076
f 4883 5076 5075
f 4884 4885 5077
f 4884 5077 5076
f 4885 4886 5078
f 4885 5078 5077
f 4886 4887 5079
f 4886 5079 5078
f 4887 4888 5080
f 4887 5080 5079
f 4888 4889 5081
f 4888 5081 5080
f 4889 4890 5082
f 4889 5082 5081
f 4890 4891 5083
f 4890 5083 5082
f 4891 4892 5084
f 4891 5084 5083
f 4892 4893 5085
f 4892 5085 5084
f 4893 4894 5086
f 4893 5086 5085
f 4894 4895 5087
f 4894 5087 5086
f 4895 4896 5088
f 4895 5088 5087
f 4896 4801 4993
f 4896 4993 5088
f 4897 5090 4898
f 4897 5089 5090
f 4898 5091 4899
f 4898 5090 5091
f 4899 5092 4900
f 4899 5091 5092
f 4900 5093 4901
f 4900 5092 5093
f 4901 5094 4902
f 4901 5093 5094
f 4902 5095 4903
f 4902 5094 5095
f 4903 5096 4904
f 4903 5095 5096
f 4904 5097 4905
f 4904 5096 5097
f 4905 5098 4906
f 4905 5097 5098
f 4906 5099 4907
f 4906 5098 5099
f 4907 5100 4908
f 4907 5099 5100
f 4908 5101 4909
f 4908 5100 5101
f 4909 5102 4910
f 4909 5101 5102
f 4910 5103 4911
f 4910 5102 5103
f 4911 5104 4912
f 4911 5103 5104
f 4912 5105 4913
f 4912 5104 5105
f 4913 5106 4914
f 4913 5105 5106
f 4914 5107 4915
f 4914 5106 5107
f 4915 5108 4916
f 4915 5107 5108
f 4916 5109 4917
f 4916 5108 5109
f 4917 5110 4918
f 4917 5109 5110
f 4918 5111 4919
f 4918 5110 5111
f 4919 5112 4920
f 4919 5111 5112
f 4920 5113 4921
f 4920 5112 5113
f 4921 5114 4922
f 4921 5113 5114
f 4922 5115 4923
f 4922 5114 5115
f 4923 5116 4924
f 4923 5115 5116
f 4924 5117 4925
f 4924 5116 5117
f 4925 5118 4926
f 4925 5117 5118
f 4926 5119 4927
f 4926 5118 5119
f 4927 5120 4928
f 4927 5119 5120
f 4928 5121 4929
f 4928 5120 5121
f 4929 5122 4930
f 4929 5121 5122
f 4930 5123 4931
f 4930 5122 5123
f 4931 5124 4932
f 4931 5123 5124
f 4932 5125 4933
f 4932 5124 5125
f 4933 5126 4934
f 4933 5125 5126
f 4934 5127 4935
f 4934 5126 5127
f 4935 5128 4936
f 4935 5127 5128
f 4936 5129 4937
f 4936 5128 5129
f 4937 5130 4938
f 4937 5129 5130
f 4938 5131 4939
f 4938 5130 5131
f 4939 5132 4940
f 4939 5131 5132
f 4940 5133 4941
f 4940 5132 5133
f 4941 5134 4942
f 4941 5133 5134
f 4942 5135 4943
f 4942 5134 5135
f 4943 5136 4944
f 4943 5135 5136
f 4944 5137 4945
f 4944 5136 5137
f 4945 5138 4946
f 4945 5137 5138
f 4946 5139 4947
f 4946 5138 5139
f 4947 5140 4948
f 4947 5139 5140
f 4948 5141 4949
f 4948 5140 5141
f 4949 5142 4950
f 4949 5141 5142
f 4950 5143 4951
f 4950 5142 5143
f 4951 5144 4952
f 4951 5143 5144
f 4952 5145 4953
f 4952 5144 5145
f 4953 5146 4954
f 4953 5145 5146
f 4954 5147 4955
f 4954 5146 5147
f 4955 5148 4956
f 4955 5147 5148
f 4956 5149 4957
f 4956 5148 5149
f 4957 5150 4958
f 4957 5149 5150
f 4958 5151 4959
f 4958 5150 5151
f 4959 5152 4960
f 4959 5151 5152
f 4960 5153 4961
f 4960 5152 5153
f 4961 5154 4962
f 4961 5153 5154
f 4962 5155 4963
f 4962 5154 5155
f 4963 5156 4964
f 4963 5155 5156
f 4964 5157 4965
f 4964 5156 5157
f 4965 5158 4966
f 4965 5157 5158
f 4966 5159 4967
f 4966 5158 5159
f 4967 5160 4968
f 4967 5159 5160
f 4968 5161 4969
f 4968 5160 5161
f 4969 5162 4970
f 4969 5161 5162
f 4970 5163 4971
f 4970 5162 5163
f 4971 5164 4972
f 4971 5163 5164
f 4972 5165 4973
f 4972 5164 5165
f 4973 5166 4974
f 4973 5165 5166
f 4974 5167 4975
f 4974 5166 5167
f 4975 5168 4976
f 4975 5167 5168
f 4976 5169 4977
f 4976 5168 5169
f 4977 5170 4978
f 4977 5169 5170
f 4978 5171 4979
f 4978 5170 5171
f 4979 5172 4980
f 4979 5171 5172
f 4980 5173 4981
f 4980 5172 5173
f 4981 5174 4982
f 4981 5173 5174
f 4982 5175 4983
f 4982 5174 5175
f 4983 5176 4984
f 4983 5175 5176
f 4984 5177 4985
f 4984 5176 5177
f 4985 5178 4986
f 4985 5177 5178
f 4986 5179 4987
f 4986 5178 5179
f 4987 5180 4988
f 4987 5179 5180
f 4988 5181 4989
f 4988 5180 5181
f 4989 5182 4990
f 4989 5181 5182
f 4990 5183 4991
f 4990 5182 5183
f 4991 5184 4992
f 4991 5183 5184
f 4992 5089 4897
f 4992 5184 5089
f 4993 4994 5186
f 4993 5186 5185
f 4994 4995 5187
f 4994 5187 5186
f 4995 4996 5188
f 4995 5188 5187
f 4996 4997 5189
f 4996 5189 5188
f 4997 4998 5190
f 4997 5190 5189
f 4998 4999 5191
f 4998 5191 5190
f 4999 5000 5192
f 4999 5192 5191
f 5000 5001 5193
f 5000 5193 5192
f 5001 5002 5194
f 5001 5194 5193
f 5002 5003 5195
f 5002 5195 5194
f 5003 5004 5196
f 5003 5196 5195
f 5004 5005 5197
f 5004 5197 5196
f 5005 5006 5198
f 5005 5198 5197
f 5006 5007 5199
f 5006 5199 5198
f 5007 5008 5200
f 5007 5200 5199
f 5008 5009 5201
f 5008 5201 5200
f 5009 5010 5202
f 5009 5202 5201
f 5010 5011 5203
f 5010 5203 5202
f 5011 5012 5204
f 5011 5204 5203
f 5012 5013 5205
f 5012 5205 5204
f 5013 5014 5206
f 5013 5206 5205
f 5014 5015 5207
f 5014 5207 5206
f 5015 5016 5208
f 5015 5208 5207
f 5016 5017 5209
f 5016 5209 5208
f 5017 5018 5210
f 5017 5210 5209
f 5018 5019 5211
f 5018 5211 5210
f 5019 5020 5212
f 5019 5212 5211
f 5020 5021 5213
f 5020 5213 5212
f 5021 5022 5214
f 5021 5214 5213
f 5022 5023 5215
f 5022 5215 5214
f 5023 5024 5216
f 5023 5216 5215
f 5024 5025 5217
f 5024 5217 5216
f 5025 5026 5218
f 5025 5218 5217
f 5026 5027 5219
f 5026 5219 5218
f 5027 5028 5220
f 5027 5220 5219
f 5028 5029 5221
f 5028 5221 5220
f 5029 5030 5222
f 5029 5222 5221
f 5030 5031 5223
f 5030 5223 5222
f 5031 5032 5224
f 5031 5224 5223
f 5032 5033 5225
f 5032 5225 5224
f 5033 5034 5226
f 5033 5226 5225
f 5034 5035 5227
f 5034 5227 5226
f 5035 5036 5228
f 5035 5228 5227
f 5036 5037 5229
f 5036 5229 5228
f 5037 5038 5230
f 5037 5230 5229
f 5038 5039 5231
f 5038 5231 5230
f 5039 5040 5232
f 5039 5232 5231
f 5040 5041 5233
f 5040 5233 5232
f 5041 5042 5234
f 5041 5234 5233
f 5042 5043 5235
f 5042 5235 5234
f 5043 5044 5236
f 5043 5236 5235
f 5044 5045 5237
f 5044 5237 5236
f 5045 5046 5238
f 5045 5238 5237
f 5046 5047 5239
f 5046 5239 5238
f 5047 5048 5240
f 5047 5240 5239
f 5048 5049 5241
f 5048 5241 5240
f 5049 5050 5242
f 5049 5242 5241
f 5050 5051 5243
f 5050 5243 5242
f 5051 5052 5244
f 5051 5244 5243
f 5052 5053 5245
f 5052 5245 5244
f 5053 5054 5246
f 5053 5246 5245
f 5054 5055 5247
f 5054 5247 5246
f 5055 5056 5248
f 5055 5248 5247
f 5056 5057 5249
f 5056 5249 5248
f 5057 5058 5250
f 5057 5250 5249
f 5058 5059 5251
f 5058 5251 5250
f 5059 5060 5252
f 5059 5252 5251
f 5060 5061 5253
f 5060 5253 5252
f 5061 5062 5254
f 5061 5254 5253
f 5062 5063 5255
f 5062 5255 5254
f 5063 5064 5256
f 5063 5256 5255
f 5064 5065 5257
f 5064 5257 5256
f 5065 5066 5258
f 5065 5258 5257
f 5066 5067 5259
f 5066 5259 5258
f 5067 5068 5260
f 5067 5260 5259
f 5068 5069 5261
f 5068 5261 5260
f 5069 5070 5262
f 5069 5262 5261
f 5070 5071 5263
f 5070 5263 5262
f 5071 5072 5264
f 5071 5264 5263
f 5072 5073 5265
f 5072 5265 5264
f 5073 5074 5266
f 5073 5266 5265
f 5074 5075 5267
f 5074 5267 5266
f 5075 5076 5268
f 5075 5268 5267
f 5076 5077 5269
f 5076 5269 5268
f 5077 5078 5270
f 5077 5270 5269
f 5078 5079 5271
f 5078 5271 5270
f 5079 5080 5272
f 5079 5272 5271
f 5080 5081 5273
f 5080 5273 5272
f 5081 5082 5274
f 5081 5274 5273
f 5082 5083 5275
f 5082 5275 5274
f 5083 5084 5276
f 5083 5276 5275
f 5084 5085 5277
f 5084 5277 5276
f 5085 5086 5278
f 5085 5278 5277
f 5086 5087 5279
f 5086 5279 5278
f 5087 5088 5280
f 5087 5280 5279
f 5088 4993 5185
f 5088 5185 5280
f 5089 5282 5090
f 5089 5281 5282
f 5090 5283 5091
f 5090 5282 5283
f 5091 5284 5092
f 5091 5283 5284
f 5092 5285 5093
f 5092 5284 5285
f 5093 5286 5094
f 5093 5285 5286
f 5094 5287 5095
f 5094 5286 5287
f 5095 5288 5096
f 5095 5287 5288
f 5096 5289 5097
f 5096 5288 5289
f 5097 5290 5098
f 5097 5289 5290
f 5098 5291 5099
f 5098 5290 5291
f 5099 5292 5100
f 5099 5291 5292
f 5100 5293 5101
f 5100 5292 5293
f 5101 5294 5102
f 5101 5293 5294
f 5102 5295 5103
f 5102 5294 5295
f 5103 5296 5104
f 5103 5295 5296
f 5104 5297 5105
f 5104 5296 5297
f 5105 5298 5106
f 5105 5297 5298
f 5106 5299 5107
f 5106 5298 5299
f 5107 5300 5108
f 5107 5299 5300
f 5108 5301 5109
f 5108 5300 5301
f 5109 5302 5110
f 5109 5301 5302
f 5110 5303 5111
f 5110 5302 5303
f 5111 5304 5112
f 5111 5303 5304
f 5112 5305 5113
f 5112 5304 5305
f 5113 5306 5114
f 5113 5305 5306
f 5114 5307 5115
f 5114 5306 5307
f 5115 5308 5116
f 5115 5307 5308
f 5116 5309 5117
f 5116 5308 5309
f 5117 5310 5118
f 5117 5309 5310
f 5118 5311 5119
f 5118 5310 5311
f 5119 5312 5120
f 5119 5311 5312
f 5120 5313 5121
f 5120 5312 5313
f 5121 5314 5122
f 5121 5313 5314
f 5122 5315 5123
f 5122 5314 5315
f 5123 5316 5124
f 5123 5315 5316
f 5124 5317 5125
f 5124 5316 5317
f 5125 5318 5126
f 5125 5317 5318
f 5126 5319 5127
f 5126 5318 5319
f 5127 5320 5128
f 5127 5319 5320
f 5128 5321 5129
f 5128 5320 5321
f 5129 5322 5130
f 5129 5321 5322
f 5130 5323 5131
f 5130 5322 5323
f 5131 5324 5132
f 5131 5323 5324
f 5132 5325 5133
f 5132 5324 5325
f 5133 5326 5134
f 5133 5325 5326
f 5134 5327 5135
f 5134 5326 5327
f 5135 5328 5136
f 5135 5327 5328
f 5136 5329 5137
f 5136 5328 5329
f 5137 5330 5138
f 5137 5329 5330
f 5138 5331 5139
f 5138 5330 5331
f 5139 5332 5140
f 5139 5331 5332
f 5140 5333 5141
f 5140 5332 5333
f 5141 5334 5142
f 5141 5333 5334
f 5142 5335 5143
f 5142 5334 5335
f 5143 5336 5144
f 5143 5335 5336
f 5144 5337 5145
f 5144 5336 5337
f 5145 5338 5146
f 5145 5337 5338
f 5146 5339 5147
f 5146 5338 5339
f 5147 5340 5148
f 5147 5339 5340
f 5148 5341 5149
f 5148 5340 5341
f 5149 5342 5150
f 5149 5341 5342
f 5150 5343 5151
f 5150 5342 5343
f 5151 5344 5152
f 5151 5343 5344
f 5152 5345 5153
f 5152 5344 5345
f 5153 5346 5154
f 5153 5345 5346
f 5154 5347 5155
f 5154 5346 5347
f 5155 5348 5156
f 5155 5347 5348
f 5156 5349 5157
f 5156 5348 5349
f 5157 5350 5158
f 5157 5349 5350
f 5158 5351 5159
f 5158 5350 5351
f 5159 5352 5160
f 5159 5351 5352
f 5160 5353 5161
f 5160 5352 5353
f 5161 5354 5162
f 5161 5353 5354
f 5162 5355 5163
f 5162 5354 5355
f 5163 5356 5164
f 5163 5355 5356
f 5164 5357 5165
f 5164 5356 5357
f 5165 5358 5166
f 5165 5357 5358
f 5166 5359 5167
f 5166 5358 5359
f 5167 5360 5168
f 5167 5359 5360
f 5168 5361 5169
f 5168 5360 5361
f 5169 5362 5170
f 5169 5361 5362
f 5170 5363 5171
f 5170 5362 5363
f 5171 5364 5172
f 5171 5363 5364
f 5172 5365 5173
f 5172 5364 5365
f 5173 5366 5174
f 5173 5365 5366
f 5174 5367 5175
f 5174 5366 5367
f 5175 5368 5176
f 5175 5367 5368
f 5176 5369 5177
f 5176 5368 5369
f 5177 5370 5178
f 5177 5369 5370
f 5178 5371 5179
f 5178 5370 5371
f 5179 5372 5180
f 5179 5371 5372
f 5180 5373 5181
f 5180 5372 5373
f 5181 5374 5182
f 5181 5373 5374
f 5182 5375 5183
f 5182 5374 5375
f 5183 5376 5184
f 5183 5375 5376
f 5184 5281 5089
f 5184 5376 5281
f 5185 5186 5378
f 5185 5378 5377
f 5186 5187 5379
f 5186 5379 5378
f 5187 5188 5380
f 5187 5380 5379
f 5188 5189 5381
f 5188 5381 5380
f 5189 5190 5382
f 5189 5382 5381
f 5190 5191 5383
f 5190 5383 5382
f 5191 5192 5384
f 5191 5384 5383
f 5192 5193 5385
f 5192 5385 5384
f 5193 5194 5386
f 5193 5386 5385
f 5194 5195 5387
f 5194 5387 5386
f 5195 5196 5388
f 5195 5388 5387
f 5196 5197 5389
f 5196 5389 5388
f 5197 5198 5390
f 5197 5390 5389
f 5198 5199 5391
f 5198 5391 5390
f 5199 5200 5392
f 5199 5392 5391
f 5200 5201 5393
f 5200 5393 5392
f 5201 5202 5394
f 5201 5394 5393
f 5202 5203 5395
f 5202 5395 5394
f 5203 5204 5396
f 5203 5396 5395
f 5204 5205 5397
f 5204 5397 5396
f 5205 5206 5398
f 5205 5398 5397
f 5206 5207 5399
f 5206 5399 5398
f 5207 5208 5400
f 5207 5400 5399
f 5208 5209 5401
f 5208 5401 5400
f 5209 5210 5402
f 5209 5402 5401
f 5210 5211 5403
f 5210 5403 5402
f 5211 5212 5404
f 5211 5404 5403
f 5212 5213 5405
f 5212 5405 5404
f 5213 5214 5406
f 5213 5406 5405
f 5214 5215 5407
f 5214 5407 5406
f 5215 5216 5408
f 5215 5408 5407
f 5216 5217 5409
f 5216 5409 5408
f 5217 5218 5410
f 5217 5410 5409
f 5218 5219 5411
f 5218 5411 5410
f 5219 5220 5412
f 5219 5412 5411
f 5220 5221 5413
f 5220 5413 5412
f 5221 5222 5414
f 5221 5414 5413
f 5222 5223 5415
f 5222 5415 5414
f 5223 5224 5416
f 5223 5416 5415
f 5224 5225 5417
f 5224 5417 5416
f 5225 5226 5418
f 5225 5418 5417
f 5226 5227 5419
f 5226 5419 5418
f 5227 5228 5420
f 5227 5420 5419
f 5228 5229 5421
f 5228 5421 5420
f 5229 5230 5422
f 5229 5422 5421
f 5230 5231 5423
f 5230 5423 5422
f 5231 5232 5424
f 5231 5424 5423
f 5232 5233 5425
f 5232 5425 5424
f 5233 5234 5426
f 5233 5426 5425
f 5234 5235 5427
f 5234 5427 5426
f 5235 5236 5428
f 5235 5428 5427
f 5236 5237 5429
f 5236 5429 5428
f 5237 5238 5430
f 5237 5430 5429
f 5238 5239 5431
f 5238 5431 5430
f 5239 5240 5432
f 5239 5432 5431
f 5240 5241 5433
f 5240 5433 5432
f 5241 5242 5434
f 5241 5434 5433
f 5242 5243 5435
f 5242 5435 5434
f 5243 5244 5436
f 5243 5436 5435
f 5244 5245 5437
f 5244 5437 5436
f 5245 5246 5438
f 5245 5438 5437
f 5246 5247 5439
f 5246 5439 5438
f 5247 5248 5440
f 5247 5440 5439
f 5248 5249 5441
f 5248 5441 5440
f 5249 5250 5442
f 5249 5442 5441
f 5250 5251 5443
f 5250 5443 5442
f 5251 5252 5444
f 5251 5444 5443
f 5252 5253 5445
f 5252 5445 5444
f 5253 5254 5446
f 5253 5446 5445
f 5254 5255 5447
f 5254 5447 5446
f 5255 5256 5448
f 5255 5448 5447
f 5256 5257 5449
f 5256 5449 5448
f 5257 5258 5450
f 5257 5450 5449
f 5258 5259 5451
f 5258 5451 5450
f 5259 5260 5452
f 5259 5452 5451
f 5260 5261 5453
f 5260 5453 5452
f 5261 5262 5454
f 5261 5454 5453
f 5262 5263 5455
f 5262 5455 5454
f 5263 5264 5456
f 5263 5456 5455
f 5264 5265 5457
f 5264 5457 5456
f 5265 5266 5458
f 5265 5458 5457
f 5266 5267 5459
f 5266 5459 5458
f 5267 5268 5460
f 5267 5460 5459
f 5268 5269 5461
f 5268 5461 5460
f 5269 5270 5462
f 5269 5462 5461
f 5270 5271 5463
f 5270 5463 5462
f 5271 5272 5464
f 5271 5464 5463
f 5272 5273 5465
f 5272 5465 5464
f 5273 5274 5466
f 5273 5466 5465
f 5274 5275 5467
f 5274 5467 5466
f 5275 5276 5468
f 5275 5468 5467
f 5276 5277 5469
f 5276 5469 5468
f 5277 5278 5470
f 5277 5470 5469
f 5278 5279 5471
f 5278 5471 5470
f 5279 5280 5472
f 5279 5472 5471
f 5280 5185 5377
f 5280 5377 5472
f 5281 5474 5282
f 5281 5473 5474
f 5282 5475 5283
f 5282 5474 5475
f 5283 5476 5284
f 5283 5475 5476
f 5284 5477 5285
f 5284 5476 5477
f 5285 5478 5286
f 5285 5477 5478
f 5286 5479 5287
f 5286 5478 5479
f 5287 5480 5288
f 5287 5479 5480
f 5288 5481 5289
f 5288 5480 5481
f 5289 5482 5290
f 5289 5481 5482
f 5290 5483 5291
f 5290 5482 5483
f 5291 5484 5292
f 5291 5483 5484
f 5292 5485 5293
f 5292 5484 5485
f 5293 5486 5294
f 5293 5485 5486
f 5294 5487 5295
f 5294 5486 5487
f 5295 5488 5296
f 5295 5487 5488
f 5296 5489 5297
f 5296 5488 5489
f 5297 5490 5298
f 5297 5489 5490
f 5298 5491 5299
f 5298 5490 5491
f 5299 5492 5300
f 5299 5491 5492
f 5300 5493 5301
f 5300 5492 5493
f 5301 5494 5302
f 5301 5493 5494
f 5302 5495 5303
f 5302 5494 5495
f 5303 5496 5304
f 5303 5495 5496
f 5304 5497 5305
f 5304 5496 5497
f 5305 5498 5306
f 5305 5497 5498
f 5306 5499 5307
f 5306 5498 5499
f 5307 5500 5308
f 5307 5499 5500
f 5308 5501 5309
f 5308 5500 5501
f 5309 5502 5310
f 5309 5501 5502
f 5310 5503 5311
f 5310 5502 5503
f 5311 5504 5312
f 5311 5503 5504
f 5312 5505 5313
f 5312 5504 5505
f 5313 5506 5314
f 5313 5505 5506
f 5314 5507 5315
f 5314 5506 5507
f 5315 5508 5316
f 5315 5507 5508
f 5316 5509 5317
f 5316 5508 5509
f 5317 5510 5318
f 5317 5509 5510
f 5318 5511 5319
f 5318 5510 5511
f 5319 5512 5320
f 5319 5511 5512
f 5320 5513 5321
f 5320 5512 5513
f 5321 5514 5322
f 5321 5513 5514
f 5322 5515 5323
f 5322 5514 5515
f 5323 5516 5324
f 5323 5515 5516
f 5324 5517 5325
f 5324 5516 5517
f 5325 5518 5326
f 5325 5517 5518
f 5326 5519 5327
f 5326 5518 5519
f 5327 5520 5328
f 5327 5519 5520
f 5328 5521 5329
f 5328 5520 5521
f 5329 5522 5330
f 5329 5521 5522
f 5330 5523 5331
f 5330 5522 5523
f 5331 5524 5332
f 5331 5523 5524
f 5332 5525 5333
f 5332 5524 5525
f 5333 5526 5334
f 5333 5525 5526
f 5334 5527 5335
f 5334 5526 5527
f 5335 5528 5336
f 5335 5527 5528
f 5336 5529 5337
f 5336 5528 5529
f 5337 5530 5338
f 5337 5529 5530
f 5338 5531 5339
f 5338 5530 5531
f 5339 5532 5340
f 5339 5531 5532
f 5340 5533 5341
f 5340 5532 5533
f 5341 5534 5342
f 5341 5533 5534
f 5342 5535 5343
f 5342 5534 5535
f 5343 5536 5344
f 5343 5535 5536
f 5344 5537 5345
f 5344 5536 5537
f 5345 5538 5346
f 5345 5537 5538
f 5346 5539 5347
f 5346 5538 5539
f 5347 5540 5348
f 5347 5539 5540
f 5348 5541 5349
f 5348 5540 5541
f 5349 5542 5350
f 5349 5541 5542
f 5350 5543 5351
f 5350 5542 5543
f 5351 5544 5352
f 5351 5543 5544
f 5352 5545 5353
f 5352 5544 5545
f 5353 5546 5354
f 5353 5545 5546
f 5354 5547 5355
f 5354 5546 5547
f 5355 5548 5356
f 5355 5547 5548
f 5356 5549 5357
f 5356 5548 5549
f 5357 5550 5358
f 5357 5549 5550
f 5358 5551 5359
f 5358 5550 5551
f 5359 5552 5360
f 5359 5551 5552
f 5360 5553 5361
f 5360 5552 5553
f 5361 5554 5362
f 5361 5553 5554
f 5362 5555 5363
f 5362 5554 5555
f 5363 5556 5364
f 5363 5555 5556
f 5364 5557 5365
f 5364 5556 5557
f 5365 5558 5366
f 5365 5557 5558
f 5366 5559 5367
f 5366 5558 5559
f 5367 5560 5368
f 5367 5559 5560
f 5368 5561 5369
f 5368 5560 5561
f 5369 5562 5370
f 5369 5561 5562
f 5370 5563 5371
f 5370 5562 5563
f 5371 5564 5372
f 5371 5563 5564
f 5372 5565 5373
f 5372 5564 5565
f 5373 5566 5374
f 5373 5565 5566
f 5374 5567 5375
f 5374 5566 5567
f 5375 5568 5376
f 5375 5567 5568
f 5376 5473 5281
f 5376 5568 5473
f 5377 5378 5570
f 5377 5570 5569
f 5378 5379 5571
f 5378 5571 5570
f 5379 5380 5572
f 5379 5572 5571
f 5380 5381 5573
f 5380 5573 5572
f 5381 5382 5574
f 5381 5574 5573
f 5382 5383 5575
f 5382 5575 5574
f 5383 5384 5576
f 5383 5576 5575
f 5384 5385 5577
f 5384 5577 5576
f 5385 5386 5578
f 5385 5578 5577
f 5386 5387 5579
f 5386 5579 5578
f 5387 5388 5580
f 5387 5580 5579
f 5388 5389 5581
f 5388 5581 5580
f 5389 5390 5582
f 5389 5582 5581
f 5390 5391 5583
f 5390 5583 5582
f 5391 5392 5584
f 5391 5584 5583
f 5392 5393 5585
f 5392 5585 5584
f 5393 5394 5586
f 5393 5586 5585
f 5394 5395 5587
f 5394 5587 5586
f 5395 5396 5588
f 5395 5588 5587
f 5396 5397 5589
f 5396 5589 5588
f 5397 5398 5590
f 5397 5590 5589
f 5398 5399 5591
f 5398 5591 5590
f 5399 5400 5592
f 5399 5592 5591
f 5400 5401 5593
f 5400 5593 5592
f 5401 5402 5594
f 5401 5594 5593
f 5402 5403 5595
f 5402 5595 5594
f 5403 5404 5596
f 5403 5596 5595
f 5404 5405 5597
f 5404 5597 5596
f 5405 5406 5598
f 5405 5598 5597
f 5406 5407 5599
f 5406 5599 5598
f 5407 5408 5600
f 5407 5600 5599
f 5408 5409 5601
f 5408 5601 5600
f 5409 5410 5602
f 5409 5602 5601
f 5410 5411 5603
f 5410 5603 5602
f 5411 5412 5604
f 5411 5604 5603
f 5412 5413 5605
f 5412 5605 5604
f 5413 5414 5606
f 5413 5606 5605
f 5414 5415 5607
f 5414 5607 5606
f 5415 5416 5608
f 5415 5608 5607
f 5416 5417 5609
f 5416 5609 5608
f 5417 5418 5610
f 5417 5610 5609
f 5418 5419 5611
f 5418 5611 5610
f 5419 5420 5612
f 5419 5612 5611
f 5420 5421 5613
f 5420 5613 5612
f 5421 5422 5614
f 5421 5614 5613
f 5422 5423 5615
f 5422 5615 5614
f 5423 5424 5616
f 5423 5616 5615
f 5424 5425 5617
f 5424 5617 5616
f 5425 5426 5618
f 5425 5618 5617
f 5426 5427 5619
f 5426 5619 5618
f 5427 5428 5620
f 5427 5620 5619
f 5428 5429 5621
f 5428 5621 5620
f 5429 5430 5622
f 5429 5622 5621
f 5430 5431 5623
f 5430 5623 5622
f 5431 5432 5624
f 5431 5624 5623
f 5432 5433 5625
f 5432 5625 5624
f 5433 5434 5626
f 5433 5626 5625
f 5434 5435 5627
f 5434 5627 5626
f 5435 5436 5628
f 5435 5628 5627
f 5436 5437 5629
f 5436 5629 5628
f 5437 5438 5630
f 5437 5630 5629
f 5438 5439 5631
f 5438 5631 5630
f 5439 5440 5632
f 5439 5632 5631
f 5440 5441 5633
f 5440 5633 5632
f 5441 5442 5634
f 5441 5634 5633
f 5442 5443 5635
f 5442 5635 5634
f 5443 5444 5636
f 5443 5636 5635
f 5444 5445 5637
f 5444 5637 5636
f 5445 5446 5638
f 5445 5638 5637
f 5446 5447 5639
f 5446 5639 5638
f 5447 5448 5640
f 5447 5640 5639
f 5448 5449 5641
f 5448 5641 5640
f 5449 5450 5642
f 5449 5642 5641
f 5450 5451 5643
f 5450 5643 5642
f 5451 5452 5644
f 5451 5644 5643
f 5452 5453 5645
f 5452 5645 5644
f 5453 5454 5646
f 5453 5646 5645
f 5454 5455 5647
f 5454 5647 5646
f 5455 5456 5648
f 5455 5648 5647
f 5456 5457 5649
f 5456 5649 5648
f 5457 5458 5650
f 5457 5650 5649
f 5458 5459 5651
f 5458 5651 5650
f 5459 5460 5652
f 5459 5652 5651
f 5460 5461 5653
f 5460 5653 5652
f 5461 5462 5654
f 5461 5654 5653
f 5462 5463 5655
f 5462 5655 5654
f 5463 5464 5656
f 5463 5656 5655
f 5464 5465 5657
f 5464 5657 5656
f 5465 5466 5658
f 5465 5658 5657
f 5466 5467 5659
f 5466 5659 5658
f 5467 5468 5660
f 5467 5660 5659
f 5468 5469 5661
f 5468 5661 5660
f 5469 5470 5662
f 5469 5662 5661
f 5470 5471 5663
f 5470 5663 5662
f 5471 5472 5664
f 5471 5664 5663
f 5472 5377 5569
f 5472 5569 5664
f 5473 5666 5474
f 5473 5665 5666
f 5474 5667 5475
f 5474 5666 5667
f 5475 5668 5476
f 5475 5667 5668
f 5476 5669 5477
f 5476 5668 5669
f 5477 5670 5478
f 5477 5669 5670
f 5478 5671 5479
f 5478 5670 5671
f 5479 5672 5480
f 5479 5671 5672
f 5480 5673 5481
f 5480 5672 5673
f 5481 5674 5482
f 5481 5673 5674
f 5482 5675 5483
f 5482 5674 5675
f 5483 5676 5484
f 5483 5675 5676
f 5484 5677 5485
f 5484 5676 5677
f 5485 5678 5486
f 5485 5677 5678
f 5486 5679 5487
f 5486 5678 5679
f 5487 5680 5488
f 5487 5679 5680
f 5488 5681 5489
f 5488 5680 5681
f 5489 5682 5490
f 5489 5681 5682
f 5490 5683 5491
f 5490 5682 5683
f 5491 5684 5492
f 5491 5683 5684
f 5492 5685 5493
f 5492 5684 5685
f 5493 5686 5494
f 5493 5685 5686
f 5494 5687 5495
f 5494 5686 5687
f 5495 5688 5496
f 5495 5687 5688
f 5496 5689 5497
f 5496 5688 5689
f 5497 5690 5498
f 5497 5689 5690
f 5498 5691 5499
f 5498 5690 5691
f 5499 5692 5500
f 5499 5691 5692
f 5500 5693 5501
f 5500 5692 5693
f 5501 5694 5502
f 5501 5693 5694
f 5502 5695 5503
f 5502 5694 5695
f 5503 5696 5504
f 5503 5695 5696
f 5504 5697 5505
f 5504 5696 5697
f 5505 5698 5506
f 5505 5697 5698
f 5506 5699 5507
f 5506 5698 5699
f 5507 5700 5508
f 5507 5699 5700
f 5508 5701 5509
f 5508 5700 5701
f 5509 5702 5510
f 5509 5701 5702
f 5510 5703 5511
f 5510 5702 5703
f 5511 5704 5512
f 5511 5703 5704
f 5512 5705 5513
f 5512 5704 5705
f 5513 5706 5514
f 5513 5705 5706
f 5514 5707 5515
f 5514 5706 5707
f 5515 5708 5516
f 5515 5707 5708
f 5516 5709 5517
f 5516 5708 5709
f 5517 5710 5518
f 5517 5709 5710
f 5518 5711 5519
f 5518 5710 5711
f 5519 5712 5520
f 5519 5711 5712
f 5520 5713 5521
f 5520 5712 5713
f 5521 5714 5522
f 5521 5713 5714
f 5522 5715 5523
f 5522 5714 5715
f 5523 5716 5524
f 5523 5715 5716
f 5524 5717 5525
f 5524 5716 5717
f 5525 5718 5526
f 5525 5717 5718
f 5526 5719 5527
f 5526 5718 5719
f 5527 5720 5528
f 5527 5719 5720
f 5528 5721 5529
f 5528 5720 5721
f 5529 5722 5530
f 5529 5721 5722
f 5530 5723 5531
f 5530 5722 5723
f 5531 5724 5532
f 5531 5723 5724
f 5532 5725 5533
f 5532 5724 5725
f 5533 5726 5534
f 5533 5725 5726
f 5534 5727 5535
f 5534 5726 5727
f 5535 5728 5536
f 5535 5727 5728
f 5536 5729 5537
f 5536 5728 5729
f 5537 5730 5538
f 5537 5729 5730
f 5538 5731 5539
f 5538 5730 5731
f 5539 5732 5540
f 5539 5731 5732
f 5540 5733 5541
f 5540 5732 5733
f 5541 5734 5542
f 5541 5733 5734
f 5542 5735 5543
f 5542 5734 5735
f 5543 5736 5544
f 5543 5735 5736
f 5544 5737 5545
f 5544 5736 5737
f 5545 5738 5546
f 5545 5737 5738
f 5546 5739 5547
f 5546 5738 5739
f 5547 5740 5548
f 5547 5739 5740
f 5548 5741 5549
f 5548 5740 5741
f 5549 5742 5550
f 5549 5741 5742
f 5550 5743 5551
f 5550 5742 5743
f 5551 5744 5552
f 5551 5743 5744
f 5552 5745 5553
f 5552 5744 5745
f 5553 5746 5554
f 5553 5745 5746
f 5554 5747 5555
f 5554 5746 5747
f 5555 5748 5556
f 5555 5747 5748
f 5556 5749 5557
f 5556 5748 5749
f 5557 5750 5558
f 5557 5749 5750
f 5558 5751 5559
f 5558 5750 5751
f 5559 5752 5560
f 5559 5751 5752
f 5560 5753 5561
f 5560 5752 5753
f 5561 5754 5562
f 5561 5753 5754
f 5562 5755 5563
f 5562 5754 5755
f 5563 5756 5564
f 5563 5755 5756
f 5564 5757 5565
f 5564 5756 5757
f 5565 5758 5566
f 5565 5757 5758
f 5566 5759 5567
f 5566 5758 5759
f 5567 5760 5568
f 5567 5759 5760
f 5568 5665 5473
f 5568 5760 5665
f 5569 5570 5762
f 5569 5762 5761
f 5570 5571 5763
f 5570 5763 5762
f 5571 5572 5764
f 5571 5764 5763
f 5572 5573 5765
f 5572 5765 5764
f 5573 5574 5766
f 5573 5766 5765
f 5574 5575 5767
f 5574 5767 5766
f 5575 5576 5768
f 5575 5768 5767
f 5576 5577 5769
f 5576 5769 5768
f 5577 5578 5770
f 5577 5770 5769
f 5578 5579 5771
f 5578 5771 5770
f 5579 5580 5772
f 5579 5772 5771
f 5580 5581 5773
f 5580 5773 5772
f 5581 5582 5774
f 5581 5774 5773
f 5582 5583 5775
f 5582 5775 5774
f 5583 5584 5776
f 5583 5776 5775
f 5584 5585 5777
f 5584 5777 5776
f 5585 5586 5778
f 5585 5778 5777
f 5586 5587 5779
f 5586 5779 5778
f 5587 5588 5780
f 5587 5780 5779
f 5588 5589 5781
f 5588 5781 5780
f 5589 5590 5782
f 5589 5782 5781
f 5590 5591 5783
f 5590 5783 5782
f 5591 5592 5784
f 5591 5784 5783
f 5592 5593 5785
f 5592 5785 5784
f 5593 5594 5786
f 5593 5786 5785
f 5594 5595 5787
f 5594 5787 5786
f 5595 5596 5788
f 5595 5788 5787
f 5596 5597 5789
f 5596 5789 5788
f 5597 5598 5790
f 5597 5790 5789
f 5598 5599 5791
f 5598 5791 5790
f 5599 5600 5792
f 5599 5792 5791
f 5600 5601 5793
f 5600 5793 5792
f 5601 5602 5794
f 5601 5794 5793
f 5602 5603 5795
f 5602 5795 5794
f 5603 5604 5796
f 5603 5796 5795
f 5604 5605 5797
f 5604 5797 5796
f 5605 5606 5798
f 5605 5798 5797
f 5606 5607 5799
f 5606 5799 5798
f 5607 5608 5800
f 5607 5800 5799
f 5608 5609 5801
f 5608 5801 5800
f 5609 5610 5802
f 5609 5802 5801
f 5610 5611 5803
f 5610 5803 5802
f 5611 5612 5804
f 5611 5804 5803
f 5612 5613 5805
f 5612 5805 5804
f 5613 5614 5806
f 5613 5806 5805
f 5614 5615 5807
f 5614 5807 5806
f 5615 5616 5808
f 5615 5808 5807
f 5616 5617 5809
f 5616 5809 5808
f 5617 5618 5810
f 5617 5810 5809
f 5618 5619 5811
f 5618 5811 5810
f 5619 5620 5812
f 5619 5812 5811
f 5620 5621 5813
f 5620 5813 5812
f 5621 5622 5814
f 5621 5814 5813
f 5622 5623 5815
f 5622 5815 5814
f 5623 5624 5816
f 5623 5816 5815
f 5624 5625 5817
f 5624 5817 5816
f 5625 5626 5818
f 5625 5818 5817
f 5626 5627 5819
f 5626 5819 5818
f 5627 5628 5820
f 5627 5820 5819
f 5628 5629 5821
f 5628 5821 5820
f 5629 5630 5822
f 5629 5822 5821
f 5630 5631 5823
f 5630 5823 5822
f 5631 5632 5824
f 5631 5824 5823
f 5632 5633 5825
f 5632 5825 5824
f 5633 5634 5826
f 5633 5826 5825
f 5634 5635 5827
f 5634 5827 5826
f 5635 5636 5828
f 5635 5828 5827
f 5636 5637 5829
f 5636 5829 5828
f 5637 5638 5830
f 5637 5830 5829
f 5638 5639 5831
f 5638 5831 5830
f 5639 5640 5832
f 5639 5832 5831
f 5640 5641 5833
f 5640 5833 5832
f 5641 5642 5834
f 5641 5834 5833
f 5642 5643 5835
f 5642 5835 5834
f 5643 5644 5836
f 5643 5836 5835
f 5644 5645 5837
f 5644 5837 5836
f 5645 5646 5838
f 5645 5838 5837
f 5646 5647 5839
f 5646 5839 5838
f 5647 5648 5840
f 5647 5840 5839
f 5648 5649 5841
f 5648 5841 5840
f 5649 5650 5842
f 5649 5842 5841
f 5650 5651 5843
f 5650 5843 5842
f 5651 5652 5844
f 5651 5844 5843
f 5652 5653 5845
f 5652 5845 5844
f 5653 5654 5846
f 5653 5846 5845
f 5654 5655 5847
f 5654 5847 5846
f 5655 5656 5848
f 5655 5848 5847
f 5656 5657 5849
f 5656 5849 5848
f 5657 5658 5850
f 5657 5850 5849
f 5658 5659 5851
f 5658 5851 5850
f 5659 5660 5852
f 5659 5852 5851
f 5660 5661 5853
f 5660 5853 5852
f 5661 5662 5854
f 5661 5854 5853
f 5662 5663 5855
f 5662 5855 5854
f 5663 5664 5856
f 5663 5856 5855
f 5664 5569 5761
f 5664 5761 5856
f 5665 5858 5666
f 5665 5857 5858
f 5666 5859 5667
f 5666 5858 5859
f 5667 5860 5668
f 5667 5859 5860
f 5668 5861 5669
f 5668 5860 5861
f 5669 5862 5670
f 5669 5861 5862
f 5670 5863 5671
f 5670 5862 5863
f 5671 5864 5672
f 5671 5863 5864
f 5672 5865 5673
f 5672 5864 5865
f 5673 5866 5674
f 5673 5865 5866
f 5674 5867 5675
f 5674 5866 5867
f 5675 5868 5676
f 5675 5867 5868
f 5676 5869 5677
f 5676 5868 5869
f 5677 5870 5678
f 5677 5869 5870
f 5678 5871 5679
f 5678 5870 5871
f 5679 5872 5680
f 5679 5871 5872
f 5680 5873 5681
f 5680 5872 5873
f 5681 5874 5682
f 5681 5873 5874
f 5682 5875 5683
f 5682 5874 5875
f 5683 5876 5684
f 5683 5875 5876
f 5684 5877 5685
f 5684 5876 5877
f 5685 5878 5686
f 5685 5877 5878
f 5686 5879 5687
f 5686 5878 5879
f 5687 5880 5688
f 5687 5879 5880
f 5688 5881 5689
f 5688 5880 5881
f 5689 5882 5690
f 5689 5881 5882
f 5690 5883 5691
f 5690 5882 5883
f 5691 5884 5692
f 5691 5883 5884
f 5692 5885 5693
f 5692 5884 5885
f 5693 5886 5694
f 5693 5885 5886
f 5694 5887 5695
f 5694 5886 5887
f 5695 5888 5696
f 5695 5887 5888
f 5696 5889 5697
f 5696 5888 5889
f 5697 5890 5698
f 5697 5889 5890
f 5698 5891 5699
f 5698 5890 5891
f 5699 5892 5700
f 5699 5891 5892
f 5700 5893 5701
f 5700 5892 5893
f 5701 5894 5702
f 5701 5893 5894
f 5702 5895 5703
f 5702 5894 5895
f 5703 5896 5704
f 5703 5895 5896
f 5704 5897 5705
f 5704 5896 5897
f 5705 5898 5706
f 5705 5897 5898
f 5706 5899 5707
f 5706 5898 5899
f 5707 5900 5708
f 5707 5899 5900
f 5708 5901 5709
f 5708 5900 5901
f 5709 5902 5710
f 5709 5901 5902
f 5710 5903 5711
f 5710 5902 5903
f 5711 5904 5712
f 5711 5903 5904
f 5712 5905 5713
f 5712 5904 5905
f 5713 5906 5714
f 5713 5905 5906
f 5714 5907 5715
f 5714 5906 5907
f 5715 5908 5716
f 5715 5907 5908
f 5716 5909 5717
f 5716 5908 5909
f 5717 5910 5718
f 5717 5909 5910
f 5718 5911 5719
f 5718 5910 5911
f 5719 5912 5720
f 5719 5911 5912
f 5720 5913 5721
f 5720 5912 5913
f 5721 5914 5722
f 5721 5913 5914
f 5722 5915 5723
f 5722 5914 5915
f 5723 5916 5724
f 5723 5915 5916
f 5724 5917 5725
f 5724 5916 5917
f 5725 5918 5726
f 5725 5917 5918
f 5726 5919 5727
f 5726 5918 5919
f 5727 5920 5728
f 5727 5919 5920
f 5728 5921 5729
f 5728 5920 5921
f 5729 5922 5730
f 5729 5921 5922
f 5730 5923 5731
f 5730 5922 5923
f 5731 5924 5732
f 5731 5923 5924
f 5732 5925 5733
f 5732 5924 5925
f 5733 5926 5734
f 5733 5925 5926
f 5734 5927 5735
f 5734 5926 5927
f 5735 5928 5736
f 5735 5927 5928
f 5736 5929 5737
f 5736 5928 5929
f 5737 5930 5738
f 5737 5929 5930
f 5738 5931 5739
f 5738 5930 5931
f 5739 5932 5740
f 5739 5931 5932
f 5740 5933 5741
f 5740 5932 5933
f 5741 5934 5742
f 5741 5933 5934
f 5742 5935 5743
f 5742 5934 5935
f 5743 5936 5744
f 5743 5935 5936
f 5744 5937 5745
f 5744 5936 5937
f 5745 5938 5746
f 5745 5937 5938
f 5746 5939 5747
f 5746 5938 5939
f 5747 5940 5748
f 5747 5939 5940
f 5748 5941 5749
f 5748 5940 5941
f 5749 5942 5750
f 5749 5941 5942
f 5750 5943 5751
f 5750 5942 5943
f 5751 5944 5752
f 5751 5943 5944
f 5752 5945 5753
f 5752 5944 5945
f 5753 5946 5754
f 5753 5945 5946
f 5754 5947 5755
f 5754 5946 5947
f 5755 5948 5756
f 5755 5947 5948
f 5756 5949 5757
f 5756 5948 5949
f 5757 5950 5758
f 5757 5949 5950
f 5758 5951 5759
f 5758 5950 5951
f 5759 5952 5760
f 5759 5951 5952
f 5760 5857 5665
f 5760 5952 5857
f 5761 5762 5954
f 5761 5954 5953
f 5762 5763 5955
f 5762 5955 5954
f 5763 5764 5956
f 5763 5956 5955
f 5764 5765 5957
f 5764 5957 5956
f 5765 5766 5958
f 5765 5958 5957
f 5766 5767 5959
f 5766 5959 5958
f 5767 5768 5960
f 5767 5960 5959
f 5768 5769 5961
f 5768 5961 5960
f 5769 5770 5962
f 5769 5962 5961
f 5770 5771 5963
f 5770 5963 5962
f 5771 5772 5964
f 5771 5964 5963
f 5772 5773 5965
f 5772 5965 5964
f 5773 5774 5966
f 5773 5966 5965
f 5774 5775 5967
f 5774 5967 5966
f 5775 5776 5968
f 5775 5968 5967
f 5776 5777 5969
f 5776 5969 5968
f 5777 5778 5970
f 5777 5970 5969
f 5778 5779 5971
f 5778 5971 5970
f 5779 5780 5972
f 5779 5972 5971
f 5780 5781 5973
f 5780 5973 5972
f 5781 5782 5974
f 5781 5974 5973
f 5782 5783 5975
f 5782 5975 5974
f 5783 5784 5976
f 5783 5976 5975
f 5784 5785 5977
f 5784 5977 5976
f 5785 5786 5978
f 5785 5978 5977
f 5786 5787 5979
f 5786 5979 5978
f 5787 5788 5980
f 5787 5980 5979
f 5788 5789 5981
f 5788 5981 5980
f 5789 5790 5982
f 5789 5982 5981
f 5790 5791 5983
f 5790 5983 5982
f 5791 5792 5984
f 5791 5984 5983
f 5792 5793 5985
f 5792 5985 5984
f 5793 5794 5986
f 5793 5986 5985
f 5794 5795 5987
f 5794 5987 5986
f 5795 5796 5988
f 5795 5988 5987
f 5796 5797 5989
f 5796 5989 5988
f 5797 5798 5990
f 5797 5990 5989
f 5798 5799 5991
f 5798 5991 5990
f 5799 5800 5992
f 5799 5992 5991
f 5800 5801 5993
f 5800 5993 5992
f 5801 5802 5994
f 5801 5994 5993
f 5802 5803 5995
f 5802 5995 5994
f 5803 5804 5996
f 5803 5996 5995
f 5804 5805 5997
f 5804 5997 5996
f 5805 5806 5998
f 5805 5998 5997
f 5806 5807 5999
f 5806 5999 5998
f 5807 5808 6000
f 5807 6000 5999
f 5808 5809 6001
f 5808 6001 6000
f 5809 5810 6002
f 5809 6002 6001
f 5810 5811 6003
f 5810 6003 6002
f 5811 5812 6004
f 5811 6004 6003
f 5812 5813 6005
f 5812 6005 6004
f 5813 5814 6006
f 5813 6006 6005
f 5814 5815 6007
f 5814 6007 6006
f 5815 5816 6008
f 5815 6008 6007
f 5816 5817 6009
f 5816 6009 6008
f 5817 5818 6010
f 5817 6010 6009
f 5818 5819 6011
f 5818 6011 6010
f 5819 5820 6012
f 5819 6012 6011
f 5820 5821 6013
f 5820 6013 6012
f 5821 5822 6014
f 5821 6014 6013
f 5822 5823 6015
f 5822 6015 6014
f 5823 5824 6016
f 5823 6016 6015
f 5824 5825 6017
f 5824 6017 6016
f 5825 5826 6018
f 5825 6018 6017
f 5826 5827 6019
f 5826 6019 6018
f 5827 5828 6020
f 5827 6020 6019
f 5828 5829 6021
f 5828 6021 6020
f 5829 5830 6022
f 5829 6022 6021
f 5830 5831 6023
f 5830 6023 6022
f 5831 5832 6024
f 5831 6024 6023
f 5832 5833 6025
f 5832 6025 6024
f 5833 5834 6026
f 5833 6026 6025
f 5834 5835 6027
f 5834 6027 6026
f 5835 5836 6028
f 5835 6028 6027
f 5836 5837 6029
f 5836 6029 6028
f 5837 5838 6030
f 5837 6030 6029
f 5838 5839 6031
f 5838 6031 6030
f 5839 5840 6032
f 5839 6032 6031
f 5840 5841 6033
f 5840 6033 6032
f 5841 5842 6034
f 5841 6034 6033
f 5842 5843 6035
f 5842 6035 6034
f 5843 5844 6036
f 5843 6036 6035
f 5844 5845 6037
f 5844 6037 6036
f 5845 5846 6038
f 5845 6038 6037
f 5846 5847 6039
f 5846 6039 6038
f 5847 5848 6040
f 5847 6040 6039
f 5848 5849 6041
f 5848 6041 6040
f 5849 5850 6042
f 5849 6042 6041
f 5850 5851 6043
f 5850 6043 6042
f 5851 5852 6044
f 5851 6044 6043
f 5852 5853 6045
f 5852 6045 6044
f 5853 5854 6046
f 5853 6046 6045
f 5854 5855 6047
f 5854 6047 6046
f 5855 5856 6048
f 5855 6048 6047
f 5856 5761 5953
f 5856 5953 6048
f 5857 6050 5858
f 5857 6049 6050
f 5858 6051 5859
f 5858 6050 6051
f 5859 6052 5860
f 5859 6051 6052
f 5860 6053 5861
f 5860 6052 6053
f 5861 6054 5862
f 5861 6053 6054
f 5862 6055 5863
f 5862 6054 6055
f 5863 6056 5864
f 5863 6055 6056
f 5864 6057 5865
f 5864 6056 6057
f 5865 6058 5866
f 5865 6057 6058
f 5866 6059 5867
f 5866 6058 6059
f 5867 6060 5868
f 5867 6059 6060
f 5868 6061 5869
f 5868 6060 6061
f 5869 6062 5870
f 5869 6061 6062
f 5870 6063 5871
f 5870 6062 6063
f 5871 6064 5872
f 5871 6063 6064
f 5872 6065 5873
f 5872 6064 6065
f 5873 6066 5874
f 5873 6065 6066
f 5874 6067 5875
f 5874 6066 6067
f 5875 6068 5876
f 5875 6067 6068
f 5876 6069 5877
f 5876 6068 6069
f 5877 6070 5878
f 5877 6069 6070
f 5878 6071 5879
f 5878 6070 6071
f 5879 6072 5880
f 5879 6071 6072
f 5880 6073 5881
f 5880 6072 6073
f 5881 6074 5882
f 5881 6073 6074
f 5882 6075 5883
f 5882 6074 6075
f 5883 6076 5884
f 5883 6075 6076
f 5884 6077 5885
f 5884 6076 6077
f 5885 6078 5886
f 5885 6077 6078
f 5886 6079 5887
f 5886 6078 6079
f 5887 6080 5888
f 5887 6079 6080
f 5888 6081 5889
f 5888 6080 6081
f 5889 6082 5890
f 5889 6081 6082
f 5890 6083 5891
f 5890 6082 6083
f 5891 6084 5892
f 5891 6083 6084
f 5892 6085 5893
f 5892 6084 6085
f 5893 6086 5894
f 5893 6085 6086
f 5894 6087 5895
f 5894 6086 6087
f 5895 6088 5896
f 5895 6087 6088
f 5896 6089 5897
f 5896 6088 6089
f 5897 6090 5898
f 5897 6089 6090
f 5898 6091 5899
f 5898 6090 6091
f 5899 6092 5900
f 5899 6091 6092
f 5900 6093 5901
f 5900 6092 6093
f 5901 6094 5902
f 5901 6093 6094
f 5902 6095 5903
f 5902 6094 6095
f 5903 6096 5904
f 5903 6095 6096
f 5904 6097 5905
f 5904 6096 6097
f 5905 6098 5906
f 5905 6097 6098
f 5906 6099 5907
f 5906 6098 6099
f 5907 6100 5908
f 5907 6099 6100
f 5908 6101 5909
f 5908 6100 6101
f 5909 6102 5910
f 5909 6101 6102
f 5910 6103 5911
f 5910 6102 6103
f 5911 6104 5912
f 5911 6103 6104
f 5912 6105 5913
f 5912 6104 6105
f 5913 6106 5914
f 5913 6105 6106
f 5914 6107 5915
f 5914 6106 6107
f 5915 6108 5916
f 5915 6107 6108
f 5916 6109 5917
f 5916 6108 6109
f 5917 6110 5918
f 5917 6109 6110
f 5918 6111 5919
f 5918 6110 6111
f 5919 6112 5920
f 5919 6111 6112
f 5920 6113 5921
f 5920 6112 6113
f 5921 6114 5922
f 5921 6113 6114
f 5922 6115 5923
f 5922 6114 6115
f 5923 6116 5924
f 5923 6115 6116
f 5924 6117 5925
f 5924 6116 6117
f 5925 6118 5926
f 5925 6117 6118
f 5926 6119 5927
f 5926 6118 6119
f 5927 6120 5928
f 5927 6119 6120
f 5928 6121 5929
f 5928 6120 6121
f 5929 6122 5930
f 5929 6121 6122
f 5930 6123 5931
f 5930 6122 6123
f 5931 6124 5932
f 5931 6123 6124
f 5932 6125 5933
f 5932 6124 6125
f 5933 6126 5934
f 5933 6125 6126
f 5934 6127 5935
f 5934 6126 6127
f 5935 6128 5936
f 5935 6127 6128
f 5936 6129 5937
f 5936 6128 6129
f 5937 6130 5938
f 5937 6129 6130
f 5938 6131 5939
f 5938 6130 6131
f 5939 6132 5940
f 5939 6131 6132
f 5940 6133 5941
f 5940 6132 6133
f 5941 6134 5942
f 5941 6133 6134
f 5942 6135 5943
f 5942 6134 6135
f 5943 6136 5944
f 5943 6135 6136
f 5944 6137 5945
f 5944 6136 6137
f 5945 6138 5946
f 5945 6137 6138
f 5946 6139 5947
f 5946 6138 6139
f 5947 6140 5948
f 5947 6139 6140
f 5948 6141 5949
f 5948 6140 6141
f 5949 6142 5950
f 5949 6141 6142
f 5950 6143 5951
f 5950 6142 6143
f 5951 6144 5952
f 5951 6143 6144
f 5952 6049 5857
f 5952 6144 6049
f 5953 5954 6146
f 5953 6146 6145
f 5954 5955 6147
f 5954 6147 6146
f 5955 5956 6148
f 5955 6148 6147
f 5956 5957 6149
f 5956 6149 6148
f 5957 5958 6150
f 5957 6150 6149
f 5958 5959 6151
f 5958 6151 6150
f 5959 5960 6152
f 5959 6152 6151
f 5960 5961 6153
f 5960 6153 6152
f 5961 5962 6154
f 5961 6154 6153
f 5962 5963 6155
f 5962 6155 6154
f 5963 5964 6156
f 5963 6156 6155
f 5964 5965 6157
f 5964 6157 6156
f 5965 5966 6158
f 5965 6158 6157
f 5966 5967 6159
f 5966 6159 6158
f 5967 5968 6160
f 5967 6160 6159
f 5968 5969 6161
f 5968 6161 6160
f 5969 5970 6162
f 5969 6162 6161
f 5970 5971 6163
f 5970 6163 6162
f 5971 5972 6164
f 5971 6164 6163
f 5972 5973 6165
f 5972 6165 6164
f 5973 5974 6166
f 5973 6166 6165
f 5974 5975 6167
f 5974 6167 6166
f 5975 5976 6168
f 5975 6168 6167
f 5976 5977 6169
f 5976 6169 6168
f 5977 5978 6170
f 5977 6170 6169
f 5978 5979 6171
f 5978 6171 6170
f 5979 5980 6172
f 5979 6172 6171
f 5980 5981 6173
f 5980 6173 6172
f 5981 5982 6174
f 5981 6174 6173
f 5982 5983 6175
f 5982 6175 6174
f 5983 5984 6176
f 5983 6176 6175
f 5984 5985 6177
f 5984 6177 6176
f 5985 5986 6178
f 5985 6178 6177
f 5986 5987 6179
f 5986 6179 6178
f 5987 5988 6180
f 5987 6180 6179
f 5988 5989 6181
f 5988 6181 6180
f 5989 5990 6182
f 5989 6182 6181
f 5990 5991 6183
f 5990 6183 6182
f 5991 5992 6184
f 5991 6184 6183
f 5992 5993 6185
f 5992 6185 6184
f 5993 5994 6186
f 5993 6186 6185
f 5994 5995 6187
f 5994 6187 6186
f 5995 5996 6188
f 5995 6188 6187
f 5996 5997 6189
f 5996 6189 6188
f 5997 5998 6190
f 5997 6190 6189
f 5998 5999 6191
f 5998 6191 6190
f 5999 6000 6192
f 5999 6192 6191
f 6000 6001 6193
f 6000 6193 6192
f 6001 6002 6194
f 6001 6194 6193
f 6002 6003 6195
f 6002 6195 6194
f 6003 6004 6196
f 6003 6196 6195
f 6004 6005 6197
f 6004 6197 6196
f 6005 6006 6198
f 6005 6198 6197
f 6006 6007 6199
f 6006 6199 6198
f 6007 6008 6200
f 6007 6200 6199
f 6008 6009 6201
f 6008 6201 6200
f 6009 6010 6202
f 6009 6202 6201
f 6010 6011 6203
f 6010 6203 6202
f 6011 6012 6204
f 6011 6204 6203
f 6012 6013 6205
f 6012 6205 6204
f 6013 6014 6206
f 6013 6206 6205
f 6014 6015 6207
f 6014 6207 6206
f 6015 6016 6208
f 6015 6208 6207
f 6016 6017 6209
f 6016 6209 6208
f 6017 6018 6210
f 6017 6210 6209
f 6018 6019 6211
f 6018 6211 6210
f 6019 6020 6212
f 6019 6212 6211
f 6020 6021 6213
f 6020 6213 6212
f 6021 6022 6214
f 6021 6214 6213
f 6022 6023 6215
f 6022 6215 6214
f 6023 6024 6216
f 6023 6216 6215
f 6024 6025 6217
f 6024 6217 6216
f 6025 6026 6218
f 6025 6218 6217
f 6026 6027 6219
f 6026 6219 6218
f 6027 6028 6220
f 6027 6220 6219
f 6028 6029 6221
f 6028 6221 6220
f 6029 6030 6222
f 6029 6222 6221
f 6030 6031 6223
f 6030 6223 6222
f 6031 6032 6224
f 6031 6224 6223
f 6032 6033 6225
f 6032 6225 6224
f 6033 6034 6226
f 6033 6226 6225
f 6034 6035 6227
f 6034 6227 6226
f 6035 6036 6228
f 6035 6228 6227
f 6036 6037 6229
f 6036 6229 6228
f 6037 6038 6230
f 6037 6230 6229
f 6038 6039 6231
f 6038 6231 6230
f 6039 6040 6232
f 6039 6232 6231
f 6040 6041 6233
f 6040 6233 6232
f 6041 6042 6234
f 6041 6234 6233
f 6042 6043 6235
f 6042 6235 6234
f 6043 6044 6236
f 6043 6236 6235
f 6044 6045 6237
f 6044 6237 6236
f 6045 6046 6238
f 6045 6238 6237
f 6046 6047 6239
f 6046 6239 6238
f 6047 6048 6240
f 6047 6240 6239
f 6048 5953 6145
f 6048 6145 6240
f 6049 6242 6050
f 6049 6241 6242
f 6050 6243 6051
f 6050 6242 6243
f 6051 6244 6052
f 6051 6243 6244
f 6052 6245 6053
f 6052 6244 6245
f 6053 6246 6054
f 6053 6245 6246
f 6054 6247 6055
f 6054 6246 6247
f 6055 6248 6056
f 6055 6247 6248
f 6056 6249 6057
f 6056 6248 6249
f 6057 6250 6058
f 6057 6249 6250
f 6058 6251 6059
f 6058 6250 6251
f 6059 6252 6060
f 6059 6251 6252
f 6060 6253 6061
f 6060 6252 6253
f 6061 6254 6062
f 6061 6253 6254
f 6062 6255 6063
f 6062 6254 6255
f 6063 6256 6064
f 6063 6255 6256
f 6064 6257 6065
f 6064 6256 6257
f 6065 6258 6066
f 6065 6257 6258
f 6066 6259 6067
f 6066 6258 6259
f 6067 6260 6068
f 6067 6259 6260
f 6068 6261 6069
f 6068 6260 6261
f 6069 6262 6070
f 6069 6261 6262
f 6070 6263 6071
f 6070 6262 6263
f 6071 6264 6072
f 6071 6263 6264
f 6072 6265 6073
f 6072 6264 6265
f 6073 6266 6074
f 6073 6265 6266
f 6074 6267 6075
f 6074 6266 6267
f 6075 6268 6076
f 6075 6267 6268
f 6076 6269 6077
f 6076 6268 6269
f 6077 6270 6078
f 6077 6269 6270
f 6078 6271 6079
f 6078 6270 6271
f 6079 6272 6080
f 6079 6271 6272
f 6080 6273 6081
f 6080 6272 6273
f 6081 6274 6082
f 6081 6273 6274
f 6082 6275 6083
f 6082 6274 6275
f 6083 6276 6084
f 6083 6275 6276
f 6084 6277 6085
f 6084 6276 6277
f 6085 6278 6086
f 6085 6277 6278
f 6086 6279 6087
f 6086 6278 6279
f 6087 6280 6088
f 6087 6279 6280
f 6088 6281 6089
f 6088 6280 6281
f 6089 6282 6090
f 6089 6281 6282
f 6090 6283 6091
f 6090 6282 6283
f 6091 6284 6092
f 6091 6283 6284
f 6092 6285 6093
f 6092 6284 6285
f 6093 6286 6094
f 6093 6285 6286
f 6094 6287 6095
f 6094 6286 6287
f 6095 6288 6096
f 6095 6287 6288
f 6096 6289 6097
f 6096 6288 6289
f 6097 6290 6098
f 6097 6289 6290
f 6098 6291 6099
f 6098 6290 6291
f 6099 6292 6100
f 6099 6291 6292
f 6100 6293 6101
f 6100 6292 6293
f 6101 6294 6102
f 6101 6293 6294
f 6102 6295 6103
f 6102 6294 6295
f 6103 6296 6104
f 6103 6295 6296
f 6104 6297 6105
f 6104 6296 6297
f 6105 6298 6106
f 6105 6297 6298
f 6106 6299 6107
f 6106 6298 6299
f 6107 6300 6108
f 6107 6299 6300
f 6108 6301 6109
f 6108 6300 6301
f 6109 6302 6110
f 6109 6301 6302
f 6110 6303 6111
f 6110 6302 6303
f 6111 6304 6112
f 6111 6303 6304
f 6112 6305 6113
f 6112 6304 6305
f 6113 6306 6114
f 6113 6305 6306
f 6114 6307 6115
f 6114 6306 6307
f 6115 6308 6116
f 6115 6307 6308
f 6116 6309 6117
f 6116 6308 6309
f 6117 6310 6118
f 6117 6309 6310
f 6118 6311 6119
f 6118 6310 6311
f 6119 6312 6120
f 6119 6311 6312
f 6120 6313 6121
f 6120 6312 6313
f 6121 6314 6122
f 6121 6313 6314
f 6122 6315 6123
f 6122 6314 6315
f 6123 6316 6124
f 6123 6315 6316
f 6124 6317 6125
f 6124 6316 6317
f 6125 6318 6126
f 6125 6317 6318
f 6126 6319 6127
f 6126 6318 6319
f 6127 6320 6128
f 6127 6319 6320
f 6128 6321 6129
f 6128 6320 6321
f 6129 6322 6130
f 6129 6321 6322
f 6130 6323 6131
f 6130 6322 6323
f 6131 6324 6132
f 6131 6323 6324
f 6132 6325 6133
f 6132 6324 6325
f 6133 6326 6134
f 6133 6325 6326
f 6134 6327 6135
f 6134 6326 6327
f 6135 6328 6136
f 6135 6327 6328
f 6136 6329 6137
f 6136 6328 6329
f 6137 6330 6138
f 6137 6329 6330
f 6138 6331 6139
f 6138 6330 6331
f 6139 6332 6140
f 6139 6331 6332
f 6140 6333 6141
f 6140 6332 6333
f 6141 6334 6142
f 6141 6333 6334
f 6142 6335 6143
f 6142 6334 6335
f 6143 6336 6144
f 6143 6335 6336
f 6144 6241 6049
f 6144 6336 6241
f 6145 6146 6338
f 6145 6338 6337
f 6146 6147 6339
f 6146 6339 6338
f 6147 6148 6340
f 6147 6340 6339
f 6148 6149 6341
f 6148 6341 6340
f 6149 6150 6342
f 6149 6342 6341
f 6150 6151 6343
f 6150 6343 6342
f 6151 6152 6344
f 6151 6344 6343
f 6152 6153 6345
f 6152 6345 6344
f 6153 6154 6346
f 6153 6346 6345
f 6154 6155 6347
f 6154 6347 6346
f 6155 6156 6348
f 6155 6348 6347
f 6156 6157 6349
f 6156 6349 6348
f 6157 6158 6350
f 6157 6350 6349
f 6158 6159 6351
f 6158 6351 6350
f 6159 6160 6352
f 6159 6352 6351
f 6160 6161 6353
f 6160 6353 6352
f 6161 6162 6354
f 6161 6354 6353
f 6162 6163 6355
f 6162 6355 6354
f 6163 6164 6356
f 6163 6356 6355
f 6164 6165 6357
f 6164 6357 6356
f 6165 6166 6358
f 6165 6358 6357
f 6166 6167 6359
f 6166 6359 6358
f 6167 6168 6360
f 6167 6360 6359
f 6168 6169 6361
f 6168 6361 6360
f 6169 6170 6362
f 6169 6362 6361
f 6170 6171 6363
f 6170 6363 6362
f 6171 6172 6364
f 6171 6364 6363
f 6172 6173 6365
f 6172 6365 6364
f 6173 6174 6366
f 6173 6366 6365
f 6174 6175 6367
f 6174 6367 6366
f 6175 6176 6368
f 6175 6368 6367
f 6176 6177 6369
f 6176 6369 6368
f 6177 6178 6370
f 6177 6370 6369
f 6178 6179 6371
f 6178 6371 6370
f 6179 6180 6372
f 6179 6372 6371
f 6180 6181 6373
f 6180 6373 6372
f 6181 6182 6374
f 6181 6374 6373
f 6182 6183 6375
f 6182 6375 6374
f 6183 6184 6376
f 6183 6376 6375
f 6184 6185 6377
f 6184 6377 6376
f 6185 6186 6378
f 6185 6378 6377
f 6186 6187 6379
f 6186 6379 6378
f 6187 6188 6380
f 6187 6380 6379
f 6188 6189 6381
f 6188 6381 6380
f 6189 6190 6382
f 6189 6382 6381
f 6190 6191 6383
f 6190 6383 6382
f 6191 6192 6384
f 6191 6384 6383
f 6192 6193 6385
f 6192 6385 6384
f 6193 6194 6386
f 6193 6386 6385
f 6194 6195 6387
f 6194 6387 6386
f 6195 6196 6388
f 6195 6388 6387
f 6196 6197 6389
f 6196 6389 6388
f 6197 6198 6390
f 6197 6390 6389
f 6198 6199 6391
f 6198 6391 6390
f 6199 6200 6392
f 6199 6392 6391
f 6200 6201 6393
f 6200 6393 6392
f 6201 6202 6394
f 6201 6394 6393
f 6202 6203 6395
f 6202 6395 6394
f 6203 6204 6396
f 6203 6396 6395
f 6204 6205 6397
f 6204 6397 6396
f 6205 6206 6398
f 6205 6398 6397
f 6206 6207 6399
f 6206 6399 6398
f 6207 6208 6400
f 6207 6400 6399
f 6208 6209 6401
f 6208 6401 6400
f 6209 6210 6402
f 6209 6402 6401
f 6210 6211 6403
f 6210 6403 6402
f 6211 6212 6404
f 6211 6404 6403
f 6212 6213 6405
f 6212 6405 6404
f 6213 6214 6406
f 6213 6406 6405
f 6214 6215 6407
f 6214 6407 6406
f 6215 6216 6408
f 6215 6408 6407
f 6216 6217 6409
f 6216 6409 6408
f 6217 6218 6410
f 6217 6410 6409
f 6218 6219 6411
f 6218 6411 6410
f 6219 6220 6412
f 6219 6412 6411
f 6220 6221 6413
f 6220 6413 6412
f 6221 6222 6414
f 6221 6414 6413
f 6222 6223 6415
f 6222 6415 6414
f 6223 6224 6416
f 6223 6416 6415
f 6224 6225 6417
f 6224 6417 6416
f 6225 6226 6418
f 6225 6418 6417
f 6226 6227 6419
f 6226 6419 6418
f 6227 6228 6420
f 6227 6420 6419
f 6228 6229 6421
f 6228 6421 6420
f 6229 6230 6422
f 6229 6422 6421
f 6230 6231 6423
f 6230 6423 6422
f 6231 6232 6424
f 6231 6424 6423
f 6232 6233 6425
f 6232 6425 6424
f 6233 6234 6426
f 6233 6426 6425
f 6234 6235 6427
f 6234 6427 6426
f 6235 6236 6428
f 6235 6428 6427
f 6236 6237 6429
f 6236 6429 6428
f 6237 6238 6430
f 6237 6430 6429
f 6238 6239 6431
f 6238 6431 6430
f 6239 6240 6432
f 6239 6432 6431
f 6240 6145 6337
f 6240 6337 6432
f 6241 6434 6242
f 6241 6433 6434
f 6242 6435 6243
f 6242 6434 6435
f 6243 6436 6244
f 6243 6435 6436
f 6244 6437 6245
f 6244 6436 6437
f 6245 6438 6246
f 6245 6437 6438
f 6246 6439 6247
f 6246 6438 6439
f 6247 6440 6248
f 6247 6439 6440
f 6248 6441 6249
f 6248 6440 6441
f 6249 6442 6250
f 6249 6441 6442
f 6250 6443 6251
f 6250 6442 6443
f 6251 6444 6252
f 6251 6443 6444
f 6252 6445 6253
f 6252 6444 6445
f 6253 6446 6254
f 6253 6445 6446
f 6254 6447 6255
f 6254 6446 6447
f 6255 6448 6256
f 6255 6447 6448
f 6256 6449 6257
f 6256 6448 6449
f 6257 6450 6258
f 6257 6449 6450
f 6258 6451 6259
f 6258 6450 6451
f 6259 6452 6260
f 6259 6451 6452
f 6260 6453 6261
f 6260 6452 6453
f 6261 6454 6262
f 6261 6453 6454
f 6262 6455 6263
f 6262 6454 6455
f 6263 6456 6264
f 6263 6455 6456
f 6264 6457 6265
f 6264 6456 6457
f 6265 6458 6266
f 6265 6457 6458
f 6266 6459 6267
f 6266 6458 6459
f 6267 6460 6268
f 6267 6459 6460
f 6268 6461 6269
f 6268 6460 6461
f 6269 6462 6270
f 6269 6461 6462
f 6270 6463 6271
f 6270 6462 6463
f 6271 6464 6272
f 6271 6463 6464
f 6272 6465 6273
f 6272 6464 6465
f 6273 6466 6274
f 6273 6465 6466
f 6274 6467 6275
f 6274 6466 6467
f 6275 6468 6276
f 6275 6467 6468
f 6276 6469 6277
f 6276 6468 6469
f 6277 6470 6278
f 6277 6469 6470
f 6278 6471 6279
f 6278 6470 6471
f 6279 6472 6280
f 6279 6471 6472
f 6280 6473 6281
f 6280 6472 6473
f 6281 6474 6282
f 6281 6473 6474
f 6282 6475 6283
f 6282 6474 6475
f 6283 6476 6284
f 6283 6475 6476
f 6284 6477 6285
f 6284 6476 6477
f 6285 6478 6286
f 6285 6477 6478
f 6286 6479 6287
f 6286 6478 6479
f 6287 6480 6288
f 6287 6479 6480
f 6288 6481 6289
f 6288 6480 6481
f 6289 6482 6290
f 6289 6481 6482
f 6290 6483 6291
f 6290 6482 6483
f 6291 6484 6292
f 6291 6483 6484
f 6292 6485 6293
f 6292 6484 6485
f 6293 6486 6294
f 6293 6485 6486
f 6294 6487 6295
f 6294 6486 6487
f 6295 6488 6296
f 6295 6487 6488
f 6296 6489 6297
f 6296 6488 6489
f 6297 6490 6298
f 6297 6489 6490
f 6298 6491 6299
f 6298 6490 6491
f 6299 6492 6300
f 6299 6491 6492
f 6300 6493 6301
f 6300 6492 6493
f 6301 6494 6302
f 6301 6493 6494
f 6302 6495 6303
f 6302 6494 6495
f 6303 6496 6304
f 6303 6495 6496
f 6304 6497 6305
f 6304 6496 6497
f 6305 6498 6306
f 6305 6497 6498
f 6306 6499 6307
f 6306 6498 6499
f 6307 6500 6308
f 6307 6499 6500
f 6308 6501 6309
f 6308 6500 6501
f 6309 6502 6310
f 6309 6501 6502
f 6310 6503 6311
f 6310 6502 6503
f 6311 6504 6312
f 6311 6503 6504
f 6312 6505 6313
f 6312 6504 6505
f 6313 6506 6314
f 6313 6505 6506
f 6314 6507 6315
f 6314 6506 6507
f 6315 6508 6316
f 6315 6507 6508
f 6316 6509 6317
f 6316 6508 6509
f 6317 6510 6318
f 6317 6509 6510
f 6318 6511 6319
f 6318 6510 6511
f 6319 6512 6320
f 6319 6511 6512
f 6320 6513 6321
f 6320 6512 6513
f 6321 6514 6322
f 6321 6513 6514
f 6322 6515 6323
f 6322 6514 6515
f 6323 6516 6324
f 6323 6515 6516
f 6324 6517 6325
f 6324 6516 6517
f 6325 6518 6326
f 6325 6517 6518
f 6326 6519 6327
f 6326 6518 6519
f 6327 6520 6328
f 6327 6519 6520
f 6328 6521 6329
f 6328 6520 6521
f 6329 6522 6330
f 6329 6521 6522
f 6330 6523 6331
f 6330 6522 6523
f 6331 6524 6332
f 6331 6523 6524
f 6332 6525 6333
f 6332 6524 6525
f 6333 6526 6334
f 6333 6525 6526
f 6334 6527 6335
f 6334 6526 6527
f 6335 6528 6336
f 6335 6527 6528
f 6336 6433 6241
f 6336 6528 6433
f 6337 6338 6530
f 6337 6530 6529
f 6338 6339 6531
f 6338 6531 6530
f 6339 6340 6532
f 6339 6532 6531
f 6340 6341 6533
f 6340 6533 6532
f 6341 6342 6534
f 6341 6534 6533
f 6342 6343 6535
f 6342 6535 6534
f 6343 6344 6536
f 6343 6536 6535
f 6344 6345 6537
f 6344 6537 6536
f 6345 6346 6538
f 6345 6538 6537
f 6346 6347 6539
f 6346 6539 6538
f 6347 6348 6540
f 6347 6540 6539
f 6348 6349 6541
f 6348 6541 6540
f 6349 6350 6542
f 6349 6542 6541
f 6350 6351 6543
f 6350 6543 6542
f 6351 6352 6544
f 6351 6544 6543
f 6352 6353 6545
f 6352 6545 6544
f 6353 6354 6546
f 6353 6546 6545
f 6354 6355 6547
f 6354 6547 6546
f 6355 6356 6548
f 6355 6548 6547
f 6356 6357 6549
f 6356 6549 6548
f 6357 6358 6550
f 6357 6550 6549
f 6358 6359 6551
f 6358 6551 6550
f 6359 6360 6552
f 6359 6552 6551
f 6360 6361 6553
f 6360 6553 6552
f 6361 6362 6554
f 6361 6554 6553
f 6362 6363 6555
f 6362 6555 6554
f 6363 6364 6556
f 6363 6556 6555
f 6364 6365 6557
f 6364 6557 6556
f 6365 6366 6558
f 6365 6558 6557
f 6366 6367 6559
f 6366 6559 6558
f 6367 6368 6560
f 6367 6560 6559
f 6368 6369 6561
f 6368 6561 6560
f 6369 6370 6562
f 6369 6562 6561
f 6370 6371 6563
f 6370 6563 6562
f 6371 6372 6564
f 6371 6564 6563
f 6372 6373 6565
f 6372 6565 6564
f 6373 6374 6566
f 6373 6566 6565
f 6374 6375 6567
f 6374 6567 6566
f 6375 6376 6568
f 6375 6568 6567
f 6376 6377 6569
f 6376 6569 6568
f 6377 6378 6570
f 6377 6570 6569
f 6378 6379 6571
f 6378 6571 6570
f 6379 6380 6572
f 6379 6572 6571
f 6380 6381 6573
f 6380 6573 6572
f 6381 6382 6574
f 6381 6574 6573
f 6382 6383 6575
f 6382 6575 6574
f 6383 6384 6576
f 6383 6576 6575
f 6384 6385 6577
f 6384 6577 6576
f 6385 6386 6578
f 6385 6578 6577
f 6386 6387 6579
f 6386 6579 6578
f 6387 6388 6580
f 6387 6580 6579
f 6388 6389 6581
f 6388 6581 6580
f 6389 6390 6582
f 6389 6582 6581
f 6390 6391 6583
f 6390 6583 6582
f 6391 6392 6584
f 6391 6584 6583
f 6392 6393 6585
f 6392 6585 6584
f 6393 6394 6586
f 6393 6586 6585
f 6394 6395 6587
f 6394 6587 6586
f 6395 6396 6588
f 6395 6588 6587
f 6396 6397 6589
f 6396 6589 6588
f 6397 6398 6590
f 6397 6590 6589
f 6398 6399 6591
f 6398 6591 6590
f 6399 6400 6592
f 6399 6592 6591
f 6400 6401 6593
f 6400 6593 6592
f 6401 6402 6594
f 6401 6594 6593
f 6402 6403 6595
f 6402 6595 6594
f 6403 6404 6596
f 6403 6596 6595
f 6404 6405 6597
f 6404 6597 6596
f 6405 6406 6598
f 6405 6598 6597
f 6406 6407 6599
f 6406 6599 6598
f 6407 6408 6600
f 6407 6600 6599
f 6408 6409 6601
f 6408 6601 6600
f 6409 6410 6602
f 6409 6602 6601
f 6410 6411 6603
f 6410 6603 6602
f 6411 6412 6604
f 6411 6604 6603
f 6412 6413 6605
f 6412 6605 6604
f 6413 6414 6606
f 6413 6606 6605
f 6414 6415 6607
f 6414 6607 6606
f 6415 6416 6608
f 6415 6608 6607
f 6416 6417 6609
f 6416 6609 6608
f 6417 6418 6610
f 6417 6610 6609
f 6418 6419 6611
f 6418 6611 6610
f 6419 6420 6612
f 6419 6612 6611
f 6420 6421 6613
f 6420 6613 6612
f 6421 6422 6614
f 6421 6614 6613
f 6422 6423 6615
f 6422 6615 6614
f 6423 6424 6616
f 6423 6616 6615
f 6424 6425 6617
f 6424 6617 6616
f 6425 6426 6618
f 6425 6618 6617
f 6426 6427 6619
f 6426 6619 6618
f 6427 6428 6620
f 6427 6620 6619
f 6428 6429 6621
f 6428 6621 6620
f 6429 6430 6622
f 6429 6622 6621
f 6430 6431 6623
f 6430 6623 6622
f 6431 6432 6624
f 6431 6624 6623
f 6432 6337 6529
f 6432 6529 6624
f 6433 6626 6434
f 6433 6625 6626
f 6434 6627 6435
f 6434 6626 6627
f 6435 6628 6436
f 6435 6627 6628
f 6436 6629 6437
f 6436 6628 6629
f 6437 6630 6438
f 6437 6629 6630
f 6438 6631 6439
f 6438 6630 6631
f 6439 6632 6440
f 6439 6631 6632
f 6440 6633 6441
f 6440 6632 6633
f 6441 6634 6442
f 6441 6633 6634
f 6442 6635 6443
f 6442 6634 6635
f 6443 6636 6444
f 6443 6635 6636
f 6444 6637 6445
f 6444 6636 6637
f 6445 6638 6446
f 6445 6637 6638
f 6446 6639 6447
f 6446 6638 6639
f 6447 6640 6448
f 6447 6639 6640
f 6448 6641 6449
f 6448 6640 6641
f 6449 6642 6450
f 6449 6641 6642
f 6450 6643 6451
f 6450 6642 6643
f 6451 6644 6452
f 6451 6643 6644
f 6452 6645 6453
f 6452 6644 6645
f 6453 6646 6454
f 6453 6645 6646
f 6454 6647 6455
f 6454 6646 6647
f 6455 6648 6456
f 6455 6647 6648
f 6456 6649 6457
f 6456 6648 6649
f 6457 6650 6458
f 6457 6649 6650
f 6458 6651 6459
f 6458 6650 6651
f 6459 6652 6460
f 6459 6651 6652
f 6460 6653 6461
f 6460 6652 6653
f 6461 6654 6462
f 6461 6653 6654
f 6462 6655 6463
f 6462 6654 6655
f 6463 6656 6464
f 6463 6655 6656
f 6464 6657 6465
f 6464 6656 6657
f 6465 6658 6466
f 6465 6657 6658
f 6466 6659 6467
f 6466 6658 6659
f 6467 6660 6468
f 6467 6659 6660
f 6468 6661 6469
f 6468 6660 6661
f 6469 6662 6470
f 6469 6661 6662
f 6470 6663 6471
f 6470 6662 6663
f 6471 6664 6472
f 6471 6663 6664
f 6472 6665 6473
f 6472 6664 6665
f 6473 6666 6474
f 6473 6665 6666
f 6474 6667 6475
f 6474 6666 6667
f 6475 6668 6476
f 6475 6667 6668
f 6476 6669 6477
f 6476 6668 6669
f 6477 6670 6478
f 6477 6669 6670
f 6478 6671 6479
f 6478 6670 6671
f 6479 6672 6480
f 6479 6671 6672
f 6480 6673 6481
f 6480 6672 6673
f 6481 6674 6482
f 6481 6673 6674
f 6482 6675 6483
f 6482 6674 6675
f 6483 6676 6484
f 6483 6675 6676
f 6484 6677 6485
f 6484 6676 6677
f 6485 6678 6486
f 6485 6677 6678
f 6486 6679 6487
f 6486 6678 6679
f 6487 6680 6488
f 6487 6679 6680
f 6488 6681 6489
f 6488 6680 6681
f 6489 6682 6490
f 6489 6681 6682
f 6490 6683 6491
f 6490 6682 6683
f 6491 6684 6492
f 6491 6683 6684
f 6492 6685 6493
f 6492 6684 6685
f 6493 6686 6494
f 6493 6685 6686
f 6494 6687 6495
f 6494 6686 6687
f 6495 6688 6496
f 6495 6687 6688
f 6496 6689 6497
f 6496 6688 6689
f 6497 6690 6498
f 6497 6689 6690
f 6498 6691 6499
f 6498 6690 6691
f 6499 6692 6500
f 6499 6691 6692
f 6500 6693 6501
f 6500 6692 6693
f 6501 6694 6502
f 6501 6693 6694
f 6502 6695 6503
f 6502 6694 6695
f 6503 6696 6504
f 6503 6695 6696
f 6504 6697 6505
f 6504 6696 6697
f 6505 6698 6506
f 6505 6697 6698
f 6506 6699 6507
f 6506 6698 6699
f 6507 6700 6508
f 6507 6699 6700
f 6508 6701 6509
f 6508 6700 6701
f 6509 6702 6510
f 6509 6701 6702
f 6510 6703 6511
f 6510 6702 6703
f 6511 6704 6512
f 6511 6703 6704
f 6512 6705 6513
f 6512 6704 6705
f 6513 6706 6514
f 6513 6705 6706
f 6514 6707 6515
f 6514 6706 6707
f 6515 6708 6516
f 6515 6707 6708
f 6516 6709 6517
f 6516 6708 6709
f 6517 6710 6518
f 6517 6709 6710
f 6518 6711 6519
f 6518 6710 6711
f 6519 6712 6520
f 6519 6711 6712
f 6520 6713 6521
f 6520 6712 6713
f 6521 6714 6522
f 6521 6713 6714
f 6522 6715 6523
f 6522 6714 6715
f 6523 6716 6524
f 6523 6715 6716
f 6524 6717 6525
f 6524 6716 6717
f 6525 6718 6526
f 6525 6717 6718
f 6526 6719 6527
f 6526 6718 6719
f 6527 6720 6528
f 6527 6719 6720
f 6528 6625 6433
f 6528 6720 6625
f 6529 6530 6722
f 6529 6722 6721
f 6530 6531 6723
f 6530 6723 6722
f 6531 6532 6724
f 6531 6724 6723
f 6532 6533 6725
f 6532 6725 6724
f 6533 6534 6726
f 6533 6726 6725
f 6534 6535 6727
f 6534 6727 6726
f 6535 6536 6728
f 6535 6728 6727
f 6536 6537 6729
f 6536 6729 6728
f 6537 6538 6730
f 6537 6730 6729
f 6538 6539 6731
f 6538 6731 6730
f 6539 6540 6732
f 6539 6732 6731
f 6540 6541 6733
f 6540 6733 6732
f 6541 6542 6734
f 6541 6734 6733
f 6542 6543 6735
f 6542 6735 6734
f 6543 6544 6736
f 6543 6736 6735
f 6544 6545 6737
f 6544 6737 6736
f 6545 6546 6738
f 6545 6738 6737
f 6546 6547 6739
f 6546 6739 6738
f 6547 6548 6740
f 6547 6740 6739
f 6548 6549 6741
f 6548 6741 6740
f 6549 6550 6742
f 6549 6742 6741
f 6550 6551 6743
f 6550 6743 6742
f 6551 6552 6744
f 6551 6744 6743
f 6552 6553 6745
f 6552 6745 6744
f 6553 6554 6746
f 6553 6746 6745
f 6554 6555 6747
f 6554 6747 6746
f 6555 6556 6748
f 6555 6748 6747
f 6556 6557 6749
f 6556 6749 6748
f 6557 6558 6750
f 6557 6750 6749
f 6558 6559 6751
f 6558 6751 6750
f 6559 6560 6752
f 6559 6752 6751
f 6560 6561 6753
f 6560 6753 6752
f 6561 6562 6754
f 6561 6754 6753
f 6562 6563 6755
f 6562 6755 6754
f 6563 6564 6756
f 6563 6756 6755
f 6564 6565 6757
f 6564 6757 6756
f 6565 6566 6758
f 6565 6758 6757
f 6566 6567 6759
f 6566 6759 6758
f 6567 6568 6760
f 6567 6760 6759
f 6568 6569 6761
f 6568 6761 6760
f 6569 6570 6762
f 6569 6762 6761
f 6570 6571 6763
f 6570 6763 6762
f 6571 6572 6764
f 6571 6764 6763
f 6572 6573 6765
f 6572 6765 6764
f 6573 6574 6766
f 6573 6766 6765
f 6574 6575 6767
f 6574 6767 6766
f 6575 6576 6768
f 6575 6768 6767
f 6576 6577 6769
f 6576 6769 6768
f 6577 6578 6770
f 6577 6770 6769
f 6578 6579 6771
f 6578 6771 6770
f 6579 6580 6772
f 6579 6772 6771
f 6580 6581 6773
f 6580 6773 6772
f 6581 6582 6774
f 6581 6774 6773
f 6582 6583 6775
f 6582 6775 6774
f 6583 6584 6776
f 6583 6776 6775
f 6584 6585 6777
f 6584 6777 6776
f 6585 6586 6778
f 6585 6778 6777
f 6586 6587 6779
f 6586 6779 6778
f 6587 6588 6780
f 6587 6780 6779
f 6588 6589 6781
f 6588 6781 6780
f 6589 6590 6782
f 6589 6782 6781
f 6590 6591 6783
f 6590 6783 6782
f 6591 6592 6784
f 6591 6784 6783
f 6592 6593 6785
f 6592 6785 6784
f 6593 6594 6786
f 6593 6786 6785
f 6594 6595 6787
f 6594 6787 6786
f 6595 6596 6788
f 6595 6788 6787
f 6596 6597 6789
f 6596 6789 6788
f 6597 6598 6790
f 6597 6790 6789
f 6598 6599 6791
f 6598 6791 6790
f 6599 6600 6792
f 6599 6792 6791
f 6600 6601 6793
f 6600 6793 6792
f 6601 6602 6794
f 6601 6794 6793
f 6602 6603 6795
f 6602 6795 6794
f 6603 6604 6796
f 6603 6796 6795
f 6604 6605 6797
f 6604 6797 6796
f 6605 6606 6798
f 6605 6798 6797
f 6606 6607 6799
f 6606 6799 6798
f 6607 6608 6800
f 6607 6800 6799
f 6608 6609 6801
f 6608 6801 6800
f 6609 6610 6802
f 6609 6802 6801
f 6610 6611 6803
f 6610 6803 6802
f 6611 6612 6804
f 6611 6804 6803
f 6612 6613 6805
f 6612 6805 6804
f 6613 6614 6806
f 6613 6806 6805
f 6614 6615 6807
f 6614 6807 6806
f 6615 6616 6808
f 6615 6808 6807
f 6616 6617 6809
f 6616 6809 6808
f 6617 6618 6810
f 6617 6810 6809
f 6618 6619 6811
f 6618 6811 6810
f 6619 6620 6812
f 6619 6812 6811
f 6620 6621 6813
f 6620 6813 6812
f 6621 6622 6814
f 6621 6814 6813
f 6622 6623 6815
f 6622 6815 6814
f 6623 6624 6816
f 6623 6816 6815
f 6624 6529 6721
f 6624 6721 6816
f 6625 6818 6626
f 6625 6817 6818
f 6626 6819 6627
f 6626 6818 6819
f 6627 6820 6628
f 6627 6819 6820
f 6628 6821 6629
f 6628 6820 6821
f 6629 6822 6630
f 6629 6821 6822
f 6630 6823 6631
f 6630 6822 6823
f 6631 6824 6632
f 6631 6823 6824
f 6632 6825 6633
f 6632 6824 6825
f 6633 6826 6634
f 6633 6825 6826
f 6634 6827 6635
f 6634 6826 6827
f 6635 6828 6636
f 6635 6827 6828
f 6636 6829 6637
f 6636 6828 6829
f 6637 6830 6638
f 6637 6829 6830
f 6638 6831 6639
f 6638 6830 6831
f 6639 6832 6640
f 6639 6831 6832
f 6640 6833 6641
f 6640 6832 6833
f 6641 6834 6642
f 6641 6833 6834
f 6642 6835 6643
f 6642 6834 6835
f 6643 6836 6644
f 6643 6835 6836
f 6644 6837 6645
f 6644 6836 6837
f 6645 6838 6646
f 6645 6837 6838
f 6646 6839 6647
f 6646 6838 6839
f 6647 6840 6648
f 6647 6839 6840
f 6648 6841 6649
f 6648 6840 6841
f 6649 6842 6650
f 6649 6841 6842
f 6650 6843 6651
f 6650 6842 6843
f 6651 6844 6652
f 6651 6843 6844
f 6652 6845 6653
f 6652 6844 6845
f 6653 6846 6654
f 6653 6845 6846
f 6654 6847 6655
f 6654 6846 6847
f 6655 6848 6656
f 6655 6847 6848
f 6656 6849 6657
f 6656 6848 6849
f 6657 6850 6658
f 6657 6849 6850
f 6658 6851 6659
f 6658 6850 6851
f 6659 6852 6660
f 6659 6851 6852
f 6660 6853 6661
f 6660 6852 6853
f 6661 6854 6662
f 6661 6853 6854
f 6662 6855 6663
f 6662 6854 6855
f 6663 6856 6664
f 6663 6855 6856
f 6664 6857 6665
f 6664 6856 6857
f 6665 6858 6666
f 6665 6857 6858
f 6666 6859 6667
f 6666 6858 6859
f 6667 6860 6668
f 6667 6859 6860
f 6668 6861 6669
f 6668 6860 6861
f 6669 6862 6670
f 6669 6861 6862
f 6670 6863 6671
f 6670 6862 6863
f 6671 6864 6672
f 6671 6863 6864
f 6672 6865 6673
f 6672 6864 6865
f 6673 6866 6674
f 6673 6865 6866
f 6674 6867 6675
f 6674 6866 6867
f 6675 6868 6676
f 6675 6867 6868
f 6676 6869 6677
f 6676 6868 6869
f 6677 6870 6678
f 6677 6869 6870
f 6678 6871 6679
f 6678 6870 6871
f 6679 6872 6680
f 6679 6871 6872
f 6680 6873 6681
f 6680 6872 6873
f 6681 6874 6682
f 6681 6873 6874
f 6682 6875 6683
f 6682 6874 6875
f 6683 6876 6684
f 6683 6875 6876
f 6684 6877 6685
f 6684 6876 6877
f 6685 6878 6686
f 6685 6877 6878
f 6686 6879 6687
f 6686 6878 6879
f 6687 6880 6688
f 6687 6879 6880
f 6688 6881 6689
f 6688 6880 6881
f 6689 6882 6690
f 6689 6881 6882
f 6690 6883 6691
f 6690 6882 6883
f 6691 6884 6692
f 6691 6883 6884
f 6692 6885 6693
f 6692 6884 6885
f 6693 6886 6694
f 6693 6885 6886
f 6694 6887 6695
f 6694 6886 6887
f 6695 6888 6696
f 6695 6887 6888
f 6696 6889 6697
f 6696 6888 6889
f 6697 6890 6698
f 6697 6889 6890
f 6698 6891 6699
f 6698 6890 6891
f 6699 6892 6700
f 6699 6891 6892
f 6700 6893 6701
f 6700 6892 6893
f 6701 6894 6702
f 6701 6893 6894
f 6702 6895 6703
f 6702 6894 6895
f 6703 6896 6704
f 6703 6895 6896
f 6704 6897 6705
f 6704 6896 6897
f 6705 6898 6706
f 6705 6897 6898
f 6706 6899 6707
f 6706 6898 6899
f 6707 6900 6708
f 6707 6899 6900
f 6708 6901 6709
f 6708 6900 6901
f 6709 6902 6710
f 6709 6901 6902
f 6710 6903 6711
f 6710 6902 6903
f 6711 6904 6712
f 6711 6903 6904
f 6712 6905 6713
f 6712 6904 6905
f 6713 6906 6714
f 6713 6905 6906
f 6714 6907 6715
f 6714 6906 6907
f 6715 6908 6716
f 6715 6907 6908
f 6716 6909 6717
f 6716 6908 6909
f 6717 6910 6718
f 6717 6909 6910
f 6718 6911 6719
f 6718 6910 6911
f 6719 6912 6720
f 6719 6911 6912
f 6720 6817 6625
f 6720 6912 6817
f 6721 6722 6914
f 6721 6914 6913
f 6722 6723 6915
f 6722 6915 6914
f 6723 6724 6916
f 6723 6916 6915
f 6724 6725 6917
f 6724 6917 6916
f 6725 6726 6918
f 6725 6918 6917
f 6726 6727 6919
f 6726 6919 6918
f 6727 6728 6920
f 6727 6920 6919
f 6728 6729 6921
f 6728 6921 6920
f 6729 6730 6922
f 6729 6922 6921
f 6730 6731 6923
f 6730 6923 6922
f 6731 6732 6924
f 6731 6924 6923
f 6732 6733 6925
f 6732 6925 6924
f 6733 6734 6926
f 6733 6926 6925
f 6734 6735 6927
f 6734 6927 6926
f 6735 6736 6928
f 6735 6928 6927
f 6736 6737 6929
f 6736 6929 6928
f 6737 6738 6930
f 6737 6930 6929
f 6738 6739 6931
f 6738 6931 6930
f 6739 6740 6932
f 6739 6932 6931
f 6740 6741 6933
f 6740 6933 6932
f 6741 6742 6934
f 6741 6934 6933
f 6742 6743 6935
f 6742 6935 6934
f 6743 6744 6936
f 6743 6936 6935
f 6744 6745 6937
f 6744 6937 6936
f 6745 6746 6938
f 6745 6938 6937
f 6746 6747 6939
f 6746 6939 6938
f 6747 6748 6940
f 6747 6940 6939
f 6748 6749 6941
f 6748 6941 6940
f 6749 6750 6942
f 6749 6942 6941
f 6750 6751 6943
f 6750 6943 6942
f 6751 6752 6944
f 6751 6944 6943
f 6752 6753 6945
f 6752 6945 6944
f 6753 6754 6946
f 6753 6946 6945
f 6754 6755 6947
f 6754 6947 6946
f 6755 6756 6948
f 6755 6948 6947
f 6756 6757 6949
f 6756 6949 6948
f 6757 6758 6950
f 6757 6950 6949
f 6758 6759 6951
f 6758 6951 6950
f 6759 6760 6952
f 6759 6952 6951
f 6760 6761 6953
f 6760 6953 6952
f 6761 6762 6954
f 6761 6954 6953
f 6762 6763 6955
f 6762 6955 6954
f 6763 6764 6956
f 6763 6956 6955
f 6764 6765 6957
f 6764 6957 6956
f 6765 6766 6958
f 6765 6958 6957
f 6766 6767 6959
f 6766 6959 6958
f 6767 6768 6960
f 6767 6960 6959
f 6768 6769 6961
f 6768 6961 6960
f 6769 6770 6962
f 6769 6962 6961
f 6770 6771 6963
f 6770 6963 6962
f 6771 6772 6964
f 6771 6964 6963
f 6772 6773 6965
f 6772 6965 6964
f 6773 6774 6966
f 6773 6966 6965
f 6774 6775 6967
f 6774 6967 6966
f 6775 6776 6968
f 6775 6968 6967
f 6776 6777 6969
f 6776 6969 6968
f 6777 6778 6970
f 6777 6970 6969
f 6778 6779 6971
f 6778 6971 6970
f 6779 6780 6972
f 6779 6972 6971
f 6780 6781 6973
f 6780 6973 6972
f 6781 6782 6974
f 6781 6974 6973
f 6782 6783 6975
f 6782 6975 6974
f 6783 6784 6976
f 6783 6976 6975
f 6784 6785 6977
f 6784 6977 6976
f 6785 6786 6978
f 6785 6978 6977
f 6786 6787 6979
f 6786 6979 6978
f 6787 6788 6980
f 6787 6980 6979
f 6788 6789 6981
f 6788 6981 6980
f 6789 6790 6982
f 6789 6982 6981
f 6790 6791 6983
f 6790 6983 6982
f 6791 6792 6984
f 6791 6984 6983
f 6792 6793 6985
f 6792 6985 6984
f 6793 6794 6986
f 6793 6986 6985
f 6794 6795 6987
f 6794 6987 6986
f 6795 6796 6988
f 6795 6988 6987
f 6796 6797 6989
f 6796 6989 6988
f 6797 6798 6990
f 6797 6990 6989
f 6798 6799 6991
f 6798 6991 6990
f 6799 6800 6992
f 6799 6992 6991
f 6800 6801 6993
f 6800 6993 6992
f 6801 6802 6994
f 6801 6994 6993
f 6802 6803 6995
f 6802 6995 6994
f 6803 6804 6996
f 6803 6996 6995
f 6804 6805 6997
f 6804 6997 6996
f 6805 6806 6998
f 6805 6998 6997
f 6806 6807 6999
f 6806 6999 6998
f 6807 6808 7000
f 6807 7000 6999
f 6808 6809 7001
f 6808 7001 7000
f 6809 6810 7002
f 6809 7002 7001
f 6810 6811 7003
f 6810 7003 7002
f 6811 6812 7004
f 6811 7004 7003
f 6812 6813 7005
f 6812 7005 7004
f 6813 6814 7006
f 6813 7006 7005
f 6814 6815 7007
f 6814 7007 7006
f 6815 6816 7008
f 6815 7008 7007
f 6816 6721 6913
f 6816 6913 7008
f 6817 7010 6818
f 6817 7009 7010
f 6818 7011 6819
f 6818 7010 7011
f 6819 7012 6820
f 6819 7011 7012
f 6820 7013 6821
f 6820 7012 7013
f 6821 7014 6822
f 6821 7013 7014
f 6822 7015 6823
f 6822 7014 7015
f 6823 7016 6824
f 6823 7015 7016
f 6824 7017 6825
f 6824 7016 7017
f 6825 7018 6826
f 6825 7017 7018
f 6826 7019 6827
f 6826 7018 7019
f 6827 7020 6828
f 6827 7019 7020
f 6828 7021 6829
f 6828 7020 7021
f 6829 7022 6830
f 6829 7021 7022
f 6830 7023 6831
f 6830 7022 7023
f 6831 7024 6832
f 6831 7023 7024
f 6832 7025 6833
f 6832 7024 7025
f 6833 7026 6834
f 6833 7025 7026
f 6834 7027 6835
f 6834 7026 7027
f 6835 7028 6836
f 6835 7027 7028
f 6836 7029 6837
f 6836 7028 7029
f 6837 7030 6838
f 6837 7029 7030
f 6838 7031 6839
f 6838 7030 7031
f 6839 7032 6840
f 6839 7031 7032
f 6840 7033 6841
f 6840 7032 7033
f 6841 7034 6842
f 6841 7033 7034
f 6842 7035 6843
f 6842 7034 7035
f 6843 7036 6844
f 6843 7035 7036
f 6844 7037 6845
f 6844 7036 7037
f 6845 7038 6846
f 6845 7037 7038
f 6846 7039 6847
f 6846 7038 7039
f 6847 7040 6848
f 6847 7039 7040
f 6848 7041 6849
f 6848 7040 7041
f 6849 7042 6850
f 6849 7041 7042
f 6850 7043 6851
f 6850 7042 7043
f 6851 7044 6852
f 6851 7043 7044
f 6852 7045 6853
f 6852 7044 7045
f 6853 7046 6854
f 6853 7045 7046
f 6854 7047 6855
f 6854 7046 7047
f 6855 7048 6856
f 6855 7047 7048
f 6856 7049 6857
f 6856 7048 7049
f 6857 7050 6858
f 6857 7049 7050
f 6858 7051 6859
f 6858 7050 7051
f 6859 7052 6860
f 6859 7051 7052
f 6860 7053 6861
f 6860 7052 7053
f 6861 7054 6862
f 6861 7053 7054
f 6862 7055 6863
f 6862 7054 7055
f 6863 7056 6864
f 6863 7055 7056
f 6864 7057 6865
f 6864 7056 7057
f 6865 7058 6866
f 6865 7057 7058
f 6866 7059 6867
f 6866 7058 7059
f 6867 7060 6868
f 6867 7059 7060
f 6868 7061 6869
f 6868 7060 7061
f 6869 7062 6870
f 6869 7061 7062
f 6870 7063 6871
f 6870 7062 7063
f 6871 7064 6872
f 6871 7063 7064
f 6872 7065 6873
f 6872 7064 7065
f 6873 7066 6874
f 6873 7065 7066
f 6874 7067 6875
f 6874 7066 7067
f 6875 7068 6876
f 6875 7067 7068
f 6876 7069 6877
f 6876 7068 7069
f 6877 7070 6878
f 6877 7069 7070
f 6878 7071 6879
f 6878 7070 7071
f 6879 7072 6880
f 6879 7071 7072
f 6880 7073 6881
f 6880 7072 7073
f 6881 7074 6882
f 6881 7073 7074
f 6882 7075 6883
f 6882 7074 7075
f 6883 7076 6884
f 6883 7075 7076
f 6884 7077 6885
f 6884 7076 7077
f 6885 7078 6886
f 6885 7077 7078
f 6886 7079 6887
f 6886 7078 7079
f 6887 7080 6888
f 6887 7079 7080
f 6888 7081 6889
f 6888 7080 7081
f 6889 7082 6890
f 6889 7081 7082
f 6890 7083 6891
f 6890 7082 7083
f 6891 7084 6892
f 6891 7083 7084
f 6892 7085 6893
f 6892 7084 7085
f 6893 7086 6894
f 6893 7085 7086
f 6894 7087 6895
f 6894 7086 7087
f 6895 7088 6896
f 6895 7087 7088
f 6896 7089 6897
f 6896 7088 7089
f 6897 7090 6898
f 6897 7089 7090
f 6898 7091 6899
f 6898 7090 7091
f 6899 7092 6900
f 6899 7091 7092
f 6900 7093 6901
f 6900 7092 7093
f 6901 7094 6902
f 6901 7093 7094
f 6902 7095 6903
f 6902 7094 7095
f 6903 7096 6904
f 6903 7095 7096
f 6904 7097 6905
f 6904 7096 7097
f 6905 7098 6906
f 6905 7097 7098
f 6906 7099 6907
f 6906 7098 7099
f 6907 7100 6908
f 6907 7099 7100
f 6908 7101 6909
f 6908 7100 7101
f 6909 7102 6910
f 6909 7101 7102
f 6910 7103 6911
f 6910 7102 7103
f 6911 7104 6912
f 6911 7103 7104
f 6912 7009 6817
f 6912 7104 7009
f 6913 6914 7106
f 6913 7106 7105
f 6914 6915 7107
f 6914 7107 7106
f 6915 6916 7108
f 6915 7108 7107
f 6916 6917 7109
f 6916 7109 7108
f 6917 6918 7110
f 6917 7110 7109
f 6918 6919 7111
f 6918 7111 7110
f 6919 6920 7112
f 6919 7112 7111
f 6920 6921 7113
f 6920 7113 7112
f 6921 6922 7114
f 6921 7114 7113
f 6922 6923 7115
f 6922 7115 7114
f 6923 6924 7116
f 6923 7116 7115
f 6924 6925 7117
f 6924 7117 7116
f 6925 6926 7118
f 6925 7118 7117
f 6926 6927 7119
f 6926 7119 7118
f 6927 6928 7120
f 6927 7120 7119
f 6928 6929 7121
f 6928 7121 7120
f 6929 6930 7122
f 6929 7122 7121
f 6930 6931 7123
f 6930 7123 7122
f 6931 6932 7124
f 6931 7124 7123
f 6932 6933 7125
f 6932 7125 7124
f 6933 6934 7126
f 6933 7126 7125
f 6934 6935 7127
f 6934 7127 7126
f 6935 6936 7128
f 6935 7128 7127
f 6936 6937 7129
f 6936 7129 7128
f 6937 6938 7130
f 6937 7130 7129
f 6938 6939 7131
f 6938 7131 7130
f 6939 6940 7132
f 6939 7132 7131
f 6940 6941 7133
f 6940 7133 7132
f 6941 6942 7134
f 6941 7134 7133
f 6942 6943 7135
f 6942 7135 7134
f 6943 6944 7136
f 6943 7136 7135
f 6944 6945 7137
f 6944 7137 7136
f 6945 6946 7138
f 6945 7138 7137
f 6946 6947 7139
f 6946 7139 7138
f 6947 6948 7140
f 6947 7140 7139
f 6948 6949 7141
f 6948 7141 7140
f 6949 6950 7142
f 6949 7142 7141
f 6950 6951 7143
f 6950 7143 7142
f 6951 6952 7144
f 6951 7144 7143
f 6952 6953 7145
f 6952 7145 7144
f 6953 6954 7146
f 6953 7146 7145
f 6954 6955 7147
f 6954 7147 7146
f 6955 6956 7148
f 6955 7148 7147
f 6956 6957 7149
f 6956 7149 7148
f 6957 6958 7150
f 6957 7150 7149
f 6958 6959 7151
f 6958 7151 7150
f 6959 6960 7152
f 6959 7152 7151
f 6960 6961 7153
f 6960 7153 7152
f 6961 6962 7154
f 6961 7154 7153
f 6962 6963 7155
f 6962 7155 7154
f 6963 6964 7156
f 6963 7156 7155
f 6964 6965 7157
f 6964 7157 7156
f 6965 6966 7158
f 6965 7158 7157
f 6966 6967 7159
f 6966 7159 7158
f 6967 6968 7160
f 6967 7160 7159
f 6968 6969 7161
f 6968 7161 7160
f 6969 6970 7162
f 6969 7162 7161
f 6970 6971 7163
f 6970 7163 7162
f 6971 6972 7164
f 6971 7164 7163
f 6972 6973 7165
f 6972 7165 7164
f 6973 6974 7166
f 6973 7166 7165
f 6974 6975 7167
f 6974 7167 7166
f 6975 6976 7168
f 6975 7168 7167
f 6976 6977 7169
f 6976 7169 7168
f 6977 6978 7170
f 6977 7170 7169
f 6978 6979 7171
f 6978 7171 7170
f 6979 6980 7172
f 6979 7172 7171
f 6980 6981 7173
f 6980 7173 7172
f 6981 6982 7174
f 6981 7174 7173
f 6982 6983 7175
f 6982 7175 7174
f 6983 6984 7176
f 6983 7176 7175
f 6984 6985 7177
f 6984 7177 7176
f 6985 6986 7178
f 6985 7178 7177
f 6986 6987 7179
f 6986 7179 7178
f 6987 6988 7180
f 6987 7180 7179
f 6988 6989 7181
f 6988 7181 7180
f 6989 6990 7182
f 6989 7182 7181
f 6990 6991 7183
f 6990 7183 7182
f 6991 6992 7184
f 6991 7184 7183
f 6992 6993 7185
f 6992 7185 7184
f 6993 6994 7186
f 6993 7186 7185
f 6994 6995 7187
f 6994 7187 7186
f 6995 6996 7188
f 6995 7188 7187
f 6996 6997 7189
f 6996 7189 7188
f 6997 6998 7190
f 6997 7190 7189
f 6998 6999 7191
f 6998 7191 7190
f 6999 7000 7192
f 6999 7192 7191
f 7000 7001 7193
f 7000 7193 7192
f 7001 7002 7194
f 7001 7194 7193
f 7002 7003 7195
f 7002 7195 7194
f 7003 7004 7196
f 7003 7196 7195
f 7004 7005 7197
f 7004 7197 7196
f 7005 7006 7198
f 7005 7198 7197
f 7006 7007 7199
f 7006 7199 7198
f 7007 7008 7200
f 7007 7200 7199
f 7008 6913 7105
f 7008 7105 7200
f 7009 7202 7010
f 7009 7201 7202
f 7010 7203 7011
f 7010 7202 7203
f 7011 7204 7012
f 7011 7203 7204
f 7012 7205 7013
f 7012 7204 7205
f 7013 7206 7014
f 7013 7205 7206
f 7014 7207 7015
f 7014 7206 7207
f 7015 7208 7016
f 7015 7207 7208
f 7016 7209 7017
f 7016 7208 7209
f 7017 7210 7018
f 7017 7209 7210
f 7018 7211 7019
f 7018 7210 7211
f 7019 7212 7020
f 7019 7211 7212
f 7020 7213 7021
f 7020 7212 7213
f 7021 7214 7022
f 7021 7213 7214
f 7022 7215 7023
f 7022 7214 7215
f 7023 7216 7024
f 7023 7215 7216
f 7024 7217 7025
f 7024 7216 7217
f 7025 7218 7026
f 7025 7217 7218
f 7026 7219 7027
f 7026 7218 7219
f 7027 7220 7028
f 7027 7219 7220
f 7028 7221 7029
f 7028 7220 7221
f 7029 7222 7030
f 7029 7221 7222
f 7030 7223 7031
f 7030 7222 7223
f 7031 7224 7032
f 7031 7223 7224
f 7032 7225 7033
f 7032 7224 7225
f 7033 7226 7034
f 7033 7225 7226
f 7034 7227 7035
f 7034 7226 7227
f 7035 7228 7036
f 7035 7227 7228
f 7036 7229 7037
f 7036 7228 7229
f 7037 7230 7038
f 7037 7229 7230
f 7038 7231 7039
f 7038 7230 7231
f 7039 7232 7040
f 7039 7231 7232
f 7040 7233 7041
f 7040 7232 7233
f 7041 7234 7042
f 7041 7233 7234
f 7042 7235 7043
f 7042 7234 7235
f 7043 7236 7044
f 7043 7235 7236
f 7044 7237 7045
f 7044 7236 7237
f 7045 7238 7046
f 7045 7237 7238
f 7046 7239 7047
f 7046 7238 7239
f 7047 7240 7048
f 7047 7239 7240
f 7048 7241 7049
f 7048 7240 7241
f 7049 7242 7050
f 7049 7241 7242
f 7050 7243 7051
f 7050 7242 7243
f 7051 7244 7052
f 7051 7243 7244
f 7052 7245 7053
f 7052 7244 7245
f 7053 7246 7054
f 7053 7245 7246
f 7054 7247 7055
f 7054 7246 7247
f 7055 7248 7056
f 7055 7247 7248
f 7056 7249 7057
f 7056 7248 7249
f 7057 7250 7058
f 7057 7249 7250
f 7058 7251 7059
f 7058 7250 7251
f 7059 7252 7060
f 7059 7251 7252
f 7060 7253 7061
f 7060 7252 7253
f 7061 7254 7062
f 7061 7253 7254
f 7062 7255 7063
f 7062 7254 7255
f 7063 7256 7064
f 7063 7255 7256
f 7064 7257 7065
f 7064 7256 7257
f 7065 7258 7066
f 7065 7257 7258
f 7066 7259 7067
f 7066 7258 7259
f 7067 7260 7068
f 7067 7259 7260
f 7068 7261 7069
f 7068 7260 7261
f 7069 7262 7070
f 7069 7261 7262
f 7070 7263 7071
f 7070 7262 7263
f 7071 7264 7072
f 7071 7263 7264
f 7072 7265 7073
f 7072 7264 7265
f 7073 7266 7074
f 7073 7265 7266
f 7074 7267 7075
f 7074 7266 7267
f 7075 7268 7076
f 7075 7267 7268
f 7076 7269 7077
f 7076 7268 7269
f 7077 7270 7078
f 7077 7269 7270
f 7078 7271 7079
f 7078 7270 7271
f 7079 7272 7080
f 7079 7271 7272
f 7080 7273 7081
f 7080 7272 7273
f 7081 7274 7082
f 7081 7273 7274
f 7082 7275 7083
f 7082 7274 7275
f 7083 7276 7084
f 7083 7275 7276
f 7084 7277 7085
f 7084 7276 7277
f 7085 7278 7086
f 7085 7277 7278
f 7086 7279 7087
f 7086 7278 7279
f 7087 7280 7088
f 7087 7279 7280
f 7088 7281 7089
f 7088 7280 7281
f 7089 7282 7090
f 7089 7281 7282
f 7090 7283 7091
f 7090 7282 7283
f 7091 7284 7092
f 7091 7283 7284
f 7092 7285 7093
f 7092 7284 7285
f 7093 7286 7094
f 7093 7285 7286
f 7094 7287 7095
f 7094 7286 7287
f 7095 7288 7096
f 7095 7287 7288
f 7096 7289 7097
f 7096 7288 7289
f 7097 7290 7098
f 7097 7289 7290
f 7098 7291 7099
f 7098 7290 7291
f 7099 7292 7100
f 7099 7291 7292
f 7100 7293 7101
f 7100 7292 7293
f 7101 7294 7102
f 7101 7293 7294
f 7102 7295 7103
f 7102 7294 7295
f 7103 7296 7104
f 7103 7295 7296
f 7104 7201 7009
f 7104 7296 7201
f 7105 7106 7298
f 7105 7298 7297
f 7106 7107 7299
f 7106 7299 7298
f 7107 7108 7300
f 7107 7300 7299
f 7108 7109 7301
f 7108 7301 7300
f 7109 7110 7302
f 7109 7302 7301
f 7110 7111 7303
f 7110 7303 7302
f 7111 7112 7304
f 7111 7304 7303
f 7112 7113 7305
f 7112 7305 7304
f 7113 7114 7306
f 7113 7306 7305
f 7114 7115 7307
f 7114 7307 7306
f 7115 7116 7308
f 7115 7308 7307
f 7116 7117 7309
f 7116 7309 7308
f 7117 7118 7310
f 7117 7310 7309
f 7118 7119 7311
f 7118 7311 7310
f 7119 7120 7312
f 7119 7312 7311
f 7120 7121 7313
f 7120 7313 7312
f 7121 7122 7314
f 7121 7314 7313
f 7122 7123 7315
f 7122 7315 7314
f 7123 7124 7316
f 7123 7316 7315
f 7124 7125 7317
f 7124 7317 7316
f 7125 7126 7318
f 7125 7318 7317
f 7126 7127 7319
f 7126 7319 7318
f 7127 7128 7320
f 7127 7320 7319
f 7128 7129 7321
f 7128 7321 7320
f 7129 7130 7322
f 7129 7322 7321
f 7130 7131 7323
f 7130 7323 7322
f 7131 7132 7324
f 7131 7324 7323
f 7132 7133 7325
f 7132 7325 7324
f 7133 7134 7326
f 7133 7326 7325
f 7134 7135 7327
f 7134 7327 7326
f 7135 7136 7328
f 7135 7328 7327
f 7136 7137 7329
f 7136 7329 7328
f 7137 7138 7330
f 7137 7330 7329
f 7138 7139 7331
f 7138 7331 7330
f 7139 7140 7332
f 7139 7332 7331
f 7140 7141 7333
f 7140 7333 7332
f 7141 7142 7334
f 7141 7334 7333
f 7142 7143 7335
f 7142 7335 7334
f 7143 7144 7336
f 7143 7336 7335
f 7144 7145 7337
f 7144 7337 7336
f 7145 7146 7338
f 7145 7338 7337
f 7146 7147 7339
f 7146 7339 7338
f 7147 7148 7340
f 7147 7340 7339
f 7148 7149 7341
f 7148 7341 7340
f 7149 7150 7342
f 7149 7342 7341
f 7150 7151 7343
f 7150 7343 7342
f 7151 7152 7344
f 7151 7344 7343
f 7152 7153 7345
f 7152 7345 7344
f 7153 7154 7346
f 7153 7346 7345
f 7154 7155 7347
f 7154 7347 7346
f 7155 7156 7348
f 7155 7348 7347
f 7156 7157 7349
f 7156 7349 7348
f 7157 7158 7350
f 7157 7350 7349
f 7158 7159 7351
f 7158 7351 7350
f 7159 7160 7352
f 7159 7352 7351
f 7160 7161 7353
f 7160 7353 7352
f 7161 7162 7354
f 7161 7354 7353
f 7162 7163 7355
f 7162 7355 7354
f 7163 7164 7356
f 7163 7356 7355
f 7164 7165 7357
f 7164 7357 7356
f 7165 7166 7358
f 7165 7358 7357
f 7166 7167 7359
f 7166 7359 7358
f 7167 7168 7360
f 7167 7360 7359
f 7168 7169 7361
f 7168 7361 7360
f 7169 7170 7362
f 7169 7362 7361
f 7170 7171 7363
f 7170 7363 7362
f 7171 7172 7364
f 7171 7364 7363
f 7172 7173 7365
f 7172 7365 7364
f 7173 7174 7366
f 7173 7366 7365
f 7174 7175 7367
f 7174 7367 7366
f 7175 7176 7368
f 7175 7368 7367
f 7176 7177 7369
f 7176 7369 7368
f 7177 7178 7370
f 7177 7370 7369
f 7178 7179 7371
f 7178 7371 7370
f 7179 7180 7372
f 7179 7372 7371
f 7180 7181 7373
f 7180 7373 7372
f 7181 7182 7374
f 7181 7374 7373
f 7182 7183 7375
f 7182 7375 7374
f 7183 7184 7376
f 7183 7376 7375
f 7184 7185 7377
f 7184 7377 7376
f 7185 7186 7378
f 7185 7378 7377
f 7186 7187 7379
f 7186 7379 7378
f 7187 7188 7380
f 7187 7380 7379
f 7188 7189 7381
f 7188 7381 7380
f 7189 7190 7382
f 7189 7382 7381
f 7190 7191 7383
f 7190 7383 7382
f 7191 7192 7384
f 7191 7384 7383
f 7192 7193 7385
f 7192 7385 7384
f 7193 7194 7386
f 7193 7386 7385
f 7194 7195 7387
f 7194 7387 7386
f 7195 7196 7388
f 7195 7388 7387
f 7196 7197 7389
f 7196 7389 7388
f 7197 7198 7390
f 7197 7390 7389
f 7198 7199 7391
f 7198 7391 7390
f 7199 7200 7392
f 7199 7392 7391
f 7200 7105 7297
f 7200 7297 7392
f 7201 7394 7202
f 7201 7393 7394
f 7202 7395 7203
f 7202 7394 7395
f 7203 7396 7204
f 7203 7395 7396
f 7204 7397 7205
f 7204 7396 7397
f 7205 7398 7206
f 7205 7397 7398
f 7206 7399 7207
f 7206 7398 7399
f 7207 7400 7208
f 7207 7399 7400
f 7208 7401 7209
f 7208 7400 7401
f 7209 7402 7210
f 7209 7401 7402
f 7210 7403 7211
f 7210 7402 7403
f 7211 7404 7212
f 7211 7403 7404
f 7212 7405 7213
f 7212 7404 7405
f 7213 7406 7214
f 7213 7405 7406
f 7214 7407 7215
f 7214 7406 7407
f 7215 7408 7216
f 7215 7407 7408
f 7216 7409 7217
f 7216 7408 7409
f 7217 7410 7218
f 7217 7409 7410
f 7218 7411 7219
f 7218 7410 7411
f 7219 7412 7220
f 7219 7411 7412
f 7220 7413 7221
f 7220 7412 7413
f 7221 7414 7222
f 7221 7413 7414
f 7222 7415 7223
f 7222 7414 7415
f 7223 7416 7224
f 7223 7415 7416
f 7224 7417 7225
f 7224 7416 7417
f 7225 7418 7226
f 7225 7417 7418
f 7226 7419 7227
f 7226 7418 7419
f 7227 7420 7228
f 7227 7419 7420
f 7228 7421 7229
f 7228 7420 7421
f 7229 7422 7230
f 7229 7421 7422
f 7230 7423 7231
f 7230 7422 7423
f 7231 7424 7232
f 7231 7423 7424
f 7232 7425 7233
f 7232 7424 7425
f 7233 7426 7234
f 7233 7425 7426
f 7234 7427 7235
f 7234 7426 7427
f 7235 7428 7236
f 7235 7427 7428
f 7236 7429 7237
f 7236 7428 7429
f 7237 7430 7238
f 7237 7429 7430
f 7238 7431 7239
f 7238 7430 7431
f 7239 7432 7240
f 7239 7431 7432
f 7240 7433 7241
f 7240 7432 7433
f 7241 7434 7242
f 7241 7433 7434
f 7242 7435 7243
f 7242 7434 7435
f 7243 7436 7244
f 7243 7435 7436
f 7244 7437 7245
f 7244 7436 7437
f 7245 7438 7246
f 7245 7437 7438
f 7246 7439 7247
f 7246 7438 7439
f 7247 7440 7248
f 7247 7439 7440
f 7248 7441 7249
f 7248 7440 7441
f 7249 7442 7250
f 7249 7441 7442
f 7250 7443 7251
f 7250 7442 7443
f 7251 7444 7252
f 7251 7443 7444
f 7252 7445 7253
f 7252 7444 7445
f 7253 7446 7254
f 7253 7445 7446
f 7254 7447 7255
f 7254 7446 7447
f 7255 7448 7256
f 7255 7447 7448
f 7256 7449 7257
f 7256 7448 7449
f 7257 7450 7258
f 7257 7449 7450
f 7258 7451 7259
f 7258 7450 7451
f 7259 7452 7260
f 7259 7451 7452
f 7260 7453 7261
f 7260 7452 7453
f 7261 7454 7262
f 7261 7453 7454
f 7262 7455 7263
f 7262 7454 7455
f 7263 7456 7264
f 7263 7455 7456
f 7264 7457 7265
f 7264 7456 7457
f 7265 7458 7266
f 7265 7457 7458
f 7266 7459 7267
f 7266 7458 7459
f 7267 7460 7268
f 7267 7459 7460
f 7268 7461 7269
f 7268 7460 7461
f 7269 7462 7270
f 7269 7461 7462
f 7270 7463 7271
f 7270 7462 7463
f 7271 7464 7272
f 7271 7463 7464
f 7272 7465 7273
f 7272 7464 7465
f 7273 7466 7274
f 7273 7465 7466
f 7274 7467 7275
f 7274 7466 7467
f 7275 7468 7276
f 7275 7467 7468
f 7276 7469 7277
f 7276 7468 7469
f 7277 7470 7278
f 7277 7469 7470
f 7278 7471 7279
f 7278 7470 7471
f 7279 7472 7280
f 7279 7471 7472
f 7280 7473 7281
f 7280 7472 7473
f 7281 7474 7282
f 7281 7473 7474
f 7282 7475 7283
f 7282 7474 7475
f 7283 7476 7284
f 7283 7475 7476
f 7284 7477 7285
f 7284 7476 7477
f 7285 7478 7286
f 7285 7477 7478
f 7286 7479 7287
f 7286 7478 7479
f 7287 7480 7288
f 7287 7479 7480
f 7288 7481 7289
f 7288 7480 7481
f 7289 7482 7290
f 7289 7481 7482
f 7290 7483 7291
f 7290 7482 7483
f 7291 7484 7292
f 7291 7483 7484
f 7292 7485 7293
f 7292 7484 7485
f 7293 7486 7294
f 7293 7485 7486
f 7294 7487 7295
f 7294 7486 7487
f 7295 7488 7296
f 7295 7487 7488
f 7296 7393 7201
f 7296 7488 7393
f 7297 7298 7490
f 7297 7490 7489
f 7298 7299 7491
f 7298 7491 7490
f 7299 7300 7492
f 7299 7492 7491
f 7300 7301 7493
f 7300 7493 7492
f 7301 7302 7494
f 7301 7494 7493
f 7302 7303 7495
f 7302 7495 7494
f 7303 7304 7496
f 7303 7496 7495
f 7304 7305 7497
f 7304 7497 7496
f 7305 7306 7498
f 7305 7498 7497
f 7306 7307 7499
f 7306 7499 7498
f 7307 7308 7500
f 7307 7500 7499
f 7308 7309 7501
f 7308 7501 7500
f 7309 7310 7502
f 7309 7502 7501
f 7310 7311 7503
f 7310 7503 7502
f 7311 7312 7504
f 7311 7504 7503
f 7312 7313 7505
f 7312 7505 7504
f 7313 7314 7506
f 7313 7506 7505
f 7314 7315 7507
f 7314 7507 7506
f 7315 7316 7508
f 7315 7508 7507
f 7316 7317 7509
f 7316 7509 7508
f 7317 7318 7510
f 7317 7510 7509
f 7318 7319 7511
f 7318 7511 7510
f 7319 7320 7512
f 7319 7512 7511
f 7320 7321 7513
f 7320 7513 7512
f 7321 7322 7514
f 7321 7514 7513
f 7322 7323 7515
f 7322 7515 7514
f 7323 7324 7516
f 7323 7516 7515
f 7324 7325 7517
f 7324 7517 7516
f 7325 7326 7518
f 7325 7518 7517
f 7326 7327 7519
f 7326 7519 7518
f 7327 7328 7520
f 7327 7520 7519
f 7328 7329 7521
f 7328 7521 7520
f 7329 7330 7522
f 7329 7522 7521
f 7330 7331 7523
f 7330 7523 7522
f 7331 7332 7524
f 7331 7524 7523
f 7332 7333 7525
f 7332 7525 7524
f 7333 7334 7526
f 7333 7526 7525
f 7334 7335 7527
f 7334 7527 7526
f 7335 7336 7528
f 7335 7528 7527
f 7336 7337 7529
f 7336 7529 7528
f 7337 7338 7530
f 7337 7530 7529
f 7338 7339 7531
f 7338 7531 7530
f 7339 7340 7532
f 7339 7532 7531
f 7340 7341 7533
f 7340 7533 7532
f 7341 7342 7534
f 7341 7534 7533
f 7342 7343 7535
f 7342 7535 7534
f 7343 7344 7536
f 7343 7536 7535
f 7344 7345 7537
f 7344 7537 7536
f 7345 7346 7538
f 7345 7538 7537
f 7346 7347 7539
f 7346 7539 7538
f 7347 7348 7540
f 7347 7540 7539
f 7348 7349 7541
f 7348 7541 7540
f 7349 7350 7542
f 7349 7542 7541
f 7350 7351 7543
f 7350 7543 7542
f 7351 7352 7544
f 7351 7544 7543
f 7352 7353 7545
f 7352 7545 7544
f 7353 7354 7546
f 7353 7546 7545
f 7354 7355 7547
f 7354 7547 7546
f 7355 7356 7548
f 7355 7548 7547
f 7356 7357 7549
f 7356 7549 7548
f 7357 7358 7550
f 7357 7550 7549
f 7358 7359 7551
f 7358 7551 7550
f 7359 7360 7552
f 7359 7552 7551
f 7360 7361 7553
f 7360 7553 7552
f 7361 7362 7554
f 7361 7554 7553
f 7362 7363 7555
f 7362 7555 7554
f 7363 7364 7556
f 7363 7556 7555
f 7364 7365 7557
f 7364 7557 7556
f 7365 7366 7558
f 7365 7558 7557
f 7366 7367 7559
f 7366 7559 7558
f 7367 7368 7560
f 7367 7560 7559
f 7368 7369 7561
f 7368 7561 7560
f 7369 7370 7562
f 7369 7562 7561
f 7370 7371 7563
f 7370 7563 7562
f 7371 7372 7564
f 7371 7564 7563
f 7372 7373 7565
f 7372 7565 7564
f 7373 7374 7566
f 7373 7566 7565
f 7374 7375 7567
f 7374 7567 7566
f 7375 7376 7568
f 7375 7568 7567
f 7376 7377 7569
f 7376 7569 7568
f 7377 7378 7570
f 7377 7570 7569
f 7378 7379 7571
f 7378 7571 7570
f 7379 7380 7572
f 7379 7572 7571
f 7380 7381 7573
f 7380 7573 7572
f 7381 7382 7574
f 7381 7574 7573
f 7382 7383 7575
f 7382 7575 7574
f 7383 7384 7576
f 7383 7576 7575
f 7384 7385 7577
f 7384 7577 7576
f 7385 7386 7578
f 7385 7578 7577
f 7386 7387 7579
f 7386 7579 7578
f 7387 7388 7580
f 7387 7580 7579
f 7388 7389 7581
f 7388 7581 7580
f 7389 7390 7582
f 7389 7582 7581
f 7390 7391 7583
f 7390 7583 7582
f 7391 7392 7584
f 7391 7584 7583
f 7392 7297 7489
f 7392 7489 7584
f 7393 7586 7394
f 7393 7585 7586
f 7394 7587 7395
f 7394 7586 7587
f 7395 7588 7396
f 7395 7587 7588
f 7396 7589 7397
f 7396 7588 7589
f 7397 7590 7398
f 7397 7589 7590
f 7398 7591 7399
f 7398 7590 7591
f 7399 7592 7400
f 7399 7591 7592
f 7400 7593 7401
f 7400 7592 7593
f 7401 7594 7402
f 7401 7593 7594
f 7402 7595 7403
f 7402 7594 7595
f 7403 7596 7404
f 7403 7595 7596
f 7404 7597 7405
f 7404 7596 7597
f 7405 7598 7406
f 7405 7597 7598
f 7406 7599 7407
f 7406 7598 7599
f 7407 7600 7408
f 7407 7599 7600
f 7408 7601 7409
f 7408 7600 7601
f 7409 7602 7410
f 7409 7601 7602
f 7410 7603 7411
f 7410 7602 7603
f 7411 7604 7412
f 7411 7603 7604
f 7412 7605 7413
f 7412 7604 7605
f 7413 7606 7414
f 7413 7605 7606
f 7414 7607 7415
f 7414 7606 7607
f 7415 7608 7416
f 7415 7607 7608
f 7416 7609 7417
f 7416 7608 7609
f 7417 7610 7418
f 7417 7609 7610
f 7418 7611 7419
f 7418 7610 7611
f 7419 7612 7420
f 7419 7611 7612
f 7420 7613 7421
f 7420 7612 7613
f 7421 7614 7422
f 7421 7613 7614
f 7422 7615 7423
f 7422 7614 7615
f 7423 7616 7424
f 7423 7615 7616
f 7424 7617 7425
f 7424 7616 7617
f 7425 7618 7426
f 7425 7617 7618
f 7426 7619 7427
f 7426 7618 7619
f 7427 7620 7428
f 7427 7619 7620
f 7428 7621 7429
f 7428 7620 7621
f 7429 7622 7430
f 7429 7621 7622
f 7430 7623 7431
f 7430 7622 7623
f 7431 7624 7432
f 7431 7623 7624
f 7432 7625 7433
f 7432 7624 7625
f 7433 7626 7434
f 7433 7625 7626
f 7434 7627 7435
f 7434 7626 7627
f 7435 7628 7436
f 7435 7627 7628
f 7436 7629 7437
f 7436 7628 7629
f 7437 7630 7438
f 7437 7629 7630
f 7438 7631 7439
f 7438 7630 7631
f 7439 7632 7440
f 7439 7631 7632
f 7440 7633 7441
f 7440 7632 7633
f 7441 7634 7442
f 7441 7633 7634
f 7442 7635 7443
f 7442 7634 7635
f 7443 7636 7444
f 7443 7635 7636
f 7444 7637 7445
f 7444 7636 7637
f 7445 7638 7446
f 7445 7637 7638
f 7446 7639 7447
f 7446 7638 7639
f 7447 7640 7448
f 7447 7639 7640
f 7448 7641 7449
f 7448 7640 7641
f 7449 7642 7450
f 7449 7641 7642
f 7450 7643 7451
f 7450 7642 7643
f 7451 7644 7452
f 7451 7643 7644
f 7452 7645 7453
f 7452 7644 7645
f 7453 7646 7454
f 7453 7645 7646
f 7454 7647 7455
f 7454 7646 7647
f 7455 7648 7456
f 7455 7647 7648
f 7456 7649 7457
f 7456 7648 7649
f 7457 7650 7458
f 7457 7649 7650
f 7458 7651 7459
f 7458 7650 7651
f 7459 7652 7460
f 7459 7651 7652
f 7460 7653 7461
f 7460 7652 7653
f 7461 7654 7462
f 7461 7653 7654
f 7462 7655 7463
f 7462 7654 7655
f 7463 7656 7464
f 7463 7655 7656
f 7464 7657 7465
f 7464 7656 7657
f 7465 7658 7466
f 7465 7657 7658
f 7466 7659 7467
f 7466 7658 7659
f 7467 7660 7468
f 7467 7659 7660
f 7468 7661 7469
f 7468 7660 7661
f 7469 7662 7470
f 7469 7661 7662
f 7470 7663 7471
f 7470 7662 7663
f 7471 7664 7472
f 7471 7663 7664
f 7472 7665 7473
f 7472 7664 7665
f 7473 7666 7474
f 7473 7665 7666
f 7474 7667 7475
f 7474 7666 7667
f 7475 7668 7476
f 7475 7667 7668
f 7476 7669 7477
f 7476 7668 7669
f 7477 7670 7478
f 7477 7669 7670
f 7478 7671 7479
f 7478 7670 7671
f 7479 7672 7480
f 7479 7671 7672
f 7480 7673 7481
f 7480 7672 7673
f 7481 7674 7482
f 7481 7673 7674
f 7482 7675 7483
f 7482 7674 7675
f 7483 7676 7484
f 7483 7675 7676
f 7484 7677 7485
f 7484 7676 7677
f 7485 7678 7486
f 7485 7677 7678
f 7486 7679 7487
f 7486 7678 7679
f 7487 7680 7488
f 7487 7679 7680
f 7488 7585 7393
f 7488 7680 7585
f 7489 7490 7682
f 7489 7682 7681
f 7490 7491 7683
f 7490 7683 7682
f 7491 7492 7684
f 7491 7684 7683
f 7492 7493 7685
f 7492 7685 7684
f 7493 7494 7686
f 7493 7686 7685
f 7494 7495 7687
f 7494 7687 7686
f 7495 7496 7688
f 7495 7688 7687
f 7496 7497 7689
f 7496 7689 7688
f 7497 7498 7690
f 7497 7690 7689
f 7498 7499 7691
f 7498 7691 7690
f 7499 7500 7692
f 7499 7692 7691
f 7500 7501 7693
f 7500 7693 7692
f 7501 7502 7694
f 7501 7694 7693
f 7502 7503 7695
f 7502 7695 7694
f 7503 7504 7696
f 7503 7696 7695
f 7504 7505 7697
f 7504 7697 7696
f 7505 7506 7698
f 7505 7698 7697
f 7506 7507 7699
f 7506 7699 7698
f 7507 7508 7700
f 7507 7700 7699
f 7508 7509 7701
f 7508 7701 7700
f 7509 7510 7702
f 7509 7702 7701
f 7510 7511 7703
f 7510 7703 7702
f 7511 7512 7704
f 7511 7704 7703
f 7512 7513 7705
f 7512 7705 7704
f 7513 7514 7706
f 7513 7706 7705
f 7514 7515 7707
f 7514 7707 7706
f 7515 7516 7708
f 7515 7708 7707
f 7516 7517 7709
f 7516 7709 7708
f 7517 7518 7710
f 7517 7710 7709
f 7518 7519 7711
f 7518 7711 7710
f 7519 7520 7712
f 7519 7712 7711
f 7520 7521 7713
f 7520 7713 7712
f 7521 7522 7714
f 7521 7714 7713
f 7522 7523 7715
f 7522 7715 7714
f 7523 7524 7716
f 7523 7716 7715
f 7524 7525 7717
f 7524 7717 7716
f 7525 7526 7718
f 7525 7718 7717
f 7526 7527 7719
f 7526 7719 7718
f 7527 7528 7720
f 7527 7720 7719
f 7528 7529 7721
f 7528 7721 7720
f 7529 7530 7722
f 7529 7722 7721
f 7530 7531 7723
f 7530 7723 7722
f 7531 7532 7724
f 7531 7724 7723
f 7532 7533 7725
f 7532 7725 7724
f 7533 7534 7726
f 7533 7726 7725
f 7534 7535 7727
f 7534 7727 7726
f 7535 7536 7728
f 7535 7728 7727
f 7536 7537 7729
f 7536 7729 7728
f 7537 7538 7730
f 7537 7730 7729
f 7538 7539 7731
f 7538 7731 7730
f 7539 7540 7732
f 7539 7732 7731
f 7540 7541 7733
f 7540 7733 7732
f 7541 7542 7734
f 7541 7734 7733
f 7542 7543 7735
f 7542 7735 7734
f 7543 7544 7736
f 7543 7736 7735
f 7544 7545 7737
f 7544 7737 7736
f 7545 7546 7738
f 7545 7738 7737
f 7546 7547 7739
f 7546 7739 7738
f 7547 7548 7740
f 7547 7740 7739
f 7548 7549 7741
f 7548 7741 7740
f 7549 7550 7742
f 7549 7742 7741
f 7550 7551 7743
f 7550 7743 7742
f 7551 7552 7744
f 7551 7744 7743
f 7552 7553 7745
f 7552 7745 7744
f 7553 7554 7746
f 7553 7746 7745
f 7554 7555 7747
f 7554 7747 7746
f 7555 7556 7748
f 7555 7748 7747
f 7556 7557 7749
f 7556 7749 7748
f 7557 7558 7750
f 7557 7750 7749
f 7558 7559 7751
f 7558 7751 7750
f 7559 7560 7752
f 7559 7752 7751
f 7560 7561 7753
f 7560 7753 7752
f 7561 7562 7754
f 7561 7754 7753
f 7562 7563 7755
f 7562 7755 7754
f 7563 7564 7756
f 7563 7756 7755
f 7564 7565 7757
f 7564 7757 7756
f 7565 7566 7758
f 7565 7758 7757
f 7566 7567 7759
f 7566 7759 7758
f 7567 7568 7760
f 7567 7760 7759
f 7568 7569 7761
f 7568 7761 7760
f 7569 7570 7762
f 7569 7762 7761
f 7570 7571 7763
f 7570 7763 7762
f 7571 7572 7764
f 7571 7764 7763
f 7572 7573 7765
f 7572 7765 7764
f 7573 7574 7766
f 7573 7766 7765
f 7574 7575 7767
f 7574 7767 7766
f 7575 7576 7768
f 7575 7768 7767
f 7576 7577 7769
f 7576 7769 7768
f 7577 7578 7770
f 7577 7770 7769
f 7578 7579 7771
f 7578 7771 7770
f 7579 7580 7772
f 7579 7772 7771
f 7580 7581 7773
f 7580 7773 7772
f 7581 7582 7774
f 7581 7774 7773
f 7582 7583 7775
f 7582 7775 7774
f 7583 7584 7776
f 7583 7776 7775
f 7584 7489 7681
f 7584 7681 7776
f 7585 7778 7586
f 7585 7777 7778
f 7586 7779 7587
f 7586 7778 7779
f 7587 7780 7588
f 7587 7779 7780
f 7588 7781 7589
f 7588 7780 7781
f 7589 7782 7590
f 7589 7781 7782
f 7590 7783 7591
f 7590 7782 7783
f 7591 7784 7592
f 7591 7783 7784
f 7592 7785 7593
f 7592 7784 7785
f 7593 7786 7594
f 7593 7785 7786
f 7594 7787 7595
f 7594 7786 7787
f 7595 7788 7596
f 7595 7787 7788
f 7596 7789 7597
f 7596 7788 7789
f 7597 7790 7598
f 7597 7789 7790
f 7598 7791 7599
f 7598 7790 7791
f 7599 7792 7600
f 7599 7791 7792
f 7600 7793 7601
f 7600 7792 7793
f 7601 7794 7602
f 7601 7793 7794
f 7602 7795 7603
f 7602 7794 7795
f 7603 7796 7604
f 7603 7795 7796
f 7604 7797 7605
f 7604 7796 7797
f 7605 7798 7606
f 7605 7797 7798
f 7606 7799 7607
f 7606 7798 7799
f 7607 7800 7608
f 7607 7799 7800
f 7608 7801 7609
f 7608 7800 7801
f 7609 7802 7610
f 7609 7801 7802
f 7610 7803 7611
f 7610 7802 7803
f 7611 7804 7612
f 7611 7803 7804
f 7612 7805 7613
f 7612 7804 7805
f 7613 7806 7614
f 7613 7805 7806
f 7614 7807 7615
f 7614 7806 7807
f 7615 7808 7616
f 7615 7807 7808
f 7616 7809 7617
f 7616 7808 7809
f 7617 7810 7618
f 7617 7809 7810
f 7618 7811 7619
f 7618 7810 7811
f 7619 7812 7620
f 7619 7811 7812
f 7620 7813 7621
f 7620 7812 7813
f 7621 7814 7622
f 7621 7813 7814
f 7622 7815 7623
f 7622 7814 7815
f 7623 7816 7624
f 7623 7815 7816
f 7624 7817 7625
f 7624 7816 7817
f 7625 7818 7626
f 7625 7817 7818
f 7626 7819 7627
f 7626 7818 7819
f 7627 7820 7628
f 7627 7819 7820
f 7628 7821 7629
f 7628 7820 7821
f 7629 7822 7630
f 7629 7821 7822
f 7630 7823 7631
f 7630 7822 7823
f 7631 7824 7632
f 7631 7823 7824
f 7632 7825 7633
f 7632 7824 7825
f 7633 7826 7634
f 7633 7825 7826
f 7634 7827 7635
f 7634 7826 7827
f 7635 7828 7636
f 7635 7827 7828
f 7636 7829 7637
f 7636 7828 7829
f 7637 7830 7638
f 7637 7829 7830
f 7638 7831 7639
f 7638 7830 7831
f 7639 7832 7640
f 7639 7831 7832
f 7640 7833 7641
f 7640 7832 7833
f 7641 7834 7642
f 7641 7833 7834
f 7642 7835 7643
f 7642 7834 7835
f 7643 7836 7644
f 7643 7835 7836
f 7644 7837 7645
f 7644 7836 7837
f 7645 7838 7646
f 7645 7837 7838
f 7646 7839 7647
f 7646 7838 7839
f 7647 7840 7648
f 7647 7839 7840
f 7648 7841 7649
f 7648 7840 7841
f 7649 7842 7650
f 7649 7841 7842
f 7650 7843 7651
f 7650 7842 7843
f 7651 7844 7652
f 7651 7843 7844
f 7652 7845 7653
f 7652 7844 7845
f 7653 7846 7654
f 7653 7845 7846
f 7654 7847 7655
f 7654 7846 7847
f 7655 7848 7656
f 7655 7847 7848
f 7656 7849 7657
f 7656 7848 7849
f 7657 7850 7658
f 7657 7849 7850
f 7658 7851 7659
f 7658 7850 7851
f 7659 7852 7660
f 7659 7851 7852
f 7660 7853 7661
f 7660 7852 7853
f 7661 7854 7662
f 7661 7853 7854
f 7662 7855 7663
f 7662 7854 7855
f 7663 7856 7664
f 7663 7855 7856
f 7664 7857 7665
f 7664 7856 7857
f 7665 7858 7666
f 7665 7857 7858
f 7666 7859 7667
f 7666 7858 7859
f 7667 7860 7668
f 7667 7859 7860
f 7668 7861 7669
f 7668 7860 7861
f 7669 7862 7670
f 7669 7861 7862
f 7670 7863 7671
f 7670 7862 7863
f 7671 7864 7672
f 7671 7863 7864
f 7672 7865 7673
f 7672 7864 7865
f 7673 7866 7674
f 7673 7865 7866
f 7674 7867 7675
f 7674 7866 7867
f 7675 7868 7676
f 7675 7867 7868
f 7676 7869 7677
f 7676 7868 7869
f 7677 7870 7678
f 7677 7869 7870
f 7678 7871 7679
f 7678 7870 7871
f 7679 7872 7680
f 7679 7871 7872
f 7680 7777 7585
f 7680 7872 7777
f 7681 7682 7874
f 7681 7874 7873
f 7682 7683 7875
f 7682 7875 7874
f 7683 7684 7876
f 7683 7876 7875
f 7684 7685 7877
f 7684 7877 7876
f 7685 7686 7878
f 7685 7878 7877
f 7686 7687 7879
f 7686 7879 7878
f 7687 7688 7880
f 7687 7880 7879
f 7688 7689 7881
f 7688 7881 7880
f 7689 7690 7882
f 7689 7882 7881
f 7690 7691 7883
f 7690 7883 7882
f 7691 7692 7884
f 7691 7884 7883
f 7692 7693 7885
f 7692 7885 7884
f 7693 7694 7886
f 7693 7886 7885
f 7694 7695 7887
f 7694 7887 7886
f 7695 7696 7888
f 7695 7888 7887
f 7696 7697 7889
f 7696 7889 7888
f 7697 7698 7890
f 7697 7890 7889
f 7698 7699 7891
f 7698 7891 7890
f 7699 7700 7892
f 7699 7892 7891
f 7700 7701 7893
f 7700 7893 7892
f 7701 7702 7894
f 7701 7894 7893
f 7702 7703 7895
f 7702 7895 7894
f 7703 7704 7896
f 7703 7896 7895
f 7704 7705 7897
f 7704 7897 7896
f 7705 7706 7898
f 7705 7898 7897
f 7706 7707 7899
f 7706 7899 7898
f 7707 7708 7900
f 7707 7900 7899
f 7708 7709 7901
f 7708 7901 7900
f 7709 7710 7902
f 7709 7902 7901
f 7710 7711 7903
f 7710 7903 7902
f 7711 7712 7904
f 7711 7904 7903
f 7712 7713 7905
f 7712 7905 7904
f 7713 7714 7906
f 7713 7906 7905
f 7714 7715 7907
f 7714 7907 7906
f 7715 7716 7908
f 7715 7908 7907
f 7716 7717 7909
f 7716 7909 7908
f 7717 7718 7910
f 7717 7910 7909
f 7718 7719 7911
f 7718 7911 7910
f 7719 7720 7912
f 7719 7912 7911
f 7720 7721 7913
f 7720 7913 7912
f 7721 7722 7914
f 7721 7914 7913
f 7722 7723 7915
f 7722 7915 7914
f 7723 7724 7916
f 7723 7916 7915
f 7724 7725 7917
f 7724 7917 7916
f 7725 7726 7918
f 7725 7918 7917
f 7726 7727 7919
f 7726 7919 7918
f 7727 7728 7920
f 7727 7920 7919
f 7728 7729 7921
f 7728 7921 7920
f 7729 7730 7922
f 7729 7922 7921
f 7730 7731 7923
f 7730 7923 7922
f 7731 7732 7924
f 7731 7924 7923
f 7732 7733 7925
f 7732 7925 7924
f 7733 7734 7926
f 7733 7926 7925
f 7734 7735 7927
f 7734 7927 7926
f 7735 7736 7928
f 7735 7928 7927
f 7736 7737 7929
f 7736 7929 7928
f 7737 7738 7930
f 7737 7930 7929
f 7738 7739 7931
f 7738 7931 7930
f 7739 7740 7932
f 7739 7932 7931
f 7740 7741 7933
f 7740 7933 7932
f 7741 7742 7934
f 7741 7934 7933
f 7742 7743 7935
f 7742 7935 7934
f 7743 7744 7936
f 7743 7936 7935
f 7744 7745 7937
f 7744 7937 7936
f 7745 7746 7938
f 7745 7938 7937
f 7746 7747 7939
f 7746 7939 7938
f 7747 7748 7940
f 7747 7940 7939
f 7748 7749 7941
f 7748 7941 7940
f 7749 7750 7942
f 7749 7942 7941
f 7750 7751 7943
f 7750 7943 7942
f 7751 7752 7944
f 7751 7944 7943
f 7752 7753 7945
f 7752 7945 7944
f 7753 7754 7946
f 7753 7946 7945
f 7754 7755 7947
f 7754 7947 7946
f 7755 7756 7948
f 7755 7948 7947
f 7756 7757 7949
f 7756 7949 7948
f 7757 7758 7950
f 7757 7950 7949
f 7758 7759 7951
f 7758 7951 7950
f 7759 7760 7952
f 7759 7952 7951
f 7760 7761 7953
f 7760 7953 7952
f 7761 7762 7954
f 7761 7954 7953
f 7762 7763 7955
f 7762 7955 7954
f 7763 7764 7956
f 7763 7956 7955
f 7764 7765 7957
f 7764 7957 7956
f 7765 7766 7958
f 7765 7958 7957
f 7766 7767 7959
f 7766 7959 7958
f 7767 7768 7960
f 7767 7960 7959
f 7768 7769 7961
f 7768 7961 7960
f 7769 7770 7962
f 7769 7962 7961
f 7770 7771 7963
f 7770 7963 7962
f 7771 7772 7964
f 7771 7964 7963
f 7772 7773 7965
f 7772 7965 7964
f 7773 7774 7966
f 7773 7966 7965
f 7774 7775 7967
f 7774 7967 7966
f 7775 7776 7968
f 7775 7968 7967
f 7776 7681 7873
f 7776 7873 7968
f 7777 7970 7778
f 7777 7969 7970
f 7778 7971 7779
f 7778 7970 7971
f 7779 7972 7780
f 7779 7971 7972
f 7780 7973 7781
f 7780 7972 7973
f 7781 7974 7782
f 7781 7973 7974
f 7782 7975 7783
f 7782 7974 7975
f 7783 7976 7784
f 7783 7975 7976
f 7784 7977 7785
f 7784 7976 7977
f 7785 7978 7786
f 7785 7977 7978
f 7786 7979 7787
f 7786 7978 7979
f 7787 7980 7788
f 7787 7979 7980
f 7788 7981 7789
f 7788 7980 7981
f 7789 7982 7790
f 7789 7981 7982
f 7790 7983 7791
f 7790 7982 7983
f 7791 7984 7792
f 7791 7983 7984
f 7792 7985 7793
f 7792 7984 7985
f 7793 7986 7794
f 7793 7985 7986
f 7794 7987 7795
f 7794 7986 7987
f 7795 7988 7796
f 7795 7987 7988
f 7796 7989 7797
f 7796 7988 7989
f 7797 7990 7798
f 7797 7989 7990
f 7798 7991 7799
f 7798 7990 7991
f 7799 7992 7800
f 7799 7991 7992
f 7800 7993 7801
f 7800 7992 7993
f 7801 7994 7802
f 7801 7993 7994
f 7802 7995 7803
f 7802 7994 7995
f 7803 7996 7804
f 7803 7995 7996
f 7804 7997 7805
f 7804 7996 7997
f 7805 7998 7806
f 7805 7997 7998
f 7806 7999 7807
f 7806 7998 7999
f 7807 8000 7808
f 7807 7999 8000
f 7808 8001 7809
f 7808 8000 8001
f 7809 8002 7810
f 7809 8001 8002
f 7810 8003 7811
f 7810 8002 8003
f 7811 8004 7812
f 7811 8003 8004
f 7812 8005 7813
f 7812 8004 8005
f 7813 8006 7814
f 7813 8005 8006
f 7814 8007 7815
f 7814 8006 8007
f 7815 8008 7816
f 7815 8007 8008
f 7816 8009 7817
f 7816 8008 8009
f 7817 8010 7818
f 7817 8009 8010
f 7818 8011 7819
f 7818 8010 8011
f 7819 8012 7820
f 7819 8011 8012
f 7820 8013 7821
f 7820 8012 8013
f 7821 8014 7822
f 7821 8013 8014
f 7822 8015 7823
f 7822 8014 8015
f 7823 8016 7824
f 7823 8015 8016
f 7824 8017 7825
f 7824 8016 8017
f 7825 8018 7826
f 7825 8017 8018
f 7826 8019 7827
f 7826 8018 8019
f 7827 8020 7828
f 7827 8019 8020
f 7828 8021 7829
f 7828 8020 8021
f 7829 8022 7830
f 7829 8021 8022
f 7830 8023 7831
f 7830 8022 8023
f 7831 8024 7832
f 7831 8023 8024
f 7832 8025 7833
f 7832 8024 8025
f 7833 8026 7834
f 7833 8025 8026
f 7834 8027 7835
f 7834 8026 8027
f 7835 8028 7836
f 7835 8027 8028
f 7836 8029 7837
f 7836 8028 8029
f 7837 8030 7838
f 7837 8029 8030
f 7838 8031 7839
f 7838 8030 8031
f 7839 8032 7840
f 7839 8031 8032
f 7840 8033 7841
f 7840 8032 8033
f 7841 8034 7842
f 7841 8033 8034
f 7842 8035 7843
f 7842 8034 8035
f 7843 8036 7844
f 7843 8035 8036
f 7844 8037 7845
f 7844 8036 8037
f 7845 8038 7846
f 7845 8037 8038
f 7846 8039 7847
f 7846 8038 8039
f 7847 8040 7848
f 7847 8039 8040
f 7848 8041 7849
f 7848 8040 8041
f 7849 8042 7850
f 7849 8041 8042
f 7850 8043 7851
f 7850 8042 8043
f 7851 8044 7852
f 7851 8043 8044
f 7852 8045 7853
f 7852 8044 8045
f 7853 8046 7854
f 7853 8045 8046
f 7854 8047 7855
f 7854 8046 8047
f 7855 8048 7856
f 7855 8047 8048
f 7856 8049 7857
f 7856 8048 8049
f 7857 8050 7858
f 7857 8049 8050
f 7858 8051 7859
f 7858 8050 8051
f 7859 8052 7860
f 7859 8051 8052
f 7860 8053 7861
f 7860 8052 8053
f 7861 8054 7862
f 7861 8053 8054
f 7862 8055 7863
f 7862 8054 8055
f 7863 8056 7864
f 7863 8055 8056
f 7864 8057 7865
f 7864 8056 8057
f 7865 8058 7866
f 7865 8057 8058
f 7866 8059 7867
f 7866 8058 8059
f 7867 8060 7868
f 7867 8059 8060
f 7868 8061 7869
f 7868 8060 8061
f 7869 8062 7870
f 7869 8061 8062
f 7870 8063 7871
f 7870 8062 8063
f 7871 8064 7872
f 7871 8063 8064
f 7872 7969 7777
f 7872 8064 7969
f 7873 7874 8066
f 7873 8066 8065
f 7874 7875 8067
f 7874 8067 8066
f 7875 7876 8068
f 7875 8068 8067
f 7876 7877 8069
f 7876 8069 8068
f 7877 7878 8070
f 7877 8070 8069
f 7878 7879 8071
f 7878 8071 8070
f 7879 7880 8072
f 7879 8072 8071
f 7880 7881 8073
f 7880 8073 8072
f 7881 7882 8074
f 7881 8074 8073
f 7882 7883 8075
f 7882 8075 8074
f 7883 7884 8076
f 7883 8076 8075
f 7884 7885 8077
f 7884 8077 8076
f 7885 7886 8078
f 7885 8078 8077
f 7886 7887 8079
f 7886 8079 8078
f 7887 7888 8080
f 7887 8080 8079
f 7888 7889 8081
f 7888 8081 8080
f 7889 7890 8082
f 7889 8082 8081
f 7890 7891 8083
f 7890 8083 8082
f 7891 7892 8084
f 7891 8084 8083
f 7892 7893 8085
f 7892 8085 8084
f 7893 7894 8086
f 7893 8086 8085
f 7894 7895 8087
f 7894 8087 8086
f 7895 7896 8088
f 7895 8088 8087
f 7896 7897 8089
f 7896 8089 8088
f 7897 7898 8090
f 7897 8090 8089
f 7898 7899 8091
f 7898 8091 8090
f 7899 7900 8092
f 7899 8092 8091
f 7900 7901 8093
f 7900 8093 8092
f 7901 7902 8094
f 7901 8094 8093
f 7902 7903 8095
f 7902 8095 8094
f 7903 7904 8096
f 7903 8096 8095
f 7904 7905 8097
f 7904 8097 8096
f 7905 7906 8098
f 7905 8098 8097
f 7906 7907 8099
f 7906 8099 8098
f 7907 7908 8100
f 7907 8100 8099
f 7908 7909 8101
f 7908 8101 8100
f 7909 7910 8102
f 7909 8102 8101
f 7910 7911 8103
f 7910 8103 8102
f 7911 7912 8104
f 7911 8104 8103
f 7912 7913 8105
f 7912 8105 8104
f 7913 7914 8106
f 7913 8106 8105
f 7914 7915 8107
f 7914 8107 8106
f 7915 7916 8108
f 7915 8108 8107
f 7916 7917 8109
f 7916 8109 8108
f 7917 7918 8110
f 7917 8110 8109
f 7918 7919 8111
f 7918 8111 8110
f 7919 7920 8112
f 7919 8112 8111
f 7920 7921 8113
f 7920 8113 8112
f 7921 7922 8114
f 7921 8114 8113
f 7922 7923 8115
f 7922 8115 8114
f 7923 7924 8116
f 7923 8116 8115
f 7924 7925 8117
f 7924 8117 8116
f 7925 7926 8118
f 7925 8118 8117
f 7926 7927 8119
f 7926 8119 8118
f 7927 7928 8120
f 7927 8120 8119
f 7928 7929 8121
f 7928 8121 8120
f 7929 7930 8122
f 7929 8122 8121
f 7930 7931 8123
f 7930 8123 8122
f 7931 7932 8124
f 7931 8124 8123
f 7932 7933 8125
f 7932 8125 8124
f 7933 7934 8126
f 7933 8126 8125
f 7934 7935 8127
f 7934 8127 8126
f 7935 7936 8128
f 7935 8128 8127
f 7936 7937 8129
f 7936 8129 8128
f 7937 7938 8130
f 7937 8130 8129
f 7938 7939 8131
f 7938 8131 8130
f 7939 7940 8132
f 7939 8132 8131
f 7940 7941 8133
f 7940 8133 8132
f 7941 7942 8134
f 7941 8134 8133
f 7942 7943 8135
f 7942 8135 8134
f 7943 7944 8136
f 7943 8136 8135
f 7944 7945 8137
f 7944 8137 8136
f 7945 7946 8138
f 7945 8138 8137
f 7946 7947 8139
f 7946 8139 8138
f 7947 7948 8140
f 7947 8140 8139
f 7948 7949 8141
f 7948 8141 8140
f 7949 7950 8142
f 7949 8142 8141
f 7950 7951 8143
f 7950 8143 8142
f 7951 7952 8144
f 7951 8144 8143
f 7952 7953 8145
f 7952 8145 8144
f 7953 7954 8146
f 7953 8146 8145
f 7954 7955 8147
f 7954 8147 8146
f 7955 7956 8148
f 7955 8148 8147
f 7956 7957 8149
f 7956 8149 8148
f 7957 7958 8150
f 7957 8150 8149
f 7958 7959 8151
f 7958 8151 8150
f 7959 7960 8152
f 7959 8152 8151
f 7960 7961 8153
f 7960 8153 8152
f 7961 7962 8154
f 7961 8154 8153
f 7962 7963 8155
f 7962 8155 8154
f 7963 7964 8156
f 7963 8156 8155
f 7964 7965 8157
f 7964 8157 8156
f 7965 7966 8158
f 7965 8158 8157
f 7966 7967 8159
f 7966 8159 8158
f 7967 7968 8160
f 7967 8160 8159
f 7968 7873 8065
f 7968 8065 8160
f 7969 8162 7970
f 7969 8161 8162
f 7970 8163 7971
f 7970 8162 8163
f 7971 8164 7972
f 7971 8163 8164
f 7972 8165 7973
f 7972 8164 8165
f 7973 8166 7974
f 7973 8165 8166
f 7974 8167 7975
f 7974 8166 8167
f 7975 8168 7976
f 7975 8167 8168
f 7976 8169 7977
f 7976 8168 8169
f 7977 8170 7978
f 7977 8169 8170
f 7978 8171 7979
f 7978 8170 8171
f 7979 8172 7980
f 7979 8171 8172
f 7980 8173 7981
f 7980 8172 8173
f 7981 8174 7982
f 7981 8173 8174
f 7982 8175 7983
f 7982 8174 8175
f 7983 8176 7984
f 7983 8175 8176
f 7984 8177 7985
f 7984 8176 8177
f 7985 8178 7986
f 7985 8177 8178
f 7986 8179 7987
f 7986 8178 8179
f 7987 8180 7988
f 7987 8179 8180
f 7988 8181 7989
f 7988 8180 8181
f 7989 8182 7990
f 7989 8181 8182
f 7990 8183 7991
f 7990 8182 8183
f 7991 8184 7992
f 7991 8183 8184
f 7992 8185 7993
f 7992 8184 8185
f 7993 8186 7994
f 7993 8185 8186
f 7994 8187 7995
f 7994 8186 8187
f 7995 8188 7996
f 7995 8187 8188
f 7996 8189 7997
f 7996 8188 8189
f 7997 8190 7998
f 7997 8189 8190
f 7998 8191 7999
f 7998 8190 8191
f 7999 8192 8000
f 7999 8191 8192
f 8000 8193 8001
f 8000 8192 8193
f 8001 8194 8002
f 8001 8193 8194
f 8002 8195 8003
f 8002 8194 8195
f 8003 8196 8004
f 8003 8195 8196
f 8004 8197 8005
f 8004 8196 8197
f 8005 8198 8006
f 8005 8197 8198
f 8006 8199 8007
f 8006 8198 8199
f 8007 8200 8008
f 8007 8199 8200
f 8008 8201 8009
f 8008 8200 8201
f 8009 8202 8010
f 8009 8201 8202
f 8010 8203 8011
f 8010 8202 8203
f 8011 8204 8012
f 8011 8203 8204
f 8012 8205 8013
f 8012 8204 8205
f 8013 8206 8014
f 8013 8205 8206
f 8014 8207 8015
f 8014 8206 8207
f 8015 8208 8016
f 8015 8207 8208
f 8016 8209 8017
f 8016 8208 8209
f 8017 8210 8018
f 8017 8209 8210
f 8018 8211 8019
f 8018 8210 8211
f 8019 8212 8020
f 8019 8211 8212
f 8020 8213 8021
f 8020 8212 8213
f 8021 8214 8022
f 8021 8213 8214
f 8022 8215 8023
f 8022 8214 8215
f 8023 8216 8024
f 8023 8215 8216
f 8024 8217 8025
f 8024 8216 8217
f 8025 8218 8026
f 8025 8217 8218
f 8026 8219 8027
f 8026 8218 8219
f 8027 8220 8028
f 8027 8219 8220
f 8028 8221 8029
f 8028 8220 8221
f 8029 8222 8030
f 8029 8221 8222
f 8030 8223 8031
f 8030 8222 8223
f 8031 8224 8032
f 8031 8223 8224
f 8032 8225 8033
f 8032 8224 8225
f 8033 8226 8034
f 8033 8225 8226
f 8034 8227 8035
f 8034 8226 8227
f 8035 8228 8036
f 8035 8227 8228
f 8036 8229 8037
f 8036 8228 8229
f 8037 8230 8038
f 8037 8229 8230
f 8038 8231 8039
f 8038 8230 8231
f 8039 8232 8040
f 8039 8231 8232
f 8040 8233 8041
f 8040 8232 8233
f 8041 8234 8042
f 8041 8233 8234
f 8042 8235 8043
f 8042 8234 8235
f 8043 8236 8044
f 8043 8235 8236
f 8044 8237 8045
f 8044 8236 8237
f 8045 8238 8046
f 8045 8237 8238
f 8046 8239 8047
f 8046 8238 8239
f 8047 8240 8048
f 8047 8239 8240
f 8048 8241 8049
f 8048 8240 8241
f 8049 8242 8050
f 8049 8241 8242
f 8050 8243 8051
f 8050 8242 8243
f 8051 8244 8052
f 8051 8243 8244
f 8052 8245 8053
f 8052 8244 8245
f 8053 8246 8054
f 8053 8245 8246
f 8054 8247 8055
f 8054 8246 8247
f 8055 8248 8056
f 8055 8247 8248
f 8056 8249 8057
f 8056 8248 8249
f 8057 8250 8058
f 8057 8249 8250
f 8058 8251 8059
f 8058 8250 8251
f 8059 8252 8060
f 8059 8251 8252
f 8060 8253 8061
f 8060 8252 8253
f 8061 8254 8062
f 8061 8253 8254
f 8062 8255 8063
f 8062 8254 8255
f 8063 8256 8064
f 8063 8255 8256
f 8064 8161 7969
f 8064 8256 8161
f 8065 8066 8258
f 8065 8258 8257
f 8066 8067 8259
f 8066 8259 8258
f 8067 8068 8260
f 8067 8260 8259
f 8068 8069 8261
f 8068 8261 8260
f 8069 8070 8262
f 8069 8262 8261
f 8070 8071 8263
f 8070 8263 8262
f 8071 8072 8264
f 8071 8264 8263
f 8072 8073 8265
f 8072 8265 8264
f 8073 8074 8266
f 8073 8266 8265
f 8074 8075 8267
f 8074 8267 8266
f 8075 8076 8268
f 8075 8268 8267
f 8076 8077 8269
f 8076 8269 8268
f 8077 8078 8270
f 8077 8270 8269
f 8078 8079 8271
f 8078 8271 8270
f 8079 8080 8272
f 8079 8272 8271
f 8080 8081 8273
f 8080 8273 8272
f 8081 8082 8274
f 8081 8274 8273
f 8082 8083 8275
f 8082 8275 8274
f 8083 8084 8276
f 8083 8276 8275
f 8084 8085 8277
f 8084 8277 8276
f 8085 8086 8278
f 8085 8278 8277
f 8086 8087 8279
f 8086 8279 8278
f 8087 8088 8280
f 8087 8280 8279
f 8088 8089 8281
f 8088 8281 8280
f 8089 8090 8282
f 8089 8282 8281
f 8090 8091 8283
f 8090 8283 8282
f 8091 8092 8284
f 8091 8284 8283
f 8092 8093 8285
f 8092 8285 8284
f 8093 8094 8286
f 8093 8286 8285
f 8094 8095 8287
f 8094 8287 8286
f 8095 8096 8288
f 8095 8288 8287
f 8096 8097 8289
f 8096 8289 8288
f 8097 8098 8290
f 8097 8290 8289
f 8098 8099 8291
f 8098 8291 8290
f 8099 8100 8292
f 8099 8292 8291
f 8100 8101 8293
f 8100 8293 8292
f 8101 8102 8294
f 8101 8294 8293
f 8102 8103 8295
f 8102 8295 8294
f 8103 8104 8296
f 8103 8296 8295
f 8104 8105 8297
f 8104 8297 8296
f 8105 8106 8298
f 8105 8298 8297
f 8106 8107 8299
f 8106 8299 8298
f 8107 8108 8300
f 8107 8300 8299
f 8108 8109 8301
f 8108 8301 8300
f 8109 8110 8302
f 8109 8302 8301
f 8110 8111 8303
f 8110 8303 8302
f 8111 8112 8304
f 8111 8304 8303
f 8112 8113 8305
f 8112 8305 8304
f 8113 8114 8306
f 8113 8306 8305
f 8114 8115 8307
f 8114 8307 8306
f 8115 8116 8308
f 8115 8308 8307
f 8116 8117 8309
f 8116 8309 8308
f 8117 8118 8310
f 8117 8310 8309
f 8118 8119 8311
f 8118 8311 8310
f 8119 8120 8312
f 8119 8312 8311
f 8120 8121 8313
f 8120 8313 8312
f 8121 8122 8314
f 8121 8314 8313
f 8122 8123 8315
f 8122 8315 8314
f 8123 8124 8316
f 8123 8316 8315
f 8124 8125 8317
f 8124 8317 8316
f 8125 8126 8318
f 8125 8318 8317
f 8126 8127 8319
f 8126 8319 8318
f 8127 8128 8320
f 8127 8320 8319
f 8128 8129 8321
f 8128 8321 8320
f 8129 8130 8322
f 8129 8322 8321
f 8130 8131 8323
f 8130 8323 8322
f 8131 8132 8324
f 8131 8324 8323
f 8132 8133 8325
f 8132 8325 8324
f 8133 8134 8326
f 8133 8326 8325
f 8134 8135 8327
f 8134 8327 8326
f 8135 8136 8328
f 8135 8328 8327
f 8136 8137 8329
f 8136 8329 8328
f 8137 8138 8330
f 8137 8330 8329
f 8138 8139 8331
f 8138 8331 8330
f 8139 8140 8332
f 8139 8332 8331
f 8140 8141 8333
f 8140 8333 8332
f 8141 8142 8334
f 8141 8334 8333
f 8142 8143 8335
f 8142 8335 8334
f 8143 8144 8336
f 8143 8336 8335
f 8144 8145 8337
f 8144 8337 8336
f 8145 8146 8338
f 8145 8338 8337
f 8146 8147 8339
f 8146 8339 8338
f 8147 8148 8340
f 8147 8340 8339
f 8148 8149 8341
f 8148 8341 8340
f 8149 8150 8342
f 8149 8342 8341
f 8150 8151 8343
f 8150 8343 8342
f 8151 8152 8344
f 8151 8344 8343
f 8152 8153 8345
f 8152 8345 8344
f 8153 8154 8346
f 8153 8346 8345
f 8154 8155 8347
f 8154 8347 8346
f 8155 8156 8348
f 8155 8348 8347
f 8156 8157 8349
f 8156 8349 8348
f 8157 8158 8350
f 8157 8350 8349
f 8158 8159 8351
f 8158 8351 8350
f 8159 8160 8352
f 8159 8352 8351
f 8160 8065 8257
f 8160 8257 8352
f 8161 8354 8162
f 8161 8353 8354
f 8162 8355 8163
f 8162 8354 8355
f 8163 8356 8164
f 8163 8355 8356
f 8164 8357 8165
f 8164 8356 8357
f 8165 8358 8166
f 8165 8357 8358
f 8166 8359 8167
f 8166 8358 8359
f 8167 8360 8168
f 8167 8359 8360
f 8168 8361 8169
f 8168 8360 8361
f 8169 8362 8170
f 8169 8361 8362
f 8170 8363 8171
f 8170 8362 8363
f 8171 8364 8172
f 8171 8363 8364
f 8172 8365 8173
f 8172 8364 8365
f 8173 8366 8174
f 8173 8365 8366
f 8174 8367 8175
f 8174 8366 8367
f 8175 8368 8176
f 8175 8367 8368
f 8176 8369 8177
f 8176 8368 8369
f 8177 8370 8178
f 8177 8369 8370
f 8178 8371 8179
f 8178 8370 8371
f 8179 8372 8180
f 8179 8371 8372
f 8180 8373 8181
f 8180 8372 8373
f 8181 8374 8182
f 8181 8373 8374
f 8182 8375 8183
f 8182 8374 8375
f 8183 8376 8184
f 8183 8375 8376
f 8184 8377 8185
f 8184 8376 8377
f 8185 8378 8186
f 8185 8377 8378
f 8186 8379 8187
f 8186 8378 8379
f 8187 8380 8188
f 8187 8379 8380
f 8188 8381 8189
f 8188 8380 8381
f 8189 8382 8190
f 8189 8381 8382
f 8190 8383 8191
f 8190 8382 8383
f 8191 8384 8192
f 8191 8383 8384
f 8192 8385 8193
f 8192 8384 8385
f 8193 8386 8194
f 8193 8385 8386
f 8194 8387 8195
f 8194 8386 8387
f 8195 8388 8196
f 8195 8387 8388
f 8196 8389 8197
f 8196 8388 8389
f 8197 8390 8198
f 8197 8389 8390
f 8198 8391 8199
f 8198 8390 8391
f 8199 8392 8200
f 8199 8391 8392
f 8200 8393 8201
f 8200 8392 8393
f 8201 8394 8202
f 8201 8393 8394
f 8202 8395 8203
f 8202 8394 8395
f 8203 8396 8204
f 8203 8395 8396
f 8204 8397 8205
f 8204 8396 8397
f 8205 8398 8206
f 8205 8397 8398
f 8206 8399 8207
f 8206 8398 8399
f 8207 8400 8208
f 8207 8399 8400
f 8208 8401 8209
f 8208 8400 8401
f 8209 8402 8210
f 8209 8401 8402
f 8210 8403 8211
f 8210 8402 8403
f 8211 8404 8212
f 8211 8403 8404
f 8212 8405 8213
f 8212 8404 8405
f 8213 8406 8214
f 8213 8405 8406
f 8214 8407 8215
f 8214 8406 8407
f 8215 8408 8216
f 8215 8407 8408
f 8216 8409 8217
f 8216 8408 8409
f 8217 8410 8218
f 8217 8409 8410
f 8218 8411 8219
f 8218 8410 8411
f 8219 8412 8220
f 8219 8411 8412
f 8220 8413 8221
f 8220 8412 8413
f 8221 8414 8222
f 8221 8413 8414
f 8222 8415 8223
f 8222 8414 8415
f 8223 8416 8224
f 8223 8415 8416
f 8224 8417 8225
f 8224 8416 8417
f 8225 8418 8226
f 8225 8417 8418
f 8226 8419 8227
f 8226 8418 8419
f 8227 8420 8228
f 8227 8419 8420
f 8228 8421 8229
f 8228 8420 8421
f 8229 8422 8230
f 8229 8421 8422
f 8230 8423 8231
f 8230 8422 8423
f 8231 8424 8232
f 8231 8423 8424
f 8232 8425 8233
f 8232 8424 8425
f 8233 8426 8234
f 8233 8425 8426
f 8234 8427 8235
f 8234 8426 8427
f 8235 8428 8236
f 8235 8427 8428
f 8236 8429 8237
f 8236 8428 8429
f 8237 8430 8238
f 8237 8429 8430
f 8238 8431 8239
f 8238 8430 8431
f 8239 8432 8240
f 8239 8431 8432
f 8240 8433 8241
f 8240 8432 8433
f 8241 8434 8242
f 8241 8433 8434
f 8242 8435 8243
f 8242 8434 8435
f 8243 8436 8244
f 8243 8435 8436
f 8244 8437 8245
f 8244 8436 8437
f 8245 8438 8246
f 8245 8437 8438
f 8246 8439 8247
f 8246 8438 8439
f 8247 8440 8248
f 8247 8439 8440
f 8248 8441 8249
f 8248 8440 8441
f 8249 8442 8250
f 8249 8441 8442
f 8250 8443 8251
f 8250 8442 8443
f 8251 8444 8252
f 8251 8443 8444
f 8252 8445 8253
f 8252 8444 8445
f 8253 8446 8254
f 8253 8445 8446
f 8254 8447 8255
f 8254 8446 8447
f 8255 8448 8256
f 8255 8447 8448
f 8256 8353 8161
f 8256 8448 8353
f 8257 8258 8450
f 8257 8450 8449
f 8258 8259 8451
f 8258 8451 8450
f 8259 8260 8452
f 8259 8452 8451
f 8260 8261 8453
f 8260 8453 8452
f 8261 8262 8454
f 8261 8454 8453
f 8262 8263 8455
f 8262 8455 8454
f 8263 8264 8456
f 8263 8456 8455
f 8264 8265 8457
f 8264 8457 8456
f 8265 8266 8458
f 8265 8458 8457
f 8266 8267 8459
f 8266 8459 8458
f 8267 8268 8460
f 8267 8460 8459
f 8268 8269 8461
f 8268 8461 8460
f 8269 8270 8462
f 8269 8462 8461
f 8270 8271 8463
f 8270 8463 8462
f 8271 8272 8464
f 8271 8464 8463
f 8272 8273 8465
f 8272 8465 8464
f 8273 8274 8466
f 8273 8466 8465
f 8274 8275 8467
f 8274 8467 8466
f 8275 8276 8468
f 8275 8468 8467
f 8276 8277 8469
f 8276 8469 8468
f 8277 8278 8470
f 8277 8470 8469
f 8278 8279 8471
f 8278 8471 8470
f 8279 8280 8472
f 8279 8472 8471
f 8280 8281 8473
f 8280 8473 8472
f 8281 8282 8474
f 8281 8474 8473
f 8282 8283 8475
f 8282 8475 8474
f 8283 8284 8476
f 8283 8476 8475
f 8284 8285 8477
f 8284 8477 8476
f 8285 8286 8478
f 8285 8478 8477
f 8286 8287 8479
f 8286 8479 8478
f 8287 8288 8480
f 8287 8480 8479
f 8288 8289 8481
f 8288 8481 8480
f 8289 8290 8482
f 8289 8482 8481
f 8290 8291 8483
f 8290 8483 8482
f 8291 8292 8484
f 8291 8484 8483
f 8292 8293 8485
f 8292 8485 8484
f 8293 8294 8486
f 8293 8486 8485
f 8294 8295 8487
f 8294 8487 8486
f 8295 8296 8488
f 8295 8488 8487
f 8296 8297 8489
f 8296 8489 8488
f 8297 8298 8490
f 8297 8490 8489
f 8298 8299 8491
f 8298 8491 8490
f 8299 8300 8492
f 8299 8492 8491
f 8300 8301 8493
f 8300 8493 8492
f 8301 8302 8494
f 8301 8494 8493
f 8302 8303 8495
f 8302 8495 8494
f 8303 8304 8496
f 8303 8496 8495
f 8304 8305 8497
f 8304 8497 8496
f 8305 8306 8498
f 8305 8498 8497
f 8306 8307 8499
f 8306 8499 8498
f 8307 8308 8500
f 8307 8500 8499
f 8308 8309 8501
f 8308 8501 8500
f 8309 8310 8502
f 8309 8502 8501
f 8310 8311 8503
f 8310 8503 8502
f 8311 8312 8504
f 8311 8504 8503
f 8312 8313 8505
f 8312 8505 8504
f 8313 8314 8506
f 8313 8506 8505
f 8314 8315 8507
f 8314 8507 8506
f 8315 8316 8508
f 8315 8508 8507
f 8316 8317 8509
f 8316 8509 8508
f 8317 8318 8510
f 8317 8510 8509
f 8318 8319 8511
f 8318 8511 8510
f 8319 8320 8512
f 8319 8512 8511
f 8320 8321 8513
f 8320 8513 8512
f 8321 8322 8514
f 8321 8514 8513
f 8322 8323 8515
f 8322 8515 8514
f 8323 8324 8516
f 8323 8516 8515
f 8324 8325 8517
f 8324 8517 8516
f 8325 8326 8518
f 8325 8518 8517
f 8326 8327 8519
f 8326 8519 8518
f 8327 8328 8520
f 8327 8520 8519
f 8328 8329 8521
f 8328 8521 8520
f 8329 8330 8522
f 8329 8522 8521
f 8330 8331 8523
f 8330 8523 8522
f 8331 8332 8524
f 8331 8524 8523
f 8332 8333 8525
f 8332 8525 8524
f 8333 8334 8526
f 8333 8526 8525
f 8334 8335 8527
f 8334 8527 8526
f 8335 8336 8528
f 8335 8528 8527
f 8336 8337 8529
f 8336 8529 8528
f 8337 8338 8530
f 8337 8530 8529
f 8338 8339 8531
f 8338 8531 8530
f 8339 8340 8532
f 8339 8532 8531
f 8340 8341 8533
f 8340 8533 8532
f 8341 8342 8534
f 8341 8534 8533
f 8342 8343 8535
f 8342 8535 8534
f 8343 8344 8536
f 8343 8536 8535
f 8344 8345 8537
f 8344 8537 8536
f 8345 8346 8538
f 8345 8538 8537
f 8346 8347 8539
f 8346 8539 8538
f 8347 8348 8540
f 8347 8540 8539
f 8348 8349 8541
f 8348 8541 8540
f 8349 8350 8542
f 8349 8542 8541
f 8350 8351 8543
f 8350 8543 8542
f 8351 8352 8544
f 8351 8544 8543
f 8352 8257 8449
f 8352 8449 8544
f 8353 8546 8354
f 8353 8545 8546
f 8354 8547 8355
f 8354 8546 8547
f 8355 8548 8356
f 8355 8547 8548
f 8356 8549 8357
f 8356 8548 8549
f 8357 8550 8358
f 8357 8549 8550
f 8358 8551 8359
f 8358 8550 8551
f 8359 8552 8360
f 8359 8551 8552
f 8360 8553 8361
f 8360 8552 8553
f 8361 8554 8362
f 8361 8553 8554
f 8362 8555 8363
f 8362 8554 8555
f 8363 8556 8364
f 8363 8555 8556
f 8364 8557 8365
f 8364 8556 8557
f 8365 8558 8366
f 8365 8557 8558
f 8366 8559 8367
f 8366 8558 8559
f 8367 8560 8368
f 8367 8559 8560
f 8368 8561 8369
f 8368 8560 8561
f 8369 8562 8370
f 8369 8561 8562
f 8370 8563 8371
f 8370 8562 8563
f 8371 8564 8372
f 8371 8563 8564
f 8372 8565 8373
f 8372 8564 8565
f 8373 8566 8374
f 8373 8565 8566
f 8374 8567 8375
f 8374 8566 8567
f 8375 8568 8376
f 8375 8567 8568
f 8376 8569 8377
f 8376 8568 8569
f 8377 8570 8378
f 8377 8569 8570
f 8378 8571 8379
f 8378 8570 8571
f 8379 8572 8380
f 8379 8571 8572
f 8380 8573 8381
f 8380 8572 8573
f 8381 8574 8382
f 8381 8573 8574
f 8382 8575 8383
f 8382 8574 8575
f 8383 8576 8384
f 8383 8575 8576
f 8384 8577 8385
f 8384 8576 8577
f 8385 8578 8386
f 8385 8577 8578
f 8386 8579 8387
f 8386 8578 8579
f 8387 8580 8388
f 8387 8579 8580
f 8388 8581 8389
f 8388 8580 8581
f 8389 8582 8390
f 8389 8581 8582
f 8390 8583 8391
f 8390 8582 8583
f 8391 8584 8392
f 8391 8583 8584
f 8392 8585 8393
f 8392 8584 8585
f 8393 8586 8394
f 8393 8585 8586
f 8394 8587 8395
f 8394 8586 8587
f 8395 8588 8396
f 8395 8587 8588
f 8396 8589 8397
f 8396 8588 8589
f 8397 8590 8398
f 8397 8589 8590
f 8398 8591 8399
f 8398 8590 8591
f 8399 8592 8400
f 8399 8591 8592
f 8400 8593 8401
f 8400 8592 8593
f 8401 8594 8402
f 8401 8593 8594
f 8402 8595 8403
f 8402 8594 8595
f 8403 8596 8404
f 8403 8595 8596
f 8404 8597 8405
f 8404 8596 8597
f 8405 8598 8406
f 8405 8597 8598
f 8406 8599 8407
f 8406 8598 8599
f 8407 8600 8408
f 8407 8599 8600
f 8408 8601 8409
f 8408 8600 8601
f 8409 8602 8410
f 8409 8601 8602
f 8410 8603 8411
f 8410 8602 8603
f 8411 8604 8412
f 8411 8603 8604
f 8412 8605 8413
f 8412 8604 8605
f 8413 8606 8414
f 8413 8605 8606
f 8414 8607 8415
f 8414 8606 8607
f 8415 8608 8416
f 8415 8607 8608
f 8416 8609 8417
f 8416 8608 8609
f 8417 8610 8418
f 8417 8609 8610
f 8418 8611 8419
f 8418 8610 8611
f 8419 8612 8420
f 8419 8611 8612
f 8420 8613 8421
f 8420 8612 8613
f 8421 8614 8422
f 8421 8613 8614
f 8422 8615 8423
f 8422 8614 8615
f 8423 8616 8424
f 8423 8615 8616
f 8424 8617 8425
f 8424 8616 8617
f 8425 8618 8426
f 8425 8617 8618
f 8426 8619 8427
f 8426 8618 8619
f 8427 8620 8428
f 8427 8619 8620
f 8428 8621 8429
f 8428 8620 8621
f 8429 8622 8430
f 8429 8621 8622
f 8430 8623 8431
f 8430 8622 8623
f 8431 8624 8432
f 8431 8623 8624
f 8432 8625 8433
f 8432 8624 8625
f 8433 8626 8434
f 8433 8625 8626
f 8434 8627 8435
f 8434 8626 8627
f 8435 8628 8436
f 8435 8627 8628
f 8436 8629 8437
f 8436 8628 8629
f 8437 8630 8438
f 8437 8629 8630
f 8438 8631 8439
f 8438 8630 8631
f 8439 8632 8440
f 8439 8631 8632
f 8440 8633 8441
f 8440 8632 8633
f 8441 8634 8442
f 8441 8633 8634
f 8442 8635 8443
f 8442 8634 8635
f 8443 8636 8444
f 8443 8635 8636
f 8444 8637 8445
f 8444 8636 8637
f 8445 8638 8446
f 8445 8637 8638
f 8446 8639 8447
f 8446 8638 8639
f 8447 8640 8448
f 8447 8639 8640
f 8448 8545 8353
f 8448 8640 8545
f 8449 8450 8642
f 8449 8642 8641
f 8450 8451 8643
f 8450 8643 8642
f 8451 8452 8644
f 8451 8644 8643
f 8452 8453 8645
f 8452 8645 8644
f 8453 8454 8646
f 8453 8646 8645
f 8454 8455 8647
f 8454 8647 8646
f 8455 8456 8648
f 8455 8648 8647
f 8456 8457 8649
f 8456 8649 8648
f 8457 8458 8650
f 8457 8650 8649
f 8458 8459 8651
f 8458 8651 8650
f 8459 8460 8652
f 8459 8652 8651
f 8460 8461 8653
f 8460 8653 8652
f 8461 8462 8654
f 8461 8654 8653
f 8462 8463 8655
f 8462 8655 8654
f 8463 8464 8656
f 8463 8656 8655
f 8464 8465 8657
f 8464 8657 8656
f 8465 8466 8658
f 8465 8658 8657
f 8466 8467 8659
f 8466 8659 8658
f 8467 8468 8660
f 8467 8660 8659
f 8468 8469 8661
f 8468 8661 8660
f 8469 8470 8662
f 8469 8662 8661
f 8470 8471 8663
f 8470 8663 8662
f 8471 8472 8664
f 8471 8664 8663
f 8472 8473 8665
f 8472 8665 8664
f 8473 8474 8666
f 8473 8666 8665
f 8474 8475 8667
f 8474 8667 8666
f 8475 8476 8668
f 8475 8668 8667
f 8476 8477 8669
f 8476 8669 8668
f 8477 8478 8670
f 8477 8670 8669
f 8478 8479 8671
f 8478 8671 8670
f 8479 8480 8672
f 8479 8672 8671
f 8480 8481 8673
f 8480 8673 8672
f 8481 8482 8674
f 8481 8674 8673
f 8482 8483 8675
f 8482 8675 8674
f 8483 8484 8676
f 8483 8676 8675
f 8484 8485 8677
f 8484 8677 8676
f 8485 8486 8678
f 8485 8678 8677
f 8486 8487 8679
f 8486 8679 8678
f 8487 8488 8680
f 8487 8680 8679
f 8488 8489 8681
f 8488 8681 8680
f 8489 8490 8682
f 8489 8682 8681
f 8490 8491 8683
f 8490 8683 8682
f 8491 8492 8684
f 8491 8684 8683
f 8492 8493 8685
f 8492 8685 8684
f 8493 8494 8686
f 8493 8686 8685
f 8494 8495 8687
f 8494 8687 8686
f 8495 8496 8688
f 8495 8688 8687
f 8496 8497 8689
f 8496 8689 8688
f 8497 8498 8690
f 8497 8690 8689
f 8498 8499 8691
f 8498 8691 8690
f 8499 8500 8692
f 8499 8692 8691
f 8500 8501 8693
f 8500 8693 8692
f 8501 8502 8694
f 8501 8694 8693
f 8502 8503 8695
f 8502 8695 8694
f 8503 8504 8696
f 8503 8696 8695
f 8504 8505 8697
f 8504 8697 8696
f 8505 8506 8698
f 8505 8698 8697
f 8506 8507 8699
f 8506 8699 8698
f 8507 8508 8700
f 8507 8700 8699
f 8508 8509 8701
f 8508 8701 8700
f 8509 8510 8702
f 8509 8702 8701
f 8510 8511 8703
f 8510 8703 8702
f 8511 8512 8704
f 8511 8704 8703
f 8512 8513 8705
f 8512 8705 8704
f 8513 8514 8706
f 8513 8706 8705
f 8514 8515 8707
f 8514 8707 8706
f 8515 8516 8708
f 8515 8708 8707
f 8516 8517 8709
f 8516 8709 8708
f 8517 8518 8710
f 8517 8710 8709
f 8518 8519 8711
f 8518 8711 8710
f 8519 8520 8712
f 8519 8712 8711
f 8520 8521 8713
f 8520 8713 8712
f 8521 8522 8714
f 8521 8714 8713
f 8522 8523 8715
f 8522 8715 8714
f 8523 8524 8716
f 8523 8716 8715
f 8524 8525 8717
f 8524 8717 8716
f 8525 8526 8718
f 8525 8718 8717
f 8526 8527 8719
f 8526 8719 8718
f 8527 8528 8720
f 8527 8720 8719
f 8528 8529 8721
f 8528 8721 8720
f 8529 8530 8722
f 8529 8722 8721
f 8530 8531 8723
f 8530 8723 8722
f 8531 8532 8724
f 8531 8724 8723
f 8532 8533 8725
f 8532 8725 8724
f 8533 8534 8726
f 8533 8726 8725
f 8534 8535 8727
f 8534 8727 8726
f 8535 8536 8728
f 8535 8728 8727
f 8536 8537 8729
f 8536 8729 8728
f 8537 8538 8730
f 8537 8730 8729
f 8538 8539 8731
f 8538 8731 8730
f 8539 8540 8732
f 8539 8732 8731
f 8540 8541 8733
f 8540 8733 8732
f 8541 8542 8734
f 8541 8734 8733
f 8542 8543 8735
f 8542 8735 8734
f 8543 8544 8736
f 8543 8736 8735
f 8544 8449 8641
f 8544 8641 8736
f 8545 8738 8546
f 8545 8737 8738
f 8546 8739 8547
f 8546 8738 8739
f 8547 8740 8548
f 8547 8739 8740
f 8548 8741 8549
f 8548 8740 8741
f 8549 8742 8550
f 8549 8741 8742
f 8550 8743 8551
f 8550 8742 8743
f 8551 8744 8552
f 8551 8743 8744
f 8552 8745 8553
f 8552 8744 8745
f 8553 8746 8554
f 8553 8745 8746
f 8554 8747 8555
f 8554 8746 8747
f 8555 8748 8556
f 8555 8747 8748
f 8556 8749 8557
f 8556 8748 8749
f 8557 8750 8558
f 8557 8749 8750
f 8558 8751 8559
f 8558 8750 8751
f 8559 8752 8560
f 8559 8751 8752
f 8560 8753 8561
f 8560 8752 8753
f 8561 8754 8562
f 8561 8753 8754
f 8562 8755 8563
f 8562 8754 8755
f 8563 8756 8564
f 8563 8755 8756
f 8564 8757 8565
f 8564 8756 8757
f 8565 8758 8566
f 8565 8757 8758
f 8566 8759 8567
f 8566 8758 8759
f 8567 8760 8568
f 8567 8759 8760
f 8568 8761 8569
f 8568 8760 8761
f 8569 8762 8570
f 8569 8761 8762
f 8570 8763 8571
f 8570 8762 8763
f 8571 8764 8572
f 8571 8763 8764
f 8572 8765 8573
f 8572 8764 8765
f 8573 8766 8574
f 8573 8765 8766
f 8574 8767 8575
f 8574 8766 8767
f 8575 8768 8576
f 8575 8767 8768
f 8576 8769 8577
f 8576 8768 8769
f 8577 8770 8578
f 8577 8769 8770
f 8578 8771 8579
f 8578 8770 8771
f 8579 8772 8580
f 8579 8771 8772
f 8580 8773 8581
f 8580 8772 8773
f 8581 8774 8582
f 8581 8773 8774
f 8582 8775 8583
f 8582 8774 8775
f 8583 8776 8584
f 8583 8775 8776
f 8584 8777 8585
f 8584 8776 8777
f 8585 8778 8586
f 8585 8777 8778
f 8586 8779 8587
f 8586 8778 8779
f 8587 8780 8588
f 8587 8779 8780
f 8588 8781 8589
f 8588 8780 8781
f 8589 8782 8590
f 8589 8781 8782
f 8590 8783 8591
f 8590 8782 8783
f 8591 8784 8592
f 8591 8783 8784
f 8592 8785 8593
f 8592 8784 8785
f 8593 8786 8594
f 8593 8785 8786
f 8594 8787 8595
f 8594 8786 8787
f 8595 8788 8596
f 8595 8787 8788
f 8596 8789 8597
f 8596 8788 8789
f 8597 8790 8598
f 8597 8789 8790
f 8598 8791 8599
f 8598 8790 8791
f 8599 8792 8600
f 8599 8791 8792
f 8600 8793 8601
f 8600 8792 8793
f 8601 8794 8602
f 8601 8793 8794
f 8602 8795 8603
f 8602 8794 8795
f 8603 8796 8604
f 8603 8795 8796
f 8604 8797 8605
f 8604 8796 8797
f 8605 8798 8606
f 8605 8797 8798
f 8606 8799 8607
f 8606 8798 8799
f 8607 8800 8608
f 8607 8799 8800
f 8608 8801 8609
f 8608 8800 8801
f 8609 8802 8610
f 8609 8801 8802
f 8610 8803 8611
f 8610 8802 8803
f 8611 8804 8612
f 8611 8803 8804
f 8612 8805 8613
f 8612 8804 8805
f 8613 8806 8614
f 8613 8805 8806
f 8614 8807 8615
f 8614 8806 8807
f 8615 8808 8616
f 8615 8807 8808
f 8616 8809 8617
f 8616 8808 8809
f 8617 8810 8618
f 8617 8809 8810
f 8618 8811 8619
f 8618 8810 8811
f 8619 8812 8620
f 8619 8811 8812
f 8620 8813 8621
f 8620 8812 8813
f 8621 8814 8622
f 8621 8813 8814
f 8622 8815 8623
f 8622 8814 8815
f 8623 8816 8624
f 8623 8815 8816
f 8624 8817 8625
f 8624 8816 8817
f 8625 8818 8626
f 8625 8817 8818
f 8626 8819 8627
f 8626 8818 8819
f 8627 8820 8628
f 8627 8819 8820
f 8628 8821 8629
f 8628 8820 8821
f 8629 8822 8630
f 8629 8821 8822
f 8630 8823 8631
f 8630 8822 8823
f 8631 8824 8632
f 8631 8823 8824
f 8632 8825 8633
f 8632 8824 8825
f 8633 8826 8634
f 8633 8825 8826
f 8634 8827 8635
f 8634 8826 8827
f 8635 8828 8636
f 8635 8827 8828
f 8636 8829 8637
f 8636 8828 8829
f 8637 8830 8638
f 8637 8829 8830
f 8638 8831 8639
f 8638 8830 8831
f 8639 8832 8640
f 8639 8831 8832
f 8640 8737 8545
f 8640 8832 8737
f 8641 8642 8834
f 8641 8834 8833
f 8642 8643 8835
f 8642 8835 8834
f 8643 8644 8836
f 8643 8836 8835
f 8644 8645 8837
f 8644 8837 8836
f 8645 8646 8838
f 8645 8838 8837
f 8646 8647 8839
f 8646 8839 8838
f 8647 8648 8840
f 8647 8840 8839
f 8648 8649 8841
f 8648 8841 8840
f 8649 8650 8842
f 8649 8842 8841
f 8650 8651 8843
f 8650 8843 8842
f 8651 8652 8844
f 8651 8844 8843
f 8652 8653 8845
f 8652 8845 8844
f 8653 8654 8846
f 8653 8846 8845
f 8654 8655 8847
f 8654 8847 8846
f 8655 8656 8848
f 8655 8848 8847
f 8656 8657 8849
f 8656 8849 8848
f 8657 8658 8850
f 8657 8850 8849
f 8658 8659 8851
f 8658 8851 8850
f 8659 8660 8852
f 8659 8852 8851
f 8660 8661 8853
f 8660 8853 8852
f 8661 8662 8854
f 8661 8854 8853
f 8662 8663 8855
f 8662 8855 8854
f 8663 8664 8856
f 8663 8856 8855
f 8664 8665 8857
f 8664 8857 8856
f 8665 8666 8858
f 8665 8858 8857
f 8666 8667 8859
f 8666 8859 8858
f 8667 8668 8860
f 8667 8860 8859
f 8668 8669 8861
f 8668 8861 8860
f 8669 8670 8862
f 8669 8862 8861
f 8670 8671 8863
f 8670 8863 8862
f 8671 8672 8864
f 8671 8864 8863
f 8672 8673 8865
f 8672 8865 8864
f 8673 8674 8866
f 8673 8866 8865
f 8674 8675 8867
f 8674 8867 8866
f 8675 8676 8868
f 8675 8868 8867
f 8676 8677 8869
f 8676 8869 8868
f 8677 8678 8870
f 8677 8870 8869
f 8678 8679 8871
f 8678 8871 8870
f 8679 8680 8872
f 8679 8872 8871
f 8680 8681 8873
f 8680 8873 8872
f 8681 8682 8874
f 8681 8874 8873
f 8682 8683 8875
f 8682 8875 8874
f 8683 8684 8876
f 8683 8876 8875
f 8684 8685 8877
f 8684 8877 8876
f 8685 8686 8878
f 8685 8878 8877
f 8686 8687 8879
f 8686 8879 8878
f 8687 8688 8880
f 8687 8880 8879
f 8688 8689 8881
f 8688 8881 8880
f 8689 8690 8882
f 8689 8882 8881
f 8690 8691 8883
f 8690 8883 8882
f 8691 8692 8884
f 8691 8884 8883
f 8692 8693 8885
f 8692 8885 8884
f 8693 8694 8886
f 8693 8886 8885
f 8694 8695 8887
f 8694 8887 8886
f 8695 8696 8888
f 8695 8888 8887
f 8696 8697 8889
f 8696 8889 8888
f 8697 8698 8890
f 8697 8890 8889
f 8698 8699 8891
f 8698 8891 8890
f 8699 8700 8892
f 8699 8892 8891
f 8700 8701 8893
f 8700 8893 8892
f 8701 8702 8894
f 8701 8894 8893
f 8702 8703 8895
f 8702 8895 8894
f 8703 8704 8896
f 8703 8896 8895
f 8704 8705 8897
f 8704 8897 8896
f 8705 8706 8898
f 8705 8898 8897
f 8706 8707 8899
f 8706 8899 8898
f 8707 8708 8900
f 8707 8900 8899
f 8708 8709 8901
f 8708 8901 8900
f 8709 8710 8902
f 8709 8902 8901
f 8710 8711 8903
f 8710 8903 8902
f 8711 8712 8904
f 8711 8904 8903
f 8712 8713 8905
f 8712 8905 8904
f 8713 8714 8906
f 8713 8906 8905
f 8714 8715 8907
f 8714 8907 8906
f 8715 8716 8908
f 8715 8908 8907
f 8716 8717 8909
f 8716 8909 8908
f 8717 8718 8910
f 8717 8910 8909
f 8718 8719 8911
f 8718 8911 8910
f 8719 8720 8912
f 8719 8912 8911
f 8720 8721 8913
f 8720 8913 8912
f 8721 8722 8914
f 8721 8914 8913
f 8722 8723 8915
f 8722 8915 8914
f 8723 8724 8916
f 8723 8916 8915
f 8724 8725 8917
f 8724 8917 8916
f 8725 8726 8918
f 8725 8918 8917
f 8726 8727 8919
f 8726 8919 8918
f 8727 8728 8920
f 8727 8920 8919
f 8728 8729 8921
f 8728 8921 8920
f 8729 8730 8922
f 8729 8922 8921
f 8730 8731 8923
f 8730 8923 8922
f 8731 8732 8924
f 8731 8924 8923
f 8732 8733 8925
f 8732 8925 8924
f 8733 8734 8926
f 8733 8926 8925
f 8734 8735 8927
f 8734 8927 8926
f 8735 8736 8928
f 8735 8928 8927
f 8736 8641 8833
f 8736 8833 8928
f 8737 8930 8738
f 8737 8929 8930
f 8738 8931 8739
f 8738 8930 8931
f 8739 8932 8740
f 8739 8931 8932
f 8740 8933 8741
f 8740 8932 8933
f 8741 8934 8742
f 8741 8933 8934
f 8742 8935 8743
f 8742 8934 8935
f 8743 8936 8744
f 8743 8935 8936
f 8744 8937 8745
f 8744 8936 8937
f 8745 8938 8746
f 8745 8937 8938
f 8746 8939 8747
f 8746 8938 8939
f 8747 8940 8748
f 8747 8939 8940
f 8748 8941 8749
f 8748 8940 8941
f 8749 8942 8750
f 8749 8941 8942
f 8750 8943 8751
f 8750 8942 8943
f 8751 8944 8752
f 8751 8943 8944
f 8752 8945 8753
f 8752 8944 8945
f 8753 8946 8754
f 8753 8945 8946
f 8754 8947 8755
f 8754 8946 8947
f 8755 8948 8756
f 8755 8947 8948
f 8756 8949 8757
f 8756 8948 8949
f 8757 8950 8758
f 8757 8949 8950
f 8758 8951 8759
f 8758 8950 8951
f 8759 8952 8760
f 8759 8951 8952
f 8760 8953 8761
f 8760 8952 8953
f 8761 8954 8762
f 8761 8953 8954
f 8762 8955 8763
f 8762 8954 8955
f 8763 8956 8764
f 8763 8955 8956
f 8764 8957 8765
f 8764 8956 8957
f 8765 8958 8766
f 8765 8957 8958
f 8766 8959 8767
f 8766 8958 8959
f 8767 8960 8768
f 8767 8959 8960
f 8768 8961 8769
f 8768 8960 8961
f 8769 8962 8770
f 8769 8961 8962
f 8770 8963 8771
f 8770 8962 8963
f 8771 8964 8772
f 8771 8963 8964
f 8772 8965 8773
f 8772 8964 8965
f 8773 8966 8774
f 8773 8965 8966
f 8774 8967 8775
f 8774 8966 8967
f 8775 8968 8776
f 8775 8967 8968
f 8776 8969 8777
f 8776 8968 8969
f 8777 8970 8778
f 8777 8969 8970
f 8778 8971 8779
f 8778 8970 8971
f 8779 8972 8780
f 8779 8971 8972
f 8780 8973 8781
f 8780 8972 8973
f 8781 8974 8782
f 8781 8973 8974
f 8782 8975 8783
f 8782 8974 8975
f 8783 8976 8784
f 8783 8975 8976
f 8784 8977 8785
f 8784 8976 8977
f 8785 8978 8786
f 8785 8977 8978
f 8786 8979 8787
f 8786 8978 8979
f 8787 8980 8788
f 8787 8979 8980
f 8788 8981 8789
f 8788 8980 8981
f 8789 8982 8790
f 8789 8981 8982
f 8790 8983 8791
f 8790 8982 8983
f 8791 8984 8792
f 8791 8983 8984
f 8792 8985 8793
f 8792 8984 8985
f 8793 8986 8794
f 8793 8985 8986
f 8794 8987 8795
f 8794 8986 8987
f 8795 8988 8796
f 8795 8987 8988
f 8796 8989 8797
f 8796 8988 8989
f 8797 8990 8798
f 8797 8989 8990
f 8798 8991 8799
f 8798 8990 8991
f 8799 8992 8800
f 8799 8991 8992
f 8800 8993 8801
f 8800 8992 8993
f 8801 8994 8802
f 8801 8993 8994
f 8802 8995 8803
f 8802 8994 8995
f 8803 8996 8804
f 8803 8995 8996
f 8804 8997 8805
f 8804 8996 8997
f 8805 8998 8806
f 8805 8997 8998
f 8806 8999 8807
f 8806 8998 8999
f 8807 9000 8808
f 8807 8999 9000
f 8808 9001 8809
f 8808 9000 9001
f 8809 9002 8810
f 8809 9001 9002
f 8810 9003 8811
f 8810 9002 9003
f 8811 9004 8812
f 8811 9003 9004
f 8812 9005 8813
f 8812 9004 9005
f 8813 9006 8814
f 8813 9005 9006
f 8814 9007 8815
f 8814 9006 9007
f 8815 9008 8816
f 8815 9007 9008
f 8816 9009 8817
f 8816 9008 9009
f 8817 9010 8818
f 8817 9009 9010
f 8818 9011 8819
f 8818 9010 9011
f 8819 9012 8820
f 8819 9011 9012
f 8820 9013 8821
f 8820 9012 9013
f 8821 9014 8822
f 8821 9013 9014
f 8822 9015 8823
f 8822 9014 9015
f 8823 9016 8824
f 8823 9015 9016
f 8824 9017 8825
f 8824 9016 9017
f 8825 9018 8826
f 8825 9017 9018
f 8826 9019 8827
f 8826 9018 9019
f 8827 9020 8828
f 8827 9019 9020
f 8828 9021 8829
f 8828 9020 9021
f 8829 9022 8830
f 8829 9021 9022
f 8830 9023 8831
f 8830 9022 9023
f 8831 9024 8832
f 8831 9023 9024
f 8832 8929 8737
f 8832 9024 8929
f 8833 8834 9026
f 8833 9026 9025
f 8834 8835 9027
f 8834 9027 9026
f 8835 8836 9028
f 8835 9028 9027
f 8836 8837 9029
f 8836 9029 9028
f 8837 8838 9030
f 8837 9030 9029
f 8838 8839 9031
f 8838 9031 9030
f 8839 8840 9032
f 8839 9032 9031
f 8840 8841 9033
f 8840 9033 9032
f 8841 8842 9034
f 8841 9034 9033
f 8842 8843 9035
f 8842 9035 9034
f 8843 8844 9036
f 8843 9036 9035
f 8844 8845 9037
f 8844 9037 9036
f 8845 8846 9038
f 8845 9038 9037
f 8846 8847 9039
f 8846 9039 9038
f 8847 8848 9040
f 8847 9040 9039
f 8848 8849 9041
f 8848 9041 9040
f 8849 8850 9042
f 8849 9042 9041
f 8850 8851 9043
f 8850 9043 9042
f 8851 8852 9044
f 8851 9044 9043
f 8852 8853 9045
f 8852 9045 9044
f 8853 8854 9046
f 8853 9046 9045
f 8854 8855 9047
f 8854 9047 9046
f 8855 8856 9048
f 8855 9048 9047
f 8856 8857 9049
f 8856 9049 9048
f 8857 8858 9050
f 8857 9050 9049
f 8858 8859 9051
f 8858 9051 9050
f 8859 8860 9052
f 8859 9052 9051
f 8860 8861 9053
f 8860 9053 9052
f 8861 8862 9054
f 8861 9054 9053
f 8862 8863 9055
f 8862 9055 9054
f 8863 8864 9056
f 8863 9056 9055
f 8864 8865 9057
f 8864 9057 9056
f 8865 8866 9058
f 8865 9058 9057
f 8866 8867 9059
f 8866 9059 9058
f 8867 8868 9060
f 8867 9060 9059
f 8868 8869 9061
f 8868 9061 9060
f 8869 8870 9062
f 8869 9062 9061
f 8870 8871 9063
f 8870 9063 9062
f 8871 8872 9064
f 8871 9064 9063
f 8872 8873 9065
f 8872 9065 9064
f 8873 8874 9066
f 8873 9066 9065
f 8874 8875 9067
f 8874 9067 9066
f 8875 8876 9068
f 8875 9068 9067
f 8876 8877 9069
f 8876 9069 9068
f 8877 8878 9070
f 8877 9070 9069
f 8878 8879 9071
f 8878 9071 9070
f 8879 8880 9072
f 8879 9072 9071
f 8880 8881 9073
f 8880 9073 9072
f 8881 8882 9074
f 8881 9074 9073
f 8882 8883 9075
f 8882 9075 9074
f 8883 8884 9076
f 8883 9076 9075
f 8884 8885 9077
f 8884 9077 9076
f 8885 8886 9078
f 8885 9078 9077
f 8886 8887 9079
f 8886 9079 9078
f 8887 8888 9080
f 8887 9080 9079
f 8888 8889 9081
f 8888 9081 9080
f 8889 8890 9082
f 8889 9082 9081
f 8890 8891 9083
f 8890 9083 9082
f 8891 8892 9084
f 8891 9084 9083
f 8892 8893 9085
f 8892 9085 9084
f 8893 8894 9086
f 8893 9086 9085
f 8894 8895 9087
f 8894 9087 9086
f 8895 8896 9088
f 8895 9088 9087
f 8896 8897 9089
f 8896 9089 9088
f 8897 8898 9090
f 8897 9090 9089
f 8898 8899 9091
f 8898 9091 9090
f 8899 8900 9092
f 8899 9092 9091
f 8900 8901 9093
f 8900 9093 9092
f 8901 8902 9094
f 8901 9094 9093
f 8902 8903 9095
f 8902 9095 9094
f 8903 8904 9096
f 8903 9096 9095
f 8904 8905 9097
f 8904 9097 9096
f 8905 8906 9098
f 8905 9098 9097
f 8906 8907 9099
f 8906 9099 9098
f 8907 8908 9100
f 8907 9100 9099
f 8908 8909 9101
f 8908 9101 9100
f 8909 8910 9102
f 8909 9102 9101
f 8910 8911 9103
f 8910 9103 9102
f 8911 8912 9104
f 8911 9104 9103
f 8912 8913 9105
f 8912 9105 9104
f 8913 8914 9106
f 8913 9106 9105
f 8914 8915 9107
f 8914 9107 9106
f 8915 8916 9108
f 8915 9108 9107
f 8916 8917 9109
f 8916 9109 9108
f 8917 8918 9110
f 8917 9110 9109
f 8918 8919 9111
f 8918 9111 9110
f 8919 8920 9112
f 8919 9112 9111
f 8920 8921 9113
f 8920 9113 9112
f 8921 8922 9114
f 8921 9114 9113
f 8922 8923 9115
f 8922 9115 9114
f 8923 8924 9116
f 8923 9116 9115
f 8924 8925 9117
f 8924 9117 9116
f 8925 8926 9118
f 8925 9118 9117
f 8926 8927 9119
f 8926 9119 9118
f 8927 8928 9120
f 8927 9120 9119
f 8928 8833 9025
f 8928 9025 9120
f 8929 9122 8930
f 8929 9121 9122
f 8930 9123 8931
f 8930 9122 9123
f 8931 9124 8932
f 8931 9123 9124
f 8932 9125 8933
f 8932 9124 9125
f 8933 9126 8934
f 8933 9125 9126
f 8934 9127 8935
f 8934 9126 9127
f 8935 9128 8936
f 8935 9127 9128
f 8936 9129 8937
f 8936 9128 9129
f 8937 9130 8938
f 8937 9129 9130
f 8938 9131 8939
f 8938 9130 9131
f 8939 9132 8940
f 8939 9131 9132
f 8940 9133 8941
f 8940 9132 9133
f 8941 9134 8942
f 8941 9133 9134
f 8942 9135 8943
f 8942 9134 9135
f 8943 9136 8944
f 8943 9135 9136
f 8944 9137 8945
f 8944 9136 9137
f 8945 9138 8946
f 8945 9137 9138
f 8946 9139 8947
f 8946 9138 9139
f 8947 9140 8948
f 8947 9139 9140
f 8948 9141 8949
f 8948 9140 9141
f 8949 9142 8950
f 8949 9141 9142
f 8950 9143 8951
f 8950 9142 9143
f 8951 9144 8952
f 8951 9143 9144
f 8952 9145 8953
f 8952 9144 9145
f 8953 9146 8954
f 8953 9145 9146
f 8954 9147 8955
f 8954 9146 9147
f 8955 9148 8956
f 8955 9147 9148
f 8956 9149 8957
f 8956 9148 9149
f 8957 9150 8958
f 8957 9149 9150
f 8958 9151 8959
f 8958 9150 9151
f 8959 9152 8960
f 8959 9151 9152
f 8960 9153 8961
f 8960 9152 9153
f 8961 9154 8962
f 8961 9153 9154
f 8962 9155 8963
f 8962 9154 9155
f 8963 9156 8964
f 8963 9155 9156
f 8964 9157 8965
f 8964 9156 9157
f 8965 9158 8966
f 8965 9157 9158
f 8966 9159 8967
f 8966 9158 9159
f 8967 9160 8968
f 8967 9159 9160
f 8968 9161 8969
f 8968 9160 9161
f 8969 9162 8970
f 8969 9161 9162
f 8970 9163 8971
f 8970 9162 9163
f 8971 9164 8972
f 8971 9163 9164
f 8972 9165 8973
f 8972 9164 9165
f 8973 9166 8974
f 8973 9165 9166
f 8974 9167 8975
f 8974 9166 9167
f 8975 9168 8976
f 8975 9167 9168
f 8976 9169 8977
f 8976 9168 9169
f 8977 9170 8978
f 8977 9169 9170
f 8978 9171 8979
f 8978 9170 9171
f 8979 9172 8980
f 8979 9171 9172
f 8980 9173 8981
f 8980 9172 9173
f 8981 9174 8982
f 8981 9173 9174
f 8982 9175 8983
f 8982 9174 9175
f 8983 9176 8984
f 8983 9175 9176
f 8984 9177 8985
f 8984 9176 9177
f 8985 9178 8986
f 8985 9177 9178
f 8986 9179 8987
f 8986 9178 9179
f 8987 9180 8988
f 8987 9179 9180
f 8988 9181 8989
f 8988 9180 9181
f 8989 9182 8990
f 8989 9181 9182
f 8990 9183 8991
f 8990 9182 9183
f 8991 9184 8992
f 8991 9183 9184
f 8992 9185 8993
f 8992 9184 9185
f 8993 9186 8994
f 8993 9185 9186
f 8994 9187 8995
f 8994 9186 9187
f 8995 9188 8996
f 8995 9187 9188
f 8996 9189 8997
f 8996 9188 9189
f 8997 9190 8998
f 8997 9189 9190
f 8998 9191 8999
f 8998 9190 9191
f 8999 9192 9000
f 8999 9191 9192
f 9000 9193 9001
f 9000 9192 9193
f 9001 9194 9002
f 9001 9193 9194
f 9002 9195 9003
f 9002 9194 9195
f 9003 9196 9004
f 9003 9195 9196
f 9004 9197 9005
f 9004 9196 9197
f 9005 9198 9006
f 9005 9197 9198
f 9006 9199 9007
f 9006 9198 9199
f 9007 9200 9008
f 9007 9199 9200
f 9008 9201 9009
f 9008 9200 9201
f 9009 9202 9010
f 9009 9201 9202
f 9010 9203 9011
f 9010 9202 9203
f 9011 9204 9012
f 9011 9203 9204
f 9012 9205 9013
f 9012 9204 9205
f 9013 9206 9014
f 9013 9205 9206
f 9014 9207 9015
f 9014 9206 9207
f 9015 9208 9016
f 9015 9207 9208
f 9016 9209 9017
f 9016 9208 9209
f 9017 9210 9018
f 9017 9209 9210
f 9018 9211 9019
f 9018 9210 9211
f 9019 9212 9020
f 9019 9211 9212
f 9020 9213 9021
f 9020 9212 9213
f 9021 9214 9022
f 9021 9213 9214
f 9022 9215 9023
f 9022 9214 9215
f 9023 9216 9024
f 9023 9215 9216
f 9024 9121 8929
f 9024 9216 9121
f 9025 9026 9218
f 9025 9218 9217
f 9026 9027 9219
f 9026 9219 9218
f 9027 9028 9220
f 9027 9220 9219
f 9028 9029 9221
f 9028 9221 9220
f 9029 9030 9222
f 9029 9222 9221
f 9030 9031 9223
f 9030 9223 9222
f 9031 9032 9224
f 9031 9224 9223
f 9032 9033 9225
f 9032 9225 9224
f 9033 9034 9226
f 9033 9226 9225
f 9034 9035 9227
f 9034 9227 9226
f 9035 9036 9228
f 9035 9228 9227
f 9036 9037 9229
f 9036 9229 9228
f 9037 9038 9230
f 9037 9230 9229
f 9038 9039 9231
f 9038 9231 9230
f 9039 9040 9232
f 9039 9232 9231
f 9040 9041 9233
f 9040 9233 9232
f 9041 9042 9234
f 9041 9234 9233
f 9042 9043 9235
f 9042 9235 9234
f 9043 9044 9236
f 9043 9236 9235
f 9044 9045 9237
f 9044 9237 9236
f 9045 9046 9238
f 9045 9238 9237
f 9046 9047 9239
f 9046 9239 9238
f 9047 9048 9240
f 9047 9240 9239
f 9048 9049 9241
f 9048 9241 9240
f 9049 9050 9242
f 9049 9242 9241
f 9050 9051 9243
f 9050 9243 9242
f 9051 9052 9244
f 9051 9244 9243
f 9052 9053 9245
f 9052 9245 9244
f 9053 9054 9246
f 9053 9246 9245
f 9054 9055 9247
f 9054 9247 9246
f 9055 9056 9248
f 9055 9248 9247
f 9056 9057 9249
f 9056 9249 9248
f 9057 9058 9250
f 9057 9250 9249
f 9058 9059 9251
f 9058 9251 9250
f 9059 9060 9252
f 9059 9252 9251
f 9060 9061 9253
f 9060 9253 9252
f 9061 9062 9254
f 9061 9254 9253
f 9062 9063 9255
f 9062 9255 9254
f 9063 9064 9256
f 9063 9256 9255
f 9064 9065 9257
f 9064 9257 9256
f 9065 9066 9258
f 9065 9258 9257
f 9066 9067 9259
f 9066 9259 9258
f 9067 9068 9260
f 9067 9260 9259
f 9068 9069 9261
f 9068 9261 9260
f 9069 9070 9262
f 9069 9262 9261
f 9070 9071 9263
f 9070 9263 9262
f 9071 9072 9264
f 9071 9264 9263
f 9072 9073 9265
f 9072 9265 9264
f 9073 9074 9266
f 9073 9266 9265
f 9074 9075 9267
f 9074 9267 9266
f 9075 9076 9268
f 9075 9268 9267
f 9076 9077 9269
f 9076 9269 9268
f 9077 9078 9270
f 9077 9270 9269
f 9078 9079 9271
f 9078 9271 9270
f 9079 9080 9272
f 9079 9272 9271
f 9080 9081 9273
f 9080 9273 9272
f 9081 9082 9274
f 9081 9274 9273
f 9082 9083 9275
f 9082 9275 9274
f 9083 9084 9276
f 9083 9276 9275
f 9084 9085 9277
f 9084 9277 9276
f 9085 9086 9278
f 9085 9278 9277
f 9086 9087 9279
f 9086 9279 9278
f 9087 9088 9280
f 9087 9280 9279
f 9088 9089 9281
f 9088 9281 9280
f 9089 9090 9282
f 9089 9282 9281
f 9090 9091 9283
f 9090 9283 9282
f 9091 9092 9284
f 9091 9284 9283
f 9092 9093 9285
f 9092 9285 9284
f 9093 9094 9286
f 9093 9286 9285
f 9094 9095 9287
f 9094 9287 9286
f 9095 9096 9288
f 9095 9288 9287
f 9096 9097 9289
f 9096 9289 9288
f 9097 9098 9290
f 9097 9290 9289
f 9098 9099 9291
f 9098 9291 9290
f 9099 9100 9292
f 9099 9292 9291
f 9100 9101 9293
f 9100 9293 9292
f 9101 9102 9294
f 9101 9294 9293
f 9102 9103 9295
f 9102 9295 9294
f 9103 9104 9296
f 9103 9296 9295
f 9104 9105 9297
f 9104 9297 9296
f 9105 9106 9298
f 9105 9298 9297
f 9106 9107 9299
f 9106 9299 9298
f 9107 9108 9300
f 9107 9300 9299
f 9108 9109 9301
f 9108 9301 9300
f 9109 9110 9302
f 9109 9302 9301
f 9110 9111 9303
f 9110 9303 9302
f 9111 9112 9304
f 9111 9304 9303
f 9112 9113 9305
f 9112 9305 9304
f 9113 9114 9306
f 9113 9306 9305
f 9114 9115 9307
f 9114 9307 9306
f 9115 9116 9308
f 9115 9308 9307
f 9116 9117 9309
f 9116 9309 9308
f 9117 9118 9310
f 9117 9310 9309
f 9118 9119 9311
f 9118 9311 9310
f 9119 9120 9312
f 9119 9312 9311
f 9120 9025 9217
f 9120 9217 9312
f 9121 9314 9122
f 9121 9313 9314
f 9122 9315 9123
f 9122 9314 9315
f 9123 9316 9124
f 9123 9315 9316
f 9124 9317 9125
f 9124 9316 9317
f 9125 9318 9126
f 9125 9317 9318
f 9126 9319 9127
f 9126 9318 9319
f 9127 9320 9128
f 9127 9319 9320
f 9128 9321 9129
f 9128 9320 9321
f 9129 9322 9130
f 9129 9321 9322
f 9130 9323 9131
f 9130 9322 9323
f 9131 9324 9132
f 9131 9323 9324
f 9132 9325 9133
f 9132 9324 9325
f 9133 9326 9134
f 9133 9325 9326
f 9134 9327 9135
f 9134 9326 9327
f 9135 9328 9136
f 9135 9327 9328
f 9136 9329 9137
f 9136 9328 9329
f 9137 9330 9138
f 9137 9329 9330
f 9138 9331 9139
f 9138 9330 9331
f 9139 9332 9140
f 9139 9331 9332
f 9140 9333 9141
f 9140 9332 9333
f 9141 9334 9142
f 9141 9333 9334
f 9142 9335 9143
f 9142 9334 9335
f 9143 9336 9144
f 9143 9335 9336
f 9144 9337 9145
f 9144 9336 9337
f 9145 9338 9146
f 9145 9337 9338
f 9146 9339 9147
f 9146 9338 9339
f 9147 9340 9148
f 9147 9339 9340
f 9148 9341 9149
f 9148 9340 9341
f 9149 9342 9150
f 9149 9341 9342
f 9150 9343 9151
f 9150 9342 9343
f 9151 9344 9152
f 9151 9343 9344
f 9152 9345 9153
f 9152 9344 9345
f 9153 9346 9154
f 9153 9345 9346
f 9154 9347 9155
f 9154 9346 9347
f 9155 9348 9156
f 9155 9347 9348
f 9156 9349 9157
f 9156 9348 9349
f 9157 9350 9158
f 9157 9349 9350
f 9158 9351 9159
f 9158 9350 9351
f 9159 9352 9160
f 9159 9351 9352
f 9160 9353 9161
f 9160 9352 9353
f 9161 9354 9162
f 9161 9353 9354
f 9162 9355 9163
f 9162 9354 9355
f 9163 9356 9164
f 9163 9355 9356
f 9164 9357 9165
f 9164 9356 9357
f 9165 9358 9166
f 9165 9357 9358
f 9166 9359 9167
f 9166 9358 9359
f 9167 9360 9168
f 9167 9359 9360
f 9168 9361 9169
f 9168 9360 9361
f 9169 9362 9170
f 9169 9361 9362
f 9170 9363 9171
f 9170 9362 9363
f 9171 9364 9172
f 9171 9363 9364
f 9172 9365 9173
f 9172 9364 9365
f 9173 9366 9174
f 9173 9365 9366
f 9174 9367 9175
f 9174 9366 9367
f 9175 9368 9176
f 9175 9367 9368
f 9176 9369 9177
f 9176 9368 9369
f 9177 9370 9178
f 9177 9369 9370
f 9178 9371 9179
f 9178 9370 9371
f 9179 9372 9180
f 9179 9371 9372
f 9180 9373 9181
f 9180 9372 9373
f 9181 9374 9182
f 9181 9373 9374
f 9182 9375 9183
f 9182 9374 9375
f 9183 9376 9184
f 9183 9375 9376
f 9184 9377 9185
f 9184 9376 9377
f 9185 9378 9186
f 9185 9377 9378
f 9186 9379 9187
f 9186 9378 9379
f 9187 9380 9188
f 9187 9379 9380
f 9188 9381 9189
f 9188 9380 9381
f 9189 9382 9190
f 9189 9381 9382
f 9190 9383 9191
f 9190 9382 9383
f 9191 9384 9192
f 9191 9383 9384
f 9192 9385 9193
f 9192 9384 9385
f 9193 9386 9194
f 9193 9385 9386
f 9194 9387 9195
f 9194 9386 9387
f 9195 9388 9196
f 9195 9387 9388
f 9196 9389 9197
f 9196 9388 9389
f 9197 9390 9198
f 9197 9389 9390
f 9198 9391 9199
f 9198 9390 9391
f 9199 9392 9200
f 9199 9391 9392
f 9200 9393 9201
f 9200 9392 9393
f 9201 9394 9202
f 9201 9393 9394
f 9202 9395 9203
f 9202 9394 9395
f 9203 9396 9204
f 9203 9395 9396
f 9204 9397 9205
f 9204 9396 9397
f 9205 9398 9206
f 9205 9397 9398
f 9206 9399 9207
f 9206 9398 9399
f 9207 9400 9208
f 9207 9399 9400
f 9208 9401 9209
f 9208 9400 9401
f 9209 9402 9210
f 9209 9401 9402
f 9210 9403 9211
f 9210 9402 9403
f 9211 9404 9212
f 9211 9403 9404
f 9212 9405 9213
f 9212 9404 9405
f 9213 9406 9214
f 9213 9405 9406
f 9214 9407 9215
f 9214 9406 9407
f 9215 9408 9216
f 9215 9407 9408
f 9216 9313 9121
f 9216 9408 9313
f 9217 9218 9410
f 9217 9410 9409
f 9218 9219 9411
f 9218 9411 9410
f 9219 9220 9412
f 9219 9412 9411
f 9220 9221 9413
f 9220 9413 9412
f 9221 9222 9414
f 9221 9414 9413
f 9222 9223 9415
f 9222 9415 9414
f 9223 9224 9416
f 9223 9416 9415
f 9224 9225 9417
f 9224 9417 9416
f 9225 9226 9418
f 9225 9418 9417
f 9226 9227 9419
f 9226 9419 9418
f 9227 9228 9420
f 9227 9420 9419
f 9228 9229 9421
f 9228 9421 9420
f 9229 9230 9422
f 9229 9422 9421
f 9230 9231 9423
f 9230 9423 9422
f 9231 9232 9424
f 9231 9424 9423
f 9232 9233 9425
f 9232 9425 9424
f 9233 9234 9426
f 9233 9426 9425
f 9234 9235 9427
f 9234 9427 9426
f 9235 9236 9428
f 9235 9428 9427
f 9236 9237 9429
f 9236 9429 9428
f 9237 9238 9430
f 9237 9430 9429
f 9238 9239 9431
f 9238 9431 9430
f 9239 9240 9432
f 9239 9432 9431
f 9240 9241 9433
f 9240 9433 9432
f 9241 9242 9434
f 9241 9434 9433
f 9242 9243 9435
f 9242 9435 9434
f 9243 9244 9436
f 9243 9436 9435
f 9244 9245 9437
f 9244 9437 9436
f 9245 9246 9438
f 9245 9438 9437
f 9246 9247 9439
f 9246 9439 9438
f 9247 9248 9440
f 9247 9440 9439
f 9248 9249 9441
f 9248 9441 9440
f 9249 9250 9442
f 9249 9442 9441
f 9250 9251 9443
f 9250 9443 9442
f 9251 9252 9444
f 9251 9444 9443
f 9252 9253 9445
f 9252 9445 9444
f 9253 9254 9446
f 9253 9446 9445
f 9254 9255 9447
f 9254 9447 9446
f 9255 9256 9448
f 9255 9448 9447
f 9256 9257 9449
f 9256 9449 9448
f 9257 9258 9450
f 9257 9450 9449
f 9258 9259 9451
f 9258 9451 9450
f 9259 9260 9452
f 9259 9452 9451
f 9260 9261 9453
f 9260 9453 9452
f 9261 9262 9454
f 9261 9454 9453
f 9262 9263 9455
f 9262 9455 9454
f 9263 9264 9456
f 9263 9456 9455
f 9264 9265 9457
f 9264 9457 9456
f 9265 9266 9458
f 9265 9458 9457
f 9266 9267 9459
f 9266 9459 9458
f 9267 9268 9460
f 9267 9460 9459
f 9268 9269 9461
f 9268 9461 9460
f 9269 9270 9462
f 9269 9462 9461
f 9270 9271 9463
f 9270 9463 9462
f 9271 9272 9464
f 9271 9464 9463
f 9272 9273 9465
f 9272 9465 9464
f 9273 9274 9466
f 9273 9466 9465
f 9274 9275 9467
f 9274 9467 9466
f 9275 9276 9468
f 9275 9468 9467
f 9276 9277 9469
f 9276 9469 9468
f 9277 9278 9470
f 9277 9470 9469
f 9278 9279 9471
f 9278 9471 9470
f 9279 9280 9472
f 9279 9472 9471
f 9280 9281 9473
f 9280 9473 9472
f 9281 9282 9474
f 9281 9474 9473
f 9282 9283 9475
f 9282 9475 9474
f 9283 9284 9476
f 9283 9476 9475
f 9284 9285 9477
f 9284 9477 9476
f 9285 9286 9478
f 9285 9478 9477
f 9286 9287 9479
f 9286 9479 9478
f 9287 9288 9480
f 9287 9480 9479
f 9288 9289 9481
f 9288 9481 9480
f 9289 9290 9482
f 9289 9482 9481
f 9290 9291 9483
f 9290 9483 9482
f 9291 9292 9484
f 9291 9484 9483
f 9292 9293 9485
f 9292 9485 9484
f 9293 9294 9486
f 9293 9486 9485
f 9294 9295 9487
f 9294 9487 9486
f 9295 9296 9488
f 9295 9488 9487
f 9296 9297 9489
f 9296 9489 9488
f 9297 9298 9490
f 9297 9490 9489
f 9298 9299 9491
f 9298 9491 9490
f 9299 9300 9492
f 9299 9492 9491
f 9300 9301 9493
f 9300 9493 9492
f 9301 9302 9494
f 9301 9494 9493
f 9302 9303 9495
f 9302 9495 9494
f 9303 9304 9496
f 9303 9496 9495
f 9304 9305 9497
f 9304 9497 9496
f 9305 9306 9498
f 9305 9498 9497
f 9306 9307 9499
f 9306 9499 9498
f 9307 9308 9500
f 9307 9500 9499
f 9308 9309 9501
f 9308 9501 9500
f 9309 9310 9502
f 9309 9502 9501
f 9310 9311 9503
f 9310 9503 9502
f 9311 9312 9504
f 9311 9504 9503
f 9312 9217 9409
f 9312 9409 9504
f 9313 9506 9314
f 9313 9505 9506
f 9314 9507 9315
f 9314 9506 9507
f 9315 9508 9316
f 9315 9507 9508
f 9316 9509 9317
f 9316 9508 9509
f 9317 9510 9318
f 9317 9509 9510
f 9318 9511 9319
f 9318 9510 9511
f 9319 9512 9320
f 9319 9511 9512
f 9320 9513 9321
f 9320 9512 9513
f 9321 9514 9322
f 9321 9513 9514
f 9322 9515 9323
f 9322 9514 9515
f 9323 9516 9324
f 9323 9515 9516
f 9324 9517 9325
f 9324 9516 9517
f 9325 9518 9326
f 9325 9517 9518
f 9326 9519 9327
f 9326 9518 9519
f 9327 9520 9328
f 9327 9519 9520
f 9328 9521 9329
f 9328 9520 9521
f 9329 9522 9330
f 9329 9521 9522
f 9330 9523 9331
f 9330 9522 9523
f 9331 9524 9332
f 9331 9523 9524
f 9332 9525 9333
f 9332 9524 9525
f 9333 9526 9334
f 9333 9525 9526
f 9334 9527 9335
f 9334 9526 9527
f 9335 9528 9336
f 9335 9527 9528
f 9336 9529 9337
f 9336 9528 9529
f 9337 9530 9338
f 9337 9529 9530
f 9338 9531 9339
f 9338 9530 9531
f 9339 9532 9340
f 9339 9531 9532
f 9340 9533 9341
f 9340 9532 9533
f 9341 9534 9342
f 9341 9533 9534
f 9342 9535 9343
f 9342 9534 9535
f 9343 9536 9344
f 9343 9535 9536
f 9344 9537 9345
f 9344 9536 9537
f 9345 9538 9346
f 9345 9537 9538
f 9346 9539 9347
f 9346 9538 9539
f 9347 9540 9348
f 9347 9539 9540
f 9348 9541 9349
f 9348 9540 9541
f 9349 9542 9350
f 9349 9541 9542
f 9350 9543 9351
f 9350 9542 9543
f 9351 9544 9352
f 9351 9543 9544
f 9352 9545 9353
f 9352 9544 9545
f 9353 9546 9354
f 9353 9545 9546
f 9354 9547 9355
f 9354 9546 9547
f 9355 9548 9356
f 9355 9547 9548
f 9356 9549 9357
f 9356 9548 9549
f 9357 9550 9358
f 9357 9549 9550
f 9358 9551 9359
f 9358 9550 9551
f 9359 9552 9360
f 9359 9551 9552
f 9360 9553 9361
f 9360 9552 9553
f 9361 9554 9362
f 9361 9553 9554
f 9362 9555 9363
f 9362 9554 9555
f 9363 9556 9364
f 9363 9555 9556
f 9364 9557 9365
f 9364 9556 9557
f 9365 9558 9366
f 9365 9557 9558
f 9366 9559 9367
f 9366 9558 9559
f 9367 9560 9368
f 9367 9559 9560
f 9368 9561 9369
f 9368 9560 9561
f 9369 9562 9370
f 9369 9561 9562
f 9370 9563 9371
f 9370 9562 9563
f 9371 9564 9372
f 9371 9563 9564
f 9372 9565 9373
f 9372 9564 9565
f 9373 9566 9374
f 9373 9565 9566
f 9374 9567 9375
f 9374 9566 9567
f 9375 9568 9376
f 9375 9567 9568
f 9376 9569 9377
f 9376 9568 9569
f 9377 9570 9378
f 9377 9569 9570
f 9378 9571 9379
f 9378 9570 9571
f 9379 9572 9380
f 9379 9571 9572
f 9380 9573 9381
f 9380 9572 9573
f 9381 9574 9382
f 9381 9573 9574
f 9382 9575 9383
f 9382 9574 9575
f 9383 9576 9384
f 9383 9575 9576
f 9384 9577 9385
f 9384 9576 9577
f 9385 9578 9386
f 9385 9577 9578
f 9386 9579 9387
f 9386 9578 9579
f 9387 9580 9388
f 9387 9579 9580
f 9388 9581 9389
f 9388 9580 9581
f 9389 9582 9390
f 9389 9581 9582
f 9390 9583 9391
f 9390 9582 9583
f 9391 9584 9392
f 9391 9583 9584
f 9392 9585 9393
f 9392 9584 9585
f 9393 9586 9394
f 9393 9585 9586
f 9394 9587 9395
f 9394 9586 9587
f 9395 9588 9396
f 9395 9587 9588
f 9396 9589 9397
f 9396 9588 9589
f 9397 9590 9398
f 9397 9589 9590
f 9398 9591 9399
f 9398 9590 9591
f 9399 9592 9400
f 9399 9591 9592
f 9400 9593 9401
f 9400 9592 9593
f 9401 9594 9402
f 9401 9593 9594
f 9402 9595 9403
f 9402 9594 9595
f 9403 9596 9404
f 9403 9595 9596
f 9404 9597 9405
f 9404 9596 9597
f 9405 9598 9406
f 9405 9597 9598
f 9406 9599 9407
f 9406 9598 9599
f 9407 9600 9408
f 9407 9599 9600
f 9408 9505 9313
f 9408 9600 9505
f 9409 9410 9602
f 9409 9602 9601
f 9410 9411 9603
f 9410 9603 9602
f 9411 9412 9604
f 9411 9604 9603
f 9412 9413 9605
f 9412 9605 9604
f 9413 9414 9606
f 9413 9606 9605
f 9414 9415 9607
f 9414 9607 9606
f 9415 9416 9608
f 9415 9608 9607
f 9416 9417 9609
f 9416 9609 9608
f 9417 9418 9610
f 9417 9610 9609
f 9418 9419 9611
f 9418 9611 9610
f 9419 9420 9612
f 9419 9612 9611
f 9420 9421 9613
f 9420 9613 9612
f 9421 9422 9614
f 9421 9614 9613
f 9422 9423 9615
f 9422 9615 9614
f 9423 9424 9616
f 9423 9616 9615
f 9424 9425 9617
f 9424 9617 9616
f 9425 9426 9618
f 9425 9618 9617
f 9426 9427 9619
f 9426 9619 9618
f 9427 9428 9620
f 9427 9620 9619
f 9428 9429 9621
f 9428 9621 9620
f 9429 9430 9622
f 9429 9622 9621
f 9430 9431 9623
f 9430 9623 9622
f 9431 9432 9624
f 9431 9624 9623
f 9432 9433 9625
f 9432 9625 9624
f 9433 9434 9626
f 9433 9626 9625
f 9434 9435 9627
f 9434 9627 9626
f 9435 9436 9628
f 9435 9628 9627
f 9436 9437 9629
f 9436 9629 9628
f 9437 9438 9630
f 9437 9630 9629
f 9438 9439 9631
f 9438 9631 9630
f 9439 9440 9632
f 9439 9632 9631
f 9440 9441 9633
f 9440 9633 9632
f 9441 9442 9634
f 9441 9634 9633
f 9442 9443 9635
f 9442 9635 9634
f 9443 9444 9636
f 9443 9636 9635
f 9444 9445 9637
f 9444 9637 9636
f 9445 9446 9638
f 9445 9638 9637
f 9446 9447 9639
f 9446 9639 9638
f 9447 9448 9640
f 9447 9640 9639
f 9448 9449 9641
f 9448 9641 9640
f 9449 9450 9642
f 9449 9642 9641
f 9450 9451 9643
f 9450 9643 9642
f 9451 9452 9644
f 9451 9644 9643
f 9452 9453 9645
f 9452 9645 9644
f 9453 9454 9646
f 9453 9646 9645
f 9454 9455 9647
f 9454 9647 9646
f 9455 9456 9648
f 9455 9648 9647
f 9456 9457 9649
f 9456 9649 9648
f 9457 9458 9650
f 9457 9650 9649
f 9458 9459 9651
f 9458 9651 9650
f 9459 9460 9652
f 9459 9652 9651
f 9460 9461 9653
f 9460 9653 9652
f 9461 9462 9654
f 9461 9654 9653
f 9462 9463 9655
f 9462 9655 9654
f 9463 9464 9656
f 9463 9656 9655
f 9464 9465 9657
f 9464 9657 9656
f 9465 9466 9658
f 9465 9658 9657
f 9466 9467 9659
f 9466 9659 9658
f 9467 9468 9660
f 9467 9660 9659
f 9468 9469 9661
f 9468 9661 9660
f 9469 9470 9662
f 9469 9662 9661
f 9470 9471 9663
f 9470 9663 9662
f 9471 9472 9664
f 9471 9664 9663
f 9472 9473 9665
f 9472 9665 9664
f 9473 9474 9666
f 9473 9666 9665
f 9474 9475 9667
f 9474 9667 9666
f 9475 9476 9668
f 9475 9668 9667
f 9476 9477 9669
f 9476 9669 9668
f 9477 9478 9670
f 9477 9670 9669
f 9478 9479 9671
f 9478 9671 9670
f 9479 9480 9672
f 9479 9672 9671
f 9480 9481 9673
f 9480 9673 9672
f 9481 9482 9674
f 9481 9674 9673
f 9482 9483 9675
f 9482 9675 9674
f 9483 9484 9676
f 9483 9676 9675
f 9484 9485 9677
f 9484 9677 9676
f 9485 9486 9678
f 9485 9678 9677
f 9486 9487 9679
f 9486 9679 9678
f 9487 9488 9680
f 9487 9680 9679
f 9488 9489 9681
f 9488 9681 9680
f 9489 9490 9682
f 9489 9682 9681
f 9490 9491 9683
f 9490 9683 9682
f 9491 9492 9684
f 9491 9684 9683
f 9492 9493 9685
f 9492 9685 9684
f 9493 9494 9686
f 9493 9686 9685
f 9494 9495 9687
f 9494 9687 9686
f 9495 9496 9688
f 9495 9688 9687
f 9496 9497 9689
f 9496 9689 9688
f 9497 9498 9690
f 9497 9690 9689
f 9498 9499 9691
f 9498 9691 9690
f 9499 9500 9692
f 9499 9692 9691
f 9500 9501 9693
f 9500 9693 9692
f 9501 9502 9694
f 9501 9694 9693
f 9502 9503 9695
f 9502 9695 9694
f 9503 9504 9696
f 9503 9696 9695
f 9504 9409 9601
f 9504 9601 9696
f 9505 9698 9506
f 9505 9697 9698
f 9506 9699 9507
f 9506 9698 9699
f 9507 9700 9508
f 9507 9699 9700
f 9508 9701 9509
f 9508 9700 9701
f 9509 9702 9510
f 9509 9701 9702
f 9510 9703 9511
f 9510 9702 9703
f 9511 9704 9512
f 9511 9703 9704
f 9512 9705 9513
f 9512 9704 9705
f 9513 9706 9514
f 9513 9705 9706
f 9514 9707 9515
f 9514 9706 9707
f 9515 9708 9516
f 9515 9707 9708
f 9516 9709 9517
f 9516 9708 9709
f 9517 9710 9518
f 9517 9709 9710
f 9518 9711 9519
f 9518 9710 9711
f 9519 9712 9520
f 9519 9711 9712
f 9520 9713 9521
f 9520 9712 9713
f 9521 9714 9522
f 9521 9713 9714
f 9522 9715 9523
f 9522 9714 9715
f 9523 9716 9524
f 9523 9715 9716
f 9524 9717 9525
f 9524 9716 9717
f 9525 9718 9526
f 9525 9717 9718
f 9526 9719 9527
f 9526 9718 9719
f 9527 9720 9528
f 9527 9719 9720
f 9528 9721 9529
f 9528 9720 9721
f 9529 9722 9530
f 9529 9721 9722
f 9530 9723 9531
f 9530 9722 9723
f 9531 9724 9532
f 9531 9723 9724
f 9532 9725 9533
f 9532 9724 9725
f 9533 9726 9534
f 9533 9725 9726
f 9534 9727 9535
f 9534 9726 9727
f 9535 9728 9536
f 9535 9727 9728
f 9536 9729 9537
f 9536 9728 9729
f 9537 9730 9538
f 9537 9729 9730
f 9538 9731 9539
f 9538 9730 9731
f 9539 9732 9540
f 9539 9731 9732
f 9540 9733 9541
f 9540 9732 9733
f 9541 9734 9542
f 9541 9733 9734
f 9542 9735 9543
f 9542 9734 9735
f 9543 9736 9544
f 9543 9735 9736
f 9544 9737 9545
f 9544 9736 9737
f 9545 9738 9546
f 9545 9737 9738
f 9546 9739 9547
f 9546 9738 9739
f 9547 9740 9548
f 9547 9739 9740
f 9548 9741 9549
f 9548 9740 9741
f 9549 9742 9550
f 9549 9741 9742
f 9550 9743 9551
f 9550 9742 9743
f 9551 9744 9552
f 9551 9743 9744
f 9552 9745 9553
f 9552 9744 9745
f 9553 9746 9554
f 9553 9745 9746
f 9554 9747 9555
f 9554 9746 9747
f 9555 9748 9556
f 9555 9747 9748
f 9556 9749 9557
f 9556 9748 9749
f 9557 9750 9558
f 9557 9749 9750
f 9558 9751 9559
f 9558 9750 9751
f 9559 9752 9560
f 9559 9751 9752
f 9560 9753 9561
f 9560 9752 9753
f 9561 9754 9562
f 9561 9753 9754
f 9562 9755 9563
f 9562 9754 9755
f 9563 9756 9564
f 9563 9755 9756
f 9564 9757 9565
f 9564 9756 9757
f 9565 9758 9566
f 9565 9757 9758
f 9566 9759 9567
f 9566 9758 9759
f 9567 9760 9568
f 9567 9759 9760
f 9568 9761 9569
f 9568 9760 9761
f 9569 9762 9570
f 9569 9761 9762
f 9570 9763 9571
f 9570 9762 9763
f 9571 9764 9572
f 9571 9763 9764
f 9572 9765 9573
f 9572 9764 9765
f 9573 9766 9574
f 9573 9765 9766
f 9574 9767 9575
f 9574 9766 9767
f 9575 9768 9576
f 9575 9767 9768
f 9576 9769 9577
f 9576 9768 9769
f 9577 9770 9578
f 9577 9769 9770
f 9578 9771 9579
f 9578 9770 9771
f 9579 9772 9580
f 9579 9771 9772
f 9580 9773 9581
f 9580 9772 9773
f 9581 9774 9582
f 9581 9773 9774
f 9582 9775 9583
f 9582 9774 9775
f 9583 9776 9584
f 9583 9775 9776
f 9584 9777 9585
f 9584 9776 9777
f 9585 9778 9586
f 9585 9777 9778
f 9586 9779 9587
f 9586 9778 9779
f 9587 9780 9588
f 9587 9779 9780
f 9588 9781 9589
f 9588 9780 9781
f 9589 9782 9590
f 9589 9781 9782
f 9590 9783 9591
f 9590 9782 9783
f 9591 9784 9592
f 9591 9783 9784
f 9592 9785 9593
f 9592 9784 9785
f 9593 9786 9594
f 9593 9785 9786
f 9594 9787 9595
f 9594 9786 9787
f 9595 9788 9596
f 9595 9787 9788
f 9596 9789 9597
f 9596 9788 9789
f 9597 9790 9598
f 9597 9789 9790
f 9598 9791 9599
f 9598 9790 9791
f 9599 9792 9600
f 9599 9791 9792
f 9600 9697 9505
f 9600 9792 9697
f 9601 9602 9794
f 9601 9794 9793
f 9602 9603 9795
f 9602 9795 9794
f 9603 9604 9796
f 9603 9796 9795
f 9604 9605 9797
f 9604 9797 9796
f 9605 9606 9798
f 9605 9798 9797
f 9606 9607 9799
f 9606 9799 9798
f 9607 9608 9800
f 9607 9800 9799
f 9608 9609 9801
f 9608 9801 9800
f 9609 9610 9802
f 9609 9802 9801
f 9610 9611 9803
f 9610 9803 9802
f 9611 9612 9804
f 9611 9804 9803
f 9612 9613 9805
f 9612 9805 9804
f 9613 9614 9806
f 9613 9806 9805
f 9614 9615 9807
f 9614 9807 9806
f 9615 9616 9808
f 9615 9808 9807
f 9616 9617 9809
f 9616 9809 9808
f 9617 9618 9810
f 9617 9810 9809
f 9618 9619 9811
f 9618 9811 9810
f 9619 9620 9812
f 9619 9812 9811
f 9620 9621 9813
f 9620 9813 9812
f 9621 9622 9814
f 9621 9814 9813
f 9622 9623 9815
f 9622 9815 9814
f 9623 9624 9816
f 9623 9816 9815
f 9624 9625 9817
f 9624 9817 9816
f 9625 9626 9818
f 9625 9818 9817
f 9626 9627 9819
f 9626 9819 9818
f 9627 9628 9820
f 9627 9820 9819
f 9628 9629 9821
f 9628 9821 9820
f 9629 9630 9822
f 9629 9822 9821
f 9630 9631 9823
f 9630 9823 9822
f 9631 9632 9824
f 9631 9824 9823
f 9632 9633 9825
f 9632 9825 9824
f 9633 9634 9826
f 9633 9826 9825
f 9634 9635 9827
f 9634 9827 9826
f 9635 9636 9828
f 9635 9828 9827
f 9636 9637 9829
f 9636 9829 9828
f 9637 9638 9830
f 9637 9830 9829
f 9638 9639 9831
f 9638 9831 9830
f 9639 9640 9832
f 9639 9832 9831
f 9640 9641 9833
f 9640 9833 9832
f 9641 9642 9834
f 9641 9834 9833
f 9642 9643 9835
f 9642 9835 9834
f 9643 9644 9836
f 9643 9836 9835
f 9644 9645 9837
f 9644 9837 9836
f 9645 9646 9838
f 9645 9838 9837
f 9646 9647 9839
f 9646 9839 9838
f 9647 9648 9840
f 9647 9840 9839
f 9648 9649 9841
f 9648 9841 9840
f 9649 9650 9842
f 9649 9842 9841
f 9650 9651 9843
f 9650 9843 9842
f 9651 9652 9844
f 9651 9844 9843
f 9652 9653 9845
f 9652 9845 9844
f 9653 9654 9846
f 9653 9846 9845
f 9654 9655 9847
f 9654 9847 9846
f 9655 9656 9848
f 9655 9848 9847
f 9656 9657 9849
f 9656 9849 9848
f 9657 9658 9850
f 9657 9850 9849
f 9658 9659 9851
f 9658 9851 9850
f 9659 9660 9852
f 9659 9852 9851
f 9660 9661 9853
f 9660 9853 9852
f 9661 9662 9854
f 9661 9854 9853
f 9662 9663 9855
f 9662 9855 9854
f 9663 9664 9856
f 9663 9856 9855
f 9664 9665 9857
f 9664 9857 9856
f 9665 9666 9858
f 9665 9858 9857
f 9666 9667 9859
f 9666 9859 9858
f 9667 9668 9860
f 9667 9860 9859
f 9668 9669 9861
f 9668 9861 9860
f 9669 9670 9862
f 9669 9862 9861
f 9670 9671 9863
f 9670 9863 9862
f 9671 9672 9864
f 9671 9864 9863
f 9672 9673 9865
f 9672 9865 9864
f 9673 9674 9866
f 9673 9866 9865
f 9674 9675 9867
f 9674 9867 9866
f 9675 9676 9868
f 9675 9868 9867
f 9676 9677 9869
f 9676 9869 9868
f 9677 9678 9870
f 9677 9870 9869
f 9678 9679 9871
f 9678 9871 9870
f 9679 9680 9872
f 9679 9872 9871
f 9680 9681 9873
f 9680 9873 9872
f 9681 9682 9874
f 9681 9874 9873
f 9682 9683 9875
f 9682 9875 9874
f 9683 9684 9876
f 9683 9876 9875
f 9684 9685 9877
f 9684 9877 9876
f 9685 9686 9878
f 9685 9878 9877
f 9686 9687 9879
f 9686 9879 9878
f 9687 9688 9880
f 9687 9880 9879
f 9688 9689 9881
f 9688 9881 9880
f 9689 9690 9882
f 9689 9882 9881
f 9690 9691 9883
f 9690 9883 9882
f 9691 9692 9884
f 9691 9884 9883
f 9692 9693 9885
f 9692 9885 9884
f 9693 9694 9886
f 9693 9886 9885
f 9694 9695 9887
f 9694 9887 9886
f 9695 9696 9888
f 9695 9888 9887
f 9696 9601 9793
f 9696 9793 9888
f 9697 9890 9698
f 9697 9889 9890
f 9698 9891 9699
f 9698 9890 9891
f 9699 9892 9700
f 9699 9891 9892
f 9700 9893 9701
f 9700 9892 9893
f 9701 9894 9702
f 9701 9893 9894
f 9702 9895 9703
f 9702 9894 9895
f 9703 9896 9704
f 9703 9895 9896
f 9704 9897 9705
f 9704 9896 9897
f 9705 9898 9706
f 9705 9897 9898
f 9706 9899 9707
f 9706 9898 9899
f 9707 9900 9708
f 9707 9899 9900
f 9708 9901 9709
f 9708 9900 9901
f 9709 9902 9710
f 9709 9901 9902
f 9710 9903 9711
f 9710 9902 9903
f 9711 9904 9712
f 9711 9903 9904
f 9712 9905 9713
f 9712 9904 9905
f 9713 9906 9714
f 9713 9905 9906
f 9714 9907 9715
f 9714 9906 9907
f 9715 9908 9716
f 9715 9907 9908
f 9716 9909 9717
f 9716 9908 9909
f 9717 9910 9718
f 9717 9909 9910
f 9718 9911 9719
f 9718 9910 9911
f 9719 9912 9720
f 9719 9911 9912
f 9720 9913 9721
f 9720 9912 9913
f 9721 9914 9722
f 9721 9913 9914
f 9722 9915 9723
f 9722 9914 9915
f 9723 9916 9724
f 9723 9915 9916
f 9724 9917 9725
f 9724 9916 9917
f 9725 9918 9726
f 9725 9917 9918
f 9726 9919 9727
f 9726 9918 9919
f 9727 9920 9728
f 9727 9919 9920
f 9728 9921 9729
f 9728 9920 9921
f 9729 9922 9730
f 9729 9921 9922
f 9730 9923 9731
f 9730 9922 9923
f 9731 9924 9732
f 9731 9923 9924
f 9732 9925 9733
f 9732 9924 9925
f 9733 9926 9734
f 9733 9925 9926
f 9734 9927 9735
f 9734 9926 9927
f 9735 9928 9736
f 9735 9927 9928
f 9736 9929 9737
f 9736 9928 9929
f 9737 9930 9738
f 9737 9929 9930
f 9738 9931 9739
f 9738 9930 9931
f 9739 9932 9740
f 9739 9931 9932
f 9740 9933 9741
f 9740 9932 9933
f 9741 9934 9742
f 9741 9933 9934
f 9742 9935 9743
f 9742 9934 9935
f 9743 9936 9744
f 9743 9935 9936
f 9744 9937 9745
f 9744 9936 9937
f 9745 9938 9746
f 9745 9937 9938
f 9746 9939 9747
f 9746 9938 9939
f 9747 9940 9748
f 9747 9939 9940
f 9748 9941 9749
f 9748 9940 9941
f 9749 9942 9750
f 9749 9941 9942
f 9750 9943 9751
f 9750 9942 9943
f 9751 9944 9752
f 9751 9943 9944
f 9752 9945 9753
f 9752 9944 9945
f 9753 9946 9754
f 9753 9945 9946
f 9754 9947 9755
f 9754 9946 9947
f 9755 9948 9756
f 9755 9947 9948
f 9756 9949 9757
f 9756 9948 9949
f 9757 9950 9758
f 9757 9949 9950
f 9758 9951 9759
f 9758 9950 9951
f 9759 9952 9760
f 9759 9951 9952
f 9760 9953 9761
f 9760 9952 9953
f 9761 9954 9762
f 9761 9953 9954
f 9762 9955 9763
f 9762 9954 9955
f 9763 9956 9764
f 9763 9955 9956
f 9764 9957 9765
f 9764 9956 9957
f 9765 9958 9766
f 9765 9957 9958
f 9766 9959 9767
f 9766 9958 9959
f 9767 9960 9768
f 9767 9959 9960
f 9768 9961 9769
f 9768 9960 9961
f 9769 9962 9770
f 9769 9961 9962
f 9770 9963 9771
f 9770 9962 9963
f 9771 9964 9772
f 9771 9963 9964
f 9772 9965 9773
f 9772 9964 9965
f 9773 9966 9774
f 9773 9965 9966
f 9774 9967 9775
f 9774 9966 9967
f 9775 9968 9776
f 9775 9967 9968
f 9776 9969 9777
f 9776 9968 9969
f 9777 9970 9778
f 9777 9969 9970
f 9778 9971 9779
f 9778 9970 9971
f 9779 9972 9780
f 9779 9971 9972
f 9780 9973 9781
f 9780 9972 9973
f 9781 9974 9782
f 9781 9973 9974
f 9782 9975 9783
f 9782 9974 9975
f 9783 9976 9784
f 9783 9975 9976
f 9784 9977 9785
f 9784 9976 9977
f 9785 9978 9786
f 9785 9977 9978
f 9786 9979 9787
f 9786 9978 9979
f 9787 9980 9788
f 9787 9979 9980
f 9788 9981 9789
f 9788 9980 9981
f 9789 9982 9790
f 9789 9981 9982
f 9790 9983 9791
f 9790 9982 9983
f 9791 9984 9792
f 9791 9983 9984
f 9792 9889 9697
f 9792 9984 9889
f 9793 9794 9986
f 9793 9986 9985
f 9794 9795 9987
f 9794 9987 9986
f 9795 9796 9988
f 9795 9988 9987
f 9796 9797 9989
f 9796 9989 9988
f 9797 9798 9990
f 9797 9990 9989
f 9798 9799 9991
f 9798 9991 9990
f 9799 9800 9992
f 9799 9992 9991
f 9800 9801 9993
f 9800 9993 9992
f 9801 9802 9994
f 9801 9994 9993
f 9802 9803 9995
f 9802 9995 9994
f 9803 9804 9996
f 9803 9996 9995
f 9804 9805 9997
f 9804 9997 9996
f 9805 9806 9998
f 9805 9998 9997
f 9806 9807 9999
f 9806 9999 9998
f 9807 9808 10000
f 9807 10000 9999
f 9808 9809 10001
f 9808 10001 10000
f 9809 9810 10002
f 9809 10002 10001
f 9810 9811 10003
f 9810 10003 10002
f 9811 9812 10004
f 9811 10004 10003
f 9812 9813 10005
f 9812 10005 10004
f 9813 9814 10006
f 9813 10006 10005
f 9814 9815 10007
f 9814 10007 10006
f 9815 9816 10008
f 9815 10008 10007
f 9816 9817 10009
f 9816 10009 10008
f 9817 9818 10010
f 9817 10010 10009
f 9818 9819 10011
f 9818 10011 10010
f 9819 9820 10012
f 9819 10012 10011
f 9820 9821 10013
f 9820 10013 10012
f 9821 9822 10014
f 9821 10014 10013
f 9822 9823 10015
f 9822 10015 10014
f 9823 9824 10016
f 9823 10016 10015
f 9824 9825 10017
f 9824 10017 10016
f 9825 9826 10018
f 9825 10018 10017
f 9826 9827 10019
f 9826 10019 10018
f 9827 9828 10020
f 9827 10020 10019
f 9828 9829 10021
f 9828 10021 10020
f 9829 9830 10022
f 9829 10022 10021
f 9830 9831 10023
f 9830 10023 10022
f 9831 9832 10024
f 9831 10024 10023
f 9832 9833 10025
f 9832 10025 10024
f 9833 9834 10026
f 9833 10026 10025
f 9834 9835 10027
f 9834 10027 10026
f 9835 9836 10028
f 9835 10028 10027
f 9836 9837 10029
f 9836 10029 10028
f 9837 9838 10030
f 9837 10030 10029
f 9838 9839 10031
f 9838 10031 10030
f 9839 9840 10032
f 9839 10032 10031
f 9840 9841 10033
f 9840 10033 10032
f 9841 9842 10034
f 9841 10034 10033
f 9842 9843 10035
f 9842 10035 10034
f 9843 9844 10036
f 9843 10036 10035
f 9844 9845 10037
f 9844 10037 10036
f 9845 9846 10038
f 9845 10038 10037
f 9846 9847 10039
f 9846 10039 10038
f 9847 9848 10040
f 9847 10040 10039
f 9848 9849 10041
f 9848 10041 10040
f 9849 9850 10042
f 9849 10042 10041
f 9850 9851 10043
f 9850 10043 10042
f 9851 9852 10044
f 9851 10044 10043
f 9852 9853 10045
f 9852 10045 10044
f 9853 9854 10046
f 9853 10046 10045
f 9854 9855 10047
f 9854 10047 10046
f 9855 9856 10048
f 9855 10048 10047
f 9856 9857 10049
f 9856 10049 10048
f 9857 9858 10050
f 9857 10050 10049
f 9858 9859 10051
f 9858 10051 10050
f 9859 9860 10052
f 9859 10052 10051
f 9860 9861 10053
f 9860 10053 10052
f 9861 9862 10054
f 9861 10054 10053
f 9862 9863 10055
f 9862 10055 10054
f 9863 9864 10056
f 9863 10056 10055
f 9864 9865 10057
f 9864 10057 10056
f 9865 9866 10058
f 9865 10058 10057
f 9866 9867 10059
f 9866 10059 10058
f 9867 9868 10060
f 9867 10060 10059
f 9868 9869 10061
f 9868 10061 10060
f 9869 9870 10062
f 9869 10062 10061
f 9870 9871 10063
f 9870 10063 10062
f 9871 9872 10064
f 9871 10064 10063
f 9872 9873 10065
f 9872 10065 10064
f 9873 9874 10066
f 9873 10066 10065
f 9874 9875 10067
f 9874 10067 10066
f 9875 9876 10068
f 9875 10068 10067
f 9876 9877 10069
f 9876 10069 10068
f 9877 9878 10070
f 9877 10070 10069
f 9878 9879 10071
f 9878 10071 10070
f 9879 9880 10072
f 9879 10072 10071
f 9880 9881 10073
f 9880 10073 10072
f 9881 9882 10074
f 9881 10074 10073
f 9882 9883 10075
f 9882 10075 10074
f 9883 9884 10076
f 9883 10076 10075
f 9884 9885 10077
f 9884 10077 10076
f 9885 9886 10078
f 9885 10078 10077
f 9886 9887 10079
f 9886 10079 10078
f 9887 9888 10080
f 9887 10080 10079
f 9888 9793 9985
f 9888 9985 10080
f 9889 10082 9890
f 9889 10081 10082
f 9890 10083 9891
f 9890 10082 10083
f 9891 10084 9892
f 9891 10083 10084
f 9892 10085 9893
f 9892 10084 10085
f 9893 10086 9894
f 9893 10085 10086
f 9894 10087 9895
f 9894 10086 10087
f 9895 10088 9896
f 9895 10087 10088
f 9896 10089 9897
f 9896 10088 10089
f 9897 10090 9898
f 9897 10089 10090
f 9898 10091 9899
f 9898 10090 10091
f 9899 10092 9900
f 9899 10091 10092
f 9900 10093 9901
f 9900 10092 10093
f 9901 10094 9902
f 9901 10093 10094
f 9902 10095 9903
f 9902 10094 10095
f 9903 10096 9904
f 9903 10095 10096
f 9904 10097 9905
f 9904 10096 10097
f 9905 10098 9906
f 9905 10097 10098
f 9906 10099 9907
f 9906 10098 10099
f 9907 10100 9908
f 9907 10099 10100
f 9908 10101 9909
f 9908 10100 10101
f 9909 10102 9910
f 9909 10101 10102
f 9910 10103 9911
f 9910 10102 10103
f 9911 10104 9912
f 9911 10103 10104
f 9912 10105 9913
f 9912 10104 10105
f 9913 10106 9914
f 9913 10105 10106
f 9914 10107 9915
f 9914 10106 10107
f 9915 10108 9916
f 9915 10107 10108
f 9916 10109 9917
f 9916 10108 10109
f 9917 10110 9918
f 9917 10109 10110
f 9918 10111 9919
f 9918 10110 10111
f 9919 10112 9920
f 9919 10111 10112
f 9920 10113 9921
f 9920 10112 10113
f 9921 10114 9922
f 9921 10113 10114
f 9922 10115 9923
f 9922 10114 10115
f 9923 10116 9924
f 9923 10115 10116
f 9924 10117 9925
f 9924 10116 10117
f 9925 10118 9926
f 9925 10117 10118
f 9926 10119 9927
f 9926 10118 10119
f 9927 10120 9928
f 9927 10119 10120
f 9928 10121 9929
f 9928 10120 10121
f 9929 10122 9930
f 9929 10121 10122
f 9930 10123 9931
f 9930 10122 10123
f 9931 10124 9932
f 9931 10123 10124
f 9932 10125 9933
f 9932 10124 10125
f 9933 10126 9934
f 9933 10125 10126
f 9934 10127 9935
f 9934 10126 10127
f 9935 10128 9936
f 9935 10127 10128
f 9936 10129 9937
f 9936 10128 10129
f 9937 10130 9938
f 9937 10129 10130
f 9938 10131 9939
f 9938 10130 10131
f 9939 10132 9940
f 9939 10131 10132
f 9940 10133 9941
f 9940 10132 10133
f 9941 10134 9942
f 9941 10133 10134
f 9942 10135 9943
f 9942 10134 10135
f 9943 10136 9944
f 9943 10135 10136
f 9944 10137 9945
f 9944 10136 10137
f 9945 10138 9946
f 9945 10137 10138
f 9946 10139 9947
f 9946 10138 10139
f 9947 10140 9948
f 9947 10139 10140
f 9948 10141 9949
f 9948 10140 10141
f 9949 10142 9950
f 9949 10141 10142
f 9950 10143 9951
f 9950 10142 10143
f 9951 10144 9952
f 9951 10143 10144
f 9952 10145 9953
f 9952 10144 10145
f 9953 10146 9954
f 9953 10145 10146
f 9954 10147 9955
f 9954 10146 10147
f 9955 10148 9956
f 9955 10147 10148
f 9956 10149 9957
f 9956 10148 10149
f 9957 10150 9958
f 9957 10149 10150
f 9958 10151 9959
f 9958 10150 10151
f 9959 10152 9960
f 9959 10151 10152
f 9960 10153 9961
f 9960 10152 10153
f 9961 10154 9962
f 9961 10153 10154
f 9962 10155 9963
f 9962 10154 10155
f 9963 10156 9964
f 9963 10155 10156
f 9964 10157 9965
f 9964 10156 10157
f 9965 10158 9966
f 9965 10157 10158
f 9966 10159 9967
f 9966 10158 10159
f 9967 10160 9968
f 9967 10159 10160
f 9968 10161 9969
f 9968 10160 10161
f 9969 10162 9970
f 9969 10161 10162
f 9970 10163 9971
f 9970 10162 10163
f 9971 10164 9972
f 9971 10163 10164
f 9972 10165 9973
f 9972 10164 10165
f 9973 10166 9974
f 9973 10165 10166
f 9974 10167 9975
f 9974 10166 10167
f 9975 10168 9976
f 9975 10167 10168
f 9976 10169 9977
f 9976 10168 10169
f 9977 10170 9978
f 9977 10169 10170
f 9978 10171 9979
f 9978 10170 10171
f 9979 10172 9980
f 9979 10171 10172
f 9980 10173 9981
f 9980 10172 10173
f 9981 10174 9982
f 9981 10173 10174
f 9982 10175 9983
f 9982 10174 10175
f 9983 10176 9984
f 9983 10175 10176
f 9984 10081 9889
f 9984 10176 10081
f 9985 9986 10178
f 9985 10178 10177
f 9986 9987 10179
f 9986 10179 10178
f 9987 9988 10180
f 9987 10180 10179
f 9988 9989 10181
f 9988 10181 10180
f 9989 9990 10182
f 9989 10182 10181
f 9990 9991 10183
f 9990 10183 10182
f 9991 9992 10184
f 9991 10184 10183
f 9992 9993 10185
f 9992 10185 10184
f 9993 9994 10186
f 9993 10186 10185
f 9994 9995 10187
f 9994 10187 10186
f 9995 9996 10188
f 9995 10188 10187
f 9996 9997 10189
f 9996 10189 10188
f 9997 9998 10190
f 9997 10190 10189
f 9998 9999 10191
f 9998 10191 10190
f 9999 10000 10192
f 9999 10192 10191
f 10000 10001 10193
f 10000 10193 10192
f 10001 10002 10194
f 10001 10194 10193
f 10002 10003 10195
f 10002 10195 10194
f 10003 10004 10196
f 10003 10196 10195
f 10004 10005 10197
f 10004 10197 10196
f 10005 10006 10198
f 10005 10198 10197
f 10006 10007 10199
f 10006 10199 10198
f 10007 10008 10200
f 10007 10200 10199
f 10008 10009 10201
f 10008 10201 10200
f 10009 10010 10202
f 10009 10202 10201
f 10010 10011 10203
f 10010 10203 10202
f 10011 10012 10204
f 10011 10204 10203
f 10012 10013 10205
f 10012 10205 10204
f 10013 10014 10206
f 10013 10206 10205
f 10014 10015 10207
f 10014 10207 10206
f 10015 10016 10208
f 10015 10208 10207
f 10016 10017 10209
f 10016 10209 10208
f 10017 10018 10210
f 10017 10210 10209
f 10018 10019 10211
f 10018 10211 10210
f 10019 10020 10212
f 10019 10212 10211
f 10020 10021 10213
f 10020 10213 10212
f 10021 10022 10214
f 10021 10214 10213
f 10022 10023 10215
f 10022 10215 10214
f 10023 10024 10216
f 10023 10216 10215
f 10024 10025 10217
f 10024 10217 10216
f 10025 10026 10218
f 10025 10218 10217
f 10026 10027 10219
f 10026 10219 10218
f 10027 10028 10220
f 10027 10220 10219
f 10028 10029 10221
f 10028 10221 10220
f 10029 10030 10222
f 10029 10222 10221
f 10030 10031 10223
f 10030 10223 10222
f 10031 10032 10224
f 10031 10224 10223
f 10032 10033 10225
f 10032 10225 10224
f 10033 10034 10226
f 10033 10226 10225
f 10034 10035 10227
f 10034 10227 10226
f 10035 10036 10228
f 10035 10228 10227
f 10036 10037 10229
f 10036 10229 10228
f 10037 10038 10230
f 10037 10230 10229
f 10038 10039 10231
f 10038 10231 10230
f 10039 10040 10232
f 10039 10232 10231
f 10040 10041 10233
f 10040 10233 10232
f 10041 10042 10234
f 10041 10234 10233
f 10042 10043 10235
f 10042 10235 10234
f 10043 10044 10236
f 10043 10236 10235
f 10044 10045 10237
f 10044 10237 10236
f 10045 10046 10238
f 10045 10238 10237
f 10046 10047 10239
f 10046 10239 10238
f 10047 10048 10240
f 10047 10240 10239
f 10048 10049 10241
f 10048 10241 10240
f 10049 10050 10242
f 10049 10242 10241
f 10050 10051 10243
f 10050 10243 10242
f 10051 10052 10244
f 10051 10244 10243
f 10052 10053 10245
f 10052 10245 10244
f 10053 10054 10246
f 10053 10246 10245
f 10054 10055 10247
f 10054 10247 10246
f 10055 10056 10248
f 10055 10248 10247
f 10056 10057 10249
f 10056 10249 10248
f 10057 10058 10250
f 10057 10250 10249
f 10058 10059 10251
f 10058 10251 10250
f 10059 10060 10252
f 10059 10252 10251
f 10060 10061 10253
f 10060 10253 10252
f 10061 10062 10254
f 10061 10254 10253
f 10062 10063 10255
f 10062 10255 10254
f 10063 10064 10256
f 10063 10256 10255
f 10064 10065 10257
f 10064 10257 10256
f 10065 10066 10258
f 10065 10258 10257
f 10066 10067 10259
f 10066 10259 10258
f 10067 10068 10260
f 10067 10260 10259
f 10068 10069 10261
f 10068 10261 10260
f 10069 10070 10262
f 10069 10262 10261
f 10070 10071 10263
f 10070 10263 10262
f 10071 10072 10264
f 10071 10264 10263
f 10072 10073 10265
f 10072 10265 10264
f 10073 10074 10266
f 10073 10266 10265
f 10074 10075 10267
f 10074 10267 10266
f 10075 10076 10268
f 10075 10268 10267
f 10076 10077 10269
f 10076 10269 10268
f 10077 10078 10270
f 10077 10270 10269
f 10078 10079 10271
f 10078 10271 10270
f 10079 10080 10272
f 10079 10272 10271
f 10080 9985 10177
f 10080 10177 10272
f 10081 10274 10082
f 10081 10273 10274
f 10082 10275 10083
f 10082 10274 10275
f 10083 10276 10084
f 10083 10275 10276
f 10084 10277 10085
f 10084 10276 10277
f 10085 10278 10086
f 10085 10277 10278
f 10086 10279 10087
f 10086 10278 10279
f 10087 10280 10088
f 10087 10279 10280
f 10088 10281 10089
f 10088 10280 10281
f 10089 10282 10090
f 10089 10281 10282
f 10090 10283 10091
f 10090 10282 10283
f 10091 10284 10092
f 10091 10283 10284
f 10092 10285 10093
f 10092 10284 10285
f 10093 10286 10094
f 10093 10285 10286
f 10094 10287 10095
f 10094 10286 10287
f 10095 10288 10096
f 10095 10287 10288
f 10096 10289 10097
f 10096 10288 10289
f 10097 10290 10098
f 10097 10289 10290
f 10098 10291 10099
f 10098 10290 10291
f 10099 10292 10100
f 10099 10291 10292
f 10100 10293 10101
f 10100 10292 10293
f 10101 10294 10102
f 10101 10293 10294
f 10102 10295 10103
f 10102 10294 10295
f 10103 10296 10104
f 10103 10295 10296
f 10104 10297 10105
f 10104 10296 10297
f 10105 10298 10106
f 10105 10297 10298
f 10106 10299 10107
f 10106 10298 10299
f 10107 10300 10108
f 10107 10299 10300
f 10108 10301 10109
f 10108 10300 10301
f 10109 10302 10110
f 10109 10301 10302
f 10110 10303 10111
f 10110 10302 10303
f 10111 10304 10112
f 10111 10303 10304
f 10112 10305 10113
f 10112 10304 10305
f 10113 10306 10114
f 10113 10305 10306
f 10114 10307 10115
f 10114 10306 10307
f 10115 10308 10116
f 10115 10307 10308
f 10116 10309 10117
f 10116 10308 10309
f 10117 10310 10118
f 10117 10309 10310
f 10118 10311 10119
f 10118 10310 10311
f 10119 10312 10120
f 10119 10311 10312
f 10120 10313 10121
f 10120 10312 10313
f 10121 10314 10122
f 10121 10313 10314
f 10122 10315 10123
f 10122 10314 10315
f 10123 10316 10124
f 10123 10315 10316
f 10124 10317 10125
f 10124 10316 10317
f 10125 10318 10126
f 10125 10317 10318
f 10126 10319 10127
f 10126 10318 10319
f 10127 10320 10128
f 10127 10319 10320
f 10128 10321 10129
f 10128 10320 10321
f 10129 10322 10130
f 10129 10321 10322
f 10130 10323 10131
f 10130 10322 10323
f 10131 10324 10132
f 10131 10323 10324
f 10132 10325 10133
f 10132 10324 10325
f 10133 10326 10134
f 10133 10325 10326
f 10134 10327 10135
f 10134 10326 10327
f 10135 10328 10136
f 10135 10327 10328
f 10136 10329 10137
f 10136 10328 10329
f 10137 10330 10138
f 10137 10329 10330
f 10138 10331 10139
f 10138 10330 10331
f 10139 10332 10140
f 10139 10331 10332
f 10140 10333 10141
f 10140 10332 10333
f 10141 10334 10142
f 10141 10333 10334
f 10142 10335 10143
f 10142 10334 10335
f 10143 10336 10144
f 10143 10335 10336
f 10144 10337 10145
f 10144 10336 10337
f 10145 10338 10146
f 10145 10337 10338
f 10146 10339 10147
f 10146 10338 10339
f 10147 10340 10148
f 10147 10339 10340
f 10148 10341 10149
f 10148 10340 10341
f 10149 10342 10150
f 10149 10341 10342
f 10150 10343 10151
f 10150 10342 10343
f 10151 10344 10152
f 10151 10343 10344
f 10152 10345 10153
f 10152 10344 10345
f 10153 10346 10154
f 10153 10345 10346
f 10154 10347 10155
f 10154 10346 10347
f 10155 10348 10156
f 10155 10347 10348
f 10156 10349 10157
f 10156 10348 10349
f 10157 10350 10158
f 10157 10349 10350
f 10158 10351 10159
f 10158 10350 10351
f 10159 10352 10160
f 10159 10351 10352
f 10160 10353 10161
f 10160 10352 10353
f 10161 10354 10162
f 10161 10353 10354
f 10162 10355 10163
f 10162 10354 10355
f 10163 10356 10164
f 10163 10355 10356
f 10164 10357 10165
f 10164 10356 10357
f 10165 10358 10166
f 10165 10357 10358
f 10166 10359 10167
f 10166 10358 10359
f 10167 10360 10168
f 10167 10359 10360
f 10168 10361 10169
f 10168 10360 10361
f 10169 10362 10170
f 10169 10361 10362
f 10170 10363 10171
f 10170 10362 10363
f 10171 10364 10172
f 10171 10363 10364
f 10172 10365 10173
f 10172 10364 10365
f 10173 10366 10174
f 10173 10365 10366
f 10174 10367 10175
f 10174 10366 10367
f 10175 10368 10176
f 10175 10367 10368
f 10176 10273 10081
f 10176 10368 10273
f 10177 10178 10370
f 10177 10370 10369
f 10178 10179 10371
f 10178 10371 10370
f 10179 10180 10372
f 10179 10372 10371
f 10180 10181 10373
f 10180 10373 10372
f 10181 10182 10374
f 10181 10374 10373
f 10182 10183 10375
f 10182 10375 10374
f 10183 10184 10376
f 10183 10376 10375
f 10184 10185 10377
f 10184 10377 10376
f 10185 10186 10378
f 10185 10378 10377
f 10186 10187 10379
f 10186 10379 10378
f 10187 10188 10380
f 10187 10380 10379
f 10188 10189 10381
f 10188 10381 10380
f 10189 10190 10382
f 10189 10382 10381
f 10190 10191 10383
f 10190 10383 10382
f 10191 10192 10384
f 10191 10384 10383
f 10192 10193 10385
f 10192 10385 10384
f 10193 10194 10386
f 10193 10386 10385
f 10194 10195 10387
f 10194 10387 10386
f 10195 10196 10388
f 10195 10388 10387
f 10196 10197 10389
f 10196 10389 10388
f 10197 10198 10390
f 10197 10390 10389
f 10198 10199 10391
f 10198 10391 10390
f 10199 10200 10392
f 10199 10392 10391
f 10200 10201 10393
f 10200 10393 10392
f 10201 10202 10394
f 10201 10394 10393
f 10202 10203 10395
f 10202 10395 10394
f 10203 10204 10396
f 10203 10396 10395
f 10204 10205 10397
f 10204 10397 10396
f 10205 10206 10398
f 10205 10398 10397
f 10206 10207 10399
f 10206 10399 10398
f 10207 10208 10400
f 10207 10400 10399
f 10208 10209 10401
f 10208 10401 10400
f 10209 10210 10402
f 10209 10402 10401
f 10210 10211 10403
f 10210 10403 10402
f 10211 10212 10404
f 10211 10404 10403
f 10212 10213 10405
f 10212 10405 10404
f 10213 10214 10406
f 10213 10406 10405
f 10214 10215 10407
f 10214 10407 10406
f 10215 10216 10408
f 10215 10408 10407
f 10216 10217 10409
f 10216 10409 10408
f 10217 10218 10410
f 10217 10410 10409
f 10218 10219 10411
f 10218 10411 10410
f 10219 10220 10412
f 10219 10412 10411
f 10220 10221 10413
f 10220 10413 10412
f 10221 10222 10414
f 10221 10414 10413
f 10222 10223 10415
f 10222 10415 10414
f 10223 10224 10416
f 10223 10416 10415
f 10224 10225 10417
f 10224 10417 10416
f 10225 10226 10418
f 10225 10418 10417
f 10226 10227 10419
f 10226 10419 10418
f 10227 10228 10420
f 10227 10420 10419
f 10228 10229 10421
f 10228 10421 10420
f 10229 10230 10422
f 10229 10422 10421
f 10230 10231 10423
f 10230 10423 10422
f 10231 10232 10424
f 10231 10424 10423
f 10232 10233 10425
f 10232 10425 10424
f 10233 10234 10426
f 10233 10426 10425
f 10234 10235 10427
f 10234 10427 10426
f 10235 10236 10428
f 10235 10428 10427
f 10236 10237 10429
f 10236 10429 10428
f 10237 10238 10430
f 10237 10430 10429
f 10238 10239 10431
f 10238 10431 10430
f 10239 10240 10432
f 10239 10432 10431
f 10240 10241 10433
f 10240 10433 10432
f 10241 10242 10434
f 10241 10434 10433
f 10242 10243 10435
f 10242 10435 10434
f 10243 10244 10436
f 10243 10436 10435
f 10244 10245 10437
f 10244 10437 10436
f 10245 10246 10438
f 10245 10438 10437
f 10246 10247 10439
f 10246 10439 10438
f 10247 10248 10440
f 10247 10440 10439
f 10248 10249 10441
f 10248 10441 10440
f 10249 10250 10442
f 10249 10442 10441
f 10250 10251 10443
f 10250 10443 10442
f 10251 10252 10444
f 10251 10444 10443
f 10252 10253 10445
f 10252 10445 10444
f 10253 10254 10446
f 10253 10446 10445
f 10254 10255 10447
f 10254 10447 10446
f 10255 10256 10448
f 10255 10448 10447
f 10256 10257 10449
f 10256 10449 10448
f 10257 10258 10450
f 10257 10450 10449
f 10258 10259 10451
f 10258 10451 10450
f 10259 10260 10452
f 10259 10452 10451
f 10260 10261 10453
f 10260 10453 10452
f 10261 10262 10454
f 10261 10454 10453
f 10262 10263 10455
f 10262 10455 10454
f 10263 10264 10456
f 10263 10456 10455
f 10264 10265 10457
f 10264 10457 10456
f 10265 10266 10458
f 10265 10458 10457
f 10266 10267 10459
f 10266 10459 10458
f 10267 10268 10460
f 10267 10460 10459
f 10268 10269 10461
f 10268 10461 10460
f 10269 10270 10462
f 10269 10462 10461
f 10270 10271 10463
f 10270 10463 10462
f 10271 10272 10464
f 10271 10464 10463
f 10272 10177 10369
f 10272 10369 10464
f 10273 10466 10274
f 10273 10465 10466
f 10274 10467 10275
f 10274 10466 10467
f 10275 10468 10276
f 10275 10467 10468
f 10276 10469 10277
f 10276 10468 10469
f 10277 10470 10278
f 10277 10469 10470
f 10278 10471 10279
f 10278 10470 10471
f 10279 10472 10280
f 10279 10471 10472
f 10280 10473 10281
f 10280 10472 10473
f 10281 10474 10282
f 10281 10473 10474
f 10282 10475 10283
f 10282 10474 10475
f 10283 10476 10284
f 10283 10475 10476
f 10284 10477 10285
f 10284 10476 10477
f 10285 10478 10286
f 10285 10477 10478
f 10286 10479 10287
f 10286 10478 10479
f 10287 10480 10288
f 10287 10479 10480
f 10288 10481 10289
f 10288 10480 10481
f 10289 10482 10290
f 10289 10481 10482
f 10290 10483 10291
f 10290 10482 10483
f 10291 10484 10292
f 10291 10483 10484
f 10292 10485 10293
f 10292 10484 10485
f 10293 10486 10294
f 10293 10485 10486
f 10294 10487 10295
f 10294 10486 10487
f 10295 10488 10296
f 10295 10487 10488
f 10296 10489 10297
f 10296 10488 10489
f 10297 10490 10298
f 10297 10489 10490
f 10298 10491 10299
f 10298 10490 10491
f 10299 10492 10300
f 10299 10491 10492
f 10300 10493 10301
f 10300 10492 10493
f 10301 10494 10302
f 10301 10493 10494
f 10302 10495 10303
f 10302 10494 10495
f 10303 10496 10304
f 10303 10495 10496
f 10304 10497 10305
f 10304 10496 10497
f 10305 10498 10306
f 10305 10497 10498
f 10306 10499 10307
f 10306 10498 10499
f 10307 10500 10308
f 10307 10499 10500
f 10308 10501 10309
f 10308 10500 10501
f 10309 10502 10310
f 10309 10501 10502
f 10310 10503 10311
f 10310 10502 10503
f 10311 10504 10312
f 10311 10503 10504
f 10312 10505 10313
f 10312 10504 10505
f 10313 10506 10314
f 10313 10505 10506
f 10314 10507 10315
f 10314 10506 10507
f 10315 10508 10316
f 10315 10507 10508
f 10316 10509 10317
f 10316 10508 10509
f 10317 10510 10318
f 10317 10509 10510
f 10318 10511 10319
f 10318 10510 10511
f 10319 10512 10320
f 10319 10511 10512
f 10320 10513 10321
f 10320 10512 10513
f 10321 10514 10322
f 10321 10513 10514
f 10322 10515 10323
f 10322 10514 10515
f 10323 10516 10324
f 10323 10515 10516
f 10324 10517 10325
f 10324 10516 10517
f 10325 10518 10326
f 10325 10517 10518
f 10326 10519 10327
f 10326 10518 10519
f 10327 10520 10328
f 10327 10519 10520
f 10328 10521 10329
f 10328 10520 10521
f 10329 10522 10330
f 10329 10521 10522
f 10330 10523 10331
f 10330 10522 10523
f 10331 10524 10332
f 10331 10523 10524
f 10332 10525 10333
f 10332 10524 10525
f 10333 10526 10334
f 10333 10525 10526
f 10334 10527 10335
f 10334 10526 10527
f 10335 10528 10336
f 10335 10527 10528
f 10336 10529 10337
f 10336 10528 10529
f 10337 10530 10338
f 10337 10529 10530
f 10338 10531 10339
f 10338 10530 10531
f 10339 10532 10340
f 10339 10531 10532
f 10340 10533 10341
f 10340 10532 10533
f 10341 10534 10342
f 10341 10533 10534
f 10342 10535 10343
f 10342 10534 10535
f 10343 10536 10344
f 10343 10535 10536
f 10344 10537 10345
f 10344 10536 10537
f 10345 10538 10346
f 10345 10537 10538
f 10346 10539 10347
f 10346 10538 10539
f 10347 10540 10348
f 10347 10539 10540
f 10348 10541 10349
f 10348 10540 10541
f 10349 10542 10350
f 10349 10541 10542
f 10350 10543 10351
f 10350 10542 10543
f 10351 10544 10352
f 10351 10543 10544
f 10352 10545 10353
f 10352 10544 10545
f 10353 10546 10354
f 10353 10545 10546
f 10354 10547 10355
f 10354 10546 10547
f 10355 10548 10356
f 10355 10547 10548
f 10356 10549 10357
f 10356 10548 10549
f 10357 10550 10358
f 10357 10549 10550
f 10358 10551 10359
f 10358 10550 10551
f 10359 10552 10360
f 10359 10551 10552
f 10360 10553 10361
f 10360 10552 10553
f 10361 10554 10362
f 10361 10553 10554
f 10362 10555 10363
f 10362 10554 10555
f 10363 10556 10364
f 10363 10555 10556
f 10364 10557 10365
f 10364 10556 10557
f 10365 10558 10366
f 10365 10557 10558
f 10366 10559 10367
f 10366 10558 10559
f 10367 10560 10368
f 10367 10559 10560
f 10368 10465 10273
f 10368 10560 10465
f 10369 10370 10562
f 10369 10562 10561
f 10370 10371 10563
f 10370 10563 10562
f 10371 10372 10564
f 10371 10564 10563
f 10372 10373 10565
f 10372 10565 10564
f 10373 10374 10566
f 10373 10566 10565
f 10374 10375 10567
f 10374 10567 10566
f 10375 10376 10568
f 10375 10568 10567
f 10376 10377 10569
f 10376 10569 10568
f 10377 10378 10570
f 10377 10570 10569
f 10378 10379 10571
f 10378 10571 10570
f 10379 10380 10572
f 10379 10572 10571
f 10380 10381 10573
f 10380 10573 10572
f 10381 10382 10574
f 10381 10574 10573
f 10382 10383 10575
f 10382 10575 10574
f 10383 10384 10576
f 10383 10576 10575
f 10384 10385 10577
f 10384 10577 10576
f 10385 10386 10578
f 10385 10578 10577
f 10386 10387 10579
f 10386 10579 10578
f 10387 10388 10580
f 10387 10580 10579
f 10388 10389 10581
f 10388 10581 10580
f 10389 10390 10582
f 10389 10582 10581
f 10390 10391 10583
f 10390 10583 10582
f 10391 10392 10584
f 10391 10584 10583
f 10392 10393 10585
f 10392 10585 10584
f 10393 10394 10586
f 10393 10586 10585
f 10394 10395 10587
f 10394 10587 10586
f 10395 10396 10588
f 10395 10588 10587
f 10396 10397 10589
f 10396 10589 10588
f 10397 10398 10590
f 10397 10590 10589
f 10398 10399 10591
f 10398 10591 10590
f 10399 10400 10592
f 10399 10592 10591
f 10400 10401 10593
f 10400 10593 10592
f 10401 10402 10594
f 10401 10594 10593
f 10402 10403 10595
f 10402 10595 10594
f 10403 10404 10596
f 10403 10596 10595
f 10404 10405 10597
f 10404 10597 10596
f 10405 10406 10598
f 10405 10598 10597
f 10406 10407 10599
f 10406 10599 10598
f 10407 10408 10600
f 10407 10600 10599
f 10408 10409 10601
f 10408 10601 10600
f 10409 10410 10602
f 10409 10602 10601
f 10410 10411 10603
f 10410 10603 10602
f 10411 10412 10604
f 10411 10604 10603
f 10412 10413 10605
f 10412 10605 10604
f 10413 10414 10606
f 10413 10606 10605
f 10414 10415 10607
f 10414 10607 10606
f 10415 10416 10608
f 10415 10608 10607
f 10416 10417 10609
f 10416 10609 10608
f 10417 10418 10610
f 10417 10610 10609
f 10418 10419 10611
f 10418 10611 10610
f 10419 10420 10612
f 10419 10612 10611
f 10420 10421 10613
f 10420 10613 10612
f 10421 10422 10614
f 10421 10614 10613
f 10422 10423 10615
f 10422 10615 10614
f 10423 10424 10616
f 10423 10616 10615
f 10424 10425 10617
f 10424 10617 10616
f 10425 10426 10618
f 10425 10618 10617
f 10426 10427 10619
f 10426 10619 10618
f 10427 10428 10620
f 10427 10620 10619
f 10428 10429 10621
f 10428 10621 10620
f 10429 10430 10622
f 10429 10622 10621
f 10430 10431 10623
f 10430 10623 10622
f 10431 10432 10624
f 10431 10624 10623
f 10432 10433 10625
f 10432 10625 10624
f 10433 10434 10626
f 10433 10626 10625
f 10434 10435 10627
f 10434 10627 10626
f 10435 10436 10628
f 10435 10628 10627
f 10436 10437 10629
f 10436 10629 10628
f 10437 10438 10630
f 10437 10630 10629
f 10438 10439 10631
f 10438 10631 10630
f 10439 10440 10632
f 10439 10632 10631
f 10440 10441 10633
f 10440 10633 10632
f 10441 10442 10634
f 10441 10634 10633
f 10442 10443 10635
f 10442 10635 10634
f 10443 10444 10636
f 10443 10636 10635
f 10444 10445 10637
f 10444 10637 10636
f 10445 10446 10638
f 10445 10638 10637
f 10446 10447 10639
f 10446 10639 10638
f 10447 10448 10640
f 10447 10640 10639
f 10448 10449 10641
f 10448 10641 10640
f 10449 10450 10642
f 10449 10642 10641
f 10450 10451 10643
f 10450 10643 10642
f 10451 10452 10644
f 10451 10644 10643
f 10452 10453 10645
f 10452 10645 10644
f 10453 10454 10646
f 10453 10646 10645
f 10454 10455 10647
f 10454 10647 10646
f 10455 10456 10648
f 10455 10648 10647
f 10456 10457 10649
f 10456 10649 10648
f 10457 10458 10650
f 10457 10650 10649
f 10458 10459 10651
f 10458 10651 10650
f 10459 10460 10652
f 10459 10652 10651
f 10460 10461 10653
f 10460 10653 10652
f 10461 10462 10654
f 10461 10654 10653
f 10462 10463 10655
f 10462 10655 10654
f 10463 10464 10656
f 10463 10656 10655
f 10464 10369 10561
f 10464 10561 10656
f 10465 10658 10466
f 10465 10657 10658
f 10466 10659 10467
f 10466 10658 10659
f 10467 10660 10468
f 10467 10659 10660
f 10468 10661 10469
f 10468 10660 10661
f 10469 10662 10470
f 10469 10661 10662
f 10470 10663 10471
f 10470 10662 10663
f 10471 10664 10472
f 10471 10663 10664
f 10472 10665 10473
f 10472 10664 10665
f 10473 10666 10474
f 10473 10665 10666
f 10474 10667 10475
f 10474 10666 10667
f 10475 10668 10476
f 10475 10667 10668
f 10476 10669 10477
f 10476 10668 10669
f 10477 10670 10478
f 10477 10669 10670
f 10478 10671 10479
f 10478 10670 10671
f 10479 10672 10480
f 10479 10671 10672
f 10480 10673 10481
f 10480 10672 10673
f 10481 10674 10482
f 10481 10673 10674
f 10482 10675 10483
f 10482 10674 10675
f 10483 10676 10484
f 10483 10675 10676
f 10484 10677 10485
f 10484 10676 10677
f 10485 10678 10486
f 10485 10677 10678
f 10486 10679 10487
f 10486 10678 10679
f 10487 10680 10488
f 10487 10679 10680
f 10488 10681 10489
f 10488 10680 10681
f 10489 10682 10490
f 10489 10681 10682
f 10490 10683 10491
f 10490 10682 10683
f 10491 10684 10492
f 10491 10683 10684
f 10492 10685 10493
f 10492 10684 10685
f 10493 10686 10494
f 10493 10685 10686
f 10494 10687 10495
f 10494 10686 10687
f 10495 10688 10496
f 10495 10687 10688
f 10496 10689 10497
f 10496 10688 10689
f 10497 10690 10498
f 10497 10689 10690
f 10498 10691 10499
f 10498 10690 10691
f 10499 10692 10500
f 10499 10691 10692
f 10500 10693 10501
f 10500 10692 10693
f 10501 10694 10502
f 10501 10693 10694
f 10502 10695 10503
f 10502 10694 10695
f 10503 10696 10504
f 10503 10695 10696
f 10504 10697 10505
f 10504 10696 10697
f 10505 10698 10506
f 10505 10697 10698
f 10506 10699 10507
f 10506 10698 10699
f 10507 10700 10508
f 10507 10699 10700
f 10508 10701 10509
f 10508 10700 10701
f 10509 10702 10510
f 10509 10701 10702
f 10510 10703 10511
f 10510 10702 10703
f 10511 10704 10512
f 10511 10703 10704
f 10512 10705 10513
f 10512 10704 10705
f 10513 10706 10514
f 10513 10705 10706
f 10514 10707 10515
f 10514 10706 10707
f 10515 10708 10516
f 10515 10707 10708
f 10516 10709 10517
f 10516 10708 10709
f 10517 10710 10518
f 10517 10709 10710
f 10518 10711 10519
f 10518 10710 10711
f 10519 10712 10520
f 10519 10711 10712
f 10520 10713 10521
f 10520 10712 10713
f 10521 10714 10522
f 10521 10713 10714
f 10522 10715 10523
f 10522 10714 10715
f 10523 10716 10524
f 10523 10715 10716
f 10524 10717 10525
f 10524 10716 10717
f 10525 10718 10526
f 10525 10717 10718
f 10526 10719 10527
f 10526 10718 10719
f 10527 10720 10528
f 10527 10719 10720
f 10528 10721 10529
f 10528 10720 10721
f 10529 10722 10530
f 10529 10721 10722
f 10530 10723 10531
f 10530 10722 10723
f 10531 10724 10532
f 10531 10723 10724
f 10532 10725 10533
f 10532 10724 10725
f 10533 10726 10534
f 10533 10725 10726
f 10534 10727 10535
f 10534 10726 10727
f 10535 10728 10536
f 10535 10727 10728
f 10536 10729 10537
f 10536 10728 10729
f 10537 10730 10538
f 10537 10729 10730
f 10538 10731 10539
f 10538 10730 10731
f 10539 10732 10540
f 10539 10731 10732
f 10540 10733 10541
f 10540 10732 10733
f 10541 10734 10542
f 10541 10733 10734
f 10542 10735 10543
f 10542 10734 10735
f 10543 10736 10544
f 10543 10735 10736
f 10544 10737 10545
f 10544 10736 10737
f 10545 10738 10546
f 10545 10737 10738
f 10546 10739 10547
f 10546 10738 10739
f 10547 10740 10548
f 10547 10739 10740
f 10548 10741 10549
f 10548 10740 10741
f 10549 10742 10550
f 10549 10741 10742
f 10550 10743 10551
f 10550 10742 10743
f 10551 10744 10552
f 10551 10743 10744
f 10552 10745 10553
f 10552 10744 10745
f 10553 10746 10554
f 10553 10745 10746
f 10554 10747 10555
f 10554 10746 10747
f 10555 10748 10556
f 10555 10747 10748
f 10556 10749 10557
f 10556 10748 10749
f 10557 10750 10558
f 10557 10749 10750
f 10558 10751 10559
f 10558 10750 10751
f 10559 10752 10560
f 10559 10751 10752
f 10560 10657 10465
f 10560 10752 10657
f 97 98 2
f 97 2 1
f 98 99 3
f 98 3 2
f 99 100 4
f 99 4 3
f 100 101 5
f 100 5 4
f 101 102 6
f 101 6 5
f 102 103 7
f 102 7 6
f 103 104 8
f 103 8 7
f 104 105 9
f 104 9 8
f 105 106 10
f 105 10 9
f 106 107 11
f 106 11 10
f 107 108 12
f 107 12 11
f 108 109 13
f 108 13 12
f 109 110 14
f 109 14 13
f 110 111 15
f 110 15 14
f 111 112 16
f 111 16 15
f 112 113 17
f 112 17 16
f 113 114 18
f 113 18 17
f 114 115 19
f 114 19 18
f 115 116 20
f 115 20 19
f 116 117 21
f 116 21 20
f 117 118 22
f 117 22 21
f 118 119 23
f 118 23 22
f 119 120 24
f 119 24 23
f 120 121 25
f 120 25 24
f 121 122 26
f 121 26 25
f 122 123 27
f 122 27 26
f 123 124 28
f 123 28 27
f 124 125 29
f 124 29 28
f 125 126 30
f 125 30 29
f 126 127 31
f 126 31 30
f 127 128 32
f 127 32 31
f 128 129 33
f 128 33 32
f 129 130 34
f 129 34 33
f 130 131 35
f 130 35 34
f 131 132 36
f 131 36 35
f 132 133 37
f 132 37 36
f 133 134 38
f 133 38 37
f 134 135 39
f 134 39 38
f 135 136 40
f 135 40 39
f 136 137 41
f 136 41 40
f 137 138 42
f 137 42 41
f 138 139 43
f 138 43 42
f 139 140 44
f 139 44 43
f 140 141 45
f 140 45 44
f 141 142 46
f 141 46 45
f 142 143 47
f 142 47 46
f 143 144 48
f 143 48 47
f 144 145 49
f 144 49 48
f 145 146 50
f 145 50 49
f 146 147 51
f 146 51 50
f 147 148 52
f 147 52 51
f 148 149 53
f 148 53 52
f 149 150 54
f 149 54 53
f 150 151 55
f 150 55 54
f 151 152 56
f 151 56 55
f 152 153 57
f 152 57 56
f 153 154 58
f 153 58 57
f 154 155 59
f 154 59 58
f 155 156 60
f 155 60 59
f 156 157 61
f 156 61 60
f 157 158 62
f 157 62 61
f 158 159 63
f 158 63 62
f 159 160 64
f 159 64 63
f 160 161 65
f 160 65 64
f 161 162 66
f 161 66 65
f 162 163 67
f 162 67 66
f 163 164 68
f 163 68 67
f 164 165 69
f 164 69 68
f 165 166 70
f 165 70 69
f 166 167 71
f 166 71 70
f 167 168 72
f 167 72 71
f 168 169 73
f 168 73 72
f 169 170 74
f 169 74 73
f 170 171 75
f 170 75 74
f 171 172 76
f 171 76 75
f 172 173 77
f 172 77 76
f 173 174 78
f 173 78 77
f 174 175 79
f 174 79 78
f 175 176 80
f 175 80 79
f 176 177 81
f 176 81 80
f 177 178 82
f 177 82 81
f 178 179 83
f 178 83 82
f 179 180 84
f 179 84 83
f 180 181 85
f 180 85 84
f 181 182 86
f 181 86 85
f 182 183 87
f 182 87 86
f 183 184 88
f 183 88 87
f 184 185 89
f 184 89 88
f 185 186 90
f 185 90 89
f 186 187 91
f 186 91 90
f 187 188 92
f 187 92 91
f 188 189 93
f 188 93 92
f 189 190 94
f 189 94 93
f 190 191 95
f 190 95 94
f 191 192 96
f 191 96 95
f 192 97 1
f 192 1 96
f 10561 10562 10658
f 10561 10658 10657
f 10562 10563 10659
f 10562 10659 10658
f 10563 10564 10660
f 10563 10660 10659
f 10564 10565 10661
f 10564 10661 10660
f 10565 10566 10662
f 10565 10662 10661
f 10566 10567 10663
f 10566 10663 10662
f 10567 10568 10664
f 10567 10664 10663
f 10568 10569 10665
f 10568 10665 10664
f 10569 10570 10666
f 10569 10666 10665
f 10570 10571 10667
f 10570 10667 10666
f 10571 10572 10668
f 10571 10668 10667
f 10572 10573 10669
f 10572 10669 10668
f 10573 10574 10670
f 10573 10670 10669
f 10574 10575 10671
f 10574 10671 10670
f 10575 10576 10672
f 10575 10672 10671
f 10576 10577 10673
f 10576 10673 10672
f 10577 10578 10674
f 10577 10674 10673
f 10578 10579 10675
f 10578 10675 10674
f 10579 10580 10676
f 10579 10676 10675
f 10580 10581 10677
f 10580 10677 10676
f 10581 10582 10678
f 10581 10678 10677
f 10582 10583 10679
f 10582 10679 10678
f 10583 10584 10680
f 10583 10680 10679
f 10584 10585 10681
f 10584 10681 10680
f 10585 10586 10682
f 10585 10682 10681
f 10586 10587 10683
f 10586 10683 10682
f 10587 10588 10684
f 10587 10684 10683
f 10588 10589 10685
f 10588 10685 10684
f 10589 10590 10686
f 10589 10686 10685
f 10590 10591 10687
f 10590 10687 10686
f 10591 10592 10688
f 10591 10688 10687
f 10592 10593 10689
f 10592 10689 10688
f 10593 10594 10690
f 10593 10690 10689
f 10594 10595 10691
f 10594 10691 10690
f 10595 10596 10692
f 10595 10692 10691
f 10596 10597 10693
f 10596 10693 10692
f 10597 10598 10694
f 10597 10694 10693
f 10598 10599 10695
f 10598 10695 10694
f 10599 10600 10696
f 10599 10696 10695
f 10600 10601 10697
f 10600 10697 10696
f 10601 10602 10698
f 10601 10698 10697
f 10602 10603 10699
f 10602 10699 10698
f 10603 10604 10700
f 10603 10700 10699
f 10604 10605 10701
f 10604 10701 10700
f 10605 10606 10702
f 10605 10702 10701
f 10606 10607 10703
f 10606 10703 10702
f 10607 10608 10704
f 10607 10704 10703
f 10608 10609 10705
f 10608 10705 10704
f 10609 10610 10706
f 10609 10706 10705
f 10610 10611 10707
f 10610 10707 10706
f 10611 10612 10708
f 10611 10708 10707
f 10612 10613 10709
f 10612 10709 10708
f 10613 10614 10710
f 10613 10710 10709
f 10614 10615 10711
f 10614 10711 10710
f 10615 10616 10712
f 10615 10712 10711
f 10616 10617 10713
f 10616 10713 10712
f 10617 10618 10714
f 10617 10714 10713
f 10618 10619 10715
f 10618 10715 10714
f 10619 10620 10716
f 10619 10716 10715
f 10620 10621 10717
f 10620 10717 10716
f 10621 10622 10718
f 10621 10718 10717
f 10622 10623 10719
f 10622 10719 10718
f 10623 10624 10720
f 10623 10720 10719
f 10624 10625 10721
f 10624 10721 10720
f 10625 10626 10722
f 10625 10722 10721
f 10626 10627 10723
f 10626 10723 10722
f 10627 10628 10724
f 10627 10724 10723
f 10628 10629 10725
f 10628 10725 10724
f 10629 10630 10726
f 10629 10726 10725
f 10630 10631 10727
f 10630 10727 10726
f 10631 10632 10728
f 10631 10728 10727
f 10632 10633 10729
f 10632 10729 10728
f 10633 10634 10730
f 10633 10730 10729
f 10634 10635 10731
f 10634 10731 10730
f 10635 10636 10732
f 10635 10732 10731
f 10636 10637 10733
f 10636 10733 10732
f 10637 10638 10734
f 10637 10734 10733
f 10638 10639 10735
f 10638 10735 10734
f 10639 10640 10736
f 10639 10736 10735
f 10640 10641 10737
f 10640 10737 10736
f 10641 10642 10738
f 10641 10738 10737
f 10642 10643 10739
f 10642 10739 10738
f 10643 10644 10740
f 10643 10740 10739
f 10644 10645 10741
f 10644 10741 10740
f 10645 10646 10742
f 10645 10742 10741
f 10646 10647 10743
f 10646 10743 10742
f 10647 10648 10744
f 10647 10744 10743
f 10648 10649 10745
f 10648 10745 10744
f 10649 10650 10746
f 10649 10746 10745
f 10650 10651 10747
f 10650 10747 10746
f 10651 10652 10748
f 10651 10748 10747
f 10652 10653 10749
f 10652 10749 10748
f 10653 10654 10750
f 10653 10750 10749
f 10654 10655 10751
f 10654 10751 10750
f 10655 10656 10752
f 10655 10752 10751
f 10656 10561 10657
f 10656 10657 10752
