v 15.7 0.0 0.0
v 15.666385094846074 1.026829128913246 0.0
v 15.565684323568822 2.0492612178548097 0.0
v 15.398328902330718 3.0629180556532134 0.0
v 15.165035472738372 4.063459008109575 0.0
v 14.86680303307316 5.046599605259636 0.0
v 14.504908660427201 6.00812988813191 0.0
v 14.080902042063206 6.9439324364383195 0.0
v 13.596598839415687 7.849999999999999 0.0
v 13.054072913149959 8.722452658407754 0.0
v 12.455647442572394 9.557554435436913 0.0
v 11.803884977419944 10.351729297071081 0.0
v 11.101576464628796 11.101576464628796 0.0
v 10.351729297071081 11.803884977419942 0.0
v 9.557554435436915 12.455647442572392 0.0
v 8.722452658407757 13.054072913149957 0.0
v 7.850000000000001 13.596598839415686 0.0
v 6.943932436438323 14.080902042063205 0.0
v 6.0081298881319105 14.504908660427201 0.0
v 5.0465996052596385 14.866803033073158 0.0
v 4.063459008109579 15.16503547273837 0.0
v 3.0629180556532147 15.398328902330718 0.0
v 2.049261217854812 15.565684323568822 0.0
v 1.0268291289132494 15.666385094846074 0.0
v 9.613477373306721e-16 15.7 0.0
v -1.0268291289132438 15.666385094846074 0.0
v -2.0492612178548066 15.565684323568824 0.0
v -3.062918055653209 15.398328902330718 0.0
v -4.063459008109573 15.165035472738372 0.0
v -5.046599605259633 14.86680303307316 0.0
v -6.008129888131905 14.504908660427203 0.0
v -6.943932436438318 14.080902042063206 0.0
v -7.849999999999996 13.596598839415687 0.0
v -8.72245265840775 13.05407291314996 0.0
v -9.55755443543691 12.455647442572396 0.0
v -10.351729297071076 11.80388497741995 0.0
v -11.101576464628794 11.101576464628796 0.0
v -11.803884977419942 10.351729297071081 0.0
v -12.45564744257239 9.557554435436918 0.0
v -13.054072913149955 8.722452658407759 0.0
v -13.596598839415684 7.850000000000005 0.0
v -14.080902042063203 6.943932436438327 0.0
v -14.504908660427201 6.008129888131911 0.0
v -14.866803033073158 5.046599605259639 0.0
v -15.16503547273837 4.06345900810958 0.0
v -15.398328902330718 3.062918055653219 0.0
v -15.565684323568822 2.049261217854816 0.0
v -15.666385094846074 1.0268291289132538 0.0
v -15.7 1.9226954746613443e-15 0.0
v -15.666385094846074 -1.026829128913243 0.0
v -15.565684323568824 -2.0492612178548057 0.0
v -15.398328902330718 -3.062918055653208 0.0
v -15.165035472738374 -4.063459008109569 0.0
v -14.866803033073161 -5.046599605259629 0.0
v -14.504908660427205 -6.008129888131901 0.0
v -14.080902042063206 -6.943932436438317 0.0
v -13.59659883941569 -7.849999999999995 0.0
v -13.054072913149962 -8.72245265840775 0.0
v -12.455647442572396 -9.55755443543691 0.0
v -11.80388497741995 -10.351729297071076 0.0
v -11.1015764646288 -11.10157646462879 0.0
v -10.351729297071083 -11.803884977419942 0.0
v -9.557554435436918 -12.455647442572388 0.0
v -8.722452658407766 -13.054072913149952 0.0
v -7.850000000000007 -13.596598839415684 0.0
v -6.943932436438321 -14.080902042063205 0.0
v -6.008129888131918 -14.504908660427198 0.0
v -5.04659960525964 -14.866803033073158 0.0
v -4.063459008109588 -15.165035472738369 0.0
v -3.06291805565322 -15.398328902330716 0.0
v -2.049261217854824 -15.56568432356882 0.0
v -1.0268291289132547 -15.666385094846074 0.0
v -2.8840432119920166e-15 -15.7 0.0
v 1.0268291289132352 -15.666385094846076 0.0
v 2.049261217854805 -15.565684323568824 0.0
v 3.0629180556532 -15.39832890233072 0.0
v 4.063459008109568 -15.165035472738374 0.0
v 5.046599605259635 -14.86680303307316 0.0
v 6.0081298881319 -14.504908660427205 0.0
v 6.943932436438316 -14.080902042063206 0.0
v 7.849999999999989 -13.596598839415693 0.0
v 8.722452658407748 -13.054072913149962 0.0
v 9.557554435436902 -12.4556474425724 0.0
v 10.351729297071074 -11.80388497741995 0.0
v 11.101576464628794 -11.101576464628797 0.0
v 11.803884977419937 -10.351729297071088 0.0
v 12.455647442572388 -9.55755443543692 0.0
v 13.054072913149952 -8.722452658407766 0.0
v 13.596598839415682 -7.850000000000007 0.0
v 14.080902042063197 -6.943932436438334 0.0
v 14.504908660427198 -6.0081298881319185 0.0
v 14.866803033073158 -5.046599605259641 0.0
v 15.165035472738369 -4.0634590081095885 0.0
v 15.398328902330716 -3.062918055653221 0.0
v 15.56568432356882 -2.0492612178548253 0.0
v 15.666385094846074 -1.0268291289132556 0.0
v 12.7 0.0 0.0
v 12.672808325130264 0.8306197412228168 0.0
v 12.591349739447391 1.6576826411946548 0.0
v 12.455973061121027 2.4776470896048286 0.0
v 12.267257993871167 3.2870018728020134 0.0
v 12.026012644587842 4.0822812093501515 0.0
v 11.733270062893341 4.86007959103664 0.0
v 11.390283817465141 5.617066365781316 0.0
v 10.998522628062371 6.349999999999999 0.0
v 10.559664076242324 7.055741959348947 0.0
v 10.075587421698687 7.731270148410751 0.0
v 9.548365554983013 8.373691851770873 0.0
v 8.980256121069154 8.980256121069154 0.0
v 8.373691851770875 9.548365554983011 0.0
v 7.7312701484107516 10.075587421698685 0.0
v 7.05574195934895 10.559664076242322 0.0
v 6.350000000000001 10.99852262806237 0.0
v 5.6170663657813185 11.390283817465141 0.0
v 4.860079591036641 11.733270062893341 0.0
v 4.082281209350153 12.02601264458784 0.0
v 3.287001872802016 12.267257993871166 0.0
v 2.4776470896048295 12.455973061121027 0.0
v 1.6576826411946566 12.591349739447391 0.0
v 0.8306197412228195 12.672808325130264 0.0
v 7.776507174585692e-16 12.7 0.0
v -0.8306197412228151 12.672808325130264 0.0
v -1.6576826411946524 12.591349739447393 0.0
v -2.477647089604825 12.455973061121027 0.0
v -3.2870018728020116 12.267257993871167 0.0
v -4.082281209350149 12.026012644587842 0.0
v -4.860079591036636 11.733270062893343 0.0
v -5.617066365781314 11.390283817465141 0.0
v -6.349999999999997 10.998522628062371 0.0
v -7.0557419593489445 10.559664076242326 0.0
v -7.731270148410748 10.075587421698689 0.0
v -8.37369185177087 9.548365554983016 0.0
v -8.980256121069152 8.980256121069154 0.0
v -9.548365554983011 8.373691851770875 0.0
v -10.075587421698685 7.731270148410755 0.0
v -10.55966407624232 7.055741959348952 0.0
v -10.998522628062368 6.350000000000004 0.0
v -11.39028381746514 5.617066365781321 0.0
v -11.733270062893341 4.860079591036642 0.0
v -12.02601264458784 4.082281209350154 0.0
v -12.267257993871166 3.287001872802017 0.0
v -12.455973061121027 2.477647089604833 0.0
v -12.591349739447391 1.6576826411946601 0.0
v -12.672808325130264 0.8306197412228232 0.0
v -12.7 1.5553014349171384e-15 0.0
v -12.672808325130264 -0.8306197412228143 0.0
v -12.591349739447393 -1.6576826411946517 0.0
v -12.455973061121027 -2.4776470896048246 0.0
v -12.267257993871167 -3.287001872802008 0.0
v -12.026012644587842 -4.082281209350145 0.0
v -11.733270062893343 -4.860079591036633 0.0
v -11.390283817465141 -5.617066365781313 0.0
v -10.998522628062373 -6.349999999999996 0.0
v -10.559664076242326 -7.0557419593489445 0.0
v -10.075587421698689 -7.731270148410748 0.0
v -9.548365554983016 -8.37369185177087 0.0
v -8.980256121069157 -8.980256121069148 0.0
v -8.373691851770877 -9.548365554983011 0.0
v -7.731270148410755 -10.075587421698684 0.0
v -7.055741959348957 -10.559664076242319 0.0
v -6.350000000000005 -10.998522628062368 0.0
v -5.617066365781317 -11.390283817465141 0.0
v -4.860079591036647 -11.733270062893338 0.0
v -4.082281209350155 -12.02601264458784 0.0
v -3.287001872802023 -12.267257993871164 0.0
v -2.477647089604834 -12.455973061121025 0.0
v -1.6576826411946666 -12.59134973944739 0.0
v -0.8306197412228239 -12.672808325130264 0.0
v -2.3329521523757076e-15 -12.7 0.0
v 0.830619741222808 -12.672808325130266 0.0
v 1.657682641194651 -12.591349739447393 0.0
v 2.477647089604818 -12.455973061121028 0.0
v 3.2870018728020076 -12.267257993871167 0.0
v 4.082281209350151 -12.026012644587842 0.0
v 4.860079591036632 -11.733270062893343 0.0
v 5.617066365781313 -11.390283817465141 0.0
v 6.349999999999991 -10.998522628062375 0.0
v 7.055741959348943 -10.559664076242326 0.0
v 7.731270148410742 -10.075587421698692 0.0
v 8.373691851770868 -9.548365554983016 0.0
v 8.98025612106915 -8.980256121069155 0.0
v 9.548365554983006 -8.37369185177088 0.0
v 10.075587421698684 -7.731270148410756 0.0
v 10.559664076242317 -7.055741959348957 0.0
v 10.998522628062366 -6.350000000000005 0.0
v 11.390283817465134 -5.617066365781327 0.0
v 11.733270062893338 -4.860079591036648 0.0
v 12.02601264458784 -4.082281209350155 0.0
v 12.267257993871164 -3.2870018728020236 0.0
v 12.455973061121025 -2.477647089604835 0.0
v 12.59134973944739 -1.6576826411946677 0.0
v 12.672808325130264 -0.8306197412228246 0.0
v 16.063651468425732 0.0 0.774
v 16.029257957563512 1.0461557108544586 0.774
v 15.926224703270556 2.0878316223462914 0.774
v 15.754992909759697 3.120567118301496 0.774
v 15.516295817858731 4.1399398667779534 0.774
v 15.211155565160624 5.141584757169737 0.774
v 14.840878809073411 6.121212592280868 0.774
v 14.407051131512581 7.074628455326197 0.774
v 13.911530249195886 7.9977496732091 0.774
v 13.356438058615154 8.886623299154454 0.774
v 12.74415154974976 9.7374430398336 0.774
v 12.077292627430595 10.546565554496727 0.774
v 11.358716883941078 11.3105260563173 0.774
v 10.591501370932583 12.026053149141168 0.774
v 9.778931423016882 12.690082836107148 0.774
v 8.924486589458962 13.299771640151956 0.774
v 8.031825734212868 13.852508780215546 0.774
v 7.104771368104557 14.345927351006415 0.774
v 6.147293280253675 14.77791445845344 0.774
v 5.163491538827116 15.146620267442664 0.774
v 4.157578933917657 15.450465923095251 0.774
v 3.133862937730029 15.688150311666465 0.774
v 2.0967272593236532 15.858655632114468 0.774
v 1.0506130728974288 15.961251754480653 0.774
v 9.836149676713127e-16 15.995499346418201 0.774
v -1.0506130728974232 15.961251754480653 0.774
v -2.096727259323648 15.85865563211447 0.774
v -3.133862937730023 15.688150311666467 0.774
v -4.157578933917652 15.450465923095253 0.774
v -5.1634915388271105 15.146620267442666 0.774
v -6.1472932802536695 14.777914458453441 0.774
v -7.104771368104552 14.345927351006416 0.774
v -8.031825734212862 13.852508780215548 0.774
v -8.924486589458954 13.29977164015196 0.774
v -9.778931423016877 12.690082836107152 0.774
v -10.591501370932576 12.026053149141175 0.774
v -11.358716883941076 11.3105260563173 0.774
v -12.077292627430593 10.546565554496729 0.774
v -12.744151549749757 9.737443039833606 0.774
v -13.35643805861515 8.88662329915446 0.774
v -13.911530249195883 7.997749673209106 0.774
v -14.407051131512578 7.074628455326204 0.774
v -14.840878809073411 6.12121259228087 0.774
v -15.211155565160622 5.14158475716974 0.774
v -15.51629581785873 4.139939866777958 0.774
v -15.754992909759697 3.120567118301502 0.774
v -15.926224703270556 2.087831622346298 0.774
v -16.029257957563512 1.0461557108544666 0.774
v -16.063651468425732 1.958883707535463e-15 0.774
v -16.029257957563512 -1.0461557108544555 0.774
v -15.926224703270558 -2.0878316223462874 0.774
v -15.754992909759698 -3.1205671183014907 0.774
v -15.516295817858733 -4.139939866777947 0.774
v -15.211155565160626 -5.1415847571697295 0.774
v -14.840878809073415 -6.121212592280859 0.774
v -14.407051131512581 -7.074628455326194 0.774
v -13.911530249195888 -7.997749673209096 0.774
v -13.356438058615158 -8.88662329915445 0.774
v -12.744151549749763 -9.737443039833597 0.774
v -12.0772926274306 -10.546565554496722 0.774
v -11.358716883941083 -11.310526056317293 0.774
v -10.591501370932585 -12.026053149141168 0.774
v -9.778931423016886 -12.690082836107145 0.774
v -8.92448658945897 -13.29977164015195 0.774
v -8.031825734212873 -13.852508780215544 0.774
v -7.104771368104555 -14.345927351006415 0.774
v -6.147293280253683 -14.777914458453436 0.774
v -5.163491538827118 -15.146620267442664 0.774
v -4.157578933917666 -15.45046592309525 0.774
v -3.133862937730034 -15.688150311666464 0.774
v -2.0967272593236657 -15.858655632114466 0.774
v -1.0506130728974343 -15.961251754480653 0.774
v -2.9508449030139377e-15 -15.995499346418201 0.774
v 1.0506130728974143 -15.961251754480655 0.774
v 2.096727259323646 -15.85865563211447 0.774
v 3.1338629377300142 -15.688150311666469 0.774
v 4.157578933917646 -15.450465923095255 0.774
v 5.163491538827112 -15.146620267442666 0.774
v 6.147293280253664 -14.777914458453443 0.774
v 7.10477136810455 -14.345927351006416 0.774
v 8.031825734212855 -13.852508780215553 0.774
v 8.924486589458953 -13.299771640151961 0.774
v 9.77893142301687 -12.690082836107157 0.774
v 10.591501370932574 -12.026053149141175 0.774
v 11.358716883941074 -11.310526056317302 0.774
v 12.077292627430587 -10.546565554496736 0.774
v 12.744151549749756 -9.737443039833607 0.774
v 13.356438058615145 -8.886623299154467 0.774
v 13.91153024919588 -7.997749673209108 0.774
v 14.407051131512572 -7.074628455326212 0.774
v 14.840878809073407 -6.1212125922808776 0.774
v 15.211155565160622 -5.141584757169742 0.774
v 15.516295817858728 -4.139939866777967 0.774
v 15.754992909759695 -3.1205671183015036 0.774
v 15.926224703270554 -2.0878316223463074 0.774
v 16.029257957563512 -1.0461557108544683 0.774
v 13.063651468425732 0.0 0.774
v 13.035681187847702 0.8499463231640293 0.774
v 12.951890119149125 1.6962530456861367 0.774
v 12.812637068550005 2.5352961522531112 0.774
v 12.618518338991526 3.3634827314703912 0.774
v 12.370365176675307 4.177266361260251 0.774
v 12.06924021153955 4.973162295185598 0.774
v 11.716432906914516 5.747762384669193 0.774
v 11.31345403784257 6.4977496732091 0.774
v 10.86202922170752 7.219912600095648 0.774
v 10.364091528876056 7.911158752807438 0.774
v 9.821773204993663 8.56852810919652 0.774
v 9.237396540381434 9.189205712757657 0.774
v 8.613463925632377 9.770533726704235 0.774
v 7.952647135990721 10.310022815233443 0.774
v 7.257775890400155 10.80536280324432 0.774
v 6.531825734212868 11.254432568862232 0.774
v 5.777905297447552 11.655309126408351 0.774
v 4.999242983158405 12.00627586091958 0.774
v 4.199173142917631 12.305829878957347 0.774
v 3.381121798610094 12.552688444228046 0.774
v 2.5485919716816436 12.745794470456774 0.774
v 1.7051486826634978 12.884321047993037 0.774
v 0.854403685206999 12.967674984764841 0.774
v 7.999179477992097e-16 12.995499346418201 0.774
v -0.8544036852069945 12.967674984764841 0.774
v -1.7051486826634936 12.884321047993039 0.774
v -2.548591971681639 12.745794470456774 0.774
v -3.3811217986100894 12.552688444228048 0.774
v -4.199173142917626 12.305829878957349 0.774
v -4.999242983158401 12.006275860919581 0.774
v -5.777905297447548 11.655309126408351 0.774
v -6.531825734212863 11.254432568862232 0.774
v -7.257775890400149 10.805362803244323 0.774
v -7.952647135990716 10.310022815233447 0.774
v -8.613463925632372 9.770533726704242 0.774
v -9.237396540381434 9.189205712757657 0.774
v -9.821773204993661 8.568528109196523 0.774
v -10.364091528876052 7.9111587528074425 0.774
v -10.862029221707516 7.219912600095652 0.774
v -11.313454037842567 6.497749673209105 0.774
v -11.716432906914514 5.7477623846691985 0.774
v -12.06924021153955 4.9731622951856 0.774
v -12.370365176675305 4.177266361260255 0.774
v -12.618518338991525 3.363482731470395 0.774
v -12.812637068550005 2.5352961522531157 0.774
v -12.951890119149125 1.6962530456861422 0.774
v -13.035681187847702 0.8499463231640358 0.774
v -13.063651468425732 1.5914896677912571e-15 0.774
v -13.035681187847702 -0.8499463231640267 0.774
v -12.951890119149127 -1.6962530456861336 0.774
v -12.812637068550005 -2.535296152253107 0.774
v -12.618518338991528 -3.3634827314703863 0.774
v -12.370365176675307 -4.177266361260246 0.774
v -12.069240211539553 -4.973162295185591 0.774
v -11.716432906914516 -5.7477623846691905 0.774
v -11.313454037842572 -6.497749673209097 0.774
v -10.862029221707521 -7.219912600095645 0.774
v -10.364091528876056 -7.911158752807435 0.774
v -9.821773204993667 -8.568528109196517 0.774
v -9.23739654038144 -9.189205712757651 0.774
v -8.613463925632379 -9.770533726704235 0.774
v -7.952647135990723 -10.31002281523344 0.774
v -7.257775890400162 -10.805362803244316 0.774
v -6.531825734212872 -11.25443256886223 0.774
v -5.777905297447551 -11.655309126408351 0.774
v -4.999242983158411 -12.006275860919578 0.774
v -4.1991731429176316 -12.305829878957347 0.774
v -3.381121798610101 -12.552688444228046 0.774
v -2.548591971681648 -12.745794470456772 0.774
v -1.705148682663508 -12.884321047993035 0.774
v -0.8544036852070036 -12.967674984764841 0.774
v -2.3997538433976287e-15 -12.995499346418201 0.774
v 0.8544036852069873 -12.967674984764843 0.774
v 1.705148682663492 -12.884321047993039 0.774
v 2.5485919716816317 -12.745794470456776 0.774
v 3.381121798610085 -12.55268844422805 0.774
v 4.199173142917628 -12.305829878957349 0.774
v 4.999242983158396 -12.006275860919583 0.774
v 5.777905297447546 -11.655309126408351 0.774
v 6.531825734212857 -11.254432568862237 0.774
v 7.257775890400148 -10.805362803244325 0.774
v 7.952647135990711 -10.31002281523345 0.774
v 8.61346392563237 -9.770533726704242 0.774
v 9.237396540381432 -9.189205712757659 0.774
v 9.821773204993656 -8.568528109196528 0.774
v 10.36409152887605 -7.911158752807444 0.774
v 10.862029221707513 -7.219912600095658 0.774
v 11.313454037842567 -6.497749673209106 0.774
v 11.716432906914509 -5.747762384669206 0.774
v 12.069240211539547 -4.973162295185606 0.774
v 12.370365176675305 -4.177266361260256 0.774
v 12.618518338991523 -3.363482731470402 0.774
v 12.812637068550004 -2.5352961522531174 0.774
v 12.951890119149123 -1.6962530456861498 0.774
v 13.035681187847702 -0.8499463231640373 0.774
v 16.437715723504077 0.0 1.548
v 16.40252131235804 1.0659319772312716 1.548
v 16.2970887867916 2.127299470091185 1.548
v 16.121869625065536 3.1795575400312113 1.548
v 15.877614142530486 4.21820025645027 1.548
v 15.56536827866145 5.238779991781324 1.548
v 15.186469118184375 6.236926466915436 1.548
v 14.74253916547408 7.208365465407843 1.548
v 14.235479396741436 8.148937136328973 1.548
v 13.667461119761386 9.054613807384756 1.548
v 13.04091667599972 9.921517232027716 1.548
v 12.358529024953464 10.745935196704098 1.548
v 11.62322025530647 11.524337417122208 1.548
v 10.838139072097015 12.25339065547173 1.548
v 10.006647313479458 12.929972993859769 1.548
v 9.132305554817142 13.55118720284253 1.548
v 8.21885786175204 14.114373147806614 1.548
v 7.270215757540904 14.617119180073804 1.548
v 6.290441473312146 15.057272463950953 1.548
v 5.283730552968525 15.432948195502942 1.548
v 4.25439388722402 15.742537673572476 1.548
v 3.206839253707986 15.984715188485422 1.548
v 2.1455524421846595 16.158443698943152 1.548
v 1.0750780457126952 16.2629792727926 1.548
v 1.0065197973041693e-15 16.29787427265795 1.548
v -1.0750780457126894 16.2629792727926 1.548
v -2.145552442184654 16.158443698943152 1.548
v -3.2068392537079804 15.984715188485424 1.548
v -4.254393887224015 15.742537673572478 1.548
v -5.283730552968518 15.432948195502943 1.548
v -6.290441473312141 15.057272463950955 1.548
v -7.270215757540899 14.617119180073805 1.548
v -8.218857861752035 14.114373147806615 1.548
v -9.132305554817135 13.551187202842534 1.548
v -10.006647313479453 12.929972993859773 1.548
v -10.838139072097007 12.253390655471737 1.548
v -11.623220255306467 11.524337417122208 1.548
v -12.358529024953462 10.7459351967041 1.548
v -13.040916675999714 9.921517232027721 1.548
v -13.667461119761382 9.054613807384762 1.548
v -14.235479396741432 8.14893713632898 1.548
v -14.742539165474076 7.20836546540785 1.548
v -15.186469118184375 6.236926466915437 1.548
v -15.565368278661449 5.238779991781327 1.548
v -15.877614142530485 4.218200256450275 1.548
v -16.121869625065536 3.179557540031217 1.548
v -16.2970887867916 2.1272994700911916 1.548
v -16.40252131235804 1.0659319772312799 1.548
v -16.437715723504077 1.9959139560916555e-15 1.548
v -16.40252131235804 -1.0659319772312685 1.548
v -16.297088786791605 -2.127299470091181 1.548
v -16.12186962506554 -3.179557540031206 1.548
v -15.877614142530488 -4.218200256450264 1.548
v -15.565368278661452 -5.238779991781317 1.548
v -15.186469118184379 -6.236926466915426 1.548
v -14.74253916547408 -7.208365465407839 1.548
v -14.235479396741438 -8.14893713632897 1.548
v -13.66746111976139 -9.054613807384753 1.548
v -13.040916675999721 -9.921517232027712 1.548
v -12.35852902495347 -10.745935196704092 1.548
v -11.623220255306475 -11.5243374171222 1.548
v -10.838139072097016 -12.25339065547173 1.548
v -10.006647313479462 -12.929972993859765 1.548
v -9.132305554817151 -13.551187202842526 1.548
v -8.218857861752046 -14.114373147806612 1.548
v -7.270215757540902 -14.617119180073804 1.548
v -6.290441473312154 -15.05727246395095 1.548
v -5.283730552968526 -15.432948195502942 1.548
v -4.254393887224029 -15.742537673572475 1.548
v -3.206839253707992 -15.98471518848542 1.548
v -2.1455524421846723 -16.15844369894315 1.548
v -1.075078045712701 -16.2629792727926 1.548
v -3.019559391912508e-15 -16.29787427265795 1.548
v 1.0750780457126803 -16.262979272792602 1.548
v 2.1455524421846524 -16.158443698943152 1.548
v 3.206839253707971 -15.984715188485426 1.548
v 4.254393887224008 -15.74253767357248 1.548
v 5.283730552968521 -15.432948195502943 1.548
v 6.290441473312136 -15.057272463950957 1.548
v 7.270215757540897 -14.617119180073805 1.548
v 8.218857861752028 -14.114373147806623 1.548
v 9.132305554817133 -13.551187202842536 1.548
v 10.006647313479446 -12.929972993859778 1.548
v 10.838139072097006 -12.253390655471737 1.548
v 11.623220255306466 -11.52433741712221 1.548
v 12.358529024953457 -10.745935196704107 1.548
v 13.040916675999712 -9.921517232027723 1.548
v 13.667461119761377 -9.054613807384769 1.548
v 14.23547939674143 -8.148937136328982 1.548
v 14.74253916547407 -7.208365465407858 1.548
v 15.18646911818437 -6.236926466915445 1.548
v 15.565368278661449 -5.238779991781329 1.548
v 15.877614142530483 -4.218200256450284 1.548
v 16.121869625065536 -3.1795575400312193 1.548
v 16.2970887867916 -2.127299470091201 1.548
v 16.40252131235804 -1.0659319772312816 1.548
v 13.437715723504075 0.0 1.548
v 13.408944542642228 0.8697225895408425 1.548
v 13.32275420267017 1.7357208934310298 1.548
v 13.179513783855842 2.5942865739828265 1.548
v 12.97983666366328 3.4417431211427076 1.548
v 12.724577890176132 4.274461595871839 1.548
v 12.414830520650511 5.088876169820165 1.548
v 12.051920940876013 5.881499394750838 1.548
v 11.637403185388118 6.648937136328973 1.548
v 11.17305228285375 7.387903108325949 1.548
v 10.660856655126011 8.095232945001552 1.548
v 10.103009602516531 8.76789775140389 1.548
v 9.501899911746825 9.403017073562564 1.548
v 8.860101626796807 9.997871233034797 1.548
v 8.180363026453296 10.549912972986062 1.548
v 7.465594855758334 11.056778365934893 1.548
v 6.718857861752039 11.516296936453298 1.548
v 5.9433496868838995 11.926500955475737 1.548
v 5.142391176216876 12.285633866417092 1.548
v 4.3194121570590385 12.592157807017623 1.548
v 3.4779367519164563 12.84476019470527 1.548
v 2.621568287659601 13.04235934727573 1.548
v 1.753973865524504 13.18410911482172 1.548
v 0.8788686580222652 13.269402503076787 1.548
v 8.228227774320663e-16 13.297874272657948 1.548
v -0.8788686580222606 13.269402503076787 1.548
v -1.7539738655244996 13.18410911482172 1.548
v -2.621568287659596 13.042359347275731 1.548
v -3.477936751916452 12.844760194705271 1.548
v -4.319412157059034 12.592157807017625 1.548
v -5.142391176216871 12.285633866417093 1.548
v -5.943349686883894 11.926500955475738 1.548
v -6.718857861752035 11.5162969364533 1.548
v -7.4655948557583285 11.056778365934896 1.548
v -8.180363026453291 10.549912972986066 1.548
v -8.860101626796801 9.997871233034802 1.548
v -9.501899911746824 9.403017073562564 1.548
v -10.10300960251653 8.767897751403892 1.548
v -10.660856655126008 8.095232945001557 1.548
v -11.173052282853746 7.387903108325953 1.548
v -11.637403185388115 6.648937136328978 1.548
v -12.051920940876009 5.881499394750843 1.548
v -12.414830520650511 5.088876169820167 1.548
v -12.72457789017613 4.274461595871842 1.548
v -12.979836663663278 3.441743121142711 1.548
v -13.179513783855842 2.594286573982831 1.548
v -13.32275420267017 1.7357208934310353 1.548
v -13.408944542642228 0.8697225895408491 1.548
v -13.437715723504075 1.6285199163474493e-15 1.548
v -13.408944542642228 -0.8697225895408398 1.548
v -13.322754202670172 -1.7357208934310264 1.548
v -13.179513783855844 -2.594286573982822 1.548
v -12.979836663663281 -3.4417431211427023 1.548
v -12.724577890176134 -4.274461595871833 1.548
v -12.414830520650515 -5.088876169820158 1.548
v -12.051920940876013 -5.881499394750835 1.548
v -11.63740318538812 -6.64893713632897 1.548
v -11.173052282853753 -7.387903108325946 1.548
v -10.660856655126013 -8.09523294500155 1.548
v -10.103009602516536 -8.767897751403886 1.548
v -9.50189991174683 -9.403017073562559 1.548
v -8.860101626796808 -9.997871233034797 1.548
v -8.180363026453298 -10.549912972986059 1.548
v -7.465594855758342 -11.056778365934889 1.548
v -6.718857861752044 -11.516296936453296 1.548
v -5.943349686883898 -11.926500955475737 1.548
v -5.142391176216883 -12.28563386641709 1.548
v -4.31941215705904 -12.592157807017623 1.548
v -3.477936751916464 -12.844760194705268 1.548
v -2.6215682876596054 -13.042359347275728 1.548
v -1.7539738655245147 -13.184109114821718 1.548
v -0.8788686580222699 -13.269402503076787 1.548
v -2.4684683322961985e-15 -13.297874272657948 1.548
v 0.8788686580222531 -13.269402503076789 1.548
v 1.7539738655244983 -13.18410911482172 1.548
v 2.6215682876595885 -13.042359347275733 1.548
v 3.4779367519164475 -12.844760194705273 1.548
v 4.319412157059036 -12.592157807017625 1.548
v 5.142391176216867 -12.285633866417095 1.548
v 5.943349686883893 -11.926500955475738 1.548
v 6.718857861752029 -11.516296936453303 1.548
v 7.465594855758327 -11.056778365934898 1.548
v 8.180363026453286 -10.54991297298607 1.548
v 8.8601016267968 -9.997871233034802 1.548
v 9.501899911746824 -9.403017073562566 1.548
v 10.103009602516526 -8.767897751403897 1.548
v 10.660856655126008 -8.095232945001559 1.548
v 11.173052282853742 -7.387903108325959 1.548
v 11.637403185388113 -6.64893713632898 1.548
v 12.051920940876006 -5.8814993947508505 1.548
v 12.41483052065051 -5.088876169820173 1.548
v 12.72457789017613 -4.274461595871843 1.548
v 12.979836663663276 -3.4417431211427187 1.548
v 13.17951378385584 -2.5942865739828327 1.548
v 13.322754202670168 -1.735720893431043 1.548
v 13.408944542642228 -0.8697225895408506 1.548
v 16.82249092469619 0.0 2.322
v 16.78647268030852 1.0861683911505207 2.322
v 16.6785721827976 2.1676856424985296 2.322
v 16.49925147865895 3.239920531136206 2.322
v 16.24927844667752 4.298281582657908 2.322
v 15.929723509752803 5.3382367325584745 2.322
v 15.54195505118368 6.355332733229215 2.322
v 15.087633555041041 7.345214223447834 2.322
v 14.568704495720073 8.303642378703847 2.322
v 13.987390007120228 9.226513062495881 2.322
v 13.346179367126714 10.109874400874252 2.322
v 12.647818338140429 10.949943704971927 2.322
v 11.89529740930183 11.74312366905897 2.322
v 11.091838990757322 12.486017774757958 2.322
v 10.240883614804288 13.175444835457112 2.322
v 9.34607520300361 13.808452618639745 2.322
v 8.411245462348097 14.382330487797153 2.322
v 7.440397477304916 14.894621009790267 2.322
v 6.4376885679933125 15.343130477955642 2.322
v 5.407412487901634 15.725938305894164 2.322
v 4.353981037375693 16.041405251716878 2.322
v 3.2819051716123764 16.288180437530404 2.322
v 2.1957756840569704 16.46520713410347 2.322
v 1.1002435479208172 16.571727285943716 2.322
v 1.0300804832307294e-15 16.607284757407697 2.322
v -1.1002435479208115 16.571727285943716 2.322
v -2.1957756840569647 16.46520713410347 2.322
v -3.28190517161237 16.288180437530404 2.322
v -4.3539810373756875 16.04140525171688 2.322
v -5.407412487901628 15.725938305894166 2.322
v -6.437688567993306 15.343130477955643 2.322
v -7.440397477304911 14.894621009790269 2.322
v -8.411245462348091 14.382330487797155 2.322
v -9.346075203003602 13.808452618639748 2.322
v -10.240883614804282 13.175444835457116 2.322
v -11.091838990757315 12.486017774757965 2.322
v -11.895297409301829 11.74312366905897 2.322
v -12.647818338140425 10.949943704971929 2.322
v -13.34617936712671 10.109874400874258 2.322
v -13.987390007120224 9.226513062495888 2.322
v -14.56870449572007 8.303642378703854 2.322
v -15.087633555041037 7.345214223447842 2.322
v -15.54195505118368 6.355332733229217 2.322
v -15.929723509752801 5.338236732558479 2.322
v -16.24927844667752 4.298281582657912 2.322
v -16.49925147865895 3.239920531136212 2.322
v -16.6785721827976 2.1676856424985367 2.322
v -16.78647268030852 1.086168391150529 2.322
v -16.82249092469619 2.0338058120687966e-15 2.322
v -16.78647268030852 -1.0861683911505176 2.322
v -16.6785721827976 -2.1676856424985256 2.322
v -16.499251478658955 -3.2399205311362005 2.322
v -16.249278446677522 -4.298281582657902 2.322
v -15.929723509752804 -5.338236732558467 2.322
v -15.541955051183683 -6.355332733229206 2.322
v -15.087633555041041 -7.345214223447831 2.322
v -14.568704495720075 -8.303642378703843 2.322
v -13.987390007120231 -9.226513062495878 2.322
v -13.346179367126716 -10.109874400874249 2.322
v -12.647818338140434 -10.949943704971922 2.322
v -11.895297409301836 -11.743123669058964 2.322
v -11.091838990757324 -12.486017774757958 2.322
v -10.240883614804291 -13.175444835457109 2.322
v -9.346075203003618 -13.80845261863974 2.322
v -8.411245462348102 -14.382330487797152 2.322
v -7.440397477304915 -14.894621009790267 2.322
v -6.4376885679933205 -15.343130477955638 2.322
v -5.407412487901635 -15.725938305894164 2.322
v -4.353981037375702 -16.041405251716874 2.322
v -3.2819051716123817 -16.2881804375304 2.322
v -2.1957756840569833 -16.465207134103466 2.322
v -1.100243547920823 -16.571727285943716 2.322
v -3.0902414496921877e-15 -16.607284757407697 2.322
v 1.1002435479208021 -16.57172728594372 2.322
v 2.195775684056963 -16.46520713410347 2.322
v 3.281905171612361 -16.288180437530407 2.322
v 4.353981037375681 -16.04140525171688 2.322
v 5.40741248790163 -15.725938305894166 2.322
v 6.437688567993301 -15.343130477955645 2.322
v 7.440397477304909 -14.894621009790269 2.322
v 8.411245462348084 -14.38233048779716 2.322
v 9.346075203003599 -13.80845261863975 2.322
v 10.240883614804273 -13.175444835457121 2.322
v 11.091838990757314 -12.486017774757965 2.322
v 11.895297409301827 -11.743123669058972 2.322
v 12.64781833814042 -10.949943704971936 2.322
v 13.346179367126709 -10.10987440087426 2.322
v 13.987390007120217 -9.226513062495895 2.322
v 14.568704495720068 -8.303642378703856 2.322
v 15.087633555041032 -7.34521422344785 2.322
v 15.541955051183676 -6.3553327332292255 2.322
v 15.929723509752801 -5.338236732558481 2.322
v 16.249278446677515 -4.298281582657922 2.322
v 16.49925147865895 -3.239920531136214 2.322
v 16.678572182797595 -2.1676856424985464 2.322
v 16.78647268030852 -1.0861683911505309 2.322
v 13.82249092469619 0.0 2.322
v 13.792895910592708 0.8899590034600916 2.322
v 13.704237598676166 1.776107065838375 2.322
v 13.55689563744926 2.6546495650878215 2.322
v 13.351500967810315 3.521824447350346 2.322
v 13.088933121267486 4.373918336648991 2.322
v 12.77031645364982 5.207282436133946 2.322
v 12.397015330442976 6.018348152790831 2.322
v 11.970628284366757 6.803642378703849 2.322
v 11.492981170212591 7.559802363437076 2.322
v 10.966119346253008 8.283590113848092 2.322
v 10.392298915703496 8.971906259671721 2.322
v 9.773977065742189 9.62180332549933 2.322
v 9.113801545457115 10.230498352321026 2.322
v 8.414599327778125 10.795384814583407 2.322
v 7.679364503944802 11.314043781732112 2.322
v 6.911245462348097 11.78425427644384 2.322
v 6.113531406647913 12.204002785192204 2.322
v 5.289638270898043 12.571491880421783 2.322
v 4.443094091992148 12.88514791740885 2.322
v 3.5775239020681298 13.143627772849674 2.322
v 2.696634205563991 13.345824596320714 2.322
v 1.8041971073968153 13.49087254998204 2.322
v 0.9040341602303874 13.57815051622791 2.322
v 8.463834633586264e-16 13.6072847574077 2.322
v -0.9040341602303826 13.57815051622791 2.322
v -1.8041971073968106 13.490872549982042 2.322
v -2.6966342055639863 13.345824596320716 2.322
v -3.5775239020681253 13.143627772849676 2.322
v -4.443094091992144 12.885147917408851 2.322
v -5.289638270898038 12.571491880421785 2.322
v -6.113531406647907 12.204002785192205 2.322
v -6.911245462348092 11.784254276443841 2.322
v -7.679364503944796 11.314043781732114 2.322
v -8.41459932777812 10.79538481458341 2.322
v -9.11380154545711 10.230498352321032 2.322
v -9.773977065742187 9.62180332549933 2.322
v -10.392298915703494 8.971906259671723 2.322
v -10.966119346253004 8.283590113848097 2.322
v -11.492981170212587 7.559802363437081 2.322
v -11.970628284366754 6.803642378703854 2.322
v -12.397015330442974 6.018348152790837 2.322
v -12.77031645364982 5.207282436133948 2.322
v -13.088933121267484 4.373918336648994 2.322
v -13.351500967810313 3.52182444735035 2.322
v -13.55689563744926 2.6546495650878263 2.322
v -13.704237598676166 1.7761070658383808 2.322
v -13.792895910592708 0.8899590034600984 2.322
v -13.82249092469619 1.6664117723245907e-15 2.322
v -13.792895910592708 -0.8899590034600889 2.322
v -13.704237598676167 -1.7761070658383717 2.322
v -13.556895637449262 -2.654649565087817 2.322
v -13.351500967810317 -3.521824447350341 2.322
v -13.088933121267488 -4.373918336648985 2.322
v -12.770316453649823 -5.207282436133939 2.322
v -12.397015330442976 -6.018348152790829 2.322
v -11.970628284366759 -6.803642378703846 2.322
v -11.492981170212595 -7.559802363437074 2.322
v -10.96611934625301 -8.283590113848089 2.322
v -10.3922989157035 -8.971906259671718 2.322
v -9.773977065742192 -9.621803325499323 2.322
v -9.113801545457116 -10.230498352321026 2.322
v -8.414599327778129 -10.795384814583405 2.322
v -7.679364503944809 -11.314043781732106 2.322
v -6.911245462348101 -11.784254276443837 2.322
v -6.113531406647911 -12.204002785192204 2.322
v -5.28963827089805 -12.57149188042178 2.322
v -4.44309409199215 -12.88514791740885 2.322
v -3.5775239020681378 -13.143627772849673 2.322
v -2.6966342055639956 -13.345824596320712 2.322
v -1.804197107396826 -13.490872549982038 2.322
v -0.9040341602303923 -13.57815051622791 2.322
v -2.539150390075879e-15 -13.6072847574077 2.322
v 0.904034160230375 -13.57815051622791 2.322
v 1.804197107396809 -13.490872549982042 2.322
v 2.6966342055639787 -13.345824596320716 2.322
v 3.577523902068121 -13.143627772849678 2.322
v 4.443094091992146 -12.885147917408851 2.322
v 5.289638270898033 -12.571491880421785 2.322
v 6.1135314066479065 -12.204002785192205 2.322
v 6.911245462348086 -11.784254276443844 2.322
v 7.679364503944794 -11.314043781732115 2.322
v 8.414599327778115 -10.795384814583414 2.322
v 9.113801545457108 -10.230498352321032 2.322
v 9.773977065742185 -9.621803325499332 2.322
v 10.39229891570349 -8.97190625967173 2.322
v 10.966119346253004 -8.283590113848097 2.322
v 11.492981170212584 -7.559802363437087 2.322
v 11.970628284366754 -6.803642378703856 2.322
v 12.397015330442969 -6.0183481527908445 2.322
v 12.770316453649816 -5.207282436133955 2.322
v 13.088933121267484 -4.3739183366489955 2.322
v 13.351500967810312 -3.5218244473503577 2.322
v 13.556895637449259 -2.654649565087828 2.322
v 13.704237598676166 -1.7761070658383888 2.322
v 13.792895910592708 -0.8899590034600999 2.322
v 17.21828376895344 0.0 3.096
v 17.181418101704605 1.1068756591711078 3.096
v 17.070978964404972 2.209011506839002 3.096
v 16.88743927439539 3.3016880281009957 3.096
v 16.631584976806007 4.380226214342293 3.096
v 16.304511679018557 5.440007599469214 3.096
v 15.90761995910738 6.476494036890049 3.096
v 15.442609368349062 7.4852471325554655 3.096
v 14.911471153482951 8.461947250843233 3.096
v 14.316479729886925 9.402412011901117 3.096
v 13.660182942181573 10.302614201239484 3.096
v 12.945391153968355 11.158699014882039 3.096
v 12.175165213421245 11.96700056622823 3.096
v 11.352803346264894 12.724057583942477 3.096
v 10.481827032265757 13.42662823364943 3.096
v 9.565965925715101 14.071703999966424 3.096
v 8.609141884476722 14.656522569428265 3.096
v 7.6154521759895095 15.178579659137533 3.096
v 6.5891519321392185 15.63563974048843 3.096
v 5.534635928130502 16.025745612043472 3.096
v 4.4564197633847655 16.34722678057052 3.096
v 3.3591205250502028 16.598706614351254 3.096
v 2.2474370169258133 16.779108238129535 3.096
v 1.1261296384621402 16.88765914445658 3.096
v 1.0543158052229829e-15 16.92389450168647 3.096
v -1.1261296384621342 16.88765914445658 3.096
v -2.2474370169258076 16.779108238129535 3.096
v -3.3591205250501965 16.598706614351254 3.096
v -4.456419763384759 16.347226780570523 3.096
v -5.534635928130496 16.025745612043476 3.096
v -6.589151932139212 15.635639740488433 3.096
v -7.615452175989503 15.178579659137535 3.096
v -8.609141884476717 14.656522569428267 3.096
v -9.565965925715094 14.071703999966427 3.096
v -10.481827032265752 13.426628233649433 3.096
v -11.352803346264887 12.724057583942484 3.096
v -12.175165213421243 11.96700056622823 3.096
v -12.945391153968353 11.15869901488204 3.096
v -13.660182942181569 10.30261420123949 3.096
v -14.316479729886922 9.402412011901122 3.096
v -14.911471153482948 8.46194725084324 3.096
v -15.442609368349059 7.485247132555473 3.096
v -15.90761995910738 6.476494036890051 3.096
v -16.304511679018557 5.440007599469218 3.096
v -16.631584976806003 4.380226214342298 3.096
v -16.88743927439539 3.3016880281010015 3.096
v -17.070978964404972 2.209011506839009 3.096
v -17.181418101704605 1.1068756591711162 3.096
v -17.21828376895344 2.0725793230597824e-15 3.096
v -17.181418101704605 -1.1068756591711044 3.096
v -17.070978964404976 -2.2090115068389977 3.096
v -16.887439274395394 -3.30168802810099 3.096
v -16.631584976806007 -4.3802262143422865 3.096
v -16.30451167901856 -5.440007599469206 3.096
v -15.907619959107386 -6.476494036890039 3.096
v -15.442609368349062 -7.485247132555462 3.096
v -14.911471153482953 -8.46194725084323 3.096
v -14.316479729886929 -9.402412011901111 3.096
v -13.660182942181574 -10.30261420123948 3.096
v -12.945391153968362 -11.158699014882032 3.096
v -12.17516521342125 -11.967000566228222 3.096
v -11.352803346264896 -12.724057583942477 3.096
v -10.48182703226576 -13.426628233649426 3.096
v -9.56596592571511 -14.071703999966418 3.096
v -8.609141884476728 -14.656522569428263 3.096
v -7.615452175989508 -15.178579659137533 3.096
v -6.5891519321392265 -15.635639740488427 3.096
v -5.534635928130504 -16.025745612043472 3.096
v -4.456419763384774 -16.34722678057052 3.096
v -3.3591205250502085 -16.59870661435125 3.096
v -2.2474370169258266 -16.77910823812953 3.096
v -1.1261296384621462 -16.88765914445658 3.096
v -3.162947415668948e-15 -16.92389450168647 3.096
v 1.1261296384621247 -16.887659144456585 3.096
v 2.2474370169258058 -16.779108238129535 3.096
v 3.3591205250501868 -16.598706614351258 3.096
v 4.456419763384754 -16.347226780570523 3.096
v 5.5346359281304975 -16.025745612043476 3.096
v 6.589151932139207 -15.635639740488434 3.096
v 7.6154521759895015 -15.178579659137535 3.096
v 8.60914188447671 -14.656522569428272 3.096
v 9.56596592571509 -14.071703999966429 3.096
v 10.481827032265745 -13.426628233649438 3.096
v 11.352803346264885 -12.724057583942484 3.096
v 12.175165213421241 -11.967000566228231 3.096
v 12.945391153968348 -11.158699014882048 3.096
v 13.660182942181567 -10.302614201239491 3.096
v 14.316479729886915 -9.402412011901129 3.096
v 14.911471153482944 -8.461947250843242 3.096
v 15.442609368349054 -7.4852471325554815 3.096
v 15.907619959107377 -6.476494036890059 3.096
v 16.304511679018557 -5.44000759946922 3.096
v 16.631584976806003 -4.380226214342307 3.096
v 16.88743927439539 -3.3016880281010037 3.096
v 17.070978964404972 -2.209011506839019 3.096
v 17.181418101704605 -1.1068756591711182 3.096
v 14.218283768953443 0.0 3.096
v 14.187841331988794 0.9106662714806786 3.096
v 14.096644380283545 1.8174329301788472 3.096
v 13.945083433185703 2.716417062052611 3.096
v 13.733807497938802 3.603769079034731 3.096
v 13.463721290533243 4.475689203559729 3.096
v 13.135981361573522 5.328443739794779 3.096
v 12.751991143750999 6.158381061898462 3.096
v 12.313394942129635 6.961947250843234 3.096
v 11.82207089297929 7.735701312842309 3.096
v 11.280122921307868 8.476329914213322 3.096
v 10.689871731531426 9.180661569581831 3.096
v 10.053844869861603 9.845680222668587 3.096
v 9.374765900964688 10.468538161505546 3.096
v 8.655542745239597 11.046568212775723 3.096
v 7.899255226656295 11.577295163058789 3.096
v 7.109141884476723 12.05844635807495 3.096
v 6.288586105332506 12.487961434539468 3.096
v 5.44110163504395 12.86400114295457 3.096
v 4.570317532221018 13.184955223558157 3.096
v 3.679962628077203 13.449449301703316 3.096
v 2.773849559001818 13.656350773141561 3.096
v 1.8558584402656584 13.804773654008102 3.096
v 0.9299202507717105 13.894082374740771 3.096
v 8.7061878535088e-16 13.923894501686469 3.096
v -0.9299202507717056 13.894082374740771 3.096
v -1.8558584402656537 13.804773654008104 3.096
v -2.7738495590018126 13.656350773141563 3.096
v -3.679962628077198 13.449449301703318 3.096
v -4.570317532221012 13.184955223558159 3.096
v -5.441101635043944 12.864001142954573 3.096
v -6.288586105332501 12.48796143453947 3.096
v -7.109141884476718 12.058446358074951 3.096
v -7.8992552266562885 11.57729516305879 3.096
v -8.655542745239591 11.046568212775727 3.096
v -9.374765900964682 10.46853816150555 3.096
v -10.053844869861601 9.845680222668587 3.096
v -10.689871731531424 9.180661569581833 3.096
v -11.280122921307864 8.476329914213327 3.096
v -11.822070892979287 7.7357013128423135 3.096
v -12.313394942129634 6.961947250843239 3.096
v -12.751991143750995 6.158381061898468 3.096
v -13.135981361573522 5.328443739794781 3.096
v -13.463721290533242 4.475689203559733 3.096
v -13.733807497938802 3.6037690790347345 3.096
v -13.945083433185703 2.716417062052616 3.096
v -14.096644380283545 1.817432930178853 3.096
v -14.187841331988794 0.9106662714806856 3.096
v -14.218283768953443 1.7051852833155765e-15 3.096
v -14.187841331988794 -0.9106662714806758 3.096
v -14.096644380283546 -1.8174329301788439 3.096
v -13.945083433185705 -2.716417062052606 3.096
v -13.733807497938804 -3.603769079034725 3.096
v -13.463721290533245 -4.475689203559723 3.096
v -13.135981361573526 -5.328443739794771 3.096
v -12.751991143750999 -6.158381061898459 3.096
v -12.313394942129637 -6.961947250843231 3.096
v -11.822070892979294 -7.735701312842306 3.096
v -11.28012292130787 -8.476329914213318 3.096
v -10.68987173153143 -9.180661569581828 3.096
v -10.053844869861608 -9.84568022266858 3.096
v -9.37476590096469 -10.468538161505546 3.096
v -8.6555427452396 -11.046568212775721 3.096
v -7.899255226656303 -11.577295163058784 3.096
v -7.109141884476728 -12.058446358074947 3.096
v -6.288586105332504 -12.487961434539468 3.096
v -5.441101635043957 -12.864001142954567 3.096
v -4.5703175322210186 -13.184955223558157 3.096
v -3.679962628077211 -13.449449301703314 3.096
v -2.773849559001823 -13.656350773141561 3.096
v -1.8558584402656695 -13.8047736540081 3.096
v -0.9299202507717155 -13.894082374740771 3.096
v -2.6118563560526395e-15 -13.923894501686469 3.096
v 0.9299202507716977 -13.894082374740773 3.096
v 1.8558584402656522 -13.804773654008104 3.096
v 2.773849559001805 -13.656350773141565 3.096
v 3.6799626280771935 -13.44944930170332 3.096
v 4.570317532221014 -13.184955223558159 3.096
v 5.44110163504394 -12.864001142954574 3.096
v 6.2885861053325 -12.48796143453947 3.096
v 7.109141884476712 -12.058446358074955 3.096
v 7.899255226656287 -11.577295163058793 3.096
v 8.655542745239586 -11.046568212775732 3.096
v 9.37476590096468 -10.46853816150555 3.096
v 10.0538448698616 -9.845680222668589 3.096
v 10.689871731531419 -9.18066156958184 3.096
v 11.280122921307862 -8.476329914213327 3.096
v 11.822070892979283 -7.73570131284232 3.096
v 12.313394942129632 -6.961947250843241 3.096
v 12.751991143750992 -6.158381061898474 3.096
v 13.135981361573519 -5.328443739794788 3.096
v 13.463721290533242 -4.475689203559734 3.096
v 13.7338074979388 -3.6037690790347425 3.096
v 13.945083433185701 -2.7164170620526176 3.096
v 14.096644380283543 -1.8174329301788612 3.096
v 14.187841331988794 -0.910666271480687 3.096
v 17.625409735179716 0.0 3.87
v 17.58767237998563 1.12806473696856 3.87
v 17.47462191155186 2.2512989275497715 3.87
v 17.286742429340066 3.3648927104975157 3.87
v 17.024838462136856 4.464077506271183 3.87
v 16.690031522938025 5.544146436825349 3.87
v 16.283755306457717 6.600474481184185 3.87
v 15.807749549827566 7.628538280491311 3.87
v 15.26405258277519 8.62393550772687 3.87
v 14.654992599183384 9.582403719147678 3.87
v 13.983177687406483 10.499838606725712 3.87
v 13.251484662035612 11.3723115734252 3.87
v 12.46304674493697 12.196086556058246 3.87
v 11.62124014831476 12.967636023680974 3.87
v 10.72966961725222 13.683656083022605 3.87
v 9.792152993639764 14.34108062626363 3.87
v 8.81270486758986 14.937094460580242 3.87
v 7.795519386345874 15.46914536323219 3.87
v 6.744952294299643 15.934955010572377 3.87
v 5.665502281025309 16.332528734178492 3.87
v 4.561791717199891 16.660164062329425 3.87
v 3.438546860902414 16.91645801025055 3.87
v 2.3005776190512384 17.1003130879099 3.87
v 1.1527569506441842 17.21094199963899 3.87
v 1.0792450807924219e-15 17.247871015453743 3.87
v -1.1527569506441782 17.21094199963899 3.87
v -2.3005776190512326 17.1003130879099 3.87
v -3.4385468609024077 16.91645801025055 3.87
v -4.561791717199885 16.66016406232943 3.87
v -5.665502281025303 16.332528734178492 3.87
v -6.744952294299637 15.934955010572379 3.87
v -7.795519386345868 15.469145363232192 3.87
v -8.812704867589854 14.937094460580244 3.87
v -9.792152993639755 14.341080626263633 3.87
v -10.729669617252215 13.683656083022608 3.87
v -11.621240148314753 12.967636023680981 3.87
v -12.463046744936968 12.196086556058246 3.87
v -13.25148466203561 11.372311573425202 3.87
v -13.98317768740648 10.499838606725719 3.87
v -14.65499259918338 9.582403719147685 3.87
v -15.264052582775186 8.623935507726877 3.87
v -15.807749549827562 7.628538280491319 3.87
v -16.283755306457717 6.600474481184187 3.87
v -16.69003152293802 5.544146436825352 3.87
v -17.024838462136852 4.464077506271187 3.87
v -17.286742429340066 3.364892710497522 3.87
v -17.47462191155186 2.2512989275497786 3.87
v -17.58767237998563 1.1280647369685686 3.87
v -17.625409735179716 2.1122550031181836e-15 3.87
v -17.58767237998563 -1.1280647369685566 3.87
v -17.474621911551864 -2.251298927549767 3.87
v -17.286742429340066 -3.36489271049751 3.87
v -17.024838462136856 -4.464077506271176 3.87
v -16.69003152293803 -5.544146436825341 3.87
v -16.28375530645772 -6.600474481184175 3.87
v -15.807749549827566 -7.628538280491308 3.87
v -15.264052582775193 -8.623935507726866 3.87
v -14.65499259918339 -9.582403719147674 3.87
v -13.983177687406487 -10.499838606725708 3.87
v -13.251484662035617 -11.372311573425195 3.87
v -12.463046744936975 -12.196086556058239 3.87
v -11.621240148314762 -12.967636023680974 3.87
v -10.729669617252224 -13.683656083022601 3.87
v -9.792152993639773 -14.341080626263624 3.87
v -8.812704867589865 -14.93709446058024 3.87
v -7.795519386345872 -15.46914536323219 3.87
v -6.744952294299652 -15.934955010572374 3.87
v -5.665502281025311 -16.332528734178492 3.87
v -4.561791717199901 -16.660164062329425 3.87
v -3.4385468609024197 -16.916458010250548 3.87
v -2.300577619051252 -17.100313087909896 3.87
v -1.1527569506441904 -17.21094199963899 3.87
v -3.237735242377265e-15 -17.247871015453743 3.87
v 1.1527569506441684 -17.210941999638994 3.87
v 2.3005776190512304 -17.1003130879099 3.87
v 3.438546860902398 -16.916458010250555 3.87
v 4.561791717199879 -16.66016406232943 3.87
v 5.665502281025304 -16.332528734178492 3.87
v 6.744952294299631 -15.93495501057238 3.87
v 7.795519386345866 -15.469145363232192 3.87
v 8.812704867589845 -14.937094460580251 3.87
v 9.792152993639753 -14.341080626263635 3.87
v 10.729669617252206 -13.683656083022615 3.87
v 11.621240148314751 -12.967636023680981 3.87
v 12.463046744936964 -12.196086556058248 3.87
v 13.251484662035603 -11.37231157342521 3.87
v 13.983177687406478 -10.49983860672572 3.87
v 14.654992599183375 -9.582403719147692 3.87
v 15.264052582775184 -8.623935507726879 3.87
v 15.807749549827557 -7.628538280491328 3.87
v 16.283755306457714 -6.600474481184196 3.87
v 16.69003152293802 -5.544146436825355 3.87
v 17.024838462136852 -4.464077506271197 3.87
v 17.286742429340062 -3.3648927104975237 3.87
v 17.47462191155186 -2.2512989275497888 3.87
v 17.58767237998563 -1.1280647369685706 3.87
v 14.625409735179716 0.0 3.87
v 14.59409561026982 0.9318553492781309 3.87
v 14.50028732743043 1.8597203508896167 3.87
v 14.344386588130373 2.779621744449131 3.87
v 14.12706098326965 3.68762037096362 3.87
v 13.849241134452708 4.5798280409158645 3.87
v 13.512116708923857 5.452424184088915 3.87
v 13.1171313252295 6.301672209834307 3.87
v 12.665976371421873 7.123935507726871 3.87
v 12.160583762275749 7.915693020088872 3.87
v 11.603117666532778 8.673554319699551 3.87
v 10.995965239598679 9.394274128124994 3.87
v 10.341726401377326 10.074766212498604 3.87
v 9.643202703014554 10.712116601244043 3.87
v 8.903385330226058 11.3035960621489 3.87
v 8.125442294580957 11.846671789355995 3.87
v 7.31270486758986 12.339018249226926 3.87
v 6.4686533156888695 12.778527138634125 3.87
v 5.596901997204373 13.163316413038517 3.87
v 4.701183885115824 13.491738345693175 3.87
v 3.785334581892328 13.762386583462222 3.87
v 2.853275894854029 13.97410216904086 3.87
v 1.9089990423910832 14.125978503788467 3.87
v 0.9565475629537544 14.21736522992318 3.87
v 8.95548060920319e-16 14.247871015453743 3.87
v -0.9565475629537493 14.21736522992318 3.87
v -1.9089990423910783 14.125978503788469 3.87
v -2.8532758948540238 13.97410216904086 3.87
v -3.785334581892323 13.762386583462224 3.87
v -4.701183885115818 13.491738345693175 3.87
v -5.596901997204368 13.163316413038517 3.87
v -6.468653315688865 12.778527138634127 3.87
v -7.312704867589854 12.339018249226928 3.87
v -8.12544229458095 11.846671789355996 3.87
v -8.903385330226053 11.303596062148904 3.87
v -9.643202703014547 10.712116601244048 3.87
v -10.341726401377324 10.074766212498604 3.87
v -10.995965239598677 9.394274128124996 3.87
v -11.603117666532775 8.673554319699555 3.87
v -12.160583762275746 7.915693020088876 3.87
v -12.665976371421872 7.123935507726876 3.87
v -13.117131325229497 6.301672209834313 3.87
v -13.512116708923857 5.452424184088917 3.87
v -13.849241134452706 4.579828040915867 3.87
v -14.127060983269649 3.687620370963624 3.87
v -14.344386588130373 2.7796217444491362 3.87
v -14.50028732743043 1.8597203508896225 3.87
v -14.59409561026982 0.931855349278138 3.87
v -14.625409735179716 1.7448609633739776e-15 3.87
v -14.59409561026982 -0.9318553492781281 3.87
v -14.500287327430431 -1.8597203508896132 3.87
v -14.344386588130375 -2.779621744449126 3.87
v -14.127060983269653 -3.687620370963615 3.87
v -13.84924113445271 -4.579828040915858 3.87
v -13.51211670892386 -5.452424184088907 3.87
v -13.1171313252295 -6.3016722098343045 3.87
v -12.665976371421875 -7.123935507726868 3.87
v -12.160583762275753 -7.915693020088868 3.87
v -11.60311766653278 -8.673554319699548 3.87
v -10.995965239598684 -9.394274128124989 3.87
v -10.341726401377331 -10.074766212498597 3.87
v -9.643202703014556 -10.712116601244043 3.87
v -8.903385330226062 -11.303596062148896 3.87
v -8.125442294580964 -11.84667178935599 3.87
v -7.312704867589864 -12.339018249226925 3.87
v -6.468653315688868 -12.778527138634125 3.87
v -5.59690199720438 -13.163316413038514 3.87
v -4.701183885115825 -13.491738345693175 3.87
v -3.7853345818923363 -13.76238658346222 3.87
v -2.853275894854034 -13.974102169040858 3.87
v -1.9089990423910945 -14.125978503788465 3.87
v -0.9565475629537594 -14.21736522992318 3.87
v -2.6866441827609566e-15 -14.247871015453743 3.87
v 0.9565475629537412 -14.217365229923182 3.87
v 1.9089990423910768 -14.125978503788469 3.87
v 2.8532758948540153 -13.974102169040862 3.87
v 3.785334581892318 -13.762386583462225 3.87
v 4.70118388511582 -13.491738345693175 3.87
v 5.596901997204363 -13.163316413038519 3.87
v 6.468653315688863 -12.778527138634127 3.87
v 7.312704867589848 -12.339018249226934 3.87
v 8.125442294580948 -11.846671789355998 3.87
v 8.903385330226048 -11.303596062148907 3.87
v 9.643202703014545 -10.712116601244048 3.87
v 10.341726401377322 -10.074766212498606 3.87
v 10.995965239598673 -9.394274128125002 3.87
v 11.603117666532773 -8.673554319699557 3.87
v 12.16058376227574 -7.915693020088883 3.87
v 12.66597637142187 -7.123935507726878 3.87
v 13.117131325229494 -6.3016722098343205 3.87
v 13.512116708923854 -5.452424184088924 3.87
v 13.849241134452706 -4.579828040915869 3.87
v 14.127060983269647 -3.687620370963632 3.87
v 14.344386588130371 -2.7796217444491376 3.87
v 14.500287327430428 -1.859720350889631 3.87
v 14.59409561026982 -0.9318553492781395 3.87
v 18.044193335693585 0.0 4.644
v 18.005559332664387 1.149746835131394 4.644
v 17.88982276030896 2.29457027780241 4.644
v 17.697479220398336 3.4295680182750385 4.644
v 17.429352357499525 4.549879821976552 4.644
v 17.08659033200305 5.6507083417701045 4.644
v 16.670660903523864 6.727339660931671 4.644
v 16.18334514572937 7.775163478865152 4.644
v 15.626729819508515 8.78969285311732 4.644
v 15.003198437141316 9.766583413154244 4.644
v 14.315421055733353 10.701651963622878 4.644
v 13.566342843621312 11.590894397435779 4.644
v 12.759171468710043 12.430502841972382 4.644
v 11.89736336274612 13.216881964974139 4.644
v 10.98460892034646 13.946664370309248 4.644
v 10.024816696162041 14.616725017679821 4.644
v 9.022096667846794 15.224194604524245 4.644
v 7.980742636502351 15.766471852811216 4.644
v 6.905213839962501 16.241234648111657 4.644
v 5.800115857652219 16.646449983249177 4.644
v 4.670180888789486 16.98038266394893 4.644
v 3.5202474883817385 17.241602739205884 4.644
v 2.355239847790517 17.42899162455455 4.644
v 1.1801467085880575 17.541746892019397 4.644
v 1.1048881805876576e-15 17.579385706234643 4.644
v -1.1801467085880513 17.541746892019397 4.644
v -2.3552398477905108 17.428991624554552 4.644
v -3.520247488381732 17.241602739205888 4.644
v -4.6701808887894805 16.980382663948934 4.644
v -5.800115857652213 16.64644998324918 4.644
v -6.905213839962495 16.24123464811166 4.644
v -7.980742636502344 15.766471852811218 4.644
v -9.022096667846789 15.224194604524246 4.644
v -10.024816696162034 14.616725017679826 4.644
v -10.984608920346455 13.946664370309252 4.644
v -11.89736336274611 13.216881964974146 4.644
v -12.759171468710042 12.430502841972382 4.644
v -13.56634284362131 11.590894397435783 4.644
v -14.31542105573335 10.701651963622883 4.644
v -15.003198437141311 9.76658341315425 4.644
v -15.62672981950851 8.789692853117327 4.644
v -16.183345145729366 7.77516347886516 4.644
v -16.670660903523864 6.727339660931673 4.644
v -17.08659033200305 5.650708341770108 4.644
v -17.429352357499525 4.549879821976557 4.644
v -17.697479220398336 3.4295680182750448 4.644
v -17.88982276030896 2.2945702778024173 4.644
v -18.005559332664387 1.1497468351314029 4.644
v -18.044193335693585 2.1528538436116986e-15 4.644
v -18.005559332664387 -1.1497468351313906 4.644
v -17.889822760308963 -2.2945702778024057 4.644
v -17.697479220398336 -3.4295680182750328 4.644
v -17.42935235749953 -4.549879821976545 4.644
v -17.086590332003052 -5.6507083417700965 4.644
v -16.670660903523867 -6.727339660931661 4.644
v -16.18334514572937 -7.775163478865149 4.644
v -15.626729819508517 -8.789692853117316 4.644
v -15.00319843714132 -9.76658341315424 4.644
v -14.315421055733355 -10.701651963622874 4.644
v -13.566342843621317 -11.590894397435774 4.644
v -12.759171468710049 -12.430502841972373 4.644
v -11.897363362746121 -13.216881964974139 4.644
v -10.984608920346465 -13.946664370309245 4.644
v -10.024816696162052 -14.616725017679816 4.644
v -9.022096667846801 -15.224194604524243 4.644
v -7.980742636502349 -15.766471852811216 4.644
v -6.90521383996251 -16.241234648111654 4.644
v -5.800115857652222 -16.646449983249177 4.644
v -4.670180888789496 -16.98038266394893 4.644
v -3.5202474883817443 -17.241602739205884 4.644
v -2.355239847790531 -17.42899162455455 4.644
v -1.1801467085880637 -17.541746892019397 4.644
v -3.3146645417629725e-15 -17.579385706234643 4.644
v 1.1801467085880413 -17.5417468920194 4.644
v 2.355239847790509 -17.428991624554552 4.644
v 3.5202474883817216 -17.241602739205888 4.644
v 4.670180888789474 -16.980382663948937 4.644
v 5.800115857652216 -16.64644998324918 4.644
v 6.905213839962489 -16.24123464811166 4.644
v 7.980742636502343 -15.766471852811218 4.644
v 9.02209666784678 -15.224194604524252 4.644
v 10.024816696162032 -14.616725017679828 4.644
v 10.984608920346446 -13.946664370309257 4.644
v 11.897363362746109 -13.216881964974146 4.644
v 12.75917146871004 -12.430502841972384 4.644
v 13.566342843621303 -11.59089439743579 4.644
v 14.315421055733346 -10.701651963622885 4.644
v 15.003198437141306 -9.766583413154258 4.644
v 15.626729819508508 -8.789692853117328 4.644
v 16.183345145729362 -7.775163478865169 4.644
v 16.67066090352386 -6.727339660931682 4.644
v 17.08659033200305 -5.65070834177011 4.644
v 17.42935235749952 -4.549879821976567 4.644
v 17.697479220398332 -3.429568018275047 4.644
v 17.889822760308956 -2.2945702778024275 4.644
v 18.005559332664387 -1.1497468351314049 4.644
v 15.044193335693583 0.0 4.644
v 15.011982562948573 0.9535374474409649 4.644
v 14.915488176187527 1.9029917011422552 4.644
v 14.75512337918864 2.8442970522266537 4.644
v 14.53157487863232 3.77342268666899 4.644
v 14.245799943517731 4.686389945860619 4.644
v 13.899022305990004 5.579289363836401 4.644
v 13.492726921131304 6.448297408208148 4.644
v 13.028653608155198 7.28969285311732 4.644
v 12.508789600233678 8.099872714095438 4.644
v 11.935361034859644 8.875367676596715 4.644
v 11.310823421184377 9.612856952135573 4.644
v 10.6378511251504 10.309182498412738 4.644
v 9.91932591744591 10.961362542537207 4.644
v 9.158324633320298 11.566604349435542 4.644
v 8.358105997103234 12.122316180772186 4.644
v 7.522096667846793 12.626118393170929 4.644
v 6.653876565845345 13.075853628213153 4.644
v 5.7571635428672305 13.469596050577797 4.644
v 4.835797461742734 13.805659594763862 4.644
v 3.8937237534819227 14.082605185081727 4.644
v 2.934976522333353 14.299246897996193 4.644
v 1.9636612711303616 14.454657040433117 4.644
v 0.9839373208976275 14.548170122303587 4.644
v 9.211911607155545e-16 14.579385706234643 4.644
v -0.9839373208976223 14.548170122303587 4.644
v -1.9636612711303565 14.45465704043312 4.644
v -2.9349765223333475 14.299246897996195 4.644
v -3.893723753481918 14.082605185081729 4.644
v -4.835797461742729 13.805659594763863 4.644
v -5.757163542867225 13.469596050577799 4.644
v -6.653876565845341 13.075853628213153 4.644
v -7.522096667846788 12.62611839317093 4.644
v -8.358105997103227 12.12231618077219 4.644
v -9.158324633320293 11.566604349435545 4.644
v -9.919325917445905 10.961362542537213 4.644
v -10.637851125150398 10.309182498412738 4.644
v -11.310823421184377 9.612856952135575 4.644
v -11.935361034859643 8.87536767659672 4.644
v -12.508789600233674 8.099872714095442 4.644
v -13.028653608155194 7.289692853117326 4.644
v -13.4927269211313 6.4482974082081554 4.644
v -13.899022305990004 5.579289363836403 4.644
v -14.24579994351773 4.686389945860623 4.644
v -14.531574878632318 3.773422686668994 4.644
v -14.75512337918864 2.844297052226659 4.644
v -14.915488176187527 1.9029917011422615 4.644
v -15.011982562948573 0.9535374474409721 4.644
v -15.044193335693583 1.785459803867493e-15 4.644
v -15.011982562948573 -0.953537447440962 4.644
v -14.915488176187528 -1.9029917011422517 4.644
v -14.755123379188642 -2.844297052226649 4.644
v -14.531574878632322 -3.7734226866689844 4.644
v -14.245799943517733 -4.686389945860613 4.644
v -13.899022305990007 -5.579289363836393 4.644
v -13.492726921131304 -6.448297408208146 4.644
v -13.0286536081552 -7.289692853117317 4.644
v -12.508789600233682 -8.099872714095435 4.644
v -11.935361034859646 -8.875367676596712 4.644
v -11.310823421184383 -9.612856952135568 4.644
v -10.637851125150405 -10.309182498412733 4.644
v -9.919325917445912 -10.961362542537207 4.644
v -9.158324633320301 -11.56660434943554 4.644
v -8.358105997103241 -12.12231618077218 4.644
v -7.522096667846799 -12.626118393170927 4.644
v -6.653876565845344 -13.075853628213153 4.644
v -5.7571635428672385 -13.469596050577794 4.644
v -4.835797461742736 -13.805659594763862 4.644
v -3.893723753481931 -14.082605185081725 4.644
v -2.934976522333358 -14.299246897996191 4.644
v -1.9636612711303734 -14.454657040433116 4.644
v -0.9839373208976328 -14.548170122303587 4.644
v -2.763573482146663e-15 -14.579385706234643 4.644
v 0.983937320897614 -14.548170122303588 4.644
v 1.963661271130355 -14.45465704043312 4.644
v 2.934976522333339 -14.299246897996197 4.644
v 3.893723753481913 -14.08260518508173 4.644
v 4.835797461742731 -13.805659594763863 4.644
v 5.757163542867221 -13.4695960505778 4.644
v 6.653876565845339 -13.075853628213153 4.644
v 7.522096667846782 -12.626118393170936 4.644
v 8.358105997103225 -12.122316180772192 4.644
v 9.158324633320285 -11.56660434943555 4.644
v 9.919325917445903 -10.961362542537213 4.644
v 10.637851125150396 -10.30918249841274 4.644
v 11.310823421184372 -9.612856952135582 4.644
v 11.93536103485964 -8.875367676596722 4.644
v 12.50878960023367 -8.099872714095449 4.644
v 13.028653608155192 -7.2896928531173275 4.644
v 13.492726921131295 -6.4482974082081626 4.644
v 13.89902230599 -5.57928936383641 4.644
v 14.24579994351773 -4.686389945860625 4.644
v 14.531574878632316 -3.773422686669002 4.644
v 14.755123379188639 -2.844297052226661 4.644
v 14.915488176187525 -1.90299170114227 4.644
v 15.011982562948573 -0.9535374474409738 4.644
v 18.47496837489087 0.0 5.417999999999999
v 18.435412049435858 1.1719334250923459 5.417999999999999
v 18.31691245932921 2.338848451339954 5.417999999999999
v 18.11997703800816 3.4957481694523773 5.417999999999999
v 17.84544909318087 4.637678557226184 5.417999999999999
v 17.494504195653395 5.7597496934285815 5.417999999999999
v 17.068645145354985 6.8571566971908595 5.417999999999999
v 16.569695536118093 7.9252003032459175 5.417999999999999
v 15.999791946769601 8.95930698490359 5.417999999999999
v 15.361374791972297 9.955048538594076 5.417999999999999
v 14.657177871994607 10.908161046115444 5.417999999999999
v 13.890216666158148 11.814563133385997 5.417999999999999
v 13.063775420092345 12.670373447514661 5.417999999999999
v 12.181393082090418 13.471927277349945 5.417999999999999
v 11.246848148789487 14.215792246335718 5.417999999999999
v 10.264142485067905 14.898783010474547 5.417999999999999
v 9.237484187445437 15.517974898459748 5.417999999999999
v 8.171269564367957 16.070716435566894 5.417999999999999
v 7.070064310539724 16.554640697675673 5.417999999999999
v 5.938583955917744 16.967675446802325 5.417999999999999
v 4.7816736730885285 17.308052004740844 5.417999999999999
v 3.604287529495247 17.57431282681458 5.417999999999999
v 2.4114672733603824 17.765317743306305 5.417999999999999
v 1.2083207441457977 17.880248841839993 5.417999999999999
v 1.131265544232934e-15 17.918613969807183 5.417999999999999
v -1.2083207441457913 17.880248841839993 5.417999999999999
v -2.411467273360376 17.765317743306305 5.417999999999999
v -3.6042875294952403 17.57431282681458 5.417999999999999
v -4.781673673088522 17.308052004740844 5.417999999999999
v -5.938583955917737 16.967675446802325 5.417999999999999
v -7.070064310539718 16.554640697675673 5.417999999999999
v -8.171269564367952 16.070716435566897 5.417999999999999
v -9.237484187445432 15.51797489845975 5.417999999999999
v -10.264142485067898 14.898783010474551 5.417999999999999
v -11.246848148789482 14.215792246335722 5.417999999999999
v -12.181393082090409 13.471927277349954 5.417999999999999
v -13.063775420092343 12.670373447514661 5.417999999999999
v -13.890216666158146 11.814563133385999 5.417999999999999
v -14.657177871994604 10.908161046115449 5.417999999999999
v -15.361374791972292 9.955048538594081 5.417999999999999
v -15.999791946769598 8.959306984903597 5.417999999999999
v -16.569695536118086 7.9252003032459255 5.417999999999999
v -17.068645145354985 6.857156697190862 5.417999999999999
v -17.49450419565339 5.759749693428585 5.417999999999999
v -17.845449093180868 4.637678557226188 5.417999999999999
v -18.11997703800816 3.495748169452384 5.417999999999999
v -18.31691245932921 2.338848451339961 5.417999999999999
v -18.435412049435858 1.171933425092355 5.417999999999999
v -18.47496837489087 2.1943973243281414e-15 5.417999999999999
v -18.435412049435858 -1.1719334250923426 5.417999999999999
v -18.316912459329213 -2.3388484513399495 5.417999999999999
v -18.11997703800816 -3.4957481694523715 5.417999999999999
v -17.84544909318087 -4.6376785572261765 5.417999999999999
v -17.4945041956534 -5.7597496934285735 5.417999999999999
v -17.06864514535499 -6.85715669719085 5.417999999999999
v -16.569695536118093 -7.925200303245914 5.417999999999999
v -15.999791946769603 -8.959306984903586 5.417999999999999
v -15.3613747919723 -9.955048538594072 5.417999999999999
v -14.657177871994609 -10.90816104611544 5.417999999999999
v -13.890216666158155 -11.814563133385992 5.417999999999999
v -13.063775420092352 -12.670373447514654 5.417999999999999
v -12.18139308209042 -13.471927277349945 5.417999999999999
v -11.246848148789493 -14.215792246335715 5.417999999999999
v -10.264142485067916 -14.898783010474542 5.417999999999999
v -9.237484187445444 -15.517974898459746 5.417999999999999
v -8.171269564367956 -16.070716435566894 5.417999999999999
v -7.070064310539734 -16.55464069767567 5.417999999999999
v -5.938583955917745 -16.967675446802325 5.417999999999999
v -4.781673673088539 -17.30805200474084 5.417999999999999
v -3.604287529495253 -17.574312826814577 5.417999999999999
v -2.4114672733603966 -17.7653177433063 5.417999999999999
v -1.208320744145804 -17.880248841839993 5.417999999999999
v -3.3937966326988023e-15 -17.918613969807183 5.417999999999999
v 1.208320744145781 -17.880248841839997 5.417999999999999
v 2.411467273360374 -17.765317743306305 5.417999999999999
v 3.60428752949523 -17.574312826814584 5.417999999999999
v 4.781673673088516 -17.308052004740848 5.417999999999999
v 5.93858395591774 -16.967675446802325 5.417999999999999
v 7.070064310539712 -16.554640697675676 5.417999999999999
v 8.171269564367948 -16.070716435566897 5.417999999999999
v 9.237484187445423 -15.517974898459755 5.417999999999999
v 10.264142485067897 -14.898783010474553 5.417999999999999
v 11.246848148789473 -14.215792246335727 5.417999999999999
v 12.181393082090407 -13.471927277349954 5.417999999999999
v 13.063775420092341 -12.670373447514663 5.417999999999999
v 13.890216666158139 -11.814563133386008 5.417999999999999
v 14.657177871994602 -10.90816104611545 5.417999999999999
v 15.361374791972287 -9.95504853859409 5.417999999999999
v 15.999791946769596 -8.959306984903598 5.417999999999999
v 16.569695536118083 -7.925200303245934 5.417999999999999
v 17.06864514535498 -6.857156697190871 5.417999999999999
v 17.49450419565339 -5.759749693428588 5.417999999999999
v 17.845449093180864 -4.637678557226199 5.417999999999999
v 18.119977038008155 -3.4957481694523858 5.417999999999999
v 18.31691245932921 -2.3388484513399717 5.417999999999999
v 18.435412049435858 -1.171933425092357 5.417999999999999
v 15.47496837489087 0.0 5.417999999999999
v 15.441835279720046 0.9757240374019166 5.417999999999999
v 15.342577875207779 1.9472698746797987 5.417999999999999
v 15.177621196798466 2.9104772034039925 5.417999999999999
v 14.947671614313665 3.861221421918621 5.417999999999999
v 14.653713807168078 4.795431297519096 5.417999999999999
v 14.297006547821125 5.70910640009559 5.417999999999999
v 13.879077311520026 6.598334232588913 5.417999999999999
v 13.401715735416285 7.45930698490359 5.417999999999999
v 12.86696595506466 8.288337839535268 5.417999999999999
v 12.2771178511209 9.081876759089281 5.417999999999999
v 11.634697243721217 9.83652568808579 5.417999999999999
v 10.942455076532703 10.549053103955018 5.417999999999999
v 10.20335563679021 11.216407854913012 5.417999999999999
v 9.420563861763327 11.835732225462012 5.417999999999999
v 8.5974317860091 12.40437417356691 5.417999999999999
v 7.737484187445437 12.91989868710643 5.417999999999999
v 6.844403493710953 13.380098210968828 5.417999999999999
v 5.922014013444454 13.78300210014181 5.417999999999999
v 4.974265560008258 14.126885058317004 5.417999999999999
v 4.005216537780965 14.410274525873637 5.417999999999999
v 3.019016563446862 14.631956985604887 5.417999999999999
v 2.019888696700227 14.790983159184872 5.417999999999999
v 1.0121113564553679 14.886672072124181 5.417999999999999
v 9.475685243608312e-16 14.918613969807181 5.417999999999999
v -1.0121113564553625 14.886672072124181 5.417999999999999
v -2.019888696700222 14.790983159184874 5.417999999999999
v -3.0190165634468564 14.631956985604889 5.417999999999999
v -4.005216537780961 14.410274525873639 5.417999999999999
v -4.974265560008254 14.126885058317006 5.417999999999999
v -5.92201401344445 13.783002100141811 5.417999999999999
v -6.8444034937109475 13.38009821096883 5.417999999999999
v -7.737484187445432 12.919898687106432 5.417999999999999
v -8.597431786009093 12.404374173566914 5.417999999999999
v -9.420563861763322 11.835732225462014 5.417999999999999
v -10.203355636790203 11.216407854913019 5.417999999999999
v -10.9424550765327 10.549053103955018 5.417999999999999
v -11.634697243721215 9.836525688085791 5.417999999999999
v -12.277117851120897 9.081876759089285 5.417999999999999
v -12.866965955064657 8.288337839535274 5.417999999999999
v -13.401715735416282 7.459306984903596 5.417999999999999
v -13.879077311520023 6.598334232588919 5.417999999999999
v -14.297006547821125 5.709106400095592 5.417999999999999
v -14.653713807168076 4.7954312975191 5.417999999999999
v -14.947671614313663 3.861221421918625 5.417999999999999
v -15.177621196798466 2.910477203403998 5.417999999999999
v -15.342577875207779 1.947269874679805 5.417999999999999
v -15.441835279720046 0.9757240374019241 5.417999999999999
v -15.47496837489087 1.827003284583935e-15 5.417999999999999
v -15.441835279720046 -0.9757240374019137 5.417999999999999
v -15.34257787520778 -1.947269874679795 5.417999999999999
v -15.177621196798468 -2.910477203403987 5.417999999999999
v -14.947671614313666 -3.8612214219186147 5.417999999999999
v -14.65371380716808 -4.79543129751909 5.417999999999999
v -14.297006547821129 -5.709106400095582 5.417999999999999
v -13.879077311520026 -6.59833423258891 5.417999999999999
v -13.401715735416287 -7.459306984903586 5.417999999999999
v -12.866965955064664 -8.288337839535265 5.417999999999999
v -12.277117851120902 -9.081876759089278 5.417999999999999
v -11.63469724372122 -9.836525688085784 5.417999999999999
v -10.942455076532708 -10.54905310395501 5.417999999999999
v -10.203355636790212 -11.216407854913012 5.417999999999999
v -9.420563861763329 -11.835732225462008 5.417999999999999
v -8.597431786009107 -12.404374173566906 5.417999999999999
v -7.7374841874454425 -12.919898687106429 5.417999999999999
v -6.844403493710951 -13.380098210968828 5.417999999999999
v -5.922014013444462 -13.783002100141806 5.417999999999999
v -4.97426556000826 -14.126885058317004 5.417999999999999
v -4.005216537780974 -14.410274525873636 5.417999999999999
v -3.019016563446867 -14.631956985604885 5.417999999999999
v -2.019888696700239 -14.79098315918487 5.417999999999999
v -1.0121113564553732 -14.886672072124181 5.417999999999999
v -2.8427055730824933e-15 -14.918613969807181 5.417999999999999
v 1.0121113564553539 -14.886672072124183 5.417999999999999
v 2.01988869670022 -14.790983159184874 5.417999999999999
v 3.019016563446848 -14.63195698560489 5.417999999999999
v 4.005216537780956 -14.41027452587364 5.417999999999999
v 4.974265560008255 -14.126885058317006 5.417999999999999
v 5.922014013444445 -13.783002100141813 5.417999999999999
v 6.844403493710946 -13.38009821096883 5.417999999999999
v 7.737484187445425 -12.919898687106437 5.417999999999999
v 8.597431786009091 -12.404374173566916 5.417999999999999
v 9.420563861763315 -11.835732225462019 5.417999999999999
v 10.203355636790203 -11.216407854913019 5.417999999999999
v 10.942455076532699 -10.54905310395502 5.417999999999999
v 11.63469724372121 -9.836525688085798 5.417999999999999
v 12.277117851120897 -9.081876759089287 5.417999999999999
v 12.866965955064652 -8.288337839535279 5.417999999999999
v 13.40171573541628 -7.459306984903597 5.417999999999999
v 13.879077311520017 -6.598334232588927 5.417999999999999
v 14.297006547821121 -5.709106400095599 5.417999999999999
v 14.653713807168076 -4.795431297519102 5.417999999999999
v 14.947671614313661 -3.861221421918633 5.417999999999999
v 15.177621196798464 -2.910477203403999 5.417999999999999
v 15.342577875207777 -1.9472698746798136 5.417999999999999
v 15.441835279720046 -0.9757240374019258 5.417999999999999
v 18.918078215313773 0.0 6.192
v 18.877573157676682 1.1946362451976056 6.192
v 18.756231433640668 2.384156874589382 6.192
v 18.554572647096766 3.5634681782217448 6.192
v 18.27346033192818 4.727520164041374 6.192
v 17.91409825422561 5.8713281827364785 6.192
v 17.478025257576046 6.989994272770406 6.192
v 16.96710867349829 8.078728134204885 6.192
v 16.383536325242705 9.132867641499791 6.192
v 15.72980715919617 10.14789880745045 6.192
v 15.008720544010034 11.119475112773834 6.192
v 14.223364283273744 12.04343611857145 6.192
v 13.37710139306587 12.91582528196739 6.192
v 12.473555701002917 13.732906898632372 6.192
v 11.51659632845316 14.491182099643192 6.192
v 10.510321122364937 15.187403834176585 6.192
v 9.459039107656888 15.818590773879382 6.192
v 8.367252035311754 16.382040079374192 6.192
v 7.239635105187508 16.875338974232573 6.192
v 6.081016946093851 17.296375076854115 6.192
v 4.896358938862315 17.643345446008762 6.192
v 3.6907339709518663 17.91476430130793 6.192
v 2.4693047135660184 18.10946938554424 6.192
v 1.2373015143021249 18.226626941655336 6.192
v 1.1583981966201643e-15 18.265735282999586 6.192
v -1.2373015143021182 18.226626941655336 6.192
v -2.469304713566012 18.109469385544244 6.192
v -3.6907339709518596 17.91476430130793 6.192
v -4.896358938862308 17.643345446008762 6.192
v -6.081016946093844 17.29637507685412 6.192
v -7.239635105187501 16.875338974232577 6.192
v -8.367252035311747 16.382040079374192 6.192
v -9.459039107656883 15.818590773879386 6.192
v -10.510321122364928 15.187403834176589 6.192
v -11.516596328453154 14.491182099643195 6.192
v -12.47355570100291 13.732906898632379 6.192
v -13.377101393065868 12.91582528196739 6.192
v -14.22336428327374 12.043436118571451 6.192
v -15.008720544010028 11.119475112773841 6.192
v -15.729807159196167 10.147898807450455 6.192
v -16.3835363252427 9.132867641499798 6.192
v -16.967108673498288 8.078728134204892 6.192
v -17.478025257576046 6.989994272770408 6.192
v -17.914098254225607 5.871328182736483 6.192
v -18.273460331928177 4.727520164041379 6.192
v -18.554572647096766 3.5634681782217514 6.192
v -18.756231433640668 2.3841568745893897 6.192
v -18.877573157676682 1.1946362451976147 6.192
v -18.918078215313773 2.2369074248398316e-15 6.192
v -18.877573157676682 -1.194636245197602 6.192
v -18.756231433640668 -2.3841568745893773 6.192
v -18.554572647096766 -3.5634681782217386 6.192
v -18.27346033192818 -4.727520164041367 6.192
v -17.91409825422561 -5.8713281827364705 6.192
v -17.47802525757605 -6.989994272770396 6.192
v -16.96710867349829 -8.078728134204882 6.192
v -16.383536325242705 -9.132867641499788 6.192
v -15.729807159196174 -10.147898807450446 6.192
v -15.008720544010036 -11.11947511277383 6.192
v -14.22336428327375 -12.043436118571442 6.192
v -13.377101393065875 -12.915825281967381 6.192
v -12.473555701002919 -13.732906898632372 6.192
v -11.516596328453165 -14.491182099643186 6.192
v -10.510321122364948 -15.187403834176578 6.192
v -9.459039107656896 -15.81859077387938 6.192
v -8.367252035311752 -16.382040079374192 6.192
v -7.239635105187517 -16.87533897423257 6.192
v -6.081016946093853 -17.296375076854115 6.192
v -4.896358938862325 -17.64334544600876 6.192
v -3.690733970951873 -17.914764301307926 6.192
v -2.469304713566033 -18.10946938554424 6.192
v -1.2373015143021315 -18.226626941655336 6.192
v -3.4751945898604926e-15 -18.265735282999586 6.192
v 1.2373015143021078 -18.226626941655336 6.192
v 2.46930471356601 -18.109469385544244 6.192
v 3.690733970951849 -17.914764301307933 6.192
v 4.896358938862302 -17.643345446008766 6.192
v 6.081016946093847 -17.29637507685412 6.192
v 7.239635105187495 -16.875338974232577 6.192
v 8.367252035311745 -16.382040079374192 6.192
v 9.459039107656874 -15.818590773879391 6.192
v 10.510321122364926 -15.18740383417659 6.192
v 11.516596328453145 -14.4911820996432 6.192
v 12.473555701002907 -13.732906898632379 6.192
v 13.377101393065864 -12.915825281967392 6.192
v 14.223364283273735 -12.043436118571458 6.192
v 15.008720544010027 -11.119475112773843 6.192
v 15.72980715919616 -10.147898807450463 6.192
v 16.383536325242698 -9.132867641499802 6.192
v 16.96710867349828 -8.078728134204901 6.192
v 17.478025257576043 -6.989994272770417 6.192
v 17.914098254225607 -5.871328182736485 6.192
v 18.273460331928174 -4.7275201640413895 6.192
v 18.554572647096762 -3.563468178221753 6.192
v 18.756231433640664 -2.3841568745894004 6.192
v 18.877573157676682 -1.194636245197617 6.192
v 15.918078215313773 0.0 6.192
v 15.883996387960872 0.9984268575071764 6.192
v 15.781896849519235 1.992578297929227 6.192
v 15.612216805887073 2.9781972121733595 6.192
v 15.375682853060974 3.9510630287338118 6.192
v 15.073307865740292 4.907009786826993 6.192
v 14.706386660042186 5.841943975675136 6.192
v 14.276490448900228 6.751862063547881 6.192
v 13.785460113889387 7.632867641499791 6.192
v 13.235398322288534 8.481188108391642 6.192
v 12.628660523136327 9.293190825747672 6.192
v 11.967844860836811 10.065398673271241 6.192
v 11.255781049506226 10.794504938407746 6.192
v 10.495518255702711 11.477387476195437 6.192
v 9.690312041427 12.111122078769483 6.192
v 8.84361042330613 12.692994997268949 6.192
v 7.9590391076568885 13.220514562526066 6.192
v 7.0403859646547495 13.691421854776125 6.192
v 6.091584808092239 14.103700376698711 6.192
v 5.116698550184366 14.455584688368798 6.192
v 4.119901803554752 14.745567967141556 6.192
v 3.1054630049034815 14.972408460098235 6.192
v 2.0777261369058633 15.135134801422808 6.192
v 1.041092126611695 15.233050171939523 6.192
v 9.747011767480614e-16 15.265735282999584 6.192
v -1.0410921266116895 15.233050171939523 6.192
v -2.077726136905858 15.13513480142281 6.192
v -3.1054630049034757 14.972408460098237 6.192
v -4.119901803554747 14.745567967141557 6.192
v -5.116698550184361 14.4555846883688 6.192
v -6.091584808092233 14.103700376698713 6.192
v -7.040385964654744 13.691421854776127 6.192
v -7.959039107656883 13.220514562526068 6.192
v -8.843610423306123 12.69299499726895 6.192
v -9.690312041426994 12.111122078769487 6.192
v -10.495518255702704 11.477387476195444 6.192
v -11.255781049506224 10.794504938407746 6.192
v -11.96784486083681 10.065398673271243 6.192
v -12.628660523136324 9.293190825747677 6.192
v -13.23539832228853 8.481188108391647 6.192
v -13.785460113889384 7.632867641499797 6.192
v -14.276490448900224 6.751862063547887 6.192
v -14.706386660042186 5.841943975675138 6.192
v -15.07330786574029 4.907009786826997 6.192
v -15.375682853060972 3.9510630287338158 6.192
v -15.612216805887073 2.978197212173365 6.192
v -15.781896849519235 1.9925782979292335 6.192
v -15.883996387960872 0.998426857507184 6.192
v -15.918078215313773 1.8695133850956254e-15 6.192
v -15.883996387960872 -0.9984268575071734 6.192
v -15.781896849519237 -1.9925782979292233 6.192
v -15.612216805887074 -2.9781972121733546 6.192
v -15.375682853060976 -3.9510630287338055 6.192
v -15.073307865740293 -4.907009786826987 6.192
v -14.70638666004219 -5.841943975675128 6.192
v -14.276490448900228 -6.751862063547878 6.192
v -13.785460113889389 -7.632867641499788 6.192
v -13.235398322288537 -8.481188108391638 6.192
v -12.628660523136329 -9.293190825747669 6.192
v -11.967844860836816 -10.065398673271236 6.192
v -11.255781049506231 -10.794504938407739 6.192
v -10.495518255702713 -11.477387476195437 6.192
v -9.690312041427003 -12.111122078769482 6.192
v -8.843610423306139 -12.692994997268944 6.192
v -7.959039107656894 -13.220514562526064 6.192
v -7.040385964654748 -13.691421854776125 6.192
v -6.091584808092247 -14.103700376698708 6.192
v -5.116698550184368 -14.455584688368798 6.192
v -4.119901803554761 -14.745567967141554 6.192
v -3.105463004903487 -14.972408460098233 6.192
v -2.0777261369058757 -15.135134801422806 6.192
v -1.0410921266117006 -15.233050171939523 6.192
v -2.9241035302441837e-15 -15.265735282999584 6.192
v 1.0410921266116806 -15.233050171939524 6.192
v 2.077726136905856 -15.13513480142281 6.192
v 3.105463004903467 -14.972408460098238 6.192
v 4.1199018035547414 -14.74556796714156 6.192
v 5.1166985501843625 -14.4555846883688 6.192
v 6.091584808092228 -14.103700376698715 6.192
v 7.040385964654742 -13.691421854776127 6.192
v 7.959039107656876 -13.220514562526073 6.192
v 8.84361042330612 -12.692994997268952 6.192
v 9.690312041426987 -12.111122078769492 6.192
v 10.495518255702702 -11.477387476195444 6.192
v 11.255781049506222 -10.794504938407748 6.192
v 11.967844860836804 -10.065398673271249 6.192
v 12.628660523136322 -9.29319082574768 6.192
v 13.235398322288525 -8.481188108391652 6.192
v 13.785460113889382 -7.632867641499799 6.192
v 14.27649044890022 -6.751862063547895 6.192
v 14.706386660042183 -5.841943975675146 6.192
v 15.07330786574029 -4.907009786826999 6.192
v 15.37568285306097 -3.951063028733824 6.192
v 15.612216805887071 -2.9781972121733666 6.192
v 15.781896849519233 -1.9925782979292423 6.192
v 15.883996387960872 -0.9984268575071856 6.192
v 19.373876051338538 0.0 6.966
v 19.33239509554684 1.2178673069172707 6.966
v 19.208129855992723 2.4305195190559314 6.966
v 19.0016124555095 3.6327638734738494 6.966
v 18.713727233311168 4.819452175273496 6.966
v 18.34570695811613 5.985502842962863 6.966
v 17.899127549242262 7.125922668567551 6.966
v 17.37590132827849 8.23582819931388 6.966
v 16.778268830230125 9.310466649323399 6.966
v 16.10878920920402 10.345236251771672 6.966
v 15.370329279717797 11.335705964360296 6.966
v 14.566051240559936 12.277634443720288 6.966
v 13.699399133769134 13.16698820749554 6.966
v 12.774084096717514 13.999958906333488 6.966
v 11.794068470450679 14.772979631821727 6.966
v 10.763548832335045 15.482740190537408 6.966
v 9.68693802566927 16.126201278803695 6.966
v 8.568846263211801 16.70060749745468 6.966
v 7.414061385542045 17.203499150877658 6.966
v 6.227528358791989 17.632722779807338 6.966
v 5.014328099542039 17.986440382769036 6.966
v 3.7796557175561922 18.263137286683154 6.966
v 2.5287982695244704 18.461628632927848 6.966
v 1.2671121190744723 18.581064451085552 6.966
v 1.1863077646674651e-15 18.6209332986468 6.966
v -1.2671121190744654 18.581064451085552 6.966
v -2.528798269524464 18.461628632927848 6.966
v -3.779655717556185 18.263137286683154 6.966
v -5.014328099542033 17.986440382769036 6.966
v -6.227528358791983 17.63272277980734 6.966
v -7.4140613855420385 17.20349915087766 6.966
v -8.568846263211796 16.700607497454683 6.966
v -9.686938025669265 16.126201278803695 6.966
v -10.763548832335037 15.482740190537411 6.966
v -11.794068470450672 14.772979631821732 6.966
v -12.774084096717505 13.999958906333497 6.966
v -13.699399133769132 13.16698820749554 6.966
v -14.566051240559934 12.27763444372029 6.966
v -15.370329279717792 11.3357059643603 6.966
v -16.108789209204016 10.345236251771679 6.966
v -16.77826883023012 9.310466649323406 6.966
v -17.375901328278484 8.235828199313888 6.966
v -17.899127549242262 7.125922668567553 6.966
v -18.345706958116125 5.985502842962868 6.966
v -18.713727233311168 4.819452175273502 6.966
v -19.0016124555095 3.632763873473856 6.966
v -19.208129855992723 2.430519519055939 6.966
v -19.33239509554684 1.21786730691728 6.966
v -19.373876051338538 2.280406636132417e-15 6.966
v -19.33239509554684 -1.2178673069172672 6.966
v -19.208129855992723 -2.4305195190559266 6.966
v -19.001612455509502 -3.632763873473843 6.966
v -18.71372723331117 -4.819452175273489 6.966
v -18.345706958116132 -5.985502842962855 6.966
v -17.899127549242266 -7.125922668567541 6.966
v -17.37590132827849 -8.235828199313877 6.966
v -16.778268830230125 -9.310466649323395 6.966
v -16.108789209204023 -10.345236251771668 6.966
v -15.370329279717799 -11.33570596436029 6.966
v -14.566051240559943 -12.277634443720283 6.966
v -13.699399133769141 -13.166988207495532 6.966
v -12.774084096717516 -13.999958906333488 6.966
v -11.794068470450682 -14.772979631821723 6.966
v -10.763548832335056 -15.482740190537402 6.966
v -9.686938025669278 -16.12620127880369 6.966
v -8.5688462632118 -16.70060749745468 6.966
v -7.4140613855420545 -17.203499150877654 6.966
v -6.227528358791991 -17.632722779807338 6.966
v -5.014328099542051 -17.986440382769032 6.966
v -3.7796557175561984 -18.26313728668315 6.966
v -2.5287982695244855 -18.461628632927845 6.966
v -1.267112119074479 -18.581064451085552 6.966
v -3.5589232940023955e-15 -18.6209332986468 6.966
v 1.2671121190744548 -18.581064451085556 6.966
v 2.528798269524462 -18.461628632927848 6.966
v 3.7796557175561745 -18.263137286683158 6.966
v 5.014328099542027 -17.98644038276904 6.966
v 6.227528358791985 -17.63272277980734 6.966
v 7.414061385542032 -17.20349915087766 6.966
v 8.568846263211793 -16.700607497454683 6.966
v 9.686938025669257 -16.126201278803702 6.966
v 10.763548832335035 -15.482740190537415 6.966
v 11.794068470450664 -14.772979631821737 6.966
v 12.774084096717504 -13.999958906333497 6.966
v 13.699399133769129 -13.166988207495542 6.966
v 14.56605124055993 -12.277634443720299 6.966
v 15.37032927971779 -11.335705964360303 6.966
v 16.10878920920401 -10.345236251771686 6.966
v 16.778268830230118 -9.31046664932341 6.966
v 17.37590132827848 -8.235828199313897 6.966
v 17.89912754924226 -7.125922668567562 6.966
v 18.345706958116125 -5.98550284296287 6.966
v 18.713727233311165 -4.819452175273512 6.966
v 19.0016124555095 -3.6327638734738583 6.966
v 19.20812985599272 -2.43051951905595 6.966
v 19.33239509554684 -1.2178673069172823 6.966
v 16.373876051338538 0.0 6.966
v 16.33881832583103 1.0216579192268416 6.966
v 16.23379527187129 2.0389409423957767 6.966
v 16.05925661429981 3.0474929074254646 6.966
v 15.815949754443965 4.042995039965934 6.966
v 15.504916569630812 5.021184447053379 6.966
v 15.127488951708402 5.977872371472282 6.966
v 14.685283103680424 6.908962128656876 6.966
v 14.180192618876807 7.810466649323399 6.966
v 13.614380372296385 8.678525552712866 6.966
v 12.99026925884409 9.509421677334133 6.966
v 12.310531818123005 10.299596998420082 6.966
v 11.57807879020949 11.045667863935899 6.966
v 10.796046651417306 11.744439483896556 6.966
v 9.967784183424516 12.392919610948022 6.966
v 9.096838133276238 12.988331353629773 6.966
v 8.18693802566927 13.528125067450377 6.966
v 7.241980192554798 14.009989272856615 6.966
v 6.266011088446776 14.431860553343798 6.966
v 5.263209962882504 14.791932391322021 6.966
v 4.237870964234477 15.088662903901831 6.966
v 3.194384751507807 15.320781445473461 6.966
v 2.1372196928643152 15.487294048806415 6.966
v 1.0709027313840425 15.587487681369742 6.966
v 1.0026107447953622e-15 15.6209332986468 6.966
v -1.0709027313840367 15.587487681369742 6.966
v -2.13721969286431 15.487294048806417 6.966
v -3.194384751507801 15.320781445473463 6.966
v -4.237870964234472 15.088662903901833 6.966
v -5.263209962882499 14.791932391322023 6.966
v -6.266011088446771 14.4318605533438 6.966
v -7.241980192554792 14.009989272856616 6.966
v -8.186938025669265 13.528125067450379 6.966
v -9.096838133276231 12.988331353629777 6.966
v -9.967784183424511 12.392919610948026 6.966
v -10.7960466514173 11.744439483896564 6.966
v -11.578078790209489 11.045667863935899 6.966
v -12.310531818123003 10.299596998420084 6.966
v -12.990269258844087 9.509421677334139 6.966
v -13.614380372296381 8.678525552712872 6.966
v -14.180192618876804 7.810466649323406 6.966
v -14.68528310368042 6.908962128656883 6.966
v -15.127488951708402 5.977872371472284 6.966
v -15.50491656963081 5.021184447053383 6.966
v -15.815949754443963 4.0429950399659385 6.966
v -16.05925661429981 3.0474929074254704 6.966
v -16.23379527187129 2.038940942395783 6.966
v -16.33881832583103 1.0216579192268493 6.966
v -16.373876051338538 1.913012596388211e-15 6.966
v -16.33881832583103 -1.0216579192268387 6.966
v -16.23379527187129 -2.0389409423957727 6.966
v -16.05925661429981 -3.0474929074254598 6.966
v -15.815949754443967 -4.042995039965929 6.966
v -15.504916569630813 -5.021184447053372 6.966
v -15.127488951708406 -5.977872371472273 6.966
v -14.685283103680424 -6.908962128656873 6.966
v -14.18019261887681 -7.810466649323396 6.966
v -13.614380372296388 -8.678525552712863 6.966
v -12.990269258844092 -9.50942167733413 6.966
v -12.31053181812301 -10.299596998420077 6.966
v -11.578078790209497 -11.045667863935892 6.966
v -10.796046651417308 -11.744439483896556 6.966
v -9.96778418342452 -12.392919610948018 6.966
v -9.096838133276249 -12.988331353629768 6.966
v -8.186938025669276 -13.528125067450375 6.966
v -7.241980192554796 -14.009989272856615 6.966
v -6.266011088446784 -14.431860553343794 6.966
v -5.263209962882506 -14.791932391322021 6.966
v -4.237870964234486 -15.08866290390183 6.966
v -3.1943847515078128 -15.32078144547346 6.966
v -2.137219692864328 -15.487294048806413 6.966
v -1.070902731384048 -15.587487681369742 6.966
v -3.007832234386086e-15 -15.6209332986468 6.966
v 1.0709027313840276 -15.587487681369744 6.966
v 2.137219692864308 -15.487294048806417 6.966
v 3.1943847515077923 -15.320781445473465 6.966
v 4.237870964234466 -15.088662903901835 6.966
v 5.263209962882501 -14.791932391322023 6.966
v 6.266011088446764 -14.431860553343801 6.966
v 7.241980192554791 -14.009989272856616 6.966
v 8.186938025669258 -13.528125067450384 6.966
v 9.09683813327623 -12.988331353629778 6.966
v 9.967784183424504 -12.39291961094803 6.966
v 10.796046651417297 -11.744439483896564 6.966
v 11.578078790209487 -11.0456678639359 6.966
v 12.310531818122998 -10.29959699842009 6.966
v 12.990269258844085 -9.50942167733414 6.966
v 13.614380372296376 -8.678525552712879 6.966
v 14.180192618876802 -7.810466649323407 6.966
v 14.685283103680415 -6.908962128656891 6.966
v 15.127488951708399 -5.977872371472292 6.966
v 15.50491656963081 -5.021184447053384 6.966
v 15.815949754443961 -4.042995039965947 6.966
v 16.059256614299805 -3.047492907425472 6.966
v 16.233795271871287 -2.0389409423957923 6.966
v 16.33881832583103 -1.0216579192268511 6.966
v 19.84272519069997 0.0 7.74
v 19.800240392911384 1.2416389012003035 7.74
v 19.672967925972145 2.477960914005795 7.74
v 19.461452790124913 3.7036719177540336 7.74
v 19.16660072565378 4.913523229752393 7.74
v 18.78967433436532 6.102334080943141 7.74
v 18.33228767293382 7.265013800751921 7.74
v 17.796399341262816 8.39658361612067 7.74
v 17.184304095459595 9.492197971378221 7.74
v 16.498623021337252 10.547165277653589 7.74
v 15.74229231052286 11.55696800297977 7.74
v 14.91855068723412 12.51728201705919 7.74
v 14.030925539565079 13.423995107853465 7.74
v 13.083217814668743 14.273224590706684 7.74
v 12.079485742517852 15.061333934597199 7.74
v 11.024027457941116 15.784948334321713 7.74
v 9.921362595349986 16.44096916192931 7.74
v 8.776212934970276 17.02658723552202 7.74
v 7.593482183454296 17.539294848602996 7.74
v 6.378234975456175 17.97689650846072 7.74
v 5.135675186088704 18.337518337605854 7.74
v 3.8711236471311983 18.619616098002332 7.74
v 2.5899953624109666 18.821981803731692 7.74
v 1.2977763199255694 18.94374889377426 7.74
v 1.2150164945575636e-15 18.984395942756446 7.74
v -1.2977763199255625 18.94374889377426 7.74
v -2.58999536241096 18.821981803731695 7.74
v -3.871123647131191 18.619616098002332 7.74
v -5.135675186088697 18.337518337605857 7.74
v -6.378234975456169 17.976896508460722 7.74
v -7.59348218345429 17.539294848602996 7.74
v -8.77621293497027 17.02658723552202 7.74
v -9.921362595349981 16.44096916192931 7.74
v -11.024027457941107 15.784948334321717 7.74
v -12.079485742517846 15.061333934597203 7.74
v -13.083217814668734 14.273224590706691 7.74
v -14.030925539565077 13.423995107853465 7.74
v -14.918550687234118 12.517282017059191 7.74
v -15.742292310522854 11.556968002979778 7.74
v -16.49862302133725 10.547165277653596 7.74
v -17.18430409545959 9.49219797137823 7.74
v -17.796399341262813 8.396583616120678 7.74
v -18.33228767293382 7.265013800751923 7.74
v -18.789674334365316 6.1023340809431454 7.74
v -19.166600725653776 4.913523229752398 7.74
v -19.461452790124913 3.7036719177540407 7.74
v -19.672967925972145 2.477960914005803 7.74
v -19.800240392911384 1.241638901200313 7.74
v -19.84272519069997 2.324917972504268e-15 7.74
v -19.800240392911384 -1.2416389012002997 7.74
v -19.67296792597215 -2.4779609140057905 7.74
v -19.461452790124916 -3.7036719177540274 7.74
v -19.16660072565378 -4.913523229752385 7.74
v -18.78967433436532 -6.102334080943133 7.74
v -18.332287672933823 -7.265013800751911 7.74
v -17.796399341262816 -8.396583616120667 7.74
v -17.184304095459595 -9.492197971378218 7.74
v -16.498623021337256 -10.547165277653585 7.74
v -15.742292310522862 -11.556968002979767 7.74
v -14.918550687234127 -12.517282017059182 7.74
v -14.030925539565086 -13.423995107853456 7.74
v -13.083217814668744 -14.273224590706684 7.74
v -12.079485742517857 -15.061333934597195 7.74
v -11.024027457941127 -15.784948334321706 7.74
v -9.921362595349994 -16.440969161929306 7.74
v -8.776212934970273 -17.02658723552202 7.74
v -7.593482183454306 -17.53929484860299 7.74
v -6.378234975456178 -17.97689650846072 7.74
v -5.135675186088715 -18.337518337605854 7.74
v -3.871123647131205 -18.61961609800233 7.74
v -2.5899953624109817 -18.821981803731692 7.74
v -1.2977763199255763 -18.94374889377426 7.74
v -3.645049483672691e-15 -18.984395942756446 7.74
v 1.2977763199255514 -18.943748893774263 7.74
v 2.5899953624109577 -18.821981803731695 7.74
v 3.8711236471311805 -18.619616098002336 7.74
v 5.135675186088691 -18.337518337605857 7.74
v 6.378234975456171 -17.976896508460722 7.74
v 7.593482183454283 -17.539294848603 7.74
v 8.776212934970268 -17.02658723552202 7.74
v 9.921362595349972 -16.440969161929317 7.74
v 11.024027457941106 -15.784948334321719 7.74
v 12.079485742517837 -15.06133393459721 7.74
v 13.083217814668732 -14.273224590706691 7.74
v 14.030925539565073 -13.423995107853466 7.74
v 14.918550687234111 -12.5172820170592 7.74
v 15.742292310522853 -11.55696800297978 7.74
v 16.49862302133724 -10.547165277653605 7.74
v 17.184304095459588 -9.492197971378232 7.74
v 17.796399341262806 -8.396583616120688 7.74
v 18.332287672933816 -7.265013800751933 7.74
v 18.789674334365316 -6.102334080943147 7.74
v 19.166600725653772 -4.913523229752408 7.74
v 19.461452790124913 -3.7036719177540425 7.74
v 19.672967925972145 -2.477960914005814 7.74
v 19.800240392911384 -1.241638901200315 7.74
v 16.84272519069997 0.0 7.74
v 16.806663623195575 1.0454295135098743 7.74
v 16.698633341850716 2.0863823373456403 7.74
v 16.519096948915223 3.118400951705649 7.74
v 16.268823246786575 4.1370660944448305 7.74
v 15.94888394588 5.138015685033657 7.74
v 15.56064907539996 6.116963503656652 7.74
v 15.105781116664753 7.069717545463666 7.74
v 14.586227884106279 7.992197971378222 7.74
v 14.004214184429616 8.880454578594783 7.74
v 13.362232289649153 9.730683715953608 7.74
v 12.663031264797187 10.539244571758983 7.74
v 11.909605196005437 11.30267476429382 7.74
v 11.105180369368536 12.017705168269751 7.74
v 10.253201455491691 12.681273913723494 7.74
v 9.357316758882309 13.290539497414077 7.74
v 8.421362595349986 13.842892950575994 7.74
v 7.449346864313271 14.335969010923954 7.74
v 6.445431886359026 14.767656251069134 7.74
v 5.41391657954669 15.136106119975402 7.74
v 4.359218050781141 15.43974085873865 7.74
v 3.2858526810828135 15.677260256792641 7.74
v 2.1984167857508115 15.847647219610263 7.74
v 1.1015669322351396 15.950172124058449 7.74
v 1.0313194746854605e-15 15.984395942756446 7.74
v -1.1015669322351338 15.950172124058449 7.74
v -2.1984167857508057 15.847647219610264 7.74
v -3.2858526810828073 15.677260256792643 7.74
v -4.359218050781136 15.439740858738652 7.74
v -5.413916579546685 15.136106119975404 7.74
v -6.445431886359021 14.767656251069136 7.74
v -7.449346864313266 14.335969010923955 7.74
v -8.421362595349981 13.842892950575996 7.74
v -9.357316758882302 13.29053949741408 7.74
v -10.253201455491684 12.681273913723498 7.74
v -11.105180369368528 12.017705168269758 7.74
v -11.909605196005433 11.30267476429382 7.74
v -12.663031264797185 10.539244571758985 7.74
v -13.36223228964915 9.730683715953614 7.74
v -14.004214184429612 8.880454578594788 7.74
v -14.586227884106275 7.9921979713782285 7.74
v -15.10578111666475 7.069717545463673 7.74
v -15.56064907539996 6.116963503656653 7.74
v -15.948883945879999 5.13801568503366 7.74
v -16.26882324678657 4.137066094444835 7.74
v -16.519096948915223 3.1184009517056546 7.74
v -16.698633341850716 2.086382337345647 7.74
v -16.806663623195575 1.0454295135098823 7.74
v -16.84272519069997 1.957523932760062e-15 7.74
v -16.806663623195575 -1.0454295135098712 7.74
v -16.698633341850716 -2.0863823373456363 7.74
v -16.519096948915223 -3.1184009517056435 7.74
v -16.268823246786575 -4.137066094444824 7.74
v -15.948883945880002 -5.13801568503365 7.74
v -15.560649075399963 -6.116963503656643 7.74
v -15.105781116664753 -7.069717545463663 7.74
v -14.58622788410628 -7.992197971378219 7.74
v -14.00421418442962 -8.88045457859478 7.74
v -13.362232289649155 -9.730683715953605 7.74
v -12.663031264797192 -10.539244571758978 7.74
v -11.909605196005442 -11.302674764293814 7.74
v -11.105180369368538 -12.017705168269751 7.74
v -10.253201455491695 -12.68127391372349 7.74
v -9.357316758882318 -13.290539497414072 7.74
v -8.421362595349992 -13.842892950575992 7.74
v -7.449346864313269 -14.335969010923954 7.74
v -6.445431886359035 -14.76765625106913 7.74
v -5.413916579546692 -15.136106119975402 7.74
v -4.359218050781151 -15.439740858738649 7.74
v -3.2858526810828192 -15.67726025679264 7.74
v -2.1984167857508243 -15.847647219610261 7.74
v -1.1015669322351453 -15.950172124058449 7.74
v -3.0939584240563817e-15 -15.984395942756446 7.74
v 1.1015669322351243 -15.95017212405845 7.74
v 2.198416785750804 -15.847647219610264 7.74
v 3.285852681082798 -15.677260256792644 7.74
v 4.35921805078113 -15.439740858738654 7.74
v 5.413916579546687 -15.136106119975404 7.74
v 6.445431886359016 -14.767656251069138 7.74
v 7.449346864313264 -14.335969010923955 7.74
v 8.421362595349974 -13.842892950576001 7.74
v 9.3573167588823 -13.290539497414082 7.74
v 10.253201455491677 -12.681273913723503 7.74
v 11.105180369368526 -12.017705168269758 7.74
v 11.909605196005431 -11.302674764293823 7.74
v 12.66303126479718 -10.539244571758992 7.74
v 13.362232289649148 -9.730683715953615 7.74
v 14.004214184429607 -8.880454578594795 7.74
v 14.586227884106274 -7.99219797137823 7.74
v 15.105781116664744 -7.069717545463681 7.74
v 15.560649075399956 -6.116963503656661 7.74
v 15.948883945879999 -5.138015685033662 7.74
v 16.26882324678657 -4.137066094444844 7.74
v 16.51909694891522 -3.1184009517056563 7.74
v 16.698633341850712 -2.0863823373456563 7.74
v 16.806663623195575 -1.0454295135098841 7.74
v 20.324999344077064 0.0 8.514000000000001
v 20.28148196030606 1.2659636049773482 8.514000000000001
v 20.15111615711127 2.5265061594439144 8.514000000000001
v 19.934460180876098 3.7762298266594603 8.514000000000001
v 19.63244178575241 5.0097830980199 8.514000000000001
v 19.24635426087483 6.221883709038725 8.514000000000001
v 18.777850892298126 7.407341258814483 8.514000000000001
v 18.228937883372488 8.561079436124277 8.514000000000001
v 17.60196576387279 9.67815775696776 8.514000000000001
v 16.899619324669242 10.7537927204781 8.514000000000001
v 16.124906121040706 11.783378292607056 8.514000000000001
v 15.281143593861241 12.762505629869926 8.514000000000001
v 14.371944863809023 13.686981958690183 8.514000000000001
v 13.401203259428858 14.552848529499625 8.514000000000001
v 12.373075645301663 15.356397568711804 8.514000000000001
v 11.291964621712161 16.094188155977708 8.514000000000001
v 10.162499672038534 16.763060958735004 8.514000000000001
v 8.989517338593908 17.36015176095506 8.514000000000001
v 7.7780405118096105 17.882903728155718 8.514000000000001
v 6.533256921447244 18.329078356159087 8.514000000000001
v 5.260496921943391 18.69676505671008 8.514000000000001
v 3.9652106670135914 18.984389338908652 8.514000000000001
v 2.652944771257428 19.19071955142154 8.514000000000001
v 1.3293185587032494 19.314872156602377 8.514000000000001
v 1.2445472694698014e-15 19.356315513935524 8.514000000000001
v -1.3293185587032423 19.314872156602377 8.514000000000001
v -2.6529447712574212 19.190719551421545 8.514000000000001
v -3.9652106670135843 18.984389338908656 8.514000000000001
v -5.260496921943384 18.69676505671008 8.514000000000001
v -6.5332569214472365 18.329078356159087 8.514000000000001
v -7.778040511809603 17.88290372815572 8.514000000000001
v -8.989517338593902 17.360151760955063 8.514000000000001
v -10.162499672038527 16.763060958735007 8.514000000000001
v -11.291964621712152 16.094188155977715 8.514000000000001
v -12.373075645301656 15.356397568711808 8.514000000000001
v -13.401203259428849 14.552848529499634 8.514000000000001
v -14.371944863809022 13.686981958690183 8.514000000000001
v -15.28114359386124 12.762505629869928 8.514000000000001
v -16.1249061210407 11.783378292607063 8.514000000000001
v -16.89961932466924 10.753792720478106 8.514000000000001
v -17.601965763872787 9.678157756967769 8.514000000000001
v -18.228937883372485 8.561079436124285 8.514000000000001
v -18.777850892298126 7.407341258814485 8.514000000000001
v -19.24635426087483 6.221883709038729 8.514000000000001
v -19.632441785752405 5.009783098019906 8.514000000000001
v -19.934460180876098 3.7762298266594674 8.514000000000001
v -20.15111615711127 2.5265061594439224 8.514000000000001
v -20.28148196030606 1.2659636049773577 8.514000000000001
v -20.324999344077064 2.3704649837427393e-15 8.514000000000001
v -20.28148196030606 -1.2659636049773444 8.514000000000001
v -20.151116157111275 -2.5265061594439095 8.514000000000001
v -19.9344601808761 -3.776229826659454 8.514000000000001
v -19.632441785752412 -5.009783098019892 8.514000000000001
v -19.246354260874835 -6.221883709038717 8.514000000000001
v -18.777850892298133 -7.407341258814473 8.514000000000001
v -18.228937883372488 -8.561079436124274 8.514000000000001
v -17.601965763872794 -9.678157756967757 8.514000000000001
v -16.899619324669246 -10.753792720478096 8.514000000000001
v -16.124906121040706 -11.783378292607052 8.514000000000001
v -15.281143593861248 -12.762505629869919 8.514000000000001
v -14.37194486380903 -13.686981958690174 8.514000000000001
v -13.401203259428861 -14.552848529499625 8.514000000000001
v -12.373075645301668 -15.3563975687118 8.514000000000001
v -11.291964621712172 -16.094188155977704 8.514000000000001
v -10.16249967203854 -16.763060958735004 8.514000000000001
v -8.989517338593906 -17.36015176095506 8.514000000000001
v -7.77804051180962 -17.882903728155714 8.514000000000001
v -6.533256921447246 -18.329078356159087 8.514000000000001
v -5.2604969219434015 -18.696765056710078 8.514000000000001
v -3.9652106670135985 -18.98438933890865 8.514000000000001
v -2.6529447712574434 -19.190719551421537 8.514000000000001
v -1.3293185587032565 -19.314872156602377 8.514000000000001
v -3.733641808409404e-15 -19.356315513935524 8.514000000000001
v 1.329318558703231 -19.31487215660238 8.514000000000001
v 2.6529447712574186 -19.190719551421545 8.514000000000001
v 3.9652106670135727 -18.984389338908656 8.514000000000001
v 5.260496921943377 -18.696765056710085 8.514000000000001
v 6.533256921447239 -18.329078356159087 8.514000000000001
v 7.778040511809597 -17.88290372815572 8.514000000000001
v 8.989517338593899 -17.360151760955063 8.514000000000001
v 10.162499672038518 -16.763060958735014 8.514000000000001
v 11.291964621712149 -16.094188155977715 8.514000000000001
v 12.373075645301647 -15.356397568711815 8.514000000000001
v 13.401203259428847 -14.552848529499634 8.514000000000001
v 14.371944863809018 -13.686981958690184 8.514000000000001
v 15.281143593861232 -12.762505629869937 8.514000000000001
v 16.1249061210407 -11.783378292607065 8.514000000000001
v 16.89961932466923 -10.753792720478115 8.514000000000001
v 17.601965763872784 -9.67815775696777 8.514000000000001
v 18.228937883372478 -8.561079436124295 8.514000000000001
v 18.777850892298122 -7.407341258814495 8.514000000000001
v 19.24635426087483 -6.221883709038732 8.514000000000001
v 19.632441785752405 -5.009783098019916 8.514000000000001
v 19.934460180876094 -3.7762298266594696 8.514000000000001
v 20.151116157111268 -2.526506159443934 8.514000000000001
v 20.28148196030606 -1.26596360497736 8.514000000000001
v 17.324999344077064 0.0 8.514000000000001
v 17.28790519059025 1.069754217286919 8.514000000000001
v 17.17678157298984 2.1349275827837597 8.514000000000001
v 16.992104339666405 3.1909588606110755 8.514000000000001
v 16.734664306885204 4.233325962712338 8.514000000000001
v 16.405563872389514 5.25756531312924 8.514000000000001
v 16.006212294764268 6.259290961719214 8.514000000000001
v 15.538319658774425 7.234213365467273 8.514000000000001
v 15.003889552519475 8.17815775696776 8.514000000000001
v 14.405210487761607 9.087082021419294 8.514000000000001
v 13.744846100166999 9.957094005580895 8.514000000000001
v 13.02562417142431 10.78446818456972 8.514000000000001
v 12.25062452024938 11.56566161513054 8.514000000000001
v 11.423165814128652 12.297329107062694 8.514000000000001
v 10.5467913582755 12.9763375478381 8.514000000000001
v 9.625253922653354 13.599779319070073 8.514000000000001
v 8.662499672038534 14.16498474738169 8.514000000000001
v 7.662651267936904 14.669533536356994 8.514000000000001
v 6.629990214714341 15.111265130621858 8.514000000000001
v 5.568938525537758 15.48828796767377 8.514000000000001
v 4.484039786635828 15.798987577842876 8.514000000000001
v 3.3799397009652066 16.04203349769896 8.514000000000001
v 2.2613661945972727 16.216384967300108 8.514000000000001
v 1.1331091710128196 16.32129538688657 8.514000000000001
v 1.0608502495976985e-15 16.356315513935524 8.514000000000001
v -1.1331091710128136 16.32129538688657 8.514000000000001
v -2.261366194597267 16.21638496730011 8.514000000000001
v -3.3799397009652004 16.042033497698963 8.514000000000001
v -4.4840397866358215 15.798987577842878 8.514000000000001
v -5.568938525537753 15.488287967673772 8.514000000000001
v -6.6299902147143355 15.11126513062186 8.514000000000001
v -7.662651267936898 14.669533536356996 8.514000000000001
v -8.662499672038528 14.164984747381691 8.514000000000001
v -9.625253922653345 13.599779319070079 8.514000000000001
v -10.546791358275495 12.976337547838103 8.514000000000001
v -11.423165814128645 12.297329107062701 8.514000000000001
v -12.250624520249378 11.56566161513054 8.514000000000001
v -13.025624171424306 10.784468184569722 8.514000000000001
v -13.744846100166995 9.9570940055809 8.514000000000001
v -14.405210487761602 9.087082021419299 8.514000000000001
v -15.003889552519471 8.178157756967767 8.514000000000001
v -15.53831965877442 7.23421336546728 8.514000000000001
v -16.006212294764268 6.259290961719215 8.514000000000001
v -16.405563872389514 5.257565313129244 8.514000000000001
v -16.734664306885204 4.2333259627123425 8.514000000000001
v -16.992104339666405 3.1909588606110812 8.514000000000001
v -17.17678157298984 2.134927582783767 8.514000000000001
v -17.28790519059025 1.069754217286927 8.514000000000001
v -17.324999344077064 2.0030709439985334e-15 8.514000000000001
v -17.28790519059025 -1.0697542172869157 8.514000000000001
v -17.176781572989842 -2.1349275827837557 8.514000000000001
v -16.992104339666408 -3.19095886061107 8.514000000000001
v -16.734664306885207 -4.233325962712332 8.514000000000001
v -16.405563872389518 -5.257565313129233 8.514000000000001
v -16.00621229476427 -6.259290961719205 8.514000000000001
v -15.538319658774425 -7.23421336546727 8.514000000000001
v -15.003889552519476 -8.178157756967757 8.514000000000001
v -14.405210487761611 -9.08708202141929 8.514000000000001
v -13.744846100167 -9.957094005580892 8.514000000000001
v -13.025624171424315 -10.784468184569715 8.514000000000001
v -12.250624520249387 -11.565661615130532 8.514000000000001
v -11.423165814128653 -12.297329107062694 8.514000000000001
v -10.546791358275506 -12.976337547838096 8.514000000000001
v -9.625253922653362 -13.599779319070068 8.514000000000001
v -8.662499672038539 -14.164984747381688 8.514000000000001
v -7.662651267936902 -14.669533536356994 8.514000000000001
v -6.62999021471435 -15.111265130621854 8.514000000000001
v -5.56893852553776 -15.48828796767377 8.514000000000001
v -4.4840397866358375 -15.798987577842874 8.514000000000001
v -3.3799397009652123 -16.04203349769896 8.514000000000001
v -2.261366194597286 -16.216384967300108 8.514000000000001
v -1.1331091710128256 -16.32129538688657 8.514000000000001
v -3.182550748793095e-15 -16.356315513935524 8.514000000000001
v 1.133109171012804 -16.32129538688657 8.514000000000001
v 2.261366194597265 -16.21638496730011 8.514000000000001
v 3.3799397009651906 -16.042033497698963 8.514000000000001
v 4.484039786635816 -15.79898757784288 8.514000000000001
v 5.568938525537755 -15.488287967673772 8.514000000000001
v 6.629990214714329 -15.111265130621861 8.514000000000001
v 7.662651267936896 -14.669533536356996 8.514000000000001
v 8.662499672038521 -14.164984747381697 8.514000000000001
v 9.625253922653343 -13.59977931907008 8.514000000000001
v 10.546791358275488 -12.976337547838108 8.514000000000001
v 11.423165814128643 -12.297329107062701 8.514000000000001
v 12.250624520249376 -11.565661615130542 8.514000000000001
v 13.025624171424301 -10.784468184569729 8.514000000000001
v 13.744846100166994 -9.957094005580903 8.514000000000001
v 14.405210487761597 -9.087082021419306 8.514000000000001
v 15.00388955251947 -8.178157756967769 8.514000000000001
v 15.538319658774414 -7.234213365467289 8.514000000000001
v 16.006212294764264 -6.259290961719223 8.514000000000001
v 16.405563872389514 -5.257565313129246 8.514000000000001
v 16.7346643068852 -4.233325962712351 8.514000000000001
v 16.992104339666405 -3.1909588606110835 8.514000000000001
v 17.17678157298984 -2.134927582783776 8.514000000000001
v 17.28790519059025 -1.069754217286929 8.514000000000001
v 20.821082922970646 0.0 9.288
v 20.776503386177165 1.29085428781486 9.288
v 20.642955672217244 2.576180939393741 9.288
v 20.421011652904678 3.850475988687645 9.288
v 20.11162172660363 5.108282708662161 9.288
v 19.71611074847693 6.344214977840355 9.288
v 19.236172357252855 7.552980344501837 9.288
v 18.673861722804123 8.729402689773522 9.288
v 18.031586745594936 9.868444392565314 9.288
v 17.312097745681548 10.965227901436998 9.288
v 16.51847568541956 12.015056621022314 9.288
v 15.654118976310075 13.013435023571363 9.288
v 14.722728926479967 13.95608789949059 9.288
v 13.728293891112207 14.8389786644466 9.288
v 12.67507219369668 15.658326644640004 9.288
v 11.567573891235266 16.410623266231017 9.288
v 10.410541461485325 17.092647079591313 9.288
v 9.208929494941906 17.701477554045876 9.288
v 7.967883478520564 18.234507584033746 9.288
v 6.692717761792475 18.689454653134245 9.288
v 5.388892800123669 19.06437060815275 9.288
v 4.061991772166854 19.35765000141172 9.288
v 2.717696671833303 19.56803696552415 9.288
v 1.3617639771225782 19.69463059121052 9.288
v 1.2749236278198809e-15 19.73688878513063 9.288
v -1.3617639771225711 19.69463059121052 9.288
v -2.7176966718332958 19.568036965524154 9.288
v -4.061991772166847 19.357650001411724 9.288
v -5.388892800123662 19.06437060815275 9.288
v -6.692717761792468 18.68945465313425 9.288
v -7.967883478520557 18.234507584033746 9.288
v -9.208929494941898 17.70147755404588 9.288
v -10.410541461485318 17.092647079591316 9.288
v -11.567573891235257 16.41062326623102 9.288
v -12.675072193696675 15.65832664464001 9.288
v -13.728293891112198 14.838978664446609 9.288
v -14.722728926479965 13.95608789949059 9.288
v -15.654118976310071 13.013435023571367 9.288
v -16.518475685419553 12.01505662102232 9.288
v -17.312097745681545 10.965227901437004 9.288
v -18.031586745594932 9.868444392565323 9.288
v -18.67386172280412 8.729402689773531 9.288
v -19.236172357252855 7.552980344501839 9.288
v -19.716110748476925 6.34421497784036 9.288
v -20.11162172660363 5.108282708662166 9.288
v -20.421011652904678 3.850475988687652 9.288
v -20.642955672217244 2.5761809393937494 9.288
v -20.776503386177165 1.2908542878148699 9.288
v -20.821082922970646 2.417071767583752e-15 9.288
v -20.776503386177165 -1.2908542878148561 9.288
v -20.642955672217244 -2.576180939393736 9.288
v -20.42101165290468 -3.8504759886876383 9.288
v -20.111621726603634 -5.108282708662153 9.288
v -19.71611074847693 -6.3442149778403465 9.288
v -19.236172357252862 -7.552980344501826 9.288
v -18.673861722804123 -8.729402689773519 9.288
v -18.031586745594936 -9.86844439256531 9.288
v -17.31209774568155 -10.965227901436993 9.288
v -16.51847568541956 -12.015056621022309 9.288
v -15.654118976310082 -13.013435023571358 9.288
v -14.722728926479974 -13.956087899490582 9.288
v -13.728293891112209 -14.8389786644466 9.288
v -12.675072193696685 -15.65832664464 9.288
v -11.567573891235277 -16.41062326623101 9.288
v -10.410541461485332 -17.09264707959131 9.288
v -9.208929494941904 -17.701477554045876 9.288
v -7.967883478520575 -18.234507584033743 9.288
v -6.692717761792478 -18.689454653134245 9.288
v -5.38889280012368 -19.064370608152746 9.288
v -4.061991772166861 -19.357650001411717 9.288
v -2.717696671833319 -19.56803696552415 9.288
v -1.3617639771225856 -19.69463059121052 9.288
v -3.8247708834596425e-15 -19.73688878513063 9.288
v 1.3617639771225596 -19.694630591210522 9.288
v 2.7176966718332936 -19.568036965524154 9.288
v 4.061991772166834 -19.357650001411724 9.288
v 5.388892800123655 -19.064370608152753 9.288
v 6.692717761792471 -18.68945465313425 9.288
v 7.967883478520551 -18.23450758403375 9.288
v 9.208929494941897 -17.70147755404588 9.288
v 10.410541461485309 -17.09264707959132 9.288
v 11.567573891235254 -16.410623266231024 9.288
v 12.675072193696664 -15.658326644640015 9.288
v 13.728293891112195 -14.838978664446609 9.288
v 14.722728926479963 -13.956087899490592 9.288
v 15.654118976310064 -13.013435023571374 9.288
v 16.518475685419553 -12.015056621022323 9.288
v 17.312097745681537 -10.965227901437013 9.288
v 18.03158674559493 -9.868444392565324 9.288
v 18.673861722804112 -8.72940268977354 9.288
v 19.23617235725285 -7.552980344501849 9.288
v 19.716110748476925 -6.344214977840362 9.288
v 20.111621726603627 -5.108282708662177 9.288
v 20.421011652904674 -3.8504759886876543 9.288
v 20.64295567221724 -2.5761809393937605 9.288
v 20.776503386177165 -1.290854287814872 9.288
v 17.821082922970646 0.0 9.288
v 17.782926616461353 1.0946449001244307 9.288
v 17.66862108809581 2.184602362733586 9.288
v 17.47865581169499 3.26520502263926 9.288
v 17.213844247736425 4.331825573354599 9.288
v 16.875320359991612 5.379896581930871 9.288
v 16.464533759718996 6.404930047406568 9.288
v 15.98324349820606 7.402536619116518 9.288
v 15.43351053424162 8.368444392565314 9.288
v 14.817688908773913 9.298517202378191 9.288
v 14.138415664545853 10.188772333996152 9.288
v 13.398599553873142 11.035397578271157 9.288
v 12.601408582920325 11.834767555930947 9.288
v 11.750256445812001 12.583459242009667 9.288
v 10.84878790667052 13.2782666237663 9.288
v 9.900863192176459 13.91621442932338 9.288
v 8.910541461485325 14.494570868237997 9.288
v 7.882063424284901 15.010859329447813 9.288
v 6.819833181425294 15.462868986499885 9.288
v 5.72839936588299 15.848664264648928 9.288
v 4.612435664816106 16.166593129285545 9.288
v 3.476720806118469 16.415294160202027 9.288
v 2.3261180951731477 16.59370238140272 9.288
v 1.1655545894321486 16.70105382149471 9.288
v 1.091226607947778e-15 16.73688878513063 9.288
v -1.1655545894321424 16.70105382149471 9.288
v -2.3261180951731415 16.59370238140272 9.288
v -3.4767208061184625 16.41529416020203 9.288
v -4.6124356648161 16.166593129285545 9.288
v -5.728399365882985 15.848664264648932 9.288
v -6.819833181425289 15.462868986499887 9.288
v -7.882063424284896 15.010859329447815 9.288
v -8.91054146148532 14.494570868237998 9.288
v -9.900863192176452 13.916214429323386 9.288
v -10.848787906670513 13.278266623766303 9.288
v -11.750256445811992 12.583459242009676 9.288
v -12.601408582920323 11.834767555930947 9.288
v -13.39859955387314 11.035397578271159 9.288
v -14.13841566454585 10.188772333996157 9.288
v -14.817688908773908 9.298517202378196 9.288
v -15.433510534241615 8.368444392565321 9.288
v -15.983243498206054 7.402536619116526 9.288
v -16.464533759718996 6.40493004740657 9.288
v -16.87532035999161 5.379896581930875 9.288
v -17.213844247736425 4.331825573354603 9.288
v -17.47865581169499 3.2652050226392664 9.288
v -17.66862108809581 2.1846023627335933 9.288
v -17.782926616461353 1.0946449001244392 9.288
v -17.821082922970646 2.049677727839546e-15 9.288
v -17.782926616461353 -1.0946449001244276 9.288
v -17.668621088095815 -2.184602362733582 9.288
v -17.47865581169499 -3.265205022639255 9.288
v -17.21384424773643 -4.331825573354592 9.288
v -16.875320359991612 -5.379896581930863 9.288
v -16.464533759719 -6.404930047406558 9.288
v -15.98324349820606 -7.402536619116515 9.288
v -15.433510534241622 -8.36844439256531 9.288
v -14.817688908773917 -9.298517202378187 9.288
v -14.138415664545855 -10.188772333996148 9.288
v -13.398599553873147 -11.035397578271152 9.288
v -12.60140858292033 -11.83476755593094 9.288
v -11.750256445812003 -12.583459242009667 9.288
v -10.848787906670523 -13.278266623766296 9.288
v -9.90086319217647 -13.916214429323375 9.288
v -8.91054146148533 -14.494570868237995 9.288
v -7.882063424284899 -15.010859329447813 9.288
v -6.819833181425303 -15.462868986499881 9.288
v -5.728399365882993 -15.848664264648928 9.288
v -4.6124356648161156 -16.16659312928554 9.288
v -3.476720806118475 -16.415294160202027 9.288
v -2.3261180951731615 -16.593702381402718 9.288
v -1.1655545894321546 -16.70105382149471 9.288
v -3.2736798238433335e-15 -16.73688878513063 9.288
v 1.1655545894321324 -16.70105382149471 9.288
v 2.3261180951731397 -16.59370238140272 9.288
v 3.4767208061184527 -16.415294160202034 9.288
v 4.612435664816094 -16.16659312928555 9.288
v 5.728399365882987 -15.848664264648932 9.288
v 6.819833181425283 -15.462868986499888 9.288
v 7.882063424284893 -15.010859329447815 9.288
v 8.91054146148531 -14.494570868238004 9.288
v 9.900863192176448 -13.916214429323388 9.288
v 10.848787906670506 -13.278266623766308 9.288
v 11.75025644581199 -12.583459242009676 9.288
v 12.601408582920321 -11.834767555930949 9.288
v 13.398599553873135 -11.035397578271166 9.288
v 14.138415664545848 -10.188772333996159 9.288
v 14.817688908773903 -9.298517202378203 9.288
v 15.433510534241613 -8.368444392565323 9.288
v 15.983243498206049 -7.402536619116534 9.288
v 16.464533759718993 -6.404930047406578 9.288
v 16.87532035999161 -5.379896581930876 9.288
v 17.21384424773642 -4.331825573354612 9.288
v 17.478655811694985 -3.265205022639268 9.288
v 17.66862108809581 -2.184602362733603 9.288
v 17.782926616461353 -1.094644900124441 9.288
v 21.33137134611041 0.0 10.062
v 21.285699242632532 1.316324118724056 10.062
v 21.148878507157704 2.6270115354859804 10.062
v 20.921495027080333 3.926449685546806 10.062
v 20.604522493370652 5.209074175254598 10.062
v 20.199318231080515 6.469392609632332 10.062
v 19.707617387069142 7.702008111656401 10.062
v 19.131525499837874 8.901642432512558 10.062
v 18.47350948329107 10.063158553867687 10.062
v 17.736387063032044 11.18158268537095 10.062
v 16.923314710429437 12.252125563187649 10.062
v 16.037774126122223 13.270202958362242 10.062
v 15.083557330843083 14.23145530719051 10.062
v 14.064750427403423 15.131766379540613 10.062
v 12.98571610337385 15.967280905182493 10.062
v 11.851074949386229 16.734421082646815 10.062
v 10.665685673055206 17.429901899920186 10.062
v 9.43462429324631 18.050745201370873 10.062
v 8.163162403783858 18.594292440668475 10.062
v 6.856744599676914 19.05821606508742 10.062
v 5.520965162527573 19.440529482445104 10.062
v 4.161544104958293 19.739595567994577 10.062
v 2.7843026766397103 19.95413367484405 10.062
v 1.3951384368058342 20.083225117883508 10.062
v 1.306169782021884e-15 20.126317107735378 10.062
v -1.3951384368058268 20.083225117883508 10.062
v -2.784302676639703 19.95413367484405 10.062
v -4.161544104958285 19.739595567994577 10.062
v -5.520965162527566 19.440529482445108 10.062
v -6.856744599676907 19.05821606508742 10.062
v -8.16316240378385 18.594292440668475 10.062
v -9.434624293246303 18.050745201370876 10.062
v -10.665685673055199 17.42990189992019 10.062
v -11.85107494938622 16.734421082646822 10.062
v -12.985716103373843 15.967280905182498 10.062
v -14.064750427403412 15.131766379540622 10.062
v -15.083557330843082 14.23145530719051 10.062
v -16.037774126122223 13.270202958362246 10.062
v -16.92331471042943 12.252125563187654 10.062
v -17.73638706303204 11.181582685370957 10.062
v -18.473509483291068 10.063158553867696 10.062
v -19.13152549983787 8.901642432512567 10.062
v -19.707617387069142 7.702008111656403 10.062
v -20.199318231080515 6.469392609632337 10.062
v -20.60452249337065 5.209074175254603 10.062
v -20.921495027080333 3.926449685546813 10.062
v -21.148878507157704 2.627011535485989 10.062
v -21.285699242632532 1.3163241187240662 10.062
v -21.33137134611041 2.4647629824612745e-15 10.062
v -21.285699242632532 -1.3163241187240522 10.062
v -21.148878507157708 -2.6270115354859755 10.062
v -20.921495027080333 -3.926449685546799 10.062
v -20.604522493370656 -5.20907417525459 10.062
v -20.199318231080518 -6.469392609632323 10.062
v -19.707617387069146 -7.70200811165639 10.062
v -19.131525499837874 -8.901642432512554 10.062
v -18.473509483291075 -10.063158553867684 10.062
v -17.736387063032048 -11.181582685370945 10.062
v -16.923314710429437 -12.252125563187644 10.062
v -16.03777412612223 -13.270202958362237 10.062
v -15.08355733084309 -14.231455307190501 10.062
v -14.064750427403425 -15.131766379540613 10.062
v -12.985716103373854 -15.96728090518249 10.062
v -11.851074949386241 -16.734421082646808 10.062
v -10.665685673055213 -17.429901899920182 10.062
v -9.434624293246308 -18.050745201370873 10.062
v -8.163162403783868 -18.594292440668468 10.062
v -6.856744599676917 -19.05821606508742 10.062
v -5.520965162527585 -19.4405294824451 10.062
v -4.1615441049583 -19.739595567994574 10.062
v -2.784302676639727 -19.954133674844048 10.062
v -1.3951384368058417 -20.083225117883508 10.062
v -3.918509346065652e-15 -20.126317107735378 10.062
v 1.395138436805815 -20.08322511788351 10.062
v 2.784302676639701 -19.95413367484405 10.062
v 4.161544104958273 -19.73959556799458 10.062
v 5.520965162527559 -19.440529482445108 10.062
v 6.85674459967691 -19.05821606508742 10.062
v 8.163162403783844 -18.59429244066848 10.062
v 9.434624293246301 -18.050745201370876 10.062
v 10.66568567305519 -17.429901899920193 10.062
v 11.851074949386218 -16.734421082646822 10.062
v 12.985716103373832 -15.967280905182504 10.062
v 14.06475042740341 -15.131766379540622 10.062
v 15.083557330843078 -14.231455307190512 10.062
v 16.037774126122216 -13.270202958362255 10.062
v 16.92331471042943 -12.252125563187658 10.062
v 17.736387063032033 -11.181582685370966 10.062
v 18.473509483291064 -10.063158553867698 10.062
v 19.131525499837863 -8.901642432512578 10.062
v 19.70761738706914 -7.702008111656413 10.062
v 20.199318231080515 -6.469392609632339 10.062
v 20.60452249337065 -5.209074175254615 10.062
v 20.92149502708033 -3.926449685546815 10.062
v 21.148878507157704 -2.6270115354860004 10.062
v 21.285699242632532 -1.3163241187240684 10.062
v 18.33137134611041 0.0 10.062
v 18.29212247291672 1.1201147310336268 10.062
v 18.174543923036275 2.2354329588258257 10.062
v 17.97913918587064 3.341178719498421 10.062
v 17.706745014503447 4.4326170399470355 10.062
v 17.358527842595198 5.505074213722848 10.062
v 16.93597878953528 6.553957814561132 10.062
v 16.44090727523981 7.574776361855554 10.062
v 15.875433271937757 8.563158553867687 10.062
v 15.241978226124408 9.514871986312142 10.062
v 14.54325468955573 10.425841276161487 10.062
v 13.782254703685291 11.292165513062036 10.062
v 12.962236987283442 12.110134963630866 10.062
v 12.086712982103215 12.876246957103682 10.062
v 11.159431816347688 13.587220884308788 10.062
v 10.184364250327421 14.24001224573918 10.062
v 9.165685673055206 14.83182568856687 10.062
v 8.107758222589306 15.36012697677281 10.062
v 7.015112106688588 15.822653843134614 10.062
v 5.892426203767429 16.217425676602105 10.062
v 4.74450802722001 16.5427520035779 10.062
v 3.5762731389099076 16.797239726784884 10.062
v 2.392724099979555 16.97979909072262 10.062
v 1.1989290491154045 17.0896483481677 10.062
v 1.122472762149781e-15 17.126317107735378 10.062
v -1.198929049115398 17.0896483481677 10.062
v -2.3927240999795494 16.979799090722622 10.062
v -3.576273138909901 16.797239726784888 10.062
v -4.744508027220004 16.542752003577903 10.062
v -5.892426203767423 16.217425676602105 10.062
v -7.015112106688583 15.822653843134615 10.062
v -8.1077582225893 15.360126976772811 10.062
v -9.1656856730552 14.831825688566871 10.062
v -10.184364250327414 14.240012245739184 10.062
v -11.15943181634768 13.587220884308792 10.062
v -12.086712982103208 12.876246957103689 10.062
v -12.962236987283438 12.110134963630866 10.062
v -13.78225470368529 11.292165513062038 10.062
v -14.543254689555727 10.425841276161492 10.062
v -15.241978226124404 9.51487198631215 10.062
v -15.875433271937752 8.563158553867694 10.062
v -16.440907275239805 7.5747763618555615 10.062
v -16.93597878953528 6.553957814561134 10.062
v -17.358527842595198 5.505074213722851 10.062
v -17.706745014503444 4.43261703994704 10.062
v -17.97913918587064 3.3411787194984273 10.062
v -18.174543923036275 2.235432958825833 10.062
v -18.29212247291672 1.1201147310336355 10.062
v -18.33137134611041 2.0973689427170687e-15 10.062
v -18.29212247291672 -1.1201147310336235 10.062
v -18.174543923036275 -2.2354329588258213 10.062
v -17.979139185870643 -3.3411787194984153 10.062
v -17.70674501450345 -4.432617039947028 10.062
v -17.3585278425952 -5.50507421372284 10.062
v -16.935978789535284 -6.553957814561122 10.062
v -16.44090727523981 -7.574776361855551 10.062
v -15.875433271937759 -8.563158553867684 10.062
v -15.241978226124413 -9.514871986312139 10.062
v -14.543254689555733 -10.425841276161483 10.062
v -13.782254703685298 -11.29216551306203 10.062
v -12.962236987283447 -12.110134963630859 10.062
v -12.086712982103217 -12.876246957103682 10.062
v -11.159431816347691 -13.587220884308785 10.062
v -10.184364250327432 -14.240012245739175 10.062
v -9.165685673055213 -14.831825688566868 10.062
v -8.107758222589304 -15.36012697677281 10.062
v -7.015112106688598 -15.82265384313461 10.062
v -5.892426203767431 -16.217425676602105 10.062
v -4.744508027220021 -16.5427520035779 10.062
v -3.5762731389099134 -16.797239726784884 10.062
v -2.3927240999795694 -16.97979909072262 10.062
v -1.1989290491154108 -17.0896483481677 10.062
v -3.3674182864493427e-15 -17.126317107735378 10.062
v 1.198929049115388 -17.0896483481677 10.062
v 2.392724099979547 -16.979799090722622 10.062
v 3.5762731389098907 -16.797239726784888 10.062
v 4.744508027219998 -16.542752003577903 10.062
v 5.8924262037674255 -16.217425676602105 10.062
v 7.015112106688576 -15.822653843134617 10.062
v 8.107758222589299 -15.360126976772811 10.062
v 9.165685673055192 -14.831825688566877 10.062
v 10.184364250327413 -14.240012245739187 10.062
v 11.159431816347674 -13.587220884308797 10.062
v 12.086712982103206 -12.876246957103689 10.062
v 12.962236987283436 -12.110134963630868 10.062
v 13.782254703685284 -11.292165513062047 10.062
v 14.543254689555724 -10.425841276161494 10.062
v 15.241978226124399 -9.514871986312157 10.062
v 15.87543327193775 -8.563158553867696 10.062
v 16.4409072752398 -7.57477636185557 10.062
v 16.935978789535277 -6.553957814561142 10.062
v 17.358527842595198 -5.505074213722853 10.062
v 17.706745014503444 -4.43261703994705 10.062
v 17.97913918587064 -3.341178719498429 10.062
v 18.17454392303627 -2.2354329588258426 10.062
v 18.29212247291672 -1.1201147310336375 10.062
v 21.85627135463564 0.0 10.835999999999999
v 21.809475399947456 1.3423865731282951 10.835999999999999
v 21.669287923345117 2.679024840863519 10.835999999999999
v 21.43630922912541 4.004191112938789 10.835999999999999
v 21.111536967824527 5.312210823933852 10.835999999999999
v 20.696361864125297 6.597482832635387 10.835999999999999
v 20.192561761560604 7.854503406983588 10.835999999999999
v 19.60229400951443 9.077889791897782 10.835999999999999
v 18.92808622512059 10.262403259060076 10.835999999999999
v 18.17282546961812 11.402971539954263 10.835999999999999
v 17.339745885511828 12.494710546098327 10.835999999999999
v 16.43241484747755 13.532945283461139 10.835999999999999
v 15.454717686316153 14.513229871504613 10.835999999999999
v 14.410841051370525 15.431366581126715 10.835999999999999
v 13.305254982650359 16.28342380998194 10.835999999999999
v 12.142693769434585 17.065752918206115 10.835999999999999
v 10.928135677317822 17.775003852452485 10.835999999999999
v 9.66678163051288 18.408139491334413 10.835999999999999
v 8.36403294069476 18.96244865084546 10.835999999999999
v 7.02546817775489 19.435557694065505 10.835999999999999
v 5.656819281508379 19.825440695438463 10.835999999999999
v 4.263947016647749 20.130428116096528 10.835999999999999
v 2.8528158760487816 20.349213953081918 10.835999999999999
v 1.4294685398963134 20.480861331852047 10.835999999999999
v 1.3383106377875261e-15 20.524806518120155 10.835999999999999
v -1.4294685398963058 20.480861331852047 10.835999999999999
v -2.8528158760487745 20.349213953081918 10.835999999999999
v -4.263947016647741 20.130428116096528 10.835999999999999
v -5.656819281508372 19.825440695438466 10.835999999999999
v -7.025468177754883 19.43555769406551 10.835999999999999
v -8.364032940694752 18.962448650845463 10.835999999999999
v -9.66678163051287 18.408139491334413 10.835999999999999
v -10.928135677317815 17.775003852452485 10.835999999999999
v -12.142693769434574 17.06575291820612 10.835999999999999
v -13.305254982650352 16.283423809981944 10.835999999999999
v -14.410841051370516 15.431366581126724 10.835999999999999
v -15.45471768631615 14.513229871504613 10.835999999999999
v -16.432414847477546 13.532945283461142 10.835999999999999
v -17.339745885511824 12.494710546098334 10.835999999999999
v -18.172825469618118 11.40297153995427 10.835999999999999
v -18.928086225120587 10.262403259060084 10.835999999999999
v -19.602294009514427 9.077889791897793 10.835999999999999
v -20.192561761560604 7.85450340698359 10.835999999999999
v -20.696361864125294 6.597482832635392 10.835999999999999
v -21.111536967824524 5.3122108239338575 10.835999999999999
v -21.43630922912541 4.004191112938797 10.835999999999999
v -21.669287923345117 2.6790248408635273 10.835999999999999
v -21.809475399947456 1.3423865731283053 10.835999999999999
v -21.85627135463564 2.513563860553458e-15 10.835999999999999
v -21.809475399947456 -1.3423865731282911 10.835999999999999
v -21.66928792334512 -2.6790248408635136 10.835999999999999
v -21.436309229125413 -4.004191112938782 10.835999999999999
v -21.111536967824527 -5.312210823933844 10.835999999999999
v -20.6963618641253 -6.597482832635378 10.835999999999999
v -20.192561761560608 -7.854503406983577 10.835999999999999
v -19.60229400951443 -9.07788979189778 10.835999999999999
v -18.928086225120595 -10.262403259060072 10.835999999999999
v -18.172825469618125 -11.40297153995426 10.835999999999999
v -17.33974588551183 -12.494710546098323 10.835999999999999
v -16.432414847477556 -13.532945283461132 10.835999999999999
v -15.45471768631616 -14.513229871504604 10.835999999999999
v -14.410841051370527 -15.431366581126715 10.835999999999999
v -13.305254982650364 -16.283423809981937 10.835999999999999
v -12.142693769434596 -17.06575291820611 10.835999999999999
v -10.92813567731783 -17.775003852452482 10.835999999999999
v -9.666781630512876 -18.408139491334413 10.835999999999999
v -8.36403294069477 -18.962448650845456 10.835999999999999
v -7.025468177754893 -19.435557694065505 10.835999999999999
v -5.656819281508391 -19.82544069543846 10.835999999999999
v -4.263947016647756 -20.130428116096525 10.835999999999999
v -2.852815876048799 -20.349213953081914 10.835999999999999
v -1.429468539896321 -20.480861331852047 10.835999999999999
v -4.014931913362578e-15 -20.524806518120155 10.835999999999999
v 1.4294685398962936 -20.48086133185205 10.835999999999999
v 2.852815876048772 -20.349213953081918 10.835999999999999
v 4.2639470166477285 -20.13042811609653 10.835999999999999
v 5.656819281508365 -19.825440695438466 10.835999999999999
v 7.0254681777548855 -19.43555769406551 10.835999999999999
v 8.364032940694745 -18.962448650845463 10.835999999999999
v 9.666781630512869 -18.408139491334413 10.835999999999999
v 10.928135677317806 -17.775003852452492 10.835999999999999
v 12.142693769434572 -17.065752918206123 10.835999999999999
v 13.305254982650343 -16.28342380998195 10.835999999999999
v 14.410841051370513 -15.431366581126724 10.835999999999999
v 15.454717686316148 -14.513229871504615 10.835999999999999
v 16.43241484747754 -13.532945283461151 10.835999999999999
v 17.33974588551182 -12.494710546098336 10.835999999999999
v 18.17282546961811 -11.40297153995428 10.835999999999999
v 18.928086225120584 -10.262403259060086 10.835999999999999
v 19.60229400951442 -9.077889791897801 10.835999999999999
v 20.1925617615606 -7.854503406983601 10.835999999999999
v 20.696361864125294 -6.597482832635394 10.835999999999999
v 21.11153696782452 -5.312210823933869 10.835999999999999
v 21.436309229125406 -4.004191112938798 10.835999999999999
v 21.669287923345113 -2.6790248408635393 10.835999999999999
v 21.809475399947456 -1.3423865731283076 10.835999999999999
v 18.85627135463564 0.0 10.835999999999999
v 18.815898630231644 1.146177185437866 10.835999999999999
v 18.694953339223684 2.287446264203364 10.835999999999999
v 18.49395338791572 3.4189201468904042 10.835999999999999
v 18.213759488957322 4.53575368862629 10.835999999999999
v 17.85557147563998 5.633164436725902 10.835999999999999
v 17.420923164026743 6.706453109888319 10.835999999999999
v 16.911675784916365 7.751023721240779 10.835999999999999
v 16.330010013767275 8.762403259060076 10.835999999999999
v 15.678416632710487 9.736260840895458 10.835999999999999
v 14.959685864638121 10.668426259072165 10.835999999999999
v 14.176895425040616 11.554907838160933 10.835999999999999
v 13.33339734275651 12.391909527944971 10.835999999999999
v 12.432803606070319 13.175847158689782 10.835999999999999
v 11.478970695624199 13.903363789108235 10.835999999999999
v 10.475983070375777 14.57134408129848 10.835999999999999
v 9.428135677317822 15.176927641099168 10.835999999999999
v 8.339915559855875 15.717521266736348 10.835999999999999
v 7.21598264359949 16.190810053311598 10.835999999999999
v 6.061149781845405 16.594767305580188 10.835999999999999
v 4.880362146200816 16.927663216571258 10.835999999999999
v 3.6786760505993636 17.188072274886835 10.835999999999999
v 2.4612372993886265 17.374879368960485 10.835999999999999
v 1.2332591522058836 17.48728456213624 10.835999999999999
v 1.1546136179154232e-15 17.524806518120155 10.835999999999999
v -1.233259152205877 17.48728456213624 10.835999999999999
v -2.4612372993886202 17.37487936896049 10.835999999999999
v -3.678676050599357 17.18807227488684 10.835999999999999
v -4.8803621462008095 16.92766321657126 10.835999999999999
v -6.0611497818453985 16.59476730558019 10.835999999999999
v -7.215982643599483 16.1908100533116 10.835999999999999
v -8.339915559855868 15.71752126673635 10.835999999999999
v -9.428135677317817 15.176927641099171 10.835999999999999
v -10.475983070375769 14.571344081298484 10.835999999999999
v -11.478970695624191 13.903363789108239 10.835999999999999
v -12.43280360607031 13.175847158689791 10.835999999999999
v -13.333397342756507 12.391909527944971 10.835999999999999
v -14.176895425040614 11.554907838160934 10.835999999999999
v -14.959685864638118 10.668426259072172 10.835999999999999
v -15.678416632710482 9.736260840895463 10.835999999999999
v -16.33001001376727 8.762403259060083 10.835999999999999
v -16.911675784916362 7.751023721240787 10.835999999999999
v -17.420923164026743 6.70645310988832 10.835999999999999
v -17.855571475639977 5.633164436725907 10.835999999999999
v -18.21375948895732 4.535753688626294 10.835999999999999
v -18.49395338791572 3.4189201468904105 10.835999999999999
v -18.694953339223684 2.2874462642033713 10.835999999999999
v -18.815898630231644 1.1461771854378746 10.835999999999999
v -18.85627135463564 2.146169820809252e-15 10.835999999999999
v -18.815898630231644 -1.1461771854378626 10.835999999999999
v -18.694953339223687 -2.2874462642033597 10.835999999999999
v -18.49395338791572 -3.4189201468903985 10.835999999999999
v -18.213759488957322 -4.535753688626283 10.835999999999999
v -17.85557147563998 -5.633164436725894 10.835999999999999
v -17.42092316402675 -6.706453109888309 10.835999999999999
v -16.911675784916365 -7.751023721240776 10.835999999999999
v -16.33001001376728 -8.762403259060072 10.835999999999999
v -15.67841663271049 -9.736260840895454 10.835999999999999
v -14.959685864638123 -10.668426259072161 10.835999999999999
v -14.176895425040623 -11.554907838160927 10.835999999999999
v -13.333397342756516 -12.391909527944962 10.835999999999999
v -12.43280360607032 -13.175847158689782 10.835999999999999
v -11.478970695624202 -13.903363789108232 10.835999999999999
v -10.475983070375788 -14.571344081298475 10.835999999999999
v -9.42813567731783 -15.176927641099166 10.835999999999999
v -8.339915559855871 -15.717521266736348 10.835999999999999
v -7.2159826435994985 -16.190810053311594 10.835999999999999
v -6.061149781845407 -16.594767305580188 10.835999999999999
v -4.880362146200826 -16.927663216571258 10.835999999999999
v -3.67867605059937 -17.188072274886835 10.835999999999999
v -2.461237299388641 -17.37487936896048 10.835999999999999
v -1.23325915220589 -17.48728456213624 10.835999999999999
v -3.4638408537462694e-15 -17.524806518120155 10.835999999999999
v 1.2332591522058665 -17.48728456213624 10.835999999999999
v 2.461237299388618 -17.37487936896049 10.835999999999999
v 3.6786760505993463 -17.18807227488684 10.835999999999999
v 4.880362146200803 -16.92766321657126 10.835999999999999
v 6.061149781845401 -16.59476730558019 10.835999999999999
v 7.215982643599477 -16.190810053311605 10.835999999999999
v 8.339915559855866 -15.71752126673635 10.835999999999999
v 9.428135677317808 -15.176927641099176 10.835999999999999
v 10.475983070375767 -14.571344081298486 10.835999999999999
v 11.478970695624183 -13.903363789108244 10.835999999999999
v 12.432803606070308 -13.175847158689791 10.835999999999999
v 13.333397342756506 -12.391909527944973 10.835999999999999
v 14.176895425040609 -11.554907838160943 10.835999999999999
v 14.959685864638116 -10.668426259072174 10.835999999999999
v 15.678416632710476 -9.73626084089547 10.835999999999999
v 16.33001001376727 -8.762403259060084 10.835999999999999
v 16.91167578491636 -7.751023721240795 10.835999999999999
v 17.42092316402674 -6.706453109888329 10.835999999999999
v 17.855571475639977 -5.633164436725909 10.835999999999999
v 18.21375948895732 -4.535753688626304 10.835999999999999
v 18.493953387915717 -3.4189201468904127 10.835999999999999
v 18.694953339223684 -2.2874462642033815 10.835999999999999
v 18.815898630231644 -1.1461771854378766 10.835999999999999
v 22.396201336300784 0.0 11.61
v 22.348249350076074 1.3690554399925743 11.61
v 22.204598729168676 2.7322483744098855 11.61
v 21.96586460759097 4.083741401825572 11.61
v 21.63306928150267 5.417747221611256 11.61
v 21.20763783158176 6.7285534160463145 11.61
v 20.691392020610223 8.010546911767552 11.61
v 20.086542492406142 9.258238015811061 11.61
v 19.39567930550747 10.466283923320312 11.61
v 18.621760842143757 11.629511596256766 11.61
v 17.768101139989255 12.742939915142944 11.61
v 16.8383557009448 13.801801008980757 11.61
v 15.836505837717503 14.801560672007074 11.61
v 14.766841625228494 15.73793777985892 11.61
v 13.633943529853484 16.60692262200525 11.61
v 12.442662795162557 17.404794071943005 11.61
v 11.198100668150394 18.128135521632107 11.61
v 9.905586554913524 18.77384951193558 11.61
v 8.570655199315196 19.339170996415135 11.61
v 7.19902298236248 19.82167918168449 11.61
v 5.796563443785173 20.21930789361833 11.61
v 4.369282130636964 20.530354425027074 11.61
v 2.923290880620975 20.753486826910496 11.61
v 1.4647816502623876 20.88774961206783 11.61
v 1.3713718139780215e-15 20.932567846640627 11.61
v -1.4647816502623798 20.88774961206783 11.61
v -2.923290880620968 20.7534868269105 11.61
v -4.369282130636956 20.530354425027074 11.61
v -5.796563443785166 20.219307893618332 11.61
v -7.1990229823624725 19.821679181684495 11.61
v -8.570655199315189 19.339170996415138 11.61
v -9.905586554913517 18.77384951193558 11.61
v -11.198100668150387 18.128135521632107 11.61
v -12.442662795162548 17.40479407194301 11.61
v -13.633943529853477 16.606922622005253 11.61
v -14.766841625228484 15.737937779858928 11.61
v -15.8365058377175 14.801560672007074 11.61
v -16.838355700944796 13.801801008980759 11.61
v -17.76810113998925 12.742939915142951 11.61
v -18.621760842143754 11.629511596256773 11.61
v -19.395679305507468 10.46628392332032 11.61
v -20.08654249240614 9.258238015811072 11.61
v -20.691392020610223 8.010546911767554 11.61
v -21.207637831581756 6.728553416046319 11.61
v -21.633069281502667 5.417747221611261 11.61
v -21.96586460759097 4.08374140182558 11.61
v -22.204598729168676 2.732248374409894 11.61
v -22.348249350076074 1.3690554399925847 11.61
v -22.396201336300784 2.5635002211323245e-15 11.61
v -22.348249350076074 -1.3690554399925703 11.61
v -22.20459872916868 -2.73224837440988 11.61
v -21.96586460759097 -4.0837414018255656 11.61
v -21.633069281502674 -5.417747221611248 11.61
v -21.207637831581764 -6.728553416046305 11.61
v -20.69139202061023 -8.01054691176754 11.61
v -20.086542492406142 -9.258238015811058 11.61
v -19.395679305507475 -10.466283923320308 11.61
v -18.621760842143765 -11.62951159625676 11.61
v -17.768101139989255 -12.742939915142939 11.61
v -16.838355700944806 -13.80180100898075 11.61
v -15.83650583771751 -14.801560672007065 11.61
v -14.766841625228496 -15.73793777985892 11.61
v -13.63394352985349 -16.606922622005243 11.61
v -12.442662795162569 -17.404794071942998 11.61
v -11.198100668150403 -18.128135521632103 11.61
v -9.905586554913521 -18.77384951193558 11.61
v -8.570655199315206 -19.33917099641513 11.61
v -7.199022982362482 -19.82167918168449 11.61
v -5.796563443785185 -20.219307893618325 11.61
v -4.369282130636971 -20.53035442502707 11.61
v -2.9232908806209927 -20.753486826910493 11.61
v -1.4647816502623954 -20.88774961206783 11.61
v -4.1141154419340644e-15 -20.932567846640627 11.61
v 1.4647816502623674 -20.887749612067832 11.61
v 2.923290880620965 -20.7534868269105 11.61
v 4.369282130636943 -20.530354425027078 11.61
v 5.796563443785158 -20.219307893618332 11.61
v 7.199022982362474 -19.821679181684495 11.61
v 8.570655199315182 -19.339170996415138 11.61
v 9.905586554913514 -18.77384951193558 11.61
v 11.198100668150378 -18.128135521632114 11.61
v 12.442662795162544 -17.404794071943012 11.61
v 13.633943529853466 -16.60692262200526 11.61
v 14.766841625228482 -15.737937779858928 11.61
v 15.836505837717498 -14.801560672007078 11.61
v 16.83835570094479 -13.80180100898077 11.61
v 17.76810113998925 -12.742939915142953 11.61
v 18.621760842143747 -11.629511596256782 11.61
v 19.395679305507464 -10.466283923320322 11.61
v 20.08654249240613 -9.258238015811083 11.61
v 20.69139202061022 -8.010546911767564 11.61
v 21.207637831581756 -6.728553416046322 11.61
v 21.633069281502667 -5.417747221611274 11.61
v 21.965864607590966 -4.083741401825582 11.61
v 22.204598729168676 -2.7322483744099064 11.61
v 22.348249350076074 -1.3690554399925872 11.61
v 19.396201336300784 0.0 11.61
v 19.354672580360262 1.1728460523021451 11.61
v 19.230264145047247 2.340669797749731 11.61
v 19.023508766381276 3.4984704357771874 11.61
v 18.735291802635466 4.641290086303694 11.61
v 18.366847443096443 5.76423502013683 11.61
v 17.919753423076365 6.862496614672282 11.61
v 17.395924267808077 7.9313719451540585 11.61
v 16.797603094154155 8.966283923320312 11.61
v 16.127352005236123 9.962800897197958 11.61
v 15.388041119115549 10.916655628116782 11.61
v 14.582836278507866 11.82376356368055 11.61
v 13.71518549415786 12.680240328447432 11.61
v 12.788804179928286 13.482418357421986 11.61
v 11.807659242827322 14.226862601131543 11.61
v 10.775952096103751 14.910385235035369 11.61
v 9.698100668150394 15.530059310278789 11.61
v 8.57872048425652 16.083231287337515 11.61
v 7.422604902219926 16.567532398881273 11.61
v 6.234704586452994 16.980888793199174 11.61
v 5.02010630847761 17.321530414751123 11.61
v 3.784011164588579 17.58799858381738 11.61
v 2.5317123039608203 17.779152242789067 11.61
v 1.2685722625719578 17.894172842352017 11.61
v 1.1876747941059184e-15 17.932567846640627 11.61
v -1.268572262571951 17.894172842352017 11.61
v -2.5317123039608136 17.779152242789067 11.61
v -3.7840111645885717 17.587998583817384 11.61
v -5.020106308477604 17.321530414751127 11.61
v -6.234704586452988 16.980888793199178 11.61
v -7.42260490221992 16.567532398881276 11.61
v -8.578720484256513 16.083231287337515 11.61
v -9.698100668150389 15.53005931027879 11.61
v -10.775952096103742 14.910385235035372 11.61
v -11.807659242827317 14.226862601131547 11.61
v -12.78880417992828 13.482418357421995 11.61
v -13.715185494157858 12.680240328447432 11.61
v -14.582836278507862 11.823763563680552 11.61
v -15.388041119115544 10.91665562811679 11.61
v -16.12735200523612 9.962800897197965 11.61
v -16.79760309415415 8.966283923320319 11.61
v -17.395924267808073 7.9313719451540665 11.61
v -17.919753423076365 6.862496614672284 11.61
v -18.366847443096443 5.764235020136834 11.61
v -18.735291802635462 4.641290086303698 11.61
v -19.023508766381276 3.4984704357771936 11.61
v -19.230264145047247 2.3406697977497384 11.61
v -19.354672580360262 1.1728460523021542 11.61
v -19.396201336300784 2.1961061813881187e-15 11.61
v -19.354672580360262 -1.1728460523021418 11.61
v -19.230264145047247 -2.3406697977497264 11.61
v -19.02350876638128 -3.498470435777181 11.61
v -18.73529180263547 -4.641290086303687 11.61
v -18.366847443096447 -5.764235020136822 11.61
v -17.91975342307637 -6.862496614672272 11.61
v -17.395924267808077 -7.931371945154055 11.61
v -16.79760309415416 -8.966283923320308 11.61
v -16.127352005236126 -9.962800897197955 11.61
v -15.38804111911555 -10.916655628116779 11.61
v -14.582836278507871 -11.823763563680544 11.61
v -13.715185494157867 -12.680240328447423 11.61
v -12.78880417992829 -13.482418357421986 11.61
v -11.807659242827327 -14.22686260113154 11.61
v -10.775952096103762 -14.910385235035362 11.61
v -9.698100668150401 -15.530059310278787 11.61
v -8.578720484256518 -16.083231287337515 11.61
v -7.422604902219936 -16.56753239888127 11.61
v -6.234704586452996 -16.980888793199174 11.61
v -5.0201063084776205 -17.321530414751123 11.61
v -3.784011164588585 -17.587998583817377 11.61
v -2.531712303960835 -17.779152242789063 11.61
v -1.2685722625719644 -17.894172842352017 11.61
v -3.5630243823177554e-15 -17.932567846640627 11.61
v 1.2685722625719402 -17.89417284235202 11.61
v 2.5317123039608114 -17.779152242789067 11.61
v 3.784011164588561 -17.587998583817384 11.61
v 5.020106308477597 -17.321530414751127 11.61
v 6.23470458645299 -16.980888793199178 11.61
v 7.422604902219914 -16.567532398881276 11.61
v 8.578720484256511 -16.083231287337515 11.61
v 9.69810066815038 -15.530059310278798 11.61
v 10.775952096103738 -14.910385235035374 11.61
v 11.807659242827308 -14.226862601131554 11.61
v 12.788804179928276 -13.482418357421995 11.61
v 13.715185494157856 -12.680240328447434 11.61
v 14.582836278507857 -11.82376356368056 11.61
v 15.388041119115542 -10.916655628116791 11.61
v 16.127352005236112 -9.962800897197972 11.61
v 16.797603094154148 -8.96628392332032 11.61
v 17.395924267808066 -7.931371945154075 11.61
v 17.919753423076358 -6.862496614672293 11.61
v 18.366847443096443 -5.7642350201368355 11.61
v 18.735291802635462 -4.641290086303709 11.61
v 19.023508766381276 -3.498470435777196 11.61
v 19.230264145047244 -2.3406697977497486 11.61
v 19.354672580360262 -1.1728460523021562 11.61
v 22.951591658964322 0.0 12.384
v 22.90245053942625 1.3963448291189093 12.384
v 22.755237610630186 2.7867102953087732 12.384
v 22.510583260937768 4.165142640190577 12.384
v 22.1695351378344 5.525739204842754 12.384
v 21.733553661741873 6.8626737058928775 12.384
v 21.204505772273905 8.170221184557535 12.384
v 20.584656933714115 9.442782521794738 12.384
v 19.876661433950133 10.674908414591272 12.384
v 19.083551018405394 11.861322710714772 12.384
v 18.2087219076398 12.996945002007598 12.384
v 17.25592025421184 14.076912379474534 12.384
v 16.229226101078275 15.096600257005655 12.384
v 15.133035910223775 16.051642174564034 12.384
v 13.972043736335754 16.937948496038 12.384
v 12.751221126141571 17.751723921690765 12.384
v 11.475795829482163 18.489483740216617 12.384
v 10.151229413284689 19.148068750809678 12.384
v 8.783193874294433 19.724658791346773 12.384
v 7.377547350713997 20.216784814754615 12.384
v 5.940309036756131 20.622339461848405 12.384
v 4.477633407530035 20.939586085367413 12.384
v 2.9957838646341126 21.167166186565133 12.384
v 1.5011059153087218 21.304105232509514 12.384
v 1.4053796630243874e-15 21.349816829182547 12.384
v -1.5011059153087138 21.304105232509514 12.384
v -2.995783864634105 21.167166186565137 12.384
v -4.477633407530027 20.939586085367417 12.384
v -5.940309036756123 20.62233946184841 12.384
v -7.37754735071399 20.216784814754615 12.384
v -8.783193874294426 19.724658791346776 12.384
v -10.151229413284682 19.148068750809678 12.384
v -11.475795829482156 18.48948374021662 12.384
v -12.75122112614156 17.751723921690772 12.384
v -13.972043736335747 16.937948496038004 12.384
v -15.133035910223764 16.051642174564044 12.384
v -16.22922610107827 15.096600257005655 12.384
v -17.255920254211837 14.076912379474535 12.384
v -18.208721907639795 12.996945002007605 12.384
v -19.08355101840539 11.861322710714779 12.384
v -19.876661433950126 10.67490841459128 12.384
v -20.584656933714108 9.442782521794749 12.384
v -21.204505772273905 8.170221184557537 12.384
v -21.73355366174187 6.862673705892882 12.384
v -22.169535137834398 5.52573920484276 12.384
v -22.510583260937768 4.165142640190585 12.384
v -22.755237610630186 2.786710295308782 12.384
v -22.90245053942625 1.39634482911892 12.384
v -22.951591658964322 2.61459848422407e-15 12.384
v -22.90245053942625 -1.3963448291189051 12.384
v -22.755237610630186 -2.786710295308768 12.384
v -22.51058326093777 -4.16514264019057 12.384
v -22.169535137834405 -5.525739204842746 12.384
v -21.733553661741876 -6.862673705892868 12.384
v -21.20450577227391 -8.170221184557523 12.384
v -20.584656933714115 -9.442782521794735 12.384
v -19.876661433950133 -10.674908414591268 12.384
v -19.0835510184054 -11.861322710714767 12.384
v -18.208721907639802 -12.996945002007594 12.384
v -17.255920254211848 -14.076912379474527 12.384
v -16.229226101078282 -15.096600257005646 12.384
v -15.133035910223777 -16.051642174564034 12.384
v -13.97204373633576 -16.937948496037997 12.384
v -12.751221126141584 -17.751723921690758 12.384
v -11.475795829482172 -18.489483740216617 12.384
v -10.151229413284687 -19.148068750809678 12.384
v -8.783193874294444 -19.72465879134677 12.384
v -7.377547350714 -20.216784814754615 12.384
v -5.940309036756143 -20.622339461848405 12.384
v -4.477633407530043 -20.93958608536741 12.384
v -2.9957838646341304 -21.167166186565133 12.384
v -1.5011059153087298 -21.304105232509514 12.384
v -4.216138989073162e-15 -21.349816829182547 12.384
v 1.5011059153087012 -21.304105232509514 12.384
v 2.9957838646341024 -21.167166186565137 12.384
v 4.477633407530013 -20.939586085367417 12.384
v 5.9403090367561155 -20.622339461848412 12.384
v 7.377547350713993 -20.216784814754615 12.384
v 8.783193874294417 -19.72465879134678 12.384
v 10.151229413284678 -19.148068750809678 12.384
v 11.475795829482145 -18.489483740216627 12.384
v 12.751221126141559 -17.751723921690772 12.384
v 13.972043736335737 -16.93794849603801 12.384
v 15.133035910223763 -16.051642174564044 12.384
v 16.22922610107827 -15.096600257005656 12.384
v 17.25592025421183 -14.076912379474546 12.384
v 18.20872190763979 -12.996945002007608 12.384
v 19.083551018405384 -11.861322710714788 12.384
v 19.876661433950126 -10.674908414591282 12.384
v 20.5846569337141 -9.44278252179476 12.384
v 21.2045057722739 -8.170221184557548 12.384
v 21.73355366174187 -6.862673705892885 12.384
v 22.169535137834394 -5.525739204842772 12.384
v 22.510583260937764 -4.165142640190587 12.384
v 22.755237610630182 -2.7867102953087945 12.384
v 22.90245053942625 -1.3963448291189224 12.384
v 19.951591658964322 0.0 12.384
v 19.90887376971044 1.2001354414284802 12.384
v 19.780903026508753 2.3951317186486185 12.384
v 19.568227419728075 3.5798716741421925 12.384
v 19.271757658967196 4.749282069535192 12.384
v 18.892763273256556 5.898355309983393 12.384
v 18.432867174740046 7.0221708874622655 12.384
v 17.89403870911605 8.115916451137736 12.384
v 17.278585222596817 9.174908414591272 12.384
v 16.58914218149776 10.194612011655966 12.384
v 15.828661886766094 11.170660714981437 12.384
v 15.000400831774908 12.098874934174328 12.384
v 14.107905757518633 12.97527991344601 12.384
v 13.154998464923567 13.796122752127104 12.384
v 12.145759449309592 14.557888475164296 12.384
v 11.084510427082764 15.25731508478313 12.384
v 9.975795829482163 15.891407528863303 12.384
v 8.824363342627684 16.457450526211613 12.384
v 7.635143577199163 16.953020193812915 12.384
v 6.413228954804512 17.375994426269298 12.384
v 5.1638519014485675 17.7245619829812 12.384
v 3.89236244148165 17.99723024415772 12.384
v 2.6042052879739575 18.192831602443704 12.384
v 1.304896527618292 18.3105284627937 12.384
v 1.2216826431522843e-15 18.349816829182547 12.384
v -1.3048965276182851 18.3105284627937 12.384
v -2.604205287973951 18.192831602443704 12.384
v -3.8923624414816422 17.997230244157723 12.384
v -5.163851901448561 17.724561982981204 12.384
v -6.413228954804506 17.375994426269298 12.384
v -7.635143577199157 16.953020193812915 12.384
v -8.824363342627677 16.457450526211613 12.384
v -9.975795829482157 15.891407528863304 12.384
v -11.084510427082755 15.257315084783135 12.384
v -12.145759449309585 14.5578884751643 12.384
v -13.154998464923558 13.796122752127111 12.384
v -14.10790575751863 12.97527991344601 12.384
v -15.000400831774904 12.09887493417433 12.384
v -15.828661886766088 11.170660714981443 12.384
v -16.589142181497756 10.194612011655972 12.384
v -17.278585222596814 9.174908414591279 12.384
v -17.894038709116046 8.115916451137743 12.384
v -18.432867174740046 7.022170887462267 12.384
v -18.892763273256552 5.898355309983397 12.384
v -19.271757658967193 4.749282069535197 12.384
v -19.568227419728075 3.579871674142199 12.384
v -19.780903026508753 2.395131718648626 12.384
v -19.90887376971044 1.2001354414284893 12.384
v -19.951591658964322 2.247204444479864e-15 12.384
v -19.90887376971044 -1.2001354414284766 12.384
v -19.780903026508756 -2.3951317186486136 12.384
v -19.56822741972808 -3.5798716741421863 12.384
v -19.271757658967196 -4.749282069535185 12.384
v -18.89276327325656 -5.898355309983385 12.384
v -18.43286717474005 -7.022170887462256 12.384
v -17.89403870911605 -8.115916451137732 12.384
v -17.278585222596817 -9.174908414591268 12.384
v -16.589142181497763 -10.19461201165596 12.384
v -15.828661886766096 -11.170660714981432 12.384
v -15.000400831774913 -12.09887493417432 12.384
v -14.107905757518639 -12.975279913446004 12.384
v -13.15499846492357 -13.796122752127104 12.384
v -12.145759449309597 -14.55788847516429 12.384
v -11.084510427082774 -15.257315084783125 12.384
v -9.97579582948217 -15.8914075288633 12.384
v -8.824363342627683 -16.457450526211613 12.384
v -7.635143577199173 -16.95302019381291 12.384
v -6.413228954804515 -17.375994426269298 12.384
v -5.163851901448579 -17.7245619829812 12.384
v -3.8923624414816564 -17.99723024415772 12.384
v -2.604205287973973 -18.1928316024437 12.384
v -1.304896527618299 -18.3105284627937 12.384
v -3.665047929456853e-15 -18.349816829182547 12.384
v 1.304896527618274 -18.310528462793705 12.384
v 2.6042052879739486 -18.192831602443704 12.384
v 3.892362441481631 -17.997230244157727 12.384
v 5.163851901448554 -17.724561982981207 12.384
v 6.413228954804508 -17.375994426269298 12.384
v 7.63514357719915 -16.953020193812918 12.384
v 8.824363342627676 -16.457450526211613 12.384
v 9.975795829482148 -15.89140752886331 12.384
v 11.084510427082753 -15.257315084783137 12.384
v 12.145759449309576 -14.557888475164306 12.384
v 13.154998464923557 -13.796122752127111 12.384
v 14.107905757518628 -12.975279913446014 12.384
v 15.000400831774899 -12.098874934174338 12.384
v 15.828661886766087 -11.170660714981445 12.384
v 16.58914218149775 -10.19461201165598 12.384
v 17.27858522259681 -9.174908414591282 12.384
v 17.89403870911604 -8.115916451137753 12.384
v 18.432867174740043 -7.022170887462277 12.384
v 18.892763273256552 -5.898355309983399 12.384
v 19.271757658967193 -4.749282069535207 12.384
v 19.568227419728075 -3.579871674142201 12.384
v 19.780903026508753 -2.3951317186486367 12.384
v 19.90887376971044 -1.2001354414284913 12.384
v 23.522885013626762 0.0 13.158
v 23.472520711163085 1.4242691786114636 13.158
v 23.321643471447267 2.8424394179423302 13.158
v 23.070899373982872 4.24843789530633 13.158
v 22.721362143490172 5.6362439093705765 13.158
v 22.27452855205207 6.999914661722991 13.158
v 21.732312009706245 8.333610704847459 13.158
v 21.097034370929624 9.631620947534579 13.158
v 20.37141599210104 10.888387110651005 13.158
v 19.558564082517595 12.098527528544025 13.158
v 18.661959398847433 13.256860194160081 13.158
v 17.68544133999527 14.358424949194543 13.158
v 16.6331915062069 15.398504724251053 13.158
v 15.509715792814934 16.37264573805686 13.158
v 14.319825095303248 17.276676569238013 13.158
v 13.068614708313934 18.106726018986045 13.158
v 11.761442506813383 18.85923968812563 13.158
v 10.40390600284916 19.53099519759751 13.158
v 9.001818376144023 20.119115987180344 13.158
v 7.561183581167942 20.62108363336319 13.158
v 6.088170637283279 21.034748633621625 13.158
v 4.589087212056804 21.358339610917536 13.158
v 3.0703526108588206 21.590470899007542 13.158
v 1.5384702884120316 21.730148476078604 13.158
v 1.4403612919324629e-15 21.776774221302013 13.158
v -1.5384702884120234 21.730148476078604 13.158
v -3.0703526108588126 21.590470899007546 13.158
v -4.589087212056796 21.358339610917536 13.158
v -6.088170637283271 21.03474863362163 13.158
v -7.561183581167934 20.621083633363195 13.158
v -9.001818376144014 20.119115987180347 13.158
v -10.403906002849151 19.530995197597512 13.158
v -11.761442506813376 18.85923968812563 13.158
v -13.068614708313923 18.10672601898605 13.158
v -14.319825095303239 17.276676569238017 13.158
v -15.509715792814925 16.37264573805687 13.158
v -16.633191506206895 15.398504724251053 13.158
v -17.685441339995265 14.358424949194545 13.158
v -18.661959398847426 13.256860194160089 13.158
v -19.55856408251759 12.098527528544032 13.158
v -20.371415992101035 10.888387110651014 13.158
v -21.09703437092962 9.631620947534588 13.158
v -21.732312009706245 8.333610704847462 13.158
v -22.274528552052068 6.999914661722996 13.158
v -22.72136214349017 5.636243909370583 13.158
v -23.070899373982872 4.248437895306338 13.158
v -23.321643471447267 2.8424394179423396 13.158
v -23.472520711163085 1.4242691786114745 13.158
v -23.522885013626762 2.6668856845872106e-15 13.158
v -23.472520711163085 -1.4242691786114594 13.158
v -23.32164347144727 -2.842439417942325 13.158
v -23.070899373982872 -4.248437895306323 13.158
v -22.721362143490175 -5.6362439093705685 13.158
v -22.274528552052075 -6.999914661722981 13.158
v -21.732312009706252 -8.333610704847448 13.158
v -21.097034370929624 -9.631620947534575 13.158
v -20.371415992101042 -10.888387110651001 13.158
v -19.558564082517602 -12.09852752854402 13.158
v -18.661959398847433 -13.256860194160076 13.158
v -17.685441339995275 -14.358424949194536 13.158
v -16.633191506206906 -15.398504724251042 13.158
v -15.509715792814937 -16.37264573805686 13.158
v -14.319825095303253 -17.27667656923801 13.158
v -13.068614708313946 -18.106726018986038 13.158
v -11.761442506813392 -18.859239688125626 13.158
v -10.403906002849157 -19.53099519759751 13.158
v -9.001818376144033 -20.11911598718034 13.158
v -7.561183581167945 -20.62108363336319 13.158
v -6.088170637283293 -21.034748633621625 13.158
v -4.589087212056812 -21.358339610917533 13.158
v -3.070352610858839 -21.59047089900754 13.158
v -1.5384702884120398 -21.730148476078604 13.158
v -4.321083875797388e-15 -21.776774221302013 13.158
v 1.5384702884120103 -21.730148476078607 13.158
v 3.07035261085881 -21.590470899007546 13.158
v 4.589087212056783 -21.35833961091754 13.158
v 6.088170637283263 -21.034748633621632 13.158
v 7.561183581167937 -20.621083633363195 13.158
v 9.001818376144007 -20.119115987180347 13.158
v 10.40390600284915 -19.530995197597512 13.158
v 11.761442506813365 -18.859239688125637 13.158
v 13.06861470831392 -18.106726018986052 13.158
v 14.319825095303228 -17.276676569238024 13.158
v 15.509715792814921 -16.37264573805687 13.158
v 16.63319150620689 -15.398504724251055 13.158
v 17.685441339995258 -14.358424949194555 13.158
v 18.661959398847422 -13.25686019416009 13.158
v 19.55856408251758 -12.098527528544041 13.158
v 20.37141599210103 -10.888387110651015 13.158
v 21.09703437092961 -9.631620947534598 13.158
v 21.73231200970624 -8.333610704847473 13.158
v 22.274528552052068 -6.999914661722998 13.158
v 22.72136214349017 -5.636243909370595 13.158
v 23.07089937398287 -4.24843789530634 13.158
v 23.321643471447263 -2.842439417942352 13.158
v 23.472520711163085 -1.424269178611477 13.158
v 20.522885013626762 0.0 13.158
v 20.478943941447273 1.2280597909210345 13.158
v 20.347308887325838 2.4508608412821755 13.158
v 20.12854353277318 3.6631669292579456 13.158
v 19.823584664622967 4.859786774063014 13.158
v 19.433738163566755 6.035596265813506 13.158
v 18.960673412172387 7.18556040775219 13.158
v 18.40641614633156 8.304754876877574 13.158
v 17.773339780747722 9.388387110651005 13.158
v 17.06415524560996 10.431816829485218 13.158
v 16.281899377973726 11.43057590713392 13.158
v 15.429921917558335 12.380387503894337 13.158
v 14.511871162647255 13.27718438069141 13.158
v 13.531678347514728 14.11712631561993 13.158
v 12.493540808277086 14.896616548364308 13.158
v 11.401904009255126 15.612317182078408 13.158
v 10.261442506813383 16.261163476772314 13.158
v 9.077039932192156 16.840376972999444 13.158
v 7.853768079048753 17.347477389646485 13.158
v 6.596865185258457 17.780293244877875 13.158
v 5.311713501975716 18.136971154754423 13.158
v 4.0038162460084195 18.415983769707843 13.158
v 2.6787740341986654 18.61613631488611 13.158
v 1.3422609007216018 18.736571706362795 13.158
v 1.25666427206036e-15 18.776774221302013 13.158
v -1.3422609007215947 18.736571706362795 13.158
v -2.6787740341986583 18.616136314886113 13.158
v -4.003816246008412 18.415983769707847 13.158
v -5.31171350197571 18.136971154754423 13.158
v -6.59686518525845 17.78029324487788 13.158
v -7.853768079048746 17.347477389646485 13.158
v -9.077039932192148 16.840376972999447 13.158
v -10.261442506813376 16.261163476772314 13.158
v -11.401904009255118 15.612317182078412 13.158
v -12.493540808277078 14.896616548364312 13.158
v -13.531678347514719 14.117126315619936 13.158
v -14.511871162647253 13.27718438069141 13.158
v -15.429921917558334 12.380387503894339 13.158
v -16.281899377973723 11.430575907133926 13.158
v -17.064155245609957 10.431816829485225 13.158
v -17.77333978074772 9.388387110651014 13.158
v -18.406416146331555 8.304754876877583 13.158
v -18.960673412172387 7.185560407752193 13.158
v -19.43373816356675 6.035596265813511 13.158
v -19.823584664622967 4.85978677406302 13.158
v -20.12854353277318 3.6631669292579523 13.158
v -20.347308887325838 2.4508608412821835 13.158
v -20.478943941447273 1.2280597909210438 13.158
v -20.522885013626762 2.2994916448430044e-15 13.158
v -20.478943941447273 -1.2280597909210307 13.158
v -20.347308887325838 -2.450860841282171 13.158
v -20.128543532773183 -3.663166929257939 13.158
v -19.82358466462297 -4.859786774063007 13.158
v -19.433738163566755 -6.035596265813498 13.158
v -18.96067341217239 -7.185560407752179 13.158
v -18.40641614633156 -8.30475487687757 13.158
v -17.773339780747726 -9.388387110651001 13.158
v -17.064155245609964 -10.431816829485214 13.158
v -16.281899377973726 -11.430575907133916 13.158
v -15.429921917558342 -12.38038750389433 13.158
v -14.511871162647262 -13.277184380691402 13.158
v -13.53167834751473 -14.11712631561993 13.158
v -12.49354080827709 -14.896616548364303 13.158
v -11.401904009255137 -15.612317182078401 13.158
v -10.26144250681339 -16.26116347677231 13.158
v -9.077039932192152 -16.840376972999444 13.158
v -7.853768079048764 -17.34747738964648 13.158
v -6.596865185258459 -17.780293244877875 13.158
v -5.311713501975728 -18.13697115475442 13.158
v -4.003816246008427 -18.415983769707843 13.158
v -2.6787740341986814 -18.61613631488611 13.158
v -1.3422609007216089 -18.736571706362795 13.158
v -3.769992816181079e-15 -18.776774221302013 13.158
v 1.3422609007215833 -18.736571706362795 13.158
v 2.678774034198656 -18.616136314886113 13.158
v 4.003816246008401 -18.415983769707847 13.158
v 5.311713501975703 -18.136971154754427 13.158
v 6.596865185258452 -17.78029324487788 13.158
v 7.85376807904874 -17.34747738964649 13.158
v 9.077039932192145 -16.840376972999447 13.158
v 10.261442506813367 -16.26116347677232 13.158
v 11.401904009255116 -15.612317182078414 13.158
v 12.49354080827707 -14.89661654836432 13.158
v 13.531678347514717 -14.117126315619936 13.158
v 14.511871162647251 -13.277184380691411 13.158
v 15.429921917558326 -12.380387503894346 13.158
v 16.28189937797372 -11.430575907133928 13.158
v 17.06415524560995 -10.431816829485234 13.158
v 17.773339780747715 -9.388387110651015 13.158
v 18.406416146331548 -8.304754876877592 13.158
v 18.96067341217238 -7.1855604077522015 13.158
v 19.43373816356675 -6.0355962658135125 13.158
v 19.823584664622963 -4.85978677406303 13.158
v 20.12854353277318 -3.663166929257954 13.158
v 20.347308887325834 -2.4508608412821946 13.158
v 20.478943941447273 -1.2280597909210458 13.158
v 24.11053676729116 0.0 13.932
v 24.058914257313916 1.452843262515372 13.932
v 23.90426778289514 2.8994652271360977 13.932
v 23.647259563980057 4.333671236520227 13.932
v 23.288990149218673 5.749319800352264 13.932
v 22.830993703247522 7.14034889414756 13.932
v 22.275231437161146 8.500801917771811 13.932
v 21.624083210305102 9.824853202517309 13.932
v 20.88033733935288 11.106832957510724 13.932
v 20.047178658305842 12.341251548628062 13.932
v 19.12817488054508 13.522823005950766 13.932
v 18.12726132133499 14.646487659100435 13.932
v 17.04872404619916 15.707433803524143 13.932
v 15.89718151732977 16.701118304952047 13.932
v 14.677564816623466 17.623286053795827 13.932
v 13.39509653003164 18.469988186181148 13.932
v 12.055268383645583 19.237598993589074 13.932
v 10.663817727282284 19.92283144869652 13.932
v 9.226702966271677 20.522751280931924 13.932
v 7.750078046650291 21.034789541472275 13.932
v 6.24026610301952 21.456753603876404 13.932
v 4.703732381912534 21.786836553247998 13.932
v 3.1470565566160698 22.02362492372258 13.932
v 1.5769045519992644 22.166104751145372 13.932
v 1.4763445838893844e-15 22.21366591502145 13.932
v -1.576904551999256 22.166104751145372 13.932
v -3.1470565566160618 22.023624923722583 13.932
v -4.703732381912525 21.786836553247998 13.932
v -6.240266103019512 21.456753603876408 13.932
v -7.750078046650283 21.03478954147228 13.932
v -9.22670296627167 20.522751280931924 13.932
v -10.663817727282277 19.922831448696524 13.932
v -12.055268383645574 19.237598993589074 13.932
v -13.39509653003163 18.46998818618115 13.932
v -14.677564816623457 17.62328605379583 13.932
v -15.89718151732976 16.701118304952058 13.932
v -17.04872404619916 15.707433803524143 13.932
v -18.127261321334988 14.646487659100439 13.932
v -19.128174880545078 13.522823005950773 13.932
v -20.047178658305835 12.341251548628069 13.932
v -20.880337339352877 11.106832957510733 13.932
v -21.6240832103051 9.82485320251732 13.932
v -22.275231437161146 8.500801917771815 13.932
v -22.830993703247522 7.140348894147564 13.932
v -23.288990149218673 5.7493198003522705 13.932
v -23.647259563980057 4.333671236520235 13.932
v -23.90426778289514 2.899465227136107 13.932
v -24.058914257313916 1.452843262515383 13.932
v -24.11053676729116 2.720389486015968e-15 13.932
v -24.058914257313916 -1.4528432625153678 13.932
v -23.904267782895143 -2.8994652271360923 13.932
v -23.647259563980057 -4.333671236520219 13.932
v -23.288990149218677 -5.749319800352256 13.932
v -22.830993703247525 -7.14034889414755 13.932
v -22.27523143716115 -8.500801917771799 13.932
v -21.624083210305102 -9.824853202517305 13.932
v -20.880337339352884 -11.10683295751072 13.932
v -20.047178658305846 -12.341251548628057 13.932
v -19.128174880545085 -13.522823005950762 13.932
v -18.127261321335 -14.646487659100428 13.932
v -17.04872404619917 -15.707433803524134 13.932
v -15.897181517329773 -16.701118304952047 13.932
v -14.677564816623471 -17.62328605379582 13.932
v -13.395096530031653 -18.46998818618114 13.932
v -12.05526838364559 -19.23759899358907 13.932
v -10.663817727282282 -19.92283144869652 13.932
v -9.22670296627169 -20.522751280931917 13.932
v -7.750078046650294 -21.034789541472275 13.932
v -6.240266103019533 -21.456753603876404 13.932
v -4.703732381912542 -21.786836553247994 13.932
v -3.147056556616089 -22.023624923722576 13.932
v -1.5769045519992728 -22.166104751145372 13.932
v -4.429033751668153e-15 -22.21366591502145 13.932
v 1.5769045519992426 -22.166104751145376 13.932
v 3.147056556616059 -22.023624923722583 13.932
v 4.703732381912512 -21.786836553248 13.932
v 6.240266103019504 -21.45675360387641 13.932
v 7.750078046650286 -21.03478954147228 13.932
v 9.226702966271661 -20.522751280931928 13.932
v 10.663817727282273 -19.922831448696524 13.932
v 12.055268383645563 -19.23759899358908 13.932
v 13.395096530031626 -18.469988186181155 13.932
v 14.677564816623446 -17.623286053795837 13.932
v 15.897181517329757 -16.701118304952058 13.932
v 17.048724046199155 -15.707433803524147 13.932
v 18.12726132133498 -14.646487659100448 13.932
v 19.128174880545075 -13.522823005950777 13.932
v 20.04717865830583 -12.34125154862808 13.932
v 20.880337339352874 -11.106832957510736 13.932
v 21.624083210305088 -9.82485320251733 13.932
v 22.27523143716114 -8.500801917771826 13.932
v 22.830993703247522 -7.140348894147567 13.932
v 23.28899014921867 -5.749319800352283 13.932
v 23.647259563980054 -4.333671236520238 13.932
v 23.90426778289514 -2.89946522713612 13.932
v 24.058914257313916 -1.4528432625153858 13.932
v 21.11053676729116 0.0 13.932
v 21.065337487598104 1.2566338748249428 13.932
v 20.92993319877371 2.507886650475943 13.932
v 20.704903722770364 3.7484002704718424 13.932
v 20.391212670351468 4.972862665044702 13.932
v 19.990203314762205 6.176030498238075 13.932
v 19.503592839627284 7.352751620676543 13.932
v 18.933464985707037 8.497987131860306 13.932
v 18.282261127999565 9.606832957510724 13.932
v 17.552769821398208 10.674540849569256 13.932
v 16.748114859671375 11.696538718924606 13.932
v 15.871741898898058 12.668450213800229 13.932
v 14.927403702639516 13.586113459964501 13.932
v 13.919144072029564 14.445598882515116 13.932
v 12.851280529597304 15.24322603292212 13.932
v 11.728385830972833 15.975579349273511 13.932
v 10.555268383645581 16.63952278223576 13.932
v 9.33695165662528 17.232213224098455 13.932
v 8.078652669176408 17.751112683398063 13.932
v 6.785759650740806 18.193999152986958 13.932
v 5.463808967711957 18.558976125009202 13.932
v 4.118461415864149 18.844480712038305 13.932
v 2.755477979955915 19.04929033960115 13.932
v 1.3806951643088345 19.172527981429564 13.932
v 1.2926475640172815e-15 19.21366591502145 13.932
v -1.3806951643088272 19.172527981429564 13.932
v -2.755477979955908 19.04929033960115 13.932
v -4.118461415864141 18.844480712038308 13.932
v -5.46380896771195 18.558976125009202 13.932
v -6.785759650740799 18.19399915298696 13.932
v -8.078652669176401 17.751112683398066 13.932
v -9.336951656625272 17.23221322409846 13.932
v -10.555268383645574 16.63952278223576 13.932
v -11.728385830972824 15.975579349273517 13.932
v -12.851280529597297 15.243226032922124 13.932
v -13.919144072029555 14.445598882515124 13.932
v -14.927403702639515 13.586113459964501 13.932
v -15.871741898898057 12.66845021380023 13.932
v -16.74811485967137 11.69653871892461 13.932
v -17.5527698213982 10.674540849569262 13.932
v -18.28226112799956 9.606832957510733 13.932
v -18.933464985707033 8.497987131860315 13.932
v -19.503592839627284 7.352751620676544 13.932
v -19.990203314762205 6.176030498238079 13.932
v -20.391212670351468 4.972862665044707 13.932
v -20.704903722770364 3.748400270471849 13.932
v -20.92993319877371 2.507886650475951 13.932
v -21.065337487598104 1.2566338748249526 13.932
v -21.11053676729116 2.3529954462717623e-15 13.932
v -21.065337487598104 -1.2566338748249393 13.932
v -20.92993319877371 -2.507886650475938 13.932
v -20.704903722770368 -3.7484002704718358 13.932
v -20.39121267035147 -4.972862665044695 13.932
v -19.99020331476221 -6.176030498238067 13.932
v -19.50359283962729 -7.352751620676532 13.932
v -18.933464985707037 -8.497987131860302 13.932
v -18.28226112799957 -9.60683295751072 13.932
v -17.55276982139821 -10.67454084956925 13.932
v -16.74811485967138 -11.6965387189246 13.932
v -15.871741898898065 -12.668450213800222 13.932
v -14.927403702639523 -13.586113459964492 13.932
v -13.919144072029566 -14.445598882515116 13.932
v -12.85128052959731 -15.243226032922115 13.932
v -11.728385830972844 -15.975579349273506 13.932
v -10.555268383645588 -16.639522782235755 13.932
v -9.336951656625278 -17.232213224098455 13.932
v -8.078652669176419 -17.75111268339806 13.932
v -6.785759650740808 -18.193999152986958 13.932
v -5.4638089677119694 -18.5589761250092 13.932
v -4.1184614158641555 -18.844480712038305 13.932
v -2.755477979955931 -19.049290339601146 13.932
v -1.3806951643088419 -19.172527981429564 13.932
v -3.877942692051844e-15 -19.21366591502145 13.932
v 1.3806951643088154 -19.172527981429564 13.932
v 2.7554779799559053 -19.04929033960115 13.932
v 4.11846141586413 -18.844480712038308 13.932
v 5.463808967711944 -18.558976125009206 13.932
v 6.785759650740801 -18.19399915298696 13.932
v 8.078652669176394 -17.751112683398066 13.932
v 9.33695165662527 -17.23221322409846 13.932
v 10.555268383645565 -16.639522782235765 13.932
v 11.72838583097282 -15.975579349273518 13.932
v 12.851280529597288 -15.24322603292213 13.932
v 13.919144072029551 -14.445598882515124 13.932
v 14.927403702639511 -13.586113459964503 13.932
v 15.87174189889805 -12.66845021380024 13.932
v 16.748114859671368 -11.696538718924613 13.932
v 17.552769821398194 -10.67454084956927 13.932
v 18.282261127999558 -9.606832957510735 13.932
v 18.933464985707026 -8.497987131860324 13.932
v 19.50359283962728 -7.352751620676554 13.932
v 19.990203314762205 -6.176030498238082 13.932
v 20.391212670351464 -4.972862665044718 13.932
v 20.70490372277036 -3.7484002704718513 13.932
v 20.929933198773707 -2.507886650475962 13.932
v 21.065337487598104 -1.2566338748249546 13.932
v 24.715015325927446 0.0 14.706
v 24.662098580955544 1.482082198633305 14.706
v 24.503574943665736 2.9578178937586634 14.706
v 24.240123236609886 4.420887758570483 14.706
v 23.872871600443457 5.8650267032930685 14.706
v 23.403392663054 7.284050703256871 14.706
v 22.833696805327136 8.671883279841522 14.706
v 22.16622355238696 10.022581520890148 14.706
v 21.403831127174907 11.330361529171613 14.706
v 20.549784211100356 12.58962318991642 14.706
v 19.60773996417361 13.794974151367889 14.706
v 18.581732364485266 14.941252915660241 14.706
v 17.476154934092747 16.02355094114486 14.706
v 16.29574192528433 17.037233661519195 14.706
v 15.045548047784024 17.977960331751216 14.706
v 13.730926823708556 18.84170261581599 14.706
v 12.357507662963727 19.624761836649032 14.706
v 10.931171757246998 20.323784814449297 14.706
v 9.458026895881714 20.93577822550988 14.706
v 7.944381311325565 21.45812142008968 14.706
v 6.396716666350713 21.888577644437923 14.706
v 4.821660298568732 22.225303618917113 14.706
v 3.22595684115353 22.466857431209412 14.706
v 1.6164393412866043 22.61220471080657 14.706
v 1.5133582204887413e-15 22.66072305834323 14.706
v -1.6164393412865956 22.61220471080657 14.706
v -3.2259568411535215 22.466857431209416 14.706
v -4.821660298568723 22.225303618917117 14.706
v -6.396716666350704 21.888577644437927 14.706
v -7.944381311325556 21.458121420089682 14.706
v -9.458026895881707 20.935778225509882 14.706
v -10.93117175724699 20.323784814449297 14.706
v -12.357507662963718 19.624761836649036 14.706
v -13.730926823708545 18.841702615815993 14.706
v -15.045548047784015 17.97796033175122 14.706
v -16.295741925284318 17.037233661519206 14.706
v -17.476154934092747 16.02355094114486 14.706
v -18.581732364485262 14.941252915660245 14.706
v -19.607739964173607 13.794974151367896 14.706
v -20.549784211100352 12.589623189916427 14.706
v -21.403831127174904 11.330361529171622 14.706
v -22.166223552386953 10.022581520890157 14.706
v -22.833696805327136 8.671883279841524 14.706
v -23.403392663053996 7.284050703256876 14.706
v -23.872871600443453 5.865026703293075 14.706
v -24.240123236609886 4.420887758570491 14.706
v -24.503574943665736 2.9578178937586728 14.706
v -24.662098580955544 1.4820821986333164 14.706
v -24.715015325927446 2.7751381959764657e-15 14.706
v -24.662098580955544 -1.4820821986333006 14.706
v -24.50357494366574 -2.9578178937586577 14.706
v -24.24012323660989 -4.420887758570475 14.706
v -23.872871600443457 -5.86502670329306 14.706
v -23.403392663054 -7.284050703256861 14.706
v -22.83369680532714 -8.67188327984151 14.706
v -22.16622355238696 -10.022581520890144 14.706
v -21.40383112717491 -11.330361529171608 14.706
v -20.549784211100363 -12.589623189916415 14.706
v -19.607739964173614 -13.794974151367883 14.706
v -18.581732364485276 -14.941252915660234 14.706
v -17.476154934092758 -16.023550941144848 14.706
v -16.295741925284332 -17.037233661519195 14.706
v -15.04554804778403 -17.97796033175121 14.706
v -13.73092682370857 -18.841702615815983 14.706
v -12.357507662963734 -19.624761836649032 14.706
v -10.931171757246995 -20.323784814449297 14.706
v -9.458026895881726 -20.935778225509875 14.706
v -7.944381311325568 -21.45812142008968 14.706
v -6.396716666350726 -21.888577644437923 14.706
v -4.821660298568741 -22.22530361891711 14.706
v -3.225956841153549 -22.46685743120941 14.706
v -1.6164393412866127 -22.61220471080657 14.706
v -4.540074661466224e-15 -22.66072305834323 14.706
v 1.6164393412865818 -22.612204710806573 14.706
v 3.225956841153519 -22.466857431209416 14.706
v 4.82166029856871 -22.22530361891712 14.706
v 6.396716666350696 -21.88857764443793 14.706
v 7.944381311325559 -21.458121420089682 14.706
v 9.458026895881698 -20.935778225509885 14.706
v 10.931171757246986 -20.323784814449297 14.706
v 12.357507662963707 -19.624761836649043 14.706
v 13.730926823708542 -18.841702615815997 14.706
v 15.045548047784004 -17.977960331751227 14.706
v 16.295741925284315 -17.037233661519206 14.706
v 17.476154934092744 -16.023550941144862 14.706
v 18.581732364485255 -14.941252915660254 14.706
v 19.607739964173604 -13.7949741513679 14.706
v 20.549784211100345 -12.589623189916438 14.706
v 21.4038311271749 -11.330361529171626 14.706
v 22.166223552386946 -10.022581520890169 14.706
v 22.83369680532713 -8.671883279841536 14.706
v 23.403392663053996 -7.284050703256878 14.706
v 23.87287160044345 -5.865026703293087 14.706
v 24.240123236609886 -4.420887758570494 14.706
v 24.503574943665733 -2.957817893758686 14.706
v 24.662098580955544 -1.4820821986333188 14.706
v 21.715015325927446 0.0 14.706
v 21.668521811239735 1.2858728109428759 14.706
v 21.529240359544303 2.5662393170985087 14.706
v 21.297767395400196 3.8356167925220985 14.706
v 20.97509412157625 5.088569567985506 14.706
v 20.562602274568683 6.319732307347387 14.706
v 20.062058207793275 7.523832982746253 14.706
v 19.475605327788895 8.695715450233143 14.706
v 18.80575491582159 9.830361529171613 14.706
v 18.05537537419272 10.922912490857614 14.706
v 17.227679943299908 11.968689864341727 14.706
v 16.326212942048336 12.963215470360035 14.706
v 15.354834590533105 13.902230597585216 14.706
v 14.31770447998412 14.781714239082262 14.706
v 13.219263760757862 15.59790031087751 14.706
v 12.064216124649748 16.347293778908355 14.706
v 10.857507662963725 17.02668562529572 14.706
v 9.604305686589994 17.633166589851232 14.706
v 8.309976598786445 18.16413962797602 14.706
v 6.98006291541608 18.617331031604362 14.706
v 5.62025953104315 18.99080016557072 14.706
v 4.236389332520347 19.282947777707424 14.706
v 2.834378264493375 19.49252284708798 14.706
v 1.4202299535961744 19.618627941090757 14.706
v 1.3296612006166383e-15 19.66072305834323 14.706
v -1.4202299535961669 19.618627941090757 14.706
v -2.8343782644933673 19.492522847087983 14.706
v -4.236389332520339 19.282947777707424 14.706
v -5.620259531043143 18.99080016557072 14.706
v -6.980062915416073 18.617331031604365 14.706
v -8.309976598786438 18.16413962797602 14.706
v -9.604305686589987 17.633166589851236 14.706
v -10.857507662963718 17.02668562529572 14.706
v -12.06421612464974 16.34729377890836 14.706
v -13.219263760757855 15.597900310877515 14.706
v -14.317704479984112 14.781714239082271 14.706
v -15.354834590533104 13.902230597585216 14.706
v -16.326212942048333 12.963215470360037 14.706
v -17.2276799432999 11.968689864341734 14.706
v -18.055375374192717 10.92291249085762 14.706
v -18.805754915821588 9.830361529171622 14.706
v -19.475605327788887 8.695715450233152 14.706
v -20.062058207793275 7.523832982746255 14.706
v -20.56260227456868 6.319732307347391 14.706
v -20.975094121576248 5.088569567985512 14.706
v -21.297767395400196 3.8356167925221056 14.706
v -21.529240359544303 2.5662393170985167 14.706
v -21.668521811239735 1.2858728109428856 14.706
v -21.715015325927446 2.40774415623226e-15 14.706
v -21.668521811239735 -1.2858728109428719 14.706
v -21.529240359544307 -2.566239317098504 14.706
v -21.2977673954002 -3.835616792522092 14.706
v -20.97509412157625 -5.088569567985498 14.706
v -20.562602274568683 -6.319732307347378 14.706
v -20.06205820779328 -7.523832982746241 14.706
v -19.475605327788895 -8.69571545023314 14.706
v -18.805754915821595 -9.83036152917161 14.706
v -18.055375374192728 -10.922912490857609 14.706
v -17.227679943299908 -11.968689864341723 14.706
v -16.326212942048343 -12.963215470360028 14.706
v -15.354834590533113 -13.902230597585207 14.706
v -14.317704479984124 -14.781714239082262 14.706
v -13.219263760757867 -15.597900310877506 14.706
v -12.06421612464976 -16.347293778908348 14.706
v -10.857507662963732 -17.026685625295716 14.706
v -9.60430568658999 -17.633166589851232 14.706
v -8.309976598786456 -18.164139627976013 14.706
v -6.980062915416082 -18.617331031604362 14.706
v -5.620259531043161 -18.990800165570718 14.706
v -4.236389332520354 -19.28294777770742 14.706
v -2.8343782644933917 -19.49252284708798 14.706
v -1.420229953596182 -19.618627941090757 14.706
v -3.988983601849915e-15 -19.66072305834323 14.706
v 1.420229953596155 -19.61862794109076 14.706
v 2.834378264493365 -19.492522847087983 14.706
v 4.236389332520328 -19.282947777707427 14.706
v 5.620259531043135 -18.990800165570725 14.706
v 6.980062915416075 -18.617331031604365 14.706
v 8.309976598786431 -18.164139627976024 14.706
v 9.604305686589983 -17.633166589851236 14.706
v 10.857507662963709 -17.026685625295727 14.706
v 12.064216124649736 -16.347293778908362 14.706
v 13.219263760757846 -15.59790031087752 14.706
v 14.31770447998411 -14.781714239082271 14.706
v 15.3548345905331 -13.902230597585218 14.706
v 16.326212942048326 -12.963215470360046 14.706
v 17.2276799432999 -11.968689864341735 14.706
v 18.05537537419271 -10.922912490857628 14.706
v 18.805754915821584 -9.830361529171624 14.706
v 19.47560532778888 -8.695715450233163 14.706
v 20.06205820779327 -7.523832982746264 14.706
v 20.56260227456868 -6.319732307347393 14.706
v 20.975094121576245 -5.088569567985522 14.706
v 21.297767395400193 -3.835616792522108 14.706
v 21.529240359544303 -2.5662393170985283 14.706
v 21.668521811239735 -1.2858728109428879 14.706
v 25.33680250782987 0.0 15.48
v 25.28255446877226 1.5120014565239002 15.48
v 25.120042650030996 3.017528290684278 15.48
v 24.84996295216319 4.510133605444575 15.48
v 24.473471897898506 5.983425835698051 15.48
v 23.992181679731257 7.431096117930821 15.48
v 23.408153256264658 8.846945305743981 15.48
v 22.723887526869667 10.224910515550192 15.48
v 21.942314622449942 11.559091088771996 15.48
v 21.066781358171458 12.843773859367731 15.48
v 20.101036901886175 14.073457618485618 15.48
v 19.04921671961968 15.24287667148463 15.48
v 17.915824866870825 16.347023386447347 15.48
v 16.705714701554555 17.381169637628602 15.48
v 15.424068101178248 18.34088705201583 15.48
v 14.076373273246688 19.222065972302115 15.48
v 12.668401253914938 20.02093305506975 15.48
v 11.206181195525584 20.734067428826016 15.48
v 9.69597454885275 21.35841534270011 15.48
v 8.144248250608639 21.891303243073178 15.48
v 6.5576470310276855 22.330449222145393 15.48
v 4.942964960111577 22.67397278941545 15.48
v 3.30711635437849 22.920402924229602 15.48
v 1.657106168698215 23.068684374917925 15.48
v 1.5514317045921241e-15 23.118182177543996 15.48
v -1.6571061686982063 23.068684374917925 15.48
v -3.3071163543784814 22.920402924229602 15.48
v -4.942964960111568 22.673972789415455 15.48
v -6.557647031027677 22.330449222145397 15.48
v -8.144248250608632 21.89130324307318 15.48
v -9.695974548852742 21.35841534270011 15.48
v -11.206181195525577 20.73406742882602 15.48
v -12.66840125391493 20.020933055069754 15.48
v -14.076373273246675 19.22206597230212 15.48
v -15.42406810117824 18.340887052015834 15.48
v -16.705714701554545 17.381169637628613 15.48
v -17.91582486687082 16.347023386447347 15.48
v -19.04921671961968 15.242876671484634 15.48
v -20.101036901886168 14.073457618485627 15.48
v -21.06678135817145 12.84377385936774 15.48
v -21.942314622449935 11.559091088772005 15.48
v -22.723887526869664 10.224910515550203 15.48
v -23.408153256264658 8.846945305743985 15.48
v -23.992181679731253 7.431096117930826 15.48
v -24.473471897898502 5.983425835698057 15.48
v -24.84996295216319 4.510133605444584 15.48
v -25.120042650030996 3.0175282906842877 15.48
v -25.28255446877226 1.5120014565239117 15.48
v -25.33680250782987 2.8311607805834643e-15 15.48
v -25.28255446877226 -1.5120014565238957 15.48
v -25.120042650031 -3.017528290684272 15.48
v -24.849962952163192 -4.510133605444567 15.48
v -24.47347189789851 -5.983425835698042 15.48
v -23.99218167973126 -7.43109611793081 15.48
v -23.40815325626466 -8.846945305743969 15.48
v -22.723887526869667 -10.224910515550189 15.48
v -21.942314622449945 -11.559091088771991 15.48
v -21.06678135817146 -12.843773859367728 15.48
v -20.101036901886175 -14.073457618485612 15.48
v -19.04921671961969 -15.242876671484623 15.48
v -17.915824866870835 -16.347023386447336 15.48
v -16.70571470155456 -17.381169637628602 15.48
v -15.424068101178253 -18.340887052015827 15.48
v -14.0763732732467 -19.222065972302108 15.48
v -12.668401253914945 -20.020933055069747 15.48
v -11.206181195525582 -20.734067428826016 15.48
v -9.695974548852764 -21.358415342700102 15.48
v -8.144248250608642 -21.891303243073178 15.48
v -6.557647031027699 -22.330449222145393 15.48
v -4.942964960111586 -22.67397278941545 15.48
v -3.3071163543785094 -22.9204029242296 15.48
v -1.6571061686982238 -23.068684374917925 15.48
v -4.654295113776372e-15 -23.118182177543996 15.48
v 1.6571061686981923 -23.06868437491793 15.48
v 3.3071163543784787 -22.920402924229602 15.48
v 4.942964960111554 -22.67397278941546 15.48
v 6.557647031027669 -22.3304492221454 15.48
v 8.144248250608634 -21.89130324307318 15.48
v 9.695974548852734 -21.358415342700113 15.48
v 11.206181195525573 -20.73406742882602 15.48
v 12.668401253914917 -20.02093305506976 15.48
v 14.076373273246674 -19.222065972302122 15.48
v 15.424068101178229 -18.340887052015844 15.48
v 16.70571470155454 -17.381169637628613 15.48
v 17.91582486687082 -16.34702338644735 15.48
v 19.04921671961967 -15.242876671484643 15.48
v 20.101036901886165 -14.073457618485628 15.48
v 21.066781358171443 -12.84377385936775 15.48
v 21.942314622449935 -11.559091088772009 15.48
v 22.723887526869653 -10.224910515550214 15.48
v 23.40815325626465 -8.846945305743995 15.48
v 23.992181679731253 -7.431096117930829 15.48
v 24.4734718978985 -5.98342583569807 15.48
v 24.84996295216319 -4.510133605444586 15.48
v 25.120042650030992 -3.017528290684301 15.48
v 25.28255446877226 -1.5120014565239142 15.48
v 22.33680250782987 0.0 15.48
v 22.288977699056453 1.315792068833471 15.48
v 22.145708065909567 2.6259497140241232 15.48
v 21.9076071109535 3.9248626393961903 15.48
v 21.5756944190313 5.2069687003904885 15.48
v 21.15139129124594 6.4667777220213365 15.48
v 20.636514658730796 7.698895008648712 15.48
v 20.033269302271602 8.898044444893188 15.48
v 19.344238411096626 10.059091088771996 15.48
v 18.572372521263823 11.177063160308926 15.48
v 17.72097688101247 12.247173331459457 15.48
v 16.79369729718275 13.264839226184424 15.48
v 15.794504523311183 14.225703042887703 15.48
v 14.72767725625435 15.12565021519167 15.48
v 13.597783814152086 15.960827031142125 15.48
v 12.40966257418788 16.72765713539448 15.48
v 11.168401253914936 17.422856843716435 15.48
v 9.87931512486858 18.04344920422795 15.48
v 8.54792425175748 18.586776745166247 15.48
v 7.179929854699155 19.05051285458786 15.48
v 5.781189895720122 19.43267174327819 15.48
v 4.357693994063192 19.73161694820576 15.48
v 2.9155377777183347 19.94606834010817 15.48
v 1.4608967810077853 20.075107605202117 15.48
v 1.367734684720021e-15 20.118182177543996 15.48
v -1.4608967810077775 20.075107605202117 15.48
v -2.915537777718327 19.946068340108173 15.48
v -4.357693994063184 19.731616948205765 15.48
v -5.781189895720114 19.432671743278192 15.48
v -7.1799298546991475 19.050512854587865 15.48
v -8.547924251757474 18.58677674516625 15.48
v -9.879315124868572 18.043449204227954 15.48
v -11.16840125391493 17.42285684371644 15.48
v -12.40966257418787 16.727657135394484 15.48
v -13.597783814152079 15.960827031142129 15.48
v -14.72767725625434 15.12565021519168 15.48
v -15.79450452331118 14.225703042887703 15.48
v -16.793697297182746 13.264839226184426 15.48
v -17.72097688101246 12.247173331459463 15.48
v -18.572372521263816 11.177063160308933 15.48
v -19.344238411096622 10.059091088772005 15.48
v -20.0332693022716 8.898044444893198 15.48
v -20.636514658730796 7.698895008648715 15.48
v -21.151391291245936 6.466777722021341 15.48
v -21.575694419031297 5.206968700390494 15.48
v -21.9076071109535 3.924862639396198 15.48
v -22.145708065909567 2.6259497140241317 15.48
v -22.288977699056453 1.315792068833481 15.48
v -22.33680250782987 2.4637667408392585e-15 15.48
v -22.288977699056453 -1.315792068833467 15.48
v -22.145708065909567 -2.6259497140241184 15.48
v -21.907607110953503 -3.9248626393961836 15.48
v -21.5756944190313 -5.2069687003904805 15.48
v -21.151391291245943 -6.466777722021328 15.48
v -20.636514658730803 -7.698895008648702 15.48
v -20.033269302271602 -8.898044444893186 15.48
v -19.34423841109663 -10.059091088771993 15.48
v -18.572372521263826 -11.17706316030892 15.48
v -17.72097688101247 -12.247173331459452 15.48
v -16.793697297182757 -13.264839226184417 15.48
v -15.79450452331119 -14.225703042887694 15.48
v -14.727677256254353 -15.12565021519167 15.48
v -13.597783814152091 -15.96082703114212 15.48
v -12.409662574187893 -16.727657135394473 15.48
v -11.168401253914945 -17.422856843716435 15.48
v -9.879315124868578 -18.04344920422795 15.48
v -8.547924251757491 -18.586776745166244 15.48
v -7.179929854699157 -19.05051285458786 15.48
v -5.781189895720135 -19.43267174327819 15.48
v -4.357693994063199 -19.731616948205758 15.48
v -2.915537777718352 -19.94606834010817 15.48
v -1.460896781007793 -20.075107605202117 15.48
v -4.103204054160063e-15 -20.118182177543996 15.48
v 1.460896781007765 -20.075107605202117 15.48
v 2.915537777718325 -19.946068340108173 15.48
v 4.357693994063172 -19.731616948205765 15.48
v 5.781189895720107 -19.432671743278195 15.48
v 7.179929854699149 -19.050512854587865 15.48
v 8.547924251757467 -18.58677674516625 15.48
v 9.87931512486857 -18.043449204227954 15.48
v 11.16840125391492 -17.422856843716445 15.48
v 12.409662574187868 -16.727657135394487 15.48
v 13.59778381415207 -15.960827031142136 15.48
v 14.727677256254337 -15.12565021519168 15.48
v 15.794504523311177 -14.225703042887707 15.48
v 16.79369729718274 -13.264839226184435 15.48
v 17.72097688101246 -12.247173331459466 15.48
v 18.57237252126381 -11.177063160308942 15.48
v 19.34423841109662 -10.059091088772007 15.48
v 20.03326930227159 -8.898044444893207 15.48
v 20.636514658730793 -7.698895008648725 15.48
v 21.151391291245936 -6.466777722021343 15.48
v 21.575694419031294 -5.206968700390505 15.48
v 21.907607110953496 -3.9248626393962 15.48
v 22.145708065909563 -2.6259497140241437 15.48
v 22.288977699056453 -1.3157920688334832 15.48
v 25.976393927665136 0.0 16.254
v 25.92077647428173 1.5426168656863053 16.254
v 25.75416227660545 3.078628009126892 16.254
v 25.477264802209824 4.601455994792826 16.254
v 25.091269768590283 6.1045798394606825 16.254
v 24.597830065739824 7.58156293606382 16.254
v 23.999058678220294 9.026080616232019 16.254
v 23.29751963703811 10.431947233492401 16.254
v 22.49621704006984 11.793142651157295 16.254
v 21.59858218805392 13.103838021473736 16.254
v 20.608458891234097 14.358420745644414 16.254
v 19.530087009573833 15.55151850783739 16.254
v 18.368084297025074 16.67802228026725 16.254
v 17.12742662759685 17.733108200836433 16.254
v 15.813426687898883 18.712258229653347 16.254
v 14.431711227401903 19.611279495972735 16.254
v 12.988196963832571 20.426322252711966 16.254
v 11.489065246879836 21.15389636165904 16.254
v 9.940735588706572 21.79088623878024 16.254
v 8.349838174612978 22.334564195629262 16.254
v 6.723185471565214 22.78260211972793 16.254
v 5.067743056165992 23.13308144390121 16.254
v 3.3905997869862037 23.384501361876435 16.254
v 1.6989374489841917 23.53578525496614 16.254
v 1.5905953838452925e-15 23.586285302314593 16.254
v -1.6989374489841829 23.53578525496614 16.254
v -3.390599786986195 23.384501361876435 16.254
v -5.067743056165982 23.133081443901215 16.254
v -6.7231854715652055 22.78260211972793 16.254
v -8.34983817461297 22.334564195629266 16.254
v -9.940735588706563 21.790886238780242 16.254
v -11.489065246879827 21.153896361659044 16.254
v -12.988196963832563 20.426322252711966 16.254
v -14.431711227401893 19.611279495972738 16.254
v -15.813426687898874 18.712258229653354 16.254
v -17.12742662759684 17.733108200836444 16.254
v -18.36808429702507 16.67802228026725 16.254
v -19.53008700957383 15.551518507837391 16.254
v -20.60845889123409 14.358420745644422 16.254
v -21.598582188053914 13.103838021473745 16.254
v -22.496217040069833 11.793142651157304 16.254
v -23.297519637038103 10.431947233492412 16.254
v -23.999058678220294 9.02608061623202 16.254
v -24.59783006573982 7.5815629360638255 16.254
v -25.09126976859028 6.10457983946069 16.254
v -25.477264802209824 4.601455994792835 16.254
v -25.75416227660545 3.0786280091269016 16.254
v -25.92077647428173 1.542616865686317 16.254
v -25.976393927665136 2.8884868799255827e-15 16.254
v -25.92077647428173 -1.5426168656863006 16.254
v -25.754162276605452 -3.078628009126886 16.254
v -25.477264802209824 -4.601455994792819 16.254
v -25.091269768590287 -6.104579839460674 16.254
v -24.597830065739828 -7.58156293606381 16.254
v -23.999058678220297 -9.026080616232004 16.254
v -23.29751963703811 -10.431947233492398 16.254
v -22.496217040069844 -11.79314265115729 16.254
v -21.598582188053925 -13.103838021473731 16.254
v -20.6084588912341 -14.358420745644409 16.254
v -19.53008700957384 -15.55151850783738 16.254
v -18.36808429702508 -16.67802228026724 16.254
v -17.127426627596854 -17.733108200836433 16.254
v -15.813426687898888 -18.712258229653344 16.254
v -14.43171122740192 -19.611279495972724 16.254
v -12.988196963832578 -20.426322252711962 16.254
v -11.489065246879834 -21.15389636165904 16.254
v -9.940735588706584 -21.790886238780235 16.254
v -8.34983817461298 -22.334564195629262 16.254
v -6.723185471565229 -22.782602119727926 16.254
v -5.067743056166001 -23.133081443901208 16.254
v -3.3905997869862237 -23.38450136187643 16.254
v -1.6989374489842008 -23.53578525496614 16.254
v -4.7717861515358776e-15 -23.586285302314593 16.254
v 1.6989374489841684 -23.535785254966143 16.254
v 3.390599786986192 -23.384501361876435 16.254
v 5.067743056165968 -23.133081443901215 16.254
v 6.723185471565197 -22.782602119727933 16.254
v 8.349838174612971 -22.334564195629266 16.254
v 9.940735588706554 -21.790886238780246 16.254
v 11.489065246879825 -21.153896361659044 16.254
v 12.98819696383255 -20.426322252711977 16.254
v 14.43171122740189 -19.61127949597274 16.254
v 15.813426687898861 -18.71225822965336 16.254
v 17.127426627596837 -17.733108200836444 16.254
v 18.368084297025067 -16.67802228026725 16.254
v 19.530087009573823 -15.551518507837402 16.254
v 20.608458891234086 -14.358420745644425 16.254
v 21.598582188053907 -13.103838021473754 16.254
v 22.496217040069833 -11.793142651157307 16.254
v 23.297519637038093 -10.431947233492423 16.254
v 23.999058678220287 -9.026080616232033 16.254
v 24.59783006573982 -7.581562936063828 16.254
v 25.091269768590276 -6.104579839460702 16.254
v 25.47726480220982 -4.601455994792838 16.254
v 25.75416227660545 -3.0786280091269154 16.254
v 25.92077647428173 -1.5426168656863197 16.254
v 22.976393927665136 0.0 16.254
v 22.92719970456592 1.3464074779958761 16.254
v 22.77982769248402 2.687049432466737 16.254
v 22.53490896100013 4.016185028744442 16.254
v 22.19349228972308 5.32812270415312 16.254
v 21.757039677254507 6.617244540154336 16.254
v 21.227420080686432 7.878030319136748 16.254
v 20.606901412440045 9.105081162835397 16.254
v 19.898140828716524 10.293142651157295 16.254
v 19.104173351146287 11.43712732241493 16.254
v 18.22839887036039 12.532136458618252 16.254
v 17.2745675871369 13.573481062537182 16.254
v 16.246763953465432 14.556701936707606 16.254
v 15.149389182296643 15.477588778399504 16.254
v 13.98714240087272 16.33219820877964 16.254
v 12.765000528343098 17.116870659065096 16.254
v 11.48819696383257 17.82824604135865 16.254
v 10.162199176222831 18.463278137060975 16.254
v 8.792685291611301 19.01924764124638 16.254
v 7.385519778703492 19.493773807143945 16.254
v 5.946728336257651 19.884824640860725 16.254
v 4.482472090117607 20.19072560269152 16.254
v 2.9990212103260485 20.410166777755002 16.254
v 1.502728061293762 20.542208485250327 16.254
v 1.4068983639731896e-15 20.586285302314593 16.254
v -1.502728061293754 20.542208485250327 16.254
v -2.999021210326041 20.410166777755006 16.254
v -4.482472090117598 20.190725602691522 16.254
v -5.946728336257644 19.884824640860725 16.254
v -7.385519778703485 19.49377380714395 16.254
v -8.792685291611294 19.01924764124638 16.254
v -10.162199176222824 18.46327813706098 16.254
v -11.488196963832563 17.82824604135865 16.254
v -12.765000528343087 17.116870659065103 16.254
v -13.987142400872711 16.332198208779648 16.254
v -15.149389182296634 15.477588778399513 16.254
v -16.24676395346543 14.556701936707606 16.254
v -17.274567587136897 13.573481062537185 16.254
v -18.228398870360387 12.53213645861826 16.254
v -19.10417335114628 11.437127322414938 16.254
v -19.89814082871652 10.293142651157304 16.254
v -20.60690141244004 9.105081162835406 16.254
v -21.227420080686432 7.878030319136751 16.254
v -21.757039677254504 6.61724454015434 16.254
v -22.193492289723075 5.3281227041531265 16.254
v -22.53490896100013 4.01618502874445 16.254
v -22.77982769248402 2.6870494324667455 16.254
v -22.92719970456592 1.3464074779958863 16.254
v -22.976393927665136 2.521092840181377e-15 16.254
v -22.92719970456592 -1.3464074779958721 16.254
v -22.779827692484023 -2.687049432466732 16.254
v -22.534908961000134 -4.016185028744435 16.254
v -22.193492289723082 -5.328122704153112 16.254
v -21.75703967725451 -6.617244540154327 16.254
v -21.22742008068644 -7.878030319136737 16.254
v -20.606901412440045 -9.105081162835393 16.254
v -19.898140828716528 -10.293142651157291 16.254
v -19.10417335114629 -11.437127322414925 16.254
v -18.228398870360394 -12.532136458618247 16.254
v -17.274567587136907 -13.573481062537176 16.254
v -16.24676395346544 -14.556701936707595 16.254
v -15.149389182296646 -15.477588778399504 16.254
v -13.987142400872726 -16.332198208779637 16.254
v -12.76500052834311 -17.11687065906509 16.254
v -11.488196963832578 -17.828246041358646 16.254
v -10.16219917622283 -18.463278137060975 16.254
v -8.792685291611313 -19.019247641246373 16.254
v -7.385519778703495 -19.493773807143945 16.254
v -5.946728336257665 -19.88482464086072 16.254
v -4.482472090117614 -20.19072560269152 16.254
v -2.9990212103260663 -20.410166777755 16.254
v -1.50272806129377 -20.542208485250327 16.254
v -4.2206950919195686e-15 -20.586285302314593 16.254
v 1.5027280612937413 -20.54220848525033 16.254
v 2.9990212103260383 -20.410166777755006 16.254
v 4.482472090117586 -20.190725602691526 16.254
v 5.946728336257636 -19.884824640860728 16.254
v 7.385519778703487 -19.49377380714395 16.254
v 8.792685291611287 -19.019247641246384 16.254
v 10.16219917622282 -18.46327813706098 16.254
v 11.488196963832552 -17.828246041358657 16.254
v 12.765000528343084 -17.116870659065103 16.254
v 13.987142400872703 -16.332198208779655 16.254
v 15.14938918229663 -15.477588778399513 16.254
v 16.246763953465425 -14.556701936707608 16.254
v 17.27456758713689 -13.573481062537194 16.254
v 18.228398870360383 -12.532136458618261 16.254
v 19.104173351146272 -11.437127322414947 16.254
v 19.898140828716517 -10.293142651157305 16.254
v 20.60690141244003 -9.105081162835416 16.254
v 21.22742008068643 -7.878030319136761 16.254
v 21.757039677254504 -6.617244540154343 16.254
v 22.19349228972307 -5.328122704153138 16.254
v 22.534908961000127 -4.016185028744451 16.254
v 22.779827692484016 -2.6870494324667575 16.254
v 22.92719970456592 -1.3464074779958886 16.254
v 26.634299391517384 0.0 17.028000000000002
v 26.57727331203413 1.5739446239351527 17.028000000000002
v 26.406439268011514 3.1411493753542405 17.028000000000002
v 26.12252879705297 4.694903242910036 17.028000000000002
v 25.72675764738186 6.228552814005032 17.028000000000002
v 25.220820571820973 7.735530765725634 17.028000000000002
v 24.60688407060073 9.209383987127113 17.028000000000002
v 23.88757711407261 10.643801212445359 17.028000000000002
v 23.065979885054475 12.032640046905824 17.028000000000002
v 22.145610589014876 13.369953269400932 17.028000000000002
v 21.130410388577133 14.650014299403898 17.028000000000002
v 20.024726526855876 15.867341719065704 17.028000000000002
v 18.83329371189468 17.016722745487854 17.028000000000002
v 17.5612138419193 18.093235552659017 17.028000000000002
v 16.213934158226223 19.092270347469643 17.028000000000002
v 14.797223919259167 20.00954910955373 17.028000000000002
v 13.317149695758696 20.841143910428848 17.028000000000002
v 11.780049392774972 21.583493733488886 17.028000000000002
v 10.192505109785296 22.233419722823882 17.028000000000002
v 8.561314955133673 22.788138795569054 17.028000000000002
v 6.893463935487184 23.245275559492885 17.028000000000002
v 5.196094044965097 23.60287248479134 17.028000000000002
v 3.4764736820236046 23.85939828653101 17.028000000000002
v 1.7419665250577376 24.01375448184629 17.028000000000002
v 1.630880474867703e-15 24.06528009381165 17.028000000000002
v -1.7419665250577285 24.01375448184629 17.028000000000002
v -3.4764736820235957 23.859398286531015 17.028000000000002
v -5.196094044965088 23.60287248479134 17.028000000000002
v -6.893463935487175 23.245275559492885 17.028000000000002
v -8.561314955133664 22.788138795569058 17.028000000000002
v -10.192505109785287 22.233419722823886 17.028000000000002
v -11.780049392774963 21.583493733488886 17.028000000000002
v -13.317149695758687 20.84114391042885 17.028000000000002
v -14.797223919259157 20.009549109553735 17.028000000000002
v -16.213934158226213 19.092270347469647 17.028000000000002
v -17.56121384191929 18.093235552659028 17.028000000000002
v -18.833293711894676 17.016722745487854 17.028000000000002
v -20.024726526855872 15.867341719065708 17.028000000000002
v -21.130410388577126 14.650014299403905 17.028000000000002
v -22.14561058901487 13.369953269400941 17.028000000000002
v -23.065979885054468 12.032640046905835 17.028000000000002
v -23.887577114072602 10.64380121244537 17.028000000000002
v -24.60688407060073 9.209383987127115 17.028000000000002
v -25.22082057182097 7.735530765725639 17.028000000000002
v -25.726757647381856 6.228552814005039 17.028000000000002
v -26.12252879705297 4.694903242910045 17.028000000000002
v -26.406439268011514 3.1411493753542503 17.028000000000002
v -26.57727331203413 1.5739446239351649 17.028000000000002
v -26.634299391517384 2.9471468237470956e-15 17.028000000000002
v -26.57727331203413 -1.573944623935148 17.028000000000002
v -26.406439268011518 -3.1411493753542343 17.028000000000002
v -26.122528797052972 -4.694903242910028 17.028000000000002
v -25.726757647381863 -6.228552814005023 17.028000000000002
v -25.220820571820973 -7.735530765725623 17.028000000000002
v -24.606884070600735 -9.209383987127099 17.028000000000002
v -23.88757711407261 -10.643801212445355 17.028000000000002
v -23.065979885054475 -12.032640046905819 17.028000000000002
v -22.145610589014883 -13.369953269400927 17.028000000000002
v -21.130410388577136 -14.650014299403892 17.028000000000002
v -20.024726526855883 -15.867341719065696 17.028000000000002
v -18.83329371189469 -17.016722745487844 17.028000000000002
v -17.561213841919304 -18.093235552659017 17.028000000000002
v -16.213934158226227 -19.092270347469636 17.028000000000002
v -14.797223919259183 -20.009549109553724 17.028000000000002
v -13.317149695758705 -20.841143910428844 17.028000000000002
v -11.780049392774968 -21.583493733488886 17.028000000000002
v -10.19250510978531 -22.23341972282388 17.028000000000002
v -8.561314955133676 -22.788138795569054 17.028000000000002
v -6.893463935487199 -23.24527555949288 17.028000000000002
v -5.196094044965106 -23.602872484791337 17.028000000000002
v -3.476473682023625 -23.859398286531007 17.028000000000002
v -1.741966525057747 -24.01375448184629 17.028000000000002
v -4.8926414246031086e-15 -24.06528009381165 17.028000000000002
v 1.7419665250577137 -24.013754481846295 17.028000000000002
v 3.4764736820235926 -23.859398286531015 17.028000000000002
v 5.196094044965073 -23.602872484791344 17.028000000000002
v 6.8934639354871665 -23.24527555949289 17.028000000000002
v 8.561314955133668 -22.788138795569058 17.028000000000002
v 10.192505109785278 -22.23341972282389 17.028000000000002
v 11.78004939277496 -21.583493733488886 17.028000000000002
v 13.317149695758674 -20.84114391042886 17.028000000000002
v 14.797223919259153 -20.00954910955374 17.028000000000002
v 16.213934158226202 -19.092270347469658 17.028000000000002
v 17.561213841919287 -18.093235552659028 17.028000000000002
v 18.833293711894676 -17.016722745487858 17.028000000000002
v 20.02472652685586 -15.867341719065719 17.028000000000002
v 21.130410388577122 -14.650014299403908 17.028000000000002
v 22.14561058901486 -13.369953269400952 17.028000000000002
v 23.065979885054464 -12.032640046905836 17.028000000000002
v 23.887577114072595 -10.643801212445382 17.028000000000002
v 24.606884070600724 -9.209383987127127 17.028000000000002
v 25.22082057182097 -7.735530765725642 17.028000000000002
v 25.726757647381852 -6.228552814005052 17.028000000000002
v 26.122528797052965 -4.694903242910048 17.028000000000002
v 26.40643926801151 -3.1411493753542645 17.028000000000002
v 26.57727331203413 -1.5739446239351675 17.028000000000002
v 23.634299391517384 0.0 17.028000000000002
v 23.583696542318318 1.3777352362447235 17.028000000000002
v 23.432104683890085 2.749570798694086 17.028000000000002
v 23.180172955843275 4.109632276861651 17.028000000000002
v 22.828980168514654 5.45209567869747 17.028000000000002
v 22.380030183335656 6.7712123698161495 17.028000000000002
v 21.83524547306687 8.061333690031843 17.028000000000002
v 21.196958889474544 9.316935141788354 17.028000000000002
v 20.467903673701155 10.532640046905824 17.028000000000002
v 19.65120175210724 11.703242570342127 17.028000000000002
v 18.750350367703426 12.823730012377736 17.028000000000002
v 17.769207104418943 13.889304273765498 17.028000000000002
v 16.711973368335038 14.895402401928212 17.028000000000002
v 15.583176396619093 15.837716130222084 17.028000000000002
v 14.38764987120006 16.712210326595937 17.028000000000002
v 13.13051322020036 17.515140272646097 17.028000000000002
v 11.817149695758694 18.24306769907553 17.028000000000002
v 10.453183322117967 18.89287550889082 17.028000000000002
v 9.044454812690027 19.461781125290024 17.028000000000002
v 7.596996559224188 19.947348407083737 17.028000000000002
v 6.117006800179621 20.34749808062568 17.028000000000002
v 4.610823078916712 20.660516643581648 17.028000000000002
v 3.0848951053634495 20.88506370240958 17.028000000000002
v 1.545757137367308 21.020177712130483 17.028000000000002
v 1.4471834549956e-15 21.06528009381165 17.028000000000002
v -1.5457571373672998 21.020177712130483 17.028000000000002
v -3.0848951053634415 20.88506370240958 17.028000000000002
v -4.610823078916704 20.66051664358165 17.028000000000002
v -6.117006800179614 20.34749808062568 17.028000000000002
v -7.59699655922418 19.94734840708374 17.028000000000002
v -9.044454812690018 19.461781125290024 17.028000000000002
v -10.45318332211796 18.89287550889082 17.028000000000002
v -11.817149695758687 18.243067699075535 17.028000000000002
v -13.13051322020035 17.5151402726461 17.028000000000002
v -14.387649871200052 16.71221032659594 17.028000000000002
v -15.583176396619082 15.837716130222093 17.028000000000002
v -16.711973368335034 14.895402401928212 17.028000000000002
v -17.76920710441894 13.8893042737655 17.028000000000002
v -18.750350367703422 12.823730012377743 17.028000000000002
v -19.651201752107234 11.703242570342134 17.028000000000002
v -20.46790367370115 10.532640046905833 17.028000000000002
v -21.19695888947454 9.316935141788365 17.028000000000002
v -21.83524547306687 8.061333690031846 17.028000000000002
v -22.380030183335652 6.771212369816154 17.028000000000002
v -22.82898016851465 5.452095678697476 17.028000000000002
v -23.180172955843275 4.109632276861659 17.028000000000002
v -23.432104683890085 2.7495707986940943 17.028000000000002
v -23.583696542318318 1.3777352362447342 17.028000000000002
v -23.634299391517384 2.5797527840028893e-15 17.028000000000002
v -23.583696542318318 -1.3777352362447195 17.028000000000002
v -23.43210468389009 -2.7495707986940805 17.028000000000002
v -23.18017295584328 -4.109632276861644 17.028000000000002
v -22.828980168514658 -5.452095678697462 17.028000000000002
v -22.380030183335656 -6.771212369816141 17.028000000000002
v -21.835245473066873 -8.061333690031832 17.028000000000002
v -21.196958889474544 -9.31693514178835 17.028000000000002
v -20.46790367370116 -10.53264004690582 17.028000000000002
v -19.651201752107244 -11.703242570342121 17.028000000000002
v -18.75035036770343 -12.82373001237773 17.028000000000002
v -17.76920710441895 -13.889304273765491 17.028000000000002
v -16.711973368335045 -14.895402401928202 17.028000000000002
v -15.583176396619097 -15.837716130222084 17.028000000000002
v -14.387649871200065 -16.712210326595933 17.028000000000002
v -13.130513220200374 -17.51514027264609 17.028000000000002
v -11.817149695758703 -18.243067699075528 17.028000000000002
v -10.453183322117965 -18.89287550889082 17.028000000000002
v -9.044454812690038 -19.461781125290017 17.028000000000002
v -7.59699655922419 -19.947348407083737 17.028000000000002
v -6.1170068001796345 -20.347498080625677 17.028000000000002
v -4.61082307891672 -20.660516643581648 17.028000000000002
v -3.0848951053634677 -20.885063702409578 17.028000000000002
v -1.5457571373673162 -21.020177712130483 17.028000000000002
v -4.3415503649868e-15 -21.06528009381165 17.028000000000002
v 1.5457571373672867 -21.020177712130486 17.028000000000002
v 3.084895105363439 -20.88506370240958 17.028000000000002
v 4.610823078916691 -20.660516643581655 17.028000000000002
v 6.117006800179606 -20.347498080625684 17.028000000000002
v 7.596996559224182 -19.94734840708374 17.028000000000002
v 9.044454812690011 -19.461781125290027 17.028000000000002
v 10.453183322117956 -18.89287550889082 17.028000000000002
v 11.817149695758676 -18.243067699075542 17.028000000000002
v 13.130513220200347 -17.515140272646104 17.028000000000002
v 14.387649871200042 -16.712210326595947 17.028000000000002
v 15.58317639661908 -15.837716130222093 17.028000000000002
v 16.71197336833503 -14.895402401928214 17.028000000000002
v 17.769207104418932 -13.889304273765509 17.028000000000002
v 18.75035036770342 -12.823730012377744 17.028000000000002
v 19.651201752107227 -11.703242570342143 17.028000000000002
v 20.467903673701148 -10.532640046905835 17.028000000000002
v 21.19695888947453 -9.316935141788376 17.028000000000002
v 21.835245473066863 -8.061333690031857 17.028000000000002
v 22.380030183335652 -6.771212369816157 17.028000000000002
v 22.828980168514647 -5.4520956786974875 17.028000000000002
v 23.180172955843272 -4.109632276861661 17.028000000000002
v 23.43210468389008 -2.7495707986941067 17.028000000000002
v 23.583696542318318 -1.3777352362447364 17.028000000000002
v 27.311043303244837 0.0 17.802
v 27.252568263098766 1.6060013059704004 17.802
v 27.077393541759708 3.205125467790829 17.802
v 26.786269264277756 4.790524790298364 17.802
v 26.380442069503296 6.3554103501990955 17.802
v 25.861649771788073 7.893081067279927 17.802
v 25.23211391939735 9.396952399462817 17.802
v 24.494530281499166 10.860584538824826 17.802
v 23.6520573044669 12.277709987844316 17.802
v 22.708302586927008 13.64226039778753 17.802
v 21.667307431467865 14.948392554309496 17.802
v 20.533529539161613 16.190513398994938 17.802
v 19.31182392100387 17.363303979693043 17.802
v 18.007422108011248 18.46174222708718 17.802
v 16.62590974900238 19.4811244599667 17.802
v 15.173202691992186 20.417085527112004 17.802
v 13.655521651622422 21.26561749954222 17.802
v 12.07936557110659 22.023086833082406 17.802
v 10.451483792757335 22.68624992775753 17.802
v 8.778847156266515 23.25226701738554 17.802
v 7.068618148499429 23.718714329892137 17.802
v 5.3281202326264605 24.083594466274864 17.802
v 3.564806487929492 24.345344953772315 17.802
v 1.786227694572161 24.50284493661236 17.802
v 1.6723190881346773e-15 24.555419975688636 17.802
v -1.7862276945721516 24.50284493661236 17.802
v -3.5648064879294825 24.345344953772315 17.802
v -5.328120232626451 24.083594466274867 17.802
v -7.06861814849942 23.71871432989214 17.802
v -8.778847156266506 23.252267017385545 17.802
v -10.451483792757326 22.686249927757533 17.802
v -12.079365571106582 22.023086833082406 17.802
v -13.655521651622413 21.265617499542223 17.802
v -15.173202691992174 20.417085527112008 17.802
v -16.625909749002368 19.481124459966704 17.802
v -18.007422108011234 18.46174222708719 17.802
v -19.31182392100387 17.363303979693043 17.802
v -20.53352953916161 16.190513398994938 17.802
v -21.667307431467858 14.948392554309505 17.802
v -22.708302586927005 13.642260397787538 17.802
v -23.652057304466894 12.277709987844327 17.802
v -24.49453028149916 10.860584538824837 17.802
v -25.23211391939735 9.396952399462819 17.802
v -25.86164977178807 7.893081067279932 17.802
v -26.380442069503292 6.355410350199103 17.802
v -26.786269264277756 4.790524790298373 17.802
v -27.077393541759708 3.205125467790839 17.802
v -27.252568263098766 1.6060013059704126 17.802
v -27.311043303244837 3.0071716474946066e-15 17.802
v -27.252568263098766 -1.6060013059703955 17.802
v -27.07739354175971 -3.2051254677908227 17.802
v -26.78626926427776 -4.790524790298356 17.802
v -26.3804420695033 -6.355410350199087 17.802
v -25.861649771788077 -7.893081067279916 17.802
v -25.232113919397353 -9.396952399462803 17.802
v -24.494530281499166 -10.860584538824822 17.802
v -23.652057304466904 -12.277709987844311 17.802
v -22.708302586927015 -13.642260397787524 17.802
v -21.667307431467865 -14.94839255430949 17.802
v -20.533529539161623 -16.190513398994927 17.802
v -19.31182392100388 -17.363303979693033 17.802
v -18.00742210801125 -18.46174222708718 17.802
v -16.625909749002382 -19.481124459966694 17.802
v -15.1732026919922 -20.417085527111993 17.802
v -13.655521651622431 -21.265617499542216 17.802
v -12.079365571106587 -22.023086833082406 17.802
v -10.45148379275735 -22.686249927757522 17.802
v -8.778847156266519 -23.25226701738554 17.802
v -7.068618148499444 -23.718714329892133 17.802
v -5.328120232626469 -24.083594466274864 17.802
v -3.5648064879295127 -24.34534495377231 17.802
v -1.7862276945721705 -24.50284493661236 17.802
v -5.016957264404031e-15 -24.555419975688636 17.802
v 1.7862276945721363 -24.50284493661236 17.802
v 3.5648064879294794 -24.345344953772315 17.802
v 5.328120232626436 -24.08359446627487 17.802
v 7.06861814849941 -23.718714329892144 17.802
v 8.77884715626651 -23.252267017385545 17.802
v 10.451483792757317 -22.686249927757533 17.802
v 12.079365571106578 -22.023086833082406 17.802
v 13.6555216516224 -21.26561749954223 17.802
v 15.17320269199217 -20.41708552711201 17.802
v 16.625909749002357 -19.481124459966715 17.802
v 18.00742210801123 -18.46174222708719 17.802
v 19.311823921003867 -17.363303979693047 17.802
v 20.533529539161602 -16.190513398994952 17.802
v 21.667307431467854 -14.948392554309507 17.802
v 22.708302586926994 -13.642260397787549 17.802
v 23.65205730446689 -12.277709987844329 17.802
v 24.494530281499152 -10.860584538824849 17.802
v 25.232113919397342 -9.396952399462831 17.802
v 25.86164977178807 -7.893081067279935 17.802
v 26.38044206950329 -6.355410350199116 17.802
v 26.786269264277752 -4.790524790298376 17.802
v 27.077393541759708 -3.2051254677908534 17.802
v 27.252568263098766 -1.6060013059704152 17.802
v 24.311043303244837 0.0 17.802
v 24.258991493382954 1.4097919182799712 17.802
v 24.10305895763828 2.8135468911306742 17.802
v 23.843913423068066 4.205253824249979 17.802
v 23.48266459063609 5.578953214891533 17.802
v 23.020859383302756 6.928762671370443 17.802
v 22.460475321863488 8.248902102367547 17.802
v 21.8039120569011 9.533718468167823 17.802
v 21.053981093113585 10.777709987844316 17.802
v 20.213893750019373 11.975549698728724 17.802
v 19.28724741059416 13.122108267283334 17.802
v 18.27801011672468 14.21247595369473 17.802
v 17.19050357744423 15.241983636133401 17.802
v 16.02938466271104 16.206222804650245 17.802
v 14.799625461976216 17.101064439092994 17.802
v 13.506491992933379 17.922676690204366 17.802
v 12.155521651622422 18.667541288188904 17.802
v 10.752499500449586 19.33246860848434 17.802
v 9.303433495662066 19.914611330223668 17.802
v 7.81452876035703 20.411476628900225 17.802
v 6.2921610131918655 20.820936851024932 17.802
v 4.742849266578076 21.141238625065174 17.802
v 3.1732279112693367 21.371010369650882 17.802
v 1.5900183068817313 21.509268166896547 17.802
v 1.4886220682625742e-15 21.555419975688636 17.802
v -1.5900183068817229 21.509268166896547 17.802
v -3.1732279112693282 21.371010369650886 17.802
v -4.742849266578067 21.141238625065174 17.802
v -6.2921610131918575 20.820936851024936 17.802
v -7.814528760357022 20.41147662890023 17.802
v -9.303433495662057 19.91461133022367 17.802
v -10.752499500449577 19.33246860848434 17.802
v -12.155521651622413 18.667541288188907 17.802
v -13.506491992933368 17.922676690204373 17.802
v -14.799625461976207 17.101064439093 17.802
v -16.029384662711028 16.206222804650256 17.802
v -17.190503577444225 15.241983636133401 17.802
v -18.278010116724676 14.212475953694732 17.802
v -19.28724741059415 13.122108267283341 17.802
v -20.213893750019366 11.97554969872873 17.802
v -21.053981093113578 10.777709987844325 17.802
v -21.803912056901094 9.533718468167832 17.802
v -22.460475321863488 8.24890210236755 17.802
v -23.020859383302753 6.928762671370447 17.802
v -23.482664590636087 5.5789532148915395 17.802
v -23.843913423068066 4.205253824249987 17.802
v -24.10305895763828 2.813546891130683 17.802
v -24.258991493382954 1.4097919182799818 17.802
v -24.311043303244837 2.6397776077504007e-15 17.802
v -24.258991493382954 -1.409791918279967 17.802
v -24.103058957638282 -2.813546891130669 17.802
v -23.843913423068066 -4.205253824249972 17.802
v -23.48266459063609 -5.578953214891525 17.802
v -23.020859383302756 -6.928762671370433 17.802
v -22.460475321863495 -8.248902102367536 17.802
v -21.8039120569011 -9.53371846816782 17.802
v -21.05398109311359 -10.777709987844313 17.802
v -20.213893750019377 -11.975549698728718 17.802
v -19.287247410594162 -13.12210826728333 17.802
v -18.27801011672469 -14.212475953694723 17.802
v -17.190503577444236 -15.24198363613339 17.802
v -16.029384662711042 -16.206222804650245 17.802
v -14.799625461976222 -17.10106443909299 17.802
v -13.506491992933393 -17.92267669020436 17.802
v -12.15552165162243 -18.667541288188904 17.802
v -10.752499500449582 -19.33246860848434 17.802
v -9.303433495662079 -19.914611330223664 17.802
v -7.814528760357033 -20.411476628900225 17.802
v -6.292161013191879 -20.82093685102493 17.802
v -4.742849266578084 -21.14123862506517 17.802
v -3.1732279112693553 -21.371010369650882 17.802
v -1.5900183068817397 -21.509268166896547 17.802
v -4.465866204787722e-15 -21.555419975688636 17.802
v 1.5900183068817093 -21.50926816689655 17.802
v 3.1732279112693256 -21.371010369650886 17.802
v 4.7428492665780535 -21.141238625065178 17.802
v 6.2921610131918495 -20.820936851024936 17.802
v 7.814528760357025 -20.41147662890023 17.802
v 9.30343349566205 -19.914611330223675 17.802
v 10.752499500449575 -19.33246860848434 17.802
v 12.155521651622403 -18.667541288188914 17.802
v 13.506491992933364 -17.922676690204373 17.802
v 14.799625461976197 -17.101064439093008 17.802
v 16.029384662711028 -16.206222804650256 17.802
v 17.190503577444225 -15.241983636133403 17.802
v 18.27801011672467 -14.212475953694742 17.802
v 19.287247410594148 -13.122108267283345 17.802
v 20.21389375001936 -11.97554969872874 17.802
v 21.053981093113578 -10.777709987844327 17.802
v 21.803912056901087 -9.533718468167843 17.802
v 22.460475321863484 -8.24890210236756 17.802
v 23.020859383302753 -6.92876267137045 17.802
v 23.482664590636084 -5.578953214891552 17.802
v 23.843913423068063 -4.20525382424999 17.802
v 24.103058957638275 -2.813546891130696 17.802
v 24.258991493382954 -1.4097919182799843 17.802
v 28.007165082472124 0.0 18.576
v 27.947199592161446 1.6388038721465732 18.576
v 27.767559902665 3.270590134518867 18.576
v 27.469015258711988 4.888371227825019 18.576
v 27.052844074301227 6.48521956505722 18.576
v 26.52082845833613 8.054297196482825 18.576
v 25.87524658336078 9.588885090794891 18.576
v 25.118862930075355 11.08241190703575 18.576
v 24.254916449405354 12.528482134087854 18.576
v 23.28710669281648 13.920903477234226 18.576
v 22.21957797026731 15.253713374515096 18.576
v 21.05690160363778 16.521204529333616 18.576
v 19.804056351627132 17.717949349976063 18.576
v 18.466407089944774 18.83882319139284 18.576
v 17.049681838088873 19.879026299715324 18.576
v 15.55994723108751 20.834104365538785 18.576
v 14.003582541236065 21.69996759795912 18.576
v 12.387252361073948 22.47290823768536 18.576
v 10.717878064576126 23.149616434234193 18.576
v 9.00260816876722 23.72719441921786 18.576
v 7.248787722674103 24.20316891503328 18.576
v 5.463926854698352 24.57550172581644 18.576
v 3.655668613093477 24.84259846530999 18.576
v 1.8317562372588805 25.00331538426998 18.576
v 1.7149442535720502e-15 25.05696426817571 18.576
v -1.8317562372588707 25.00331538426998 18.576
v -3.6556686130934675 24.84259846530999 18.576
v -5.463926854698342 24.575501725816444 18.576
v -7.248787722674093 24.203168915033284 18.576
v -9.00260816876721 23.727194419217863 18.576
v -10.717878064576118 23.149616434234197 18.576
v -12.387252361073939 22.472908237685363 18.576
v -14.003582541236055 21.699967597959123 18.576
v -15.559947231087497 20.834104365538792 18.576
v -17.049681838088866 19.87902629971533 18.576
v -18.46640708994476 18.83882319139285 18.576
v -19.80405635162713 17.717949349976063 18.576
v -21.056901603637776 16.521204529333616 18.576
v -22.219577970267302 15.253713374515105 18.576
v -23.287106692816472 13.920903477234233 18.576
v -24.254916449405346 12.528482134087865 18.576
v -25.11886293007535 11.082411907035763 18.576
v -25.87524658336078 9.588885090794895 18.576
v -26.520828458336126 8.05429719648283 18.576
v -27.052844074301227 6.485219565057227 18.576
v -27.469015258711988 4.8883712278250275 18.576
v -27.767559902665 3.2705901345188773 18.576
v -27.947199592161446 1.6388038721465856 18.576
v -28.007165082472124 3.0685931087370986e-15 18.576
v -27.947199592161446 -1.6388038721465683 18.576
v -27.767559902665 -3.2705901345188604 18.576
v -27.46901525871199 -4.888371227825011 18.576
v -27.05284407430123 -6.485219565057211 18.576
v -26.520828458336133 -8.054297196482814 18.576
v -25.875246583360784 -9.588885090794877 18.576
v -25.118862930075355 -11.082411907035747 18.576
v -24.254916449405357 -12.528482134087849 18.576
v -23.287106692816486 -13.92090347723422 18.576
v -22.219577970267313 -15.25371337451509 18.576
v -21.05690160363779 -16.521204529333605 18.576
v -19.804056351627143 -17.717949349976053 18.576
v -18.466407089944777 -18.83882319139284 18.576
v -17.04968183808888 -19.87902629971532 18.576
v -15.559947231087525 -20.834104365538778 18.576
v -14.003582541236074 -21.69996759795912 18.576
v -12.387252361073944 -22.47290823768536 18.576
v -10.71787806457614 -23.149616434234186 18.576
v -9.002608168767223 -23.72719441921786 18.576
v -7.248787722674118 -24.203168915033277 18.576
v -5.463926854698362 -24.575501725816437 18.576
v -3.6556686130934986 -24.842598465309987 18.576
v -1.8317562372588903 -25.00331538426998 18.576
v -5.14483276071615e-15 -25.05696426817571 18.576
v 1.8317562372588552 -25.003315384269982 18.576
v 3.6556686130934644 -24.84259846530999 18.576
v 5.463926854698326 -24.575501725816448 18.576
v 7.248787722674084 -24.203168915033288 18.576
v 9.002608168767214 -23.727194419217863 18.576
v 10.717878064576109 -23.149616434234197 18.576
v 12.387252361073935 -22.472908237685363 18.576
v 14.003582541236042 -21.69996759795913 18.576
v 15.559947231087493 -20.834104365538792 18.576
v 17.04968183808885 -19.87902629971534 18.576
v 18.466407089944756 -18.83882319139285 18.576
v 19.804056351627125 -17.717949349976067 18.576
v 21.056901603637765 -16.52120452933363 18.576
v 22.2195779702673 -15.253713374515106 18.576
v 23.287106692816465 -13.920903477234246 18.576
v 24.254916449405343 -12.528482134087866 18.576
v 25.11886293007534 -11.082411907035775 18.576
v 25.875246583360774 -9.588885090794907 18.576
v 26.520828458336126 -8.054297196482834 18.576
v 27.052844074301223 -6.485219565057241 18.576
v 27.469015258711984 -4.888371227825031 18.576
v 27.767559902664996 -3.270590134518892 18.576
v 27.947199592161446 -1.6388038721465885 18.576
v 25.007165082472124 0.0 18.576
v 24.953622822445638 1.442594484456144 18.576
v 24.793225318543566 2.8790115578587123 18.576
v 24.526659417502295 4.303100261776634 18.576
v 24.155066595434022 5.708762429749658 18.576
v 23.680038069850813 7.08997880057334 18.576
v 23.10360798582692 8.440834793699622 18.576
v 22.42824470547729 9.755545836378747 18.576
v 21.656840238052038 11.028482134087854 18.576
v 20.792697855908845 12.254192778175419 18.576
v 19.839517949393603 13.427429087488933 18.576
v 18.801382181200847 14.543167084033408 18.576
v 17.68273600806749 15.596629006416421 18.576
v 16.488369644644564 16.583303768955908 18.576
v 15.223397551062712 17.49896627884162 18.576
v 13.893236532028702 18.33969552863115 18.576
v 12.503582541236065 19.101891386605804 18.576
v 11.060386290416943 19.782290013087295 18.576
v 9.569827767480858 20.37797783670033 18.576
v 8.038289772857736 20.886404030732542 18.576
v 6.47233058736654 21.305391436166076 18.576
v 4.878655888649967 21.63314588460675 18.576
v 3.2640900364333216 21.868263881188557 18.576
v 1.6355468495684506 22.009738614554166 18.576
v 1.5312472336999473e-15 22.05696426817571 18.576
v -1.635546849568442 22.009738614554166 18.576
v -3.2640900364333136 21.86826388118856 18.576
v -4.878655888649958 21.63314588460675 18.576
v -6.472330587366532 21.30539143616608 18.576
v -8.038289772857727 20.886404030732546 18.576
v -9.569827767480849 20.377977836700335 18.576
v -11.060386290416934 19.782290013087298 18.576
v -12.503582541236057 19.101891386605807 18.576
v -13.893236532028691 18.339695528631154 18.576
v -15.223397551062703 17.498966278841625 18.576
v -16.488369644644553 16.58330376895592 18.576
v -17.682736008067486 15.596629006416421 18.576
v -18.801382181200843 14.54316708403341 18.576
v -19.8395179493936 13.427429087488942 18.576
v -20.792697855908838 12.254192778175426 18.576
v -21.65684023805203 11.028482134087863 18.576
v -22.428244705477287 9.755545836378756 18.576
v -23.10360798582692 8.440834793699624 18.576
v -23.68003806985081 7.089978800573345 18.576
v -24.155066595434022 5.708762429749664 18.576
v -24.526659417502295 4.303100261776642 18.576
v -24.793225318543566 2.879011557858721 18.576
v -24.953622822445638 1.442594484456155 18.576
v -25.007165082472124 2.7011990689928928e-15 18.576
v -24.953622822445638 -1.4425944844561396 18.576
v -24.79322531854357 -2.8790115578587065 18.576
v -24.526659417502298 -4.303100261776627 18.576
v -24.155066595434025 -5.708762429749649 18.576
v -23.680038069850816 -7.089978800573331 18.576
v -23.103607985826926 -8.44083479369961 18.576
v -22.42824470547729 -9.755545836378744 18.576
v -21.65684023805204 -11.02848213408785 18.576
v -20.79269785590885 -12.254192778175414 18.576
v -19.839517949393606 -13.42742908748893 18.576
v -18.801382181200857 -14.543167084033401 18.576
v -17.682736008067497 -15.596629006416412 18.576
v -16.488369644644568 -16.583303768955908 18.576
v -15.223397551062718 -17.498966278841614 18.576
v -13.893236532028716 -18.339695528631143 18.576
v -12.503582541236073 -19.101891386605804 18.576
v -11.060386290416941 -19.782290013087295 18.576
v -9.56982776748087 -20.377977836700328 18.576
v -8.038289772857738 -20.886404030732542 18.576
v -6.472330587366554 -21.305391436166076 18.576
v -4.878655888649975 -21.633145884606748 18.576
v -3.264090036433341 -21.868263881188554 18.576
v -1.6355468495684593 -22.009738614554166 18.576
v -4.593741701099841e-15 -22.05696426817571 18.576
v 1.6355468495684282 -22.00973861455417 18.576
v 3.2640900364333105 -21.86826388118856 18.576
v 4.878655888649944 -21.633145884606755 18.576
v 6.472330587366523 -21.305391436166083 18.576
v 8.038289772857729 -20.886404030732546 18.576
v 9.56982776748084 -20.37797783670034 18.576
v 11.060386290416933 -19.782290013087298 18.576
v 12.503582541236046 -19.101891386605814 18.576
v 13.89323653202869 -18.339695528631157 18.576
v 15.223397551062693 -17.498966278841632 18.576
v 16.488369644644553 -16.58330376895592 18.576
v 17.682736008067483 -15.596629006416423 18.576
v 18.801382181200836 -14.54316708403342 18.576
v 19.839517949393596 -13.427429087488944 18.576
v 20.79269785590883 -12.254192778175437 18.576
v 21.65684023805203 -11.028482134087866 18.576
v 22.428244705477276 -9.755545836378767 18.576
v 23.103607985826912 -8.440834793699635 18.576
v 23.68003806985081 -7.0899788005733475 18.576
v 24.15506659543402 -5.708762429749676 18.576
v 24.52665941750229 -4.3031002617766445 18.576
v 24.793225318543563 -2.879011557858734 18.576
v 24.953622822445638 -1.4425944844561573 18.576
v 28.72321959455131 0.0 19.349999999999998
v 28.661720976564926 1.6723696774460453 19.349999999999998
v 28.477488469129437 3.3375780111864026 19.349999999999998
v 28.17131098412557 4.9884943234885615 19.349999999999998
v 27.74449962054933 6.618049137249962 19.349999999999998
v 27.198882050184828 8.21926444858427 19.349999999999998
v 26.536794691233094 9.785283607705306 19.349999999999998
v 25.761072703410665 11.309400680154077 19.349999999999998
v 24.8750378473604 12.785089162639649 19.349999999999998
v 23.88248426036245 14.206029930528201 19.349999999999998
v 22.78766220925594 15.566138297304839 19.349999999999998
v 21.595259890143847 16.859590070135393 19.349999999999998
v 20.31038335281755 18.080846489954272 19.349999999999998
v 18.938534635867704 19.22467794928111 19.349999999999998
v 17.485588206110343 20.286186386202875 19.349999999999998
v 15.95776580321808 21.260826258626924 19.349999999999998
v 14.361609797275658 22.144424008990107 19.349999999999998
v 12.703955173346857 22.93319593607297 19.349999999999998
v 10.9919002630191 23.623764397389277 19.349999999999998
v 9.23277634825787 24.21317227276967 19.349999999999998
v 7.434116267731789 24.69889562720423 19.349999999999998
v 5.603622160040982 25.078854518719663 19.349999999999998
v 3.74913248197716 25.35142190501015 19.349999999999998
v 1.8785884430482227 25.51543061068228 19.349999999999998
v 1.75878994688369e-15 25.5701783252793 19.349999999999998
v -1.8785884430482127 25.51543061068228 19.349999999999998
v -3.7491324819771505 25.35142190501015 19.349999999999998
v -5.603622160040972 25.078854518719666 19.349999999999998
v -7.434116267731779 24.698895627204234 19.349999999999998
v -9.232776348257861 24.213172272769672 19.349999999999998
v -10.99190026301909 23.62376439738928 19.349999999999998
v -12.703955173346847 22.933195936072973 19.349999999999998
v -14.361609797275648 22.14442400899011 19.349999999999998
v -15.957765803218068 21.260826258626928 19.349999999999998
v -17.485588206110332 20.286186386202882 19.349999999999998
v -18.938534635867693 19.22467794928112 19.349999999999998
v -20.310383352817546 18.080846489954272 19.349999999999998
v -21.595259890143844 16.859590070135397 19.349999999999998
v -22.787662209255934 15.566138297304848 19.349999999999998
v -23.882484260362443 14.20602993052821 19.349999999999998
v -24.875037847360392 12.78508916263966 19.349999999999998
v -25.76107270341066 11.309400680154088 19.349999999999998
v -26.536794691233094 9.785283607705308 19.349999999999998
v -27.198882050184825 8.219264448584275 19.349999999999998
v -27.744499620549327 6.618049137249969 19.349999999999998
v -28.17131098412557 4.988494323488571 19.349999999999998
v -28.477488469129437 3.3375780111864133 19.349999999999998
v -28.661720976564926 1.672369677446058 19.349999999999998
v -28.72321959455131 3.1314437039680323e-15 19.349999999999998
v -28.661720976564926 -1.6723696774460401 19.349999999999998
v -28.47748846912944 -3.337578011186396 19.349999999999998
v -28.171310984125572 -4.9884943234885535 19.349999999999998
v -27.744499620549334 -6.618049137249952 19.349999999999998
v -27.19888205018483 -8.219264448584257 19.349999999999998
v -26.5367946912331 -9.785283607705292 19.349999999999998
v -25.761072703410665 -11.309400680154072 19.349999999999998
v -24.875037847360403 -12.785089162639643 19.349999999999998
v -23.882484260362453 -14.206029930528196 19.349999999999998
v -22.787662209255945 -15.566138297304834 19.349999999999998
v -21.595259890143858 -16.859590070135386 19.349999999999998
v -20.31038335281756 -18.08084648995426 19.349999999999998
v -18.938534635867708 -19.22467794928111 19.349999999999998
v -17.485588206110346 -20.286186386202868 19.349999999999998
v -15.957765803218097 -21.260826258626913 19.349999999999998
v -14.361609797275667 -22.144424008990104 19.349999999999998
v -12.703955173346854 -22.93319593607297 19.349999999999998
v -10.991900263019113 -23.623764397389273 19.349999999999998
v -9.232776348257874 -24.21317227276967 19.349999999999998
v -7.434116267731805 -24.698895627204227 19.349999999999998
v -5.603622160040992 -25.078854518719663 19.349999999999998
v -3.7491324819771825 -25.351421905010145 19.349999999999998
v -1.8785884430482327 -25.51543061068228 19.349999999999998
v -5.276369840651069e-15 -25.5701783252793 19.349999999999998
v 1.8785884430481967 -25.515430610682284 19.349999999999998
v 3.7491324819771474 -25.35142190501015 19.349999999999998
v 5.603622160040956 -25.07885451871967 19.349999999999998
v 7.4341162677317705 -24.698895627204237 19.349999999999998
v 9.232776348257863 -24.213172272769672 19.349999999999998
v 10.99190026301908 -23.623764397389284 19.349999999999998
v 12.703955173346845 -22.933195936072973 19.349999999999998
v 14.361609797275635 -22.144424008990118 19.349999999999998
v 15.957765803218065 -21.26082625862693 19.349999999999998
v 17.485588206110318 -20.28618638620289 19.349999999999998
v 18.93853463586769 -19.22467794928112 19.349999999999998
v 20.310383352817542 -18.080846489954276 19.349999999999998
v 21.595259890143836 -16.859590070135408 19.349999999999998
v 22.78766220925593 -15.566138297304851 19.349999999999998
v 23.882484260362432 -14.206029930528222 19.349999999999998
v 24.87503784736039 -12.785089162639661 19.349999999999998
v 25.76107270341065 -11.3094006801541 19.349999999999998
v 26.536794691233087 -9.785283607705322 19.349999999999998
v 27.198882050184825 -8.219264448584278 19.349999999999998
v 27.744499620549327 -6.618049137249983 19.349999999999998
v 28.171310984125565 -4.988494323488574 19.349999999999998
v 28.477488469129433 -3.337578011186428 19.349999999999998
v 28.661720976564926 -1.6723696774460608 19.349999999999998
v 25.72321959455131 0.0 19.349999999999998
v 25.668144206849117 1.476160289755616 19.349999999999998
v 25.503153885008008 2.945999434526248 19.349999999999998
v 25.22895514291588 4.403223357440177 19.349999999999998
v 24.846722141682125 5.8415920019423995 19.349999999999998
v 24.35809166169951 7.254946052674784 19.349999999999998
v 23.765156093699236 8.637233310610037 19.349999999999998
v 23.0704544788126 9.982534609497073 19.349999999999998
v 22.276961636007083 11.285089162639649 19.349999999999998
v 21.38807542345481 12.539319231469396 19.349999999999998
v 20.407602188382235 13.739854010278679 19.349999999999998
v 19.339740467706914 14.881552624835187 19.349999999999998
v 18.189063009257907 15.95952614639463 19.349999999999998
v 16.960497190567498 16.969158526844176 19.349999999999998
v 15.659303919084179 17.90612636532917 19.349999999999998
v 14.291055104159273 18.766417421719286 19.349999999999998
v 12.861609797275658 19.54634779763679 19.349999999999998
v 11.377089102689853 20.242577711474905 19.349999999999998
v 9.84384996592383 20.85212579985542 19.349999999999998
v 8.268457952348385 21.372381884284355 19.349999999999998
v 6.657659132424226 21.801118148337025 19.349999999999998
v 5.018351193992597 22.136498677509973 19.349999999999998
v 3.357553905317005 22.377087320888716 19.349999999999998
v 1.6823790553577929 22.521853840966468 19.349999999999998
v 1.575092927011587e-15 22.5701783252793 19.349999999999998
v -1.682379055357784 22.521853840966468 19.349999999999998
v -3.3575539053169963 22.37708732088872 19.349999999999998
v -5.018351193992588 22.136498677509977 19.349999999999998
v -6.657659132424218 21.80111814833703 19.349999999999998
v -8.268457952348376 21.372381884284355 19.349999999999998
v -9.843849965923821 20.85212579985542 19.349999999999998
v -11.377089102689844 20.242577711474908 19.349999999999998
v -12.86160979727565 19.54634779763679 19.349999999999998
v -14.291055104159263 18.766417421719293 19.349999999999998
v -15.65930391908417 17.906126365329175 19.349999999999998
v -16.960497190567487 16.969158526844186 19.349999999999998
v -18.189063009257904 15.95952614639463 19.349999999999998
v -19.339740467706914 14.881552624835189 19.349999999999998
v -20.40760218838223 13.739854010278686 19.349999999999998
v -21.388075423454808 12.539319231469403 19.349999999999998
v -22.276961636007076 11.285089162639657 19.349999999999998
v -23.070454478812596 9.982534609497083 19.349999999999998
v -23.765156093699236 8.63723331061004 19.349999999999998
v -24.358091661699508 7.254946052674789 19.349999999999998
v -24.846722141682125 5.841592001942406 19.349999999999998
v -25.22895514291588 4.403223357440185 19.349999999999998
v -25.503153885008008 2.9459994345262572 19.349999999999998
v -25.668144206849117 1.4761602897556272 19.349999999999998
v -25.72321959455131 2.7640496642238264e-15 19.349999999999998
v -25.668144206849117 -1.4761602897556116 19.349999999999998
v -25.503153885008008 -2.945999434526242 19.349999999999998
v -25.22895514291588 -4.40322335744017 19.349999999999998
v -24.84672214168213 -5.841592001942391 19.349999999999998
v -24.358091661699515 -7.254946052674774 19.349999999999998
v -23.76515609369924 -8.637233310610025 19.349999999999998
v -23.0704544788126 -9.982534609497069 19.349999999999998
v -22.276961636007087 -11.285089162639643 19.349999999999998
v -21.38807542345482 -12.53931923146939 19.349999999999998
v -20.40760218838224 -13.739854010278673 19.349999999999998
v -19.339740467706925 -14.88155262483518 19.349999999999998
v -18.189063009257914 -15.95952614639462 19.349999999999998
v -16.9604971905675 -16.969158526844176 19.349999999999998
v -15.659303919084184 -17.906126365329165 19.349999999999998
v -14.291055104159287 -18.76641742171928 19.349999999999998
v -12.861609797275666 -19.546347797636788 19.349999999999998
v -11.37708910268985 -20.242577711474905 19.349999999999998
v -9.843849965923843 -20.85212579985541 19.349999999999998
v -8.268457952348388 -21.372381884284355 19.349999999999998
v -6.657659132424241 -21.801118148337025 19.349999999999998
v -5.018351193992606 -22.13649867750997 19.349999999999998
v -3.357553905317025 -22.377087320888712 19.349999999999998
v -1.6823790553578017 -22.521853840966468 19.349999999999998
v -4.72527878103476e-15 -22.5701783252793 19.349999999999998
v 1.6823790553577698 -22.52185384096647 19.349999999999998
v 3.3575539053169936 -22.37708732088872 19.349999999999998
v 5.018351193992573 -22.136498677509977 19.349999999999998
v 6.657659132424209 -21.801118148337032 19.349999999999998
v 8.26845795234838 -21.372381884284355 19.349999999999998
v 9.843849965923813 -20.852125799855422 19.349999999999998
v 11.377089102689842 -20.242577711474908 19.349999999999998
v 12.861609797275637 -19.546347797636802 19.349999999999998
v 14.291055104159259 -18.766417421719296 19.349999999999998
v 15.65930391908416 -17.906126365329182 19.349999999999998
v 16.960497190567484 -16.969158526844186 19.349999999999998
v 18.1890630092579 -15.959526146394632 19.349999999999998
v 19.339740467706903 -14.8815526248352 19.349999999999998
v 20.407602188382228 -13.739854010278687 19.349999999999998
v 21.388075423454797 -12.539319231469413 19.349999999999998
v 22.276961636007076 -11.285089162639661 19.349999999999998
v 23.070454478812586 -9.982534609497094 19.349999999999998
v 23.76515609369923 -8.63723331061005 19.349999999999998
v 24.358091661699508 -7.254946052674792 19.349999999999998
v 24.846722141682122 -5.841592001942418 19.349999999999998
v 25.228955142915876 -4.403223357440187 19.349999999999998
v 25.503153885008004 -2.94599943452627 19.349999999999998
v 25.668144206849117 -1.4761602897556299 19.349999999999998
v 29.45977759283447 0.0 20.124
v 29.396701947634543 1.7067164806611077 20.124
v 29.207745111631056 3.406124539332143 20.124
v 28.893716227004962 5.0909470498080065 20.124
v 28.455960013650817 6.753969343440182 20.124
v 27.89635101087976 8.388070103455508 20.124
v 27.21728555035439 9.98625185952789 20.124
v 26.421671494628715 11.541670952020494 20.124
v 25.51291578523423 13.047666837586986 20.124
v 24.494909853633285 14.497790610640678 20.124
v 23.372012957512112 15.885832618558297 20.124
v 22.14903351377016 17.20584905236586 20.124
v 20.83120850814076 18.45218739904119 20.124
v 19.424181069614193 19.619510646442475 20.124
v 17.933976305693 20.702820137213628 20.124
v 16.36697550195671 21.697476973802456 20.124
v 14.729888796417239 22.5992218829322 20.124
v 13.029726445677845 23.404193454463567 20.124
v 11.27376880593806 24.10894467654577 20.124
v 9.469535157390776 24.710457696250483 20.124
v 7.624751505510061 25.20615674248137 20.124
v 5.747317497109599 25.593919155821368 20.124
v 3.845272592842284 25.872084478086187 20.124
v 1.9267616409954318 26.039461562661174 20.124
v 1.8038911166328825e-15 26.095333675173976 20.124
v -1.9267616409954216 26.039461562661174 20.124
v -3.8452725928422744 25.87208447808619 20.124
v -5.747317497109588 25.59391915582137 20.124
v -7.624751505510051 25.206156742481372 20.124
v -9.469535157390766 24.710457696250486 20.124
v -11.27376880593805 24.108944676545775 20.124
v -13.029726445677836 23.404193454463567 20.124
v -14.729888796417228 22.599221882932202 20.124
v -16.366975501956695 21.697476973802463 20.124
v -17.93397630569299 20.70282013721363 20.124
v -19.42418106961418 19.619510646442485 20.124
v -20.831208508140758 18.45218739904119 20.124
v -22.149033513770156 17.205849052365863 20.124
v -23.37201295751211 15.885832618558306 20.124
v -24.49490985363328 14.497790610640687 20.124
v -25.512915785234224 13.047666837586997 20.124
v -26.421671494628708 11.541670952020505 20.124
v -27.21728555035439 9.986251859527894 20.124
v -27.896351010879755 8.388070103455513 20.124
v -28.455960013650813 6.753969343440189 20.124
v -28.893716227004962 5.090947049808015 20.124
v -29.207745111631056 3.406124539332154 20.124
v -29.396701947634543 1.7067164806611206 20.124
v -29.45977759283447 3.1957566857983946e-15 20.124
v -29.396701947634543 -1.7067164806611026 20.124
v -29.20774511163106 -3.406124539332137 20.124
v -28.893716227004965 -5.090947049807998 20.124
v -28.45596001365082 -6.753969343440171 20.124
v -27.896351010879762 -8.388070103455496 20.124
v -27.217285550354397 -9.986251859527876 20.124
v -26.421671494628715 -11.541670952020489 20.124
v -25.512915785234235 -13.04766683758698 20.124
v -24.494909853633292 -14.49779061064067 20.124
v -23.372012957512116 -15.885832618558291 20.124
v -22.14903351377017 -17.205849052365853 20.124
v -20.831208508140772 -18.45218739904118 20.124
v -19.424181069614196 -19.619510646442475 20.124
v -17.933976305693008 -20.70282013721362 20.124
v -16.366975501956723 -21.69747697380245 20.124
v -14.729888796417248 -22.5992218829322 20.124
v -13.029726445677843 -23.404193454463567 20.124
v -11.273768805938074 -24.108944676545764 20.124
v -9.46953515739078 -24.710457696250483 20.124
v -7.624751505510077 -25.206156742481365 20.124
v -5.747317497109608 -25.593919155821368 20.124
v -3.8452725928423073 -25.872084478086187 20.124
v -1.926761640995442 -26.039461562661174 20.124
v -5.411673349898647e-15 -26.095333675173976 20.124
v 1.9267616409954054 -26.039461562661174 20.124
v 3.8452725928422713 -25.87208447808619 20.124
v 5.747317497109572 -25.593919155821375 20.124
v 7.624751505510042 -25.206156742481376 20.124
v 9.46953515739077 -24.710457696250486 20.124
v 11.27376880593804 -24.108944676545775 20.124
v 13.029726445677833 -23.404193454463567 20.124
v 14.729888796417216 -22.599221882932213 20.124
v 16.36697550195669 -21.697476973802463 20.124
v 17.93397630569298 -20.702820137213642 20.124
v 19.424181069614175 -19.619510646442485 20.124
v 20.831208508140755 -18.452187399041193 20.124
v 22.149033513770146 -17.205849052365874 20.124
v 23.372012957512105 -15.885832618558307 20.124
v 24.49490985363327 -14.497790610640697 20.124
v 25.51291578523422 -13.047666837587 20.124
v 26.421671494628697 -11.54167095202052 20.124
v 27.217285550354383 -9.986251859527906 20.124
v 27.896351010879755 -8.388070103455517 20.124
v 28.45596001365081 -6.753969343440203 20.124
v 28.89371622700496 -5.090947049808019 20.124
v 29.207745111631052 -3.4061245393321693 20.124
v 29.396701947634543 -1.7067164806611235 20.124
v 26.45977759283447 0.0 20.124
v 26.40312517791873 1.5105070929706783 20.124
v 26.233410527509626 3.0145459626719884 20.124
v 25.95136038579527 4.505676083759622 20.124
v 25.55818253478361 5.9775122081326195 20.124
v 25.05556062239444 7.423751707546023 20.124
v 24.445646952820532 8.838201562432621 20.124
v 23.73105327003065 10.21480488136349 20.124
v 22.914839573880915 11.547666837586986 20.124
v 22.00050101672565 12.83107991158187 20.124
v 20.99195293663841 14.059548331532135 20.124
v 19.893514091333227 15.227811607065654 20.124
v 18.70988816458112 16.330867055481548 20.124
v 17.446143624313983 17.36399122400554 20.124
v 16.10769201866684 18.32276011633992 20.124
v 14.700264802897902 19.20306813689482 20.124
v 13.229888796417239 20.001145671578886 20.124
v 11.702860375020842 20.7135752298655 20.124
v 10.12571850884279 21.33730607901191 20.124
v 8.505216761481291 21.869667307765166 20.124
v 6.848294370202498 22.308379263614164 20.124
v 5.162046531061214 22.65156331461168 20.124
v 3.4536940161821295 22.897749893964757 20.124
v 1.7305522533050022 23.045884792945362 20.124
v 1.6201940967607796e-15 23.095333675173976 20.124
v -1.7305522533049928 23.045884792945362 20.124
v -3.4536940161821206 22.89774989396476 20.124
v -5.162046531061204 22.651563314611682 20.124
v -6.848294370202489 22.308379263614167 20.124
v -8.505216761481282 21.86966730776517 20.124
v -10.12571850884278 21.337306079011913 20.124
v -11.702860375020833 20.7135752298655 20.124
v -13.22988879641723 20.001145671578886 20.124
v -14.70026480289789 19.203068136894824 20.124
v -16.10769201866683 18.32276011633993 20.124
v -17.446143624313972 17.363991224005552 20.124
v -18.709888164581116 16.330867055481548 20.124
v -19.893514091333223 15.227811607065656 20.124
v -20.991952936638402 14.059548331532143 20.124
v -22.000501016725647 12.83107991158188 20.124
v -22.91483957388091 11.547666837586995 20.124
v -23.731053270030642 10.2148048813635 20.124
v -24.445646952820532 8.838201562432623 20.124
v -25.055560622394438 7.423751707546028 20.124
v -25.558182534783608 5.977512208132626 20.124
v -25.95136038579527 4.50567608375963 20.124
v -26.233410527509626 3.014545962671998 20.124
v -26.40312517791873 1.5105070929706899 20.124
v -26.45977759283447 2.8283626460541887e-15 20.124
v -26.40312517791873 -1.5105070929706739 20.124
v -26.23341052750963 -3.0145459626719826 20.124
v -25.951360385795272 -4.505676083759614 20.124
v -25.558182534783615 -5.977512208132611 20.124
v -25.055560622394445 -7.423751707546013 20.124
v -24.445646952820535 -8.838201562432607 20.124
v -23.73105327003065 -10.214804881363486 20.124
v -22.91483957388092 -11.54766683758698 20.124
v -22.000501016725657 -12.831079911581865 20.124
v -20.99195293663841 -14.05954833153213 20.124
v -19.893514091333238 -15.227811607065647 20.124
v -18.709888164581127 -16.330867055481537 20.124
v -17.446143624313986 -17.36399122400554 20.124
v -16.107692018666846 -18.322760116339918 20.124
v -14.700264802897916 -19.203068136894814 20.124
v -13.229888796417248 -20.001145671578882 20.124
v -11.702860375020839 -20.7135752298655 20.124
v -10.125718508842803 -21.337306079011906 20.124
v -8.505216761481295 -21.869667307765166 20.124
v -6.848294370202513 -22.30837926361416 20.124
v -5.162046531061223 -22.651563314611675 20.124
v -3.45369401618215 -22.897749893964754 20.124
v -1.7305522533050113 -23.045884792945362 20.124
v -4.860582290282338e-15 -23.095333675173976 20.124
v 1.7305522533049782 -23.045884792945365 20.124
v 3.4536940161821175 -22.89774989396476 20.124
v 5.16204653106119 -22.651563314611682 20.124
v 6.84829437020248 -22.30837926361417 20.124
v 8.505216761481286 -21.86966730776517 20.124
v 10.125718508842771 -21.337306079011917 20.124
v 11.70286037502083 -20.7135752298655 20.124
v 13.229888796417217 -20.001145671578893 20.124
v 14.700264802897886 -19.203068136894828 20.124
v 16.107692018666818 -18.322760116339936 20.124
v 17.44614362431397 -17.363991224005552 20.124
v 18.709888164581113 -16.33086705548155 20.124
v 19.893514091333216 -15.227811607065666 20.124
v 20.9919529366384 -14.059548331532145 20.124
v 22.000501016725636 -12.831079911581888 20.124
v 22.914839573880908 -11.547666837586998 20.124
v 23.731053270030635 -10.214804881363511 20.124
v 24.445646952820525 -8.838201562432635 20.124
v 25.055560622394438 -7.423751707546031 20.124
v 25.558182534783604 -5.977512208132638 20.124
v 25.951360385795265 -4.505676083759632 20.124
v 26.233410527509623 -3.0145459626720115 20.124
v 26.40312517791873 -1.5105070929706925 20.124
v 30.217426173610264 0.0 20.898
v 30.15272834464073 1.741862453789682 20.898
v 29.958911903768378 3.4762659851366475 20.898
v 29.636806802748257 5.195783611849195 20.898
v 29.187792345073415 6.893052095464593 20.898
v 28.613791279585563 8.560803471766599 20.898
v 27.91726156696937 10.191896173324047 20.898
v 27.10118585438745 11.779345610778948 20.898
v 26.169058703327295 13.31635408193046 20.898
v 25.124871625352508 14.796339880539273 20.898
v 23.973095989837503 16.212965480204193 20.898
v 22.718663876877354 17.560164672623138 20.898
v 21.366946957363687 18.832168544028384 20.898
v 19.923733490665217 20.023530178560982 20.898
v 18.395203538412503 21.12914798280071 20.898
v 16.787902500525288 22.14428753157227 20.898
v 15.108713086805135 23.06460184148077 20.898
v 13.364825844115456 23.886149985361953 20.898
v 11.563708365355879 24.60541396793736 20.898
v 9.713073312083047 25.21931379041018 20.898
v 7.820845387709732 25.725220639492974 20.898
v 5.895127402708211 26.12096814438974 20.898
v 3.944165577131875 26.40486165352824 20.898
v 1.9763142290349458 26.575685491318225 20.898
v 1.850283712099163e-15 26.632708163860922 20.898
v -1.9763142290349351 26.575685491318225 20.898
v -3.944165577131865 26.404861653528243 20.898
v -5.8951274027082 26.120968144389742 20.898
v -7.820845387709722 25.725220639492978 20.898
v -9.713073312083036 25.219313790410183 20.898
v -11.563708365355868 24.605413967937363 20.898
v -13.364825844115447 23.886149985361957 20.898
v -15.108713086805125 23.064601841480773 20.898
v -16.787902500525274 22.144287531572274 20.898
v -18.395203538412492 21.129147982800717 20.898
v -19.923733490665203 20.023530178560993 20.898
v -21.366946957363684 18.832168544028384 20.898
v -22.71866387687735 17.56016467262314 20.898
v -23.973095989837496 16.2129654802042 20.898
v -25.1248716253525 14.796339880539282 20.898
v -26.169058703327288 13.31635408193047 20.898
v -27.101185854387445 11.779345610778961 20.898
v -27.91726156696937 10.191896173324048 20.898
v -28.61379127958556 8.560803471766606 20.898
v -29.18779234507341 6.8930520954646 20.898
v -29.636806802748257 5.195783611849205 20.898
v -29.958911903768378 3.4762659851366586 20.898
v -30.15272834464073 1.7418624537896954 20.898
v -30.217426173610264 3.261566080549786e-15 20.898
v -30.15272834464073 -1.7418624537896767 20.898
v -29.95891190376838 -3.476265985136641 20.898
v -29.63680680274826 -5.195783611849186 20.898
v -29.18779234507342 -6.893052095464582 20.898
v -28.613791279585566 -8.560803471766588 20.898
v -27.917261566969376 -10.19189617332403 20.898
v -27.10118585438745 -11.779345610778945 20.898
v -26.1690587033273 -13.316354081930454 20.898
v -25.124871625352515 -14.796339880539268 20.898
v -23.973095989837507 -16.212965480204186 20.898
v -22.71866387687736 -17.560164672623127 20.898
v -21.366946957363698 -18.832168544028374 20.898
v -19.92373349066522 -20.023530178560982 20.898
v -18.39520353841251 -21.129147982800706 20.898
v -16.787902500525302 -22.14428753157226 20.898
v -15.108713086805146 -23.064601841480766 20.898
v -13.364825844115453 -23.886149985361953 20.898
v -11.563708365355893 -24.605413967937352 20.898
v -9.71307331208305 -25.21931379041018 20.898
v -7.820845387709749 -25.72522063949297 20.898
v -5.895127402708221 -26.120968144389735 20.898
v -3.9441655771318986 -26.404861653528236 20.898
v -1.9763142290349562 -26.575685491318225 20.898
v -5.550851136297489e-15 -26.632708163860922 20.898
v 1.9763142290349185 -26.57568549131823 20.898
v 3.9441655771318613 -26.404861653528243 20.898
v 5.895127402708183 -26.120968144389746 20.898
v 7.820845387709712 -25.725220639492978 20.898
v 9.71307331208304 -25.219313790410183 20.898
v 11.56370836535586 -24.605413967937366 20.898
v 13.364825844115444 -23.886149985361957 20.898
v 15.108713086805112 -23.06460184148078 20.898
v 16.78790250052527 -22.144287531572278 20.898
v 18.395203538412478 -21.129147982800728 20.898
v 19.9237334906652 -20.023530178560993 20.898
v 21.36694695736368 -18.832168544028388 20.898
v 22.71866387687734 -17.560164672623152 20.898
v 23.973095989837493 -16.212965480204204 20.898
v 25.12487162535249 -14.796339880539294 20.898
v 26.169058703327284 -13.316354081930474 20.898
v 27.101185854387435 -11.779345610778973 20.898
v 27.917261566969362 -10.191896173324063 20.898
v 28.61379127958556 -8.560803471766608 20.898
v 29.187792345073408 -6.893052095464615 20.898
v 29.636806802748254 -5.195783611849207 20.898
v 29.958911903768374 -3.476265985136674 20.898
v 30.15272834464073 -1.7418624537896983 20.898
v 27.217426173610264 0.0 20.898
v 27.15915157492492 1.545653066099253 20.898
v 26.984577319646945 3.084687408476493 20.898
v 26.694450961538564 4.61051264580081 20.898
v 26.29001486620621 6.11659496015703 20.898
v 25.773000891100246 7.596485075857115 20.898
v 25.14562296943551 9.043845876228776 20.898
v 24.410567629789384 10.452479540121946 20.898
v 23.57098249197398 11.81635408193046 20.898
v 22.630462788444873 13.129629181480468 20.898
v 21.593035968963797 14.386681193178031 20.898
v 20.46314445444042 15.582127227322932 20.898
v 19.245626613804045 16.710848200468742 20.898
v 17.94569604536501 17.76801075612405 20.898
v 16.56891925138634 18.749087961927007 20.898
v 15.12119180146648 19.649878694664633 20.898
v 13.608713086805135 20.466525630127453 20.898
v 12.037959773458452 21.19553176076389 20.898
v 10.415658068260608 21.833775370403497 20.898
v 8.748754916173562 22.378523401924863 20.898
v 7.044388252402169 22.82744316062577 20.898
v 5.3098564366598255 23.17861230318005 20.898
v 3.55258700047172 23.43052706940681 20.898
v 1.780104841344516 23.582108721602413 20.898
v 1.6665866922270602e-15 23.632708163860922 20.898
v -1.7801048413445064 23.582108721602413 20.898
v -3.5525870004717106 23.43052706940681 20.898
v -5.309856436659816 23.17861230318005 20.898
v -7.04438825240216 22.827443160625773 20.898
v -8.748754916173553 22.378523401924863 20.898
v -10.4156580682606 21.8337753704035 20.898
v -12.037959773458443 21.195531760763892 20.898
v -13.608713086805126 20.466525630127457 20.898
v -15.121191801466468 19.64987869466464 20.898
v -16.56891925138633 18.74908796192701 20.898
v -17.945696045364997 17.76801075612406 20.898
v -19.245626613804042 16.710848200468742 20.898
v -20.463144454440418 15.582127227322934 20.898
v -21.59303596896379 14.386681193178038 20.898
v -22.630462788444866 13.129629181480475 20.898
v -23.57098249197397 11.816354081930468 20.898
v -24.41056762978938 10.452479540121956 20.898
v -25.14562296943551 9.04384587622878 20.898
v -25.773000891100242 7.59648507585712 20.898
v -26.290014866206207 6.116594960157037 20.898
v -26.694450961538564 4.610512645800819 20.898
v -26.984577319646945 3.0846874084765026 20.898
v -27.15915157492492 1.5456530660992647 20.898
v -27.217426173610264 2.8941720408055803e-15 20.898
v -27.15915157492492 -1.5456530660992482 20.898
v -26.98457731964695 -3.084687408476487 20.898
v -26.694450961538568 -4.610512645800802 20.898
v -26.29001486620621 -6.116594960157021 20.898
v -25.77300089110025 -7.596485075857105 20.898
v -25.145622969435514 -9.043845876228763 20.898
v -24.410567629789384 -10.45247954012194 20.898
v -23.570982491973982 -11.816354081930454 20.898
v -22.63046278844488 -13.129629181480462 20.898
v -21.5930359689638 -14.386681193178026 20.898
v -20.463144454440428 -15.582127227322923 20.898
v -19.245626613804056 -16.71084820046873 20.898
v -17.945696045365015 -17.76801075612405 20.898
v -16.568919251386347 -18.749087961927 20.898
v -15.121191801466495 -19.649878694664626 20.898
v -13.608713086805144 -20.46652563012745 20.898
v -12.03795977345845 -21.19553176076389 20.898
v -10.415658068260623 -21.833775370403494 20.898
v -8.748754916173564 -22.378523401924863 20.898
v -7.044388252402184 -22.827443160625766 20.898
v -5.309856436659835 -23.178612303180046 20.898
v -3.552587000471741 -23.430527069406807 20.898
v -1.7801048413445253 -23.582108721602413 20.898
v -4.99976007668118e-15 -23.632708163860922 20.898
v 1.7801048413444913 -23.582108721602417 20.898
v 3.552587000471708 -23.43052706940681 20.898
v 5.309856436659801 -23.178612303180053 20.898
v 7.044388252402151 -22.827443160625773 20.898
v 8.748754916173555 -22.378523401924863 20.898
v 10.41565806826059 -21.833775370403504 20.898
v 12.037959773458441 -21.195531760763892 20.898
v 13.608713086805114 -20.466525630127464 20.898
v 15.121191801466464 -19.649878694664643 20.898
v 16.56891925138632 -18.749087961927017 20.898
v 17.945696045364993 -17.76801075612406 20.898
v 19.24562661380404 -16.710848200468746 20.898
v 20.463144454440407 -15.582127227322944 20.898
v 21.59303596896379 -14.386681193178042 20.898
v 22.63046278844486 -13.129629181480485 20.898
v 23.57098249197397 -11.816354081930472 20.898
v 24.41056762978937 -10.452479540121967 20.898
v 25.145622969435504 -9.04384587622879 20.898
v 25.773000891100242 -7.596485075857123 20.898
v 26.290014866206203 -6.11659496015705 20.898
v 26.694450961538564 -4.610512645800822 20.898
v 26.98457731964694 -3.0846874084765163 20.898
v 27.15915157492492 -1.5456530660992673 20.898
v 30.99676924406714 0.0 21.671999999999997
v 30.930402781760296 1.777826191649652 21.671999999999997
v 30.731587586220133 3.548039458609818 21.671999999999997
v 30.401175014636618 5.303059475903289 21.671999999999997
v 29.94057994436713 7.03537097838044 21.671999999999997
v 29.351774714214404 8.737555942238364 21.671999999999997
v 28.637280678568978 10.402325350137632 21.671999999999997
v 27.80015741058261 12.022550403893568 21.671999999999997
v 26.843989600606314 13.591293051084515 21.671999999999997
v 25.77287170599596 15.10183569485745 21.671999999999997
v 24.59139041801729 16.547709959709007 21.671999999999997
v 23.304605020929724 17.922724390062445 21.671999999999997
v 21.91802572735449 19.22099096303093 21.671999999999997
v 20.437590082698197 20.436950301835488 21.671999999999997
v 18.869637539671874 21.56539548190991 21.671999999999997
v 17.220882311781224 22.601494327751038 21.671999999999997
v 15.498384622033573 23.540810105036204 21.671999999999997
v 13.709520469979083 24.37932051940069 21.671999999999997
v 11.861950046548264 25.113434940519728 21.671999999999997
v 9.963584931938428 25.74000977773878 21.671999999999997
v 8.022554217012647 26.256361941411363 21.671999999999997
v 6.047169693284681 26.66028033230081 21.671999999999997
v 4.045890260551694 26.95003530984664 21.671999999999997
v 2.0272857045866535 27.124386098751017 21.671999999999997
v 1.898004711932797e-15 27.182586102169033 21.671999999999997
v -2.027285704586643 27.124386098751017 21.671999999999997
v -4.045890260551684 26.950035309846644 21.671999999999997
v -6.04716969328467 26.66028033230081 21.671999999999997
v -8.022554217012637 26.256361941411367 21.671999999999997
v -9.963584931938419 25.740009777738784 21.671999999999997
v -11.861950046548253 25.113434940519728 21.671999999999997
v -13.709520469979072 24.379320519400693 21.671999999999997
v -15.498384622033562 23.540810105036208 21.671999999999997
v -17.22088231178121 22.601494327751045 21.671999999999997
v -18.869637539671864 21.565395481909913 21.671999999999997
v -20.437590082698183 20.436950301835502 21.671999999999997
v -21.918025727354486 19.22099096303093 21.671999999999997
v -23.30460502092972 17.92272439006245 21.671999999999997
v -24.591390418017284 16.547709959709017 21.671999999999997
v -25.772871705995954 15.101835694857458 21.671999999999997
v -26.843989600606307 13.591293051084525 21.671999999999997
v -27.800157410582603 12.02255040389358 21.671999999999997
v -28.637280678568978 10.402325350137636 21.671999999999997
v -29.3517747142144 8.73755594223837 21.671999999999997
v -29.940579944367126 7.035370978380448 21.671999999999997
v -30.401175014636618 5.303059475903299 21.671999999999997
v -30.731587586220133 3.548039458609829 21.671999999999997
v -30.930402781760296 1.7778261916496656 21.671999999999997
v -30.99676924406714 3.3289067062568634e-15 21.671999999999997
v -30.930402781760296 -1.7778261916496467 21.671999999999997
v -30.731587586220137 -3.5480394586098107 21.671999999999997
v -30.40117501463662 -5.30305947590328 21.671999999999997
v -29.940579944367133 -7.0353709783804295 21.671999999999997
v -29.351774714214407 -8.737555942238352 21.671999999999997
v -28.637280678568985 -10.402325350137618 21.671999999999997
v -27.80015741058261 -12.022550403893563 21.671999999999997
v -26.843989600606317 -13.59129305108451 21.671999999999997
v -25.772871705995968 -15.101835694857444 21.671999999999997
v -24.591390418017294 -16.547709959709003 21.671999999999997
v -23.304605020929735 -17.922724390062434 21.671999999999997
v -21.9180257273545 -19.220990963030914 21.671999999999997
v -20.4375900826982 -20.436950301835488 21.671999999999997
v -18.86963753967188 -21.565395481909903 21.671999999999997
v -17.220882311781242 -22.601494327751027 21.671999999999997
v -15.498384622033583 -23.540810105036204 21.671999999999997
v -13.70952046997908 -24.37932051940069 21.671999999999997
v -11.861950046548278 -25.11343494051972 21.671999999999997
v -9.963584931938431 -25.74000977773878 21.671999999999997
v -8.022554217012665 -26.256361941411363 21.671999999999997
v -6.047169693284691 -26.660280332300808 21.671999999999997
v -4.045890260551719 -26.950035309846637 21.671999999999997
v -2.027285704586664 -27.124386098751017 21.671999999999997
v -5.6940141357983916e-15 -27.182586102169033 21.671999999999997
v 2.0272857045866255 -27.12438609875102 21.671999999999997
v 4.045890260551681 -26.950035309846644 21.671999999999997
v 6.047169693284652 -26.660280332300815 21.671999999999997
v 8.022554217012626 -26.25636194141137 21.671999999999997
v 9.963584931938422 -25.740009777738784 21.671999999999997
v 11.861950046548243 -25.11343494051973 21.671999999999997
v 13.709520469979068 -24.379320519400693 21.671999999999997
v 15.498384622033548 -23.54081010503622 21.671999999999997
v 17.220882311781207 -22.601494327751045 21.671999999999997
v 18.86963753967185 -21.565395481909924 21.671999999999997
v 20.43759008269818 -20.436950301835502 21.671999999999997
v 21.918025727354483 -19.220990963030932 21.671999999999997
v 23.30460502092971 -17.92272439006246 21.671999999999997
v 24.591390418017284 -16.54770995970902 21.671999999999997
v 25.772871705995943 -15.10183569485747 21.671999999999997
v 26.843989600606303 -13.591293051084529 21.671999999999997
v 27.800157410582592 -12.022550403893593 21.671999999999997
v 28.63728067856897 -10.40232535013765 21.671999999999997
v 29.3517747142144 -8.737555942238373 21.671999999999997
v 29.940579944367123 -7.035370978380463 21.671999999999997
v 30.401175014636614 -5.303059475903302 21.671999999999997
v 30.73158758622013 -3.548039458609845 21.671999999999997
v 30.930402781760296 -1.7778261916496687 21.671999999999997
v 27.99676924406714 0.0 21.671999999999997
v 27.936826012044484 1.5816168039592229 21.671999999999997
v 27.757253002098704 3.156460881949663 21.671999999999997
v 27.458819173426924 4.717788509854905 21.671999999999997
v 27.042802465499925 6.258913843072878 21.671999999999997
v 26.510984325729087 7.773237546328879 21.671999999999997
v 25.86564208103512 9.254275053042363 21.671999999999997
v 25.109539185984545 10.695684333236564 21.671999999999997
v 24.245913389252998 12.091293051084515 21.671999999999997
v 23.278462869088326 13.435124995798644 21.671999999999997
v 22.211330397143588 14.721425672682846 21.671999999999997
v 21.04908559849279 15.944686944762237 21.671999999999997
v 19.796705383794848 17.099670619471286 21.671999999999997
v 18.459552637397987 18.181430879398558 21.671999999999997
v 17.043353252645712 19.185335461036203 21.671999999999997
v 15.554171612722417 20.107085490843403 21.671999999999997
v 13.998384622033573 20.942733893682888 21.671999999999997
v 12.382654399322078 21.688702294802628 21.671999999999997
v 10.713899749452994 22.341796342985866 21.671999999999997
v 8.999266536028944 22.899219389253464 21.671999999999997
v 7.246097081705084 23.35858446254416 21.671999999999997
v 5.461898727236296 23.717924491091118 21.671999999999997
v 3.6543116838915393 23.97570072572521 21.671999999999997
v 1.8310763168962236 24.13080932903521 21.671999999999997
v 1.7143076920606943e-15 24.182586102169033 21.671999999999997
v -1.8310763168962139 24.13080932903521 21.671999999999997
v -3.65431168389153 23.975700725725215 21.671999999999997
v -5.461898727236286 23.71792449109112 21.671999999999997
v -7.246097081705075 23.35858446254416 21.671999999999997
v -8.999266536028934 22.899219389253467 21.671999999999997
v -10.713899749452985 22.34179634298587 21.671999999999997
v -12.38265439932207 21.688702294802628 21.671999999999997
v -13.998384622033564 20.94273389368289 21.671999999999997
v -15.554171612722405 20.107085490843406 21.671999999999997
v -17.0433532526457 19.185335461036207 21.671999999999997
v -18.459552637397977 18.18143087939857 21.671999999999997
v -19.796705383794844 17.099670619471286 21.671999999999997
v -21.04908559849279 15.94468694476224 21.671999999999997
v -22.21133039714358 14.721425672682853 21.671999999999997
v -23.27846286908832 13.43512499579865 21.671999999999997
v -24.24591338925299 12.091293051084525 21.671999999999997
v -25.109539185984538 10.695684333236574 21.671999999999997
v -25.86564208103512 9.254275053042367 21.671999999999997
v -26.510984325729083 7.773237546328884 21.671999999999997
v -27.04280246549992 6.258913843072885 21.671999999999997
v -27.458819173426924 4.717788509854913 21.671999999999997
v -27.757253002098704 3.156460881949673 21.671999999999997
v -27.936826012044484 1.5816168039592349 21.671999999999997
v -27.99676924406714 2.9615126665126575e-15 21.671999999999997
v -27.936826012044484 -1.5816168039592182 21.671999999999997
v -27.757253002098704 -3.156460881949657 21.671999999999997
v -27.458819173426928 -4.717788509854897 21.671999999999997
v -27.04280246549993 -6.258913843072869 21.671999999999997
v -26.51098432572909 -7.773237546328868 21.671999999999997
v -25.865642081035126 -9.254275053042349 21.671999999999997
v -25.109539185984545 -10.69568433323656 21.671999999999997
v -24.245913389253 -12.09129305108451 21.671999999999997
v -23.278462869088333 -13.435124995798638 21.671999999999997
v -22.21133039714359 -14.721425672682841 21.671999999999997
v -21.049085598492802 -15.94468694476223 21.671999999999997
v -19.796705383794855 -17.099670619471276 21.671999999999997
v -18.45955263739799 -18.181430879398558 21.671999999999997
v -17.043353252645716 -19.185335461036196 21.671999999999997
v -15.554171612722433 -20.107085490843392 21.671999999999997
v -13.998384622033582 -20.942733893682888 21.671999999999997
v -12.382654399322075 -21.688702294802628 21.671999999999997
v -10.713899749453008 -22.34179634298586 21.671999999999997
v -8.999266536028946 -22.899219389253464 21.671999999999997
v -7.2460970817051 -23.358584462544158 21.671999999999997
v -5.4618987272363055 -23.717924491091114 21.671999999999997
v -3.654311683891561 -23.975700725725208 21.671999999999997
v -1.8310763168962332 -24.13080932903521 21.671999999999997
v -5.142923076182083e-15 -24.182586102169033 21.671999999999997
v 1.8310763168961983 -24.130809329035213 21.671999999999997
v 3.654311683891527 -23.975700725725215 21.671999999999997
v 5.46189872723627 -23.717924491091125 21.671999999999997
v 7.246097081705066 -23.358584462544165 21.671999999999997
v 8.999266536028937 -22.899219389253467 21.671999999999997
v 10.713899749452976 -22.341796342985873 21.671999999999997
v 12.382654399322066 -21.688702294802628 21.671999999999997
v 13.998384622033551 -20.9427338936829 21.671999999999997
v 15.554171612722403 -20.10708549084341 21.671999999999997
v 17.04335325264569 -19.185335461036217 21.671999999999997
v 18.459552637397973 -18.18143087939857 21.671999999999997
v 19.79670538379484 -17.099670619471286 21.671999999999997
v 21.04908559849278 -15.944686944762251 21.671999999999997
v 22.211330397143577 -14.721425672682857 21.671999999999997
v 23.27846286908831 -13.435124995798661 21.671999999999997
v 24.24591338925299 -12.091293051084527 21.671999999999997
v 25.10953918598453 -10.695684333236587 21.671999999999997
v 25.865642081035112 -9.254275053042377 21.671999999999997
v 26.510984325729083 -7.773237546328887 21.671999999999997
v 27.042802465499918 -6.258913843072898 21.671999999999997
v 27.458819173426924 -4.717788509854915 21.671999999999997
v 27.7572530020987 -3.156460881949687 21.671999999999997
v 27.936826012044484 -1.5816168039592375 21.671999999999997
v 31.798428003656227 0.0 22.445999999999998
v 31.730345128408658 1.814626721716896 22.445999999999998
v 31.52638804399004 3.6214829332248377 22.445999999999998
v 31.18743012594791 5.4128313988325365 22.445999999999998
v 30.71492284412509 7.1810012893974395 22.445999999999998
v 30.110889547242987 8.918421029993768 22.445999999999998
v 29.377916798611725 10.617650722558759 22.445999999999998
v 28.519143300068972 12.271414004678357 22.445999999999998
v 27.538246451576786 13.872629208088172 22.445999999999998
v 26.43942660403044 15.414439683464172 22.445999999999998
v 25.227389072711023 16.890243161647746 22.445999999999998
v 23.90732398840302 18.29372002557584 22.445999999999998
v 22.48488407245753 19.618860371851426 22.445999999999998
v 20.966160430971573 20.8599897460725 22.445999999999998
v 19.357656471736686 22.01179344171701 22.445999999999998
v 17.66626005564834 23.069339258532075 22.445999999999998
v 15.899214001828117 24.028098622972717 22.445999999999998
v 14.06408507276033 24.883965980248973 22.445999999999998
v 12.168731572253357 25.633276374941847 22.445999999999998
v 10.22126969497634 26.272821144905038 22.445999999999998
v 8.230038771667566 26.799861661248862 22.445999999999998
v 6.203565558839966 27.21214105556961 22.445999999999998
v 4.150527725900708 27.507893884206506 22.445999999999998
v 2.0797166960385347 27.685853688142533 22.445999999999998
v 1.947092153629758e-15 27.74525841617635 22.445999999999998
v -2.079716696038524 27.685853688142533 22.445999999999998
v -4.150527725900697 27.50789388420651 22.445999999999998
v -6.203565558839955 27.21214105556961 22.445999999999998
v -8.230038771667555 26.799861661248865 22.445999999999998
v -10.22126969497633 26.27282114490504 22.445999999999998
v -12.168731572253346 25.63327637494185 22.445999999999998
v -14.064085072760319 24.883965980248977 22.445999999999998
v -15.899214001828106 24.028098622972717 22.445999999999998
v -17.666260055648326 23.069339258532082 22.445999999999998
v -19.357656471736675 22.011793441717018 22.445999999999998
v -20.96616043097156 20.85998974607251 22.445999999999998
v -22.484884072457525 19.618860371851426 22.445999999999998
v -23.907323988403018 18.293720025575844 22.445999999999998
v -25.227389072711016 16.890243161647753 22.445999999999998
v -26.439426604030434 15.414439683464181 22.445999999999998
v -27.53824645157678 13.872629208088183 22.445999999999998
v -28.519143300068965 12.27141400467837 22.445999999999998
v -29.377916798611725 10.617650722558762 22.445999999999998
v -30.110889547242984 8.918421029993773 22.445999999999998
v -30.714922844125088 7.1810012893974475 22.445999999999998
v -31.18743012594791 5.412831398832546 22.445999999999998
v -31.52638804399004 3.6214829332248493 22.445999999999998
v -31.730345128408658 1.8146267217169099 22.445999999999998
v -31.798428003656227 3.397814191088653e-15 22.445999999999998
v -31.730345128408658 -1.8146267217168908 22.445999999999998
v -31.526388043990043 -3.6214829332248306 22.445999999999998
v -31.187430125947913 -5.412831398832527 22.445999999999998
v -30.714922844125095 -7.181001289397429 22.445999999999998
v -30.11088954724299 -8.918421029993755 22.445999999999998
v -29.377916798611732 -10.617650722558745 22.445999999999998
v -28.519143300068972 -12.271414004678354 22.445999999999998
v -27.53824645157679 -13.872629208088167 22.445999999999998
v -26.439426604030448 -15.414439683464167 22.445999999999998
v -25.227389072711027 -16.89024316164774 22.445999999999998
v -23.907323988403032 -18.29372002557583 22.445999999999998
v -22.48488407245754 -19.618860371851415 22.445999999999998
v -20.966160430971577 -20.8599897460725 22.445999999999998
v -19.357656471736693 -22.011793441717003 22.445999999999998
v -17.666260055648358 -23.069339258532064 22.445999999999998
v -15.899214001828128 -24.028098622972713 22.445999999999998
v -14.064085072760326 -24.883965980248973 22.445999999999998
v -12.168731572253373 -25.633276374941843 22.445999999999998
v -10.221269694976344 -26.272821144905038 22.445999999999998
v -8.230038771667584 -26.79986166124886 22.445999999999998
v -6.203565558839976 -27.212141055569607 22.445999999999998
v -4.150527725900733 -27.507893884206503 22.445999999999998
v -2.079716696038546 -27.685853688142533 22.445999999999998
v -5.8412764608892734e-15 -27.74525841617635 22.445999999999998
v 2.0797166960385063 -27.685853688142537 22.445999999999998
v 4.150527725900694 -27.50789388420651 22.445999999999998
v 6.203565558839937 -27.212141055569614 22.445999999999998
v 8.230038771667544 -26.79986166124887 22.445999999999998
v 10.221269694976334 -26.27282114490504 22.445999999999998
v 12.168731572253336 -25.633276374941854 22.445999999999998
v 14.064085072760315 -24.883965980248977 22.445999999999998
v 15.899214001828092 -24.028098622972728 22.445999999999998
v 17.666260055648323 -23.069339258532086 22.445999999999998
v 19.35765647173666 -22.011793441717025 22.445999999999998
v 20.966160430971556 -20.85998974607251 22.445999999999998
v 22.484884072457522 -19.61886037185143 22.445999999999998
v 23.907323988403007 -18.293720025575855 22.445999999999998
v 25.227389072711013 -16.890243161647756 22.445999999999998
v 26.439426604030423 -15.414439683464193 22.445999999999998
v 27.538246451576775 -13.872629208088187 22.445999999999998
v 28.519143300068954 -12.271414004678384 22.445999999999998
v 29.377916798611718 -10.617650722558777 22.445999999999998
v 30.110889547242984 -8.918421029993777 22.445999999999998
v 30.714922844125084 -7.181001289397463 22.445999999999998
v 31.187430125947905 -5.412831398832549 22.445999999999998
v 31.526388043990035 -3.6214829332248653 22.445999999999998
v 31.730345128408658 -1.814626721716913 22.445999999999998
v 28.798428003656227 0.0 22.445999999999998
v 28.73676835869285 1.618417334026467 22.445999999999998
v 28.552053459868606 3.229904356564683 22.445999999999998
v 28.245074284738216 4.827560432784152 22.445999999999998
v 27.817145365257886 6.404544154089877 22.445999999999998
v 27.27009915875767 7.9541026340842835 22.445999999999998
v 26.606278201077863 9.46960042546349 22.445999999999998
v 25.828525075470907 10.944547934021355 22.445999999999998
v 24.94017024022347 12.372629208088172 22.445999999999998
v 23.945017767122806 13.747728984405367 22.445999999999998
v 22.847329051837317 15.063958874621582 22.445999999999998
v 21.65180456596609 16.315682580275634 22.445999999999998
v 20.363563728897887 17.497540028291784 22.445999999999998
v 18.988122985671367 18.604470323635567 22.445999999999998
v 17.531372184710523 19.631733420843304 22.445999999999998
v 15.999549356589533 20.57493042162444 22.445999999999998
v 14.399214001828117 21.4300224116194 22.445999999999998
v 12.737219002103325 22.19334775565091 22.445999999999998
v 11.020681275158086 22.86163777740799 22.445999999999998
v 9.256951299066856 23.43203075641972 22.445999999999998
v 7.453581636360004 23.902084182381657 22.445999999999998
v 5.618294592791581 24.269785214359917 22.445999999999998
v 3.7589491492405527 24.533559300085074 22.445999999999998
v 1.883507308348105 24.69227691842672 22.445999999999998
v 1.763395133757655e-15 24.74525841617635 22.445999999999998
v -1.883507308348095 24.69227691842672 22.445999999999998
v -3.7589491492405434 24.533559300085077 22.445999999999998
v -5.618294592791571 24.26978521435992 22.445999999999998
v -7.453581636359994 23.90208418238166 22.445999999999998
v -9.256951299066847 23.432030756419724 22.445999999999998
v -11.020681275158077 22.861637777407992 22.445999999999998
v -12.737219002103316 22.193347755650912 22.445999999999998
v -14.399214001828106 21.4300224116194 22.445999999999998
v -15.99954935658952 20.574930421624444 22.445999999999998
v -17.531372184710513 19.63173342084331 22.445999999999998
v -18.988122985671353 18.604470323635578 22.445999999999998
v -20.363563728897883 17.497540028291784 22.445999999999998
v -21.651804565966085 16.315682580275634 22.445999999999998
v -22.84732905183731 15.06395887462159 22.445999999999998
v -23.9450177671228 13.747728984405374 22.445999999999998
v -24.940170240223466 12.372629208088183 22.445999999999998
v -25.8285250754709 10.944547934021365 22.445999999999998
v -26.606278201077863 9.469600425463494 22.445999999999998
v -27.270099158757667 7.954102634084289 22.445999999999998
v -27.817145365257883 6.404544154089884 22.445999999999998
v -28.245074284738216 4.827560432784161 22.445999999999998
v -28.552053459868606 3.229904356564693 22.445999999999998
v -28.73676835869285 1.6184173340264794 22.445999999999998
v -28.798428003656227 3.030420151344447e-15 22.445999999999998
v -28.73676835869285 -1.618417334026462 22.445999999999998
v -28.55205345986861 -3.229904356564677 22.445999999999998
v -28.24507428473822 -4.827560432784143 22.445999999999998
v -27.81714536525789 -6.4045441540898675 22.445999999999998
v -27.270099158757674 -7.954102634084272 22.445999999999998
v -26.60627820107787 -9.469600425463476 22.445999999999998
v -25.828525075470907 -10.944547934021351 22.445999999999998
v -24.940170240223473 -12.372629208088167 22.445999999999998
v -23.94501776712281 -13.74772898440536 22.445999999999998
v -22.84732905183732 -15.063958874621576 22.445999999999998
v -21.6518045659661 -16.315682580275624 22.445999999999998
v -20.363563728897898 -17.497540028291773 22.445999999999998
v -18.98812298567137 -18.604470323635567 22.445999999999998
v -17.53137218471053 -19.6317334208433 22.445999999999998
v -15.999549356589549 -20.574930421624433 22.445999999999998
v -14.399214001828126 -21.430022411619397 22.445999999999998
v -12.737219002103323 -22.19334775565091 22.445999999999998
v -11.0206812751581 -22.86163777740798 22.445999999999998
v -9.25695129906686 -23.43203075641972 22.445999999999998
v -7.45358163636002 -23.902084182381657 22.445999999999998
v -5.618294592791591 -24.269785214359914 22.445999999999998
v -3.7589491492405753 -24.53355930008507 22.445999999999998
v -1.883507308348115 -24.69227691842672 22.445999999999998
v -5.2901854012729645e-15 -24.74525841617635 22.445999999999998
v 1.8835073083480791 -24.692276918426725 22.445999999999998
v 3.75894914924054 -24.533559300085077 22.445999999999998
v 5.618294592791555 -24.269785214359924 22.445999999999998
v 7.453581636359984 -23.902084182381664 22.445999999999998
v 9.25695129906685 -23.432030756419724 22.445999999999998
v 11.020681275158069 -22.861637777407992 22.445999999999998
v 12.737219002103313 -22.193347755650912 22.445999999999998
v 14.399214001828094 -21.43002241161941 22.445999999999998
v 15.999549356589517 -20.574930421624448 22.445999999999998
v 17.531372184710502 -19.631733420843318 22.445999999999998
v 18.98812298567135 -18.604470323635578 22.445999999999998
v 20.36356372889788 -17.497540028291787 22.445999999999998
v 21.651804565966074 -16.315682580275645 22.445999999999998
v 22.84732905183731 -15.063958874621594 22.445999999999998
v 23.94501776712279 -13.747728984405384 22.445999999999998
v 24.940170240223463 -12.372629208088185 22.445999999999998
v 25.82852507547089 -10.944547934021378 22.445999999999998
v 26.606278201077856 -9.469600425463506 22.445999999999998
v 27.270099158757667 -7.9541026340842915 22.445999999999998
v 27.81714536525788 -6.404544154089898 22.445999999999998
v 28.245074284738212 -4.827560432784163 22.445999999999998
v 28.552053459868603 -3.229904356564708 22.445999999999998
v 28.73676835869285 -1.618417334026482 22.445999999999998
v 32.62304143923751 0.0 23.22
v 32.55319300332589 1.8522835141922278 23.22
v 32.3439467973169 3.696635266008946 23.22
v 31.99619884558877 5.525157458098843 23.22
v 31.51143825825801 7.330020077715557 23.22
v 30.891740854581375 9.103494426034336 23.22
v 30.139760273979086 10.83798621362695 23.22
v 29.258716612743445 12.526068080374895 23.22
v 28.252382635092143 14.160511400565719 23.22
v 27.125067617612682 15.734317236978061 23.22
v 25.881598896278465 17.240746311405335 23.22
v 24.52730119505503 18.673347863279645 23.22
v 23.067973824614594 20.025987272818874 23.22
v 21.509865848797382 21.29287233041039 23.22
v 19.859649325160937 22.468578039741864 23.22
v 18.124390734205328 23.5480698484683 23.22
v 16.31152071961876 24.52672520693815 23.22
v 14.428802269120567 25.40035336266053 23.22
v 12.484297472155971 26.165213305750807 23.22
v 10.486332996791392 26.818029788509232 23.22
v 8.443464433643424 27.35600735053443 23.22
v 6.364439659526345 27.776842289313983 23.22
v 4.2581613777006275 28.078732525032287 23.22
v 2.13364899513077 28.26038531735296 23.22
v 1.997585163850684e-15 28.32102280113144 23.22
v -2.1336489951307587 28.26038531735296 23.22
v -4.258161377700617 28.078732525032287 23.22
v -6.364439659526333 27.776842289313986 23.22
v -8.443464433643413 27.35600735053443 23.22
v -10.486332996791381 26.818029788509236 23.22
v -12.48429747215596 26.16521330575081 23.22
v -14.428802269120556 25.400353362660532 23.22
v -16.31152071961875 24.526725206938153 23.22
v -18.124390734205313 23.548069848468305 23.22
v -19.859649325160927 22.468578039741868 23.22
v -21.509865848797368 21.2928723304104 23.22
v -23.06797382461459 20.025987272818874 23.22
v -24.527301195055028 18.67334786327965 23.22
v -25.881598896278458 17.240746311405342 23.22
v -27.12506761761267 15.73431723697807 23.22
v -28.252382635092136 14.16051140056573 23.22
v -29.258716612743438 12.526068080374907 23.22
v -30.139760273979086 10.837986213626953 23.22
v -30.89174085458137 9.103494426034343 23.22
v -31.511438258258007 7.330020077715565 23.22
v -31.99619884558877 5.525157458098853 23.22
v -32.3439467973169 3.6966352660089576 23.22
v -32.55319300332589 1.852283514192242 23.22
v -32.62304143923751 3.4683249921984826e-15 23.22
v -32.55319300332589 -1.8522835141922225 23.22
v -32.34394679731691 -3.696635266008939 23.22
v -31.996198845588772 -5.525157458098834 23.22
v -31.511438258258014 -7.330020077715546 23.22
v -30.89174085458138 -9.103494426034324 23.22
v -30.139760273979093 -10.837986213626934 23.22
v -29.258716612743445 -12.52606808037489 23.22
v -28.252382635092147 -14.160511400565714 23.22
v -27.12506761761269 -15.734317236978056 23.22
v -25.881598896278472 -17.240746311405328 23.22
v -24.527301195055042 -18.673347863279634 23.22
v -23.067973824614604 -20.025987272818863 23.22
v -21.509865848797386 -21.29287233041039 23.22
v -19.859649325160944 -22.468578039741857 23.22
v -18.12439073420535 -23.54806984846829 23.22
v -16.31152071961877 -24.526725206938146 23.22
v -14.428802269120563 -25.40035336266053 23.22
v -12.484297472155987 -26.165213305750804 23.22
v -10.486332996791395 -26.818029788509232 23.22
v -8.443464433643442 -27.356007350534426 23.22
v -6.364439659526355 -27.77684228931398 23.22
v -4.258161377700653 -28.078732525032283 23.22
v -2.1336489951307813 -28.26038531735296 23.22
v -5.9927554915520515e-15 -28.32102280113144 23.22
v 2.1336489951307405 -28.26038531735296 23.22
v 4.258161377700613 -28.078732525032287 23.22
v 6.364439659526314 -27.77684228931399 23.22
v 8.443464433643403 -27.356007350534433 23.22
v 10.486332996791385 -26.818029788509236 23.22
v 12.48429747215595 -26.165213305750814 23.22
v 14.428802269120553 -25.400353362660532 23.22
v 16.311520719618734 -24.52672520693816 23.22
v 18.12439073420531 -23.54806984846831 23.22
v 19.859649325160913 -22.468578039741878 23.22
v 21.509865848797364 -21.2928723304104 23.22
v 23.067973824614587 -20.025987272818877 23.22
v 24.527301195055017 -18.673347863279663 23.22
v 25.881598896278454 -17.240746311405346 23.22
v 27.12506761761266 -15.734317236978082 23.22
v 28.252382635092133 -14.160511400565733 23.22
v 29.258716612743427 -12.526068080374921 23.22
v 30.13976027397908 -10.837986213626968 23.22
v 30.89174085458137 -9.103494426034345 23.22
v 31.511438258258003 -7.33002007771558 23.22
v 31.996198845588765 -5.525157458098857 23.22
v 32.3439467973169 -3.696635266008974 23.22
v 32.55319300332589 -1.8522835141922451 23.22
v 29.62304143923751 0.0 23.22
v 29.559616233610072 1.6560741265017986 23.22
v 29.369612213195474 3.3050566893487914 23.22
v 29.053843004379075 4.939886492050459 23.22
v 28.613660779390806 6.553562942407995 23.22
v 28.050950466096058 8.139176030124853 23.22
v 27.368121676445227 9.689935916531681 23.22
v 26.56809838814538 11.199202009717892 23.22
v 25.654306423738827 12.660511400565719 23.22
v 24.630658780705044 14.067606537919255 23.22
v 23.501538875404762 15.414462024379173 23.22
v 22.271781772618098 16.69531041797944 23.22
v 20.94665348105495 17.904666929259232 23.22
v 19.531828403497176 19.037352907973457 23.22
v 18.033365038134775 20.088518018868157 23.22
v 16.457680035146524 21.053661011560663 23.22
v 14.811520719618759 21.928648995584833 23.22
v 13.101936198463562 22.709735138062467 23.22
v 11.336247175060702 23.39357470821695 23.22
v 9.522014600881906 23.977239400023915 23.22
v 7.667007298335861 24.458229871667225 23.22
v 5.77916869347796 24.834486448104293 23.22
v 3.866582801040473 25.104397940910854 23.22
v 1.9374396074403402 25.266808547637147 23.22
v 1.8138881439785812e-15 25.32102280113144 23.22
v -1.93743960744033 25.266808547637147 23.22
v -3.866582801040463 25.104397940910857 23.22
v -5.779168693477949 24.834486448104293 23.22
v -7.667007298335851 24.458229871667225 23.22
v -9.522014600881898 23.97723940002392 23.22
v -11.336247175060691 23.393574708216953 23.22
v -13.101936198463553 22.709735138062467 23.22
v -14.811520719618748 21.928648995584837 23.22
v -16.45768003514651 21.05366101156067 23.22
v -18.033365038134768 20.08851801886816 23.22
v -19.531828403497162 19.037352907973467 23.22
v -20.94665348105495 17.904666929259232 23.22
v -22.271781772618095 16.695310417979442 23.22
v -23.501538875404755 15.41446202437918 23.22
v -24.630658780705037 14.067606537919263 23.22
v -25.65430642373882 12.66051140056573 23.22
v -26.568098388145373 11.199202009717903 23.22
v -27.368121676445227 9.689935916531683 23.22
v -28.050950466096054 8.139176030124858 23.22
v -28.613660779390802 6.553562942408002 23.22
v -29.053843004379075 4.9398864920504675 23.22
v -29.369612213195474 3.3050566893488016 23.22
v -29.559616233610072 1.6560741265018113 23.22
v -29.62304143923751 3.1009309524542767e-15 23.22
v -29.559616233610072 -1.6560741265017938 23.22
v -29.369612213195477 -3.3050566893487847 23.22
v -29.05384300437908 -4.93988649205045 23.22
v -28.61366077939081 -6.553562942407985 23.22
v -28.05095046609606 -8.13917603012484 23.22
v -27.368121676445234 -9.689935916531667 23.22
v -26.56809838814538 -11.199202009717887 23.22
v -25.65430642373883 -12.660511400565714 23.22
v -24.63065878070505 -14.067606537919248 23.22
v -23.501538875404766 -15.414462024379166 23.22
v -22.27178177261811 -16.69531041797943 23.22
v -20.94665348105496 -17.90466692925922 23.22
v -19.53182840349718 -19.037352907973457 23.22
v -18.033365038134782 -20.08851801886815 23.22
v -16.457680035146538 -21.053661011560656 23.22
v -14.811520719618768 -21.92864899558483 23.22
v -13.101936198463559 -22.709735138062467 23.22
v -11.336247175060716 -23.393574708216942 23.22
v -9.52201460088191 -23.977239400023915 23.22
v -7.667007298335878 -24.45822987166722 23.22
v -5.77916869347797 -24.83448644810429 23.22
v -3.866582801040496 -25.10439794091085 23.22
v -1.9374396074403506 -25.266808547637147 23.22
v -5.4416644319357425e-15 -25.32102280113144 23.22
v 1.9374396074403135 -25.26680854763715 23.22
v 3.8665828010404595 -25.104397940910857 23.22
v 5.779168693477932 -24.834486448104297 23.22
v 7.667007298335841 -24.45822987166723 23.22
v 9.522014600881901 -23.97723940002392 23.22
v 11.336247175060683 -23.393574708216953 23.22
v 13.10193619846355 -22.709735138062467 23.22
v 14.811520719618736 -21.928648995584844 23.22
v 16.457680035146506 -21.053661011560674 23.22
v 18.033365038134754 -20.08851801886817 23.22
v 19.53182840349716 -19.037352907973467 23.22
v 20.946653481054945 -17.904666929259236 23.22
v 22.271781772618088 -16.695310417979453 23.22
v 23.50153887540475 -15.414462024379183 23.22
v 24.63065878070503 -14.067606537919275 23.22
v 25.654306423738817 -12.660511400565731 23.22
v 26.568098388145366 -11.199202009717915 23.22
v 27.36812167644522 -9.689935916531695 23.22
v 28.050950466096054 -8.13917603012486 23.22
v 28.6136607793908 -6.553562942408016 23.22
v 29.053843004379075 -4.93988649205047 23.22
v 29.36961221319547 -3.3050566893488167 23.22
v 29.559616233610072 -1.6560741265018142 23.22
v 33.47126683440405 0.0 23.994
v 33.399602282810406 1.8908164923025725 23.994
v 33.18491550664154 3.7735362181016763 23.994
v 32.82812582763232 5.6400970824910495 23.994
v 32.330761073963615 7.482506185289739 23.994
v 31.69495103786746 9.29287404786777 23.994
v 30.923418355529748 11.063448397104853 23.994
v 30.019466848344106 12.786647361814033 23.994
v 28.986967375441456 14.45509193947811 23.994
v 27.830341258076974 16.061637594271257 23.994
v 26.554541346853693 17.599404851058267 23.994
v 25.16503081285582 19.061808754363263 23.994
v 23.66775975351149 20.442587066159955 23.994
v 22.06913971336204 21.735827081736282 23.994
v 20.376016228844005 22.935990948803738 23.994
v 18.595639514651147 24.037939381431023 23.994
v 16.735633417202028 25.036953667255432 23.994
v 14.80396276815927 25.928755873733596 23.994
v 12.808899277797536 26.709527166905417 23.994
v 10.758986114270288 27.37592416422733 23.994
v 8.663001320452135 27.92509325144969 23.994
v 6.529920225011642 28.354682802231032 23.994
v 4.368877008676065 28.662853248163124 23.994
v 2.1891255902671363 28.84828495608529 23.994
v 2.049523989607994e-15 28.910183878956225 23.994
v -2.1891255902671247 28.84828495608529 23.994
v -4.368877008676053 28.662853248163124 23.994
v -6.52992022501163 28.354682802231036 23.994
v -8.663001320452125 27.925093251449695 23.994
v -10.758986114270275 27.375924164227335 23.994
v -12.808899277797526 26.709527166905417 23.994
v -14.80396276815926 25.9287558737336 23.994
v -16.735633417202017 25.036953667255435 23.994
v -18.595639514651133 24.03793938143103 23.994
v -20.376016228843994 22.935990948803745 23.994
v -22.069139713362027 21.735827081736293 23.994
v -23.667759753511486 20.442587066159955 23.994
v -25.165030812855818 19.061808754363266 23.994
v -26.554541346853686 17.599404851058278 23.994
v -27.830341258076967 16.061637594271264 23.994
v -28.98696737544145 14.455091939478121 23.994
v -30.0194668483441 12.786647361814046 23.994
v -30.923418355529748 11.063448397104857 23.994
v -31.694951037867458 9.292874047867775 23.994
v -32.330761073963615 7.482506185289747 23.994
v -32.82812582763232 5.64009708249106 23.994
v -33.18491550664154 3.7735362181016883 23.994
v -33.399602282810406 1.890816492302587 23.994
v -33.47126683440405 3.5404764150125154e-15 23.994
v -33.399602282810406 -1.890816492302567 23.994
v -33.184915506641545 -3.773536218101669 23.994
v -32.82812582763233 -5.64009708249104 23.994
v -32.33076107396362 -7.482506185289728 23.994
v -31.694951037867465 -9.292874047867757 23.994
v -30.923418355529755 -11.063448397104837 23.994
v -30.019466848344106 -12.78664736181403 23.994
v -28.986967375441463 -14.455091939478104 23.994
v -27.83034125807698 -16.06163759427125 23.994
v -26.554541346853696 -17.59940485105826 23.994
v -25.165030812855832 -19.061808754363252 23.994
v -23.6677597535115 -20.44258706615994 23.994
v -22.069139713362045 -21.735827081736282 23.994
v -20.376016228844012 -22.93599094880373 23.994
v -18.595639514651165 -24.037939381431013 23.994
v -16.73563341720204 -25.03695366725543 23.994
v -14.803962768159266 -25.928755873733596 23.994
v -12.808899277797552 -26.70952716690541 23.994
v -10.758986114270291 -27.37592416422733 23.994
v -8.663001320452153 -27.925093251449688 23.994
v -6.5299202250116535 -28.35468280223103 23.994
v -4.36887700867609 -28.66285324816312 23.994
v -2.189125590267148 -28.84828495608529 23.994
v -6.148571968823981e-15 -28.910183878956225 23.994
v 2.189125590267106 -28.848284956085294 23.994
v 4.3688770086760496 -28.662853248163124 23.994
v 6.529920225011612 -28.35468280223104 23.994
v 8.663001320452112 -27.9250932514497 23.994
v 10.758986114270279 -27.375924164227335 23.994
v 12.808899277797513 -26.70952716690542 23.994
v 14.803962768159256 -25.9287558737336 23.994
v 16.735633417202003 -25.036953667255446 23.994
v 18.59563951465113 -24.037939381431034 23.994
v 20.37601622884398 -22.935990948803756 23.994
v 22.069139713362024 -21.735827081736293 23.994
v 23.667759753511483 -20.44258706615996 23.994
v 25.165030812855804 -19.061808754363277 23.994
v 26.554541346853682 -17.59940485105828 23.994
v 27.830341258076956 -16.06163759427128 23.994
v 28.986967375441445 -14.455091939478125 23.994
v 30.019466848344088 -12.786647361814062 23.994
v 30.92341835552974 -11.063448397104871 23.994
v 31.694951037867458 -9.292874047867778 23.994
v 32.33076107396361 -7.482506185289763 23.994
v 32.82812582763232 -5.640097082491064 23.994
v 33.18491550664154 -3.773536218101705 23.994
v 33.399602282810406 -1.8908164923025903 23.994
v 30.471266834404048 0.0 23.994
v 30.406025513094594 1.6946071046121434 23.994
v 30.21058092252011 3.3819576414415216 23.994
v 29.88576998642263 5.054826116442665 23.994
v 29.432983595096413 6.706049049982177 23.994
v 28.854160649382145 8.328555651958284 23.994
v 28.15177975799589 9.915398100009584 23.994
v 27.32884862374604 11.45978129115703 23.994
v 26.38889116408814 12.95509193947811 23.994
v 25.33593242116934 14.39492689521245 23.994
v 24.174481325979986 15.773120564032105 23.994
v 22.90951139041889 17.083771309063057 23.994
v 21.546439409951848 18.321266722600313 23.994
v 20.091102268061835 19.48030765929935 23.994
v 18.549731941817843 20.555930927930035 23.994
v 16.92892881559234 21.54353054452339 23.994
v 15.235633417202028 22.438877455902116 23.994
v 13.477096697502265 23.23813764913553 23.994
v 11.660848980702267 23.937888569371555 23.994
v 9.794667718360802 24.535133775742015 23.994
v 7.886544185144572 25.027315772582487 23.994
v 5.944649258963257 25.412326961021343 23.994
v 3.9772984320159095 25.68851866404169 23.994
v 1.9929162025767067 25.854708186369482 23.994
v 1.865826969735891e-15 25.910183878956225 23.994
v -1.992916202576696 25.854708186369482 23.994
v -3.9772984320158993 25.688518664041695 23.994
v -5.9446492589632465 25.412326961021346 23.994
v -7.886544185144563 25.02731577258249 23.994
v -9.794667718360792 24.53513377574202 23.994
v -11.660848980702257 23.93788856937156 23.994
v -13.477096697502255 23.238137649135535 23.994
v -15.235633417202017 22.43887745590212 23.994
v -16.928928815592325 21.543530544523392 23.994
v -18.549731941817836 20.55593092793004 23.994
v -20.09110226806182 19.48030765929936 23.994
v -21.546439409951844 18.321266722600313 23.994
v -22.909511390418885 17.08377130906306 23.994
v -24.17448132597998 15.773120564032114 23.994
v -25.335932421169332 14.394926895212459 23.994
v -26.388891164088136 12.955091939478121 23.994
v -27.328848623746033 11.459781291157041 23.994
v -28.15177975799589 9.915398100009588 23.994
v -28.85416064938214 8.32855565195829 23.994
v -29.43298359509641 6.706049049982184 23.994
v -29.88576998642263 5.054826116442674 23.994
v -30.21058092252011 3.3819576414415327 23.994
v -30.406025513094594 1.6946071046121565 23.994
v -30.471266834404048 3.173082375268309e-15 23.994
v -30.406025513094594 -1.6946071046121385 23.994
v -30.210580922520112 -3.3819576414415153 23.994
v -29.885769986422634 -5.054826116442656 23.994
v -29.432983595096417 -6.706049049982167 23.994
v -28.85416064938215 -8.328555651958274 23.994
v -28.151779757995893 -9.91539810000957 23.994
v -27.32884862374604 -11.459781291157025 23.994
v -26.388891164088143 -12.955091939478105 23.994
v -25.335932421169346 -14.394926895212445 23.994
v -24.17448132597999 -15.7731205640321 23.994
v -22.9095113904189 -17.083771309063046 23.994
v -21.54643940995186 -18.3212667226003 23.994
v -20.09110226806184 -19.48030765929935 23.994
v -18.54973194181785 -20.555930927930028 23.994
v -16.928928815592357 -21.543530544523378 23.994
v -15.235633417202038 -22.438877455902112 23.994
v -13.477096697502262 -23.23813764913553 23.994
v -11.660848980702282 -23.937888569371548 23.994
v -9.794667718360806 -24.535133775742015 23.994
v -7.886544185144589 -25.027315772582483 23.994
v -5.944649258963267 -25.41232696102134 23.994
v -3.977298432015933 -25.688518664041688 23.994
v -1.992916202576717 -25.854708186369482 23.994
v -5.597480909207672e-15 -25.910183878956225 23.994
v 1.9929162025766791 -25.854708186369486 23.994
v 3.9772984320158957 -25.688518664041695 23.994
v 5.94464925896323 -25.412326961021346 23.994
v 7.886544185144552 -25.02731577258249 23.994
v 9.794667718360795 -24.53513377574202 23.994
v 11.660848980702246 -23.937888569371562 23.994
v 13.477096697502253 -23.238137649135535 23.994
v 15.235633417202004 -22.438877455902126 23.994
v 16.92892881559232 -21.543530544523396 23.994
v 18.54973194181782 -20.55593092793005 23.994
v 20.091102268061817 -19.48030765929936 23.994
v 21.54643940995184 -18.321266722600313 23.994
v 22.909511390418874 -17.08377130906307 23.994
v 24.174481325979976 -15.773120564032117 23.994
v 25.33593242116932 -14.39492689521247 23.994
v 26.388891164088133 -12.955091939478123 23.994
v 27.328848623746023 -11.459781291157054 23.994
v 28.151779757995882 -9.9153981000096 23.994
v 28.85416064938214 -8.328555651958293 23.994
v 29.432983595096406 -6.706049049982199 23.994
v 29.885769986422627 -5.054826116442677 23.994
v 30.210580922520105 -3.3819576414415478 23.994
v 30.406025513094594 -1.6946071046121594 23.994
v 34.34378029339014 0.0 24.768
v 34.270247623505455 1.930246042841827 24.768
v 34.049964492032785 3.8522264757914417 24.768
v 33.68387418515959 5.75771108356715 24.768
v 33.17354435778309 7.638540288543137 24.768
v 32.52116032057138 9.486660091313542 24.768
v 31.729515682127623 11.294156559154391 24.768
v 30.80200038632913 13.05328971469848 24.768
v 29.742586196067244 14.756526679706734 24.768
v 28.555809685548894 16.396573932009296 24.768
v 27.246752813989367 17.966408537487165 24.768
v 25.82102116388274 19.459308223354302 24.768
v 24.284719937037085 20.868880163961684 24.768
v 22.644427811163006 22.18908835585821 24.768
v 20.90716876896572 23.41427946488414 24.768
v 19.080382020372788 24.539207034615846 24.768
v 17.171890146695073 25.559053952497734 24.768
v 15.189865603132679 26.469453077457676 24.768
v 13.14279572306707 27.26650594067558 24.768
v 11.039446373996588 27.94679943942536 24.768
v 8.888824420746014 28.507420452504817 24.768
v 6.700139156688644 28.945968314667844 24.768
v 4.482762868138265 29.26056509664156 24.768
v 2.246190700780243 29.449863646707776 24.768
v 2.102950030346009e-15 29.513053359413473 24.768
v -2.246190700780231 29.449863646707776 24.768
v -4.482762868138254 29.260565096641564 24.768
v -6.700139156688632 28.945968314667848 24.768
v -8.888824420746001 28.50742045250482 24.768
v -11.039446373996578 27.946799439425362 24.768
v -13.14279572306706 27.266505940675582 24.768
v -15.189865603132667 26.46945307745768 24.768
v -17.171890146695063 25.559053952497738 24.768
v -19.080382020372774 24.539207034615853 24.768
v -20.90716876896571 23.414279464884146 24.768
v -22.64442781116299 22.18908835585822 24.768
v -24.28471993703708 20.868880163961684 24.768
v -25.821021163882737 19.459308223354306 24.768
v -27.24675281398936 17.966408537487176 24.768
v -28.555809685548883 16.396573932009307 24.768
v -29.742586196067236 14.756526679706747 24.768
v -30.802000386329123 13.053289714698492 24.768
v -31.729515682127623 11.294156559154395 24.768
v -32.52116032057138 9.486660091313547 24.768
v -33.173544357783086 7.638540288543145 24.768
v -33.68387418515959 5.757711083567161 24.768
v -34.049964492032785 3.852226475791454 24.768
v -34.270247623505455 1.930246042841842 24.768
v -34.34378029339014 3.614306632967075e-15 24.768
v -34.270247623505455 -1.9302460428418213 24.768
v -34.04996449203279 -3.852226475791434 24.768
v -33.68387418515959 -5.75771108356714 24.768
v -33.17354435778309 -7.638540288543125 24.768
v -32.52116032057139 -9.486660091313528 24.768
v -31.72951568212763 -11.294156559154375 24.768
v -30.80200038632913 -13.053289714698474 24.768
v -29.742586196067247 -14.756526679706727 24.768
v -28.5558096855489 -16.39657393200929 24.768
v -27.24675281398937 -17.96640853748716 24.768
v -25.82102116388275 -19.45930822335429 24.768
v -24.284719937037096 -20.868880163961673 24.768
v -22.64442781116301 -22.18908835585821 24.768
v -20.90716876896573 -23.41427946488413 24.768
v -19.08038202037281 -24.53920703461584 24.768
v -17.171890146695084 -25.55905395249773 24.768
v -15.189865603132676 -26.469453077457676 24.768
v -13.142795723067088 -27.26650594067557 24.768
v -11.039446373996592 -27.94679943942536 24.768
v -8.888824420746031 -28.507420452504814 24.768
v -6.700139156688656 -28.94596831466784 24.768
v -4.482762868138292 -29.260565096641557 24.768
v -2.246190700780255 -29.449863646707776 24.768
v -6.3088500910380265e-15 -29.513053359413473 24.768
v 2.246190700780212 -29.44986364670778 24.768
v 4.48276286813825 -29.260565096641564 24.768
v 6.700139156688613 -28.94596831466785 24.768
v 8.88882442074599 -28.507420452504824 24.768
v 11.039446373996581 -27.946799439425362 24.768
v 13.142795723067048 -27.266505940675586 24.768
v 15.189865603132663 -26.46945307745768 24.768
v 17.17189014669505 -25.55905395249775 24.768
v 19.08038202037277 -24.539207034615856 24.768
v 20.907168768965693 -23.414279464884153 24.768
v 22.644427811162988 -22.18908835585822 24.768
v 24.284719937037078 -20.868880163961688 24.768
v 25.821021163882726 -19.459308223354316 24.768
v 27.246752813989357 -17.96640853748718 24.768
v 28.555809685548873 -16.396573932009318 24.768
v 29.742586196067233 -14.756526679706749 24.768
v 30.802000386329112 -13.053289714698508 24.768
v 31.729515682127616 -11.294156559154409 24.768
v 32.52116032057138 -9.486660091313551 24.768
v 33.173544357783086 -7.638540288543162 24.768
v 33.68387418515958 -5.757711083567163 24.768
v 34.049964492032785 -3.852226475791471 24.768
v 34.270247623505455 -1.930246042841845 24.768
v 31.343780293390136 0.0 24.768
v 31.27667085378964 1.734036655151398 24.768
v 31.075629907911352 3.460647899131287 24.768
v 30.741518343949892 5.172440117518765 24.768
v 30.27576687891588 6.862083153235575 24.768
v 29.680369932086062 8.522341695404057 24.768
v 28.95787708459376 10.146106262059122 24.768
v 28.11138216173106 11.726423644041475 24.768
v 27.144509984713924 13.256526679706734 24.768
v 26.061400848641252 14.729863232950489 24.768
v 24.866692793115657 16.140124250461003 24.768
v 23.565501741445804 17.481270778054096 24.768
v 22.16339959347744 18.747559820402042 24.768
v 20.666390365862796 19.933568933421277 24.768
v 19.080884481939556 21.034219444010432 24.768
v 17.41367132131398 22.04479819770821 24.768
v 15.671890146695072 22.96097774114442 24.768
v 13.862999532475673 23.77883485285961 24.768
v 11.9947454259718 24.49486734314172 24.768
v 10.075127978087101 25.10600905094004 24.768
v 8.112367285438449 25.609642973637612 24.768
v 6.114868190640259 26.003612473458155 24.768
v 4.091184291478109 26.286230512520127 24.768
v 2.049981313089813 26.456286876991967 24.768
v 1.919253010473906e-15 26.513053359413473 24.768
v -2.049981313089802 26.456286876991967 24.768
v -4.0911842914781 26.28623051252013 24.768
v -6.114868190640248 26.003612473458155 24.768
v -8.112367285438438 25.609642973637616 24.768
v -10.075127978087092 25.106009050940045 24.768
v -11.99474542597179 24.49486734314172 24.768
v -13.862999532475662 23.778834852859614 24.768
v -15.67189014669506 22.960977741144422 24.768
v -17.413671321313966 22.044798197708218 24.768
v -19.080884481939545 21.03421944401044 24.768
v -20.666390365862785 19.933568933421288 24.768
v -22.163399593477436 18.747559820402042 24.768
v -23.5655017414458 17.481270778054096 24.768
v -24.86669279311565 16.140124250461014 24.768
v -26.061400848641245 14.729863232950498 24.768
v -27.144509984713917 13.256526679706745 24.768
v -28.111382161731054 11.726423644041487 24.768
v -28.95787708459376 10.146106262059124 24.768
v -29.68036993208606 8.522341695404062 24.768
v -30.275766878915878 6.862083153235582 24.768
v -30.741518343949892 5.172440117518775 24.768
v -31.075629907911352 3.460647899131298 24.768
v -31.27667085378964 1.7340366551514113 24.768
v -31.343780293390136 3.246912593222869e-15 24.768
v -31.27667085378964 -1.7340366551513928 24.768
v -31.075629907911356 -3.4606478991312803 24.768
v -30.741518343949895 -5.172440117518756 24.768
v -30.275766878915885 -6.862083153235564 24.768
v -29.680369932086066 -8.522341695404045 24.768
v -28.95787708459377 -10.146106262059106 24.768
v -28.11138216173106 -11.726423644041471 24.768
v -27.144509984713928 -13.25652667970673 24.768
v -26.06140084864126 -14.729863232950484 24.768
v -24.86669279311566 -16.140124250461 24.768
v -23.565501741445814 -17.481270778054085 24.768
v -22.16339959347745 -18.74755982040203 24.768
v -20.6663903658628 -19.933568933421277 24.768
v -19.080884481939563 -21.034219444010425 24.768
v -17.413671321314 -22.044798197708204 24.768
v -15.671890146695082 -22.960977741144415 24.768
v -13.86299953247567 -23.77883485285961 24.768
v -11.994745425971816 -24.494867343141713 24.768
v -10.075127978087105 -25.10600905094004 24.768
v -8.112367285438467 -25.609642973637612 24.768
v -6.114868190640269 -26.00361247345815 24.768
v -4.091184291478134 -26.286230512520124 24.768
v -2.0499813130898237 -26.456286876991967 24.768
v -5.7577590314217175e-15 -26.513053359413473 24.768
v 2.0499813130897846 -26.45628687699197 24.768
v 4.091184291478096 -26.28623051252013 24.768
v 6.11486819064023 -26.00361247345816 24.768
v 8.11236728543843 -25.60964297363762 24.768
v 10.075127978087094 -25.106009050940045 24.768
v 11.994745425971779 -24.494867343141724 24.768
v 13.862999532475659 -23.778834852859614 24.768
v 15.671890146695047 -22.96097774114443 24.768
v 17.413671321313963 -22.04479819770822 24.768
v 19.08088448193953 -21.034219444010446 24.768
v 20.66639036586278 -19.933568933421288 24.768
v 22.163399593477433 -18.747559820402046 24.768
v 23.56550174144579 -17.48127077805411 24.768
v 24.86669279311565 -16.140124250461017 24.768
v 26.061400848641238 -14.72986323295051 24.768
v 27.144509984713913 -13.256526679706749 24.768
v 28.111382161731044 -11.726423644041502 24.768
v 28.957877084593754 -10.146106262059138 24.768
v 29.68036993208606 -8.522341695404066 24.768
v 30.275766878915878 -6.862083153235597 24.768
v 30.74151834394989 -5.172440117518778 24.768
v 31.07562990791135 -3.4606478991313137 24.768
v 31.27667085378964 -1.7340366551514141 24.768
v 35.24127727998108 0.0 25.541999999999998
v 35.16582300015498 1.9705930269569805 25.541999999999998
v 34.93978326748685 3.9327476720415855 25.541999999999998
v 34.564126018814235 5.878061687828102 25.541999999999998
v 34.04045987614789 7.798204941050892 25.541999999999998
v 33.3710272583054 9.684955083513897 25.541999999999998
v 32.55869477852955 11.530232761447945 25.541999999999998
v 31.60694096921027 13.32613621254393 25.541999999999998
v 30.51984138627498 15.064975102512154 25.541999999999998
v 29.302051157032363 16.739303456274367 25.541999999999998
v 27.958785046202607 18.341951542772193 25.541999999999998
v 26.495795125494233 19.86605657685624 25.541999999999998
v 24.91934614235003 21.3050921067857 25.541999999999998
v 23.236188693336665 22.65289596149665 25.541999999999998
v 21.45353031705384 23.90369663796462 25.541999999999998
v 19.579004630347505 25.052138015666554 25.541999999999998
v 17.620638639990542 26.093302292311208 25.541999999999998
v 15.586818369807485 27.022731042623537 25.541999999999998
v 13.486252950433016 27.836444310006208 25.541999999999998
v 11.327937325477578 28.530957649324755 25.541999999999998
v 9.12111373379787 29.103297047836588 25.541999999999998
v 6.875232132811176 29.55101166037014 25.541999999999998
v 4.599909732326951 29.872184304220138 25.541999999999998
v 2.3048898121779144 30.0654396688183 25.541999999999998
v 2.1579058709396583e-15 30.12995020502431 25.541999999999998
v -2.304889812177902 30.0654396688183 25.541999999999998
v -4.59990973232694 29.87218430422014 25.541999999999998
v -6.8752321328111625 29.551011660370143 25.541999999999998
v -9.121113733797857 29.10329704783659 25.541999999999998
v -11.327937325477567 28.53095764932476 25.541999999999998
v -13.486252950433004 27.83644431000621 25.541999999999998
v -15.586818369807473 27.02273104262354 25.541999999999998
v -17.62063863999053 26.09330229231121 25.541999999999998
v -19.57900463034749 25.05213801566656 25.541999999999998
v -21.45353031705383 23.90369663796463 25.541999999999998
v -23.236188693336647 22.652895961496665 25.541999999999998
v -24.919346142350026 21.3050921067857 25.541999999999998
v -26.49579512549423 19.866056576856245 25.541999999999998
v -27.958785046202596 18.341951542772204 25.541999999999998
v -29.302051157032356 16.739303456274378 25.541999999999998
v -30.51984138627497 15.064975102512166 25.541999999999998
v -31.606940969210264 13.326136212543943 25.541999999999998
v -32.55869477852955 11.530232761447948 25.541999999999998
v -33.3710272583054 9.684955083513904 25.541999999999998
v -34.040459876147885 7.7982049410509 25.541999999999998
v -34.564126018814235 5.878061687828113 25.541999999999998
v -34.93978326748685 3.932747672041598 25.541999999999998
v -35.16582300015498 1.9705930269569956 25.541999999999998
v -35.24127727998108 3.689854707705216e-15 25.541999999999998
v -35.16582300015498 -1.9705930269569747 25.541999999999998
v -34.93978326748685 -3.932747672041578 25.541999999999998
v -34.564126018814235 -5.878061687828092 25.541999999999998
v -34.04045987614789 -7.798204941050879 25.541999999999998
v -33.37102725830541 -9.684955083513884 25.541999999999998
v -32.558694778529556 -11.530232761447927 25.541999999999998
v -31.60694096921027 -13.326136212543926 25.541999999999998
v -30.519841386274983 -15.064975102512147 25.541999999999998
v -29.30205115703237 -16.73930345627436 25.541999999999998
v -27.95878504620261 -18.341951542772186 25.541999999999998
v -26.495795125494244 -19.86605657685623 25.541999999999998
v -24.91934614235004 -21.305092106785686 25.541999999999998
v -23.23618869333667 -22.65289596149665 25.541999999999998
v -21.453530317053847 -23.903696637964618 25.541999999999998
v -19.579004630347526 -25.052138015666543 25.541999999999998
v -17.620638639990553 -26.093302292311204 25.541999999999998
v -15.586818369807482 -27.022731042623537 25.541999999999998
v -13.486252950433034 -27.8364443100062 25.541999999999998
v -11.327937325477581 -28.530957649324755 25.541999999999998
v -9.12111373379789 -29.103297047836584 25.541999999999998
v -6.875232132811187 -29.551011660370136 25.541999999999998
v -4.599909732326979 -29.872184304220134 25.541999999999998
v -2.3048898121779264 -30.0654396688183 25.541999999999998
v -6.473717612818975e-15 -30.12995020502431 25.541999999999998
v 2.3048898121778825 -30.065439668818303 25.541999999999998
v 4.599909732326935 -29.87218430422014 25.541999999999998
v 6.875232132811143 -29.551011660370147 25.541999999999998
v 9.121113733797847 -29.103297047836595 25.541999999999998
v 11.32793732547757 -28.53095764932476 25.541999999999998
v 13.486252950432991 -27.836444310006215 25.541999999999998
v 15.58681836980747 -27.02273104262354 25.541999999999998
v 17.620638639990513 -26.093302292311222 25.541999999999998
v 19.579004630347487 -25.052138015666564 25.541999999999998
v 21.45353031705381 -23.90369663796464 25.541999999999998
v 23.236188693336643 -22.652895961496665 25.541999999999998
v 24.919346142350022 -21.305092106785704 25.541999999999998
v 26.495795125494215 -19.86605657685626 25.541999999999998
v 27.958785046202593 -18.341951542772204 25.541999999999998
v 29.30205115703234 -16.739303456274392 25.541999999999998
v 30.519841386274965 -15.06497510251217 25.541999999999998
v 31.606940969210253 -13.32613621254396 25.541999999999998
v 32.55869477852954 -11.530232761447962 25.541999999999998
v 33.3710272583054 -9.684955083513907 25.541999999999998
v 34.040459876147885 -7.798204941050916 25.541999999999998
v 34.56412601881423 -5.878061687828116 25.541999999999998
v 34.939783267486845 -3.9327476720416157 25.541999999999998
v 35.16582300015498 -1.970593026956999 25.541999999999998
v 32.24127727998108 0.0 25.541999999999998
v 32.172246230439164 1.7743836392665513 25.541999999999998
v 31.96544868336542 3.5411690953814308 25.541999999999998
v 31.621770177604542 5.292790721779718 25.541999999999998
v 31.142682397280687 7.021747805743329 25.541999999999998
v 30.53023686982009 8.720636687604411 25.541999999999998
v 29.787056180995688 10.382182464352674 25.541999999999998
v 28.916322744612206 11.999270141886926 25.541999999999998
v 27.92176517492166 13.564975102512154 25.541999999999998
v 26.807642320124724 15.07259275721556 25.541999999999998
v 25.5787250253289 16.51566725574603 25.541999999999998
v 24.2402757030573 17.888019131556035 25.541999999999998
v 22.798025798790388 19.18377176322606 25.541999999999998
v 21.25815124803646 20.397376539059717 25.541999999999998
v 19.627246030027678 21.52363661709092 25.541999999999998
v 17.912293931288698 22.55772917875892 25.541999999999998
v 16.120638639990542 23.49522608095789 25.541999999999998
v 14.25995229915048 24.33211281802547 25.541999999999998
v 12.338202653337746 25.06480571247235 25.541999999999998
v 10.363618929568092 25.690167260839438 25.541999999999998
v 8.344656598490307 26.205519568969383 25.541999999999998
v 6.28996116676279 26.608655819160447 25.541999999999998
v 4.208331155666796 26.89784972009871 25.541999999999998
v 2.1086804244874844 27.071862899102488 25.541999999999998
v 1.9742088510675552e-15 27.12995020502431 25.541999999999998
v -2.1086804244874733 27.071862899102488 25.541999999999998
v -4.2083311556667855 26.89784972009871 25.541999999999998
v -6.289961166762779 26.60865581916045 25.541999999999998
v -8.344656598490296 26.205519568969386 25.541999999999998
v -10.363618929568082 25.69016726083944 25.541999999999998
v -12.338202653337735 25.064805712472353 25.541999999999998
v -14.25995229915047 24.332112818025475 25.541999999999998
v -16.12063863999053 23.495226080957895 25.541999999999998
v -17.912293931288684 22.557729178758926 25.541999999999998
v -19.627246030027667 21.523636617090922 25.541999999999998
v -21.258151248036445 20.39737653905973 25.541999999999998
v -22.798025798790384 19.18377176322606 25.541999999999998
v -24.240275703057296 17.88801913155604 25.541999999999998
v -25.578725025328893 16.515667255746038 25.541999999999998
v -26.807642320124717 15.072592757215569 25.541999999999998
v -27.921765174921653 13.564975102512165 25.541999999999998
v -28.9163227446122 11.999270141886939 25.541999999999998
v -29.787056180995688 10.382182464352677 25.541999999999998
v -30.530236869820087 8.720636687604419 25.541999999999998
v -31.142682397280684 7.0217478057433365 25.541999999999998
v -31.621770177604542 5.292790721779728 25.541999999999998
v -31.96544868336542 3.5411690953814423 25.541999999999998
v -32.172246230439164 1.7743836392665648 25.541999999999998
v -32.24127727998108 3.32246066796101e-15 25.541999999999998
v -32.172246230439164 -1.774383639266546 25.541999999999998
v -31.965448683365423 -3.541169095381424 25.541999999999998
v -31.621770177604546 -5.292790721779708 25.541999999999998
v -31.14268239728069 -7.021747805743319 25.541999999999998
v -30.530236869820094 -8.7206366876044 25.541999999999998
v -29.787056180995695 -10.38218246435266 25.541999999999998
v -28.916322744612206 -11.999270141886923 25.541999999999998
v -27.921765174921664 -13.564975102512149 25.541999999999998
v -26.80764232012473 -15.072592757215554 25.541999999999998
v -25.578725025328904 -16.515667255746024 25.541999999999998
v -24.24027570305731 -17.888019131556025 25.541999999999998
v -22.7980257987904 -19.183771763226044 25.541999999999998
v -21.258151248036462 -20.397376539059717 25.541999999999998
v -19.627246030027685 -21.52363661709091 25.541999999999998
v -17.91229393128872 -22.55772917875891 25.541999999999998
v -16.120638639990553 -23.495226080957888 25.541999999999998
v -14.259952299150477 -24.33211281802547 25.541999999999998
v -12.338202653337762 -25.064805712472342 25.541999999999998
v -10.363618929568096 -25.690167260839438 25.541999999999998
v -8.344656598490324 -26.20551956896938 25.541999999999998
v -6.289961166762801 -26.608655819160447 25.541999999999998
v -4.208331155666821 -26.897849720098705 25.541999999999998
v -2.1086804244874955 -27.071862899102488 25.541999999999998
v -5.922626553202666e-15 -27.12995020502431 25.541999999999998
v 2.1086804244874555 -27.07186289910249 25.541999999999998
v 4.208331155666782 -26.89784972009871 25.541999999999998
v 6.289961166762761 -26.608655819160454 25.541999999999998
v 8.344656598490285 -26.20551956896939 25.541999999999998
v 10.363618929568085 -25.69016726083944 25.541999999999998
v 12.338202653337724 -25.064805712472353 25.541999999999998
v 14.259952299150466 -24.332112818025475 25.541999999999998
v 16.120638639990517 -23.495226080957902 25.541999999999998
v 17.91229393128868 -22.557729178758926 25.541999999999998
v 19.627246030027653 -21.523636617090933 25.541999999999998
v 21.25815124803644 -20.39737653905973 25.541999999999998
v 22.79802579879038 -19.18377176322606 25.541999999999998
v 24.240275703057286 -17.88801913155605 25.541999999999998
v 25.57872502532889 -16.51566725574604 25.541999999999998
v 26.807642320124707 -15.072592757215581 25.541999999999998
v 27.92176517492165 -13.564975102512168 25.541999999999998
v 28.916322744612188 -11.999270141886953 25.541999999999998
v 29.78705618099568 -10.382182464352692 25.541999999999998
v 30.530236869820087 -8.72063668760442 25.541999999999998
v 31.14268239728068 -7.021747805743352 25.541999999999998
v 31.62177017760454 -5.29279072177973 25.541999999999998
v 31.965448683365416 -3.541169095381458 25.541999999999998
v 32.172246230439164 -1.774383639266568 25.541999999999998
v 36.16447317185401 0.0 26.316
v 36.087042258757606 2.011878791185202 26.316
v 35.85508109052569 4.015142408517298 26.316
v 35.46958296049194 6.001212569640246 26.316
v 34.932198630831934 7.96158461721708 26.316
v 34.245229263746 9.887863937178283 26.316
v 33.41161656752946 11.771801905748001 26.316
v 32.43493019972607 13.605331211317397 26.316
v 31.31935248130637 15.380600399911486 26.316
v 30.069660487327255 17.090007496320425 26.316
v 28.691205590763147 18.726232556924433 26.316
v 27.189890547105364 20.28226901481617 26.316
v 25.572144217856945 21.751453682995876 26.316
v 23.84489404116066 23.127495287161068 26.316
v 22.01553636744539 24.404501405908974 26.316
v 20.091904787118093 25.57700370298955 26.316
v 18.08223658592701 26.639981343560887 26.316
v 15.995137471639529 27.588882494174754 26.316
v 13.839544723080301 28.419643814426273 26.316
v 11.62468891933129 29.128707856801316 26.316
v 9.360054412974993 29.713038300212954 26.316
v 7.055338716640633 30.170132951994454 26.316
v 4.7204109767663205 30.498034462672436 26.316
v 2.3652697123988173 30.695338707637823 26.316
v 2.214435315638067e-15 30.761200799822976 26.316
v -2.365269712398805 30.695338707637823 26.316
v -4.720410976766308 30.49803446267244 26.316
v -7.0553387166406205 30.170132951994457 26.316
v -9.36005441297498 29.713038300212958 26.316
v -11.624688919331279 29.12870785680132 26.316
v -13.839544723080289 28.419643814426273 26.316
v -15.995137471639516 27.588882494174758 26.316
v -18.082236585927 26.63998134356089 26.316
v -20.09190478711808 25.577003702989558 26.316
v -22.015536367445378 24.40450140590898 26.316
v -23.844894041160643 23.127495287161082 26.316
v -25.57214421785694 21.751453682995876 26.316
v -27.18989054710536 20.282269014816173 26.316
v -28.691205590763136 18.726232556924444 26.316
v -30.069660487327248 17.090007496320435 26.316
v -31.319352481306364 15.380600399911499 26.316
v -32.43493019972606 13.605331211317411 26.316
v -33.41161656752946 11.771801905748005 26.316
v -34.24522926374599 9.88786393717829 26.316
v -34.93219863083193 7.961584617217088 26.316
v -35.46958296049194 6.001212569640257 26.316
v -35.85508109052569 4.015142408517311 26.316
v -36.087042258757606 2.0118787911852176 26.316
v -36.16447317185401 3.767160609743221e-15 26.316
v -36.087042258757606 -2.0118787911851963 26.316
v -35.855081090525694 -4.01514240851729 26.316
v -35.46958296049195 -6.001212569640236 26.316
v -34.932198630831934 -7.961584617217068 26.316
v -34.245229263746 -9.887863937178269 26.316
v -33.411616567529464 -11.771801905747985 26.316
v -32.43493019972607 -13.605331211317393 26.316
v -31.319352481306375 -15.38060039991148 26.316
v -30.069660487327262 -17.090007496320418 26.316
v -28.69120559076315 -18.726232556924426 26.316
v -27.189890547105374 -20.28226901481616 26.316
v -25.57214421785696 -21.751453682995862 26.316
v -23.844894041160664 -23.127495287161068 26.316
v -22.015536367445396 -24.404501405908967 26.316
v -20.091904787118114 -25.57700370298954 26.316
v -18.082236585927024 -26.639981343560887 26.316
v -15.995137471639525 -27.588882494174754 26.316
v -13.83954472308032 -28.419643814426266 26.316
v -11.624688919331295 -29.128707856801316 26.316
v -9.360054412975012 -29.71303830021295 26.316
v -7.055338716640645 -30.17013295199445 26.316
v -4.720410976766348 -30.498034462672432 26.316
v -2.3652697123988298 -30.695338707637823 26.316
v -6.643305946914201e-15 -30.761200799822976 26.316
v 2.3652697123987845 -30.695338707637827 26.316
v 4.7204109767663045 -30.49803446267244 26.316
v 7.0553387166406 -30.17013295199446 26.316
v 9.36005441297497 -29.71303830021296 26.316
v 11.624688919331282 -29.12870785680132 26.316
v 13.839544723080277 -28.419643814426276 26.316
v 15.995137471639513 -27.588882494174758 26.316
v 18.08223658592698 -26.6399813435609 26.316
v 20.09190478711807 -25.57700370298956 26.316
v 22.01553636744536 -24.40450140590899 26.316
v 23.84489404116064 -23.127495287161082 26.316
v 25.572144217856938 -21.75145368299588 26.316
v 27.189890547105346 -20.282269014816187 26.316
v 28.691205590763133 -18.726232556924447 26.316
v 30.069660487327234 -17.090007496320446 26.316
v 31.31935248130636 -15.380600399911502 26.316
v 32.43493019972605 -13.605331211317427 26.316
v 33.41161656752945 -11.77180190574802 26.316
v 34.24522926374599 -9.887863937178293 26.316
v 34.93219863083192 -7.961584617217105 26.316
v 35.46958296049194 -6.001212569640261 26.316
v 35.85508109052568 -4.015142408517328 26.316
v 36.087042258757606 -2.011878791185221 26.316
v 33.16447317185401 0.0 26.316
v 33.0934654890418 1.8156694034947731 26.316
v 32.88074650640426 3.6235638318571435 26.316
v 32.52722711928225 5.415941603591862 26.316
v 32.03442115196473 7.185127481909518 26.316
v 31.40443887526068 8.923545541268798 26.316
v 30.639977969995595 10.623751608652732 26.316
v 29.744311975128003 12.278465140660394 26.316
v 28.721276269953055 13.880600399911486 26.316
v 27.57525165041962 15.423296797261617 26.316
v 26.31114556988944 16.89994826989827 26.316
v 24.93437112466843 18.304231569515963 26.316
v 23.450823874297303 19.630133339436235 26.316
v 21.866856595860455 20.871975864724135 26.316
v 20.189252080419227 22.024441385035267 26.316
v 18.425194088059285 23.082594866081916 26.316
v 16.58223658592701 24.041905132207575 26.316
v 14.668271400982524 24.89826426957669 26.316
v 12.69149442598503 25.64800521689241 26.316
v 10.660370523421806 26.287917468316 26.316
v 8.58359727766743 26.81526082134575 26.316
v 6.470067750592248 27.227777110784764 26.316
v 4.328832400106165 27.523699878551003 26.316
v 2.1690603247083873 27.70176193792201 26.316
v 2.030738295765964e-15 27.761200799822976 26.316
v -2.169060324708376 27.70176193792201 26.316
v -4.328832400106154 27.523699878551007 26.316
v -6.470067750592237 27.227777110784764 26.316
v -8.583597277667419 26.815260821345753 26.316
v -10.660370523421793 26.287917468316003 26.316
v -12.69149442598502 25.648005216892415 26.316
v -14.668271400982514 24.898264269576693 26.316
v -16.582236585927 24.041905132207575 26.316
v -18.42519408805927 23.082594866081923 26.316
v -20.189252080419216 22.024441385035274 26.316
v -21.86685659586044 20.87197586472415 26.316
v -23.4508238742973 19.630133339436235 26.316
v -24.934371124668427 18.304231569515967 26.316
v -26.311145569889433 16.89994826989828 26.316
v -27.575251650419613 15.423296797261626 26.316
v -28.721276269953048 13.880600399911497 26.316
v -29.744311975127996 12.278465140660407 26.316
v -30.639977969995595 10.623751608652736 26.316
v -31.404438875260674 8.923545541268805 26.316
v -32.03442115196472 7.185127481909525 26.316
v -32.52722711928225 5.415941603591872 26.316
v -32.88074650640426 3.623563831857155 26.316
v -33.0934654890418 1.815669403494787 26.316
v -33.16447317185401 3.399766569999015e-15 26.316
v -33.0934654890418 -1.8156694034947676 26.316
v -32.88074650640426 -3.6235638318571364 26.316
v -32.52722711928225 -5.415941603591852 26.316
v -32.03442115196473 -7.185127481909507 26.316
v -31.404438875260684 -8.923545541268785 26.316
v -30.639977969995602 -10.623751608652716 26.316
v -29.744311975128003 -12.278465140660389 26.316
v -28.72127626995306 -13.880600399911481 26.316
v -27.575251650419627 -15.423296797261612 26.316
v -26.311145569889444 -16.899948269898264 26.316
v -24.93437112466844 -18.304231569515956 26.316
v -23.450823874297313 -19.630133339436224 26.316
v -21.866856595860458 -20.871975864724135 26.316
v -20.189252080419234 -22.02444138503526 26.316
v -18.425194088059303 -23.082594866081905 26.316
v -16.58223658592702 -24.04190513220757 26.316
v -14.66827140098252 -24.89826426957669 26.316
v -12.691494425985049 -25.648005216892404 26.316
v -10.66037052342181 -26.287917468316 26.316
v -8.58359727766745 -26.815260821345746 26.316
v -6.47006775059226 -27.22777711078476 26.316
v -4.328832400106191 -27.523699878551003 26.316
v -2.169060324708399 -27.70176193792201 26.316
v -6.092214887297892e-15 -27.761200799822976 26.316
v 2.1690603247083575 -27.701761937922015 26.316
v 4.32883240010615 -27.523699878551007 26.316
v 6.470067750592218 -27.227777110784768 26.316
v 8.583597277667408 -26.815260821345756 26.316
v 10.660370523421797 -26.287917468316003 26.316
v 12.69149442598501 -25.648005216892418 26.316
v 14.66827140098251 -24.898264269576693 26.316
v 16.582236585926985 -24.041905132207585 26.316
v 18.425194088059268 -23.082594866081926 26.316
v 20.1892520804192 -22.02444138503528 26.316
v 21.866856595860433 -20.87197586472415 26.316
v 23.450823874297296 -19.630133339436238 26.316
v 24.934371124668417 -18.304231569515977 26.316
v 26.31114556988943 -16.89994826989828 26.316
v 27.5752516504196 -15.423296797261639 26.316
v 28.721276269953044 -13.8806003999115 26.316
v 29.74431197512798 -12.27846514066042 26.316
v 30.639977969995588 -10.62375160865275 26.316
v 31.404438875260674 -8.923545541268807 26.316
v 32.03442115196472 -7.185127481909541 26.316
v 32.527227119282244 -5.415941603591874 26.316
v 32.88074650640425 -3.623563831857171 26.316
v 33.0934654890418 -1.81566940349479 26.316
v 37.11410383079185 0.0 27.09
v 37.03463968555968 2.0541251787477406 27.09
v 36.79658752753263 4.099454278125048 27.09
v 36.400966732597794 6.127228884923754 27.09
v 35.84947140973589 8.128765756967926 27.09
v 35.144463146586524 10.095494006089936 27.09
v 34.28896089676733 12.018991799989436 27.09
v 33.28662805225114 13.891022425812189 27.09
v 32.14175675615909 15.703569561019053 27.09
v 30.859249523144907 17.448871600509776 27.09
v 29.444598246074445 19.119454893007614 27.09
v 27.90386067889732 20.70816574438148 27.09
v 26.24363449641454 22.20820105086246 27.09
v 24.471029042022042 23.61313743097859 27.09
v 22.59363488441088 24.916958731460465 27.09
v 20.619491313586746 26.114081789333124 27.09
v 18.557051915395927 27.19938033987709 27.09
v 16.41514837197295 28.168206968080867 27.09
v 14.202952643121753 29.016413009585513 27.09
v 11.929937690575757 29.740366315902346 27.09
v 9.605836913321362 30.336966807830382 27.09
v 7.240602467689204 30.803659750471418 27.09
v 4.8443626506928945 31.13844669299705 27.09
v 2.4273785291062344 31.339894026321968 27.09
v 2.272583422980088e-15 31.40713912203811 27.09
v -2.4273785291062215 31.339894026321968 27.09
v -4.844362650692882 31.138446692997054 27.09
v -7.2406024676891905 30.80365975047142 27.09
v -9.60583691332135 30.336966807830386 27.09
v -11.929937690575745 29.740366315902346 27.09
v -14.20295264312174 29.016413009585516 27.09
v -16.41514837197294 28.16820696808087 27.09
v -18.557051915395917 27.199380339877095 27.09
v -20.619491313586728 26.11408178933313 27.09
v -22.593634884410868 24.916958731460472 27.09
v -24.471029042022025 23.6131374309786 27.09
v -26.243634496414533 22.20820105086246 27.09
v -27.903860678897317 20.708165744381482 27.09
v -29.444598246074435 19.119454893007624 27.09
v -30.8592495231449 17.448871600509786 27.09
v -32.14175675615908 15.703569561019066 27.09
v -33.286628052251125 13.891022425812203 27.09
v -34.28896089676733 12.01899179998944 27.09
v -35.14446314658652 10.095494006089943 27.09
v -35.849471409735884 8.128765756967933 27.09
v -36.400966732597794 6.127228884923766 27.09
v -36.79658752753263 4.099454278125061 27.09
v -37.03463968555968 2.054125178747756 27.09
v -37.11410383079185 3.846265239617959e-15 27.09
v -37.03463968555968 -2.0541251787477344 27.09
v -36.79658752753263 -4.09945427812504 27.09
v -36.400966732597794 -6.127228884923744 27.09
v -35.8494714097359 -8.128765756967914 27.09
v -35.144463146586524 -10.095494006089922 27.09
v -34.288960896767335 -12.018991799989418 27.09
v -33.28662805225114 -13.891022425812183 27.09
v -32.1417567561591 -15.703569561019046 27.09
v -30.859249523144914 -17.44887160050977 27.09
v -29.44459824607445 -19.119454893007607 27.09
v -27.90386067889733 -20.708165744381468 27.09
v -26.24363449641455 -22.208201050862446 27.09
v -24.471029042022046 -23.61313743097859 27.09
v -22.593634884410886 -24.916958731460458 27.09
v -20.619491313586767 -26.114081789333113 27.09
v -18.55705191539594 -27.199380339877088 27.09
v -16.415148371972947 -28.168206968080867 27.09
v -14.202952643121773 -29.016413009585506 27.09
v -11.92993769057576 -29.740366315902346 27.09
v -9.605836913321381 -30.33696680783038 27.09
v -7.240602467689216 -30.803659750471414 27.09
v -4.844362650692923 -31.138446692997046 27.09
v -2.4273785291062473 -31.339894026321968 27.09
v -6.817750268940263e-15 -31.40713912203811 27.09
v 2.427378529106201 -31.33989402632197 27.09
v 4.844362650692878 -31.138446692997054 27.09
v 7.24060246768917 -30.80365975047142 27.09
v 9.605836913321337 -30.33696680783039 27.09
v 11.929937690575748 -29.740366315902346 27.09
v 14.20295264312173 -29.01641300958552 27.09
v 16.415148371972936 -28.16820696808087 27.09
v 18.5570519153959 -27.199380339877106 27.09
v 20.619491313586725 -26.114081789333135 27.09
v 22.59363488441085 -24.916958731460483 27.09
v 24.47102904202202 -23.6131374309786 27.09
v 26.24363449641453 -22.208201050862463 27.09
v 27.903860678897303 -20.708165744381496 27.09
v 29.44459824607443 -19.119454893007628 27.09
v 30.859249523144886 -17.4488716005098 27.09
v 32.14175675615908 -15.70356956101907 27.09
v 33.28662805225112 -13.891022425812219 27.09
v 34.28896089676732 -12.018991799989456 27.09
v 35.14446314658652 -10.095494006089947 27.09
v 35.849471409735884 -8.128765756967951 27.09
v 36.40096673259779 -6.1272288849237695 27.09
v 36.79658752753262 -4.09945427812508 27.09
v 37.03463968555968 -2.0541251787477597 27.09
v 34.11410383079185 0.0 27.09
v 34.041062915843874 1.8579157910573112 27.09
v 33.8222529434112 3.7078757014648933 27.09
v 33.4586108913881 5.54195791887537 27.09
v 32.951693930868686 7.352308621660363 27.09
v 32.30367275810121 9.13117561018045 27.09
v 31.51732229923347 10.870941502894167 27.09
v 30.59600982765307 12.564156355155184 27.09
v 29.543680544805778 14.203569561019053 27.09
v 28.364840686237272 15.78216090145097 27.09
v 27.06453822520074 17.29317060598145 27.09
v 25.648341256460387 18.730128299081272 27.09
v 24.122314152854894 20.086880707302818 27.09
v 22.492991596721836 21.357618008541657 27.09
v 20.767350597384716 22.53689871058676 27.09
v 18.95278061452794 23.61967295242549 27.09
v 17.057051915395927 24.601304128523775 27.09
v 15.088282301315948 25.4775887434828 27.09
v 13.054902346026484 26.244774412051655 27.09
v 10.965619294666272 26.89957592741703 27.09
v 8.829379778013799 27.439189328963177 27.09
v 6.655331501640819 27.861303909261725 27.09
v 4.452784074032739 28.16411210887562 27.09
v 2.231169141415805 28.346317256606156 27.09
v 2.0888864031079847e-15 28.40713912203811 27.09
v -2.231169141415793 28.346317256606156 27.09
v -4.452784074032728 28.164112108875624 27.09
v -6.655331501640807 27.86130390926173 27.09
v -8.829379778013786 27.43918932896318 27.09
v -10.96561929466626 26.89957592741703 27.09
v -13.054902346026473 26.244774412051658 27.09
v -15.088282301315935 25.477588743482805 27.09
v -17.057051915395917 24.60130412852378 27.09
v -18.952780614527924 23.619672952425496 27.09
v -20.767350597384706 22.536898710586765 27.09
v -22.492991596721822 21.357618008541667 27.09
v -24.12231415285489 20.086880707302818 27.09
v -25.648341256460384 18.730128299081276 27.09
v -27.06453822520073 17.293170605981462 27.09
v -28.36484068623726 15.782160901450979 27.09
v -29.54368054480577 14.203569561019064 27.09
v -30.596009827653063 12.564156355155198 27.09
v -31.51732229923347 10.870941502894171 27.09
v -32.3036727581012 9.131175610180458 27.09
v -32.951693930868686 7.352308621660371 27.09
v -33.4586108913881 5.54195791887538 27.09
v -33.8222529434112 3.7078757014649053 27.09
v -34.041062915843874 1.8579157910573254 27.09
v -34.11410383079185 3.4788711998737525e-15 27.09
v -34.041062915843874 -1.8579157910573056 27.09
v -33.8222529434112 -3.707875701464886 27.09
v -33.458610891388105 -5.54195791887536 27.09
v -32.95169393086869 -7.352308621660352 27.09
v -32.30367275810121 -9.131175610180438 27.09
v -31.517322299233477 -10.870941502894151 27.09
v -30.59600982765307 -12.56415635515518 27.09
v -29.54368054480578 -14.203569561019048 27.09
v -28.36484068623728 -15.782160901450963 27.09
v -27.064538225200742 -17.293170605981445 27.09
v -25.648341256460398 -18.73012829908126 27.09
v -24.12231415285491 -20.086880707302804 27.09
v -22.49299159672184 -21.357618008541657 27.09
v -20.767350597384723 -22.536898710586755 27.09
v -18.952780614527956 -23.61967295242548 27.09
v -17.057051915395938 -24.601304128523775 27.09
v -15.088282301315942 -25.4775887434828 27.09
v -13.054902346026502 -26.244774412051648 27.09
v -10.965619294666276 -26.89957592741703 27.09
v -8.829379778013818 -27.439189328963174 27.09
v -6.65533150164083 -27.86130390926172 27.09
v -4.452784074032766 -28.164112108875617 27.09
v -2.231169141415817 -28.346317256606156 27.09
v -6.266659209323954e-15 -28.40713912203811 27.09
v 2.231169141415774 -28.34631725660616 27.09
v 4.452784074032724 -28.164112108875624 27.09
v 6.655331501640787 -27.861303909261732 27.09
v 8.829379778013775 -27.439189328963185 27.09
v 10.965619294666265 -26.89957592741703 27.09
v 13.054902346026461 -26.24477441205166 27.09
v 15.088282301315932 -25.477588743482805 27.09
v 17.057051915395903 -24.60130412852379 27.09
v 18.952780614527917 -23.6196729524255 27.09
v 20.76735059738469 -22.536898710586776 27.09
v 22.492991596721815 -21.357618008541667 27.09
v 24.122314152854887 -20.08688070730282 27.09
v 25.648341256460373 -18.730128299081287 27.09
v 27.064538225200728 -17.293170605981462 27.09
v 28.36484068623725 -15.782160901450991 27.09
v 29.543680544805767 -14.203569561019068 27.09
v 30.596009827653052 -12.56415635515521 27.09
v 31.51732229923346 -10.870941502894185 27.09
v 32.3036727581012 -9.131175610180462 27.09
v 32.95169393086868 -7.352308621660387 27.09
v 33.4586108913881 -5.541957918875383 27.09
v 33.82225294341119 -3.7078757014649217 27.09
v 34.041062915843874 -1.8579157910573285 27.09
v 38.090926189224554 0.0 27.864
v 38.00937059234074 2.097354541106598 27.864
v 37.765053035275784 4.185727888076451 27.864
v 37.35901972331736 6.256177305624924 27.864
v 36.79300935344264 8.299836811484898 27.864
v 36.06944566895092 10.307955141903964 27.864
v 35.19142708062271 12.271933225899337 27.864
v 34.16271339884911 14.183361007799942 27.864
v 32.987709733546446 16.03405346039595 27.864
v 31.671447630799406 17.816085634481876 27.864
v 30.219563527008194 19.521826594705722 27.864
v 28.638274612802526 21.143972096405697 27.864
v 26.93435221007694 22.675575863507213 27.864
v 25.115092776150828 24.110079333543446 27.864
v 23.188286659218043 25.441339742426734 27.864
v 21.16218473887996 26.66365642870741 27.864
v 19.04546309461228 27.77179524468136 27.864
v 16.84718585346079 28.76101096981401 27.864
v 14.576766376057744 29.627067630503184 27.864
v 12.243926947166539 30.36625663916837 27.864
v 9.858657143365706 30.975412674992107 27.864
v 7.431171056148394 31.451927238309665 27.864
v 4.971863553614526 31.79375982060506 27.864
v 2.4912657680497023 31.999446642281818 27.864
v 2.332396541709597e-15 32.068106920791905 27.864
v -2.491265768049689 31.999446642281818 27.864
v -4.971863553614513 31.793759820605064 27.864
v -7.43117105614838 31.45192723830967 27.864
v -9.858657143365694 30.97541267499211 27.864
v -12.243926947166527 30.366256639168373 27.864
v -14.576766376057732 29.627067630503188 27.864
v -16.847185853460775 28.761010969814013 27.864
v -19.04546309461227 27.771795244681364 27.864
v -21.162184738879944 26.663656428707416 27.864
v -23.18828665921803 25.44133974242674 27.864
v -25.11509277615081 24.11007933354346 27.864
v -26.934352210076938 22.675575863507213 27.864
v -28.638274612802523 21.1439720964057 27.864
v -30.219563527008184 19.521826594705733 27.864
v -31.6714476307994 17.816085634481887 27.864
v -32.98770973354644 16.034053460395963 27.864
v -34.16271339884909 14.183361007799956 27.864
v -35.19142708062271 12.27193322589934 27.864
v -36.06944566895091 10.307955141903971 27.864
v -36.793009353442635 8.299836811484907 27.864
v -37.35901972331736 6.256177305624935 27.864
v -37.765053035275784 4.185727888076464 27.864
v -38.00937059234074 2.097354541106614 27.864
v -38.090926189224554 3.927210449526289e-15 27.864
v -38.00937059234074 -2.0973545411065917 27.864
v -37.765053035275784 -4.185727888076443 27.864
v -37.35901972331736 -6.256177305624913 27.864
v -36.79300935344264 -8.299836811484886 27.864
v -36.06944566895093 -10.30795514190395 27.864
v -35.19142708062272 -12.27193322589932 27.864
v -34.16271339884911 -14.183361007799936 27.864
v -32.98770973354645 -16.034053460395942 27.864
v -31.671447630799417 -17.81608563448187 27.864
v -30.219563527008198 -19.521826594705715 27.864
v -28.63827461280254 -21.143972096405687 27.864
v -26.934352210076952 -22.6755758635072 27.864
v -25.11509277615083 -24.110079333543446 27.864
v -23.18828665921805 -25.441339742426727 27.864
v -21.162184738879983 -26.663656428707398 27.864
v -19.045463094612295 -27.771795244681357 27.864
v -16.847185853460786 -28.76101096981401 27.864
v -14.576766376057762 -29.627067630503177 27.864
v -12.243926947166543 -30.36625663916837 27.864
v -9.858657143365727 -30.975412674992103 27.864
v -7.431171056148407 -31.45192723830966 27.864
v -4.971863553614556 -31.793759820605057 27.864
v -2.4912657680497152 -31.999446642281818 27.864
v -6.99718962512879e-15 -32.068106920791905 27.864
v 2.4912657680496677 -31.99944664228182 27.864
v 4.971863553614509 -31.793759820605064 27.864
v 7.43117105614836 -31.451927238309672 27.864
v 9.858657143365681 -30.975412674992114 27.864
v 12.24392694716653 -30.366256639168373 27.864
v 14.576766376057718 -29.62706763050319 27.864
v 16.847185853460772 -28.761010969814013 27.864
v 19.045463094612252 -27.771795244681375 27.864
v 21.16218473887994 -26.66365642870742 27.864
v 23.18828665921801 -25.441339742426752 27.864
v 25.115092776150806 -24.11007933354346 27.864
v 26.934352210076934 -22.675575863507216 27.864
v 28.63827461280251 -21.143972096405715 27.864
v 30.21956352700818 -19.521826594705736 27.864
v 31.671447630799385 -17.8160856344819 27.864
v 32.98770973354643 -16.034053460395967 27.864
v 34.162713398849085 -14.183361007799972 27.864
v 35.1914270806227 -12.271933225899357 27.864
v 36.06944566895091 -10.307955141903975 27.864
v 36.79300935344263 -8.299836811484925 27.864
v 37.35901972331735 -6.256177305624939 27.864
v 37.76505303527578 -4.1857278880764826 27.864
v 38.00937059234074 -2.0973545411066175 27.864
v 35.090926189224554 0.0 27.864
v 35.01579382262492 1.9011451534161692 27.864
v 34.79071845115435 3.7941493114162963 27.864
v 34.41666388210766 5.67090633957654 27.864
v 33.89523187457544 7.523379676177337 27.864
v 33.2286552804656 9.34363674599448 27.864
v 32.41978848308885 11.123882928804068 27.864
v 31.472095174251038 12.856494937142939 27.864
v 30.38963352219313 14.534053460395953 27.864
v 29.17703879389177 16.149374935423072 27.864
v 27.839503506134488 17.695542307679563 27.864
v 26.382755190365593 19.165934651105495 27.864
v 24.8130318665173 20.554255519947574 27.864
v 23.13705533085062 21.854559911106517 27.864
v 21.36200237219188 23.06127972155303 27.864
v 19.495474039821154 24.169247591799778 27.864
v 17.54546309461228 25.173719033328048 27.864
v 15.520319782803785 26.070392745215948 27.864
v 13.428716078962474 26.855429032969326 27.864
v 11.279608551257054 27.525466250683056 27.864
v 9.082200008058145 28.077635196124906 27.864
v 6.8459000901000095 28.509571397099975 27.864
v 4.5802849769543705 28.81942523648363 27.864
v 2.2950563803592723 29.005869872566013 27.864
v 2.1486995218374938e-15 29.06810692079191 27.864
v -2.2950563803592603 29.005869872566013 27.864
v -4.580284976954359 28.819425236483635 27.864
v -6.845900090099996 28.50957139709998 27.864
v -9.082200008058132 28.07763519612491 27.864
v -11.279608551257043 27.52546625068306 27.864
v -13.428716078962463 26.85542903296933 27.864
v -15.520319782803773 26.07039274521595 27.864
v -17.54546309461227 25.17371903332805 27.864
v -19.49547403982114 24.169247591799785 27.864
v -21.362002372191867 23.06127972155304 27.864
v -23.137055330850604 21.854559911106527 27.864
v -24.813031866517296 20.554255519947574 27.864
v -26.38275519036559 19.165934651105495 27.864
v -27.83950350613448 17.69554230767957 27.864
v -29.177038793891764 16.149374935423083 27.864
v -30.389633522193122 14.534053460395963 27.864
v -31.47209517425103 12.856494937142951 27.864
v -32.41978848308885 11.123882928804072 27.864
v -33.228655280465595 9.343636745994488 27.864
v -33.89523187457543 7.523379676177345 27.864
v -34.41666388210766 5.67090633957655 27.864
v -34.79071845115435 3.7941493114163083 27.864
v -35.01579382262492 1.9011451534161836 27.864
v -35.090926189224554 3.559816409782084e-15 27.864
v -35.01579382262492 -1.9011451534161634 27.864
v -34.790718451154355 -3.7941493114162888 27.864
v -34.41666388210767 -5.67090633957653 27.864
v -33.89523187457544 -7.523379676177325 27.864
v -33.22865528046561 -9.343636745994468 27.864
v -32.41978848308886 -11.123882928804052 27.864
v -31.472095174251038 -12.856494937142934 27.864
v -30.389633522193133 -14.534053460395945 27.864
v -29.17703879389178 -16.149374935423065 27.864
v -27.83950350613449 -17.695542307679556 27.864
v -26.382755190365607 -19.165934651105484 27.864
v -24.81303186651731 -20.55425551994756 27.864
v -23.137055330850625 -21.854559911106517 27.864
v -21.36200237219189 -23.061279721553024 27.864
v -19.495474039821172 -24.169247591799767 27.864
v -17.54546309461229 -25.173719033328045 27.864
v -15.52031978280378 -26.070392745215948 27.864
v -13.428716078962491 -26.855429032969322 27.864
v -11.279608551257057 -27.525466250683056 27.864
v -9.082200008058162 -28.077635196124902 27.864
v -6.845900090100021 -28.509571397099972 27.864
v -4.580284976954398 -28.819425236483628 27.864
v -2.2950563803592847 -29.005869872566013 27.864
v -6.446098565512482e-15 -29.06810692079191 27.864
v 2.2950563803592408 -29.005869872566016 27.864
v 4.580284976954355 -28.819425236483635 27.864
v 6.845900090099977 -28.509571397099982 27.864
v 9.08220000805812 -28.077635196124913 27.864
v 11.279608551257047 -27.52546625068306 27.864
v 13.42871607896245 -26.855429032969333 27.864
v 15.52031978280377 -26.07039274521595 27.864
v 17.545463094612252 -25.17371903332806 27.864
v 19.495474039821133 -24.169247591799788 27.864
v 21.362002372191853 -23.061279721553046 27.864
v 23.1370553308506 -21.854559911106527 27.864
v 24.813031866517292 -20.554255519947578 27.864
v 26.38275519036558 -19.16593465110551 27.864
v 27.839503506134477 -17.695542307679574 27.864
v 29.17703879389175 -16.149374935423094 27.864
v 30.38963352219312 -14.534053460395967 27.864
v 31.47209517425102 -12.856494937142966 27.864
v 32.419788483088844 -11.123882928804086 27.864
v 33.228655280465595 -9.34363674599449 27.864
v 33.89523187457543 -7.523379676177361 27.864
v 34.41666388210766 -5.670906339576553 27.864
v 34.79071845115435 -3.794149311416325 27.864
v 35.01579382262492 -1.901145153416187 27.864
v 39.095718853565536 0.0 28.638
v 39.01201191845808 2.141589749790111 28.638
v 38.76124955908275 4.274008883488781 28.638
v 38.344505578360135 6.388126054990571 28.638
v 37.7635645379954 8.474888290001937 28.638
v 37.02091411671106 10.525359752266993 28.638
v 36.11973445762483 12.53076000819022 28.638
v 35.063884550388536 14.482501626001097 28.638
v 33.85788570640199 16.37222694845534 28.638
v 32.50690219786345 18.19184388160629 28.638
v 31.016719143563243 19.933560546393515 28.638
v 29.39371773611694 21.5899186446652 28.638
v 27.64484791671895 23.153825396755817 28.638
v 25.7775986144273 24.618583913857577 28.638
v 23.79996567741974 25.977921875126444 28.638
v 21.72041763354427 27.226018386722888 28.638
v 19.54785942678277 28.35752890777301 28.638
v 17.291594284913824 29.367608136513002 28.638
v 14.961283881663014 30.251930758615224 28.638
v 12.566906963932844 31.00670996884815 28.638
v 10.118716621276457 31.628713686757752 28.638
v 7.62719638059412 32.1152783969322 28.638
v 5.103015314061595 32.464320554583736 28.638
v 2.5569823525250954 32.67434550760739 28.638
v 2.3939223477191933e-15 32.744453896910684 28.638
v -2.556982352525082 32.67434550760739 28.638
v -5.103015314061582 32.46432055458374 28.638
v -7.627196380594106 32.1152783969322 28.638
v -10.118716621276445 31.628713686757756 28.638
v -12.56690696393283 31.006709968848153 28.638
v -14.961283881663002 30.251930758615227 28.638
v -17.29159428491381 29.367608136513006 28.638
v -19.54785942678276 28.357528907773013 28.638
v -21.72041763354425 27.226018386722895 28.638
v -23.799965677419724 25.97792187512645 28.638
v -25.777598614427284 24.61858391385759 28.638
v -27.644847916718945 23.153825396755817 28.638
v -29.393717736116933 21.589918644665204 28.638
v -31.016719143563233 19.933560546393526 28.638
v -32.50690219786343 18.1918438816063 28.638
v -33.85788570640198 16.372226948455353 28.638
v -35.06388455038853 14.482501626001113 28.638
v -36.11973445762483 12.530760008190224 28.638
v -37.020914116711054 10.525359752267002 28.638
v -37.76356453799539 8.474888290001946 28.638
v -38.344505578360135 6.3881260549905825 28.638
v -38.76124955908275 4.274008883488794 28.638
v -39.01201191845808 2.1415897497901275 28.638
v -39.095718853565536 4.0100390654679745e-15 28.638
v -39.01201191845808 -2.141589749790105 28.638
v -38.76124955908275 -4.274008883488773 28.638
v -38.34450557836014 -6.38812605499056 28.638
v -37.7635645379954 -8.474888290001925 28.638
v -37.02091411671106 -10.52535975226698 28.638
v -36.11973445762484 -12.530760008190203 28.638
v -35.063884550388536 -14.482501626001092 28.638
v -33.857885706401994 -16.37222694845533 28.638
v -32.506902197863454 -18.19184388160628 28.638
v -31.016719143563247 -19.933560546393508 28.638
v -29.39371773611695 -21.58991864466519 28.638
v -27.644847916718962 -23.153825396755803 28.638
v -25.777598614427305 -24.618583913857577 28.638
v -23.799965677419745 -25.977921875126437 28.638
v -21.72041763354429 -27.226018386722878 28.638
v -19.547859426782786 -28.357528907773005 28.638
v -17.291594284913817 -29.367608136513002 28.638
v -14.961283881663034 -30.251930758615217 28.638
v -12.566906963932848 -31.00670996884815 28.638
v -10.11871662127648 -31.62871368675775 28.638
v -7.627196380594133 -32.11527839693219 28.638
v -5.103015314061626 -32.464320554583736 28.638
v -2.556982352525109 -32.67434550760739 28.638
v -7.18176704315758e-15 -32.744453896910684 28.638
v 2.5569823525250603 -32.67434550760739 28.638
v 5.103015314061578 -32.46432055458374 28.638
v 7.627196380594084 -32.115278396932204 28.638
v 10.118716621276432 -31.62871368675776 28.638
v 12.566906963932835 -31.006709968848153 28.638
v 14.961283881662988 -30.25193075861523 28.638
v 17.291594284913806 -29.367608136513006 28.638
v 19.547859426782743 -28.357528907773023 28.638
v 21.720417633544248 -27.2260183867229 28.638
v 23.799965677419706 -25.977921875126462 28.638
v 25.77759861442728 -24.61858391385759 28.638
v 27.64484791671894 -23.15382539675582 28.638
v 29.393717736116923 -21.589918644665218 28.638
v 31.01671914356323 -19.93356054639353 28.638
v 32.506902197863425 -18.191843881606314 28.638
v 33.85788570640197 -16.372226948455356 28.638
v 35.063884550388515 -14.48250162600113 28.638
v 36.119734457624816 -12.53076000819024 28.638
v 37.020914116711054 -10.525359752267006 28.638
v 37.763564537995386 -8.474888290001966 28.638
v 38.344505578360135 -6.388126054990586 28.638
v 38.76124955908274 -4.274008883488814 28.638
v 39.01201191845808 -2.141589749790131 28.638
v 36.095718853565536 0.0 28.638
v 36.01843514874226 1.9453803620996821 28.638
v 35.78691497496132 3.8824303068286263 28.638
v 35.402149737150445 5.802855088942187 28.638
v 34.865787059128195 7.698431154694376 28.638
v 34.18012372822574 9.56104135635751 28.638
v 33.348095860090964 11.382709711094952 28.638
v 32.37326632579047 13.155635555344096 28.638
v 31.25980949504867 14.872226948455342 28.638
v 30.01249336095581 16.525133182547485 28.638
v 28.636659122689537 18.107276259367357 28.638
v 27.138198313680007 19.611881199364998 28.638
v 25.523527573159306 21.03250505319618 28.638
v 23.799561169127095 22.363064491420648 28.638
v 21.973681390393576 23.59786185425274 28.638
v 20.05370693448546 24.731609549815257 28.638
v 18.04785942678277 25.759452696419697 28.638
v 15.964728214256818 26.67698991191494 28.638
v 13.813233584567746 27.48029216108137 28.638
v 11.602588568023359 28.165919580362836 28.638
v 9.342259485968894 28.73093620789055 28.638
v 7.041925414545735 29.172922555722508 28.638
v 4.711436737401439 29.48998597046231 28.638
v 2.360772964834666 29.680768737891583 28.638
v 2.21022532784709e-15 29.744453896910688 28.638
v -2.360772964834653 29.680768737891583 28.638
v -4.711436737401428 29.489985970462314 28.638
v -7.041925414545722 29.17292255572251 28.638
v -9.342259485968883 28.730936207890554 28.638
v -11.602588568023346 28.16591958036284 28.638
v -13.813233584567733 27.48029216108137 28.638
v -15.964728214256807 26.676989911914944 28.638
v -18.04785942678276 25.7594526964197 28.638
v -20.053706934485444 24.731609549815264 28.638
v -21.973681390393565 23.59786185425275 28.638
v -23.799561169127077 22.36306449142066 28.638
v -25.523527573159303 21.03250505319618 28.638
v -27.138198313680004 19.611881199365 28.638
v -28.636659122689526 18.107276259367367 28.638
v -30.0124933609558 16.525133182547496 28.638
v -31.259809495048664 14.872226948455355 28.638
v -32.37326632579046 13.155635555344109 28.638
v -33.348095860090964 11.382709711094956 28.638
v -34.18012372822574 9.561041356357517 28.638
v -34.86578705912819 7.698431154694385 28.638
v -35.402149737150445 5.802855088942198 28.638
v -35.78691497496132 3.8824303068286388 28.638
v -36.01843514874226 1.945380362099697 28.638
v -36.095718853565536 3.642645025723769e-15 28.638
v -36.01843514874226 -1.9453803620996764 28.638
v -35.78691497496132 -3.8824303068286192 28.638
v -35.40214973715045 -5.802855088942177 28.638
v -34.865787059128195 -7.698431154694364 28.638
v -34.180123728225745 -9.561041356357498 28.638
v -33.34809586009097 -11.382709711094936 28.638
v -32.37326632579047 -13.155635555344091 28.638
v -31.259809495048675 -14.872226948455335 28.638
v -30.012493360955816 -16.525133182547478 28.638
v -28.63665912268954 -18.10727625936735 28.638
v -27.138198313680018 -19.611881199364987 28.638
v -25.523527573159317 -21.032505053196164 28.638
v -23.7995611691271 -22.363064491420648 28.638
v -21.973681390393583 -23.597861854252734 28.638
v -20.05370693448548 -24.731609549815246 28.638
v -18.047859426782786 -25.759452696419693 28.638
v -15.964728214256814 -26.67698991191494 28.638
v -13.813233584567763 -27.480292161081362 28.638
v -11.602588568023362 -28.165919580362836 28.638
v -9.342259485968915 -28.730936207890547 28.638
v -7.041925414545747 -29.172922555722504 28.638
v -4.711436737401468 -29.489985970462307 28.638
v -2.3607729648346782 -29.680768737891583 28.638
v -6.63067598354127e-15 -29.744453896910688 28.638
v 2.360772964834633 -29.680768737891587 28.638
v 4.711436737401423 -29.489985970462314 28.638
v 7.041925414545702 -29.172922555722515 28.638
v 9.34225948596887 -28.730936207890558 28.638
v 11.60258856802335 -28.16591958036284 28.638
v 13.81323358456772 -27.480292161081373 28.638
v 15.964728214256802 -26.676989911914944 28.638
v 18.047859426782743 -25.75945269641971 28.638
v 20.05370693448544 -24.731609549815268 28.638
v 21.973681390393548 -23.59786185425276 28.638
v 23.799561169127074 -22.36306449142066 28.638
v 25.523527573159296 -21.032505053196182 28.638
v 27.13819831367999 -19.611881199365012 28.638
v 28.636659122689522 -18.10727625936737 28.638
v 30.01249336095579 -16.52513318254751 28.638
v 31.259809495048657 -14.872226948455356 28.638
v 32.373266325790446 -13.155635555344123 28.638
v 33.34809586009096 -11.38270971109497 28.638
v 34.18012372822574 -9.56104135635752 28.638
v 34.86578705912818 -7.698431154694401 28.638
v 35.402149737150445 -5.802855088942201 28.638
v 35.78691497496131 -3.882430306828656 28.638
v 36.01843514874226 -1.9453803620997003 28.638
v 40.12928272482392 0.0 29.412
v 40.04336285013029 2.186854208493675 29.412
v 39.785971148143496 4.364343971534614 29.412
v 39.358209809646944 6.5231449436631666 29.412
v 38.761910574363185 8.654012807691522 29.412
v 37.999626887163224 10.747822860289125 29.412
v 37.07462296382358 12.79560908536319 29.412
v 35.990859813153186 14.78860254791608 29.412
v 34.75297827534554 16.718268943971225 29.412
v 33.36627914918857 18.576345145772947 29.412
v 31.836700493230424 20.354874585768076 29.412
v 30.170792198101072 22.046241327849753 29.412
v 28.375687938875174 23.643202679965036 29.412
v 26.459074627580147 25.138920208434186 29.412
v 24.42915949665878 26.52698902117359 29.412
v 22.294634954339934 27.801465194426875 29.412
v 20.064641362411965 28.956891225559048 29.412
v 17.748727895790374 29.988319402920553 29.412
v 15.356811651484724 30.891332992708204 29.412
v 12.899135182066805 31.662065152097355 29.412
v 10.386222635488018 32.29721548765655 29.412
v 7.828834689062155 32.79406418813888 29.412
v 5.237922470593168 33.15048367113127 29.412
v 2.6245806639646148 33.36494769368903 29.412
v 2.4572098820517396e-15 33.43653788794246 29.412
v -2.624580663964601 33.36494769368903 29.412
v -5.237922470593155 33.15048367113127 29.412
v -7.82883468906214 32.79406418813888 29.412
v -10.386222635488005 32.29721548765656 29.412
v -12.899135182066793 31.66206515209736 29.412
v -15.35681165148471 30.891332992708207 29.412
v -17.748727895790363 29.988319402920556 29.412
v -20.06464136241195 28.95689122555905 29.412
v -22.294634954339916 27.801465194426882 29.412
v -24.429159496658766 26.5269890211736 29.412
v -26.45907462758013 25.1389202084342 29.412
v -28.37568793887517 23.643202679965036 29.412
v -30.17079219810107 22.046241327849756 29.412
v -31.836700493230413 20.354874585768087 29.412
v -33.366279149188564 18.576345145772958 29.412
v -34.752978275345534 16.71826894397124 29.412
v -35.99085981315317 14.788602547916094 29.412
v -37.07462296382358 12.795609085363193 29.412
v -37.999626887163224 10.747822860289133 29.412
v -38.76191057436318 8.654012807691531 29.412
v -39.358209809646944 6.523144943663179 29.412
v -39.785971148143496 4.364343971534629 29.412
v -40.04336285013029 2.186854208493692 29.412
v -40.12928272482392 4.094794909903793e-15 29.412
v -40.04336285013029 -2.186854208493669 29.412
v -39.7859711481435 -4.364343971534606 29.412
v -39.358209809646944 -6.523144943663156 29.412
v -38.761910574363185 -8.65401280769151 29.412
v -37.99962688716323 -10.74782286028911 29.412
v -37.07462296382359 -12.795609085363171 29.412
v -35.990859813153186 -14.788602547916074 29.412
v -34.75297827534554 -16.718268943971218 29.412
v -33.366279149188586 -18.57634514577294 29.412
v -31.836700493230428 -20.35487458576807 29.412
v -30.170792198101086 -22.046241327849742 29.412
v -28.37568793887519 -23.643202679965018 29.412
v -26.45907462758015 -25.138920208434186 29.412
v -24.429159496658787 -26.52698902117358 29.412
v -22.294634954339955 -27.801465194426864 29.412
v -20.06464136241198 -28.95689122555904 29.412
v -17.74872789579037 -29.988319402920553 29.412
v -15.356811651484744 -30.891332992708197 29.412
v -12.89913518206681 -31.662065152097355 29.412
v -10.386222635488041 -32.29721548765655 29.412
v -7.828834689062169 -32.794064188138876 29.412
v -5.237922470593199 -33.15048367113126 29.412
v -2.624580663964629 -33.36494769368903 29.412
v -7.37162964615522e-15 -33.43653788794246 29.412
v 2.624580663964579 -33.36494769368903 29.412
v 5.23792247059315 -33.15048367113127 29.412
v 7.828834689062118 -32.79406418813889 29.412
v 10.386222635487991 -32.29721548765656 29.412
v 12.899135182066797 -31.66206515209736 29.412
v 15.356811651484698 -30.89133299270821 29.412
v 17.748727895790356 -29.988319402920556 29.412
v 20.064641362411933 -28.956891225559062 29.412
v 22.29463495433991 -27.801465194426886 29.412
v 24.429159496658748 -26.52698902117361 29.412
v 26.459074627580122 -25.1389202084342 29.412
v 28.375687938875163 -23.64320267996504 29.412
v 30.170792198101054 -22.04624132784977 29.412
v 31.83670049323041 -20.35487458576809 29.412
v 33.36627914918855 -18.576345145772972 29.412
v 34.75297827534553 -16.718268943971243 29.412
v 35.99085981315316 -14.788602547916112 29.412
v 37.07462296382357 -12.795609085363209 29.412
v 37.999626887163224 -10.747822860289137 29.412
v 38.76191057436317 -8.65401280769155 29.412
v 39.35820980964694 -6.5231449436631825 29.412
v 39.785971148143496 -4.364343971534648 29.412
v 40.04336285013029 -2.1868542084936955 29.412
v 37.12928272482392 0.0 29.412
v 37.049786080414485 1.9906448208032461 29.412
v 36.811636564022066 3.9727653948744597 29.412
v 36.415853968437254 5.937873977614782 29.412
v 35.86413309549598 7.87755567238396 29.412
v 35.15883649867791 9.783504464379641 29.412
v 34.30298436628972 11.64755878826792 29.412
v 33.30024158855512 13.461736477259075 29.412
v 32.154902063992225 15.218268943971227 29.412
v 30.871870312280937 16.90963444671414 29.412
v 29.456640472356717 18.528590298741914 29.412
v 27.91527277566414 20.068203882549547 29.412
v 26.254367595315532 21.52188233640539 29.412
v 24.481037182279938 22.883400785997253 29.412
v 22.602875209632618 24.146929000299885 29.412
v 20.627924255281126 25.30705635751924 29.412
v 18.564641362411965 26.35881501420573 29.412
v 16.42186182513337 27.297701178322487 29.412
v 14.208761354389454 28.119694395174342 29.412
v 11.93481678615732 28.82127476361204 29.412
v 9.609765500180455 29.39943800878935 29.412
v 7.24356372301377 29.85170834692919 29.412
v 4.846343893933013 30.176149087009836 29.412
v 2.428371276274185 30.371370923973217 29.412
v 2.273512862179637e-15 30.436537887942457 29.412
v -2.4283712762741723 30.371370923973217 29.412
v -4.846343893933001 30.17614908700984 29.412
v -7.243563723013756 29.851708346929193 29.412
v -9.609765500180442 29.399438008789353 29.412
v -11.934816786157308 28.821274763612042 29.412
v -14.208761354389441 28.119694395174346 29.412
v -16.42186182513336 27.29770117832249 29.412
v -18.564641362411955 26.358815014205735 29.412
v -20.62792425528111 25.307056357519247 29.412
v -22.602875209632604 24.14692900029989 29.412
v -24.481037182279923 22.883400785997267 29.412
v -26.254367595315525 21.52188233640539 29.412
v -27.915272775664135 20.06820388254955 29.412
v -29.45664047235671 18.528590298741925 29.412
v -30.87187031228093 16.90963444671415 29.412
v -32.15490206399222 15.218268943971239 29.412
v -33.30024158855511 13.46173647725909 29.412
v -34.30298436628972 11.647558788267924 29.412
v -35.15883649867791 9.783504464379648 29.412
v -35.86413309549597 7.877555672383968 29.412
v -36.415853968437254 5.937873977614792 29.412
v -36.811636564022066 3.972765394874472 29.412
v -37.049786080414485 1.9906448208032612 29.412
v -37.12928272482392 3.727400870159587e-15 29.412
v -37.049786080414485 -1.9906448208032401 29.412
v -36.81163656402207 -3.972765394874452 29.412
v -36.415853968437254 -5.937873977614772 29.412
v -35.86413309549598 -7.877555672383949 29.412
v -35.158836498677914 -9.783504464379627 29.412
v -34.30298436628973 -11.647558788267903 29.412
v -33.30024158855512 -13.461736477259072 29.412
v -32.154902063992225 -15.21826894397122 29.412
v -30.871870312280947 -16.909634446714133 29.412
v -29.45664047235672 -18.528590298741907 29.412
v -27.915272775664153 -20.068203882549536 29.412
v -26.254367595315543 -21.52188233640538 29.412
v -24.481037182279945 -22.883400785997253 29.412
v -22.602875209632625 -24.146929000299878 29.412
v -20.627924255281144 -25.30705635751923 29.412
v -18.56464136241198 -26.358815014205728 29.412
v -16.421861825133366 -27.297701178322487 29.412
v -14.208761354389473 -28.11969439517434 29.412
v -11.934816786157326 -28.82127476361204 29.412
v -9.609765500180476 -29.399438008789346 29.412
v -7.243563723013782 -29.851708346929186 29.412
v -4.846343893933041 -30.176149087009833 29.412
v -2.428371276274198 -30.371370923973217 29.412
v -6.8205385865389095e-15 -30.436537887942457 29.412
v 2.4283712762741514 -30.37137092397322 29.412
v 4.846343893932996 -30.17614908700984 29.412
v 7.243563723013736 -29.851708346929197 29.412
v 9.60976550018043 -29.399438008789357 29.412
v 11.934816786157313 -28.821274763612042 29.412
v 14.208761354389429 -28.11969439517435 29.412
v 16.421861825133355 -27.29770117832249 29.412
v 18.564641362411937 -26.358815014205742 29.412
v 20.627924255281105 -25.30705635751925 29.412
v 22.60287520963259 -24.146929000299902 29.412
v 24.48103718227992 -22.883400785997267 29.412
v 26.25436759531552 -21.521882336405394 29.412
v 27.91527277566412 -20.068203882549565 29.412
v 29.456640472356707 -18.52859029874193 29.412
v 30.87187031228092 -16.909634446714165 29.412
v 32.15490206399221 -15.218268943971243 29.412
v 33.300241588555096 -13.461736477259105 29.412
v 34.302984366289714 -11.647558788267938 29.412
v 35.15883649867791 -9.78350446437965 29.412
v 35.86413309549597 -7.877555672383985 29.412
v 36.41585396843725 -5.937873977614796 29.412
v 36.811636564022066 -3.97276539487449 29.412
v 37.049786080414485 -1.9906448208032645 29.412
v 41.19244163698742 0.0 30.186
v 41.10424545745328 2.2331718654620323 30.186
v 40.84003458843176 4.456780946153374 30.186
v 40.40094042142641 6.661305406615829 30.186
v 39.7888432250713 8.837305134664943 30.186
v 39.00636409353208 10.975462165399655 30.186
v 38.056853722578396 13.066620582158523 30.186
v 36.94437806139017 15.101825723560497 30.186
v 35.67370090153896 17.07236252873972 30.186
v 34.250263477701154 18.969792856574106 30.186
v 32.68016116745573 20.785991619101058 30.186
v 30.97011738994163 22.51318157439153 30.186
v 29.127454815144894 24.14396662989395 30.186
v 27.16006400710149 25.67136351363796 30.186
v 25.076369635290785 27.088831677677156 30.186
v 22.885294398907472 28.390301305719433 30.186
v 20.596220818493713 29.570199305012277 30.186
v 18.218951058545827 30.62347317118147 30.186
v 15.763664953140985 31.545612623830532 30.186
v 13.24087641432493 32.33266892025379 30.186
v 10.66138840992641 32.98127176455889 30.186
v 8.036246703590448 33.488643739791186 30.186
v 5.376692555122681 33.85261220125958 30.186
v 2.6941145836890223 34.071618580134604 30.186
v 2.52230958999004e-15 34.14472505747945 30.186
v -2.694114583689008 34.071618580134604 30.186
v -5.376692555122667 33.85261220125958 30.186
v -8.036246703590432 33.48864373979119 30.186
v -10.661388409926396 32.98127176455889 30.186
v -13.240876414324916 32.332668920253795 30.186
v -15.763664953140971 31.545612623830536 30.186
v -18.218951058545812 30.623473171181473 30.186
v -20.5962208184937 29.57019930501228 30.186
v -22.885294398907455 28.390301305719444 30.186
v -25.07636963529077 27.088831677677163 30.186
v -27.160064007101468 25.671363513637974 30.186
v -29.12745481514489 24.14396662989395 30.186
v -30.970117389941628 22.513181574391535 30.186
v -32.680161167455715 20.78599161910107 30.186
v -34.25026347770114 18.969792856574117 30.186
v -35.67370090153894 17.072362528739735 30.186
v -36.94437806139016 15.101825723560513 30.186
v -38.056853722578396 13.066620582158526 30.186
v -39.00636409353208 10.975462165399662 30.186
v -39.78884322507129 8.837305134664954 30.186
v -40.40094042142641 6.661305406615841 30.186
v -40.84003458843176 4.456780946153388 30.186
v -41.10424545745328 2.2331718654620496 30.186
v -41.19244163698742 4.1815228249408635e-15 30.186
v -41.10424545745328 -2.2331718654620256 30.186
v -40.84003458843177 -4.456780946153366 30.186
v -40.40094042142641 -6.661305406615817 30.186
v -39.7888432250713 -8.83730513466493 30.186
v -39.006364093532085 -10.97546216539964 30.186
v -38.05685372257841 -13.066620582158503 30.186
v -36.94437806139017 -15.101825723560491 30.186
v -35.67370090153896 -17.072362528739713 30.186
v -34.25026347770116 -18.9697928565741 30.186
v -32.68016116745573 -20.78599161910105 30.186
v -30.970117389941645 -22.51318157439152 30.186
v -29.127454815144908 -24.14396662989393 30.186
v -27.160064007101493 -25.67136351363796 30.186
v -25.076369635290796 -27.08883167767715 30.186
v -22.885294398907494 -28.390301305719422 30.186
v -20.596220818493727 -29.570199305012274 30.186
v -18.218951058545823 -30.62347317118147 30.186
v -15.763664953141006 -31.54561262383052 30.186
v -13.240876414324935 -32.33266892025379 30.186
v -10.661388409926431 -32.98127176455888 30.186
v -8.03624670359046 -33.488643739791186 30.186
v -5.376692555122713 -33.852612201259575 30.186
v -2.6941145836890366 -34.071618580134604 30.186
v -7.56692876997012e-15 -34.14472505747945 30.186
v 2.6941145836889855 -34.07161858013461 30.186
v 5.376692555122663 -33.85261220125958 30.186
v 8.03624670359041 -33.48864373979119 30.186
v 10.661388409926381 -32.9812717645589 30.186
v 13.240876414324921 -32.332668920253795 30.186
v 15.763664953140959 -31.54561262383054 30.186
v 18.21895105854581 -30.623473171181473 30.186
v 20.59622081849368 -29.57019930501229 30.186
v 22.885294398907448 -28.390301305719447 30.186
v 25.076369635290753 -27.088831677677177 30.186
v 27.160064007101465 -25.671363513637974 30.186
v 29.127454815144883 -24.143966629893953 30.186
v 30.970117389941613 -22.513181574391552 30.186
v 32.680161167455715 -20.785991619101072 30.186
v 34.250263477701125 -18.969792856574134 30.186
v 35.67370090153894 -17.07236252873974 30.186
v 36.94437806139015 -15.101825723560529 30.186
v 38.05685372257839 -13.066620582158544 30.186
v 39.00636409353208 -10.975462165399666 30.186
v 39.78884322507128 -8.837305134664971 30.186
v 40.400940421426405 -6.661305406615845 30.186
v 40.84003458843176 -4.456780946153408 30.186
v 41.10424545745328 -2.233171865462053 30.186
v 38.19244163698742 0.0 30.186
v 38.11066868773747 2.0369624777716036 30.186
v 37.865700004310334 4.065202369493219 30.186
v 37.458584580216716 6.076034440567445 30.186
v 36.89106574620409 8.060847999357382 30.186
v 36.16557370504676 10.011143769490172 30.186
v 35.28521512504454 11.918570285063256 30.186
v 34.2537598367921 13.774959652903496 30.186
v 33.07562469018564 15.572362528739724 30.186
v 31.755854640793515 17.303082157515302 30.186
v 30.300101146582023 18.959707332074895 30.186
v 28.7145979675047 20.53514412909133 30.186
v 27.006134471585252 22.022646286334307 30.186
v 25.18202656180128 23.41584409120103 30.186
v 23.250085348264623 24.708771656803453 30.186
v 21.218583699848665 25.8958924688118 30.186
v 19.096220818493713 26.972123093658965 30.186
v 16.892084987888822 27.932854946583408 30.186
v 14.615614656045716 28.773974026296674 30.186
v 12.276558018415445 29.491878531768478 30.186
v 9.884931274618847 30.083494285691685 30.186
v 7.450975737542063 30.5462878985815 30.186
v 4.985113978462526 30.878277617138153 30.186
v 2.4979051959985927 31.0780418104188 30.186
v 2.338612570117937e-15 31.14472505747945 30.186
v -2.4979051959985794 31.0780418104188 30.186
v -4.985113978462514 30.878277617138156 30.186
v -7.450975737542049 30.546287898581504 30.186
v -9.884931274618832 30.08349428569169 30.186
v -12.276558018415432 29.49187853176848 30.186
v -14.615614656045702 28.773974026296678 30.186
v -16.892084987888808 27.93285494658341 30.186
v -19.096220818493702 26.97212309365897 30.186
v -21.218583699848647 25.89589246881181 30.186
v -23.25008534826461 24.70877165680346 30.186
v -25.182026561801266 23.415844091201045 30.186
v -27.00613447158525 22.022646286334307 30.186
v -28.714597967504695 20.535144129091332 30.186
v -30.300101146582012 18.959707332074906 30.186
v -31.755854640793505 17.303082157515313 30.186
v -33.07562469018563 15.572362528739736 30.186
v -34.25375983679209 13.774959652903508 30.186
v -35.28521512504454 11.918570285063257 30.186
v -36.16557370504676 10.011143769490179 30.186
v -36.891065746204085 8.06084799935739 30.186
v -37.458584580216716 6.076034440567456 30.186
v -37.865700004310334 4.065202369493233 30.186
v -38.11066868773747 2.036962477771619 30.186
v -38.19244163698742 3.814128785196658e-15 30.186
v -38.11066868773747 -2.0369624777715973 30.186
v -37.86570000431034 -4.065202369493212 30.186
v -37.45858458021672 -6.076034440567434 30.186
v -36.89106574620409 -8.06084799935737 30.186
v -36.16557370504677 -10.011143769490157 30.186
v -35.285215125044544 -11.918570285063238 30.186
v -34.2537598367921 -13.77495965290349 30.186
v -33.07562469018564 -15.572362528739717 30.186
v -31.755854640793522 -17.303082157515295 30.186
v -30.300101146582026 -18.959707332074892 30.186
v -28.714597967504712 -20.535144129091318 30.186
v -27.006134471585263 -22.022646286334293 30.186
v -25.182026561801287 -23.41584409120103 30.186
v -23.25008534826463 -24.708771656803446 30.186
v -21.218583699848686 -25.89589246881179 30.186
v -19.096220818493727 -26.97212309365896 30.186
v -16.89208498788882 -27.932854946583408 30.186
v -14.615614656045734 -28.773974026296667 30.186
v -12.27655801841545 -29.491878531768478 30.186
v -9.884931274618868 -30.083494285691682 30.186
v -7.450975737542076 -30.546287898581497 30.186
v -4.9851139784625556 -30.87827761713815 30.186
v -2.497905195998606 -31.0780418104188 30.186
v -7.015837710353811e-15 -31.14472505747945 30.186
v 2.497905195998558 -31.078041810418803 30.186
v 4.985113978462509 -30.878277617138156 30.186
v 7.450975737542028 -30.546287898581507 30.186
v 9.88493127461882 -30.083494285691692 30.186
v 12.276558018415438 -29.49187853176848 30.186
v 14.61561465604569 -28.77397402629668 30.186
v 16.892084987888804 -27.93285494658341 30.186
v 19.096220818493684 -26.97212309365898 30.186
v 21.218583699848644 -25.895892468811812 30.186
v 23.250085348264594 -24.70877165680347 30.186
v 25.18202656180126 -23.415844091201045 30.186
v 27.00613447158524 -22.02264628633431 30.186
v 28.714597967504684 -20.535144129091346 30.186
v 30.30010114658201 -18.95970733207491 30.186
v 31.755854640793494 -17.303082157515327 30.186
v 33.07562469018563 -15.57236252873974 30.186
v 34.25375983679208 -13.774959652903524 30.186
v 35.28521512504453 -11.918570285063273 30.186
v 36.16557370504676 -10.011143769490182 30.186
v 36.89106574620408 -8.060847999357408 30.186
v 37.458584580216716 -6.076034440567459 30.186
v 37.86570000431033 -4.06520236949325 30.186
v 38.11066868773747 -2.036962477771622 30.186
v 42.286043013684626 0.0 30.96
v 42.195505349656614 2.2805672261596635 30.96
v 41.924280053749534 4.551368713337861 30.96
v 41.47352855431974 6.802680540946709 30.96
v 40.845181038488406 9.024862246112708 30.96
v 40.04192818678399 11.208398105618791 30.96
v 39.06720965123512 13.343937883692037 30.96
v 37.92519932625252 15.422336871148696 30.96
v 36.620787475372374 17.434695044442865 30.96
v 35.15955979039711 19.372395176933654 30.96
v 33.54777347260555 21.2271397391726 30.96
v 31.792330438456407 22.990986430198628 30.96
v 29.900747764522432 24.6563821876901 30.96
v 27.881125498214466 26.21619553133721 30.96
v 25.742111972134882 27.663747100935588 30.96
v 23.492866770589696 28.992838258432034 30.96
v 21.143021506842317 30.19777763144437 30.96
v 18.70263857906693 31.2734054845917 30.96
v 16.18216808161466 32.21511581427345 30.96
v 13.592403056105283 33.01887607228392 30.96
v 10.944433273965982 33.6812444338028 30.96
v 8.249597748327588 34.19938453581742 30.96
v 5.519436178629574 34.571077622864635 30.96
v 2.7656395358554127 34.79473204808235 30.96
v 2.5892733612658087e-15 34.86939008888574 30.96
v -2.765639535855398 34.79473204808235 30.96
v -5.51943617862956 34.57107762286464 30.96
v -8.249597748327572 34.19938453581742 30.96
v -10.944433273965968 33.6812444338028 30.96
v -13.592403056105269 33.01887607228392 30.96
v -16.182168081614645 32.21511581427345 30.96
v -18.702638579066917 31.273405484591702 30.96
v -21.143021506842302 30.197777631444374 30.96
v -23.49286677058968 28.99283825843204 30.96
v -25.742111972134868 27.6637471009356 30.96
v -27.88112549821445 26.216195531337227 30.96
v -29.90074776452243 24.6563821876901 30.96
v -31.7923304384564 22.99098643019863 30.96
v -33.54777347260554 21.22713973917261 30.96
v -35.1595597903971 19.37239517693367 30.96
v -36.62078747537236 17.43469504444288 30.96
v -37.9251993262525 15.422336871148712 30.96
v -39.06720965123512 13.34393788369204 30.96
v -40.041928186783984 11.2083981056188 30.96
v -40.845181038488406 9.024862246112717 30.96
v -41.47352855431974 6.802680540946722 30.96
v -41.924280053749534 4.551368713337875 30.96
v -42.195505349656614 2.2805672261596808 30.96
v -42.286043013684626 4.270268696057436e-15 30.96
v -42.195505349656614 -2.280567226159657 30.96
v -41.92428005374954 -4.551368713337852 30.96
v -41.47352855431974 -6.802680540946698 30.96
v -40.84518103848841 -9.024862246112693 30.96
v -40.041928186784 -11.208398105618777 30.96
v -39.067209651235125 -13.343937883692018 30.96
v -37.92519932625252 -15.42233687114869 30.96
v -36.620787475372374 -17.434695044442858 30.96
v -35.15955979039712 -19.372395176933647 30.96
v -33.547773472605556 -21.22713973917259 30.96
v -31.79233043845642 -22.990986430198618 30.96
v -29.900747764522446 -24.65638218769008 30.96
v -27.88112549821447 -26.21619553133721 30.96
v -25.74211197213489 -27.66374710093558 30.96
v -23.49286677058972 -28.992838258432023 30.96
v -21.14302150684233 -30.197777631444367 30.96
v -18.702638579066925 -31.2734054845917 30.96
v -16.18216808161468 -32.21511581427344 30.96
v -13.592403056105287 -33.01887607228392 30.96
v -10.944433273966006 -33.681244433802796 30.96
v -8.249597748327602 -34.199384535817416 30.96
v -5.519436178629607 -34.571077622864635 30.96
v -2.7656395358554273 -34.79473204808235 30.96
v -7.767820083797426e-15 -34.86939008888574 30.96
v 2.7656395358553745 -34.79473204808236 30.96
v 5.519436178629555 -34.57107762286464 30.96
v 8.249597748327549 -34.19938453581743 30.96
v 10.944433273965954 -33.68124443380281 30.96
v 13.592403056105272 -33.01887607228392 30.96
v 16.18216808161463 -32.21511581427346 30.96
v 18.702638579066914 -31.273405484591702 30.96
v 21.143021506842285 -30.19777763144439 30.96
v 23.492866770589675 -28.992838258432045 30.96
v 25.74211197213485 -27.66374710093561 30.96
v 27.88112549821444 -26.216195531337227 30.96
v 29.900747764522425 -24.656382187690102 30.96
v 31.792330438456386 -22.990986430198646 30.96
v 33.547773472605535 -21.227139739172614 30.96
v 35.15955979039708 -19.372395176933683 30.96
v 36.62078747537236 -17.434695044442883 30.96
v 37.92519932625249 -15.42233687114873 30.96
v 39.0672096512351 -13.343937883692059 30.96
v 40.041928186783984 -11.208398105618803 30.96
v 40.8451810384884 -9.024862246112736 30.96
v 41.473528554319735 -6.802680540946726 30.96
v 41.924280053749534 -4.5513687133378955 30.96
v 42.195505349656614 -2.2805672261596848 30.96
v 39.286043013684626 0.0 30.96
v 39.201928579940805 2.0843578384692347 30.96
v 38.949945469628105 4.159790136677707 30.96
v 38.531172713110045 6.217409574898325 30.96
v 37.9474035596212 8.248405110805146 30.96
v 37.201137798298674 10.244079709709307 30.96
v 36.29557105370125 12.195887586596768 30.96
v 35.23458110165445 14.095470800491693 30.96
v 34.02271126401906 15.934695044442869 30.96
v 32.66515095348947 17.70568447787485 30.96
v 31.167713451731846 19.400855452146438 30.96
v 29.536811016019474 21.012948984898426 30.96
v 27.77942742096279 22.535061844130457 30.96
v 25.90308805291426 23.96067610890028 30.96
v 23.91582768510872 25.283687080061885 30.96
v 21.82615607153089 26.4984294215244 30.96
v 19.643021506842317 27.59970142009106 30.96
v 17.375772508409927 28.582787259993637 30.96
v 15.03411778451939 29.44347721673959 30.96
v 12.628084660195798 30.17808568379861 30.96
v 10.16797613865842 30.7834669549356 30.96
v 7.664326782279202 31.257028694607733 30.96
v 5.127857601969419 31.59674303874321 30.96
v 2.5694301481649826 31.801155278366547 30.96
v 2.4055763413937056e-15 31.86939008888574 30.96
v -2.5694301481649693 31.801155278366547 30.96
v -5.127857601969406 31.596743038743213 30.96
v -7.664326782279188 31.257028694607737 30.96
v -10.167976138658407 30.783466954935605 30.96
v -12.628084660195784 30.178085683798614 30.96
v -15.034117784519378 29.443477216739595 30.96
v -17.375772508409913 28.58278725999364 30.96
v -19.643021506842306 27.599701420091062 30.96
v -21.826156071530875 26.498429421524406 30.96
v -23.915827685108706 25.283687080061892 30.96
v -25.903088052914242 23.960676108900294 30.96
v -27.779427420962786 22.535061844130457 30.96
v -29.53681101601947 21.01294898489843 30.96
v -31.167713451731835 19.40085545214645 30.96
v -32.665150953489466 17.70568447787486 30.96
v -34.022711264019044 15.934695044442881 30.96
v -35.23458110165444 14.095470800491707 30.96
v -36.29557105370125 12.195887586596772 30.96
v -37.20113779829867 10.244079709709315 30.96
v -37.9474035596212 8.248405110805155 30.96
v -38.531172713110045 6.217409574898337 30.96
v -38.949945469628105 4.15979013667772 30.96
v -39.201928579940805 2.0843578384692507 30.96
v -39.286043013684626 3.90287465631323e-15 30.96
v -39.201928579940805 -2.0843578384692285 30.96
v -38.94994546962811 -4.159790136677699 30.96
v -38.53117271311005 -6.217409574898315 30.96
v -37.94740355962121 -8.248405110805134 30.96
v -37.20113779829868 -10.244079709709293 30.96
v -36.295571053701266 -12.19588758659675 30.96
v -35.23458110165445 -14.095470800491688 30.96
v -34.02271126401906 -15.934695044442861 30.96
v -32.66515095348948 -17.705684477874843 30.96
v -31.16771345173185 -19.40085545214643 30.96
v -29.536811016019488 -21.012948984898415 30.96
v -27.779427420962804 -22.535061844130443 30.96
v -25.903088052914264 -23.96067610890028 30.96
v -23.915827685108727 -25.283687080061878 30.96
v -21.826156071530914 -26.49842942152439 30.96
v -19.64302150684233 -27.599701420091055 30.96
v -17.375772508409923 -28.582787259993637 30.96
v -15.03411778451941 -29.443477216739584 30.96
v -12.628084660195801 -30.17808568379861 30.96
v -10.167976138658442 -30.783466954935598 30.96
v -7.664326782279216 -31.25702869460773 30.96
v -5.12785760196945 -31.596743038743206 30.96
v -2.5694301481649964 -31.801155278366547 30.96
v -7.216729024181116e-15 -31.86939008888574 30.96
v 2.5694301481649475 -31.80115527836655 30.96
v 5.127857601969402 -31.596743038743213 30.96
v 7.664326782279167 -31.25702869460774 30.96
v 10.167976138658394 -30.783466954935605 30.96
v 12.628084660195789 -30.178085683798614 30.96
v 15.034117784519365 -29.4434772167396 30.96
v 17.37577250840991 -28.58278725999364 30.96
v 19.643021506842288 -27.599701420091073 30.96
v 21.826156071530868 -26.49842942152441 30.96
v 23.915827685108688 -25.283687080061902 30.96
v 25.90308805291424 -23.960676108900294 30.96
v 27.779427420962783 -22.53506184413046 30.96
v 29.536811016019456 -21.012948984898443 30.96
v 31.16771345173183 -19.400855452146452 30.96
v 32.66515095348945 -17.705684477874875 30.96
v 34.022711264019044 -15.934695044442885 30.96
v 35.23458110165443 -14.095470800491723 30.96
v 36.295571053701245 -12.195887586596788 30.96
v 37.20113779829867 -10.244079709709318 30.96
v 37.94740355962119 -8.248405110805173 30.96
v 38.531172713110045 -6.2174095748983405 30.96
v 38.949945469628105 -4.159790136677739 30.96
v 39.201928579940805 -2.084357838469254 30.96
v 43.41095854365021 0.0 31.734
v 43.318012349122455 2.329065366235988 31.734
v 43.03957177541351 4.648157317009134 31.734
v 42.57682914780698 6.947345144552753 31.734
v 41.93176600127582 9.216783373611566 31.734
v 41.10714459524536 11.44675392127825 31.734
v 40.106496085174406 13.627707711316388 31.734
v 38.93410540160544 15.750305564770917 31.734
v 37.5949929014342 17.805458191766196 31.734
v 36.09489286997071 19.784365113240664 31.734
v 34.44022896584923 21.678552345949242 31.734
v 32.63808671393584 23.479908689360563 31.734
v 30.696183164023157 25.180720459062886 31.734
v 28.62283384523835 26.773704517944957 31.734
v 26.426917157670832 28.252039463707302 31.734
v 24.117836353700046 29.609394839154035 31.734
v 21.70547927182511 30.839958240182526 31.734
v 19.200175995422423 31.938460205390026 31.734
v 16.612654617742685 32.900196780716435 31.734
v 13.953995302568643 33.72104966249771 31.734
v 11.235582837252672 34.397503832674445 31.734
v 8.469057881309517 34.926662610638814 31.734
v 5.666267119325184 35.30626005726563 31.734
v 2.8392125316347467 35.53467067801158 31.734
v 2.658154571419984e-15 35.6109163835324 31.734
v -2.8392125316347316 35.53467067801158 31.734
v -5.666267119325169 35.30626005726563 31.734
v -8.469057881309501 34.92666261063882 31.734
v -11.235582837252657 34.39750383267445 31.734
v -13.953995302568629 33.72104966249771 31.734
v -16.61265461774267 32.900196780716435 31.734
v -19.20017599542241 31.93846020539003 31.734
v -21.705479271825094 30.83995824018253 31.734
v -24.117836353700028 29.609394839154042 31.734
v -26.426917157670818 28.25203946370731 31.734
v -28.62283384523833 26.77370451794497 31.734
v -30.696183164023154 25.180720459062886 31.734
v -32.638086713935834 23.47990868936057 31.734
v -34.44022896584922 21.678552345949253 31.734
v -36.09489286997069 19.784365113240675 31.734
v -37.594992901434196 17.80545819176621 31.734
v -38.934105401605436 15.750305564770933 31.734
v -40.106496085174406 13.627707711316392 31.734
v -41.10714459524535 11.446753921278257 31.734
v -41.93176600127581 9.216783373611577 31.734
v -42.57682914780698 6.947345144552766 31.734
v -43.03957177541351 4.648157317009148 31.734
v -43.318012349122455 2.329065366236006 31.734
v -43.41095854365021 4.361079476379699e-15 31.734
v -43.318012349122455 -2.3290653662359815 31.734
v -43.03957177541351 -4.648157317009125 31.734
v -42.57682914780699 -6.947345144552741 31.734
v -41.931766001275825 -9.216783373611552 31.734
v -41.107144595245366 -11.446753921278233 31.734
v -40.10649608517441 -13.627707711316368 31.734
v -38.93410540160544 -15.750305564770912 31.734
v -37.59499290143421 -17.80545819176619 31.734
v -36.094892869970714 -19.784365113240657 31.734
v -34.440228965849236 -21.678552345949235 31.734
v -32.638086713935856 -23.479908689360553 31.734
v -30.69618316402317 -25.18072045906287 31.734
v -28.622833845238354 -26.773704517944957 31.734
v -26.426917157670843 -28.25203946370729 31.734
v -24.11783635370007 -29.609394839154024 31.734
v -21.705479271825123 -30.839958240182522 31.734
v -19.20017599542242 -31.938460205390026 31.734
v -16.612654617742706 -32.90019678071643 31.734
v -13.953995302568648 -33.72104966249771 31.734
v -11.235582837252695 -34.397503832674445 31.734
v -8.469057881309531 -34.926662610638814 31.734
v -5.666267119325217 -35.306260057265625 31.734
v -2.839212531634762 -35.53467067801158 31.734
v -7.97446371425995e-15 -35.6109163835324 31.734
v 2.8392125316347077 -35.53467067801159 31.734
v 5.666267119325164 -35.30626005726563 31.734
v 8.469057881309476 -34.92666261063882 31.734
v 11.235582837252643 -34.39750383267446 31.734
v 13.953995302568632 -33.72104966249771 31.734
v 16.612654617742656 -32.90019678071644 31.734
v 19.200175995422402 -31.93846020539003 31.734
v 21.705479271825077 -30.83995824018254 31.734
v 24.117836353700024 -29.609394839154046 31.734
v 26.4269171576708 -28.25203946370732 31.734
v 28.622833845238326 -26.77370451794497 31.734
v 30.696183164023147 -25.18072045906289 31.734
v 32.63808671393582 -23.479908689360585 31.734
v 34.440228965849215 -21.678552345949257 31.734
v 36.09489286997068 -19.784365113240693 31.734
v 37.59499290143419 -17.805458191766213 31.734
v 38.93410540160542 -15.750305564770951 31.734
v 40.1064960851744 -13.62770771131641 31.734
v 41.10714459524535 -11.44675392127826 31.734
v 41.93176600127581 -9.216783373611596 31.734
v 42.576829147806976 -6.947345144552769 31.734
v 43.039571775413506 -4.6481573170091695 31.734
v 43.318012349122455 -2.32906536623601 31.734
v 40.41095854365021 0.0 31.734
v 40.32443557940664 2.132855978545559 31.734
v 40.065237191292084 4.256578740348979 31.734
v 39.63447330659729 6.362074178504368 31.734
v 39.03398852240861 8.440326238304005 31.734
v 38.26635420676004 10.482435525368764 31.734
v 37.33485748764055 12.47965741422112 31.734
v 36.24348717700738 14.423439494113913 31.734
v 34.99691669008089 16.305458191766196 31.734
v 33.60048403306307 18.117654414181857 31.734
v 32.06016894497553 19.85226805892308 31.734
v 30.382567291498912 21.501871244060357 31.734
v 28.574862820463515 23.059400115503244 31.734
v 26.644796399938144 24.518185095508024 31.734
v 24.60063287064467 25.871979442833595 31.734
v 22.45112565464124 27.1149860022464 31.734
v 20.20547927182511 28.24188202882921 31.734
v 17.87330992476542 29.24784198079196 31.734
v 15.464604320647414 30.128558183182573 31.734
v 12.989676906659158 30.880259274012396 31.734
v 10.459125701945108 31.499726353807244 31.734
v 7.8837869152611315 31.984306769429125 31.734
v 5.274688542665029 32.3319254731442 31.734
v 2.643003143944317 32.54109390829577 31.734
v 2.474457551547881e-15 32.6109163835324 31.734
v -2.643003143944303 32.54109390829577 31.734
v -5.2746885426650145 32.3319254731442 31.734
v -7.883786915261117 31.98430676942913 31.734
v -10.459125701945094 31.499726353807247 31.734
v -12.989676906659144 30.8802592740124 31.734
v -15.464604320647402 30.128558183182577 31.734
v -17.873309924765405 29.247841980791964 31.734
v -20.205479271825094 28.241882028829213 31.734
v -22.45112565464122 27.114986002246408 31.734
v -24.600632870644656 25.871979442833602 31.734
v -26.644796399938127 24.518185095508038 31.734
v -28.57486282046351 23.059400115503244 31.734
v -30.382567291498905 21.50187124406036 31.734
v -32.060168944975516 19.85226805892309 31.734
v -33.60048403306306 18.117654414181867 31.734
v -34.99691669008088 16.30545819176621 31.734
v -36.243487177007374 14.423439494113929 31.734
v -37.33485748764055 12.479657414221123 31.734
v -38.266354206760035 10.482435525368771 31.734
v -39.033988522408606 8.440326238304014 31.734
v -39.63447330659729 6.36207417850438 31.734
v -40.065237191292084 4.256578740348992 31.734
v -40.32443557940664 2.1328559785455754 31.734
v -40.41095854365021 3.993685436635493e-15 31.734
v -40.32443557940664 -2.1328559785455528 31.734
v -40.065237191292084 -4.256578740348971 31.734
v -39.63447330659729 -6.362074178504357 31.734
v -39.03398852240862 -8.440326238303992 31.734
v -38.26635420676005 -10.48243552536875 31.734
v -37.334857487640555 -12.479657414221101 31.734
v -36.24348717700738 -14.423439494113907 31.734
v -34.996916690080894 -16.30545819176619 31.734
v -33.600484033063076 -18.11765441418185 31.734
v -32.06016894497553 -19.852268058923073 31.734
v -30.382567291498923 -21.501871244060347 31.734
v -28.574862820463526 -23.059400115503227 31.734
v -26.644796399938148 -24.518185095508024 31.734
v -24.60063287064468 -25.871979442833588 31.734
v -22.451125654641263 -27.11498600224639 31.734
v -20.205479271825123 -28.241882028829206 31.734
v -17.873309924765415 -29.24784198079196 31.734
v -15.464604320647435 -30.128558183182566 31.734
v -12.989676906659161 -30.880259274012396 31.734
v -10.459125701945132 -31.49972635380724 31.734
v -7.883786915261146 -31.98430676942912 31.734
v -5.27468854266506 -32.331925473144196 31.734
v -2.643003143944331 -32.54109390829577 31.734
v -7.423372654643642e-15 -32.6109163835324 31.734
v 2.6430031439442807 -32.54109390829578 31.734
v 5.27468854266501 -32.3319254731442 31.734
v 7.883786915261095 -31.984306769429132 31.734
v 10.459125701945082 -31.49972635380725 31.734
v 12.989676906659149 -30.8802592740124 31.734
v 15.464604320647387 -30.12855818318258 31.734
v 17.8733099247654 -29.247841980791964 31.734
v 20.205479271825077 -28.241882028829224 31.734
v 22.451125654641217 -27.11498600224641 31.734
v 24.600632870644638 -25.871979442833613 31.734
v 26.64479639993812 -24.518185095508038 31.734
v 28.574862820463505 -23.059400115503248 31.734
v 30.38256729149889 -21.501871244060375 31.734
v 32.060168944975516 -19.852268058923094 31.734
v 33.60048403306305 -18.11765441418188 31.734
v 34.99691669008087 -16.305458191766213 31.734
v 36.24348717700736 -14.423439494113945 31.734
v 37.334857487640534 -12.479657414221139 31.734
v 38.266354206760035 -10.482435525368775 31.734
v 39.033988522408606 -8.440326238304031 31.734
v 39.634473306597286 -6.3620741785043835 31.734
v 40.06523719129208 -4.256578740349012 31.734
v 40.32443557940664 -2.132855978545579 31.734
v 44.5680848755313 0.0 32.508
v 44.47266118470435 2.378691944792238 32.508
v 44.18679873111734 4.747197965493444 32.508
v 43.71172162168294 7.0953757557033175 32.508
v 43.049464209518895 9.413170057625367 32.508
v 42.20286238253571 11.690655720224504 32.508
v 41.17554141972921 13.918080200247525 32.508
v 39.971900467179296 16.085905324110538 32.508
v 38.59709370023113 18.184848131822594 32.508
v 37.05700825252494 20.205920628045515 32.508
v 35.358239006386036 22.140468270069775 32.508
v 33.50806035252617 23.98020702789507 32.508
v 31.51439503998579 25.71725885771856 32.508
v 29.38578024970624 27.344185436927884 32.508
v 27.131331037010384 28.85402001614057 32.508
v 24.76070129953634 30.240297251894393 32.508
v 22.284042437765653 31.497080892240717 32.508
v 19.711959885168028 32.618989196686634 32.508
v 17.055467694106966 33.601217981634015 32.508
v 14.325941371976707 34.4395611926312 32.508
v 11.535069169533116 35.13042891534392 32.508
v 8.694802030009539 35.670862748119575 32.508
v 5.817302413343178 36.0585484703173 32.508
v 2.914892214654367 36.29182595215605 32.508
v 2.7290081243473482e-15 36.369696263645196 32.508
v -2.9148922146543517 36.29182595215605 32.508
v -5.817302413343163 36.058548470317305 32.508
v -8.694802030009523 35.67086274811958 32.508
v -11.535069169533102 35.13042891534393 32.508
v -14.325941371976693 34.43956119263121 32.508
v -17.05546769410695 33.60121798163402 32.508
v -19.71195988516801 32.61898919668664 32.508
v -22.28404243776564 31.49708089224072 32.508
v -24.760701299536322 30.240297251894404 32.508
v -27.13133103701037 28.85402001614058 32.508
v -29.38578024970622 27.344185436927898 32.508
v -31.514395039985786 25.71725885771856 32.508
v -33.50806035252617 23.980207027895073 32.508
v -35.35823900638603 22.140468270069785 32.508
v -37.05700825252493 20.20592062804553 32.508
v -38.59709370023112 18.18484813182261 32.508
v -39.97190046717929 16.085905324110552 32.508
v -41.17554141972921 13.918080200247529 32.508
v -42.202862382535706 11.69065572022451 32.508
v -43.049464209518895 9.413170057625376 32.508
v -43.71172162168294 7.095375755703331 32.508
v -44.18679873111734 4.747197965493459 32.508
v -44.47266118470435 2.3786919447922563 32.508
v -44.5680848755313 4.454003211523454e-15 32.508
v -44.47266118470435 -2.378691944792231 32.508
v -44.18679873111735 -4.747197965493435 32.508
v -43.71172162168294 -7.095375755703306 32.508
v -43.0494642095189 -9.413170057625353 32.508
v -42.20286238253572 -11.690655720224488 32.508
v -41.175541419729214 -13.918080200247505 32.508
v -39.971900467179296 -16.08590532411053 32.508
v -38.597093700231135 -18.184848131822587 32.508
v -37.057008252524945 -20.205920628045508 32.508
v -35.35823900638604 -22.140468270069764 32.508
v -33.508060352526186 -23.98020702789506 32.508
v -31.514395039985803 -25.717258857718544 32.508
v -29.385780249706244 -27.344185436927884 32.508
v -27.131331037010394 -28.854020016140563 32.508
v -24.760701299536365 -30.240297251894383 32.508
v -22.28404243776567 -31.497080892240714 32.508
v -19.71195988516802 -32.618989196686634 32.508
v -17.055467694106987 -33.60121798163401 32.508
v -14.325941371976713 -34.4395611926312 32.508
v -11.535069169533141 -35.13042891534392 32.508
v -8.694802030009555 -35.670862748119575 32.508
v -5.817302413343213 -36.0585484703173 32.508
v -2.9148922146543828 -36.29182595215605 32.508
v -8.187024373042045e-15 -36.369696263645196 32.508
v 2.914892214654327 -36.29182595215606 32.508
v 5.817302413343158 -36.058548470317305 32.508
v 8.694802030009498 -35.67086274811958 32.508
v 11.535069169533088 -35.13042891534393 32.508
v 14.325941371976699 -34.43956119263121 32.508
v 17.055467694106934 -33.60121798163402 32.508
v 19.711959885168007 -32.61898919668664 32.508
v 22.28404243776562 -31.497080892240735 32.508
v 24.760701299536315 -30.240297251894408 32.508
v 27.131331037010348 -28.85402001614059 32.508
v 29.385780249706215 -27.344185436927898 32.508
v 31.51439503998578 -25.717258857718566 32.508
v 33.50806035252616 -23.98020702789509 32.508
v 35.35823900638602 -22.14046827006979 32.508
v 37.057008252524916 -20.205920628045543 32.508
v 38.59709370023111 -18.184848131822616 32.508
v 39.971900467179275 -16.08590532411057 32.508
v 41.17554141972919 -13.918080200247546 32.508
v 42.202862382535706 -11.690655720224516 32.508
v 43.04946420951889 -9.413170057625397 32.508
v 43.71172162168293 -7.095375755703334 32.508
v 44.186798731117335 -4.747197965493481 32.508
v 44.47266118470435 -2.3786919447922603 32.508
v 41.5680848755313 0.0 32.508
v 41.47908441498854 2.182482557101809 32.508
v 41.21246414699591 4.35561938883329 32.508
v 40.769365780473244 6.510104789654933 32.508
v 40.15168673065169 8.636712922317804 32.508
v 39.362071994050396 10.726337324315018 32.508
v 38.40390282219534 12.770029903152256 32.508
v 37.281282242581234 14.759039253453533 32.508
v 35.99901748887781 16.684848131822594 32.508
v 34.5625994156173 18.53920992898671 32.508
v 32.97817898551233 20.314183983043613 32.508
v 31.252540930089243 22.002169582594863 32.508
v 29.393074696426147 23.595938514158917 32.508
v 27.40774280440603 25.08866601449095 32.508
v 25.30504674998422 26.473959995266867 32.508
v 23.093990600477532 27.74588841498676 32.508
v 20.784042437765653 28.8990046808874 32.508
v 18.385093814511023 29.92837097208857 32.508
v 15.907417397011695 30.829579384100157 32.508
v 13.361622976067224 31.598770804145886 32.508
v 10.758612034225555 32.232651436476715 32.508
v 8.109531063961155 32.728506906909885 32.508
v 5.425723836683023 33.08421388619587 32.508
v 2.7186828269639376 33.298249182440244 32.508
v 2.5453111044752455e-15 33.369696263645196 32.508
v -2.718682826963923 33.298249182440244 32.508
v -5.425723836683009 33.084213886195876 32.508
v -8.109531063961139 32.728506906909885 32.508
v -10.758612034225541 32.23265143647672 32.508
v -13.36162297606721 31.59877080414589 32.508
v -15.907417397011681 30.82957938410016 32.508
v -18.38509381451101 29.928370972088576 32.508
v -20.78404243776564 28.899004680887405 32.508
v -23.093990600477515 27.745888414986766 32.508
v -25.305046749984207 26.473959995266874 32.508
v -27.407742804406013 25.088666014490965 32.508
v -29.393074696426144 23.595938514158917 32.508
v -31.25254093008924 22.002169582594867 32.508
v -32.97817898551232 20.314183983043623 32.508
v -34.56259941561729 18.539209928986722 32.508
v -35.999017488877804 16.68484813182261 32.508
v -37.28128224258123 14.759039253453548 32.508
v -38.40390282219534 12.77002990315226 32.508
v -39.36207199405039 10.726337324315026 32.508
v -40.15168673065169 8.636712922317813 32.508
v -40.769365780473244 6.510104789654945 32.508
v -41.21246414699591 4.355619388833303 32.508
v -41.47908441498854 2.1824825571018254 32.508
v -41.5680848755313 4.086609171779248e-15 32.508
v -41.47908441498854 -2.1824825571018023 32.508
v -41.21246414699591 -4.355619388833281 32.508
v -40.76936578047325 -6.510104789654922 32.508
v -40.1516867306517 -8.636712922317791 32.508
v -39.3620719940504 -10.726337324315004 32.508
v -38.403902822195356 -12.770029903152237 32.508
v -37.281282242581234 -14.759039253453528 32.508
v -35.99901748887782 -16.684848131822587 32.508
v -34.56259941561731 -18.5392099289867 32.508
v -32.978178985512336 -20.314183983043606 32.508
v -31.252540930089257 -22.002169582594853 32.508
v -29.39307469642616 -23.595938514158902 32.508
v -27.407742804406038 -25.08866601449095 32.508
v -25.305046749984232 -26.47395999526686 32.508
v -23.093990600477557 -27.745888414986748 32.508
v -20.784042437765667 -28.899004680887398 32.508
v -18.385093814511016 -29.92837097208857 32.508
v -15.907417397011717 -30.829579384100146 32.508
v -13.361622976067228 -31.598770804145886 32.508
v -10.758612034225578 -32.232651436476715 32.508
v -8.10953106396117 -32.72850690690988 32.508
v -5.425723836683055 -33.08421388619587 32.508
v -2.718682826963952 -33.298249182440244 32.508
v -7.635933313425735e-15 -33.369696263645196 32.508
v 2.7186828269639 -33.29824918244025 32.508
v 5.425723836683004 -33.084213886195876 32.508
v 8.109531063961116 -32.72850690690989 32.508
v 10.758612034225527 -32.23265143647672 32.508
v 13.361622976067213 -31.59877080414589 32.508
v 15.907417397011667 -30.829579384100164 32.508
v 18.385093814511006 -29.928370972088576 32.508
v 20.78404243776562 -28.89900468088742 32.508
v 23.09399060047751 -27.74588841498677 32.508
v 25.30504674998419 -26.473959995266885 32.508
v 27.40774280440601 -25.088666014490965 32.508
v 29.393074696426137 -23.59593851415892 32.508
v 31.252540930089225 -22.00216958259488 32.508
v 32.978178985512315 -20.314183983043627 32.508
v 34.56259941561728 -18.539209928986736 32.508
v 35.9990174888778 -16.684848131822612 32.508
v 37.28128224258121 -14.759039253453565 32.508
v 38.403902822195334 -12.770029903152276 32.508
v 39.36207199405039 -10.72633732431503 32.508
v 40.15168673065168 -8.636712922317832 32.508
v 40.769365780473244 -6.510104789654949 32.508
v 41.212464146995906 -4.355619388833323 32.508
v 41.47908441498854 -2.1824825571018294 32.508
v 45.75834433258896 0.0 33.282000000000004
v 45.66037220489847 2.4294732179570184 33.282000000000004
v 45.36687535351874 4.84854305861523 33.282000000000004
v 44.879110577025834 7.24685069353458 33.282000000000004
v 44.1991665590757 9.614126201227457 33.282000000000004
v 43.3299549243401 11.94023254453917 33.282000000000004
v 42.27519777048278 14.21520897899732 33.282000000000004
v 41.03941172956581 16.429313706248813 33.282000000000004
v 39.627888627137736 18.57306558993602 33.282000000000004
v 38.04667282182411 20.637284755378225 33.282000000000004
v 36.30253532245597 22.6131318992043 33.282000000000004
v 34.40294479357044 24.49214614060682 33.282000000000004
v 32.35603557344268 26.26628125213258 33.282000000000004
v 30.17057284160049 27.927940114863837 33.282000000000004
v 27.85591508497995 29.470007250447892 33.282000000000004
v 25.421974023447653 30.885879290667695 33.282000000000004
v 22.879172166294484 32.16949325407842 33.282000000000004
v 20.23839818145084 33.31535250862472 33.282000000000004
v 17.5109602685388 34.31855030906312 33.282000000000004
v 14.708537735425356 35.17479080839842 33.282000000000004
v 11.843130985633026 35.88040745336003 33.282000000000004
v 8.927010130769661 36.43237868514599 33.282000000000004
v 5.972662448026821 36.82834087820162 33.282000000000004
v 2.99273890774171 37.06659846162704 33.282000000000004
v 2.8018904960593753e-15 37.14613117987205 33.282000000000004
v -2.992738907741694 37.06659846162704 33.282000000000004
v -5.972662448026806 36.82834087820162 33.282000000000004
v -8.927010130769645 36.43237868514599 33.282000000000004
v -11.843130985633012 35.880407453360036 33.282000000000004
v -14.70853773542534 35.17479080839842 33.282000000000004
v -17.510960268538785 34.31855030906313 33.282000000000004
v -20.238398181450826 33.31535250862472 33.282000000000004
v -22.87917216629447 32.16949325407842 33.282000000000004
v -25.421974023447632 30.885879290667706 33.282000000000004
v -27.855915084979934 29.4700072504479 33.282000000000004
v -30.17057284160047 27.927940114863855 33.282000000000004
v -32.356035573442675 26.26628125213258 33.282000000000004
v -34.402944793570434 24.492146140606824 33.282000000000004
v -36.30253532245596 22.613131899204312 33.282000000000004
v -38.0466728218241 20.637284755378236 33.282000000000004
v -39.62788862713773 18.573065589936036 33.282000000000004
v -41.039411729565806 16.42931370624883 33.282000000000004
v -42.27519777048278 14.215208978997323 33.282000000000004
v -43.32995492434009 11.940232544539176 33.282000000000004
v -44.19916655907569 9.614126201227466 33.282000000000004
v -44.879110577025834 7.2468506935345935 33.282000000000004
v -45.36687535351874 4.848543058615246 33.282000000000004
v -45.66037220489847 2.4294732179570366 33.282000000000004
v -45.75834433258896 4.5490890650138004e-15 33.282000000000004
v -45.66037220489847 -2.429473217957011 33.282000000000004
v -45.36687535351875 -4.848543058615221 33.282000000000004
v -44.87911057702584 -7.246850693534568 33.282000000000004
v -44.19916655907571 -9.614126201227442 33.282000000000004
v -43.32995492434011 -11.940232544539152 33.282000000000004
v -42.275197770482784 -14.215208978997298 33.282000000000004
v -41.03941172956581 -16.429313706248806 33.282000000000004
v -39.62788862713774 -18.573065589936014 33.282000000000004
v -38.046672821824124 -20.637284755378218 33.282000000000004
v -36.302535322455974 -22.61313189920429 33.282000000000004
v -34.402944793570455 -24.492146140606806 33.282000000000004
v -32.356035573442696 -26.26628125213256 33.282000000000004
v -30.170572841600496 -27.927940114863837 33.282000000000004
v -27.855915084979962 -29.470007250447882 33.282000000000004
v -25.421974023447678 -30.885879290667685 33.282000000000004
v -22.879172166294502 -32.16949325407841 33.282000000000004
v -20.238398181450837 -33.31535250862472 33.282000000000004
v -17.510960268538824 -34.31855030906311 33.282000000000004
v -14.708537735425361 -35.17479080839842 33.282000000000004
v -11.843130985633053 -35.88040745336003 33.282000000000004
v -8.927010130769677 -36.432378685145984 33.282000000000004
v -5.972662448026856 -36.828340878201615 33.282000000000004
v -2.9927389077417255 -37.06659846162704 33.282000000000004
v -8.405671488178125e-15 -37.14613117987205 33.282000000000004
v 2.9927389077416686 -37.066598461627045 33.282000000000004
v 5.9726624480268 -36.82834087820162 33.282000000000004
v 8.92701013076962 -36.432378685146 33.282000000000004
v 11.843130985632996 -35.880407453360036 33.282000000000004
v 14.708537735425345 -35.17479080839842 33.282000000000004
v 17.51096026853877 -34.31855030906313 33.282000000000004
v 20.23839818145082 -33.31535250862472 33.282000000000004
v 22.87917216629445 -32.16949325407843 33.282000000000004
v 25.42197402344763 -30.88587929066771 33.282000000000004
v 27.855915084979916 -29.470007250447914 33.282000000000004
v 30.170572841600464 -27.927940114863855 33.282000000000004
v 32.356035573442675 -26.266281252132583 33.282000000000004
v 34.40294479357042 -24.492146140606838 33.282000000000004
v 36.30253532245595 -22.613131899204316 33.282000000000004
v 38.04667282182409 -20.637284755378253 33.282000000000004
v 39.62788862713772 -18.573065589936043 33.282000000000004
v 41.03941172956579 -16.42931370624885 33.282000000000004
v 42.27519777048277 -14.21520897899734 33.282000000000004
v 43.32995492434009 -11.940232544539182 33.282000000000004
v 44.19916655907569 -9.614126201227487 33.282000000000004
v 44.87911057702583 -7.246850693534598 33.282000000000004
v 45.36687535351874 -4.848543058615268 33.282000000000004
v 45.66037220489847 -2.429473217957041 33.282000000000004
v 42.75834433258896 0.0 33.282000000000004
v 42.666795435182664 2.2332638302665893 33.282000000000004
v 42.392540769397314 4.456964481955076 33.282000000000004
v 41.936754735816145 6.661579727486195 33.282000000000004
v 41.301389080208494 8.837669065919894 33.282000000000004
v 40.48916453585478 10.975914148629684 33.282000000000004
v 39.50355917294892 13.067158681902049 33.282000000000004
v 38.34879350496775 15.102447635591808 33.282000000000004
v 37.02981241578442 17.07306558993602 33.282000000000004
v 35.55226398491648 18.970574056319418 33.282000000000004
v 33.92247530158226 20.78684761217814 33.282000000000004
v 32.14742537113351 22.51410869530661 33.282000000000004
v 30.23471522988304 24.144960908572934 33.282000000000004
v 28.192535396300283 25.672420692426904 33.282000000000004
v 26.02963079795379 27.089947229574186 33.282000000000004
v 23.755263324388846 28.39147045376006 33.282000000000004
v 21.379172166294484 29.571417042725102 33.282000000000004
v 18.911532110793836 30.62473428402665 33.282000000000004
v 16.362909971443532 31.546911711529262 33.282000000000004
v 13.74421933951587 32.3340004199131 33.282000000000004
v 11.066673850325465 32.98262997449282 33.282000000000004
v 8.341739164721277 33.490022843936295 33.282000000000004
v 5.5810838713666655 33.854006294080186 33.282000000000004
v 2.79652952005128 34.07302169191123 33.282000000000004
v 2.618193476187272e-15 34.14613117987205 33.282000000000004
v -2.796529520051265 34.07302169191123 33.282000000000004
v -5.581083871366651 33.85400629408019 33.282000000000004
v -8.341739164721261 33.4900228439363 33.282000000000004
v -11.066673850325449 32.98262997449283 33.282000000000004
v -13.744219339515857 32.3340004199131 33.282000000000004
v -16.362909971443518 31.546911711529265 33.282000000000004
v -18.91153211079382 30.624734284026655 33.282000000000004
v -21.37917216629447 29.571417042725106 33.282000000000004
v -23.755263324388824 28.391470453760068 33.282000000000004
v -26.029630797953775 27.089947229574193 33.282000000000004
v -28.192535396300265 25.672420692426922 33.282000000000004
v -30.234715229883033 24.144960908572934 33.282000000000004
v -32.1474253711335 22.514108695306618 33.282000000000004
v -33.92247530158225 20.78684761217815 33.282000000000004
v -35.552263984916465 18.97057405631943 33.282000000000004
v -37.02981241578441 17.073065589936036 33.282000000000004
v -38.34879350496774 15.102447635591824 33.282000000000004
v -39.50355917294892 13.067158681902052 33.282000000000004
v -40.489164535854776 10.975914148629691 33.282000000000004
v -41.30138908020849 8.837669065919904 33.282000000000004
v -41.936754735816145 6.661579727486208 33.282000000000004
v -42.392540769397314 4.45696448195509 33.282000000000004
v -42.666795435182664 2.233263830266606 33.282000000000004
v -42.75834433258896 4.181695025269594e-15 33.282000000000004
v -42.666795435182664 -2.2332638302665826 33.282000000000004
v -42.39254076939732 -4.456964481955067 33.282000000000004
v -41.93675473581615 -6.661579727486184 33.282000000000004
v -41.3013890802085 -8.837669065919881 33.282000000000004
v -40.48916453585479 -10.975914148629668 33.282000000000004
v -39.503559172948925 -13.067158681902031 33.282000000000004
v -38.34879350496775 -15.102447635591803 33.282000000000004
v -37.02981241578443 -17.073065589936014 33.282000000000004
v -35.552263984916486 -18.97057405631941 33.282000000000004
v -33.92247530158227 -20.786847612178132 33.282000000000004
v -32.14742537113352 -22.5141086953066 33.282000000000004
v -30.234715229883054 -24.14496090857292 33.282000000000004
v -28.192535396300286 -25.672420692426904 33.282000000000004
v -26.029630797953796 -27.08994722957418 33.282000000000004
v -23.75526332438887 -28.39147045376005 33.282000000000004
v -21.3791721662945 -29.5714170427251 33.282000000000004
v -18.911532110793832 -30.62473428402665 33.282000000000004
v -16.362909971443553 -31.546911711529255 33.282000000000004
v -13.744219339515874 -32.3340004199131 33.282000000000004
v -11.066673850325488 -32.98262997449282 33.282000000000004
v -8.341739164721291 -33.490022843936295 33.282000000000004
v -5.581083871366698 -33.854006294080186 33.282000000000004
v -2.796529520051295 -34.07302169191123 33.282000000000004
v -7.854580428561816e-15 -34.14613117987205 33.282000000000004
v 2.7965295200512412 -34.07302169191123 33.282000000000004
v 5.581083871366647 -33.85400629408019 33.282000000000004
v 8.341739164721238 -33.49002284393631 33.282000000000004
v 11.066673850325435 -32.98262997449283 33.282000000000004
v 13.74421933951586 -32.3340004199131 33.282000000000004
v 16.362909971443504 -31.54691171152927 33.282000000000004
v 18.911532110793818 -30.624734284026655 33.282000000000004
v 21.379172166294452 -29.571417042725116 33.282000000000004
v 23.75526332438882 -28.39147045376007 33.282000000000004
v 26.029630797953754 -27.089947229574204 33.282000000000004
v 28.192535396300258 -25.672420692426922 33.282000000000004
v 30.23471522988303 -24.14496090857294 33.282000000000004
v 32.14742537113349 -22.514108695306632 33.282000000000004
v 33.922475301582246 -20.786847612178153 33.282000000000004
v 35.55226398491645 -18.970574056319446 33.282000000000004
v 37.029812415784406 -17.07306558993604 33.282000000000004
v 38.34879350496772 -15.10244763559184 33.282000000000004
v 39.503559172948904 -13.06715868190207 33.282000000000004
v 40.489164535854776 -10.975914148629695 33.282000000000004
v 41.30138908020849 -8.837669065919922 33.282000000000004
v 41.93675473581614 -6.661579727486211 33.282000000000004
v 42.39254076939731 -4.45696448195511 33.282000000000004
v 42.666795435182664 -2.23326383026661 33.282000000000004
v 46.982685647864486 0.0 34.056000000000004
v 46.882092111435846 2.4814360527777417 34.056000000000004
v 46.58074225911631 4.952246215420496 34.056000000000004
v 46.0799265172376 7.401850099486149 34.056000000000004
v 45.38178945569305 9.819758125073102 34.056000000000004
v 44.48932060456016 12.195616438811797 34.056000000000004
v 43.406341652473785 14.519251250654406 34.056000000000004
v 42.137490081568714 16.780712399605704 34.056000000000004
v 40.6881993090692 18.970315961840054 34.056000000000004
v 39.06467542056224 21.07868571874992 34.056000000000004
v 37.27387059458637 23.09679330735339 34.056000000000004
v 35.323453332335745 25.015996881130558 34.056000000000004
v 33.22177561996086 26.828078115737018 34.056000000000004
v 30.97783716408152 28.525277401130396 34.056000000000004
v 28.601246853661493 30.10032706941189 34.056000000000004
v 26.1021816132708 31.54648251609587 34.056000000000004
v 23.491342823932246 32.857551081541835 34.056000000000004
v 20.779910498165062 34.027918568873616 34.056000000000004
v 17.979495405454827 35.052573284832384 34.056000000000004
v 15.102089353156089 35.92712750061655 34.056000000000004
v 12.160013835732203 36.647836240810115 34.056000000000004
v 9.165867272224414 37.21161331994236 34.056000000000004
v 6.132471057887424 37.61604455800779 34.056000000000004
v 3.0728146610064786 37.85939811835563 34.056000000000004
v 2.8768597797001765e-15 37.940631923680115 34.056000000000004
v -3.072814661006462 37.85939811835563 34.056000000000004
v -6.132471057887409 37.6160445580078 34.056000000000004
v -9.165867272224396 37.21161331994236 34.056000000000004
v -12.160013835732187 36.64783624081012 34.056000000000004
v -15.102089353156074 35.92712750061655 34.056000000000004
v -17.97949540545481 35.05257328483239 34.056000000000004
v -20.779910498165044 34.02791856887362 34.056000000000004
v -23.491342823932232 32.857551081541835 34.056000000000004
v -26.10218161327078 31.54648251609588 34.056000000000004
v -28.60124685366148 30.1003270694119 34.056000000000004
v -30.9778371640815 28.525277401130413 34.056000000000004
v -33.22177561996086 26.828078115737018 34.056000000000004
v -35.323453332335745 25.01599688113056 34.056000000000004
v -37.273870594586356 23.0967933073534 34.056000000000004
v -39.06467542056223 21.07868571874993 34.056000000000004
v -40.688199309069184 18.970315961840072 34.056000000000004
v -42.1374900815687 16.780712399605722 34.056000000000004
v -43.406341652473785 14.51925125065441 34.056000000000004
v -44.489320604560156 12.195616438811806 34.056000000000004
v -45.381789455693045 9.819758125073113 34.056000000000004
v -46.0799265172376 7.401850099486163 34.056000000000004
v -46.58074225911631 4.952246215420511 34.056000000000004
v -46.882092111435846 2.481436052777761 34.056000000000004
v -46.982685647864486 4.6463873442962736e-15 34.056000000000004
v -46.882092111435846 -2.4814360527777346 34.056000000000004
v -46.58074225911632 -4.9522462154204865 34.056000000000004
v -46.0799265172376 -7.401850099486136 34.056000000000004
v -45.38178945569306 -9.819758125073088 34.056000000000004
v -44.48932060456016 -12.195616438811781 34.056000000000004
v -43.40634165247379 -14.519251250654385 34.056000000000004
v -42.137490081568714 -16.780712399605697 34.056000000000004
v -40.6881993090692 -18.970315961840047 34.056000000000004
v -39.06467542056225 -21.07868571874991 34.056000000000004
v -37.27387059458638 -23.09679330735338 34.056000000000004
v -35.32345333233577 -25.015996881130548 34.056000000000004
v -33.22177561996088 -26.828078115737 34.056000000000004
v -30.977837164081524 -28.525277401130396 34.056000000000004
v -28.601246853661504 -30.100327069411883 34.056000000000004
v -26.102181613270826 -31.54648251609586 34.056000000000004
v -23.491342823932264 -32.85755108154183 34.056000000000004
v -20.779910498165055 -34.027918568873616 34.056000000000004
v -17.97949540545485 -35.05257328483238 34.056000000000004
v -15.102089353156094 -35.92712750061655 34.056000000000004
v -12.16001383573223 -36.64783624081011 34.056000000000004
v -9.165867272224428 -37.21161331994235 34.056000000000004
v -6.132471057887461 -37.61604455800779 34.056000000000004
v -3.0728146610064946 -37.85939811835563 34.056000000000004
v -8.63057933910053e-15 -37.940631923680115 34.056000000000004
v 3.072814661006436 -37.85939811835563 34.056000000000004
v 6.132471057887404 -37.6160445580078 34.056000000000004
v 9.16586727222437 -37.211613319942366 34.056000000000004
v 12.16001383573217 -36.64783624081012 34.056000000000004
v 15.10208935315608 -35.92712750061655 34.056000000000004
v 17.979495405454795 -35.0525732848324 34.056000000000004
v 20.77991049816504 -34.02791856887362 34.056000000000004
v 23.49134282393221 -32.85755108154185 34.056000000000004
v 26.102181613270776 -31.546482516095885 34.056000000000004
v 28.601246853661458 -30.10032706941191 34.056000000000004
v 30.977837164081496 -28.525277401130413 34.056000000000004
v 33.22177561996085 -26.82807811573702 34.056000000000004
v 35.32345333233573 -25.01599688113058 34.056000000000004
v 37.273870594586356 -23.096793307353405 34.056000000000004
v 39.06467542056222 -21.07868571874995 34.056000000000004
v 40.68819930906918 -18.970315961840075 34.056000000000004
v 42.137490081568686 -16.78071239960574 34.056000000000004
v 43.40634165247377 -14.51925125065443 34.056000000000004
v 44.489320604560156 -12.19561643881181 34.056000000000004
v 45.381789455693045 -9.819758125073134 34.056000000000004
v 46.079926517237595 -7.401850099486167 34.056000000000004
v 46.58074225911631 -4.952246215420534 34.056000000000004
v 46.882092111435846 -2.4814360527777652 34.056000000000004
v 43.982685647864486 0.0 34.056000000000004
v 43.88851534172004 2.2852266650873125 34.056000000000004
v 43.606407674994884 4.560667638760341 34.056000000000004
v 43.137570676027906 6.816579133437764 34.056000000000004
v 42.48401197682585 9.04330098976554 34.056000000000004
v 41.648530216074846 11.231298042902312 34.056000000000004
v 40.63470305493992 13.371200953559136 34.056000000000004
v 39.446871856970645 15.4538463289487 34.056000000000004
v 38.09012309771588 17.470315961840054 34.056000000000004
v 36.57026658365461 19.411975019691113 34.056000000000004
v 34.89381057371266 21.27050902032723 34.056000000000004
v 33.06793390989882 23.037959435830352 34.056000000000004
v 31.10045527640122 24.706757772177372 34.056000000000004
v 28.999799718781315 26.269757978693466 34.056000000000004
v 26.774962566635335 27.720267048538187 34.056000000000004
v 24.435470914211994 29.052073679188236 34.056000000000004
v 21.991342823932246 30.259474870188516 34.056000000000004
v 19.453044427508058 31.33730034427555 34.056000000000004
v 16.831445108359556 32.280934687298526 34.056000000000004
v 14.137770957246603 33.08633711213123 34.056000000000004
v 11.38355670042464 33.75005876194291 34.056000000000004
v 8.580596306176028 34.26925747873267 34.056000000000004
v 5.740892481227269 34.641709973886364 34.056000000000004
v 2.8766052733160485 34.86582134863981 34.056000000000004
v 2.6931627598280737e-15 34.940631923680115 34.056000000000004
v -2.8766052733160334 34.86582134863981 34.056000000000004
v -5.740892481227255 34.64170997388637 34.056000000000004
v -8.580596306176012 34.26925747873267 34.056000000000004
v -11.383556700424625 33.75005876194292 34.056000000000004
v -14.13777095724659 33.08633711213123 34.056000000000004
v -16.831445108359542 32.28093468729853 34.056000000000004
v -19.453044427508043 31.337300344275555 34.056000000000004
v -21.991342823932232 30.259474870188523 34.056000000000004
v -24.435470914211976 29.052073679188243 34.056000000000004
v -26.774962566635317 27.720267048538194 34.056000000000004
v -28.999799718781293 26.26975797869348 34.056000000000004
v -31.100455276401213 24.706757772177372 34.056000000000004
v -33.06793390989881 23.037959435830356 34.056000000000004
v -34.893810573712656 21.27050902032724 34.056000000000004
v -36.57026658365459 19.411975019691123 34.056000000000004
v -38.09012309771587 17.47031596184007 34.056000000000004
v -39.44687185697064 15.453846328948716 34.056000000000004
v -40.63470305493992 13.371200953559141 34.056000000000004
v -41.64853021607484 11.23129804290232 34.056000000000004
v -42.48401197682585 9.04330098976555 34.056000000000004
v -43.137570676027906 6.816579133437777 34.056000000000004
v -43.606407674994884 4.560667638760355 34.056000000000004
v -43.88851534172004 2.2852266650873303 34.056000000000004
v -43.982685647864486 4.278993304552068e-15 34.056000000000004
v -43.88851534172004 -2.285226665087306 34.056000000000004
v -43.60640767499489 -4.560667638760332 34.056000000000004
v -43.13757067602791 -6.816579133437752 34.056000000000004
v -42.484011976825855 -9.043300989765527 34.056000000000004
v -41.648530216074846 -11.231298042902297 34.056000000000004
v -40.63470305493993 -13.371200953559116 34.056000000000004
v -39.446871856970645 -15.453846328948694 34.056000000000004
v -38.09012309771588 -17.470315961840047 34.056000000000004
v -36.570266583654615 -19.411975019691106 34.056000000000004
v -34.89381057371267 -21.270509020327218 34.056000000000004
v -33.067933909898834 -23.03795943583034 34.056000000000004
v -31.100455276401235 -24.706757772177358 34.056000000000004
v -28.99979971878132 -26.269757978693466 34.056000000000004
v -26.77496256663534 -27.720267048538176 34.056000000000004
v -24.43547091421202 -29.052073679188226 34.056000000000004
v -21.99134282393226 -30.259474870188512 34.056000000000004
v -19.453044427508054 -31.33730034427555 34.056000000000004
v -16.831445108359578 -32.28093468729852 34.056000000000004
v -14.137770957246609 -33.08633711213123 34.056000000000004
v -11.383556700424664 -33.7500587619429 34.056000000000004
v -8.580596306176043 -34.26925747873266 34.056000000000004
v -5.740892481227304 -34.641709973886364 34.056000000000004
v -2.876605273316064 -34.86582134863981 34.056000000000004
v -8.07948827948422e-15 -34.940631923680115 34.056000000000004
v 2.876605273316009 -34.86582134863982 34.056000000000004
v 5.74089248122725 -34.64170997388637 34.056000000000004
v 8.580596306175988 -34.269257478732676 34.056000000000004
v 11.383556700424611 -33.75005876194292 34.056000000000004
v 14.137770957246595 -33.08633711213123 34.056000000000004
v 16.831445108359528 -32.28093468729853 34.056000000000004
v 19.453044427508036 -31.337300344275555 34.056000000000004
v 21.991342823932214 -30.259474870188534 34.056000000000004
v 24.43547091421197 -29.052073679188247 34.056000000000004
v 26.7749625666353 -27.720267048538204 34.056000000000004
v 28.99979971878129 -26.26975797869348 34.056000000000004
v 31.10045527640121 -24.70675777217738 34.056000000000004
v 33.0679339098988 -23.03795943583037 34.056000000000004
v 34.89381057371265 -21.270509020327243 34.056000000000004
v 36.57026658365458 -19.41197501969114 34.056000000000004
v 38.09012309771586 -17.470315961840072 34.056000000000004
v 39.446871856970624 -15.453846328948734 34.056000000000004
v 40.63470305493991 -13.371200953559157 34.056000000000004
v 41.64853021607484 -11.231298042902324 34.056000000000004
v 42.48401197682584 -9.04330098976557 34.056000000000004
v 43.137570676027906 -6.816579133437781 34.056000000000004
v 43.60640767499488 -4.560667638760376 34.056000000000004
v 43.88851534172004 -2.2852266650873343 34.056000000000004
v 48.242084720396235 0.0 34.830000000000005
v 48.138794713880074 2.5346079414352816 34.830000000000005
v 47.829366997996864 5.058362302545246 34.830000000000005
v 47.31512658973022 7.560455979701804 34.830000000000005
v 46.59827554545597 10.03017462365096 34.830000000000005
v 45.68188353139867 12.45694252000122 34.830000000000005
v 44.569874678849565 14.830367876056231 34.830000000000005
v 43.267010780433985 17.140287320066466 34.830000000000005
v 41.77887089938425 19.376809422347396 34.830000000000005
v 40.1118274791344 21.530357051899937 34.830000000000005
v 38.273019055539116 23.591708387155688 34.830000000000005
v 36.27031968856722 25.55203640523268 34.830000000000005
v 34.11230524436811 27.402946680602472 34.830000000000005
v 31.808216672096236 29.136513331309004 34.830000000000005
v 29.367920432748182 30.745312958811976 34.830000000000005
v 26.801866249461938 32.22245643611899 34.830000000000005
v 24.121042360198125 33.56161840808504 34.830000000000005
v 21.336928464418154 34.75706437755427 34.830000000000005
v 18.461446565248686 35.80367526135722 34.830000000000005
v 15.506909917633992 36.69696931101081 34.830000000000005
v 12.485970301087871 37.433121304253426 34.830000000000005
v 9.411563842831447 38.008978925233905 34.830000000000005
v 6.296855623310458 38.42207626321192 34.830000000000005
v 3.155183301299595 38.670644371966404 34.830000000000005
v 2.9539757318514344e-15 38.7536188446948 34.830000000000005
v -3.1551833012995782 38.670644371966404 34.830000000000005
v -6.296855623310442 38.42207626321193 34.830000000000005
v -9.411563842831429 38.008978925233905 34.830000000000005
v -12.485970301087855 37.43312130425343 34.830000000000005
v -15.506909917633976 36.69696931101081 34.830000000000005
v -18.46144656524867 35.80367526135723 34.830000000000005
v -21.33692846441814 34.75706437755428 34.830000000000005
v -24.121042360198107 33.561618408085046 34.830000000000005
v -26.801866249461916 32.222456436118996 34.830000000000005
v -29.367920432748164 30.745312958811986 34.830000000000005
v -31.808216672096215 29.136513331309022 34.830000000000005
v -34.11230524436811 27.402946680602472 34.830000000000005
v -36.27031968856722 25.552036405232684 34.830000000000005
v -38.27301905553911 23.591708387155702 34.830000000000005
v -40.11182747913439 21.530357051899948 34.830000000000005
v -41.77887089938424 19.376809422347414 34.830000000000005
v -43.26701078043398 17.140287320066484 34.830000000000005
v -44.569874678849565 14.830367876056235 34.830000000000005
v -45.68188353139866 12.45694252000123 34.830000000000005
v -46.59827554545596 10.030174623650971 34.830000000000005
v -47.31512658973022 7.5604559797018185 34.830000000000005
v -47.829366997996864 5.058362302545262 34.830000000000005
v -48.138794713880074 2.5346079414353007 34.830000000000005
v -48.242084720396235 4.7459495273532035e-15 34.830000000000005
v -48.138794713880074 -2.534607941435274 34.830000000000005
v -47.829366997996864 -5.058362302545237 34.830000000000005
v -47.31512658973023 -7.560455979701791 34.830000000000005
v -46.59827554545598 -10.030174623650947 34.830000000000005
v -45.681883531398675 -12.456942520001203 34.830000000000005
v -44.56987467884957 -14.83036787605621 34.830000000000005
v -43.267010780433985 -17.14028732006646 34.830000000000005
v -41.77887089938426 -19.37680942234739 34.830000000000005
v -40.11182747913441 -21.530357051899927 34.830000000000005
v -38.27301905553912 -23.59170838715568 34.830000000000005
v -36.27031968856724 -25.552036405232666 34.830000000000005
v -34.11230524436813 -27.402946680602454 34.830000000000005
v -31.808216672096243 -29.136513331309004 34.830000000000005
v -29.367920432748193 -30.74531295881197 34.830000000000005
v -26.801866249461963 -32.222456436118975 34.830000000000005
v -24.12104236019814 -33.56161840808504 34.830000000000005
v -21.33692846441815 -34.75706437755427 34.830000000000005
v -18.46144656524871 -35.80367526135721 34.830000000000005
v -15.506909917633998 -36.69696931101081 34.830000000000005
v -12.485970301087898 -37.433121304253426 34.830000000000005
v -9.411563842831463 -38.0089789252339 34.830000000000005
v -6.296855623310496 -38.42207626321191 34.830000000000005
v -3.1551833012996116 -38.670644371966404 34.830000000000005
v -8.861927195554302e-15 -38.7536188446948 34.830000000000005
v 3.1551833012995516 -38.67064437196641 34.830000000000005
v 6.296855623310437 -38.42207626321193 34.830000000000005
v 9.411563842831402 -38.00897892523391 34.830000000000005
v 12.48597030108784 -37.43312130425344 34.830000000000005
v 15.506909917633982 -36.69696931101081 34.830000000000005
v 18.461446565248654 -35.803675261357235 34.830000000000005
v 21.336928464418133 -34.75706437755428 34.830000000000005
v 24.121042360198086 -33.56161840808506 34.830000000000005
v 26.80186624946191 -32.222456436119 34.830000000000005
v 29.367920432748143 -30.745312958811997 34.830000000000005
v 31.80821667209621 -29.136513331309022 34.830000000000005
v 34.1123052443681 -27.402946680602476 34.830000000000005
v 36.2703196885672 -25.552036405232702 34.830000000000005
v 38.2730190555391 -23.591708387155705 34.830000000000005
v 40.11182747913437 -21.530357051899966 34.830000000000005
v 41.77887089938424 -19.376809422347417 34.830000000000005
v 43.267010780433964 -17.140287320066502 34.830000000000005
v 44.56987467884955 -14.830367876056254 34.830000000000005
v 45.68188353139866 -12.456942520001233 34.830000000000005
v 46.59827554545596 -10.030174623650993 34.830000000000005
v 47.31512658973021 -7.560455979701823 34.830000000000005
v 47.82936699799686 -5.058362302545285 34.830000000000005
v 48.138794713880074 -2.534607941435305 34.830000000000005
v 45.242084720396235 0.0 34.830000000000005
v 45.145217944164266 2.3383985537448524 34.830000000000005
v 44.85503241387543 4.666783725885091 34.830000000000005
v 44.37277074852053 6.9751850136534195 34.830000000000005
v 43.700498066588764 9.2537174883434 34.830000000000005
v 42.84109314291335 11.492624124091735 34.830000000000005
v 41.7982360813157 13.682317578960962 34.830000000000005
v 40.57639255583592 15.813421249409464 34.830000000000005
v 39.180794688030936 17.876809422347396 34.830000000000005
v 37.61741864222677 19.86364635284113 34.830000000000005
v 35.89295903466541 21.765424100129525 34.830000000000005
v 34.01480026613029 23.573998959932474 34.830000000000005
v 31.990984900808467 25.28162633704283 34.830000000000005
v 29.83017922679603 26.88099390887207 34.830000000000005
v 27.54163614572202 28.365252937938273 34.830000000000005
v 25.13515555040313 29.728047599211354 34.830000000000005
v 22.62104236019812 30.963542196731726 34.830000000000005
v 20.01006239376115 32.06644615295621 34.830000000000005
v 17.31339626815342 33.03203666382336 34.830000000000005
v 14.542591521724507 33.856178922525494 34.830000000000005
v 11.709513165780308 34.53534382538622 34.830000000000005
v 8.82629287678306 35.066623084024215 34.830000000000005
v 5.905277046650304 35.44774167909049 34.830000000000005
v 2.958973913609165 35.677067602250595 34.830000000000005
v 2.7702787119793313e-15 35.7536188446948 34.830000000000005
v -2.9589739136091495 35.677067602250595 34.830000000000005
v -5.905277046650289 35.44774167909049 34.830000000000005
v -8.826292876783045 35.066623084024215 34.830000000000005
v -11.709513165780292 34.53534382538623 34.830000000000005
v -14.542591521724493 33.856178922525494 34.830000000000005
v -17.3133962681534 33.03203666382337 34.830000000000005
v -20.010062393761135 32.06644615295622 34.830000000000005
v -22.621042360198107 30.96354219673173 34.830000000000005
v -25.13515555040311 29.728047599211365 34.830000000000005
v -27.541636145722002 28.36525293793828 34.830000000000005
v -29.830179226796012 26.88099390887209 34.830000000000005
v -31.990984900808463 25.28162633704283 34.830000000000005
v -34.01480026613029 23.573998959932478 34.830000000000005
v -35.8929590346654 21.765424100129536 34.830000000000005
v -37.61741864222675 19.86364635284114 34.830000000000005
v -39.18079468803092 17.87680942234741 34.830000000000005
v -40.57639255583591 15.81342124940948 34.830000000000005
v -41.7982360813157 13.682317578960966 34.830000000000005
v -42.841093142913344 11.492624124091744 34.830000000000005
v -43.70049806658876 9.253717488343408 34.830000000000005
v -44.37277074852053 6.975185013653433 34.830000000000005
v -44.85503241387543 4.666783725885106 34.830000000000005
v -45.145217944164266 2.33839855374487 34.830000000000005
v -45.242084720396235 4.378555487608997e-15 34.830000000000005
v -45.145217944164266 -2.3383985537448453 34.830000000000005
v -44.855032413875435 -4.666783725885082 34.830000000000005
v -44.37277074852054 -6.975185013653408 34.830000000000005
v -43.70049806658877 -9.253717488343385 34.830000000000005
v -42.84109314291335 -11.492624124091721 34.830000000000005
v -41.798236081315714 -13.68231757896094 34.830000000000005
v -40.57639255583592 -15.813421249409457 34.830000000000005
v -39.18079468803094 -17.87680942234739 34.830000000000005
v -37.617418642226774 -19.863646352841123 34.830000000000005
v -35.89295903466542 -21.76542410012952 34.830000000000005
v -34.01480026613031 -23.573998959932464 34.830000000000005
v -31.990984900808485 -25.281626337042812 34.830000000000005
v -29.830179226796037 -26.88099390887207 34.830000000000005
v -27.541636145722027 -28.365252937938262 34.830000000000005
v -25.135155550403155 -29.728047599211344 34.830000000000005
v -22.62104236019814 -30.963542196731723 34.830000000000005
v -20.010062393761146 -32.06644615295621 34.830000000000005
v -17.31339626815344 -33.032036663823355 34.830000000000005
v -14.542591521724512 -33.856178922525494 34.830000000000005
v -11.709513165780333 -34.53534382538622 34.830000000000005
v -8.826292876783075 -35.06662308402421 34.830000000000005
v -5.905277046650339 -35.447741679090484 34.830000000000005
v -2.958973913609181 -35.677067602250595 34.830000000000005
v -8.310836135937993e-15 -35.7536188446948 34.830000000000005
v 2.958973913609124 -35.677067602250595 34.830000000000005
v 5.9052770466502835 -35.44774167909049 34.830000000000005
v 8.82629287678302 -35.06662308402422 34.830000000000005
v 11.709513165780278 -34.535343825386235 34.830000000000005
v 14.542591521724498 -33.856178922525494 34.830000000000005
v 17.313396268153387 -33.03203666382337 34.830000000000005
v 20.01006239376113 -32.06644615295622 34.830000000000005
v 22.62104236019809 -30.96354219673174 34.830000000000005
v 25.135155550403105 -29.72804759921137 34.830000000000005
v 27.541636145721984 -28.36525293793829 34.830000000000005
v 29.830179226796005 -26.88099390887209 34.830000000000005
v 31.990984900808456 -25.281626337042834 34.830000000000005
v 34.01480026613027 -23.573998959932492 34.830000000000005
v 35.892959034665395 -21.765424100129543 34.830000000000005
v 37.61741864222674 -19.863646352841158 34.830000000000005
v 39.18079468803092 -17.876809422347414 34.830000000000005
v 40.576392555835895 -15.813421249409497 34.830000000000005
v 41.79823608131569 -13.682317578960983 34.830000000000005
v 42.841093142913344 -11.492624124091748 34.830000000000005
v 43.70049806658876 -9.253717488343428 34.830000000000005
v 44.37277074852052 -6.975185013653436 34.830000000000005
v 44.85503241387543 -4.666783725885128 34.830000000000005
v 45.145217944164266 -2.338398553744874 34.830000000000005
v 49.53754539309021 0.0 35.604
v 49.43148170583244 2.589017015789366 35.604
v 49.113744825051164 5.166947463243998 35.604
v 48.58569534884974 7.722752248416814 35.604
v 47.849594466152894 10.245487022843415 35.604
v 46.908594273948594 12.724349048922415 35.604
v 45.76672427952483 15.14872345889633 35.604
v 44.428874145500814 17.50822870934491 35.604
v 42.90077275154091 19.7927610365479 35.604
v 41.188963662412455 21.992537722352445 35.604
v 39.300777107436815 24.098138985274055 35.604
v 37.24429859132205 26.100548317447124 35.604
v 35.02833427079051 27.991191094695807 35.604
v 32.66237324526373 29.76197129439116 35.604
v 30.156546923081965 31.40530616386298 35.604
v 27.521585637258262 32.91415869091082 35.604
v 24.768772696545113 34.2820677373706 35.604
v 21.9098960685742 35.50317570670018 35.604
v 18.957197901969206 36.57225362710698 35.604
v 15.923322103586019 37.48472354280798 35.604
v 12.821260195362395 38.23667811753922 35.604
v 9.664295682626545 38.82489736636954 35.604
v 6.46594717208803 39.24686244417038 35.604
v 3.2399104830883676 39.50076643169736 35.604
v 3.033299820163232e-15 39.58552207309581 35.604
v -3.2399104830883503 39.50076643169736 35.604
v -6.465947172088014 39.24686244417039 35.604
v -9.664295682626527 38.82489736636955 35.604
v -12.82126019536238 38.23667811753922 35.604
v -15.923322103586003 37.48472354280798 35.604
v -18.957197901969188 36.57225362710698 35.604
v -21.909896068574184 35.50317570670019 35.604
v -24.768772696545096 34.28206773737061 35.604
v -27.521585637258237 32.914158690910824 35.604
v -30.156546923081947 31.40530616386299 35.604
v -32.66237324526371 29.761971294391177 35.604
v -35.0283342707905 27.991191094695807 35.604
v -37.24429859132204 26.100548317447128 35.604
v -39.3007771074368 24.09813898527407 35.604
v -41.18896366241244 21.99253772235246 35.604
v -42.9007727515409 19.79276103654792 35.604
v -44.42887414550081 17.508228709344927 35.604
v -45.76672427952483 15.148723458896333 35.604
v -46.90859427394859 12.724349048922424 35.604
v -47.84959446615289 10.245487022843426 35.604
v -48.58569534884974 7.722752248416828 35.604
v -49.113744825051164 5.166947463244014 35.604
v -49.43148170583244 2.5890170157893855 35.604
v -49.53754539309021 4.847828289939368e-15 35.604
v -49.43148170583244 -2.5890170157893584 35.604
v -49.11374482505117 -5.1669474632439885 35.604
v -48.58569534884975 -7.722752248416801 35.604
v -47.8495944661529 -10.245487022843399 35.604
v -46.908594273948594 -12.724349048922397 35.604
v -45.766724279524844 -15.148723458896306 35.604
v -44.428874145500814 -17.508228709344902 35.604
v -42.90077275154092 -19.792761036547894 35.604
v -41.18896366241247 -21.992537722352434 35.604
v -39.30077710743682 -24.098138985274048 35.604
v -37.244298591322064 -26.10054831744711 35.604
v -35.02833427079052 -27.99119109469579 35.604
v -32.66237324526374 -29.76197129439116 35.604
v -30.156546923081976 -31.40530616386297 35.604
v -27.521585637258287 -32.9141586909108 35.604
v -24.768772696545128 -34.2820677373706 35.604
v -21.909896068574195 -35.50317570670018 35.604
v -18.95719790196923 -36.57225362710697 35.604
v -15.923322103586024 -37.48472354280798 35.604
v -12.821260195362422 -38.23667811753921 35.604
v -9.66429568262656 -38.824897366369534 35.604
v -6.465947172088069 -39.24686244417038 35.604
v -3.239910483088385 -39.50076643169736 35.604
v -9.099899460489696e-15 -39.58552207309581 35.604
v 3.2399104830883227 -39.50076643169736 35.604
v 6.465947172088009 -39.24686244417039 35.604
v 9.664295682626499 -38.82489736636955 35.604
v 12.821260195362362 -38.23667811753923 35.604
v 15.923322103586008 -37.48472354280798 35.604
v 18.957197901969174 -36.57225362710699 35.604
v 21.909896068574177 -35.50317570670019 35.604
v 24.768772696545074 -34.282067737370625 35.604
v 27.521585637258234 -32.91415869091083 35.604
v 30.156546923081926 -31.405306163863003 35.604
v 32.6623732452637 -29.761971294391177 35.604
v 35.028334270790495 -27.99119109469581 35.604
v 37.24429859132203 -26.100548317447146 35.604
v 39.300777107436794 -24.098138985274073 35.604
v 41.18896366241243 -21.992537722352473 35.604
v 42.9007727515409 -19.792761036547923 35.604
v 44.428874145500785 -17.508228709344944 35.604
v 45.76672427952482 -15.148723458896352 35.604
v 46.90859427394859 -12.724349048922429 35.604
v 47.84959446615288 -10.245487022843447 35.604
v 48.58569534884973 -7.722752248416833 35.604
v 49.11374482505116 -5.166947463244037 35.604
v 49.43148170583244 -2.58901701578939 35.604
v 46.53754539309021 0.0 35.604
v 46.43790493611663 2.3928076280989368 35.604
v 46.139410240929735 4.775368886583843 35.604
v 45.64333950764005 7.137481282368429 35.604
v 44.95181698728569 9.469029887535852 35.604
v 44.06780388546328 11.760030653012931 35.604
v 42.99508568199097 14.000673161801059 35.604
v 41.73825592090275 16.181362638687904 35.604
v 40.3026965401876 18.2927610365479 35.604
v 38.69455482550482 20.325827023293638 35.604
v 36.92071708656311 22.271854698247893 35.604
v 34.98877916888512 24.12251087214692 35.604
v 32.907013927230864 25.869870751136165 35.604
v 30.684335799963524 27.506451871954226 35.604
v 28.330262636055803 29.025246142989275 35.604
v 25.854874938199455 30.41974985400318 35.604
v 23.26877269654511 31.68399152601729 35.604
v 20.583029997917198 32.81255748210212 35.604
v 17.809147604873935 33.800615029573116 35.604
v 14.959003707676533 34.64393315432266 35.604
v 12.044803060054832 35.338900638672015 35.604
v 9.079024716578159 35.88254152515985 35.604
v 6.074368595427875 36.27252786004895 35.604
v 3.0437010953979375 36.50718966198154 35.604
v 2.849602800291129e-15 36.58552207309581 35.604
v -3.0437010953979216 36.50718966198154 35.604
v -6.07436859542786 36.27252786004896 35.604
v -9.079024716578143 35.88254152515985 35.604
v -12.044803060054816 35.338900638672015 35.604
v -14.95900370767652 34.64393315432266 35.604
v -17.80914760487392 33.80061502957312 35.604
v -20.58302999791718 32.81255748210212 35.604
v -23.268772696545096 31.683991526017294 35.604
v -25.854874938199433 30.41974985400319 35.604
v -28.330262636055785 29.025246142989282 35.604
v -30.684335799963506 27.506451871954244 35.604
v -32.907013927230864 25.869870751136165 35.604
v -34.98877916888511 24.122510872146922 35.604
v -36.920717086563094 22.271854698247907 35.604
v -38.69455482550481 20.32582702329365 35.604
v -40.30269654018759 18.292761036547915 35.604
v -41.73825592090274 16.181362638687922 35.604
v -42.99508568199097 14.000673161801064 35.604
v -44.06780388546327 11.760030653012938 35.604
v -44.95181698728568 9.469029887535862 35.604
v -45.64333950764005 7.137481282368443 35.604
v -46.139410240929735 4.775368886583858 35.604
v -46.43790493611663 2.392807628098955 35.604
v -46.53754539309021 4.480434250195162e-15 35.604
v -46.43790493611663 -2.3928076280989297 35.604
v -46.13941024092974 -4.775368886583834 35.604
v -45.64333950764006 -7.137481282368417 35.604
v -44.951816987285696 -9.469029887535838 35.604
v -44.06780388546328 -11.760030653012915 35.604
v -42.99508568199098 -14.00067316180104 35.604
v -41.73825592090275 -16.181362638687897 35.604
v -40.302696540187604 -18.292761036547894 35.604
v -38.69455482550483 -20.32582702329363 35.604
v -36.920717086563116 -22.271854698247886 35.604
v -34.98877916888513 -24.122510872146904 35.604
v -32.90701392723088 -25.869870751136148 35.604
v -30.68433579996353 -27.506451871954226 35.604
v -28.330262636055814 -29.025246142989268 35.604
v -25.85487493819948 -30.419749854003168 35.604
v -23.268772696545128 -31.683991526017284 35.604
v -20.58302999791719 -32.81255748210212 35.604
v -17.80914760487396 -33.80061502957311 35.604
v -14.959003707676539 -34.64393315432266 35.604
v -12.044803060054859 -35.33890063867201 35.604
v -9.079024716578175 -35.882541525159844 35.604
v -6.074368595427911 -36.27252786004895 35.604
v -3.043701095397954 -36.50718966198154 35.604
v -8.548808400873386e-15 -36.58552207309581 35.604
v 3.043701095397896 -36.50718966198155 35.604
v 6.074368595427854 -36.27252786004896 35.604
v 9.079024716578116 -35.88254152515986 35.604
v 12.044803060054802 -35.33890063867202 35.604
v 14.959003707676523 -34.64393315432266 35.604
v 17.809147604873907 -33.80061502957312 35.604
v 20.583029997917176 -32.81255748210212 35.604
v 23.268772696545074 -31.683991526017305 35.604
v 25.854874938199426 -30.419749854003193 35.604
v 28.330262636055767 -29.025246142989296 35.604
v 30.6843357999635 -27.506451871954244 35.604
v 32.90701392723086 -25.86987075113617 35.604
v 34.988779168885095 -24.122510872146936 35.604
v 36.920717086563094 -22.27185469824791 35.604
v 38.694554825504795 -20.325827023293666 35.604
v 40.30269654018758 -18.292761036547923 35.604
v 41.73825592090272 -16.18136263868794 35.604
v 42.995085681990965 -14.000673161801082 35.604
v 44.06780388546327 -11.760030653012944 35.604
v 44.951816987285675 -9.469029887535882 35.604
v 45.64333950764004 -7.137481282368447 35.604
v 46.13941024092973 -4.7753688865838795 35.604
v 46.43790493611663 -2.392807628098959 35.604
v 50.87010025286395 0.0 36.378
v 50.761183463362634 2.6446920622624153 36.378
v 50.43489949327253 5.27805914709371 36.378
v 49.89264554064561 7.888824772354769 36.378
v 49.13674362015535 10.465809238826193 36.378
v 48.17043061987347 12.997977503396696 36.378
v 46.997844440418234 15.474486432811847 36.378
v 45.62400627582879 17.884731235635318 36.378
v 44.05479911204138 20.218390873593908 36.378
v 42.296942535040394 22.465472257847935 36.378
v 40.35796395655963 24.616353040931806 36.378
v 38.24616638054951 26.661822821123142 36.378
v 35.97059284843961 28.59312258279692 36.378
v 33.5409877154468 30.401982203875114 36.378
v 30.96775492375034 32.080655869759106 36.378
v 28.26191345121416 33.621955242096895 36.378
v 25.43505012643198 35.01928024035155 36.378
v 22.499270012148493 36.26664730435931 36.378
v 19.4671445695222 37.35871501685282 36.378
v 16.351657825198817 38.29080697622989 36.378
v 13.166150771715758 39.058931821623105 36.378
v 9.924264239323959 39.659800324519836 36.378
v 6.639880483858621 40.09083947374366 36.378
v 3.3270637407884047 40.35020349348326 36.378
v 3.11489527234874e-15 40.43678174718782 36.378
v -3.327063740788387 40.35020349348326 36.378
v -6.6398804838586045 40.090839473743664 36.378
v -9.924264239323941 39.65980032451984 36.378
v -13.16615077171574 39.05893182162311 36.378
v -16.351657825198803 38.29080697622989 36.378
v -19.467144569522183 37.35871501685282 36.378
v -22.499270012148475 36.26664730435932 36.378
v -25.435050126431964 35.019280240351556 36.378
v -28.261913451214138 33.6219552420969 36.378
v -30.967754923750324 32.08065586975912 36.378
v -33.54098771544678 30.401982203875132 36.378
v -35.9705928484396 28.59312258279692 36.378
v -38.246166380549504 26.661822821123145 36.378
v -40.357963956559615 24.61635304093182 36.378
v -42.29694253504039 22.46547225784795 36.378
v -44.054799112041366 20.218390873593926 36.378
v -45.62400627582878 17.884731235635336 36.378
v -46.997844440418234 15.474486432811853 36.378
v -48.170430619873464 12.997977503396704 36.378
v -49.13674362015535 10.465809238826203 36.378
v -49.89264554064561 7.888824772354784 36.378
v -50.43489949327253 5.278059147093727 36.378
v -50.761183463362634 2.6446920622624357 36.378
v -50.87010025286395 4.9520775334513685e-15 36.378
v -50.761183463362634 -2.6446920622624073 36.378
v -50.43489949327254 -5.278059147093701 36.378
v -49.89264554064562 -7.888824772354756 36.378
v -49.13674362015536 -10.465809238826177 36.378
v -48.17043061987347 -12.997977503396678 36.378
v -46.99784444041825 -15.474486432811826 36.378
v -45.62400627582879 -17.88473123563531 36.378
v -44.05479911204139 -20.2183908735939 36.378
v -42.29694253504041 -22.465472257847924 36.378
v -40.35796395655963 -24.6163530409318 36.378
v -38.246166380549525 -26.661822821123128 36.378
v -35.97059284843962 -28.5931225827969 36.378
v -33.54098771544681 -30.401982203875114 36.378
v -30.967754923750352 -32.0806558697591 36.378
v -28.261913451214188 -33.62195524209688 36.378
v -25.435050126431996 -35.01928024035155 36.378
v -22.499270012148486 -36.26664730435931 36.378
v -19.467144569522226 -37.35871501685281 36.378
v -16.351657825198824 -38.29080697622989 36.378
v -13.166150771715786 -39.058931821623105 36.378
v -9.924264239323977 -39.659800324519836 36.378
v -6.6398804838586605 -40.09083947374365 36.378
v -3.3270637407884225 -40.35020349348326 36.378
v -9.344685817046219e-15 -40.43678174718782 36.378
v 3.327063740788359 -40.350203493483264 36.378
v 6.639880483858598 -40.090839473743664 36.378
v 9.924264239323913 -39.65980032451985 36.378
v 13.166150771715724 -39.05893182162312 36.378
v 16.351657825198807 -38.29080697622989 36.378
v 19.467144569522166 -37.35871501685283 36.378
v 22.499270012148468 -36.26664730435932 36.378
v 25.43505012643194 -35.01928024035157 36.378
v 28.26191345121413 -33.6219552420969 36.378
v 30.9677549237503 -32.08065586975913 36.378
v 33.540987715446775 -30.401982203875132 36.378
v 35.970592848439594 -28.593122582796926 36.378
v 38.24616638054949 -26.661822821123163 36.378
v 40.35796395655961 -24.616353040931823 36.378
v 42.296942535040365 -22.465472257847967 36.378
v 44.054799112041366 -20.21839087359393 36.378
v 45.62400627582876 -17.884731235635357 36.378
v 46.99784444041823 -15.474486432811872 36.378
v 48.170430619873464 -12.99797750339671 36.378
v 49.13674362015534 -10.465809238826226 36.378
v 49.8926455406456 -7.888824772354789 36.378
v 50.43489949327253 -5.278059147093751 36.378
v 50.761183463362634 -2.64469206226244 36.378
v 47.87010025286395 0.0 36.378
v 47.76760669364682 2.448482674571986 36.378
v 47.4605649091511 4.886480570433556 36.378
v 46.95028969943592 7.303553806306384 36.378
v 46.238966141288145 9.68935210351863 36.378
v 45.329640231388154 12.03365910748721 36.378
v 44.226205842884376 14.326436135716579 36.378
v 42.93338805123073 16.557865164978317 36.378
v 41.456722900688064 18.718390873593908 36.378
v 39.80253369813276 20.798761558789128 36.378
v 37.97790393568592 22.790068753905643 36.378
v 35.99064695811258 24.683785375822936 36.378
v 33.84927250487996 26.471802239237277 36.378
v 31.562950270146597 28.14646278143818 36.378
v 29.14147063672418 29.700595848885403 36.378
v 26.595202752155352 31.127546405189257 36.378
v 23.935050126431978 32.42120402899823 36.378
v 21.17240394149149 33.57602907976125 36.378
v 18.31909427242693 34.587076419318954 36.378
v 15.387339429289334 35.45001658774457 36.378
v 12.389693636408195 36.16115434275591 36.378
v 9.338993273275575 36.717444483310146 36.378
v 6.248301907198466 37.11650488962223 36.378
v 3.130854353097975 37.35662672376745 36.378
v 2.931198252476637e-15 37.43678174718782 36.378
v -3.1308543530979582 37.35662672376745 36.378
v -6.24830190719845 37.11650488962223 36.378
v -9.338993273275557 36.71744448331015 36.378
v -12.389693636408179 36.16115434275591 36.378
v -15.387339429289318 35.45001658774457 36.378
v -18.319094272426916 34.58707641931896 36.378
v -21.17240394149147 33.57602907976125 36.378
v -23.935050126431964 32.42120402899824 36.378
v -26.59520275215533 31.127546405189264 36.378
v -29.14147063672416 29.70059584888541 36.378
v -31.562950270146576 28.1464627814382 36.378
v -33.849272504879956 26.471802239237277 36.378
v -35.99064695811257 24.68378537582294 36.378
v -37.97790393568591 22.790068753905658 36.378
v -39.80253369813275 20.798761558789142 36.378
v -41.45672290068805 18.718390873593926 36.378
v -42.933388051230715 16.55786516497833 36.378
v -44.226205842884376 14.326436135716582 36.378
v -45.32964023138815 12.03365910748722 36.378
v -46.238966141288145 9.68935210351864 36.378
v -46.95028969943592 7.3035538063063985 36.378
v -47.4605649091511 4.886480570433571 36.378
v -47.76760669364682 2.4484826745720047 36.378
v -47.87010025286395 4.584683493707162e-15 36.378
v -47.76760669364682 -2.448482674571979 36.378
v -47.46056490915111 -4.886480570433546 36.378
v -46.95028969943593 -7.303553806306372 36.378
v -46.23896614128815 -9.689352103518615 36.378
v -45.329640231388154 -12.033659107487194 36.378
v -44.22620584288438 -14.326436135716557 36.378
v -42.93338805123073 -16.55786516497831 36.378
v -41.45672290068807 -18.7183908735939 36.378
v -39.80253369813277 -20.79876155878912 36.378
v -37.97790393568592 -22.790068753905636 36.378
v -35.99064695811259 -24.68378537582292 36.378
v -33.84927250487998 -26.47180223923726 36.378
v -31.562950270146604 -28.14646278143818 36.378
v -29.14147063672419 -29.700595848885392 36.378
v -26.59520275215538 -31.127546405189243 36.378
v -23.935050126431996 -32.42120402899823 36.378
v -21.17240394149148 -33.57602907976125 36.378
v -18.319094272426955 -34.58707641931895 36.378
v -15.387339429289339 -35.45001658774457 36.378
v -12.389693636408222 -36.1611543427559 36.378
v -9.338993273275591 -36.717444483310146 36.378
v -6.2483019071985035 -37.11650488962222 36.378
v -3.1308543530979915 -37.35662672376745 36.378
v -8.793594757429911e-15 -37.43678174718782 36.378
v 3.1308543530979316 -37.35662672376745 36.378
v 6.248301907198445 -37.11650488962223 36.378
v 9.33899327327553 -36.71744448331015 36.378
v 12.389693636408163 -36.161154342755914 36.378
v 15.387339429289323 -35.45001658774457 36.378
v 18.3190942724269 -34.58707641931897 36.378
v 21.172403941491467 -33.57602907976125 36.378
v 23.935050126431943 -32.421204028998254 36.378
v 26.595202752155327 -31.127546405189268 36.378
v 29.14147063672414 -29.700595848885424 36.378
v 31.562950270146573 -28.1464627814382 36.378
v 33.849272504879956 -26.47180223923728 36.378
v 35.990646958112556 -24.683785375822954 36.378
v 37.9779039356859 -22.79006875390566 36.378
v 39.802533698132734 -20.798761558789156 36.378
v 41.45672290068805 -18.71839087359393 36.378
v 42.9333880512307 -16.55786516497835 36.378
v 44.22620584288436 -14.326436135716602 36.378
v 45.32964023138815 -12.033659107487223 36.378
v 46.23896614128814 -9.689352103518662 36.378
v 46.95028969943591 -7.303553806306402 36.378
v 47.460564909151095 -4.886480570433593 36.378
v 47.76760669364682 -2.448482674572009 36.378
v 52.24081145370182 0.0 37.152
v 52.128959866301805 2.701662537069684 37.152
v 51.79388406977077 5.391756140388857 37.152
v 51.23701891011123 8.058761416157424 37.152
v 50.46074896942836 10.691257838338444 37.152
v 49.46839835478327 13.277972653103934 37.152
v 48.264216463856314 15.807829150497389 37.152
v 46.85335978837382 18.26999409660633 37.152
v 45.24186983321885 20.653924123133077 37.152
v 43.43664724577982 22.949410875716456 37.152
v 41.445422266318964 25.14662472767236 37.152
v 39.276721625896734 27.23615687196431 37.152
v 36.939832033600425 29.20905961115964 37.152
v 34.444760409430046 31.05688467284356 37.152
v 31.802191033130665 32.7717193864187 37.152
v 29.023439792466235 34.346220566375294 37.152
v 26.12040572685092 35.773645956938964 37.152
v 23.10552007383559 37.04788310344498 37.152
v 19.99169303664011 38.16347552680756 37.152
v 16.7922585006812 39.11564608900098 37.152
v 13.520916935827946 39.900317449498075 37.152
v 10.191676728886534 40.51412952506825 37.152
v 6.818794197537363 40.95445387816975 37.152
v 3.4167125425940092 41.219404972322785 37.152
v 3.1988271265818165e-15 41.30784824626616 37.152
v -3.416712542593991 41.219404972322785 37.152
v -6.818794197537346 40.95445387816976 37.152
v -10.191676728886515 40.51412952506825 37.152
v -13.520916935827929 39.90031744949808 37.152
v -16.792258500681182 39.11564608900099 37.152
v -19.991693036640093 38.16347552680756 37.152
v -23.10552007383557 37.04788310344499 37.152
v -26.1204057268509 35.77364595693897 37.152
v -29.023439792466213 34.3462205663753 37.152
v -31.802191033130647 32.77171938641871 37.152
v -34.444760409430025 31.056884672843577 37.152
v -36.93983203360042 29.20905961115964 37.152
v -39.27672162589673 27.236156871964315 37.152
v -41.44542226631895 25.14662472767237 37.152
v -43.43664724577981 22.94941087571647 37.152
v -45.24186983321884 20.653924123133095 37.152
v -46.85335978837381 18.269994096606347 37.152
v -48.264216463856314 15.807829150497394 37.152
v -49.46839835478326 13.277972653103943 37.152
v -50.46074896942835 10.691257838338455 37.152
v -51.23701891011123 8.05876141615744 37.152
v -51.79388406977077 5.391756140388875 37.152
v -52.128959866301805 2.701662537069705 37.152
v -52.24081145370182 5.058752413445446e-15 37.152
v -52.128959866301805 -2.701662537069676 37.152
v -51.793884069770776 -5.391756140388847 37.152
v -51.23701891011124 -8.05876141615741 37.152
v -50.460748969428366 -10.691257838338428 37.152
v -49.468398354783275 -13.277972653103916 37.152
v -48.26421646385633 -15.807829150497366 37.152
v -46.85335978837382 -18.26999409660632 37.152
v -45.24186983321886 -20.65392412313307 37.152
v -43.43664724577983 -22.949410875716445 37.152
v -41.44542226631897 -25.14662472767235 37.152
v -39.276721625896755 -27.236156871964297 37.152
v -36.93983203360044 -29.20905961115962 37.152
v -34.44476040943005 -31.05688467284356 37.152
v -31.802191033130676 -32.77171938641869 37.152
v -29.023439792466267 -34.34622056637528 37.152
v -26.120405726850937 -35.773645956938964 37.152
v -23.105520073835585 -37.04788310344498 37.152
v -19.99169303664014 -38.163475526807545 37.152
v -16.792258500681207 -39.11564608900098 37.152
v -13.520916935827975 -39.900317449498075 37.152
v -10.191676728886552 -40.51412952506824 37.152
v -6.818794197537404 -40.954453878169744 37.152
v -3.416712542594027 -41.219404972322785 37.152
v -9.596481379745448e-15 -41.30784824626616 37.152
v 3.4167125425939617 -41.21940497232279 37.152
v 6.81879419753734 -40.95445387816976 37.152
v 10.191676728886486 -40.514129525068256 37.152
v 13.52091693582791 -39.90031744949809 37.152
v 16.79225850068119 -39.11564608900099 37.152
v 19.99169303664008 -38.16347552680757 37.152
v 23.105520073835567 -37.04788310344499 37.152
v 26.120405726850876 -35.773645956938985 37.152
v 29.023439792466206 -34.34622056637531 37.152
v 31.802191033130622 -32.771719386418724 37.152
v 34.44476040943002 -31.056884672843577 37.152
v 36.93983203360041 -29.209059611159645 37.152
v 39.27672162589671 -27.236156871964333 37.152
v 41.44542226631895 -25.14662472767238 37.152
v 43.43664724577979 -22.949410875716488 37.152
v 45.241869833218836 -20.6539241231331 37.152
v 46.853359788373794 -18.269994096606368 37.152
v 48.2642164638563 -15.807829150497414 37.152
v 49.46839835478326 -13.277972653103948 37.152
v 50.460748969428344 -10.691257838338478 37.152
v 51.23701891011123 -8.058761416157443 37.152
v 51.79388406977076 -5.391756140388899 37.152
v 52.128959866301805 -2.7016625370697094 37.152
v 49.24081145370182 0.0 37.152
v 49.135383096586 2.505453149379255 37.152
v 48.81954948564934 5.000177563728703 37.152
v 48.29466306890154 7.473490450109039 37.152
v 47.562971490561154 9.914800703030881 37.152
v 46.62760796629795 12.313654257194449 37.152
v 45.492577866322456 14.65977885340212 37.152
v 44.162741563775754 16.943128025949324 37.152
v 42.643793621865534 19.153924123133077 37.152
v 40.942238408872186 21.28270017665765 37.152
v 39.06536224544526 23.3203404406462 37.152
v 37.0212022034598 25.258119426664106 37.152
v 34.81851169004078 27.087739267599996 37.152
v 32.46672296412984 28.80136525040663 37.152
v 29.975906746104503 30.391659365544992 37.152
v 27.356729093407427 31.85181172946766 37.152
v 24.62040572685092 33.17556974558565 37.152
v 21.778654003178584 34.35726487884691 37.152
v 18.843642739544844 35.391836929273694 37.152
v 15.827940104771715 36.274855700515666 37.152
v 12.744459800520383 37.00253997063087 37.152
v 9.606405762838149 37.57177368385856 37.152
v 6.427215620877208 37.98011929404832 37.152
v 3.220503154903579 38.225828202606976 37.152
v 3.0151301067097134e-15 38.30784824626616 37.152
v -3.2205031549035623 38.225828202606976 37.152
v -6.427215620877192 37.98011929404832 37.152
v -9.606405762838131 37.57177368385856 37.152
v -12.744459800520367 37.00253997063088 37.152
v -15.827940104771699 36.27485570051567 37.152
v -18.843642739544826 35.3918369292737 37.152
v -21.77865400317857 34.35726487884692 37.152
v -24.6204057268509 33.175569745585655 37.152
v -27.356729093407406 31.851811729467666 37.152
v -29.975906746104485 30.391659365545003 37.152
v -32.466722964129815 28.801365250406644 37.152
v -34.81851169004077 27.087739267599996 37.152
v -37.0212022034598 25.25811942666411 37.152
v -39.06536224544525 23.32034044064621 37.152
v -40.94223840887217 21.282700176657663 37.152
v -42.64379362186553 19.153924123133095 37.152
v -44.16274156377575 16.943128025949342 37.152
v -45.492577866322456 14.659778853402123 37.152
v -46.627607966297944 12.313654257194457 37.152
v -47.56297149056115 9.914800703030892 37.152
v -48.29466306890154 7.473490450109053 37.152
v -48.81954948564934 5.000177563728719 37.152
v -49.135383096586 2.505453149379274 37.152
v -49.24081145370182 4.69135837370124e-15 37.152
v -49.135383096586 -2.5054531493792473 37.152
v -48.81954948564935 -5.000177563728693 37.152
v -48.29466306890155 -7.4734904501090265 37.152
v -47.56297149056116 -9.914800703030867 37.152
v -46.62760796629796 -12.313654257194433 37.152
v -45.49257786632246 -14.659778853402099 37.152
v -44.162741563775754 -16.943128025949317 37.152
v -42.64379362186554 -19.15392412313307 37.152
v -40.94223840887219 -21.28270017665764 37.152
v -39.065362245445264 -23.320340440646188 37.152
v -37.02120220345982 -25.25811942666409 37.152
v -34.8185116900408 -27.08773926759998 37.152
v -32.46672296412984 -28.80136525040663 37.152
v -29.975906746104513 -30.391659365544985 37.152
v -27.356729093407456 -31.851811729467645 37.152
v -24.620405726850933 -33.17556974558565 37.152
v -21.77865400317858 -34.35726487884691 37.152
v -18.84364273954487 -35.39183692927369 37.152
v -15.82794010477172 -36.274855700515666 37.152
v -12.74445980052041 -37.00253997063087 37.152
v -9.606405762838165 -37.57177368385855 37.152
v -6.427215620877247 -37.980119294048315 37.152
v -3.2205031549035965 -38.225828202606976 37.152
v -9.04539032012914e-15 -38.30784824626616 37.152
v 3.220503154903535 -38.22582820260698 37.152
v 6.4272156208771865 -37.98011929404832 37.152
v 9.606405762838104 -37.57177368385857 37.152
v 12.74445980052035 -37.002539970630885 37.152
v 15.827940104771704 -36.27485570051567 37.152
v 18.84364273954481 -35.39183692927371 37.152
v 21.778654003178563 -34.35726487884692 37.152
v 24.62040572685088 -33.17556974558567 37.152
v 27.356729093407402 -31.85181172946767 37.152
v 29.975906746104464 -30.391659365545014 37.152
v 32.466722964129815 -28.801365250406644 37.152
v 34.81851169004077 -27.0877392676 37.152
v 37.02120220345978 -25.258119426664127 37.152
v 39.06536224544524 -23.320340440646216 37.152
v 40.94223840887216 -21.28270017665768 37.152
v 42.64379362186552 -19.1539241231331 37.152
v 44.16274156377573 -16.94312802594936 37.152
v 45.49257786632244 -14.659778853402143 37.152
v 46.627607966297944 -12.313654257194461 37.152
v 47.56297149056114 -9.914800703030913 37.152
v 48.294663068901535 -7.4734904501090575 37.152
v 48.81954948564933 -5.000177563728741 37.152
v 49.135383096586 -2.5054531493792784 37.152
v 53.65077156327767 0.0 37.926
v 53.53590114305255 2.7599585818037786 37.926
v 53.1917817751518 5.508098597243722 37.926
v 52.61988703153895 8.232652088871589 37.926
v 51.82266585330503 10.921952100355165 37.926
v 50.80353206392686 13.564482636176429 37.926
v 49.56684975075081 16.148927974892327 37.926
v 48.117914577300844 18.664221124791208 37.926
v 46.462931106434226 21.099591214450374 37.926
v 44.608986231450906 23.444609615261093 37.926
v 42.56401882892836 25.689234598417315 37.926
v 40.33678576323328 27.823854335140073 37.926
v 37.93682438828403 29.83932805600393 37.926
v 35.374411707136915 31.727025193114983 37.926
v 32.660520364281346 33.478862337527616 37.926
v 29.806771659091634 35.08733785364249 37.926
v 26.825385781638843 36.545564002361964 37.926
v 23.729129483960932 37.84729643544627 37.926
v 20.531261410870457 38.98696093477133 37.926
v 17.245475324402047 39.95967728198658 37.926
v 13.885841465021013 40.76128015635909 37.926
v 10.466746300693583 41.388336971316505 37.926
v 7.002830921822466 41.838162573309646 37.926
v 3.508928345849945 42.108830740052305 37.926
v 3.285162283337692e-15 42.199182428900755 37.926
v -3.5089283458499265 42.108830740052305 37.926
v -7.002830921822448 41.838162573309646 37.926
v -10.466746300693563 41.388336971316505 37.926
v -13.885841465020995 40.76128015635909 37.926
v -17.24547532440203 39.95967728198658 37.926
v -20.53126141087044 38.98696093477134 37.926
v -23.729129483960914 37.847296435446275 37.926
v -26.825385781638825 36.54556400236197 37.926
v -29.80677165909161 35.087337853642495 37.926
v -32.66052036428133 33.47886233752762 37.926
v -35.37441170713689 31.727025193115004 37.926
v -37.93682438828403 29.83932805600393 37.926
v -40.33678576323327 27.823854335140076 37.926
v -42.56401882892835 25.68923459841733 37.926
v -44.60898623145089 23.444609615261108 37.926
v -46.46293110643422 21.099591214450392 37.926
v -48.11791457730083 18.664221124791226 37.926
v -49.56684975075081 16.14892797489233 37.926
v -50.80353206392685 13.564482636176438 37.926
v -51.822665853305026 10.921952100355178 37.926
v -52.61988703153895 8.232652088871605 37.926
v -53.1917817751518 5.50809859724374 37.926
v -53.53590114305255 2.7599585818037995 37.926
v -53.65077156327767 5.167909368818854e-15 37.926
v -53.53590114305255 -2.75995858180377 37.926
v -53.1917817751518 -5.508098597243713 37.926
v -52.61988703153896 -8.232652088871575 37.926
v -51.82266585330504 -10.92195210035515 37.926
v -50.803532063926866 -13.56448263617641 37.926
v -49.566849750750826 -16.148927974892302 37.926
v -48.117914577300844 -18.6642211247912 37.926
v -46.46293110643423 -21.099591214450367 37.926
v -44.60898623145091 -23.444609615261086 37.926
v -42.56401882892837 -25.689234598417304 37.926
v -40.336785763233294 -27.82385433514006 37.926
v -37.93682438828405 -29.83932805600391 37.926
v -35.37441170713692 -31.727025193114983 37.926
v -32.66052036428136 -33.4788623375276 37.926
v -29.806771659091666 -35.087337853642474 37.926
v -26.82538578163886 -36.54556400236196 37.926
v -23.729129483960925 -37.84729643544627 37.926
v -20.53126141087048 -38.986960934771325 37.926
v -17.245475324402054 -39.95967728198658 37.926
v -13.885841465021043 -40.761280156359085 37.926
v -10.4667463006936 -41.3883369713165 37.926
v -7.0028309218225075 -41.83816257330964 37.926
v -3.508928345849964 -42.108830740052305 37.926
v -9.855486850013075e-15 -42.199182428900755 37.926
v 3.5089283458498968 -42.108830740052305 37.926
v 7.002830921822442 -41.838162573309646 37.926
v 10.466746300693533 -41.38833697131651 37.926
v 13.885841465020977 -40.7612801563591 37.926
v 17.245475324402037 -39.95967728198658 37.926
v 20.53126141087042 -38.986960934771346 37.926
v 23.729129483960907 -37.847296435446275 37.926
v 26.8253857816388 -36.545564002361985 37.926
v 29.806771659091606 -35.0873378536425 37.926
v 32.66052036428131 -33.47886233752764 37.926
v 35.374411707136886 -31.727025193115004 37.926
v 37.93682438828402 -29.839328056003936 37.926
v 40.33678576323326 -27.823854335140094 37.926
v 42.56401882892834 -25.689234598417332 37.926
v 44.60898623145088 -23.44460961526113 37.926
v 46.46293110643421 -21.099591214450395 37.926
v 48.117914577300816 -18.664221124791247 37.926
v 49.5668497507508 -16.148927974892352 37.926
v 50.80353206392685 -13.564482636176443 37.926
v 51.822665853305026 -10.9219521003552 37.926
v 52.619887031538944 -8.232652088871609 37.926
v 53.191781775151796 -5.508098597243765 37.926
v 53.53590114305255 -2.7599585818038044 37.926
v 50.65077156327767 0.0 37.926
v 50.54232437333673 2.5637491941133494 37.926
v 50.21744719103037 5.116520020583568 37.926
v 49.67753119032926 7.647381122823204 37.926
v 48.92488837443783 10.145494965047604 37.926
v 47.96274167544154 12.600164240266944 37.926
v 46.795211153216954 15.000877677797058 37.926
v 45.427296352702776 17.337355054134203 37.926
v 43.86485489508091 19.599591214450374 37.926
v 42.11457739454327 21.77789891620229 37.926
v 40.183958808054655 23.862950311391153 37.926
v 38.08126634079635 25.845816889839863 37.926
v 35.81550404472439 27.718007712444287 37.926
v 33.39637426183671 29.471505770678053 37.926
v 30.834236077255188 31.098802316653906 37.926
v 28.140060960032827 32.59292901673485 37.926
v 25.325385781638843 33.94748779100865 37.926
v 22.402263413303928 35.1566782108482 37.926
v 19.383211113775186 36.215322337237474 37.926
v 16.281156928492564 37.11888689350126 37.926
v 13.10938432971345 37.86350267749189 37.926
v 9.881475334645197 38.44598113010681 37.926
v 6.611252345162311 38.863827989188216 37.926
v 3.3127189581595156 39.1152539703365 37.926
v 3.101465263465589e-15 39.199182428900755 37.926
v -3.312718958159498 39.1152539703365 37.926
v -6.611252345162294 38.863827989188216 37.926
v -9.88147533464518 38.445981130106816 37.926
v -13.109384329713434 37.86350267749189 37.926
v -16.281156928492546 37.11888689350126 37.926
v -19.383211113775168 36.21532233723748 37.926
v -22.40226341330391 35.156678210848206 37.926
v -25.325385781638825 33.947487791008655 37.926
v -28.140060960032805 32.59292901673486 37.926
v -30.83423607725517 31.098802316653916 37.926
v -33.39637426183669 29.47150577067807 37.926
v -35.815504044724385 27.718007712444287 37.926
v -38.08126634079634 25.84581688983987 37.926
v -40.18395880805464 23.862950311391167 37.926
v -42.11457739454326 21.7778989162023 37.926
v -43.8648548950809 19.599591214450392 37.926
v -45.42729635270277 17.33735505413422 37.926
v -46.795211153216954 15.000877677797062 37.926
v -47.962741675441535 12.600164240266952 37.926
v -48.92488837443783 10.145494965047614 37.926
v -49.67753119032926 7.6473811228232185 37.926
v -50.21744719103037 5.116520020583584 37.926
v -50.54232437333673 2.563749194113369 37.926
v -50.65077156327767 4.800515329074648e-15 37.926
v -50.54232437333673 -2.5637491941133415 37.926
v -50.217447191030374 -5.116520020583558 37.926
v -49.67753119032927 -7.647381122823192 37.926
v -48.924888374437835 -10.145494965047588 37.926
v -47.96274167544155 -12.600164240266926 37.926
v -46.79521115321696 -15.000877677797035 37.926
v -45.427296352702776 -17.337355054134196 37.926
v -43.86485489508092 -19.599591214450367 37.926
v -42.11457739454328 -21.77789891620228 37.926
v -40.18395880805466 -23.862950311391145 37.926
v -38.08126634079636 -25.845816889839853 37.926
v -35.815504044724406 -27.71800771244427 37.926
v -33.39637426183672 -29.471505770678053 37.926
v -30.8342360772552 -31.0988023166539 37.926
v -28.140060960032855 -32.592929016734836 37.926
v -25.325385781638857 -33.94748779100864 37.926
v -22.40226341330392 -35.1566782108482 37.926
v -19.38321111377521 -36.21532233723747 37.926
v -16.281156928492567 -37.11888689350126 37.926
v -13.109384329713478 -37.86350267749188 37.926
v -9.881475334645213 -38.44598113010681 37.926
v -6.61125234516235 -38.86382798918821 37.926
v -3.312718958159533 -39.1152539703365 37.926
v -9.304395790396767e-15 -39.199182428900755 37.926
v 3.31271895815947 -39.1152539703365 37.926
v 6.611252345162288 -38.863827989188216 37.926
v 9.88147533464515 -38.44598113010682 37.926
v 13.109384329713416 -37.863502677491894 37.926
v 16.28115692849255 -37.11888689350126 37.926
v 19.383211113775154 -36.21532233723748 37.926
v 22.402263413303906 -35.156678210848206 37.926
v 25.325385781638804 -33.94748779100866 37.926
v 28.140060960032798 -32.592929016734864 37.926
v 30.83423607725515 -31.098802316653927 37.926
v 33.396374261836684 -29.47150577067807 37.926
v 35.81550404472438 -27.71800771244429 37.926
v 38.081266340796326 -25.845816889839888 37.926
v 40.18395880805464 -23.86295031139117 37.926
v 42.11457739454324 -21.777898916202318 37.926
v 43.864854895080896 -19.599591214450395 37.926
v 45.42729635270275 -17.33735505413424 37.926
v 46.79521115321694 -15.000877677797082 37.926
v 47.962741675441535 -12.600164240266956 37.926
v 48.92488837443782 -10.145494965047636 37.926
v 49.677531190329255 -7.647381122823223 37.926
v 50.21744719103037 -5.116520020583607 37.926
v 50.54232437333673 -2.5637491941133734 37.926
v 55.10110443381957 0.0 38.699999999999996
v 54.98312873958904 2.819611039381786 38.699999999999996
v 54.629706846932095 5.627148071418377 38.699999999999996
v 54.04235216265141 8.410588791517666 38.699999999999996
v 53.22357982967741 11.158014079194595 38.699999999999996
v 52.176895956840106 13.857659037574926 38.699999999999996
v 50.906782605172815 16.497963372489846 38.699999999999996
v 49.41867859503873 19.06762089543034 38.699999999999996
v 47.718956216267124 21.55562793838219 38.699999999999996
v 45.814893941030014 23.951330473221685 38.699999999999996
v 43.71464525630695 26.24446973389969 38.699999999999996
v 41.42720374940193 28.42522614605285 38.699999999999996
v 38.96236459602196 30.4842613759285 38.699999999999996
v 36.33068261583079 32.41275831856347 38.699999999999996
v 33.543427075090754 34.20245885398117 38.699999999999996
v 30.612533429934587 35.845699209729105 38.699999999999996
v 27.550552216909793 37.33544277832913 38.699999999999996
v 24.370595309654473 38.665310249110895 38.699999999999996
v 21.086279771841344 39.829606925399546 38.699999999999996
v 17.711669546820634 40.82334711008114 38.699999999999996
v 14.261215233655465 41.64227545512309 38.699999999999996
v 10.749692207438176 42.282885183627776 38.699999999999996
v 7.192137348865877 42.74243310638954 38.699999999999996
v 3.603784654008722 43.01895136865203 38.699999999999996
v 3.3739695587180584e-15 43.11125587676439 38.699999999999996
v -3.603784654008703 43.01895136865203 38.699999999999996
v -7.192137348865859 42.74243310638954 38.699999999999996
v -10.749692207438157 42.28288518362778 38.699999999999996
v -14.261215233655447 41.6422754551231 38.699999999999996
v -17.711669546820616 40.82334711008114 38.699999999999996
v -21.086279771841326 39.82960692539955 38.699999999999996
v -24.370595309654455 38.6653102491109 38.699999999999996
v -27.550552216909775 37.33544277832914 38.699999999999996
v -30.61253342993456 35.84569920972912 38.699999999999996
v -33.54342707509074 34.20245885398118 38.699999999999996
v -36.33068261583077 32.41275831856348 38.699999999999996
v -38.962364596021956 30.4842613759285 38.699999999999996
v -41.427203749401926 28.425226146052854 38.699999999999996
v -43.71464525630694 26.244469733899706 38.699999999999996
v -45.81489394103 23.9513304732217 38.699999999999996
v -47.71895621626711 21.55562793838221 38.699999999999996
v -49.41867859503872 19.067620895430363 38.699999999999996
v -50.906782605172815 16.49796337248985 38.699999999999996
v -52.176895956840106 13.857659037574935 38.699999999999996
v -53.22357982967741 11.158014079194606 38.699999999999996
v -54.04235216265141 8.410588791517682 38.699999999999996
v -54.629706846932095 5.627148071418395 38.699999999999996
v -54.98312873958904 2.8196110393818072 38.699999999999996
v -55.10110443381957 5.279606151670203e-15 38.699999999999996
v -54.98312873958904 -2.8196110393817775 38.699999999999996
v -54.6297068469321 -5.6271480714183655 38.699999999999996
v -54.04235216265142 -8.410588791517652 38.699999999999996
v -53.22357982967742 -11.158014079194578 38.699999999999996
v -52.17689595684011 -13.857659037574907 38.699999999999996
v -50.90678260517283 -16.49796337248982 38.699999999999996
v -49.41867859503873 -19.067620895430334 38.699999999999996
v -47.718956216267124 -21.555627938382184 38.699999999999996
v -45.81489394103003 -23.951330473221677 38.699999999999996
v -43.71464525630696 -26.24446973389968 38.699999999999996
v -41.427203749401954 -28.425226146052836 38.699999999999996
v -38.96236459602198 -30.48426137592848 38.699999999999996
v -36.330682615830796 -32.41275831856347 38.699999999999996
v -33.54342707509077 -34.20245885398116 38.699999999999996
v -30.61253342993462 -35.84569920972909 38.699999999999996
v -27.55055221690981 -37.335442778329124 38.699999999999996
v -24.370595309654465 -38.665310249110895 38.699999999999996
v -21.086279771841372 -39.82960692539954 38.699999999999996
v -17.71166954682064 -40.82334711008114 38.699999999999996
v -14.261215233655497 -41.642275455123084 38.699999999999996
v -10.749692207438196 -42.28288518362777 38.699999999999996
v -7.19213734886592 -42.742433106389534 38.699999999999996
v -3.603784654008741 -43.01895136865203 38.699999999999996
v -1.0121908676154174e-14 -43.11125587676439 38.699999999999996
v 3.603784654008672 -43.01895136865203 38.699999999999996
v 7.192137348865852 -42.74243310638954 38.699999999999996
v 10.749692207438127 -42.28288518362778 38.699999999999996
v 14.26121523365543 -41.6422754551231 38.699999999999996
v 17.711669546820623 -40.82334711008114 38.699999999999996
v 21.08627977184131 -39.82960692539956 38.699999999999996
v 24.370595309654448 -38.6653102491109 38.699999999999996
v 27.55055221690975 -37.33544277832915 38.699999999999996
v 30.612533429934555 -35.84569920972912 38.699999999999996
v 33.54342707509071 -34.20245885398119 38.699999999999996
v 36.33068261583076 -32.41275831856348 38.699999999999996
v 38.96236459602195 -30.484261375928504 38.699999999999996
v 41.42720374940191 -28.42522614605287 38.699999999999996
v 43.71464525630693 -26.24446973389971 38.699999999999996
v 45.814893941029986 -23.95133047322172 38.699999999999996
v 47.7189562162671 -21.555627938382212 38.699999999999996
v 49.4186785950387 -19.067620895430384 38.699999999999996
v 50.9067826051728 -16.49796337248987 38.699999999999996
v 52.176895956840106 -13.85765903757494 38.699999999999996
v 53.223579829677405 -11.158014079194631 38.699999999999996
v 54.042352162651405 -8.410588791517686 38.699999999999996
v 54.62970684693209 -5.62714807141842 38.699999999999996
v 54.98312873958904 -2.819611039381812 38.699999999999996
v 52.10110443381957 0.0 38.699999999999996
v 51.989551969873226 2.6234016516913568 38.699999999999996
v 51.655372262810666 5.235569494758222 38.699999999999996
v 51.09999632144172 7.8253178254692815 38.699999999999996
v 50.32580235081021 10.381556943887032 38.699999999999996
v 49.33610556835479 12.893340641665441 38.699999999999996
v 48.13514400763896 15.349913075394575 38.699999999999996
v 46.728060370440666 17.740754824773337 38.699999999999996
v 45.12088000491381 20.05562793838219 38.699999999999996
v 43.32048510412238 22.284619774162877 38.699999999999996
v 41.334585235433245 24.41818544687353 38.699999999999996
v 39.171684326965 26.447188700752644 38.699999999999996
v 36.84104425246232 28.36294103236886 38.699999999999996
v 34.35264517053058 30.157238896126533 38.699999999999996
v 31.717142788064596 31.822398833107464 38.699999999999996
v 28.94582273087578 33.351290372821474 38.699999999999996
v 26.050552216909793 34.737366566975815 38.699999999999996
v 23.043729238997468 35.974692024512834 38.699999999999996
v 19.938229474746073 37.05796832786569 38.699999999999996
v 16.74735115091115 37.98255672159582 38.699999999999996
v 13.484758098347903 38.744497976255886 38.699999999999996
v 10.164421241389793 39.34052934241809 38.699999999999996
v 6.800558772205722 39.768098522268104 38.699999999999996
v 3.407575266318292 40.02537459893622 38.699999999999996
v 3.1902725388459557e-15 40.11125587676439 38.699999999999996
v -3.4075752663182737 40.02537459893622 38.699999999999996
v -6.800558772205704 39.76809852226811 38.699999999999996
v -10.164421241389773 39.34052934241809 38.699999999999996
v -13.484758098347886 38.74449797625589 38.699999999999996
v -16.747351150911133 37.98255672159582 38.699999999999996
v -19.938229474746056 37.057968327865694 38.699999999999996
v -23.04372923899745 35.974692024512834 38.699999999999996
v -26.050552216909775 34.73736656697582 38.699999999999996
v -28.945822730875754 33.35129037282148 38.699999999999996
v -31.717142788064578 31.822398833107474 38.699999999999996
v -34.35264517053056 30.15723889612655 38.699999999999996
v -36.84104425246231 28.36294103236886 38.699999999999996
v -39.17168432696499 26.447188700752648 38.699999999999996
v -41.33458523543323 24.418185446873544 38.699999999999996
v -43.32048510412237 22.28461977416289 38.699999999999996
v -45.12088000491379 20.05562793838221 38.699999999999996
v -46.72806037044065 17.740754824773354 38.699999999999996
v -48.13514400763896 15.34991307539458 38.699999999999996
v -49.33610556835479 12.89334064166545 38.699999999999996
v -50.32580235081021 10.381556943887043 38.699999999999996
v -51.09999632144172 7.825317825469296 38.699999999999996
v -51.655372262810666 5.235569494758239 38.699999999999996
v -51.989551969873226 2.6234016516913767 38.699999999999996
v -52.10110443381957 4.912212111925997e-15 38.699999999999996
v -51.989551969873226 -2.6234016516913488 38.699999999999996
v -51.655372262810666 -5.235569494758212 38.699999999999996
v -51.09999632144173 -7.825317825469268 38.699999999999996
v -50.325802350810214 -10.381556943887016 38.699999999999996
v -49.336105568354796 -12.893340641665423 38.699999999999996
v -48.135144007638964 -15.349913075394554 38.699999999999996
v -46.728060370440666 -17.740754824773333 38.699999999999996
v -45.12088000491381 -20.055627938382184 38.699999999999996
v -43.32048510412239 -22.28461977416287 38.699999999999996
v -41.33458523543325 -24.41818544687352 38.699999999999996
v -39.17168432696502 -26.44718870075263 38.699999999999996
v -36.84104425246234 -28.36294103236884 38.699999999999996
v -34.352645170530586 -30.157238896126533 38.699999999999996
v -31.717142788064606 -31.822398833107457 38.699999999999996
v -28.945822730875808 -33.35129037282146 38.699999999999996
v -26.05055221690981 -34.73736656697581 38.699999999999996
v -23.043729238997464 -35.974692024512834 38.699999999999996
v -19.9382294747461 -37.05796832786568 38.699999999999996
v -16.747351150911157 -37.98255672159582 38.699999999999996
v -13.484758098347932 -38.74449797625588 38.699999999999996
v -10.164421241389809 -39.34052934241808 38.699999999999996
v -6.800558772205762 -39.768098522268104 38.699999999999996
v -3.40757526631831 -40.02537459893622 38.699999999999996
v -9.570817616537866e-15 -40.11125587676439 38.699999999999996
v 3.407575266318245 -40.025374598936224 38.699999999999996
v 6.800558772205699 -39.76809852226811 38.699999999999996
v 10.164421241389745 -39.340529342418094 38.699999999999996
v 13.484758098347868 -38.74449797625589 38.699999999999996
v 16.74735115091114 -37.98255672159582 38.699999999999996
v 19.93822947474604 -37.057968327865694 38.699999999999996
v 23.043729238997447 -35.974692024512834 38.699999999999996
v 26.05055221690975 -34.73736656697584 38.699999999999996
v 28.94582273087575 -33.35129037282149 38.699999999999996
v 31.717142788064553 -31.82239883310749 38.699999999999996
v 34.35264517053055 -30.15723889612655 38.699999999999996
v 36.84104425246231 -28.362941032368862 38.699999999999996
v 39.17168432696498 -26.447188700752665 38.699999999999996
v 41.33458523543323 -24.418185446873547 38.699999999999996
v 43.32048510412235 -22.28461977416291 38.699999999999996
v 45.120880004913786 -20.055627938382212 38.699999999999996
v 46.72806037044064 -17.740754824773376 38.699999999999996
v 48.13514400763894 -15.3499130753946 38.699999999999996
v 49.33610556835479 -12.893340641665453 38.699999999999996
v 50.3258023508102 -10.381556943887066 38.699999999999996
v 51.099996321441715 -7.8253178254693 38.699999999999996
v 51.65537226281066 -5.235569494758262 38.699999999999996
v 51.989551969873226 -2.623401651691381 38.699999999999996
v 56.59296609791099 0.0 39.474
v 56.47179621334025 2.8806514703634574 39.474
v 56.10880542767611 5.748967548885159 39.474
v 55.505548123190145 8.59266566576498 39.474
v 54.6646075402739 11.399568669093963 39.474
v 53.589584715606975 14.157656969288263 39.474
v 52.2850830619651 16.855120008817035 39.474
v 50.75668865569992 19.480406836822947 39.474
v 49.010946316302416 22.02227557206712 39.474
v 47.05533158048114 24.469841542390448 39.474
v 44.89821869076632 26.812623894550843 39.474
v 42.548844735717694 29.040590474845864 39.474
v 40.01727009529325 31.144200788335038 39.474
v 37.31433536075769 33.11444685270386 39.474
v 34.45161491360638 34.94289177182705 39.474
v 31.441367362286865 36.621705863852924 39.474
v 28.2964830489555 38.143700189103214 39.474
v 25.030428851053404 39.502357334216384 39.474
v 21.657190514069743 40.691859320712204 39.474
v 18.191212762432464 41.70711251846884 39.474
v 14.647337444980664 42.54376945742899 39.474
v 11.040739979889288 43.19824744413413 39.474
v 7.3868643711988 43.66774390336788 39.474
v 3.701357075218789 43.9502483792134 39.474
v 3.4653197393030683e-15 44.044551144134246 39.474
v -3.7013570752187697 43.9502483792134 39.474
v -7.38686437119878 43.667743903367885 39.474
v -11.040739979889269 43.19824744413413 39.474
v -14.647337444980645 42.543769457429 39.474
v -18.191212762432446 41.70711251846885 39.474
v -21.657190514069722 40.69185932071221 39.474
v -25.030428851053387 39.502357334216384 39.474
v -28.29648304895548 38.14370018910322 39.474
v -31.44136736228684 36.62170586385293 39.474
v -34.451614913606356 34.94289177182706 39.474
v -37.31433536075767 33.11444685270388 39.474
v -40.01727009529324 31.144200788335038 39.474
v -42.54884473571769 29.040590474845867 39.474
v -44.898218690766306 26.812623894550857 39.474
v -47.05533158048112 24.469841542390462 39.474
v -49.0109463163024 22.022275572067137 39.474
v -50.756688655699904 19.48040683682297 39.474
v -52.2850830619651 16.85512000881704 39.474
v -53.589584715606975 14.157656969288274 39.474
v -54.6646075402739 11.399568669093975 39.474
v -55.505548123190145 8.592665665764995 39.474
v -56.10880542767611 5.748967548885178 39.474
v -56.47179621334025 2.8806514703634796 39.474
v -56.59296609791099 5.3939018578545894e-15 39.474
v -56.47179621334025 -2.880651470363449 39.474
v -56.10880542767612 -5.748967548885148 39.474
v -55.505548123190145 -8.592665665764965 39.474
v -54.664607540273906 -11.399568669093945 39.474
v -53.58958471560698 -14.157656969288244 39.474
v -52.28508306196512 -16.85512000881701 39.474
v -50.75668865569992 -19.48040683682294 39.474
v -49.01094631630242 -22.022275572067112 39.474
v -47.05533158048115 -24.46984154239044 39.474
v -44.89821869076632 -26.812623894550832 39.474
v -42.54884473571771 -29.04059047484585 39.474
v -40.01727009529327 -31.14420078833502 39.474
v -37.314335360757696 -33.11444685270386 39.474
v -34.451614913606385 -34.942891771827036 39.474
v -31.441367362286897 -36.62170586385291 39.474
v -28.29648304895552 -38.143700189103214 39.474
v -25.0304288510534 -39.502357334216384 39.474
v -21.65719051406977 -40.6918593207122 39.474
v -18.19121276243247 -41.70711251846884 39.474
v -14.647337444980694 -42.54376945742899 39.474
v -11.040739979889308 -43.198247444134125 39.474
v -7.386864371198843 -43.66774390336787 39.474
v -3.7013570752188087 -43.9502483792134 39.474
v -1.0395959217909205e-14 -44.044551144134246 39.474
v 3.701357075218738 -43.950248379213406 39.474
v 7.386864371198774 -43.667743903367885 39.474
v 11.040739979889237 -43.19824744413414 39.474
v 14.647337444980627 -42.54376945742901 39.474
v 18.191212762432453 -41.70711251846885 39.474
v 21.657190514069704 -40.69185932071222 39.474
v 25.03042885105338 -39.502357334216384 39.474
v 28.296483048955455 -38.143700189103235 39.474
v 31.441367362286837 -36.62170586385294 39.474
v 34.45161491360633 -34.94289177182707 39.474
v 37.31433536075766 -33.11444685270388 39.474
v 40.017270095293235 -31.14420078833504 39.474
v 42.548844735717665 -29.04059047484589 39.474
v 44.8982186907663 -26.81262389455086 39.474
v 47.0553315804811 -24.469841542390483 39.474
v 49.010946316302395 -22.022275572067144 39.474
v 50.75668865569988 -19.48040683682299 39.474
v 52.28508306196509 -16.855120008817064 39.474
v 53.589584715606975 -14.157656969288277 39.474
v 54.66460754027389 -11.399568669094 39.474
v 55.50554812319014 -8.592665665765 39.474
v 56.1088054276761 -5.7489675488852034 39.474
v 56.47179621334025 -2.8806514703634845 39.474
v 53.59296609791099 0.0 39.474
v 53.47821944362444 2.684442082673028 39.474
v 53.13447084355468 5.357388972225005 39.474
v 52.56319228198045 8.007394699716595 39.474
v 51.766830061406694 10.623111533786401 39.474
v 50.74879432712166 13.19333857337878 39.474
v 49.513444464431245 15.707069711721767 39.474
v 48.06607043110185 18.153540766165946 39.474
v 46.4128701049491 20.52227557206712 39.474
v 44.5609227435735 22.803130843331644 39.474
v 42.518158669892614 24.98633960752468 39.474
v 40.29332531328076 27.062553029545658 39.474
v 37.89594975173361 29.022880444775396 39.474
v 35.336297915457486 30.858927430266927 39.474
v 32.625330626580215 32.56283175095334 39.474
v 29.774656663228058 34.127297026945286 39.474
v 26.7964830489555 35.545623977749905 39.474
v 23.7035627803964 36.811739109618316 39.474
v 20.509140216974473 37.920220723178346 39.474
v 17.22689436652298 38.86632212998352 39.474
v 13.870880309673101 39.64599197856179 39.474
v 10.455469013840903 40.255891602924436 39.474
v 6.995285794538645 40.69340931924645 39.474
v 3.5051476875283596 40.95667160949759 39.474
v 3.2816227194309652e-15 41.044551144134246 39.474
v -3.505147687528341 40.95667160949759 39.474
v -6.995285794538627 40.693409319246456 39.474
v -10.455469013840885 40.25589160292444 39.474
v -13.870880309673083 39.645991978561796 39.474
v -17.226894366522963 38.86632212998353 39.474
v -20.509140216974455 37.92022072317835 39.474
v -23.703562780396382 36.81173910961832 39.474
v -26.796483048955483 35.545623977749905 39.474
v -29.774656663228036 34.12729702694529 39.474
v -32.625330626580194 32.56283175095335 39.474
v -35.33629791545746 30.858927430266945 39.474
v -37.8959497517336 29.022880444775396 39.474
v -40.293325313280754 27.06255302954566 39.474
v -42.5181586698926 24.986339607524695 39.474
v -44.560922743573485 22.803130843331655 39.474
v -46.412870104949086 20.522275572067137 39.474
v -48.06607043110184 18.153540766165964 39.474
v -49.513444464431245 15.70706971172177 39.474
v -50.74879432712166 13.193338573378789 39.474
v -51.766830061406694 10.623111533786412 39.474
v -52.56319228198045 8.00739469971661 39.474
v -53.13447084355468 5.357388972225022 39.474
v -53.47821944362444 2.684442082673049 39.474
v -53.59296609791099 5.026507818110384e-15 39.474
v -53.47821944362444 -2.68444208267302 39.474
v -53.13447084355469 -5.357388972224994 39.474
v -52.563192281980456 -8.007394699716581 39.474
v -51.7668300614067 -10.623111533786386 39.474
v -50.748794327121665 -13.19333857337876 39.474
v -49.51344446443125 -15.707069711721743 39.474
v -48.06607043110185 -18.15354076616594 39.474
v -46.41287010494911 -20.522275572067112 39.474
v -44.560922743573514 -22.803130843331633 39.474
v -42.51815866989262 -24.98633960752467 39.474
v -40.293325313280775 -27.062553029545644 39.474
v -37.895949751733625 -29.022880444775378 39.474
v -35.336297915457486 -30.858927430266927 39.474
v -32.62533062658022 -32.562831750953336 39.474
v -29.77465666322809 -34.12729702694527 39.474
v -26.79648304895552 -35.5456239777499 39.474
v -23.703562780396396 -36.811739109618316 39.474
v -20.509140216974497 -37.92022072317834 39.474
v -17.226894366522988 -38.86632212998352 39.474
v -13.870880309673131 -39.64599197856179 39.474
v -10.455469013840922 -40.255891602924436 39.474
v -6.995285794538686 -40.69340931924644 39.474
v -3.5051476875283782 -40.95667160949759 39.474
v -9.844868158292895e-15 -41.044551144134246 39.474
v 3.505147687528311 -40.9566716094976 39.474
v 6.995285794538621 -40.693409319246456 39.474
v 10.455469013840855 -40.25589160292445 39.474
v 13.870880309673066 -39.6459919785618 39.474
v 17.22689436652297 -38.86632212998353 39.474
v 20.509140216974437 -37.92022072317835 39.474
v 23.70356278039638 -36.81173910961832 39.474
v 26.79648304895546 -35.54562397774992 39.474
v 29.77465666322803 -34.1272970269453 39.474
v 32.62533062658017 -32.562831750953364 39.474
v 35.33629791545745 -30.858927430266945 39.474
v 37.895949751733596 -29.0228804447754 39.474
v 40.29332531328073 -27.06255302954568 39.474
v 42.51815866989259 -24.986339607524698 39.474
v 44.56092274357347 -22.803130843331672 39.474
v 46.41287010494908 -20.52227557206714 39.474
v 48.06607043110182 -18.153540766165982 39.474
v 49.51344446443123 -15.707069711721791 39.474
v 50.74879432712166 -13.193338573378792 39.474
v 51.76683006140669 -10.623111533786435 39.474
v 52.56319228198044 -8.007394699716615 39.474
v 53.13447084355467 -5.357388972225046 39.474
v 53.47821944362444 -2.6844420826730535 39.474
v 58.12754568994215 0.0 40.248
v 58.003090152668406 2.9431121696490794 40.248
v 57.630256478564526 5.873621481152921 40.248
v 57.0106411986615 8.77897904373969 40.248
v 56.14689760071295 11.646743670287785 40.248
v 55.0427243674096 14.46463515239909 40.248
v 53.702849738052215 17.220586846136637 40.248
v 52.133011261505025 19.90279734324643 40.248
v 50.33993122713056 22.49978100659941 40.248
v 48.33128787891469 25.00041715345291 40.248
v 46.115682536047004 27.393997675921455 40.248
v 43.70260276075157 29.670272894738673 40.248
v 41.102381731088975 31.81949544995746 40.248
v 38.32615399270141 33.8324620406417 40.248
v 35.38580777897889 35.70055283481387 40.248
v 32.29393410381875 37.41576838089877 40.248
v 29.063772844971083 38.9707638626034 40.248
v 25.709156048849678 40.358880550547845 40.248
v 22.244448699585647 41.574174315966786 40.248
v 18.684487205960107 42.6114410843814 40.248
v 15.044515869623986 43.46623912024524 40.248
v 11.340121606658027 44.13490804713777 40.248
v 7.587167202005228 44.614584522058095 40.248
v 3.8017233825903443 44.90321449669934 40.248
v 3.559285638573959e-15 44.999562013198826 40.248
v -3.801723382590324 44.90321449669934 40.248
v -7.587167202005208 44.6145845220581 40.248
v -11.340121606658006 44.13490804713777 40.248
v -15.044515869623966 43.46623912024525 40.248
v -18.68448720596009 42.611441084381404 40.248
v -22.24444869958563 41.57417431596679 40.248
v -25.70915604884966 40.35888055054785 40.248
v -29.063772844971062 38.970763862603405 40.248
v -32.29393410381872 37.415768380898776 40.248
v -35.385807778978865 35.70055283481388 40.248
v -38.326153992701386 33.83246204064172 40.248
v -41.10238173108897 31.81949544995746 40.248
v -43.70260276075156 29.67027289473868 40.248
v -46.11568253604699 27.39399767592147 40.248
v -48.33128787891467 25.000417153452926 40.248
v -50.33993122713055 22.499781006599427 40.248
v -52.13301126150501 19.90279734324645 40.248
v -53.702849738052215 17.22058684613664 40.248
v -55.04272436740959 14.464635152399099 40.248
v -56.14689760071294 11.646743670287798 40.248
v -57.0106411986615 8.778979043739708 40.248
v -57.630256478564526 5.87362148115294 40.248
v -58.003090152668406 2.943112169649102 40.248
v -58.12754568994215 5.5108569582496765e-15 40.248
v -58.003090152668406 -2.943112169649071 40.248
v -57.63025647856453 -5.8736214811529095 40.248
v -57.01064119866151 -8.778979043739676 40.248
v -56.146897600712954 -11.64674367028777 40.248
v -55.042724367409605 -14.46463515239907 40.248
v -53.70284973805223 -17.220586846136612 40.248
v -52.133011261505025 -19.902797343246423 40.248
v -50.33993122713057 -22.4997810065994 40.248
v -48.3312878789147 -25.0004171534529 40.248
v -46.11568253604701 -27.393997675921444 40.248
v -43.70260276075159 -29.67027289473866 40.248
v -41.10238173108899 -31.81949544995744 40.248
v -38.326153992701414 -33.8324620406417 40.248
v -35.3858077789789 -35.700552834813855 40.248
v -32.29393410381878 -37.41576838089875 40.248
v -29.0637728449711 -38.97076386260339 40.248
v -25.70915604884967 -40.358880550547845 40.248
v -22.244448699585675 -41.57417431596678 40.248
v -18.684487205960114 -42.6114410843814 40.248
v -15.044515869624018 -43.466239120245234 40.248
v -11.340121606658046 -44.13490804713776 40.248
v -7.587167202005273 -44.61458452205809 40.248
v -3.8017233825903642 -44.90321449669934 40.248
v -1.0677856915721877e-14 -44.999562013198826 40.248
v 3.8017233825902914 -44.90321449669935 40.248
v 7.587167202005202 -44.6145845220581 40.248
v 11.340121606657974 -44.13490804713778 40.248
v 15.044515869623947 -43.46623912024525 40.248
v 18.684487205960092 -42.611441084381404 40.248
v 22.244448699585607 -41.5741743159668 40.248
v 25.709156048849653 -40.35888055054785 40.248
v 29.063772844971037 -38.97076386260342 40.248
v 32.293934103818714 -37.41576838089878 40.248
v 35.385807778978844 -35.70055283481389 40.248
v 38.32615399270138 -33.83246204064172 40.248
v 41.10238173108896 -31.819495449957465 40.248
v 43.702602760751546 -29.6702728947387 40.248
v 46.11568253604698 -27.393997675921476 40.248
v 48.33128787891465 -25.000417153452947 40.248
v 50.33993122713054 -22.499781006599434 40.248
v 52.13301126150499 -19.902797343246473 40.248
v 53.7028497380522 -17.220586846136666 40.248
v 55.04272436740959 -14.464635152399104 40.248
v 56.14689760071293 -11.646743670287824 40.248
v 57.010641198661496 -8.778979043739712 40.248
v 57.63025647856452 -5.873621481152966 40.248
v 58.003090152668406 -2.943112169649107 40.248
v 55.12754568994215 0.0 40.248
v 55.00951338295259 2.7469027819586502 40.248
v 54.6559218944431 5.482042904492766 40.248
v 54.06828535745181 8.193708077691307 40.248
v 53.24912012184574 10.870286534980224 40.248
v 52.20193397892428 13.500316756489605 40.248
v 50.93121114051836 16.072536549041367 40.248
v 49.44239303690696 18.57593127258943 40.248
v 47.74185501577725 20.99978100659941 40.248
v 45.83687904200705 23.333706454394104 40.248
v 43.7356225151733 25.567713388895292 40.248
v 41.447083338314634 27.692235449438467 40.248
v 38.98106138752933 29.69817510639782 40.248
v 36.348116547401204 31.57694261820477 40.248
v 33.559523491952724 33.32049281394016 40.248
v 30.62722340475994 34.92135954399113 40.248
v 27.563772844971083 36.37268765125008 40.248
v 24.382289978192674 37.66826232594978 40.248
v 21.096398402490376 38.80253571843293 40.248
v 17.720168810050623 39.77065069589608 40.248
v 14.268058734316423 40.568461641378036 40.248
v 10.754850640609643 41.192552205928074 40.248
v 7.1955886253450725 41.640249937936666 40.248
v 3.605513994899914 41.90963772698353 40.248
v 3.3755886187018564e-15 41.999562013198826 40.248
v -3.605513994899895 41.90963772698353 40.248
v -7.195588625345055 41.640249937936666 40.248
v -10.754850640609622 41.19255220592808 40.248
v -14.268058734316405 40.56846164137804 40.248
v -17.720168810050602 39.77065069589609 40.248
v -21.096398402490358 38.802535718432935 40.248
v -24.382289978192656 37.66826232594979 40.248
v -27.563772844971066 36.37268765125009 40.248
v -30.627223404759917 34.92135954399114 40.248
v -33.5595234919527 33.32049281394017 40.248
v -36.348116547401176 31.576942618204793 40.248
v -38.98106138752932 29.69817510639782 40.248
v -41.447083338314634 27.692235449438474 40.248
v -43.73562251517328 25.567713388895307 40.248
v -45.83687904200704 23.333706454394118 40.248
v -47.74185501577723 20.999781006599427 40.248
v -49.44239303690694 18.575931272589447 40.248
v -50.93121114051836 16.07253654904137 40.248
v -52.201933978924274 13.500316756489614 40.248
v -53.249120121845735 10.870286534980236 40.248
v -54.06828535745181 8.193708077691321 40.248
v -54.6559218944431 5.482042904492784 40.248
v -55.00951338295259 2.746902781958671 40.248
v -55.12754568994215 5.143462918505471e-15 40.248
v -55.00951338295259 -2.7469027819586422 40.248
v -54.655921894443104 -5.482042904492756 40.248
v -54.06828535745182 -8.193708077691293 40.248
v -53.24912012184575 -10.870286534980208 40.248
v -52.20193397892429 -13.500316756489587 40.248
v -50.93121114051837 -16.072536549041345 40.248
v -49.44239303690696 -18.575931272589422 40.248
v -47.741855015777254 -20.999781006599402 40.248
v -45.83687904200706 -23.333706454394093 40.248
v -43.735622515173304 -25.567713388895285 40.248
v -41.447083338314656 -27.692235449438453 40.248
v -38.98106138752935 -29.698175106397798 40.248
v -36.34811654740121 -31.57694261820477 40.248
v -33.55952349195274 -33.320492813940156 40.248
v -30.62722340475997 -34.921359543991116 40.248
v -27.5637728449711 -36.372687651250075 40.248
v -24.382289978192667 -37.66826232594978 40.248
v -21.096398402490404 -38.80253571843292 40.248
v -17.720168810050627 -39.77065069589608 40.248
v -14.268058734316453 -40.56846164137803 40.248
v -10.75485064060966 -41.192552205928074 40.248
v -7.195588625345115 -41.64024993793666 40.248
v -3.6055139948999333 -41.90963772698353 40.248
v -1.0126765856105567e-14 -41.999562013198826 40.248
v 3.6055139948998645 -41.90963772698354 40.248
v 7.1955886253450485 -41.640249937936666 40.248
v 10.754850640609591 -41.19255220592809 40.248
v 14.268058734316387 -40.56846164137804 40.248
v 17.72016881005061 -39.77065069589609 40.248
v 21.09639840249034 -38.802535718432935 40.248
v 24.38228997819265 -37.66826232594979 40.248
v 27.56377284497104 -36.372687651250104 40.248
v 30.62722340475991 -34.921359543991144 40.248
v 33.55952349195268 -33.320492813940184 40.248
v 36.34811654740117 -31.576942618204793 40.248
v 38.981061387529316 -29.698175106397823 40.248
v 41.44708333831461 -27.692235449438492 40.248
v 43.735622515173276 -25.567713388895314 40.248
v 45.83687904200702 -23.333706454394136 40.248
v 47.741855015777226 -20.99978100659943 40.248
v 49.44239303690693 -18.575931272589468 40.248
v 50.93121114051834 -16.07253654904139 40.248
v 52.201933978924274 -13.50031675648962 40.248
v 53.24912012184573 -10.87028653498026 40.248
v 54.068285357451806 -8.193708077691326 40.248
v 54.65592189444309 -5.4820429044928085 40.248
v 55.00951338295259 -2.746902781958676 40.248
v 59.706066393946415 0.0 41.022
v 59.57823112267594 3.007026183565861 41.022
v 59.195272719121725 6.001175819366635 41.022
v 58.558831069960625 8.969627498991608 41.022
v 57.671631516042666 11.899669856623634 41.022
v 56.53747318206306 14.778756001059042 41.022
v 55.16121270812706 17.594557243422024 41.022
v 53.548743452871435 20.335015890503097 41.022
v 51.70697025719795 22.9883968776526 41.022
v 49.643779876684654 25.543338020129106 41.022
v 47.368007209287654 27.988898667718818 41.022
v 44.88939746295171 30.314606554279468 41.022
v 42.21856442513375 32.51050264159163 41.022
v 39.36694501293543 34.56718376548931 41.022
v 36.34675029846837 36.47584290165259 41.022
v 33.17091321916866 38.2283068786377 41.022
v 29.853033196973215 39.81707137665205 41.022
v 26.4073179035073 41.235333062203566 41.022
v 22.848522420653357 42.47701872101923 41.022
v 19.191886057025208 43.536811264480924 41.022
v 15.453067090908927 44.41017249821525 41.022
v 11.648075719111343 45.093362555338516 41.022
v 7.79320549883942 45.583455911140845 41.022
v 3.9049635761867916 45.87835391063221 41.022
v 3.6559421549512914e-15 45.97679375530521 41.022
v -3.9049635761867707 45.87835391063221 41.022
v -7.7932054988393995 45.58345591114085 41.022
v -11.648075719111322 45.093362555338516 41.022
v -15.453067090908908 44.41017249821526 41.022
v -19.191886057025187 43.53681126448093 41.022
v -22.848522420653335 42.47701872101923 41.022
v -26.40731790350728 41.23533306220357 41.022
v -29.853033196973193 39.81707137665205 41.022
v -33.17091321916863 38.22830687863771 41.022
v -36.34675029846835 36.4758429016526 41.022
v -39.36694501293541 34.56718376548933 41.022
v -42.21856442513374 32.51050264159163 41.022
v -44.889397462951706 30.314606554279475 41.022
v -47.36800720928764 27.988898667718832 41.022
v -49.64377987668464 25.54333802012912 41.022
v -51.70697025719794 22.98839687765262 41.022
v -53.54874345287142 20.33501589050312 41.022
v -55.16121270812706 17.594557243422027 41.022
v -56.53747318206305 14.778756001059053 41.022
v -57.67163151604266 11.899669856623646 41.022
v -58.558831069960625 8.969627498991624 41.022
v -59.195272719121725 6.001175819366654 41.022
v -59.57823112267594 3.007026183565884 41.022
v -59.706066393946415 5.630533330749254e-15 41.022
v -59.57823112267594 -3.007026183565852 41.022
v -59.19527271912173 -6.001175819366623 41.022
v -58.55883106996063 -8.969627498991592 41.022
v -57.67163151604267 -11.899669856623614 41.022
v -56.53747318206306 -14.778756001059023 41.022
v -55.161212708127074 -17.594557243422 41.022
v -53.548743452871435 -20.33501589050309 41.022
v -51.70697025719796 -22.98839687765259 41.022
v -49.64377987668466 -25.543338020129095 41.022
v -47.36800720928766 -27.988898667718807 41.022
v -44.889397462951734 -30.314606554279454 41.022
v -42.21856442513377 -32.51050264159161 41.022
v -39.36694501293544 -34.56718376548931 41.022
v -36.346750298468386 -36.47584290165258 41.022
v -33.170913219168696 -38.22830687863768 41.022
v -29.853033196973232 -39.817071376652045 41.022
v -26.407317903507295 -41.235333062203566 41.022
v -22.848522420653385 -42.47701872101921 41.022
v -19.191886057025215 -43.536811264480924 41.022
v -15.453067090908961 -44.41017249821525 41.022
v -11.648075719111365 -45.09336255533851 41.022
v -7.793205498839466 -45.58345591114084 41.022
v -3.9049635761868124 -45.87835391063221 41.022
v -1.0967826464853873e-14 -45.97679375530521 41.022
v 3.904963576186738 -45.87835391063221 41.022
v 7.793205498839393 -45.58345591114085 41.022
v 11.64807571911129 -45.09336255533852 41.022
v 15.453067090908888 -44.41017249821527 41.022
v 19.191886057025194 -43.53681126448093 41.022
v 22.848522420653318 -42.477018721019235 41.022
v 26.407317903507273 -41.23533306220357 41.022
v 29.85303319697317 -39.817071376652066 41.022
v 33.170913219168625 -38.22830687863772 41.022
v 36.34675029846833 -36.47584290165261 41.022
v 39.3669450129354 -34.56718376548933 41.022
v 42.218564425133735 -32.510502641591636 41.022
v 44.889397462951685 -30.314606554279493 41.022
v 47.36800720928764 -27.98889866771884 41.022
v 49.64377987668462 -25.54333802012914 41.022
v 51.70697025719793 -22.988396877652626 41.022
v 53.5487434528714 -20.33501589050314 41.022
v 55.161212708127046 -17.594557243422052 41.022
v 56.53747318206305 -14.778756001059058 41.022
v 57.67163151604265 -11.899669856623671 41.022
v 58.55883106996062 -8.96962749899163 41.022
v 59.19527271912172 -6.00117581936668 41.022
v 59.57823112267594 -3.0070261835658894 41.022
v 56.706066393946415 0.0 41.022
v 56.58465435296013 2.8108167958754318 41.022
v 56.22093813500029 5.60959724270648 41.022
v 55.616475228750936 8.384356532943222 41.022
v 54.77385403717546 11.12321272131607 41.022
v 53.696682793577736 13.814437605149559 41.022
v 52.3895741105932 16.446506946326753 41.022
v 50.858125228273366 19.008149819846093 41.022
v 49.108894045844636 21.4883968776526 41.022
v 47.149371039777016 23.8766273210703 41.022
v 44.98794718841395 26.162614380692656 41.022
v 42.63387804051478 28.336569108979262 41.022
v 40.097244081574104 30.389182298031983 41.022
v 37.38890756763523 32.31166434305238 41.022
v 34.52046601144221 34.095782880778884 41.022
v 31.504202520109853 35.733898041730065 41.022
v 28.353033196973215 37.218995165298736 41.022
v 25.080451832850297 38.5447148376055 41.022
v 21.700472123558086 39.70538012348536 41.022
v 18.22756766111572 40.69602087599561 41.022
v 14.676609955601366 41.51239501934805 41.022
v 11.06280475306296 42.15100671412882 41.022
v 7.401626922179265 42.609121327019416 41.022
v 3.7087541884963615 42.88477714091639 41.022
v 3.4722451350791887e-15 42.97679375530521 41.022
v -3.708754188496342 42.88477714091639 41.022
v -7.401626922179245 42.609121327019416 41.022
v -11.062804753062938 42.151006714128826 41.022
v -14.676609955601347 41.512395019348055 41.022
v -18.227567661115703 40.696020875995615 41.022
v -21.700472123558068 39.70538012348537 41.022
v -25.080451832850276 38.544714837605504 41.022
v -28.353033196973193 37.218995165298736 41.022
v -31.50420252010983 35.73389804173007 41.022
v -34.52046601144219 34.09578288077889 41.022
v -37.3889075676352 32.3116643430524 41.022
v -40.0972440815741 30.389182298031983 41.022
v -42.63387804051477 28.336569108979266 41.022
v -44.98794718841394 26.16261438069267 41.022
v -47.149371039777 23.876627321070313 41.022
v -49.10889404584462 21.48839687765262 41.022
v -50.85812522827336 19.00814981984611 41.022
v -52.3895741105932 16.44650694632676 41.022
v -53.696682793577736 13.814437605149568 41.022
v -54.773854037175454 11.123212721316083 41.022
v -55.616475228750936 8.384356532943238 41.022
v -56.22093813500029 5.6095972427064975 41.022
v -56.58465435296013 2.8108167958754535 41.022
v -56.706066393946415 5.263139291005048e-15 41.022
v -56.58465435296013 -2.8108167958754238 41.022
v -56.220938135000296 -5.609597242706469 41.022
v -55.61647522875094 -8.384356532943208 41.022
v -54.77385403717547 -11.123212721316055 41.022
v -53.69668279357774 -13.81443760514954 41.022
v -52.389574110593216 -16.44650694632673 41.022
v -50.858125228273366 -19.008149819846086 41.022
v -49.10889404584464 -21.488396877652594 41.022
v -47.14937103977703 -23.876627321070288 41.022
v -44.987947188413955 -26.16261438069265 41.022
v -42.6338780405148 -28.336569108979248 41.022
v -40.097244081574125 -30.389182298031965 41.022
v -37.388907567635236 -32.31166434305238 41.022
v -34.520466011442224 -34.09578288077888 41.022
v -31.504202520109885 -35.73389804173005 41.022
v -28.353033196973232 -37.21899516529873 41.022
v -25.08045183285029 -38.5447148376055 41.022
v -21.700472123558114 -39.705380123485355 41.022
v -18.227567661115728 -40.69602087599561 41.022
v -14.676609955601396 -41.51239501934805 41.022
v -11.062804753062977 -42.15100671412882 41.022
v -7.401626922179308 -42.60912132701941 41.022
v -3.7087541884963815 -42.88477714091639 41.022
v -1.0416735405237565e-14 -42.97679375530521 41.022
v 3.7087541884963104 -42.8847771409164 41.022
v 7.401626922179239 -42.609121327019416 41.022
v 11.062804753062908 -42.15100671412883 41.022
v 14.676609955601327 -41.51239501934806 41.022
v 18.22756766111571 -40.696020875995615 41.022
v 21.70047212355805 -39.70538012348538 41.022
v 25.08045183285027 -38.544714837605504 41.022
v 28.35303319697317 -37.21899516529875 41.022
v 31.50420252010982 -35.73389804173008 41.022
v 34.52046601144217 -34.095782880778906 41.022
v 37.388907567635194 -32.3116643430524 41.022
v 40.0972440815741 -30.38918229803199 41.022
v 42.63387804051476 -28.336569108979287 41.022
v 44.98794718841393 -26.162614380692677 41.022
v 47.14937103977698 -23.876627321070334 41.022
v 49.108894045844615 -21.488396877652622 41.022
v 50.85812522827334 -19.008149819846132 41.022
v 52.38957411059319 -16.44650694632678 41.022
v 53.696682793577736 -13.814437605149573 41.022
v 54.77385403717545 -11.123212721316106 41.022
v 55.61647522875093 -8.384356532943244 41.022
v 56.22093813500028 -5.609597242706522 41.022
v 56.58465435296013 -2.810816795875458 41.022
v 61.32978641857679 0.0 41.796
v 61.19847463809456 3.072427327351885 41.796
v 60.80510159385126 6.131698049200424 41.796
v 60.15135176961407 9.164711898646877 41.796
v 59.240024622495866 12.158481044751156 41.796
v 58.07502259525009 15.100185708417841 41.796
v 56.661334405411786 17.977229058658402 41.796
v 55.0050136828432 20.777291154155368 41.796
v 53.11315304716135 23.48838169914247 41.796
v 50.993853736051946 26.098891387691886 41.796
v 48.65619091452593 28.597641616544504 41.796
v 46.11017481366957 30.973932353605267 41.796
v 43.366707865298274 33.21758795712329 41.796
v 40.43753801606965 35.31900074935202 41.796
v 37.335208420972435 37.269172158100396 41.796
v 34.07300373161115 39.059751250000375 41.796
v 30.6648932092884 40.683070490485754 41.796
v 27.125470906483432 42.13217857735226 41.796
v 23.469893172878834 43.40087020730082 41.796
v 19.713813753544432 44.4837126479989 41.796
v 15.873316757197603 45.37606900187444 41.796
v 11.96484778158052 46.07411806202311 41.796
v 8.005143490885871 46.57487067520291 41.796
v 4.011159946791263 46.87618254184726 41.796
v 3.755366331495044e-15 46.976763398284945 41.796
v -4.011159946791242 46.87618254184726 41.796
v -8.00514349088585 46.57487067520291 41.796
v -11.964847781580497 46.07411806202312 41.796
v -15.873316757197582 45.37606900187445 41.796
v -19.71381375354441 44.48371264799891 41.796
v -23.469893172878816 43.40087020730083 41.796
v -27.12547090648341 42.13217857735227 41.796
v -30.66489320928838 40.68307049048576 41.796
v -34.073003731611124 39.05975125000039 41.796
v -37.335208420972414 37.26917215810041 41.796
v -40.437538016069624 35.31900074935204 41.796
v -43.36670786529827 33.21758795712329 41.796
v -46.110174813669566 30.97393235360527 41.796
v -48.656190914525915 28.597641616544518 41.796
v -50.99385373605193 26.0988913876919 41.796
v -53.11315304716133 23.488381699142487 41.796
v -55.005013682843185 20.777291154155385 41.796
v -56.661334405411786 17.977229058658406 41.796
v -58.07502259525008 15.100185708417852 41.796
v -59.24002462249586 12.15848104475117 41.796
v -60.15135176961407 9.164711898646894 41.796
v -60.80510159385126 6.131698049200444 41.796
v -61.19847463809456 3.072427327351908 41.796
v -61.32978641857679 5.752994293001219e-15 41.796
v -61.19847463809456 -3.0724273273518756 41.796
v -60.80510159385127 -6.131698049200412 41.796
v -60.151351769614074 -9.16471189864686 41.796
v -59.24002462249587 -12.158481044751138 41.796
v -58.0750225952501 -15.100185708417822 41.796
v -56.6613344054118 -17.977229058658377 41.796
v -55.0050136828432 -20.777291154155357 41.796
v -53.113153047161354 -23.488381699142458 41.796
v -50.99385373605196 -26.098891387691875 41.796
v -48.656190914525936 -28.597641616544493 41.796
v -46.110174813669595 -30.97393235360525 41.796
v -43.366707865298295 -33.21758795712327 41.796
v -40.43753801606966 -35.31900074935202 41.796
v -37.33520842097245 -37.26917215810039 41.796
v -34.07300373161119 -39.05975125000036 41.796
v -30.664893209288422 -40.68307049048575 41.796
v -27.125470906483425 -42.13217857735226 41.796
v -23.469893172878866 -43.40087020730081 41.796
v -19.71381375354444 -44.4837126479989 41.796
v -15.873316757197637 -45.376069001874434 41.796
v -11.96484778158054 -46.0741180620231 41.796
v -8.005143490885919 -46.5748706752029 41.796
v -4.011159946791285 -46.87618254184726 41.796
v -1.1266098994485131e-14 -46.976763398284945 41.796
v 4.011159946791208 -46.87618254184726 41.796
v 8.005143490885844 -46.57487067520291 41.796
v 11.964847781580463 -46.074118062023125 41.796
v 15.873316757197562 -45.37606900187445 41.796
v 19.713813753544418 -44.48371264799891 41.796
v 23.469893172878795 -43.400870207300834 41.796
v 27.125470906483404 -42.13217857735227 41.796
v 30.664893209288355 -40.683070490485775 41.796
v 34.07300373161112 -39.05975125000039 41.796
v 37.335208420972386 -37.269172158100424 41.796
v 40.43753801606962 -35.31900074935204 41.796
v 43.36670786529826 -33.21758795712329 41.796
v 46.110174813669545 -30.973932353605292 41.796
v 48.65619091452591 -28.59764161654452 41.796
v 50.99385373605191 -26.09889138769192 41.796
v 53.113153047161326 -23.488381699142494 41.796
v 55.00501368284316 -20.77729115415541 41.796
v 56.66133440541177 -17.97722905865843 41.796
v 58.07502259525008 -15.100185708417857 41.796
v 59.24002462249585 -12.158481044751195 41.796
v 60.15135176961406 -9.1647118986469 41.796
v 60.805101593851255 -6.1316980492004705 41.796
v 61.19847463809456 -3.0724273273519134 41.796
v 58.32978641857679 0.0 41.796
v 58.20489786837875 2.876217939661456 41.796
v 57.83076700972983 5.740119472540269 41.796
v 57.20899592840438 8.579440932598493 41.796
v 56.34224714362866 11.382023909443594 41.796
v 55.23423220676477 14.135867312508358 41.796
v 53.88969580787793 16.82917876156313 41.796
v 52.31439545824514 19.450425083498363 41.796
v 50.51507683580803 21.98838169914247 41.796
v 48.49944489914431 24.43218068863308 41.796
v 46.27613089365222 26.77135732951834 41.796
v 43.85465539123264 28.99589490830506 41.796
v 41.24538752173863 31.096267613563647 41.796
v 38.45950057076944 33.06348132691509 41.796
v 35.50892413394627 34.88911213722669 41.796
v 32.40629303255235 36.565342413092736 41.796
v 29.1648932092884 38.08499427913244 41.796
v 25.798604835826428 39.4415603527542 41.796
v 22.321842875783567 40.62923160976696 41.796
v 18.749495357634945 41.64292225951358 41.796
v 15.09685962189004 42.478291523007236 41.796
v 11.379576815532134 43.13176222081342 41.796
v 7.613564914225716 43.60053609108147 41.796
v 3.8149505591008332 43.88260577213144 41.796
v 3.571669311622941e-15 43.976763398284945 41.796
v -3.8149505591008133 43.88260577213144 41.796
v -7.613564914225696 43.60053609108148 41.796
v -11.379576815532113 43.13176222081343 41.796
v -15.09685962189002 42.47829152300724 41.796
v -18.749495357634927 41.64292225951359 41.796
v -22.321842875783545 40.62923160976697 41.796
v -25.79860483582641 39.4415603527542 41.796
v -29.16489320928838 38.084994279132445 41.796
v -32.40629303255232 36.56534241309275 41.796
v -35.50892413394625 34.889112137226704 41.796
v -38.45950057076942 33.06348132691511 41.796
v -41.24538752173862 31.096267613563647 41.796
v -43.85465539123263 28.995894908305065 41.796
v -46.27613089365221 26.771357329518356 41.796
v -48.4994448991443 24.432180688633093 41.796
v -50.51507683580802 21.988381699142487 41.796
v -52.31439545824512 19.45042508349838 41.796
v -53.88969580787793 16.82917876156314 41.796
v -55.234232206764766 14.135867312508367 41.796
v -56.342247143628654 11.382023909443607 41.796
v -57.20899592840438 8.579440932598509 41.796
v -57.83076700972983 5.740119472540288 41.796
v -58.20489786837875 2.8762179396614775 41.796
v -58.32978641857679 5.385600253257014e-15 41.796
v -58.20489786837875 -2.876217939661447 41.796
v -57.83076700972984 -5.7401194725402584 41.796
v -57.208995928404384 -8.579440932598478 41.796
v -56.34224714362866 -11.382023909443577 41.796
v -55.23423220676478 -14.135867312508339 41.796
v -53.889695807877935 -16.829178761563107 41.796
v -52.31439545824514 -19.450425083498356 41.796
v -50.51507683580804 -21.98838169914246 41.796
v -48.49944489914432 -24.432180688633068 41.796
v -46.27613089365223 -26.77135732951833 41.796
v -43.85465539123266 -28.995894908305047 41.796
v -41.24538752173865 -31.096267613563626 41.796
v -38.45950057076945 -33.06348132691509 41.796
v -35.50892413394629 -34.88911213722668 41.796
v -32.40629303255238 -36.56534241309272 41.796
v -29.16489320928842 -38.08499427913243 41.796
v -25.79860483582642 -39.4415603527542 41.796
v -22.321842875783595 -40.62923160976695 41.796
v -18.749495357634952 -41.64292225951358 41.796
v -15.096859621890072 -42.47829152300723 41.796
v -11.379576815532154 -43.131762220813414 41.796
v -7.613564914225761 -43.60053609108147 41.796
v -3.8149505591008537 -43.88260577213144 41.796
v -1.0715007934868823e-14 -43.976763398284945 41.796
v 3.814950559100781 -43.88260577213145 41.796
v 7.61356491422569 -43.60053609108148 41.796
v 11.379576815532081 -43.13176222081343 41.796
v 15.096859621890001 -42.47829152300724 41.796
v 18.749495357634935 -41.64292225951359 41.796
v 22.321842875783528 -40.62923160976697 41.796
v 25.798604835826403 -39.4415603527542 41.796
v 29.164893209288355 -38.08499427913246 41.796
v 32.40629303255231 -36.56534241309276 41.796
v 35.50892413394622 -34.88911213722672 41.796
v 38.459500570769414 -33.06348132691511 41.796
v 41.24538752173862 -31.09626761356365 41.796
v 43.85465539123262 -28.995894908305086 41.796
v 46.2761308936522 -26.77135732951836 41.796
v 48.49944489914428 -24.432180688633114 41.796
v 50.51507683580801 -21.98838169914249 41.796
v 52.3143954582451 -19.450425083498406 41.796
v 53.889695807877914 -16.82917876156316 41.796
v 55.234232206764766 -14.135867312508372 41.796
v 56.34224714362865 -11.382023909443632 41.796
v 57.20899592840437 -8.579440932598512 41.796
v 57.830767009729826 -5.7401194725403135 41.796
v 58.20489786837875 -2.8762179396614824 41.796
v 63.0 0.0 42.57
v 62.86511216403202 3.1393502030468667 42.57
v 62.46102626655006 6.2652572265624755 42.57
v 61.789472665403515 9.364335456774157 42.57
v 60.853327056211306 12.423314164920995 42.57
v 59.656598158191656 15.429094334551753 42.57
v 58.204410548211065 18.36880475352431 42.57
v 56.502982716559366 21.22985713051206 42.57
v 54.559600438419636 23.999999999999996 42.57
v 52.38258557506035 26.667371184940905 42.57
v 49.981260438347825 29.220548592418588 42.57
v 47.36590787117557 31.648599124803305 42.57
v 44.5477272147525 33.941125496954285 42.57
v 41.538786351304346 36.08831075899091 42.57
v 38.3519700275494 38.08096033397929 42.57
v 35.00092468023495 39.91054139052217 42.57
v 31.500000000000007 41.569219381653056 42.57
v 27.864187483797092 43.049891593569036 42.57
v 24.109056239000658 44.34621756054176 42.57
v 20.250686314099188 45.45264621576507 42.57
v 16.30559984145882 46.364439661875274 42.57
v 12.290690287016085 47.07769345935506 42.57
v 8.223150109863258 47.5893533459429 42.57
v 4.120397141499026 47.89722831545296 42.57
v 3.857637417314163e-15 48.0 42.57
v -4.120397141499004 47.89722831545296 42.57
v -8.223150109863237 47.589353345942904 42.57
v -12.290690287016062 47.07769345935507 42.57
v -16.3055998414588 46.36443966187528 42.57
v -20.250686314099166 45.45264621576507 42.57
v -24.10905623900064 44.34621756054177 42.57
v -27.86418748379707 43.04989159356904 42.57
v -31.499999999999986 41.569219381653056 42.57
v -35.000924680234924 39.91054139052218 42.57
v -38.35197002754938 38.0809603339793 42.57
v -41.53878635130432 36.08831075899093 42.57
v -44.54772721475249 33.941125496954285 42.57
v -47.365907871175565 31.64859912480331 42.57
v -49.98126043834781 29.220548592418602 42.57
v -52.38258557506033 26.66737118494092 42.57
v -54.55960043841962 24.000000000000014 42.57
v -56.50298271655935 21.22985713051208 42.57
v -58.204410548211065 18.368804753524316 42.57
v -59.65659815819165 15.429094334551763 42.57
v -60.8533270562113 12.42331416492101 42.57
v -61.789472665403515 9.364335456774173 42.57
v -62.46102626655006 6.265257226562495 42.57
v -62.86511216403202 3.1393502030468907 42.57
v -63.0 5.878304635907295e-15 42.57
v -62.86511216403202 -3.139350203046858 42.57
v -62.461026266550064 -6.265257226562463 42.57
v -61.78947266540352 -9.364335456774139 42.57
v -60.85332705621131 -12.423314164920978 42.57
v -59.65659815819166 -15.429094334551731 42.57
v -58.20441054821108 -18.368804753524284 42.57
v -56.502982716559366 -21.229857130512052 42.57
v -54.55960043841964 -23.999999999999986 42.57
v -52.38258557506036 -26.667371184940894 42.57
v -49.98126043834783 -29.220548592418574 42.57
v -47.365907871175594 -31.64859912480329 42.57
v -44.54772721475252 -33.941125496954264 42.57
v -41.53878635130435 -36.08831075899091 42.57
v -38.35197002754941 -38.08096033397928 42.57
v -35.00092468023499 -39.91054139052215 42.57
v -31.50000000000003 -41.56921938165305 42.57
v -27.864187483797085 -43.049891593569036 42.57
v -24.10905623900069 -44.34621756054175 42.57
v -20.250686314099195 -45.45264621576507 42.57
v -16.305599841458857 -46.36443966187527 42.57
v -12.290690287016107 -47.077693459355054 42.57
v -8.223150109863306 -47.5893533459429 42.57
v -4.120397141499048 -47.89722831545296 42.57
v -1.1572912251942487e-14 -48.0 42.57
v 4.1203971414989695 -47.89722831545297 42.57
v 8.22315010986323 -47.589353345942904 42.57
v 12.290690287016027 -47.077693459355075 42.57
v 16.30559984145878 -46.36443966187528 42.57
v 20.250686314099173 -45.45264621576507 42.57
v 24.10905623900062 -44.346217560541774 42.57
v 27.864187483797064 -43.04989159356904 42.57
v 31.499999999999957 -41.56921938165307 42.57
v 35.00092468023492 -39.910541390522184 42.57
v 38.35197002754935 -38.08096033397931 42.57
v 41.53878635130431 -36.08831075899093 42.57
v 44.547727214752484 -33.941125496954285 42.57
v 47.365907871175544 -31.648599124803333 42.57
v 49.9812604383478 -29.22054859241861 42.57
v 52.38258557506032 -26.66737118494094 42.57
v 54.559600438419615 -24.00000000000002 42.57
v 56.50298271655933 -21.229857130512105 42.57
v 58.20441054821105 -18.368804753524337 42.57
v 59.65659815819165 -15.42909433455177 42.57
v 60.85332705621129 -12.423314164921035 42.57
v 61.78947266540351 -9.364335456774178 42.57
v 62.46102626655005 -6.2652572265625235 42.57
v 62.86511216403202 -3.139350203046896 42.57
v 60.0 0.0 42.57
v 59.87153539431621 2.9431408153564376 42.57
v 59.48669168242862 5.87367864990232 42.57
v 58.847116824193826 8.779064490725771 42.57
v 57.9555495773441 11.646857029613432 42.57
v 56.81580776970634 14.46477593864227 42.57
v 55.43277195067721 17.22075445642904 42.57
v 53.812364491961304 19.902991059855054 42.57
v 51.96152422706632 22.499999999999996 42.57
v 49.888176738152715 25.000660485882097 42.57
v 47.60120041747412 27.394264305392426 42.57
v 45.11038844873865 29.6705616795031 42.57
v 42.42640687119285 31.81980515339464 42.57
v 39.560748906004136 33.832791336553974 42.57
v 36.52568574052324 35.700900313105585 42.57
v 33.33421398117614 37.41613255361453 42.57
v 30.000000000000007 38.97114317029974 42.57
v 26.537321413140088 40.359273368970975 42.57
v 22.96100594190539 41.5745789630079 42.57
v 19.2863679181897 42.611855827279754 42.57
v 15.529142706151259 43.46666218300807 42.57
v 11.7054193209677 44.13533761814537 42.57
v 7.831571533203102 44.61501876182147 42.57
v 3.9241877538085963 44.903651545737155 42.57
v 3.67394039744206e-15 45.0 42.57
v -3.9241877538085754 44.903651545737155 42.57
v -7.831571533203083 44.615018761821474 42.57
v -11.705419320967678 44.13533761814537 42.57
v -15.529142706151237 43.466662183008076 42.57
v -19.286367918189683 42.611855827279754 42.57
v -22.96100594190537 41.57457896300791 42.57
v -26.537321413140067 40.359273368970975 42.57
v -29.999999999999986 38.97114317029974 42.57
v -33.33421398117612 37.41613255361454 42.57
v -36.52568574052322 35.70090031310559 42.57
v -39.56074890600411 33.832791336553996 42.57
v -42.426406871192846 31.81980515339464 42.57
v -45.11038844873864 29.670561679503102 42.57
v -47.601200417474104 27.39426430539244 42.57
v -49.8881767381527 25.00066048588211 42.57
v -51.961524227066306 22.500000000000014 42.57
v -53.81236449196129 19.902991059855076 42.57
v -55.43277195067721 17.220754456429045 42.57
v -56.81580776970633 14.464775938642278 42.57
v -57.955549577344094 11.646857029613447 42.57
v -58.847116824193826 8.779064490725787 42.57
v -59.48669168242862 5.87367864990234 42.57
v -59.87153539431621 2.94314081535646 42.57
v -60.0 5.5109105961630896e-15 42.57
v -59.87153539431621 -2.943140815356429 42.57
v -59.48669168242863 -5.87367864990231 42.57
v -58.84711682419383 -8.779064490725757 42.57
v -57.95554957734411 -11.646857029613416 42.57
v -56.815807769706346 -14.46477593864225 42.57
v -55.43277195067722 -17.220754456429017 42.57
v -53.812364491961304 -19.902991059855047 42.57
v -51.96152422706633 -22.499999999999986 42.57
v -49.88817673815273 -25.000660485882086 42.57
v -47.601200417474125 -27.394264305392415 42.57
v -45.11038844873866 -29.670561679503084 42.57
v -42.426406871192874 -31.819805153394622 42.57
v -39.56074890600414 -33.832791336553974 42.57
v -36.52568574052325 -35.70090031310557 42.57
v -33.33421398117618 -37.41613255361452 42.57
v -30.00000000000003 -38.97114317029973 42.57
v -26.53732141314008 -40.359273368970975 42.57
v -22.96100594190542 -41.574578963007895 42.57
v -19.286367918189708 -42.611855827279754 42.57
v -15.52914270615129 -43.46666218300806 42.57
v -11.705419320967719 -44.135337618145364 42.57
v -7.8315715332031495 -44.61501876182146 42.57
v -3.924187753808617 -44.903651545737155 42.57
v -1.1021821192326178e-14 -45.0 42.57
v 3.924187753808542 -44.90365154573716 42.57
v 7.831571533203076 -44.615018761821474 42.57
v 11.705419320967644 -44.13533761814538 42.57
v 15.529142706151218 -43.466662183008076 42.57
v 19.28636791818969 -42.611855827279754 42.57
v 22.96100594190535 -41.574578963007916 42.57
v 26.537321413140063 -40.359273368970975 42.57
v 29.99999999999996 -38.971143170299754 42.57
v 33.33421398117611 -37.416132553614545 42.57
v 36.525685740523194 -35.700900313105606 42.57
v 39.56074890600411 -33.832791336553996 42.57
v 42.42640687119284 -31.819805153394647 42.57
v 45.11038844873862 -29.670561679503123 42.57
v 47.6012004174741 -27.394264305392444 42.57
v 49.88817673815268 -25.000660485882133 42.57
v 51.961524227066306 -22.50000000000002 42.57
v 53.81236449196127 -19.902991059855097 42.57
v 55.43277195067719 -17.220754456429066 42.57
v 56.81580776970633 -14.464775938642283 42.57
v 57.95554957734409 -11.646857029613471 42.57
v 58.84711682419382 -8.779064490725792 42.57
v 59.486691682428614 -5.873678649902366 42.57
v 59.87153539431621 -2.943140815356465 42.57
v 90.0 0.0 42.57
v 89.96142756951996 52.16295848905584 42.57
v 89.84547781258044 59.89382415342488 42.57
v 89.65144570284689 64.90671873435346 42.57
v 89.37813022619684 68.68181375949018 42.57
v 89.0237934776684 71.72364442401181 42.57
v 88.58609924885704 74.26948997949467 42.57
v 88.0620263160419 76.45108903734662 42.57
v 87.44774920767662 78.34955069665116 42.57
v 86.73847569599958 80.01848105381225 42.57
v 85.92822492069044 81.49518219179609 42.57
v 85.00952171486743 82.80663950036667 42.57
v 83.97296923831267 83.97296923831267 42.57
v 82.80663950036667 85.00952171486742 42.57
v 81.49518219179609 85.92822492069044 42.57
v 80.01848105381225 86.73847569599957 42.57
v 78.34955069665116 87.44774920767661 42.57
v 76.45108903734663 88.06202631604188 42.57
v 74.26948997949467 88.58609924885704 42.57
v 71.72364442401182 89.0237934776684 42.57
v 68.6818137594902 89.37813022619684 42.57
v 64.90671873435346 89.65144570284689 42.57
v 59.89382415342489 89.84547781258044 42.57
v 52.162958489055875 89.96142756951996 42.57
v 0.05148001688187476 90.0 42.57
v -52.162958489055825 89.96142756951996 42.57
v -59.89382415342486 89.84547781258046 42.57
v -64.90671873435343 89.65144570284689 42.57
v -68.68181375949018 89.37813022619684 42.57
v -71.72364442401181 89.0237934776684 42.57
v -74.26948997949465 88.58609924885704 42.57
v -76.45108903734662 88.0620263160419 42.57
v -78.34955069665116 87.44774920767662 42.57
v -80.01848105381225 86.73847569599958 42.57
v -81.49518219179608 85.92822492069044 42.57
v -82.80663950036667 85.00952171486743 42.57
v -83.97296923831267 83.97296923831267 42.57
v -85.00952171486742 82.80663950036667 42.57
v -85.92822492069044 81.4951821917961 42.57
v -86.73847569599957 80.01848105381227 42.57
v -87.44774920767661 78.34955069665118 42.57
v -88.06202631604188 76.45108903734665 42.57
v -88.58609924885704 74.26948997949467 42.57
v -89.0237934776684 71.72364442401182 42.57
v -89.37813022619684 68.6818137594902 42.57
v -89.65144570284689 64.90671873435348 42.57
v -89.84547781258044 59.89382415342492 42.57
v -89.96142756951996 52.162958489055924 42.57
v -90.0 0.059135010707429124 42.57
v -89.96142756951996 -52.16295848905581 42.57
v -89.84547781258046 -59.89382415342486 42.57
v -89.65144570284689 -64.90671873435343 42.57
v -89.37813022619684 -68.68181375949017 42.57
v -89.02379347766842 -71.7236444240118 42.57
v -88.58609924885705 -74.26948997949464 42.57
v -88.0620263160419 -76.45108903734662 42.57
v -87.44774920767662 -78.34955069665116 42.57
v -86.73847569599958 -80.01848105381225 42.57
v -85.92822492069044 -81.49518219179608 42.57
v -85.00952171486743 -82.80663950036667 42.57
v -83.97296923831267 -83.97296923831266 42.57
v -82.80663950036669 -85.00952171486742 42.57
v -81.4951821917961 -85.92822492069044 42.57
v -80.01848105381228 -86.73847569599957 42.57
v -78.34955069665118 -87.44774920767661 42.57
v -76.45108903734663 -88.06202631604188 42.57
v -74.26948997949468 -88.58609924885704 42.57
v -71.72364442401184 -89.0237934776684 42.57
v -68.68181375949023 -89.37813022619684 42.57
v -64.90671873435348 -89.65144570284689 42.57
v -59.89382415342497 -89.84547781258044 42.57
v -52.16295848905593 -89.96142756951996 42.57
v -0.06413024980168053 -90.0 42.57
v 52.16295848905573 -89.96142756951997 42.57
v 59.89382415342485 -89.84547781258046 42.57
v 64.90671873435339 -89.65144570284689 42.57
v 68.68181375949017 -89.37813022619684 42.57
v 71.72364442401181 -89.0237934776684 42.57
v 74.26948997949464 -88.58609924885705 42.57
v 76.45108903734662 -88.0620263160419 42.57
v 78.34955069665115 -87.44774920767662 42.57
v 80.01848105381225 -86.73847569599958 42.57
v 81.49518219179606 -85.92822492069044 42.57
v 82.80663950036667 -85.00952171486743 42.57
v 83.97296923831267 -83.97296923831267 42.57
v 85.00952171486742 -82.80663950036669 42.57
v 85.92822492069044 -81.4951821917961 42.57
v 86.73847569599957 -80.01848105381228 42.57
v 87.44774920767661 -78.34955069665118 42.57
v 88.06202631604188 -76.45108903734666 42.57
v 88.58609924885704 -74.2694899794947 42.57
v 89.0237934776684 -71.72364442401184 42.57
v 89.37813022619684 -68.68181375949023 42.57
v 89.65144570284689 -64.90671873435349 42.57
v 89.84547781258044 -59.89382415342497 42.57
v 89.96142756951996 -52.16295848905594 42.57
v 90.0 0.0 46.17
v 89.96142756951996 52.16295848905584 46.17
v 89.84547781258044 59.89382415342488 46.17
v 89.65144570284689 64.90671873435346 46.17
v 89.37813022619684 68.68181375949018 46.17
v 89.0237934776684 71.72364442401181 46.17
v 88.58609924885704 74.26948997949467 46.17
v 88.0620263160419 76.45108903734662 46.17
v 87.44774920767662 78.34955069665116 46.17
v 86.73847569599958 80.01848105381225 46.17
v 85.92822492069044 81.49518219179609 46.17
v 85.00952171486743 82.80663950036667 46.17
v 83.97296923831267 83.97296923831267 46.17
v 82.80663950036667 85.00952171486742 46.17
v 81.49518219179609 85.92822492069044 46.17
v 80.01848105381225 86.73847569599957 46.17
v 78.34955069665116 87.44774920767661 46.17
v 76.45108903734663 88.06202631604188 46.17
v 74.26948997949467 88.58609924885704 46.17
v 71.72364442401182 89.0237934776684 46.17
v 68.6818137594902 89.37813022619684 46.17
v 64.90671873435346 89.65144570284689 46.17
v 59.89382415342489 89.84547781258044 46.17
v 52.162958489055875 89.96142756951996 46.17
v 0.05148001688187476 90.0 46.17
v -52.162958489055825 89.96142756951996 46.17
v -59.89382415342486 89.84547781258046 46.17
v -64.90671873435343 89.65144570284689 46.17
v -68.68181375949018 89.37813022619684 46.17
v -71.72364442401181 89.0237934776684 46.17
v -74.26948997949465 88.58609924885704 46.17
v -76.45108903734662 88.0620263160419 46.17
v -78.34955069665116 87.44774920767662 46.17
v -80.01848105381225 86.73847569599958 46.17
v -81.49518219179608 85.92822492069044 46.17
v -82.80663950036667 85.00952171486743 46.17
v -83.97296923831267 83.97296923831267 46.17
v -85.00952171486742 82.80663950036667 46.17
v -85.92822492069044 81.4951821917961 46.17
v -86.73847569599957 80.01848105381227 46.17
v -87.44774920767661 78.34955069665118 46.17
v -88.06202631604188 76.45108903734665 46.17
v -88.58609924885704 74.26948997949467 46.17
v -89.0237934776684 71.72364442401182 46.17
v -89.37813022619684 68.6818137594902 46.17
v -89.65144570284689 64.90671873435348 46.17
v -89.84547781258044 59.89382415342492 46.17
v -89.96142756951996 52.162958489055924 46.17
v -90.0 0.059135010707429124 46.17
v -89.96142756951996 -52.16295848905581 46.17
v -89.84547781258046 -59.89382415342486 46.17
v -89.65144570284689 -64.90671873435343 46.17
v -89.37813022619684 -68.68181375949017 46.17
v -89.02379347766842 -71.7236444240118 46.17
v -88.58609924885705 -74.26948997949464 46.17
v -88.0620263160419 -76.45108903734662 46.17
v -87.44774920767662 -78.34955069665116 46.17
v -86.73847569599958 -80.01848105381225 46.17
v -85.92822492069044 -81.49518219179608 46.17
v -85.00952171486743 -82.80663950036667 46.17
v -83.97296923831267 -83.97296923831266 46.17
v -82.80663950036669 -85.00952171486742 46.17
v -81.4951821917961 -85.92822492069044 46.17
v -80.01848105381228 -86.73847569599957 46.17
v -78.34955069665118 -87.44774920767661 46.17
v -76.45108903734663 -88.06202631604188 46.17
v -74.26948997949468 -88.58609924885704 46.17
v -71.72364442401184 -89.0237934776684 46.17
v -68.68181375949023 -89.37813022619684 46.17
v -64.90671873435348 -89.65144570284689 46.17
v -59.89382415342497 -89.84547781258044 46.17
v -52.16295848905593 -89.96142756951996 46.17
v -0.06413024980168053 -90.0 46.17
v 52.16295848905573 -89.96142756951997 46.17
v 59.89382415342485 -89.84547781258046 46.17
v 64.90671873435339 -89.65144570284689 46.17
v 68.68181375949017 -89.37813022619684 46.17
v 71.72364442401181 -89.0237934776684 46.17
v 74.26948997949464 -88.58609924885705 46.17
v 76.45108903734662 -88.0620263160419 46.17
v 78.34955069665115 -87.44774920767662 46.17
v 80.01848105381225 -86.73847569599958 46.17
v 81.49518219179606 -85.92822492069044 46.17
v 82.80663950036667 -85.00952171486743 46.17
v 83.97296923831267 -83.97296923831267 46.17
v 85.00952171486742 -82.80663950036669 46.17
v 85.92822492069044 -81.4951821917961 46.17
v 86.73847569599957 -80.01848105381228 46.17
v 87.44774920767661 -78.34955069665118 46.17
v 88.06202631604188 -76.45108903734666 46.17
v 88.58609924885704 -74.2694899794947 46.17
v 89.0237934776684 -71.72364442401184 46.17
v 89.37813022619684 -68.68181375949023 46.17
v 89.65144570284689 -64.90671873435349 46.17
v 89.84547781258044 -59.89382415342497 46.17
v 89.96142756951996 -52.16295848905594 46.17
v 21.7 0.0 -4.199999999999999
v 21.653538634277695 1.4192479042941044 -4.199999999999999
v 21.514353491811686 2.832418371175119 -4.199999999999999
v 21.2830405847501 4.233459987749983 -4.199999999999999
v 20.96059043047278 5.6163732787247 -4.199999999999999
v 20.54838381004379 6.975236397078605 -4.199999999999999
v 20.04818585549492 8.304230482322447 -4.199999999999999
v 19.46213849125934 9.597664577752326 -4.199999999999999
v 18.79275126212232 10.849999999999998 -4.199999999999999
v 18.042890586965232 12.055874056525367 -4.199999999999999
v 17.215767484319805 13.210123009489235 -4.199999999999999
v 16.31492382229381 14.307804187671493 -4.199999999999999
v 15.344217151748081 15.344217151748081 -4.199999999999999
v 14.307804187671495 16.314923822293807 -4.199999999999999
v 13.210123009489237 17.2157674843198 -4.199999999999999
v 12.055874056525372 18.04289058696523 -4.199999999999999
v 10.850000000000001 18.792751262122316 -4.199999999999999
v 9.597664577752331 19.462138491259335 -4.199999999999999
v 8.304230482322449 20.04818585549492 -4.199999999999999
v 6.975236397078609 20.54838381004379 -4.199999999999999
v 5.616373278724705 20.96059043047278 -4.199999999999999
v 4.233459987749985 21.2830405847501 -4.199999999999999
v 2.832418371175122 21.514353491811686 -4.199999999999999
v 1.4192479042941089 21.653538634277695 -4.199999999999999
v 1.3287417770748782e-15 21.7 -4.199999999999999
v -1.4192479042941013 21.653538634277695 -4.199999999999999
v -2.8324183711751147 21.514353491811686 -4.199999999999999
v -4.233459987749977 21.2830405847501 -4.199999999999999
v -5.616373278724698 20.96059043047278 -4.199999999999999
v -6.975236397078602 20.54838381004379 -4.199999999999999
v -8.304230482322442 20.048185855494925 -4.199999999999999
v -9.597664577752324 19.46213849125934 -4.199999999999999
v -10.849999999999994 18.79275126212232 -4.199999999999999
v -12.055874056525361 18.042890586965232 -4.199999999999999
v -13.21012300948923 17.21576748431981 -4.199999999999999
v -14.307804187671486 16.314923822293817 -4.199999999999999
v -15.34421715174808 15.344217151748081 -4.199999999999999
v -16.314923822293807 14.307804187671495 -4.199999999999999
v -17.2157674843198 13.210123009489243 -4.199999999999999
v -18.042890586965225 12.055874056525374 -4.199999999999999
v -18.792751262122316 10.850000000000007 -4.199999999999999
v -19.46213849125933 9.597664577752337 -4.199999999999999
v -20.04818585549492 8.30423048232245 -4.199999999999999
v -20.54838381004379 6.97523639707861 -4.199999999999999
v -20.96059043047278 5.616373278724706 -4.199999999999999
v -21.2830405847501 4.233459987749991 -4.199999999999999
v -21.514353491811686 2.832418371175128 -4.199999999999999
v -21.653538634277695 1.4192479042941153 -4.199999999999999
v -21.7 2.6574835541497563e-15 -4.199999999999999
v -21.653538634277695 -1.4192479042941002 -4.199999999999999
v -21.514353491811686 -2.8324183711751134 -4.199999999999999
v -21.2830405847501 -4.233459987749976 -4.199999999999999
v -20.960590430472784 -5.616373278724692 -4.199999999999999
v -20.548383810043795 -6.9752363970785956 -4.199999999999999
v -20.048185855494925 -8.304230482322437 -4.199999999999999
v -19.46213849125934 -9.597664577752322 -4.199999999999999
v -18.792751262122323 -10.849999999999994 -4.199999999999999
v -18.042890586965235 -12.055874056525361 -4.199999999999999
v -17.21576748431981 -13.21012300948923 -4.199999999999999
v -16.314923822293817 -14.307804187671486 -4.199999999999999
v -15.344217151748088 -15.344217151748072 -4.199999999999999
v -14.307804187671499 -16.314923822293807 -4.199999999999999
v -13.210123009489243 -17.215767484319798 -4.199999999999999
v -12.055874056525385 -18.04289058696522 -4.199999999999999
v -10.850000000000009 -18.792751262122316 -4.199999999999999
v -9.59766457775233 -19.462138491259335 -4.199999999999999
v -8.30423048232246 -20.048185855494918 -4.199999999999999
v -6.975236397078611 -20.54838381004379 -4.199999999999999
v -5.6163732787247165 -20.960590430472777 -4.199999999999999
v -4.233459987749992 -21.283040584750097 -4.199999999999999
v -2.8324183711751387 -21.514353491811683 -4.199999999999999
v -1.4192479042941164 -21.653538634277695 -4.199999999999999
v -3.986225331224634e-15 -21.7 -4.199999999999999
v 1.4192479042940893 -21.653538634277698 -4.199999999999999
v 2.8324183711751125 -21.514353491811686 -4.199999999999999
v 4.233459987749964 -21.283040584750104 -4.199999999999999
v 5.61637327872469 -20.960590430472784 -4.199999999999999
v 6.9752363970786035 -20.54838381004379 -4.199999999999999
v 8.304230482322435 -20.048185855494925 -4.199999999999999
v 9.597664577752322 -19.46213849125934 -4.199999999999999
v 10.849999999999985 -18.792751262122326 -4.199999999999999
v 12.05587405652536 -18.042890586965235 -4.199999999999999
v 13.210123009489221 -17.215767484319816 -4.199999999999999
v 14.307804187671485 -16.314923822293817 -4.199999999999999
v 15.344217151748078 -15.344217151748085 -4.199999999999999
v 16.3149238222938 -14.307804187671506 -4.199999999999999
v 17.215767484319798 -13.210123009489244 -4.199999999999999
v 18.042890586965218 -12.055874056525385 -4.199999999999999
v 18.792751262122312 -10.850000000000009 -4.199999999999999
v 19.462138491259324 -9.597664577752347 -4.199999999999999
v 20.048185855494918 -8.304230482322462 -4.199999999999999
v 20.54838381004379 -6.975236397078612 -4.199999999999999
v 20.960590430472777 -5.616373278724718 -4.199999999999999
v 21.283040584750097 -4.233459987749993 -4.199999999999999
v 21.514353491811683 -2.832418371175141 -4.199999999999999
v 21.653538634277695 -1.4192479042941177 -4.199999999999999
v 21.7 0.0 0.0
v 21.653538634277695 1.4192479042941044 0.0
v 21.514353491811686 2.832418371175119 0.0
v 21.2830405847501 4.233459987749983 0.0
v 20.96059043047278 5.6163732787247 0.0
v 20.54838381004379 6.975236397078605 0.0
v 20.04818585549492 8.304230482322447 0.0
v 19.46213849125934 9.597664577752326 0.0
v 18.79275126212232 10.849999999999998 0.0
v 18.042890586965232 12.055874056525367 0.0
v 17.215767484319805 13.210123009489235 0.0
v 16.31492382229381 14.307804187671493 0.0
v 15.344217151748081 15.344217151748081 0.0
v 14.307804187671495 16.314923822293807 0.0
v 13.210123009489237 17.2157674843198 0.0
v 12.055874056525372 18.04289058696523 0.0
v 10.850000000000001 18.792751262122316 0.0
v 9.597664577752331 19.462138491259335 0.0
v 8.304230482322449 20.04818585549492 0.0
v 6.975236397078609 20.54838381004379 0.0
v 5.616373278724705 20.96059043047278 0.0
v 4.233459987749985 21.2830405847501 0.0
v 2.832418371175122 21.514353491811686 0.0
v 1.4192479042941089 21.653538634277695 0.0
v 1.3287417770748782e-15 21.7 0.0
v -1.4192479042941013 21.653538634277695 0.0
v -2.8324183711751147 21.514353491811686 0.0
v -4.233459987749977 21.2830405847501 0.0
v -5.616373278724698 20.96059043047278 0.0
v -6.975236397078602 20.54838381004379 0.0
v -8.304230482322442 20.048185855494925 0.0
v -9.597664577752324 19.46213849125934 0.0
v -10.849999999999994 18.79275126212232 0.0
v -12.055874056525361 18.042890586965232 0.0
v -13.21012300948923 17.21576748431981 0.0
v -14.307804187671486 16.314923822293817 0.0
v -15.34421715174808 15.344217151748081 0.0
v -16.314923822293807 14.307804187671495 0.0
v -17.2157674843198 13.210123009489243 0.0
v -18.042890586965225 12.055874056525374 0.0
v -18.792751262122316 10.850000000000007 0.0
v -19.46213849125933 9.597664577752337 0.0
v -20.04818585549492 8.30423048232245 0.0
v -20.54838381004379 6.97523639707861 0.0
v -20.96059043047278 5.616373278724706 0.0
v -21.2830405847501 4.233459987749991 0.0
v -21.514353491811686 2.832418371175128 0.0
v -21.653538634277695 1.4192479042941153 0.0
v -21.7 2.6574835541497563e-15 0.0
v -21.653538634277695 -1.4192479042941002 0.0
v -21.514353491811686 -2.8324183711751134 0.0
v -21.2830405847501 -4.233459987749976 0.0
v -20.960590430472784 -5.616373278724692 0.0
v -20.548383810043795 -6.9752363970785956 0.0
v -20.048185855494925 -8.304230482322437 0.0
v -19.46213849125934 -9.597664577752322 0.0
v -18.792751262122323 -10.849999999999994 0.0
v -18.042890586965235 -12.055874056525361 0.0
v -17.21576748431981 -13.21012300948923 0.0
v -16.314923822293817 -14.307804187671486 0.0
v -15.344217151748088 -15.344217151748072 0.0
v -14.307804187671499 -16.314923822293807 0.0
v -13.210123009489243 -17.215767484319798 0.0
v -12.055874056525385 -18.04289058696522 0.0
v -10.850000000000009 -18.792751262122316 0.0
v -9.59766457775233 -19.462138491259335 0.0
v -8.30423048232246 -20.048185855494918 0.0
v -6.975236397078611 -20.54838381004379 0.0
v -5.6163732787247165 -20.960590430472777 0.0
v -4.233459987749992 -21.283040584750097 0.0
v -2.8324183711751387 -21.514353491811683 0.0
v -1.4192479042941164 -21.653538634277695 0.0
v -3.986225331224634e-15 -21.7 0.0
v 1.4192479042940893 -21.653538634277698 0.0
v 2.8324183711751125 -21.514353491811686 0.0
v 4.233459987749964 -21.283040584750104 0.0
v 5.61637327872469 -20.960590430472784 0.0
v 6.9752363970786035 -20.54838381004379 0.0
v 8.304230482322435 -20.048185855494925 0.0
v 9.597664577752322 -19.46213849125934 0.0
v 10.849999999999985 -18.792751262122326 0.0
v 12.05587405652536 -18.042890586965235 0.0
v 13.210123009489221 -17.215767484319816 0.0
v 14.307804187671485 -16.314923822293817 0.0
v 15.344217151748078 -15.344217151748085 0.0
v 16.3149238222938 -14.307804187671506 0.0
v 17.215767484319798 -13.210123009489244 0.0
v 18.042890586965218 -12.055874056525385 0.0
v 18.792751262122312 -10.850000000000009 0.0
v 19.462138491259324 -9.597664577752347 0.0
v 20.048185855494918 -8.304230482322462 0.0
v 20.54838381004379 -6.975236397078612 0.0
v 20.960590430472777 -5.616373278724718 0.0
v 21.283040584750097 -4.233459987749993 0.0
v 21.514353491811683 -2.832418371175141 0.0
v 21.653538634277695 -1.4192479042941177 0.0
v 12.7 0.0 -4.199999999999999
v 12.672808325130264 0.8306197412228168 -4.199999999999999
v 12.591349739447391 1.6576826411946548 -4.199999999999999
v 12.455973061121027 2.4776470896048286 -4.199999999999999
v 12.267257993871167 3.2870018728020134 -4.199999999999999
v 12.026012644587842 4.0822812093501515 -4.199999999999999
v 11.733270062893341 4.86007959103664 -4.199999999999999
v 11.390283817465141 5.617066365781316 -4.199999999999999
v 10.998522628062371 6.349999999999999 -4.199999999999999
v 10.559664076242324 7.055741959348947 -4.199999999999999
v 10.075587421698687 7.731270148410751 -4.199999999999999
v 9.548365554983013 8.373691851770873 -4.199999999999999
v 8.980256121069154 8.980256121069154 -4.199999999999999
v 8.373691851770875 9.548365554983011 -4.199999999999999
v 7.7312701484107516 10.075587421698685 -4.199999999999999
v 7.05574195934895 10.559664076242322 -4.199999999999999
v 6.350000000000001 10.99852262806237 -4.199999999999999
v 5.6170663657813185 11.390283817465141 -4.199999999999999
v 4.860079591036641 11.733270062893341 -4.199999999999999
v 4.082281209350153 12.02601264458784 -4.199999999999999
v 3.287001872802016 12.267257993871166 -4.199999999999999
v 2.4776470896048295 12.455973061121027 -4.199999999999999
v 1.6576826411946566 12.591349739447391 -4.199999999999999
v 0.8306197412228195 12.672808325130264 -4.199999999999999
v 7.776507174585692e-16 12.7 -4.199999999999999
v -0.8306197412228151 12.672808325130264 -4.199999999999999
v -1.6576826411946524 12.591349739447393 -4.199999999999999
v -2.477647089604825 12.455973061121027 -4.199999999999999
v -3.2870018728020116 12.267257993871167 -4.199999999999999
v -4.082281209350149 12.026012644587842 -4.199999999999999
v -4.860079591036636 11.733270062893343 -4.199999999999999
v -5.617066365781314 11.390283817465141 -4.199999999999999
v -6.349999999999997 10.998522628062371 -4.199999999999999
v -7.0557419593489445 10.559664076242326 -4.199999999999999
v -7.731270148410748 10.075587421698689 -4.199999999999999
v -8.37369185177087 9.548365554983016 -4.199999999999999
v -8.980256121069152 8.980256121069154 -4.199999999999999
v -9.548365554983011 8.373691851770875 -4.199999999999999
v -10.075587421698685 7.731270148410755 -4.199999999999999
v -10.55966407624232 7.055741959348952 -4.199999999999999
v -10.998522628062368 6.350000000000004 -4.199999999999999
v -11.39028381746514 5.617066365781321 -4.199999999999999
v -11.733270062893341 4.860079591036642 -4.199999999999999
v -12.02601264458784 4.082281209350154 -4.199999999999999
v -12.267257993871166 3.287001872802017 -4.199999999999999
v -12.455973061121027 2.477647089604833 -4.199999999999999
v -12.591349739447391 1.6576826411946601 -4.199999999999999
v -12.672808325130264 0.8306197412228232 -4.199999999999999
v -12.7 1.5553014349171384e-15 -4.199999999999999
v -12.672808325130264 -0.8306197412228143 -4.199999999999999
v -12.591349739447393 -1.6576826411946517 -4.199999999999999
v -12.455973061121027 -2.4776470896048246 -4.199999999999999
v -12.267257993871167 -3.287001872802008 -4.199999999999999
v -12.026012644587842 -4.082281209350145 -4.199999999999999
v -11.733270062893343 -4.860079591036633 -4.199999999999999
v -11.390283817465141 -5.617066365781313 -4.199999999999999
v -10.998522628062373 -6.349999999999996 -4.199999999999999
v -10.559664076242326 -7.0557419593489445 -4.199999999999999
v -10.075587421698689 -7.731270148410748 -4.199999999999999
v -9.548365554983016 -8.37369185177087 -4.199999999999999
v -8.980256121069157 -8.980256121069148 -4.199999999999999
v -8.373691851770877 -9.548365554983011 -4.199999999999999
v -7.731270148410755 -10.075587421698684 -4.199999999999999
v -7.055741959348957 -10.559664076242319 -4.199999999999999
v -6.350000000000005 -10.998522628062368 -4.199999999999999
v -5.617066365781317 -11.390283817465141 -4.199999999999999
v -4.860079591036647 -11.733270062893338 -4.199999999999999
v -4.082281209350155 -12.02601264458784 -4.199999999999999
v -3.287001872802023 -12.267257993871164 -4.199999999999999
v -2.477647089604834 -12.455973061121025 -4.199999999999999
v -1.6576826411946666 -12.59134973944739 -4.199999999999999
v -0.8306197412228239 -12.672808325130264 -4.199999999999999
v -2.3329521523757076e-15 -12.7 -4.199999999999999
v 0.830619741222808 -12.672808325130266 -4.199999999999999
v 1.657682641194651 -12.591349739447393 -4.199999999999999
v 2.477647089604818 -12.455973061121028 -4.199999999999999
v 3.2870018728020076 -12.267257993871167 -4.199999999999999
v 4.082281209350151 -12.026012644587842 -4.199999999999999
v 4.860079591036632 -11.733270062893343 -4.199999999999999
v 5.617066365781313 -11.390283817465141 -4.199999999999999
v 6.349999999999991 -10.998522628062375 -4.199999999999999
v 7.055741959348943 -10.559664076242326 -4.199999999999999
v 7.731270148410742 -10.075587421698692 -4.199999999999999
v 8.373691851770868 -9.548365554983016 -4.199999999999999
v 8.98025612106915 -8.980256121069155 -4.199999999999999
v 9.548365554983006 -8.37369185177088 -4.199999999999999
v 10.075587421698684 -7.731270148410756 -4.199999999999999
v 10.559664076242317 -7.055741959348957 -4.199999999999999
v 10.998522628062366 -6.350000000000005 -4.199999999999999
v 11.390283817465134 -5.617066365781327 -4.199999999999999
v 11.733270062893338 -4.860079591036648 -4.199999999999999
v 12.02601264458784 -4.082281209350155 -4.199999999999999
v 12.267257993871164 -3.2870018728020236 -4.199999999999999
v 12.455973061121025 -2.477647089604835 -4.199999999999999
v 12.59134973944739 -1.6576826411946677 -4.199999999999999
v 12.672808325130264 -0.8306197412228246 -4.199999999999999
v 12.7 0.0 0.0
v 12.672808325130264 0.8306197412228168 0.0
v 12.591349739447391 1.6576826411946548 0.0
v 12.455973061121027 2.4776470896048286 0.0
v 12.267257993871167 3.2870018728020134 0.0
v 12.026012644587842 4.0822812093501515 0.0
v 11.733270062893341 4.86007959103664 0.0
v 11.390283817465141 5.617066365781316 0.0
v 10.998522628062371 6.349999999999999 0.0
v 10.559664076242324 7.055741959348947 0.0
v 10.075587421698687 7.731270148410751 0.0
v 9.548365554983013 8.373691851770873 0.0
v 8.980256121069154 8.980256121069154 0.0
v 8.373691851770875 9.548365554983011 0.0
v 7.7312701484107516 10.075587421698685 0.0
v 7.05574195934895 10.559664076242322 0.0
v 6.350000000000001 10.99852262806237 0.0
v 5.6170663657813185 11.390283817465141 0.0
v 4.860079591036641 11.733270062893341 0.0
v 4.082281209350153 12.02601264458784 0.0
v 3.287001872802016 12.267257993871166 0.0
v 2.4776470896048295 12.455973061121027 0.0
v 1.6576826411946566 12.591349739447391 0.0
v 0.8306197412228195 12.672808325130264 0.0
v 7.776507174585692e-16 12.7 0.0
v -0.8306197412228151 12.672808325130264 0.0
v -1.6576826411946524 12.591349739447393 0.0
v -2.477647089604825 12.455973061121027 0.0
v -3.2870018728020116 12.267257993871167 0.0
v -4.082281209350149 12.026012644587842 0.0
v -4.860079591036636 11.733270062893343 0.0
v -5.617066365781314 11.390283817465141 0.0
v -6.349999999999997 10.998522628062371 0.0
v -7.0557419593489445 10.559664076242326 0.0
v -7.731270148410748 10.075587421698689 0.0
v -8.37369185177087 9.548365554983016 0.0
v -8.980256121069152 8.980256121069154 0.0
v -9.548365554983011 8.373691851770875 0.0
v -10.075587421698685 7.731270148410755 0.0
v -10.55966407624232 7.055741959348952 0.0
v -10.998522628062368 6.350000000000004 0.0
v -11.39028381746514 5.617066365781321 0.0
v -11.733270062893341 4.860079591036642 0.0
v -12.02601264458784 4.082281209350154 0.0
v -12.267257993871166 3.287001872802017 0.0
v -12.455973061121027 2.477647089604833 0.0
v -12.591349739447391 1.6576826411946601 0.0
v -12.672808325130264 0.8306197412228232 0.0
v -12.7 1.5553014349171384e-15 0.0
v -12.672808325130264 -0.8306197412228143 0.0
v -12.591349739447393 -1.6576826411946517 0.0
v -12.455973061121027 -2.4776470896048246 0.0
v -12.267257993871167 -3.287001872802008 0.0
v -12.026012644587842 -4.082281209350145 0.0
v -11.733270062893343 -4.860079591036633 0.0
v -11.390283817465141 -5.617066365781313 0.0
v -10.998522628062373 -6.349999999999996 0.0
v -10.559664076242326 -7.0557419593489445 0.0
v -10.075587421698689 -7.731270148410748 0.0
v -9.548365554983016 -8.37369185177087 0.0
v -8.980256121069157 -8.980256121069148 0.0
v -8.373691851770877 -9.548365554983011 0.0
v -7.731270148410755 -10.075587421698684 0.0
v -7.055741959348957 -10.559664076242319 0.0
v -6.350000000000005 -10.998522628062368 0.0
v -5.617066365781317 -11.390283817465141 0.0
v -4.860079591036647 -11.733270062893338 0.0
v -4.082281209350155 -12.02601264458784 0.0
v -3.287001872802023 -12.267257993871164 0.0
v -2.477647089604834 -12.455973061121025 0.0
v -1.6576826411946666 -12.59134973944739 0.0
v -0.8306197412228239 -12.672808325130264 0.0
v -2.3329521523757076e-15 -12.7 0.0
v 0.830619741222808 -12.672808325130266 0.0
v 1.657682641194651 -12.591349739447393 0.0
v 2.477647089604818 -12.455973061121028 0.0
v 3.2870018728020076 -12.267257993871167 0.0
v 4.082281209350151 -12.026012644587842 0.0
v 4.860079591036632 -11.733270062893343 0.0
v 5.617066365781313 -11.390283817465141 0.0
v 6.349999999999991 -10.998522628062375 0.0
v 7.055741959348943 -10.559664076242326 0.0
v 7.731270148410742 -10.075587421698692 0.0
v 8.373691851770868 -9.548365554983016 0.0
v 8.98025612106915 -8.980256121069155 0.0
v 9.548365554983006 -8.37369185177088 0.0
v 10.075587421698684 -7.731270148410756 0.0
v 10.559664076242317 -7.055741959348957 0.0
v 10.998522628062366 -6.350000000000005 0.0
v 11.390283817465134 -5.617066365781327 0.0
v 11.733270062893338 -4.860079591036648 0.0
v 12.02601264458784 -4.082281209350155 0.0
v 12.267257993871164 -3.2870018728020236 0.0
v 12.455973061121025 -2.477647089604835 0.0
v 12.59134973944739 -1.6576826411946677 0.0
v 12.672808325130264 -0.8306197412228246 0.0
v 11.43 -1.275 11.1495
v 45.6 -1.275 11.1495
v 45.6 1.275 11.1495
v 11.43 1.275 11.1495
v 11.43 -1.275 18.6495
v 45.6 -1.275 18.6495
v 45.6 1.275 18.6495
v 11.43 1.275 18.6495
v 6.819182389825159 9.261170365256133 11.1495
v 23.904182389825166 38.8532584125704 11.1495
v 21.69581761017485 40.128258412570396 11.1495
v 4.610817610174843 10.536170365256131 11.1495
v 6.819182389825159 9.261170365256133 18.6495
v 23.904182389825166 38.8532584125704 18.6495
v 21.69581761017485 40.128258412570396 18.6495
v 4.610817610174843 10.536170365256131 18.6495
v -4.610817610174838 10.536170365256131 11.1495
v -21.69581761017483 40.1282584125704 11.1495
v -23.90418238982515 38.853258412570405 11.1495
v -6.819182389825154 9.261170365256133 11.1495
v -4.610817610174838 10.536170365256131 18.6495
v -21.69581761017483 40.1282584125704 18.6495
v -23.90418238982515 38.853258412570405 18.6495
v -6.819182389825154 9.261170365256133 18.6495
v -11.43 1.2750000000000015 11.1495
v -45.6 1.2750000000000055 11.1495
v -45.6 -1.2749999999999944 11.1495
v -11.43 -1.2749999999999984 11.1495
v -11.43 1.2750000000000015 18.6495
v -45.6 1.2750000000000055 18.6495
v -45.6 -1.2749999999999944 18.6495
v -11.43 -1.2749999999999984 18.6495
v -6.819182389825163 -9.261170365256135 11.1495
v -23.90418238982518 -38.8532584125704 11.1495
v -21.695817610174863 -40.128258412570396 11.1495
v -4.610817610174847 -10.536170365256133 11.1495
v -6.819182389825163 -9.261170365256135 18.6495
v -23.90418238982518 -38.8532584125704 18.6495
v -21.695817610174863 -40.128258412570396 18.6495
v -4.610817610174847 -10.536170365256133 18.6495
v 4.610817610174843 -10.536170365256131 11.1495
v 21.69581761017485 -40.128258412570396 11.1495
v 23.904182389825166 -38.8532584125704 11.1495
v 6.819182389825159 -9.261170365256133 11.1495
v 4.610817610174843 -10.536170365256131 18.6495
v 21.69581761017485 -40.128258412570396 18.6495
v 23.904182389825166 -38.8532584125704 18.6495
v 6.819182389825159 -9.261170365256133 18.6495
f 1 2 194
f 1 194 193
f 2 3 195
f 2 195 194
f 3 4 196
f 3 196 195
f 4 5 197
f 4 197 196
f 5 6 198
f 5 198 197
f 6 7 199
f 6 199 198
f 7 8 200
f 7 200 199
f 8 9 201
f 8 201 200
f 9 10 202
f 9 202 201
f 10 11 203
f 10 203 202
f 11 12 204
f 11 204 203
f 12 13 205
f 12 205 204
f 13 14 206
f 13 206 205
f 14 15 207
f 14 207 206
f 15 16 208
f 15 208 207
f 16 17 209
f 16 209 208
f 17 18 210
f 17 210 209
f 18 19 211
f 18 211 210
f 19 20 212
f 19 212 211
f 20 21 213
f 20 213 212
f 21 22 214
f 21 214 213
f 22 23 215
f 22 215 214
f 23 24 216
f 23 216 215
f 24 25 217
f 24 217 216
f 25 26 218
f 25 218 217
f 26 27 219
f 26 219 218
f 27 28 220
f 27 220 219
f 28 29 221
f 28 221 220
f 29 30 222
f 29 222 221
f 30 31 223
f 30 223 222
f 31 32 224
f 31 224 223
f 32 33 225
f 32 225 224
f 33 34 226
f 33 226 225
f 34 35 227
f 34 227 226
f 35 36 228
f 35 228 227
f 36 37 229
f 36 229 228
f 37 38 230
f 37 230 229
f 38 39 231
f 38 231 230
f 39 40 232
f 39 232 231
f 40 41 233
f 40 233 232
f 41 42 234
f 41 234 233
f 42 43 235
f 42 235 234
f 43 44 236
f 43 236 235
f 44 45 237
f 44 237 236
f 45 46 238
f 45 238 237
f 46 47 239
f 46 239 238
f 47 48 240
f 47 240 239
f 48 49 241
f 48 241 240
f 49 50 242
f 49 242 241
f 50 51 243
f 50 243 242
f 51 52 244
f 51 244 243
f 52 53 245
f 52 245 244
f 53 54 246
f 53 246 245
f 54 55 247
f 54 247 246
f 55 56 248
f 55 248 247
f 56 57 249
f 56 249 248
f 57 58 250
f 57 250 249
f 58 59 251
f 58 251 250
f 59 60 252
f 59 252 251
f 60 61 253
f 60 253 252
f 61 62 254
f 61 254 253
f 62 63 255
f 62 255 254
f 63 64 256
f 63 256 255
f 64 65 257
f 64 257 256
f 65 66 258
f 65 258 257
f 66 67 259
f 66 259 258
f 67 68 260
f 67 260 259
f 68 69 261
f 68 261 260
f 69 70 262
f 69 262 261
f 70 71 263
f 70 263 262
f 71 72 264
f 71 264 263
f 72 73 265
f 72 265 264
f 73 74 266
f 73 266 265
f 74 75 267
f 74 267 266
f 75 76 268
f 75 268 267
f 76 77 269
f 76 269 268
f 77 78 270
f 77 270 269
f 78 79 271
f 78 271 270
f 79 80 272
f 79 272 271
f 80 81 273
f 80 273 272
f 81 82 274
f 81 274 273
f 82 83 275
f 82 275 274
f 83 84 276
f 83 276 275
f 84 85 277
f 84 277 276
f 85 86 278
f 85 278 277
f 86 87 279
f 86 279 278
f 87 88 280
f 87 280 279
f 88 89 281
f 88 281 280
f 89 90 282
f 89 282 281
f 90 91 283
f 90 283 282
f 91 92 284
f 91 284 283
f 92 93 285
f 92 285 284
f 93 94 286
f 93 286 285
f 94 95 287
f 94 287 286
f 95 96 288
f 95 288 287
f 96 1 193
f 96 193 288
f 97 290 98
f 97 289 290
f 98 291 99
f 98 290 291
f 99 292 100
f 99 291 292
f 100 293 101
f 100 292 293
f 101 294 102
f 101 293 294
f 102 295 103
f 102 294 295
f 103 296 104
f 103 295 296
f 104 297 105
f 104 296 297
f 105 298 106
f 105 297 298
f 106 299 107
f 106 298 299
f 107 300 108
f 107 299 300
f 108 301 109
f 108 300 301
f 109 302 110
f 109 301 302
f 110 303 111
f 110 302 303
f 111 304 112
f 111 303 304
f 112 305 113
f 112 304 305
f 113 306 114
f 113 305 306
f 114 307 115
f 114 306 307
f 115 308 116
f 115 307 308
f 116 309 117
f 116 308 309
f 117 310 118
f 117 309 310
f 118 311 119
f 118 310 311
f 119 312 120
f 119 311 312
f 120 313 121
f 120 312 313
f 121 314 122
f 121 313 314
f 122 315 123
f 122 314 315
f 123 316 124
f 123 315 316
f 124 317 125
f 124 316 317
f 125 318 126
f 125 317 318
f 126 319 127
f 126 318 319
f 127 320 128
f 127 319 320
f 128 321 129
f 128 320 321
f 129 322 130
f 129 321 322
f 130 323 131
f 130 322 323
f 131 324 132
f 131 323 324
f 132 325 133
f 132 324 325
f 133 326 134
f 133 325 326
f 134 327 135
f 134 326 327
f 135 328 136
f 135 327 328
f 136 329 137
f 136 328 329
f 137 330 138
f 137 329 330
f 138 331 139
f 138 330 331
f 139 332 140
f 139 331 332
f 140 333 141
f 140 332 333
f 141 334 142
f 141 333 334
f 142 335 143
f 142 334 335
f 143 336 144
f 143 335 336
f 144 337 145
f 144 336 337
f 145 338 146
f 145 337 338
f 146 339 147
f 146 338 339
f 147 340 148
f 147 339 340
f 148 341 149
f 148 340 341
f 149 342 150
f 149 341 342
f 150 343 151
f 150 342 343
f 151 344 152
f 151 343 344
f 152 345 153
f 152 344 345
f 153 346 154
f 153 345 346
f 154 347 155
f 154 346 347
f 155 348 156
f 155 347 348
f 156 349 157
f 156 348 349
f 157 350 158
f 157 349 350
f 158 351 159
f 158 350 351
f 159 352 160
f 159 351 352
f 160 353 161
f 160 352 353
f 161 354 162
f 161 353 354
f 162 355 163
f 162 354 355
f 163 356 164
f 163 355 356
f 164 357 165
f 164 356 357
f 165 358 166
f 165 357 358
f 166 359 167
f 166 358 359
f 167 360 168
f 167 359 360
f 168 361 169
f 168 360 361
f 169 362 170
f 169 361 362
f 170 363 171
f 170 362 363
f 171 364 172
f 171 363 364
f 172 365 173
f 172 364 365
f 173 366 174
f 173 365 366
f 174 367 175
f 174 366 367
f 175 368 176
f 175 367 368
f 176 369 177
f 176 368 369
f 177 370 178
f 177 369 370
f 178 371 179
f 178 370 371
f 179 372 180
f 179 371 372
f 180 373 181
f 180 372 373
f 181 374 182
f 181 373 374
f 182 375 183
f 182 374 375
f 183 376 184
f 183 375 376
f 184 377 185
f 184 376 377
f 185 378 186
f 185 377 378
f 186 379 187
f 186 378 379
f 187 380 188
f 187 379 380
f 188 381 189
f 188 380 381
f 189 382 190
f 189 381 382
f 190 383 191
f 190 382 383
f 191 384 192
f 191 383 384
f 192 289 97
f 192 384 289
f 193 194 386
f 193 386 385
f 194 195 387
f 194 387 386
f 195 196 388
f 195 388 387
f 196 197 389
f 196 389 388
f 197 198 390
f 197 390 389
f 198 199 391
f 198 391 390
f 199 200 392
f 199 392 391
f 200 201 393
f 200 393 392
f 201 202 394
f 201 394 393
f 202 203 395
f 202 395 394
f 203 204 396
f 203 396 395
f 204 205 397
f 204 397 396
f 205 206 398
f 205 398 397
f 206 207 399
f 206 399 398
f 207 208 400
f 207 400 399
f 208 209 401
f 208 401 400
f 209 210 402
f 209 402 401
f 210 211 403
f 210 403 402
f 211 212 404
f 211 404 403
f 212 213 405
f 212 405 404
f 213 214 406
f 213 406 405
f 214 215 407
f 214 407 406
f 215 216 408
f 215 408 407
f 216 217 409
f 216 409 408
f 217 218 410
f 217 410 409
f 218 219 411
f 218 411 410
f 219 220 412
f 219 412 411
f 220 221 413
f 220 413 412
f 221 222 414
f 221 414 413
f 222 223 415
f 222 415 414
f 223 224 416
f 223 416 415
f 224 225 417
f 224 417 416
f 225 226 418
f 225 418 417
f 226 227 419
f 226 419 418
f 227 228 420
f 227 420 419
f 228 229 421
f 228 421 420
f 229 230 422
f 229 422 421
f 230 231 423
f 230 423 422
f 231 232 424
f 231 424 423
f 232 233 425
f 232 425 424
f 233 234 426
f 233 426 425
f 234 235 427
f 234 427 426
f 235 236 428
f 235 428 427
f 236 237 429
f 236 429 428
f 237 238 430
f 237 430 429
f 238 239 431
f 238 431 430
f 239 240 432
f 239 432 431
f 240 241 433
f 240 433 432
f 241 242 434
f 241 434 433
f 242 243 435
f 242 435 434
f 243 244 436
f 243 436 435
f 244 245 437
f 244 437 436
f 245 246 438
f 245 438 437
f 246 247 439
f 246 439 438
f 247 248 440
f 247 440 439
f 248 249 441
f 248 441 440
f 249 250 442
f 249 442 441
f 250 251 443
f 250 443 442
f 251 252 444
f 251 444 443
f 252 253 445
f 252 445 444
f 253 254 446
f 253 446 445
f 254 255 447
f 254 447 446
f 255 256 448
f 255 448 447
f 256 257 449
f 256 449 448
f 257 258 450
f 257 450 449
f 258 259 451
f 258 451 450
f 259 260 452
f 259 452 451
f 260 261 453
f 260 453 452
f 261 262 454
f 261 454 453
f 262 263 455
f 262 455 454
f 263 264 456
f 263 456 455
f 264 265 457
f 264 457 456
f 265 266 458
f 265 458 457
f 266 267 459
f 266 459 458
f 267 268 460
f 267 460 459
f 268 269 461
f 268 461 460
f 269 270 462
f 269 462 461
f 270 271 463
f 270 463 462
f 271 272 464
f 271 464 463
f 272 273 465
f 272 465 464
f 273 274 466
f 273 466 465
f 274 275 467
f 274 467 466
f 275 276 468
f 275 468 467
f 276 277 469
f 276 469 468
f 277 278 470
f 277 470 469
f 278 279 471
f 278 471 470
f 279 280 472
f 279 472 471
f 280 281 473
f 280 473 472
f 281 282 474
f 281 474 473
f 282 283 475
f 282 475 474
f 283 284 476
f 283 476 475
f 284 285 477
f 284 477 476
f 285 286 478
f 285 478 477
f 286 287 479
f 286 479 478
f 287 288 480
f 287 480 479
f 288 193 385
f 288 385 480
f 289 482 290
f 289 481 482
f 290 483 291
f 290 482 483
f 291 484 292
f 291 483 484
f 292 485 293
f 292 484 485
f 293 486 294
f 293 485 486
f 294 487 295
f 294 486 487
f 295 488 296
f 295 487 488
f 296 489 297
f 296 488 489
f 297 490 298
f 297 489 490
f 298 491 299
f 298 490 491
f 299 492 300
f 299 491 492
f 300 493 301
f 300 492 493
f 301 494 302
f 301 493 494
f 302 495 303
f 302 494 495
f 303 496 304
f 303 495 496
f 304 497 305
f 304 496 497
f 305 498 306
f 305 497 498
f 306 499 307
f 306 498 499
f 307 500 308
f 307 499 500
f 308 501 309
f 308 500 501
f 309 502 310
f 309 501 502
f 310 503 311
f 310 502 503
f 311 504 312
f 311 503 504
f 312 505 313
f 312 504 505
f 313 506 314
f 313 505 506
f 314 507 315
f 314 506 507
f 315 508 316
f 315 507 508
f 316 509 317
f 316 508 509
f 317 510 318
f 317 509 510
f 318 511 319
f 318 510 511
f 319 512 320
f 319 511 512
f 320 513 321
f 320 512 513
f 321 514 322
f 321 513 514
f 322 515 323
f 322 514 515
f 323 516 324
f 323 515 516
f 324 517 325
f 324 516 517
f 325 518 326
f 325 517 518
f 326 519 327
f 326 518 519
f 327 520 328
f 327 519 520
f 328 521 329
f 328 520 521
f 329 522 330
f 329 521 522
f 330 523 331
f 330 522 523
f 331 524 332
f 331 523 524
f 332 525 333
f 332 524 525
f 333 526 334
f 333 525 526
f 334 527 335
f 334 526 527
f 335 528 336
f 335 527 528
f 336 529 337
f 336 528 529
f 337 530 338
f 337 529 530
f 338 531 339
f 338 530 531
f 339 532 340
f 339 531 532
f 340 533 341
f 340 532 533
f 341 534 342
f 341 533 534
f 342 535 343
f 342 534 535
f 343 536 344
f 343 535 536
f 344 537 345
f 344 536 537
f 345 538 346
f 345 537 538
f 346 539 347
f 346 538 539
f 347 540 348
f 347 539 540
f 348 541 349
f 348 540 541
f 349 542 350
f 349 541 542
f 350 543 351
f 350 542 543
f 351 544 352
f 351 543 544
f 352 545 353
f 352 544 545
f 353 546 354
f 353 545 546
f 354 547 355
f 354 546 547
f 355 548 356
f 355 547 548
f 356 549 357
f 356 548 549
f 357 550 358
f 357 549 550
f 358 551 359
f 358 550 551
f 359 552 360
f 359 551 552
f 360 553 361
f 360 552 553
f 361 554 362
f 361 553 554
f 362 555 363
f 362 554 555
f 363 556 364
f 363 555 556
f 364 557 365
f 364 556 557
f 365 558 366
f 365 557 558
f 366 559 367
f 366 558 559
f 367 560 368
f 367 559 560
f 368 561 369
f 368 560 561
f 369 562 370
f 369 561 562
f 370 563 371
f 370 562 563
f 371 564 372
f 371 563 564
f 372 565 373
f 372 564 565
f 373 566 374
f 373 565 566
f 374 567 375
f 374 566 567
f 375 568 376
f 375 567 568
f 376 569 377
f 376 568 569
f 377 570 378
f 377 569 570
f 378 571 379
f 378 570 571
f 379 572 380
f 379 571 572
f 380 573 381
f 380 572 573
f 381 574 382
f 381 573 574
f 382 575 383
f 382 574 575
f 383 576 384
f 383 575 576
f 384 481 289
f 384 576 481
f 385 386 578
f 385 578 577
f 386 387 579
f 386 579 578
f 387 388 580
f 387 580 579
f 388 389 581
f 388 581 580
f 389 390 582
f 389 582 581
f 390 391 583
f 390 583 582
f 391 392 584
f 391 584 583
f 392 393 585
f 392 585 584
f 393 394 586
f 393 586 585
f 394 395 587
f 394 587 586
f 395 396 588
f 395 588 587
f 396 397 589
f 396 589 588
f 397 398 590
f 397 590 589
f 398 399 591
f 398 591 590
f 399 400 592
f 399 592 591
f 400 401 593
f 400 593 592
f 401 402 594
f 401 594 593
f 402 403 595
f 402 595 594
f 403 404 596
f 403 596 595
f 404 405 597
f 404 597 596
f 405 406 598
f 405 598 597
f 406 407 599
f 406 599 598
f 407 408 600
f 407 600 599
f 408 409 601
f 408 601 600
f 409 410 602
f 409 602 601
f 410 411 603
f 410 603 602
f 411 412 604
f 411 604 603
f 412 413 605
f 412 605 604
f 413 414 606
f 413 606 605
f 414 415 607
f 414 607 606
f 415 416 608
f 415 608 607
f 416 417 609
f 416 609 608
f 417 418 610
f 417 610 609
f 418 419 611
f 418 611 610
f 419 420 612
f 419 612 611
f 420 421 613
f 420 613 612
f 421 422 614
f 421 614 613
f 422 423 615
f 422 615 614
f 423 424 616
f 423 616 615
f 424 425 617
f 424 617 616
f 425 426 618
f 425 618 617
f 426 427 619
f 426 619 618
f 427 428 620
f 427 620 619
f 428 429 621
f 428 621 620
f 429 430 622
f 429 622 621
f 430 431 623
f 430 623 622
f 431 432 624
f 431 624 623
f 432 433 625
f 432 625 624
f 433 434 626
f 433 626 625
f 434 435 627
f 434 627 626
f 435 436 628
f 435 628 627
f 436 437 629
f 436 629 628
f 437 438 630
f 437 630 629
f 438 439 631
f 438 631 630
f 439 440 632
f 439 632 631
f 440 441 633
f 440 633 632
f 441 442 634
f 441 634 633
f 442 443 635
f 442 635 634
f 443 444 636
f 443 636 635
f 444 445 637
f 444 637 636
f 445 446 638
f 445 638 637
f 446 447 639
f 446 639 638
f 447 448 640
f 447 640 639
f 448 449 641
f 448 641 640
f 449 450 642
f 449 642 641
f 450 451 643
f 450 643 642
f 451 452 644
f 451 644 643
f 452 453 645
f 452 645 644
f 453 454 646
f 453 646 645
f 454 455 647
f 454 647 646
f 455 456 648
f 455 648 647
f 456 457 649
f 456 649 648
f 457 458 650
f 457 650 649
f 458 459 651
f 458 651 650
f 459 460 652
f 459 652 651
f 460 461 653
f 460 653 652
f 461 462 654
f 461 654 653
f 462 463 655
f 462 655 654
f 463 464 656
f 463 656 655
f 464 465 657
f 464 657 656
f 465 466 658
f 465 658 657
f 466 467 659
f 466 659 658
f 467 468 660
f 467 660 659
f 468 469 661
f 468 661 660
f 469 470 662
f 469 662 661
f 470 471 663
f 470 663 662
f 471 472 664
f 471 664 663
f 472 473 665
f 472 665 664
f 473 474 666
f 473 666 665
f 474 475 667
f 474 667 666
f 475 476 668
f 475 668 667
f 476 477 669
f 476 669 668
f 477 478 670
f 477 670 669
f 478 479 671
f 478 671 670
f 479 480 672
f 479 672 671
f 480 385 577
f 480 577 672
f 481 674 482
f 481 673 674
f 482 675 483
f 482 674 675
f 483 676 484
f 483 675 676
f 484 677 485
f 484 676 677
f 485 678 486
f 485 677 678
f 486 679 487
f 486 678 679
f 487 680 488
f 487 679 680
f 488 681 489
f 488 680 681
f 489 682 490
f 489 681 682
f 490 683 491
f 490 682 683
f 491 684 492
f 491 683 684
f 492 685 493
f 492 684 685
f 493 686 494
f 493 685 686
f 494 687 495
f 494 686 687
f 495 688 496
f 495 687 688
f 496 689 497
f 496 688 689
f 497 690 498
f 497 689 690
f 498 691 499
f 498 690 691
f 499 692 500
f 499 691 692
f 500 693 501
f 500 692 693
f 501 694 502
f 501 693 694
f 502 695 503
f 502 694 695
f 503 696 504
f 503 695 696
f 504 697 505
f 504 696 697
f 505 698 506
f 505 697 698
f 506 699 507
f 506 698 699
f 507 700 508
f 507 699 700
f 508 701 509
f 508 700 701
f 509 702 510
f 509 701 702
f 510 703 511
f 510 702 703
f 511 704 512
f 511 703 704
f 512 705 513
f 512 704 705
f 513 706 514
f 513 705 706
f 514 707 515
f 514 706 707
f 515 708 516
f 515 707 708
f 516 709 517
f 516 708 709
f 517 710 518
f 517 709 710
f 518 711 519
f 518 710 711
f 519 712 520
f 519 711 712
f 520 713 521
f 520 712 713
f 521 714 522
f 521 713 714
f 522 715 523
f 522 714 715
f 523 716 524
f 523 715 716
f 524 717 525
f 524 716 717
f 525 718 526
f 525 717 718
f 526 719 527
f 526 718 719
f 527 720 528
f 527 719 720
f 528 721 529
f 528 720 721
f 529 722 530
f 529 721 722
f 530 723 531
f 530 722 723
f 531 724 532
f 531 723 724
f 532 725 533
f 532 724 725
f 533 726 534
f 533 725 726
f 534 727 535
f 534 726 727
f 535 728 536
f 535 727 728
f 536 729 537
f 536 728 729
f 537 730 538
f 537 729 730
f 538 731 539
f 538 730 731
f 539 732 540
f 539 731 732
f 540 733 541
f 540 732 733
f 541 734 542
f 541 733 734
f 542 735 543
f 542 734 735
f 543 736 544
f 543 735 736
f 544 737 545
f 544 736 737
f 545 738 546
f 545 737 738
f 546 739 547
f 546 738 739
f 547 740 548
f 547 739 740
f 548 741 549
f 548 740 741
f 549 742 550
f 549 741 742
f 550 743 551
f 550 742 743
f 551 744 552
f 551 743 744
f 552 745 553
f 552 744 745
f 553 746 554
f 553 745 746
f 554 747 555
f 554 746 747
f 555 748 556
f 555 747 748
f 556 749 557
f 556 748 749
f 557 750 558
f 557 749 750
f 558 751 559
f 558 750 751
f 559 752 560
f 559 751 752
f 560 753 561
f 560 752 753
f 561 754 562
f 561 753 754
f 562 755 563
f 562 754 755
f 563 756 564
f 563 755 756
f 564 757 565
f 564 756 757
f 565 758 566
f 565 757 758
f 566 759 567
f 566 758 759
f 567 760 568
f 567 759 760
f 568 761 569
f 568 760 761
f 569 762 570
f 569 761 762
f 570 763 571
f 570 762 763
f 571 764 572
f 571 763 764
f 572 765 573
f 572 764 765
f 573 766 574
f 573 765 766
f 574 767 575
f 574 766 767
f 575 768 576
f 575 767 768
f 576 673 481
f 576 768 673
f 577 578 770
f 577 770 769
f 578 579 771
f 578 771 770
f 579 580 772
f 579 772 771
f 580 581 773
f 580 773 772
f 581 582 774
f 581 774 773
f 582 583 775
f 582 775 774
f 583 584 776
f 583 776 775
f 584 585 777
f 584 777 776
f 585 586 778
f 585 778 777
f 586 587 779
f 586 779 778
f 587 588 780
f 587 780 779
f 588 589 781
f 588 781 780
f 589 590 782
f 589 782 781
f 590 591 783
f 590 783 782
f 591 592 784
f 591 784 783
f 592 593 785
f 592 785 784
f 593 594 786
f 593 786 785
f 594 595 787
f 594 787 786
f 595 596 788
f 595 788 787
f 596 597 789
f 596 789 788
f 597 598 790
f 597 790 789
f 598 599 791
f 598 791 790
f 599 600 792
f 599 792 791
f 600 601 793
f 600 793 792
f 601 602 794
f 601 794 793
f 602 603 795
f 602 795 794
f 603 604 796
f 603 796 795
f 604 605 797
f 604 797 796
f 605 606 798
f 605 798 797
f 606 607 799
f 606 799 798
f 607 608 800
f 607 800 799
f 608 609 801
f 608 801 800
f 609 610 802
f 609 802 801
f 610 611 803
f 610 803 802
f 611 612 804
f 611 804 803
f 612 613 805
f 612 805 804
f 613 614 806
f 613 806 805
f 614 615 807
f 614 807 806
f 615 616 808
f 615 808 807
f 616 617 809
f 616 809 808
f 617 618 810
f 617 810 809
f 618 619 811
f 618 811 810
f 619 620 812
f 619 812 811
f 620 621 813
f 620 813 812
f 621 622 814
f 621 814 813
f 622 623 815
f 622 815 814
f 623 624 816
f 623 816 815
f 624 625 817
f 624 817 816
f 625 626 818
f 625 818 817
f 626 627 819
f 626 819 818
f 627 628 820
f 627 820 819
f 628 629 821
f 628 821 820
f 629 630 822
f 629 822 821
f 630 631 823
f 630 823 822
f 631 632 824
f 631 824 823
f 632 633 825
f 632 825 824
f 633 634 826
f 633 826 825
f 634 635 827
f 634 827 826
f 635 636 828
f 635 828 827
f 636 637 829
f 636 829 828
f 637 638 830
f 637 830 829
f 638 639 831
f 638 831 830
f 639 640 832
f 639 832 831
f 640 641 833
f 640 833 832
f 641 642 834
f 641 834 833
f 642 643 835
f 642 835 834
f 643 644 836
f 643 836 835
f 644 645 837
f 644 837 836
f 645 646 838
f 645 838 837
f 646 647 839
f 646 839 838
f 647 648 840
f 647 840 839
f 648 649 841
f 648 841 840
f 649 650 842
f 649 842 841
f 650 651 843
f 650 843 842
f 651 652 844
f 651 844 843
f 652 653 845
f 652 845 844
f 653 654 846
f 653 846 845
f 654 655 847
f 654 847 846
f 655 656 848
f 655 848 847
f 656 657 849
f 656 849 848
f 657 658 850
f 657 850 849
f 658 659 851
f 658 851 850
f 659 660 852
f 659 852 851
f 660 661 853
f 660 853 852
f 661 662 854
f 661 854 853
f 662 663 855
f 662 855 854
f 663 664 856
f 663 856 855
f 664 665 857
f 664 857 856
f 665 666 858
f 665 858 857
f 666 667 859
f 666 859 858
f 667 668 860
f 667 860 859
f 668 669 861
f 668 861 860
f 669 670 862
f 669 862 861
f 670 671 863
f 670 863 862
f 671 672 864
f 671 864 863
f 672 577 769
f 672 769 864
f 673 866 674
f 673 865 866
f 674 867 675
f 674 866 867
f 675 868 676
f 675 867 868
f 676 869 677
f 676 868 869
f 677 870 678
f 677 869 870
f 678 871 679
f 678 870 871
f 679 872 680
f 679 871 872
f 680 873 681
f 680 872 873
f 681 874 682
f 681 873 874
f 682 875 683
f 682 874 875
f 683 876 684
f 683 875 876
f 684 877 685
f 684 876 877
f 685 878 686
f 685 877 878
f 686 879 687
f 686 878 879
f 687 880 688
f 687 879 880
f 688 881 689
f 688 880 881
f 689 882 690
f 689 881 882
f 690 883 691
f 690 882 883
f 691 884 692
f 691 883 884
f 692 885 693
f 692 884 885
f 693 886 694
f 693 885 886
f 694 887 695
f 694 886 887
f 695 888 696
f 695 887 888
f 696 889 697
f 696 888 889
f 697 890 698
f 697 889 890
f 698 891 699
f 698 890 891
f 699 892 700
f 699 891 892
f 700 893 701
f 700 892 893
f 701 894 702
f 701 893 894
f 702 895 703
f 702 894 895
f 703 896 704
f 703 895 896
f 704 897 705
f 704 896 897
f 705 898 706
f 705 897 898
f 706 899 707
f 706 898 899
f 707 900 708
f 707 899 900
f 708 901 709
f 708 900 901
f 709 902 710
f 709 901 902
f 710 903 711
f 710 902 903
f 711 904 712
f 711 903 904
f 712 905 713
f 712 904 905
f 713 906 714
f 713 905 906
f 714 907 715
f 714 906 907
f 715 908 716
f 715 907 908
f 716 909 717
f 716 908 909
f 717 910 718
f 717 909 910
f 718 911 719
f 718 910 911
f 719 912 720
f 719 911 912
f 720 913 721
f 720 912 913
f 721 914 722
f 721 913 914
f 722 915 723
f 722 914 915
f 723 916 724
f 723 915 916
f 724 917 725
f 724 916 917
f 725 918 726
f 725 917 918
f 726 919 727
f 726 918 919
f 727 920 728
f 727 919 920
f 728 921 729
f 728 920 921
f 729 922 730
f 729 921 922
f 730 923 731
f 730 922 923
f 731 924 732
f 731 923 924
f 732 925 733
f 732 924 925
f 733 926 734
f 733 925 926
f 734 927 735
f 734 926 927
f 735 928 736
f 735 927 928
f 736 929 737
f 736 928 929
f 737 930 738
f 737 929 930
f 738 931 739
f 738 930 931
f 739 932 740
f 739 931 932
f 740 933 741
f 740 932 933
f 741 934 742
f 741 933 934
f 742 935 743
f 742 934 935
f 743 936 744
f 743 935 936
f 744 937 745
f 744 936 937
f 745 938 746
f 745 937 938
f 746 939 747
f 746 938 939
f 747 940 748
f 747 939 940
f 748 941 749
f 748 940 941
f 749 942 750
f 749 941 942
f 750 943 751
f 750 942 943
f 751 944 752
f 751 943 944
f 752 945 753
f 752 944 945
f 753 946 754
f 753 945 946
f 754 947 755
f 754 946 947
f 755 948 756
f 755 947 948
f 756 949 757
f 756 948 949
f 757 950 758
f 757 949 950
f 758 951 759
f 758 950 951
f 759 952 760
f 759 951 952
f 760 953 761
f 760 952 953
f 761 954 762
f 761 953 954
f 762 955 763
f 762 954 955
f 763 956 764
f 763 955 956
f 764 957 765
f 764 956 957
f 765 958 766
f 765 957 958
f 766 959 767
f 766 958 959
f 767 960 768
f 767 959 960
f 768 865 673
f 768 960 865
f 769 770 962
f 769 962 961
f 770 771 963
f 770 963 962
f 771 772 964
f 771 964 963
f 772 773 965
f 772 965 964
f 773 774 966
f 773 966 965
f 774 775 967
f 774 967 966
f 775 776 968
f 775 968 967
f 776 777 969
f 776 969 968
f 777 778 970
f 777 970 969
f 778 779 971
f 778 971 970
f 779 780 972
f 779 972 971
f 780 781 973
f 780 973 972
f 781 782 974
f 781 974 973
f 782 783 975
f 782 975 974
f 783 784 976
f 783 976 975
f 784 785 977
f 784 977 976
f 785 786 978
f 785 978 977
f 786 787 979
f 786 979 978
f 787 788 980
f 787 980 979
f 788 789 981
f 788 981 980
f 789 790 982
f 789 982 981
f 790 791 983
f 790 983 982
f 791 792 984
f 791 984 983
f 792 793 985
f 792 985 984
f 793 794 986
f 793 986 985
f 794 795 987
f 794 987 986
f 795 796 988
f 795 988 987
f 796 797 989
f 796 989 988
f 797 798 990
f 797 990 989
f 798 799 991
f 798 991 990
f 799 800 992
f 799 992 991
f 800 801 993
f 800 993 992
f 801 802 994
f 801 994 993
f 802 803 995
f 802 995 994
f 803 804 996
f 803 996 995
f 804 805 997
f 804 997 996
f 805 806 998
f 805 998 997
f 806 807 999
f 806 999 998
f 807 808 1000
f 807 1000 999
f 808 809 1001
f 808 1001 1000
f 809 810 1002
f 809 1002 1001
f 810 811 1003
f 810 1003 1002
f 811 812 1004
f 811 1004 1003
f 812 813 1005
f 812 1005 1004
f 813 814 1006
f 813 1006 1005
f 814 815 1007
f 814 1007 1006
f 815 816 1008
f 815 1008 1007
f 816 817 1009
f 816 1009 1008
f 817 818 1010
f 817 1010 1009
f 818 819 1011
f 818 1011 1010
f 819 820 1012
f 819 1012 1011
f 820 821 1013
f 820 1013 1012
f 821 822 1014
f 821 1014 1013
f 822 823 1015
f 822 1015 1014
f 823 824 1016
f 823 1016 1015
f 824 825 1017
f 824 1017 1016
f 825 826 1018
f 825 1018 1017
f 826 827 1019
f 826 1019 1018
f 827 828 1020
f 827 1020 1019
f 828 829 1021
f 828 1021 1020
f 829 830 1022
f 829 1022 1021
f 830 831 1023
f 830 1023 1022
f 831 832 1024
f 831 1024 1023
f 832 833 1025
f 832 1025 1024
f 833 834 1026
f 833 1026 1025
f 834 835 1027
f 834 1027 1026
f 835 836 1028
f 835 1028 1027
f 836 837 1029
f 836 1029 1028
f 837 838 1030
f 837 1030 1029
f 838 839 1031
f 838 1031 1030
f 839 840 1032
f 839 1032 1031
f 840 841 1033
f 840 1033 1032
f 841 842 1034
f 841 1034 1033
f 842 843 1035
f 842 1035 1034
f 843 844 1036
f 843 1036 1035
f 844 845 1037
f 844 1037 1036
f 845 846 1038
f 845 1038 1037
f 846 847 1039
f 846 1039 1038
f 847 848 1040
f 847 1040 1039
f 848 849 1041
f 848 1041 1040
f 849 850 1042
f 849 1042 1041
f 850 851 1043
f 850 1043 1042
f 851 852 1044
f 851 1044 1043
f 852 853 1045
f 852 1045 1044
f 853 854 1046
f 853 1046 1045
f 854 855 1047
f 854 1047 1046
f 855 856 1048
f 855 1048 1047
f 856 857 1049
f 856 1049 1048
f 857 858 1050
f 857 1050 1049
f 858 859 1051
f 858 1051 1050
f 859 860 1052
f 859 1052 1051
f 860 861 1053
f 860 1053 1052
f 861 862 1054
f 861 1054 1053
f 862 863 1055
f 862 1055 1054
f 863 864 1056
f 863 1056 1055
f 864 769 961
f 864 961 1056
f 865 1058 866
f 865 1057 1058
f 866 1059 867
f 866 1058 1059
f 867 1060 868
f 867 1059 1060
f 868 1061 869
f 868 1060 1061
f 869 1062 870
f 869 1061 1062
f 870 1063 871
f 870 1062 1063
f 871 1064 872
f 871 1063 1064
f 872 1065 873
f 872 1064 1065
f 873 1066 874
f 873 1065 1066
f 874 1067 875
f 874 1066 1067
f 875 1068 876
f 875 1067 1068
f 876 1069 877
f 876 1068 1069
f 877 1070 878
f 877 1069 1070
f 878 1071 879
f 878 1070 1071
f 879 1072 880
f 879 1071 1072
f 880 1073 881
f 880 1072 1073
f 881 1074 882
f 881 1073 1074
f 882 1075 883
f 882 1074 1075
f 883 1076 884
f 883 1075 1076
f 884 1077 885
f 884 1076 1077
f 885 1078 886
f 885 1077 1078
f 886 1079 887
f 886 1078 1079
f 887 1080 888
f 887 1079 1080
f 888 1081 889
f 888 1080 1081
f 889 1082 890
f 889 1081 1082
f 890 1083 891
f 890 1082 1083
f 891 1084 892
f 891 1083 1084
f 892 1085 893
f 892 1084 1085
f 893 1086 894
f 893 1085 1086
f 894 1087 895
f 894 1086 1087
f 895 1088 896
f 895 1087 1088
f 896 1089 897
f 896 1088 1089
f 897 1090 898
f 897 1089 1090
f 898 1091 899
f 898 1090 1091
f 899 1092 900
f 899 1091 1092
f 900 1093 901
f 900 1092 1093
f 901 1094 902
f 901 1093 1094
f 902 1095 903
f 902 1094 1095
f 903 1096 904
f 903 1095 1096
f 904 1097 905
f 904 1096 1097
f 905 1098 906
f 905 1097 1098
f 906 1099 907
f 906 1098 1099
f 907 1100 908
f 907 1099 1100
f 908 1101 909
f 908 1100 1101
f 909 1102 910
f 909 1101 1102
f 910 1103 911
f 910 1102 1103
f 911 1104 912
f 911 1103 1104
f 912 1105 913
f 912 1104 1105
f 913 1106 914
f 913 1105 1106
f 914 1107 915
f 914 1106 1107
f 915 1108 916
f 915 1107 1108
f 916 1109 917
f 916 1108 1109
f 917 1110 918
f 917 1109 1110
f 918 1111 919
f 918 1110 1111
f 919 1112 920
f 919 1111 1112
f 920 1113 921
f 920 1112 1113
f 921 1114 922
f 921 1113 1114
f 922 1115 923
f 922 1114 1115
f 923 1116 924
f 923 1115 1116
f 924 1117 925
f 924 1116 1117
f 925 1118 926
f 925 1117 1118
f 926 1119 927
f 926 1118 1119
f 927 1120 928
f 927 1119 1120
f 928 1121 929
f 928 1120 1121
f 929 1122 930
f 929 1121 1122
f 930 1123 931
f 930 1122 1123
f 931 1124 932
f 931 1123 1124
f 932 1125 933
f 932 1124 1125
f 933 1126 934
f 933 1125 1126
f 934 1127 935
f 934 1126 1127
f 935 1128 936
f 935 1127 1128
f 936 1129 937
f 936 1128 1129
f 937 1130 938
f 937 1129 1130
f 938 1131 939
f 938 1130 1131
f 939 1132 940
f 939 1131 1132
f 940 1133 941
f 940 1132 1133
f 941 1134 942
f 941 1133 1134
f 942 1135 943
f 942 1134 1135
f 943 1136 944
f 943 1135 1136
f 944 1137 945
f 944 1136 1137
f 945 1138 946
f 945 1137 1138
f 946 1139 947
f 946 1138 1139
f 947 1140 948
f 947 1139 1140
f 948 1141 949
f 948 1140 1141
f 949 1142 950
f 949 1141 1142
f 950 1143 951
f 950 1142 1143
f 951 1144 952
f 951 1143 1144
f 952 1145 953
f 952 1144 1145
f 953 1146 954
f 953 1145 1146
f 954 1147 955
f 954 1146 1147
f 955 1148 956
f 955 1147 1148
f 956 1149 957
f 956 1148 1149
f 957 1150 958
f 957 1149 1150
f 958 1151 959
f 958 1150 1151
f 959 1152 960
f 959 1151 1152
f 960 1057 865
f 960 1152 1057
f 961 962 1154
f 961 1154 1153
f 962 963 1155
f 962 1155 1154
f 963 964 1156
f 963 1156 1155
f 964 965 1157
f 964 1157 1156
f 965 966 1158
f 965 1158 1157
f 966 967 1159
f 966 1159 1158
f 967 968 1160
f 967 1160 1159
f 968 969 1161
f 968 1161 1160
f 969 970 1162
f 969 1162 1161
f 970 971 1163
f 970 1163 1162
f 971 972 1164
f 971 1164 1163
f 972 973 1165
f 972 1165 1164
f 973 974 1166
f 973 1166 1165
f 974 975 1167
f 974 1167 1166
f 975 976 1168
f 975 1168 1167
f 976 977 1169
f 976 1169 1168
f 977 978 1170
f 977 1170 1169
f 978 979 1171
f 978 1171 1170
f 979 980 1172
f 979 1172 1171
f 980 981 1173
f 980 1173 1172
f 981 982 1174
f 981 1174 1173
f 982 983 1175
f 982 1175 1174
f 983 984 1176
f 983 1176 1175
f 984 985 1177
f 984 1177 1176
f 985 986 1178
f 985 1178 1177
f 986 987 1179
f 986 1179 1178
f 987 988 1180
f 987 1180 1179
f 988 989 1181
f 988 1181 1180
f 989 990 1182
f 989 1182 1181
f 990 991 1183
f 990 1183 1182
f 991 992 1184
f 991 1184 1183
f 992 993 1185
f 992 1185 1184
f 993 994 1186
f 993 1186 1185
f 994 995 1187
f 994 1187 1186
f 995 996 1188
f 995 1188 1187
f 996 997 1189
f 996 1189 1188
f 997 998 1190
f 997 1190 1189
f 998 999 1191
f 998 1191 1190
f 999 1000 1192
f 999 1192 1191
f 1000 1001 1193
f 1000 1193 1192
f 1001 1002 1194
f 1001 1194 1193
f 1002 1003 1195
f 1002 1195 1194
f 1003 1004 1196
f 1003 1196 1195
f 1004 1005 1197
f 1004 1197 1196
f 1005 1006 1198
f 1005 1198 1197
f 1006 1007 1199
f 1006 1199 1198
f 1007 1008 1200
f 1007 1200 1199
f 1008 1009 1201
f 1008 1201 1200
f 1009 1010 1202
f 1009 1202 1201
f 1010 1011 1203
f 1010 1203 1202
f 1011 1012 1204
f 1011 1204 1203
f 1012 1013 1205
f 1012 1205 1204
f 1013 1014 1206
f 1013 1206 1205
f 1014 1015 1207
f 1014 1207 1206
f 1015 1016 1208
f 1015 1208 1207
f 1016 1017 1209
f 1016 1209 1208
f 1017 1018 1210
f 1017 1210 1209
f 1018 1019 1211
f 1018 1211 1210
f 1019 1020 1212
f 1019 1212 1211
f 1020 1021 1213
f 1020 1213 1212
f 1021 1022 1214
f 1021 1214 1213
f 1022 1023 1215
f 1022 1215 1214
f 1023 1024 1216
f 1023 1216 1215
f 1024 1025 1217
f 1024 1217 1216
f 1025 1026 1218
f 1025 1218 1217
f 1026 1027 1219
f 1026 1219 1218
f 1027 1028 1220
f 1027 1220 1219
f 1028 1029 1221
f 1028 1221 1220
f 1029 1030 1222
f 1029 1222 1221
f 1030 1031 1223
f 1030 1223 1222
f 1031 1032 1224
f 1031 1224 1223
f 1032 1033 1225
f 1032 1225 1224
f 1033 1034 1226
f 1033 1226 1225
f 1034 1035 1227
f 1034 1227 1226
f 1035 1036 1228
f 1035 1228 1227
f 1036 1037 1229
f 1036 1229 1228
f 1037 1038 1230
f 1037 1230 1229
f 1038 1039 1231
f 1038 1231 1230
f 1039 1040 1232
f 1039 1232 1231
f 1040 1041 1233
f 1040 1233 1232
f 1041 1042 1234
f 1041 1234 1233
f 1042 1043 1235
f 1042 1235 1234
f 1043 1044 1236
f 1043 1236 1235
f 1044 1045 1237
f 1044 1237 1236
f 1045 1046 1238
f 1045 1238 1237
f 1046 1047 1239
f 1046 1239 1238
f 1047 1048 1240
f 1047 1240 1239
f 1048 1049 1241
f 1048 1241 1240
f 1049 1050 1242
f 1049 1242 1241
f 1050 1051 1243
f 1050 1243 1242
f 1051 1052 1244
f 1051 1244 1243
f 1052 1053 1245
f 1052 1245 1244
f 1053 1054 1246
f 1053 1246 1245
f 1054 1055 1247
f 1054 1247 1246
f 1055 1056 1248
f 1055 1248 1247
f 1056 961 1153
f 1056 1153 1248
f 1057 1250 1058
f 1057 1249 1250
f 1058 1251 1059
f 1058 1250 1251
f 1059 1252 1060
f 1059 1251 1252
f 1060 1253 1061
f 1060 1252 1253
f 1061 1254 1062
f 1061 1253 1254
f 1062 1255 1063
f 1062 1254 1255
f 1063 1256 1064
f 1063 1255 1256
f 1064 1257 1065
f 1064 1256 1257
f 1065 1258 1066
f 1065 1257 1258
f 1066 1259 1067
f 1066 1258 1259
f 1067 1260 1068
f 1067 1259 1260
f 1068 1261 1069
f 1068 1260 1261
f 1069 1262 1070
f 1069 1261 1262
f 1070 1263 1071
f 1070 1262 1263
f 1071 1264 1072
f 1071 1263 1264
f 1072 1265 1073
f 1072 1264 1265
f 1073 1266 1074
f 1073 1265 1266
f 1074 1267 1075
f 1074 1266 1267
f 1075 1268 1076
f 1075 1267 1268
f 1076 1269 1077
f 1076 1268 1269
f 1077 1270 1078
f 1077 1269 1270
f 1078 1271 1079
f 1078 1270 1271
f 1079 1272 1080
f 1079 1271 1272
f 1080 1273 1081
f 1080 1272 1273
f 1081 1274 1082
f 1081 1273 1274
f 1082 1275 1083
f 1082 1274 1275
f 1083 1276 1084
f 1083 1275 1276
f 1084 1277 1085
f 1084 1276 1277
f 1085 1278 1086
f 1085 1277 1278
f 1086 1279 1087
f 1086 1278 1279
f 1087 1280 1088
f 1087 1279 1280
f 1088 1281 1089
f 1088 1280 1281
f 1089 1282 1090
f 1089 1281 1282
f 1090 1283 1091
f 1090 1282 1283
f 1091 1284 1092
f 1091 1283 1284
f 1092 1285 1093
f 1092 1284 1285
f 1093 1286 1094
f 1093 1285 1286
f 1094 1287 1095
f 1094 1286 1287
f 1095 1288 1096
f 1095 1287 1288
f 1096 1289 1097
f 1096 1288 1289
f 1097 1290 1098
f 1097 1289 1290
f 1098 1291 1099
f 1098 1290 1291
f 1099 1292 1100
f 1099 1291 1292
f 1100 1293 1101
f 1100 1292 1293
f 1101 1294 1102
f 1101 1293 1294
f 1102 1295 1103
f 1102 1294 1295
f 1103 1296 1104
f 1103 1295 1296
f 1104 1297 1105
f 1104 1296 1297
f 1105 1298 1106
f 1105 1297 1298
f 1106 1299 1107
f 1106 1298 1299
f 1107 1300 1108
f 1107 1299 1300
f 1108 1301 1109
f 1108 1300 1301
f 1109 1302 1110
f 1109 1301 1302
f 1110 1303 1111
f 1110 1302 1303
f 1111 1304 1112
f 1111 1303 1304
f 1112 1305 1113
f 1112 1304 1305
f 1113 1306 1114
f 1113 1305 1306
f 1114 1307 1115
f 1114 1306 1307
f 1115 1308 1116
f 1115 1307 1308
f 1116 1309 1117
f 1116 1308 1309
f 1117 1310 1118
f 1117 1309 1310
f 1118 1311 1119
f 1118 1310 1311
f 1119 1312 1120
f 1119 1311 1312
f 1120 1313 1121
f 1120 1312 1313
f 1121 1314 1122
f 1121 1313 1314
f 1122 1315 1123
f 1122 1314 1315
f 1123 1316 1124
f 1123 1315 1316
f 1124 1317 1125
f 1124 1316 1317
f 1125 1318 1126
f 1125 1317 1318
f 1126 1319 1127
f 1126 1318 1319
f 1127 1320 1128
f 1127 1319 1320
f 1128 1321 1129
f 1128 1320 1321
f 1129 1322 1130
f 1129 1321 1322
f 1130 1323 1131
f 1130 1322 1323
f 1131 1324 1132
f 1131 1323 1324
f 1132 1325 1133
f 1132 1324 1325
f 1133 1326 1134
f 1133 1325 1326
f 1134 1327 1135
f 1134 1326 1327
f 1135 1328 1136
f 1135 1327 1328
f 1136 1329 1137
f 1136 1328 1329
f 1137 1330 1138
f 1137 1329 1330
f 1138 1331 1139
f 1138 1330 1331
f 1139 1332 1140
f 1139 1331 1332
f 1140 1333 1141
f 1140 1332 1333
f 1141 1334 1142
f 1141 1333 1334
f 1142 1335 1143
f 1142 1334 1335
f 1143 1336 1144
f 1143 1335 1336
f 1144 1337 1145
f 1144 1336 1337
f 1145 1338 1146
f 1145 1337 1338
f 1146 1339 1147
f 1146 1338 1339
f 1147 1340 1148
f 1147 1339 1340
f 1148 1341 1149
f 1148 1340 1341
f 1149 1342 1150
f 1149 1341 1342
f 1150 1343 1151
f 1150 1342 1343
f 1151 1344 1152
f 1151 1343 1344
f 1152 1249 1057
f 1152 1344 1249
f 1153 1154 1346
f 1153 1346 1345
f 1154 1155 1347
f 1154 1347 1346
f 1155 1156 1348
f 1155 1348 1347
f 1156 1157 1349
f 1156 1349 1348
f 1157 1158 1350
f 1157 1350 1349
f 1158 1159 1351
f 1158 1351 1350
f 1159 1160 1352
f 1159 1352 1351
f 1160 1161 1353
f 1160 1353 1352
f 1161 1162 1354
f 1161 1354 1353
f 1162 1163 1355
f 1162 1355 1354
f 1163 1164 1356
f 1163 1356 1355
f 1164 1165 1357
f 1164 1357 1356
f 1165 1166 1358
f 1165 1358 1357
f 1166 1167 1359
f 1166 1359 1358
f 1167 1168 1360
f 1167 1360 1359
f 1168 1169 1361
f 1168 1361 1360
f 1169 1170 1362
f 1169 1362 1361
f 1170 1171 1363
f 1170 1363 1362
f 1171 1172 1364
f 1171 1364 1363
f 1172 1173 1365
f 1172 1365 1364
f 1173 1174 1366
f 1173 1366 1365
f 1174 1175 1367
f 1174 1367 1366
f 1175 1176 1368
f 1175 1368 1367
f 1176 1177 1369
f 1176 1369 1368
f 1177 1178 1370
f 1177 1370 1369
f 1178 1179 1371
f 1178 1371 1370
f 1179 1180 1372
f 1179 1372 1371
f 1180 1181 1373
f 1180 1373 1372
f 1181 1182 1374
f 1181 1374 1373
f 1182 1183 1375
f 1182 1375 1374
f 1183 1184 1376
f 1183 1376 1375
f 1184 1185 1377
f 1184 1377 1376
f 1185 1186 1378
f 1185 1378 1377
f 1186 1187 1379
f 1186 1379 1378
f 1187 1188 1380
f 1187 1380 1379
f 1188 1189 1381
f 1188 1381 1380
f 1189 1190 1382
f 1189 1382 1381
f 1190 1191 1383
f 1190 1383 1382
f 1191 1192 1384
f 1191 1384 1383
f 1192 1193 1385
f 1192 1385 1384
f 1193 1194 1386
f 1193 1386 1385
f 1194 1195 1387
f 1194 1387 1386
f 1195 1196 1388
f 1195 1388 1387
f 1196 1197 1389
f 1196 1389 1388
f 1197 1198 1390
f 1197 1390 1389
f 1198 1199 1391
f 1198 1391 1390
f 1199 1200 1392
f 1199 1392 1391
f 1200 1201 1393
f 1200 1393 1392
f 1201 1202 1394
f 1201 1394 1393
f 1202 1203 1395
f 1202 1395 1394
f 1203 1204 1396
f 1203 1396 1395
f 1204 1205 1397
f 1204 1397 1396
f 1205 1206 1398
f 1205 1398 1397
f 1206 1207 1399
f 1206 1399 1398
f 1207 1208 1400
f 1207 1400 1399
f 1208 1209 1401
f 1208 1401 1400
f 1209 1210 1402
f 1209 1402 1401
f 1210 1211 1403
f 1210 1403 1402
f 1211 1212 1404
f 1211 1404 1403
f 1212 1213 1405
f 1212 1405 1404
f 1213 1214 1406
f 1213 1406 1405
f 1214 1215 1407
f 1214 1407 1406
f 1215 1216 1408
f 1215 1408 1407
f 1216 1217 1409
f 1216 1409 1408
f 1217 1218 1410
f 1217 1410 1409
f 1218 1219 1411
f 1218 1411 1410
f 1219 1220 1412
f 1219 1412 1411
f 1220 1221 1413
f 1220 1413 1412
f 1221 1222 1414
f 1221 1414 1413
f 1222 1223 1415
f 1222 1415 1414
f 1223 1224 1416
f 1223 1416 1415
f 1224 1225 1417
f 1224 1417 1416
f 1225 1226 1418
f 1225 1418 1417
f 1226 1227 1419
f 1226 1419 1418
f 1227 1228 1420
f 1227 1420 1419
f 1228 1229 1421
f 1228 1421 1420
f 1229 1230 1422
f 1229 1422 1421
f 1230 1231 1423
f 1230 1423 1422
f 1231 1232 1424
f 1231 1424 1423
f 1232 1233 1425
f 1232 1425 1424
f 1233 1234 1426
f 1233 1426 1425
f 1234 1235 1427
f 1234 1427 1426
f 1235 1236 1428
f 1235 1428 1427
f 1236 1237 1429
f 1236 1429 1428
f 1237 1238 1430
f 1237 1430 1429
f 1238 1239 1431
f 1238 1431 1430
f 1239 1240 1432
f 1239 1432 1431
f 1240 1241 1433
f 1240 1433 1432
f 1241 1242 1434
f 1241 1434 1433
f 1242 1243 1435
f 1242 1435 1434
f 1243 1244 1436
f 1243 1436 1435
f 1244 1245 1437
f 1244 1437 1436
f 1245 1246 1438
f 1245 1438 1437
f 1246 1247 1439
f 1246 1439 1438
f 1247 1248 1440
f 1247 1440 1439
f 1248 1153 1345
f 1248 1345 1440
f 1249 1442 1250
f 1249 1441 1442
f 1250 1443 1251
f 1250 1442 1443
f 1251 1444 1252
f 1251 1443 1444
f 1252 1445 1253
f 1252 1444 1445
f 1253 1446 1254
f 1253 1445 1446
f 1254 1447 1255
f 1254 1446 1447
f 1255 1448 1256
f 1255 1447 1448
f 1256 1449 1257
f 1256 1448 1449
f 1257 1450 1258
f 1257 1449 1450
f 1258 1451 1259
f 1258 1450 1451
f 1259 1452 1260
f 1259 1451 1452
f 1260 1453 1261
f 1260 1452 1453
f 1261 1454 1262
f 1261 1453 1454
f 1262 1455 1263
f 1262 1454 1455
f 1263 1456 1264
f 1263 1455 1456
f 1264 1457 1265
f 1264 1456 1457
f 1265 1458 1266
f 1265 1457 1458
f 1266 1459 1267
f 1266 1458 1459
f 1267 1460 1268
f 1267 1459 1460
f 1268 1461 1269
f 1268 1460 1461
f 1269 1462 1270
f 1269 1461 1462
f 1270 1463 1271
f 1270 1462 1463
f 1271 1464 1272
f 1271 1463 1464
f 1272 1465 1273
f 1272 1464 1465
f 1273 1466 1274
f 1273 1465 1466
f 1274 1467 1275
f 1274 1466 1467
f 1275 1468 1276
f 1275 1467 1468
f 1276 1469 1277
f 1276 1468 1469
f 1277 1470 1278
f 1277 1469 1470
f 1278 1471 1279
f 1278 1470 1471
f 1279 1472 1280
f 1279 1471 1472
f 1280 1473 1281
f 1280 1472 1473
f 1281 1474 1282
f 1281 1473 1474
f 1282 1475 1283
f 1282 1474 1475
f 1283 1476 1284
f 1283 1475 1476
f 1284 1477 1285
f 1284 1476 1477
f 1285 1478 1286
f 1285 1477 1478
f 1286 1479 1287
f 1286 1478 1479
f 1287 1480 1288
f 1287 1479 1480
f 1288 1481 1289
f 1288 1480 1481
f 1289 1482 1290
f 1289 1481 1482
f 1290 1483 1291
f 1290 1482 1483
f 1291 1484 1292
f 1291 1483 1484
f 1292 1485 1293
f 1292 1484 1485
f 1293 1486 1294
f 1293 1485 1486
f 1294 1487 1295
f 1294 1486 1487
f 1295 1488 1296
f 1295 1487 1488
f 1296 1489 1297
f 1296 1488 1489
f 1297 1490 1298
f 1297 1489 1490
f 1298 1491 1299
f 1298 1490 1491
f 1299 1492 1300
f 1299 1491 1492
f 1300 1493 1301
f 1300 1492 1493
f 1301 1494 1302
f 1301 1493 1494
f 1302 1495 1303
f 1302 1494 1495
f 1303 1496 1304
f 1303 1495 1496
f 1304 1497 1305
f 1304 1496 1497
f 1305 1498 1306
f 1305 1497 1498
f 1306 1499 1307
f 1306 1498 1499
f 1307 1500 1308
f 1307 1499 1500
f 1308 1501 1309
f 1308 1500 1501
f 1309 1502 1310
f 1309 1501 1502
f 1310 1503 1311
f 1310 1502 1503
f 1311 1504 1312
f 1311 1503 1504
f 1312 1505 1313
f 1312 1504 1505
f 1313 1506 1314
f 1313 1505 1506
f 1314 1507 1315
f 1314 1506 1507
f 1315 1508 1316
f 1315 1507 1508
f 1316 1509 1317
f 1316 1508 1509
f 1317 1510 1318
f 1317 1509 1510
f 1318 1511 1319
f 1318 1510 1511
f 1319 1512 1320
f 1319 1511 1512
f 1320 1513 1321
f 1320 1512 1513
f 1321 1514 1322
f 1321 1513 1514
f 1322 1515 1323
f 1322 1514 1515
f 1323 1516 1324
f 1323 1515 1516
f 1324 1517 1325
f 1324 1516 1517
f 1325 1518 1326
f 1325 1517 1518
f 1326 1519 1327
f 1326 1518 1519
f 1327 1520 1328
f 1327 1519 1520
f 1328 1521 1329
f 1328 1520 1521
f 1329 1522 1330
f 1329 1521 1522
f 1330 1523 1331
f 1330 1522 1523
f 1331 1524 1332
f 1331 1523 1524
f 1332 1525 1333
f 1332 1524 1525
f 1333 1526 1334
f 1333 1525 1526
f 1334 1527 1335
f 1334 1526 1527
f 1335 1528 1336
f 1335 1527 1528
f 1336 1529 1337
f 1336 1528 1529
f 1337 1530 1338
f 1337 1529 1530
f 1338 1531 1339
f 1338 1530 1531
f 1339 1532 1340
f 1339 1531 1532
f 1340 1533 1341
f 1340 1532 1533
f 1341 1534 1342
f 1341 1533 1534
f 1342 1535 1343
f 1342 1534 1535
f 1343 1536 1344
f 1343 1535 1536
f 1344 1441 1249
f 1344 1536 1441
f 1345 1346 1538
f 1345 1538 1537
f 1346 1347 1539
f 1346 1539 1538
f 1347 1348 1540
f 1347 1540 1539
f 1348 1349 1541
f 1348 1541 1540
f 1349 1350 1542
f 1349 1542 1541
f 1350 1351 1543
f 1350 1543 1542
f 1351 1352 1544
f 1351 1544 1543
f 1352 1353 1545
f 1352 1545 1544
f 1353 1354 1546
f 1353 1546 1545
f 1354 1355 1547
f 1354 1547 1546
f 1355 1356 1548
f 1355 1548 1547
f 1356 1357 1549
f 1356 1549 1548
f 1357 1358 1550
f 1357 1550 1549
f 1358 1359 1551
f 1358 1551 1550
f 1359 1360 1552
f 1359 1552 1551
f 1360 1361 1553
f 1360 1553 1552
f 1361 1362 1554
f 1361 1554 1553
f 1362 1363 1555
f 1362 1555 1554
f 1363 1364 1556
f 1363 1556 1555
f 1364 1365 1557
f 1364 1557 1556
f 1365 1366 1558
f 1365 1558 1557
f 1366 1367 1559
f 1366 1559 1558
f 1367 1368 1560
f 1367 1560 1559
f 1368 1369 1561
f 1368 1561 1560
f 1369 1370 1562
f 1369 1562 1561
f 1370 1371 1563
f 1370 1563 1562
f 1371 1372 1564
f 1371 1564 1563
f 1372 1373 1565
f 1372 1565 1564
f 1373 1374 1566
f 1373 1566 1565
f 1374 1375 1567
f 1374 1567 1566
f 1375 1376 1568
f 1375 1568 1567
f 1376 1377 1569
f 1376 1569 1568
f 1377 1378 1570
f 1377 1570 1569
f 1378 1379 1571
f 1378 1571 1570
f 1379 1380 1572
f 1379 1572 1571
f 1380 1381 1573
f 1380 1573 1572
f 1381 1382 1574
f 1381 1574 1573
f 1382 1383 1575
f 1382 1575 1574
f 1383 1384 1576
f 1383 1576 1575
f 1384 1385 1577
f 1384 1577 1576
f 1385 1386 1578
f 1385 1578 1577
f 1386 1387 1579
f 1386 1579 1578
f 1387 1388 1580
f 1387 1580 1579
f 1388 1389 1581
f 1388 1581 1580
f 1389 1390 1582
f 1389 1582 1581
f 1390 1391 1583
f 1390 1583 1582
f 1391 1392 1584
f 1391 1584 1583
f 1392 1393 1585
f 1392 1585 1584
f 1393 1394 1586
f 1393 1586 1585
f 1394 1395 1587
f 1394 1587 1586
f 1395 1396 1588
f 1395 1588 1587
f 1396 1397 1589
f 1396 1589 1588
f 1397 1398 1590
f 1397 1590 1589
f 1398 1399 1591
f 1398 1591 1590
f 1399 1400 1592
f 1399 1592 1591
f 1400 1401 1593
f 1400 1593 1592
f 1401 1402 1594
f 1401 1594 1593
f 1402 1403 1595
f 1402 1595 1594
f 1403 1404 1596
f 1403 1596 1595
f 1404 1405 1597
f 1404 1597 1596
f 1405 1406 1598
f 1405 1598 1597
f 1406 1407 1599
f 1406 1599 1598
f 1407 1408 1600
f 1407 1600 1599
f 1408 1409 1601
f 1408 1601 1600
f 1409 1410 1602
f 1409 1602 1601
f 1410 1411 1603
f 1410 1603 1602
f 1411 1412 1604
f 1411 1604 1603
f 1412 1413 1605
f 1412 1605 1604
f 1413 1414 1606
f 1413 1606 1605
f 1414 1415 1607
f 1414 1607 1606
f 1415 1416 1608
f 1415 1608 1607
f 1416 1417 1609
f 1416 1609 1608
f 1417 1418 1610
f 1417 1610 1609
f 1418 1419 1611
f 1418 1611 1610
f 1419 1420 1612
f 1419 1612 1611
f 1420 1421 1613
f 1420 1613 1612
f 1421 1422 1614
f 1421 1614 1613
f 1422 1423 1615
f 1422 1615 1614
f 1423 1424 1616
f 1423 1616 1615
f 1424 1425 1617
f 1424 1617 1616
f 1425 1426 1618
f 1425 1618 1617
f 1426 1427 1619
f 1426 1619 1618
f 1427 1428 1620
f 1427 1620 1619
f 1428 1429 1621
f 1428 1621 1620
f 1429 1430 1622
f 1429 1622 1621
f 1430 1431 1623
f 1430 1623 1622
f 1431 1432 1624
f 1431 1624 1623
f 1432 1433 1625
f 1432 1625 1624
f 1433 1434 1626
f 1433 1626 1625
f 1434 1435 1627
f 1434 1627 1626
f 1435 1436 1628
f 1435 1628 1627
f 1436 1437 1629
f 1436 1629 1628
f 1437 1438 1630
f 1437 1630 1629
f 1438 1439 1631
f 1438 1631 1630
f 1439 1440 1632
f 1439 1632 1631
f 1440 1345 1537
f 1440 1537 1632
f 1441 1634 1442
f 1441 1633 1634
f 1442 1635 1443
f 1442 1634 1635
f 1443 1636 1444
f 1443 1635 1636
f 1444 1637 1445
f 1444 1636 1637
f 1445 1638 1446
f 1445 1637 1638
f 1446 1639 1447
f 1446 1638 1639
f 1447 1640 1448
f 1447 1639 1640
f 1448 1641 1449
f 1448 1640 1641
f 1449 1642 1450
f 1449 1641 1642
f 1450 1643 1451
f 1450 1642 1643
f 1451 1644 1452
f 1451 1643 1644
f 1452 1645 1453
f 1452 1644 1645
f 1453 1646 1454
f 1453 1645 1646
f 1454 1647 1455
f 1454 1646 1647
f 1455 1648 1456
f 1455 1647 1648
f 1456 1649 1457
f 1456 1648 1649
f 1457 1650 1458
f 1457 1649 1650
f 1458 1651 1459
f 1458 1650 1651
f 1459 1652 1460
f 1459 1651 1652
f 1460 1653 1461
f 1460 1652 1653
f 1461 1654 1462
f 1461 1653 1654
f 1462 1655 1463
f 1462 1654 1655
f 1463 1656 1464
f 1463 1655 1656
f 1464 1657 1465
f 1464 1656 1657
f 1465 1658 1466
f 1465 1657 1658
f 1466 1659 1467
f 1466 1658 1659
f 1467 1660 1468
f 1467 1659 1660
f 1468 1661 1469
f 1468 1660 1661
f 1469 1662 1470
f 1469 1661 1662
f 1470 1663 1471
f 1470 1662 1663
f 1471 1664 1472
f 1471 1663 1664
f 1472 1665 1473
f 1472 1664 1665
f 1473 1666 1474
f 1473 1665 1666
f 1474 1667 1475
f 1474 1666 1667
f 1475 1668 1476
f 1475 1667 1668
f 1476 1669 1477
f 1476 1668 1669
f 1477 1670 1478
f 1477 1669 1670
f 1478 1671 1479
f 1478 1670 1671
f 1479 1672 1480
f 1479 1671 1672
f 1480 1673 1481
f 1480 1672 1673
f 1481 1674 1482
f 1481 1673 1674
f 1482 1675 1483
f 1482 1674 1675
f 1483 1676 1484
f 1483 1675 1676
f 1484 1677 1485
f 1484 1676 1677
f 1485 1678 1486
f 1485 1677 1678
f 1486 1679 1487
f 1486 1678 1679
f 1487 1680 1488
f 1487 1679 1680
f 1488 1681 1489
f 1488 1680 1681
f 1489 1682 1490
f 1489 1681 1682
f 1490 1683 1491
f 1490 1682 1683
f 1491 1684 1492
f 1491 1683 1684
f 1492 1685 1493
f 1492 1684 1685
f 1493 1686 1494
f 1493 1685 1686
f 1494 1687 1495
f 1494 1686 1687
f 1495 1688 1496
f 1495 1687 1688
f 1496 1689 1497
f 1496 1688 1689
f 1497 1690 1498
f 1497 1689 1690
f 1498 1691 1499
f 1498 1690 1691
f 1499 1692 1500
f 1499 1691 1692
f 1500 1693 1501
f 1500 1692 1693
f 1501 1694 1502
f 1501 1693 1694
f 1502 1695 1503
f 1502 1694 1695
f 1503 1696 1504
f 1503 1695 1696
f 1504 1697 1505
f 1504 1696 1697
f 1505 1698 1506
f 1505 1697 1698
f 1506 1699 1507
f 1506 1698 1699
f 1507 1700 1508
f 1507 1699 1700
f 1508 1701 1509
f 1508 1700 1701
f 1509 1702 1510
f 1509 1701 1702
f 1510 1703 1511
f 1510 1702 1703
f 1511 1704 1512
f 1511 1703 1704
f 1512 1705 1513
f 1512 1704 1705
f 1513 1706 1514
f 1513 1705 1706
f 1514 1707 1515
f 1514 1706 1707
f 1515 1708 1516
f 1515 1707 1708
f 1516 1709 1517
f 1516 1708 1709
f 1517 1710 1518
f 1517 1709 1710
f 1518 1711 1519
f 1518 1710 1711
f 1519 1712 1520
f 1519 1711 1712
f 1520 1713 1521
f 1520 1712 1713
f 1521 1714 1522
f 1521 1713 1714
f 1522 1715 1523
f 1522 1714 1715
f 1523 1716 1524
f 1523 1715 1716
f 1524 1717 1525
f 1524 1716 1717
f 1525 1718 1526
f 1525 1717 1718
f 1526 1719 1527
f 1526 1718 1719
f 1527 1720 1528
f 1527 1719 1720
f 1528 1721 1529
f 1528 1720 1721
f 1529 1722 1530
f 1529 1721 1722
f 1530 1723 1531
f 1530 1722 1723
f 1531 1724 1532
f 1531 1723 1724
f 1532 1725 1533
f 1532 1724 1725
f 1533 1726 1534
f 1533 1725 1726
f 1534 1727 1535
f 1534 1726 1727
f 1535 1728 1536
f 1535 1727 1728
f 1536 1633 1441
f 1536 1728 1633
f 1537 1538 1730
f 1537 1730 1729
f 1538 1539 1731
f 1538 1731 1730
f 1539 1540 1732
f 1539 1732 1731
f 1540 1541 1733
f 1540 1733 1732
f 1541 1542 1734
f 1541 1734 1733
f 1542 1543 1735
f 1542 1735 1734
f 1543 1544 1736
f 1543 1736 1735
f 1544 1545 1737
f 1544 1737 1736
f 1545 1546 1738
f 1545 1738 1737
f 1546 1547 1739
f 1546 1739 1738
f 1547 1548 1740
f 1547 1740 1739
f 1548 1549 1741
f 1548 1741 1740
f 1549 1550 1742
f 1549 1742 1741
f 1550 1551 1743
f 1550 1743 1742
f 1551 1552 1744
f 1551 1744 1743
f 1552 1553 1745
f 1552 1745 1744
f 1553 1554 1746
f 1553 1746 1745
f 1554 1555 1747
f 1554 1747 1746
f 1555 1556 1748
f 1555 1748 1747
f 1556 1557 1749
f 1556 1749 1748
f 1557 1558 1750
f 1557 1750 1749
f 1558 1559 1751
f 1558 1751 1750
f 1559 1560 1752
f 1559 1752 1751
f 1560 1561 1753
f 1560 1753 1752
f 1561 1562 1754
f 1561 1754 1753
f 1562 1563 1755
f 1562 1755 1754
f 1563 1564 1756
f 1563 1756 1755
f 1564 1565 1757
f 1564 1757 1756
f 1565 1566 1758
f 1565 1758 1757
f 1566 1567 1759
f 1566 1759 1758
f 1567 1568 1760
f 1567 1760 1759
f 1568 1569 1761
f 1568 1761 1760
f 1569 1570 1762
f 1569 1762 1761
f 1570 1571 1763
f 1570 1763 1762
f 1571 1572 1764
f 1571 1764 1763
f 1572 1573 1765
f 1572 1765 1764
f 1573 1574 1766
f 1573 1766 1765
f 1574 1575 1767
f 1574 1767 1766
f 1575 1576 1768
f 1575 1768 1767
f 1576 1577 1769
f 1576 1769 1768
f 1577 1578 1770
f 1577 1770 1769
f 1578 1579 1771
f 1578 1771 1770
f 1579 1580 1772
f 1579 1772 1771
f 1580 1581 1773
f 1580 1773 1772
f 1581 1582 1774
f 1581 1774 1773
f 1582 1583 1775
f 1582 1775 1774
f 1583 1584 1776
f 1583 1776 1775
f 1584 1585 1777
f 1584 1777 1776
f 1585 1586 1778
f 1585 1778 1777
f 1586 1587 1779
f 1586 1779 1778
f 1587 1588 1780
f 1587 1780 1779
f 1588 1589 1781
f 1588 1781 1780
f 1589 1590 1782
f 1589 1782 1781
f 1590 1591 1783
f 1590 1783 1782
f 1591 1592 1784
f 1591 1784 1783
f 1592 1593 1785
f 1592 1785 1784
f 1593 1594 1786
f 1593 1786 1785
f 1594 1595 1787
f 1594 1787 1786
f 1595 1596 1788
f 1595 1788 1787
f 1596 1597 1789
f 1596 1789 1788
f 1597 1598 1790
f 1597 1790 1789
f 1598 1599 1791
f 1598 1791 1790
f 1599 1600 1792
f 1599 1792 1791
f 1600 1601 1793
f 1600 1793 1792
f 1601 1602 1794
f 1601 1794 1793
f 1602 1603 1795
f 1602 1795 1794
f 1603 1604 1796
f 1603 1796 1795
f 1604 1605 1797
f 1604 1797 1796
f 1605 1606 1798
f 1605 1798 1797
f 1606 1607 1799
f 1606 1799 1798
f 1607 1608 1800
f 1607 1800 1799
f 1608 1609 1801
f 1608 1801 1800
f 1609 1610 1802
f 1609 1802 1801
f 1610 1611 1803
f 1610 1803 1802
f 1611 1612 1804
f 1611 1804 1803
f 1612 1613 1805
f 1612 1805 1804
f 1613 1614 1806
f 1613 1806 1805
f 1614 1615 1807
f 1614 1807 1806
f 1615 1616 1808
f 1615 1808 1807
f 1616 1617 1809
f 1616 1809 1808
f 1617 1618 1810
f 1617 1810 1809
f 1618 1619 1811
f 1618 1811 1810
f 1619 1620 1812
f 1619 1812 1811
f 1620 1621 1813
f 1620 1813 1812
f 1621 1622 1814
f 1621 1814 1813
f 1622 1623 1815
f 1622 1815 1814
f 1623 1624 1816
f 1623 1816 1815
f 1624 1625 1817
f 1624 1817 1816
f 1625 1626 1818
f 1625 1818 1817
f 1626 1627 1819
f 1626 1819 1818
f 1627 1628 1820
f 1627 1820 1819
f 1628 1629 1821
f 1628 1821 1820
f 1629 1630 1822
f 1629 1822 1821
f 1630 1631 1823
f 1630 1823 1822
f 1631 1632 1824
f 1631 1824 1823
f 1632 1537 1729
f 1632 1729 1824
f 1633 1826 1634
f 1633 1825 1826
f 1634 1827 1635
f 1634 1826 1827
f 1635 1828 1636
f 1635 1827 1828
f 1636 1829 1637
f 1636 1828 1829
f 1637 1830 1638
f 1637 1829 1830
f 1638 1831 1639
f 1638 1830 1831
f 1639 1832 1640
f 1639 1831 1832
f 1640 1833 1641
f 1640 1832 1833
f 1641 1834 1642
f 1641 1833 1834
f 1642 1835 1643
f 1642 1834 1835
f 1643 1836 1644
f 1643 1835 1836
f 1644 1837 1645
f 1644 1836 1837
f 1645 1838 1646
f 1645 1837 1838
f 1646 1839 1647
f 1646 1838 1839
f 1647 1840 1648
f 1647 1839 1840
f 1648 1841 1649
f 1648 1840 1841
f 1649 1842 1650
f 1649 1841 1842
f 1650 1843 1651
f 1650 1842 1843
f 1651 1844 1652
f 1651 1843 1844
f 1652 1845 1653
f 1652 1844 1845
f 1653 1846 1654
f 1653 1845 1846
f 1654 1847 1655
f 1654 1846 1847
f 1655 1848 1656
f 1655 1847 1848
f 1656 1849 1657
f 1656 1848 1849
f 1657 1850 1658
f 1657 1849 1850
f 1658 1851 1659
f 1658 1850 1851
f 1659 1852 1660
f 1659 1851 1852
f 1660 1853 1661
f 1660 1852 1853
f 1661 1854 1662
f 1661 1853 1854
f 1662 1855 1663
f 1662 1854 1855
f 1663 1856 1664
f 1663 1855 1856
f 1664 1857 1665
f 1664 1856 1857
f 1665 1858 1666
f 1665 1857 1858
f 1666 1859 1667
f 1666 1858 1859
f 1667 1860 1668
f 1667 1859 1860
f 1668 1861 1669
f 1668 1860 1861
f 1669 1862 1670
f 1669 1861 1862
f 1670 1863 1671
f 1670 1862 1863
f 1671 1864 1672
f 1671 1863 1864
f 1672 1865 1673
f 1672 1864 1865
f 1673 1866 1674
f 1673 1865 1866
f 1674 1867 1675
f 1674 1866 1867
f 1675 1868 1676
f 1675 1867 1868
f 1676 1869 1677
f 1676 1868 1869
f 1677 1870 1678
f 1677 1869 1870
f 1678 1871 1679
f 1678 1870 1871
f 1679 1872 1680
f 1679 1871 1872
f 1680 1873 1681
f 1680 1872 1873
f 1681 1874 1682
f 1681 1873 1874
f 1682 1875 1683
f 1682 1874 1875
f 1683 1876 1684
f 1683 1875 1876
f 1684 1877 1685
f 1684 1876 1877
f 1685 1878 1686
f 1685 1877 1878
f 1686 1879 1687
f 1686 1878 1879
f 1687 1880 1688
f 1687 1879 1880
f 1688 1881 1689
f 1688 1880 1881
f 1689 1882 1690
f 1689 1881 1882
f 1690 1883 1691
f 1690 1882 1883
f 1691 1884 1692
f 1691 1883 1884
f 1692 1885 1693
f 1692 1884 1885
f 1693 1886 1694
f 1693 1885 1886
f 1694 1887 1695
f 1694 1886 1887
f 1695 1888 1696
f 1695 1887 1888
f 1696 1889 1697
f 1696 1888 1889
f 1697 1890 1698
f 1697 1889 1890
f 1698 1891 1699
f 1698 1890 1891
f 1699 1892 1700
f 1699 1891 1892
f 1700 1893 1701
f 1700 1892 1893
f 1701 1894 1702
f 1701 1893 1894
f 1702 1895 1703
f 1702 1894 1895
f 1703 1896 1704
f 1703 1895 1896
f 1704 1897 1705
f 1704 1896 1897
f 1705 1898 1706
f 1705 1897 1898
f 1706 1899 1707
f 1706 1898 1899
f 1707 1900 1708
f 1707 1899 1900
f 1708 1901 1709
f 1708 1900 1901
f 1709 1902 1710
f 1709 1901 1902
f 1710 1903 1711
f 1710 1902 1903
f 1711 1904 1712
f 1711 1903 1904
f 1712 1905 1713
f 1712 1904 1905
f 1713 1906 1714
f 1713 1905 1906
f 1714 1907 1715
f 1714 1906 1907
f 1715 1908 1716
f 1715 1907 1908
f 1716 1909 1717
f 1716 1908 1909
f 1717 1910 1718
f 1717 1909 1910
f 1718 1911 1719
f 1718 1910 1911
f 1719 1912 1720
f 1719 1911 1912
f 1720 1913 1721
f 1720 1912 1913
f 1721 1914 1722
f 1721 1913 1914
f 1722 1915 1723
f 1722 1914 1915
f 1723 1916 1724
f 1723 1915 1916
f 1724 1917 1725
f 1724 1916 1917
f 1725 1918 1726
f 1725 1917 1918
f 1726 1919 1727
f 1726 1918 1919
f 1727 1920 1728
f 1727 1919 1920
f 1728 1825 1633
f 1728 1920 1825
f 1729 1730 1922
f 1729 1922 1921
f 1730 1731 1923
f 1730 1923 1922
f 1731 1732 1924
f 1731 1924 1923
f 1732 1733 1925
f 1732 1925 1924
f 1733 1734 1926
f 1733 1926 1925
f 1734 1735 1927
f 1734 1927 1926
f 1735 1736 1928
f 1735 1928 1927
f 1736 1737 1929
f 1736 1929 1928
f 1737 1738 1930
f 1737 1930 1929
f 1738 1739 1931
f 1738 1931 1930
f 1739 1740 1932
f 1739 1932 1931
f 1740 1741 1933
f 1740 1933 1932
f 1741 1742 1934
f 1741 1934 1933
f 1742 1743 1935
f 1742 1935 1934
f 1743 1744 1936
f 1743 1936 1935
f 1744 1745 1937
f 1744 1937 1936
f 1745 1746 1938
f 1745 1938 1937
f 1746 1747 1939
f 1746 1939 1938
f 1747 1748 1940
f 1747 1940 1939
f 1748 1749 1941
f 1748 1941 1940
f 1749 1750 1942
f 1749 1942 1941
f 1750 1751 1943
f 1750 1943 1942
f 1751 1752 1944
f 1751 1944 1943
f 1752 1753 1945
f 1752 1945 1944
f 1753 1754 1946
f 1753 1946 1945
f 1754 1755 1947
f 1754 1947 1946
f 1755 1756 1948
f 1755 1948 1947
f 1756 1757 1949
f 1756 1949 1948
f 1757 1758 1950
f 1757 1950 1949
f 1758 1759 1951
f 1758 1951 1950
f 1759 1760 1952
f 1759 1952 1951
f 1760 1761 1953
f 1760 1953 1952
f 1761 1762 1954
f 1761 1954 1953
f 1762 1763 1955
f 1762 1955 1954
f 1763 1764 1956
f 1763 1956 1955
f 1764 1765 1957
f 1764 1957 1956
f 1765 1766 1958
f 1765 1958 1957
f 1766 1767 1959
f 1766 1959 1958
f 1767 1768 1960
f 1767 1960 1959
f 1768 1769 1961
f 1768 1961 1960
f 1769 1770 1962
f 1769 1962 1961
f 1770 1771 1963
f 1770 1963 1962
f 1771 1772 1964
f 1771 1964 1963
f 1772 1773 1965
f 1772 1965 1964
f 1773 1774 1966
f 1773 1966 1965
f 1774 1775 1967
f 1774 1967 1966
f 1775 1776 1968
f 1775 1968 1967
f 1776 1777 1969
f 1776 1969 1968
f 1777 1778 1970
f 1777 1970 1969
f 1778 1779 1971
f 1778 1971 1970
f 1779 1780 1972
f 1779 1972 1971
f 1780 1781 1973
f 1780 1973 1972
f 1781 1782 1974
f 1781 1974 1973
f 1782 1783 1975
f 1782 1975 1974
f 1783 1784 1976
f 1783 1976 1975
f 1784 1785 1977
f 1784 1977 1976
f 1785 1786 1978
f 1785 1978 1977
f 1786 1787 1979
f 1786 1979 1978
f 1787 1788 1980
f 1787 1980 1979
f 1788 1789 1981
f 1788 1981 1980
f 1789 1790 1982
f 1789 1982 1981
f 1790 1791 1983
f 1790 1983 1982
f 1791 1792 1984
f 1791 1984 1983
f 1792 1793 1985
f 1792 1985 1984
f 1793 1794 1986
f 1793 1986 1985
f 1794 1795 1987
f 1794 1987 1986
f 1795 1796 1988
f 1795 1988 1987
f 1796 1797 1989
f 1796 1989 1988
f 1797 1798 1990
f 1797 1990 1989
f 1798 1799 1991
f 1798 1991 1990
f 1799 1800 1992
f 1799 1992 1991
f 1800 1801 1993
f 1800 1993 1992
f 1801 1802 1994
f 1801 1994 1993
f 1802 1803 1995
f 1802 1995 1994
f 1803 1804 1996
f 1803 1996 1995
f 1804 1805 1997
f 1804 1997 1996
f 1805 1806 1998
f 1805 1998 1997
f 1806 1807 1999
f 1806 1999 1998
f 1807 1808 2000
f 1807 2000 1999
f 1808 1809 2001
f 1808 2001 2000
f 1809 1810 2002
f 1809 2002 2001
f 1810 1811 2003
f 1810 2003 2002
f 1811 1812 2004
f 1811 2004 2003
f 1812 1813 2005
f 1812 2005 2004
f 1813 1814 2006
f 1813 2006 2005
f 1814 1815 2007
f 1814 2007 2006
f 1815 1816 2008
f 1815 2008 2007
f 1816 1817 2009
f 1816 2009 2008
f 1817 1818 2010
f 1817 2010 2009
f 1818 1819 2011
f 1818 2011 2010
f 1819 1820 2012
f 1819 2012 2011
f 1820 1821 2013
f 1820 2013 2012
f 1821 1822 2014
f 1821 2014 2013
f 1822 1823 2015
f 1822 2015 2014
f 1823 1824 2016
f 1823 2016 2015
f 1824 1729 1921
f 1824 1921 2016
f 1825 2018 1826
f 1825 2017 2018
f 1826 2019 1827
f 1826 2018 2019
f 1827 2020 1828
f 1827 2019 2020
f 1828 2021 1829
f 1828 2020 2021
f 1829 2022 1830
f 1829 2021 2022
f 1830 2023 1831
f 1830 2022 2023
f 1831 2024 1832
f 1831 2023 2024
f 1832 2025 1833
f 1832 2024 2025
f 1833 2026 1834
f 1833 2025 2026
f 1834 2027 1835
f 1834 2026 2027
f 1835 2028 1836
f 1835 2027 2028
f 1836 2029 1837
f 1836 2028 2029
f 1837 2030 1838
f 1837 2029 2030
f 1838 2031 1839
f 1838 2030 2031
f 1839 2032 1840
f 1839 2031 2032
f 1840 2033 1841
f 1840 2032 2033
f 1841 2034 1842
f 1841 2033 2034
f 1842 2035 1843
f 1842 2034 2035
f 1843 2036 1844
f 1843 2035 2036
f 1844 2037 1845
f 1844 2036 2037
f 1845 2038 1846
f 1845 2037 2038
f 1846 2039 1847
f 1846 2038 2039
f 1847 2040 1848
f 1847 2039 2040
f 1848 2041 1849
f 1848 2040 2041
f 1849 2042 1850
f 1849 2041 2042
f 1850 2043 1851
f 1850 2042 2043
f 1851 2044 1852
f 1851 2043 2044
f 1852 2045 1853
f 1852 2044 2045
f 1853 2046 1854
f 1853 2045 2046
f 1854 2047 1855
f 1854 2046 2047
f 1855 2048 1856
f 1855 2047 2048
f 1856 2049 1857
f 1856 2048 2049
f 1857 2050 1858
f 1857 2049 2050
f 1858 2051 1859
f 1858 2050 2051
f 1859 2052 1860
f 1859 2051 2052
f 1860 2053 1861
f 1860 2052 2053
f 1861 2054 1862
f 1861 2053 2054
f 1862 2055 1863
f 1862 2054 2055
f 1863 2056 1864
f 1863 2055 2056
f 1864 2057 1865
f 1864 2056 2057
f 1865 2058 1866
f 1865 2057 2058
f 1866 2059 1867
f 1866 2058 2059
f 1867 2060 1868
f 1867 2059 2060
f 1868 2061 1869
f 1868 2060 2061
f 1869 2062 1870
f 1869 2061 2062
f 1870 2063 1871
f 1870 2062 2063
f 1871 2064 1872
f 1871 2063 2064
f 1872 2065 1873
f 1872 2064 2065
f 1873 2066 1874
f 1873 2065 2066
f 1874 2067 1875
f 1874 2066 2067
f 1875 2068 1876
f 1875 2067 2068
f 1876 2069 1877
f 1876 2068 2069
f 1877 2070 1878
f 1877 2069 2070
f 1878 2071 1879
f 1878 2070 2071
f 1879 2072 1880
f 1879 2071 2072
f 1880 2073 1881
f 1880 2072 2073
f 1881 2074 1882
f 1881 2073 2074
f 1882 2075 1883
f 1882 2074 2075
f 1883 2076 1884
f 1883 2075 2076
f 1884 2077 1885
f 1884 2076 2077
f 1885 2078 1886
f 1885 2077 2078
f 1886 2079 1887
f 1886 2078 2079
f 1887 2080 1888
f 1887 2079 2080
f 1888 2081 1889
f 1888 2080 2081
f 1889 2082 1890
f 1889 2081 2082
f 1890 2083 1891
f 1890 2082 2083
f 1891 2084 1892
f 1891 2083 2084
f 1892 2085 1893
f 1892 2084 2085
f 1893 2086 1894
f 1893 2085 2086
f 1894 2087 1895
f 1894 2086 2087
f 1895 2088 1896
f 1895 2087 2088
f 1896 2089 1897
f 1896 2088 2089
f 1897 2090 1898
f 1897 2089 2090
f 1898 2091 1899
f 1898 2090 2091
f 1899 2092 1900
f 1899 2091 2092
f 1900 2093 1901
f 1900 2092 2093
f 1901 2094 1902
f 1901 2093 2094
f 1902 2095 1903
f 1902 2094 2095
f 1903 2096 1904
f 1903 2095 2096
f 1904 2097 1905
f 1904 2096 2097
f 1905 2098 1906
f 1905 2097 2098
f 1906 2099 1907
f 1906 2098 2099
f 1907 2100 1908
f 1907 2099 2100
f 1908 2101 1909
f 1908 2100 2101
f 1909 2102 1910
f 1909 2101 2102
f 1910 2103 1911
f 1910 2102 2103
f 1911 2104 1912
f 1911 2103 2104
f 1912 2105 1913
f 1912 2104 2105
f 1913 2106 1914
f 1913 2105 2106
f 1914 2107 1915
f 1914 2106 2107
f 1915 2108 1916
f 1915 2107 2108
f 1916 2109 1917
f 1916 2108 2109
f 1917 2110 1918
f 1917 2109 2110
f 1918 2111 1919
f 1918 2110 2111
f 1919 2112 1920
f 1919 2111 2112
f 1920 2017 1825
f 1920 2112 2017
f 1921 1922 2114
f 1921 2114 2113
f 1922 1923 2115
f 1922 2115 2114
f 1923 1924 2116
f 1923 2116 2115
f 1924 1925 2117
f 1924 2117 2116
f 1925 1926 2118
f 1925 2118 2117
f 1926 1927 2119
f 1926 2119 2118
f 1927 1928 2120
f 1927 2120 2119
f 1928 1929 2121
f 1928 2121 2120
f 1929 1930 2122
f 1929 2122 2121
f 1930 1931 2123
f 1930 2123 2122
f 1931 1932 2124
f 1931 2124 2123
f 1932 1933 2125
f 1932 2125 2124
f 1933 1934 2126
f 1933 2126 2125
f 1934 1935 2127
f 1934 2127 2126
f 1935 1936 2128
f 1935 2128 2127
f 1936 1937 2129
f 1936 2129 2128
f 1937 1938 2130
f 1937 2130 2129
f 1938 1939 2131
f 1938 2131 2130
f 1939 1940 2132
f 1939 2132 2131
f 1940 1941 2133
f 1940 2133 2132
f 1941 1942 2134
f 1941 2134 2133
f 1942 1943 2135
f 1942 2135 2134
f 1943 1944 2136
f 1943 2136 2135
f 1944 1945 2137
f 1944 2137 2136
f 1945 1946 2138
f 1945 2138 2137
f 1946 1947 2139
f 1946 2139 2138
f 1947 1948 2140
f 1947 2140 2139
f 1948 1949 2141
f 1948 2141 2140
f 1949 1950 2142
f 1949 2142 2141
f 1950 1951 2143
f 1950 2143 2142
f 1951 1952 2144
f 1951 2144 2143
f 1952 1953 2145
f 1952 2145 2144
f 1953 1954 2146
f 1953 2146 2145
f 1954 1955 2147
f 1954 2147 2146
f 1955 1956 2148
f 1955 2148 2147
f 1956 1957 2149
f 1956 2149 2148
f 1957 1958 2150
f 1957 2150 2149
f 1958 1959 2151
f 1958 2151 2150
f 1959 1960 2152
f 1959 2152 2151
f 1960 1961 2153
f 1960 2153 2152
f 1961 1962 2154
f 1961 2154 2153
f 1962 1963 2155
f 1962 2155 2154
f 1963 1964 2156
f 1963 2156 2155
f 1964 1965 2157
f 1964 2157 2156
f 1965 1966 2158
f 1965 2158 2157
f 1966 1967 2159
f 1966 2159 2158
f 1967 1968 2160
f 1967 2160 2159
f 1968 1969 2161
f 1968 2161 2160
f 1969 1970 2162
f 1969 2162 2161
f 1970 1971 2163
f 1970 2163 2162
f 1971 1972 2164
f 1971 2164 2163
f 1972 1973 2165
f 1972 2165 2164
f 1973 1974 2166
f 1973 2166 2165
f 1974 1975 2167
f 1974 2167 2166
f 1975 1976 2168
f 1975 2168 2167
f 1976 1977 2169
f 1976 2169 2168
f 1977 1978 2170
f 1977 2170 2169
f 1978 1979 2171
f 1978 2171 2170
f 1979 1980 2172
f 1979 2172 2171
f 1980 1981 2173
f 1980 2173 2172
f 1981 1982 2174
f 1981 2174 2173
f 1982 1983 2175
f 1982 2175 2174
f 1983 1984 2176
f 1983 2176 2175
f 1984 1985 2177
f 1984 2177 2176
f 1985 1986 2178
f 1985 2178 2177
f 1986 1987 2179
f 1986 2179 2178
f 1987 1988 2180
f 1987 2180 2179
f 1988 1989 2181
f 1988 2181 2180
f 1989 1990 2182
f 1989 2182 2181
f 1990 1991 2183
f 1990 2183 2182
f 1991 1992 2184
f 1991 2184 2183
f 1992 1993 2185
f 1992 2185 2184
f 1993 1994 2186
f 1993 2186 2185
f 1994 1995 2187
f 1994 2187 2186
f 1995 1996 2188
f 1995 2188 2187
f 1996 1997 2189
f 1996 2189 2188
f 1997 1998 2190
f 1997 2190 2189
f 1998 1999 2191
f 1998 2191 2190
f 1999 2000 2192
f 1999 2192 2191
f 2000 2001 2193
f 2000 2193 2192
f 2001 2002 2194
f 2001 2194 2193
f 2002 2003 2195
f 2002 2195 2194
f 2003 2004 2196
f 2003 2196 2195
f 2004 2005 2197
f 2004 2197 2196
f 2005 2006 2198
f 2005 2198 2197
f 2006 2007 2199
f 2006 2199 2198
f 2007 2008 2200
f 2007 2200 2199
f 2008 2009 2201
f 2008 2201 2200
f 2009 2010 2202
f 2009 2202 2201
f 2010 2011 2203
f 2010 2203 2202
f 2011 2012 2204
f 2011 2204 2203
f 2012 2013 2205
f 2012 2205 2204
f 2013 2014 2206
f 2013 2206 2205
f 2014 2015 2207
f 2014 2207 2206
f 2015 2016 2208
f 2015 2208 2207
f 2016 1921 2113
f 2016 2113 2208
f 2017 2210 2018
f 2017 2209 2210
f 2018 2211 2019
f 2018 2210 2211
f 2019 2212 2020
f 2019 2211 2212
f 2020 2213 2021
f 2020 2212 2213
f 2021 2214 2022
f 2021 2213 2214
f 2022 2215 2023
f 2022 2214 2215
f 2023 2216 2024
f 2023 2215 2216
f 2024 2217 2025
f 2024 2216 2217
f 2025 2218 2026
f 2025 2217 2218
f 2026 2219 2027
f 2026 2218 2219
f 2027 2220 2028
f 2027 2219 2220
f 2028 2221 2029
f 2028 2220 2221
f 2029 2222 2030
f 2029 2221 2222
f 2030 2223 2031
f 2030 2222 2223
f 2031 2224 2032
f 2031 2223 2224
f 2032 2225 2033
f 2032 2224 2225
f 2033 2226 2034
f 2033 2225 2226
f 2034 2227 2035
f 2034 2226 2227
f 2035 2228 2036
f 2035 2227 2228
f 2036 2229 2037
f 2036 2228 2229
f 2037 2230 2038
f 2037 2229 2230
f 2038 2231 2039
f 2038 2230 2231
f 2039 2232 2040
f 2039 2231 2232
f 2040 2233 2041
f 2040 2232 2233
f 2041 2234 2042
f 2041 2233 2234
f 2042 2235 2043
f 2042 2234 2235
f 2043 2236 2044
f 2043 2235 2236
f 2044 2237 2045
f 2044 2236 2237
f 2045 2238 2046
f 2045 2237 2238
f 2046 2239 2047
f 2046 2238 2239
f 2047 2240 2048
f 2047 2239 2240
f 2048 2241 2049
f 2048 2240 2241
f 2049 2242 2050
f 2049 2241 2242
f 2050 2243 2051
f 2050 2242 2243
f 2051 2244 2052
f 2051 2243 2244
f 2052 2245 2053
f 2052 2244 2245
f 2053 2246 2054
f 2053 2245 2246
f 2054 2247 2055
f 2054 2246 2247
f 2055 2248 2056
f 2055 2247 2248
f 2056 2249 2057
f 2056 2248 2249
f 2057 2250 2058
f 2057 2249 2250
f 2058 2251 2059
f 2058 2250 2251
f 2059 2252 2060
f 2059 2251 2252
f 2060 2253 2061
f 2060 2252 2253
f 2061 2254 2062
f 2061 2253 2254
f 2062 2255 2063
f 2062 2254 2255
f 2063 2256 2064
f 2063 2255 2256
f 2064 2257 2065
f 2064 2256 2257
f 2065 2258 2066
f 2065 2257 2258
f 2066 2259 2067
f 2066 2258 2259
f 2067 2260 2068
f 2067 2259 2260
f 2068 2261 2069
f 2068 2260 2261
f 2069 2262 2070
f 2069 2261 2262
f 2070 2263 2071
f 2070 2262 2263
f 2071 2264 2072
f 2071 2263 2264
f 2072 2265 2073
f 2072 2264 2265
f 2073 2266 2074
f 2073 2265 2266
f 2074 2267 2075
f 2074 2266 2267
f 2075 2268 2076
f 2075 2267 2268
f 2076 2269 2077
f 2076 2268 2269
f 2077 2270 2078
f 2077 2269 2270
f 2078 2271 2079
f 2078 2270 2271
f 2079 2272 2080
f 2079 2271 2272
f 2080 2273 2081
f 2080 2272 2273
f 2081 2274 2082
f 2081 2273 2274
f 2082 2275 2083
f 2082 2274 2275
f 2083 2276 2084
f 2083 2275 2276
f 2084 2277 2085
f 2084 2276 2277
f 2085 2278 2086
f 2085 2277 2278
f 2086 2279 2087
f 2086 2278 2279
f 2087 2280 2088
f 2087 2279 2280
f 2088 2281 2089
f 2088 2280 2281
f 2089 2282 2090
f 2089 2281 2282
f 2090 2283 2091
f 2090 2282 2283
f 2091 2284 2092
f 2091 2283 2284
f 2092 2285 2093
f 2092 2284 2285
f 2093 2286 2094
f 2093 2285 2286
f 2094 2287 2095
f 2094 2286 2287
f 2095 2288 2096
f 2095 2287 2288
f 2096 2289 2097
f 2096 2288 2289
f 2097 2290 2098
f 2097 2289 2290
f 2098 2291 2099
f 2098 2290 2291
f 2099 2292 2100
f 2099 2291 2292
f 2100 2293 2101
f 2100 2292 2293
f 2101 2294 2102
f 2101 2293 2294
f 2102 2295 2103
f 2102 2294 2295
f 2103 2296 2104
f 2103 2295 2296
f 2104 2297 2105
f 2104 2296 2297
f 2105 2298 2106
f 2105 2297 2298
f 2106 2299 2107
f 2106 2298 2299
f 2107 2300 2108
f 2107 2299 2300
f 2108 2301 2109
f 2108 2300 2301
f 2109 2302 2110
f 2109 2301 2302
f 2110 2303 2111
f 2110 2302 2303
f 2111 2304 2112
f 2111 2303 2304
f 2112 2209 2017
f 2112 2304 2209
f 2113 2114 2306
f 2113 2306 2305
f 2114 2115 2307
f 2114 2307 2306
f 2115 2116 2308
f 2115 2308 2307
f 2116 2117 2309
f 2116 2309 2308
f 2117 2118 2310
f 2117 2310 2309
f 2118 2119 2311
f 2118 2311 2310
f 2119 2120 2312
f 2119 2312 2311
f 2120 2121 2313
f 2120 2313 2312
f 2121 2122 2314
f 2121 2314 2313
f 2122 2123 2315
f 2122 2315 2314
f 2123 2124 2316
f 2123 2316 2315
f 2124 2125 2317
f 2124 2317 2316
f 2125 2126 2318
f 2125 2318 2317
f 2126 2127 2319
f 2126 2319 2318
f 2127 2128 2320
f 2127 2320 2319
f 2128 2129 2321
f 2128 2321 2320
f 2129 2130 2322
f 2129 2322 2321
f 2130 2131 2323
f 2130 2323 2322
f 2131 2132 2324
f 2131 2324 2323
f 2132 2133 2325
f 2132 2325 2324
f 2133 2134 2326
f 2133 2326 2325
f 2134 2135 2327
f 2134 2327 2326
f 2135 2136 2328
f 2135 2328 2327
f 2136 2137 2329
f 2136 2329 2328
f 2137 2138 2330
f 2137 2330 2329
f 2138 2139 2331
f 2138 2331 2330
f 2139 2140 2332
f 2139 2332 2331
f 2140 2141 2333
f 2140 2333 2332
f 2141 2142 2334
f 2141 2334 2333
f 2142 2143 2335
f 2142 2335 2334
f 2143 2144 2336
f 2143 2336 2335
f 2144 2145 2337
f 2144 2337 2336
f 2145 2146 2338
f 2145 2338 2337
f 2146 2147 2339
f 2146 2339 2338
f 2147 2148 2340
f 2147 2340 2339
f 2148 2149 2341
f 2148 2341 2340
f 2149 2150 2342
f 2149 2342 2341
f 2150 2151 2343
f 2150 2343 2342
f 2151 2152 2344
f 2151 2344 2343
f 2152 2153 2345
f 2152 2345 2344
f 2153 2154 2346
f 2153 2346 2345
f 2154 2155 2347
f 2154 2347 2346
f 2155 2156 2348
f 2155 2348 2347
f 2156 2157 2349
f 2156 2349 2348
f 2157 2158 2350
f 2157 2350 2349
f 2158 2159 2351
f 2158 2351 2350
f 2159 2160 2352
f 2159 2352 2351
f 2160 2161 2353
f 2160 2353 2352
f 2161 2162 2354
f 2161 2354 2353
f 2162 2163 2355
f 2162 2355 2354
f 2163 2164 2356
f 2163 2356 2355
f 2164 2165 2357
f 2164 2357 2356
f 2165 2166 2358
f 2165 2358 2357
f 2166 2167 2359
f 2166 2359 2358
f 2167 2168 2360
f 2167 2360 2359
f 2168 2169 2361
f 2168 2361 2360
f 2169 2170 2362
f 2169 2362 2361
f 2170 2171 2363
f 2170 2363 2362
f 2171 2172 2364
f 2171 2364 2363
f 2172 2173 2365
f 2172 2365 2364
f 2173 2174 2366
f 2173 2366 2365
f 2174 2175 2367
f 2174 2367 2366
f 2175 2176 2368
f 2175 2368 2367
f 2176 2177 2369
f 2176 2369 2368
f 2177 2178 2370
f 2177 2370 2369
f 2178 2179 2371
f 2178 2371 2370
f 2179 2180 2372
f 2179 2372 2371
f 2180 2181 2373
f 2180 2373 2372
f 2181 2182 2374
f 2181 2374 2373
f 2182 2183 2375
f 2182 2375 2374
f 2183 2184 2376
f 2183 2376 2375
f 2184 2185 2377
f 2184 2377 2376
f 2185 2186 2378
f 2185 2378 2377
f 2186 2187 2379
f 2186 2379 2378
f 2187 2188 2380
f 2187 2380 2379
f 2188 2189 2381
f 2188 2381 2380
f 2189 2190 2382
f 2189 2382 2381
f 2190 2191 2383
f 2190 2383 2382
f 2191 2192 2384
f 2191 2384 2383
f 2192 2193 2385
f 2192 2385 2384
f 2193 2194 2386
f 2193 2386 2385
f 2194 2195 2387
f 2194 2387 2386
f 2195 2196 2388
f 2195 2388 2387
f 2196 2197 2389
f 2196 2389 2388
f 2197 2198 2390
f 2197 2390 2389
f 2198 2199 2391
f 2198 2391 2390
f 2199 2200 2392
f 2199 2392 2391
f 2200 2201 2393
f 2200 2393 2392
f 2201 2202 2394
f 2201 2394 2393
f 2202 2203 2395
f 2202 2395 2394
f 2203 2204 2396
f 2203 2396 2395
f 2204 2205 2397
f 2204 2397 2396
f 2205 2206 2398
f 2205 2398 2397
f 2206 2207 2399
f 2206 2399 2398
f 2207 2208 2400
f 2207 2400 2399
f 2208 2113 2305
f 2208 2305 2400
f 2209 2402 2210
f 2209 2401 2402
f 2210 2403 2211
f 2210 2402 2403
f 2211 2404 2212
f 2211 2403 2404
f 2212 2405 2213
f 2212 2404 2405
f 2213 2406 2214
f 2213 2405 2406
f 2214 2407 2215
f 2214 2406 2407
f 2215 2408 2216
f 2215 2407 2408
f 2216 2409 2217
f 2216 2408 2409
f 2217 2410 2218
f 2217 2409 2410
f 2218 2411 2219
f 2218 2410 2411
f 2219 2412 2220
f 2219 2411 2412
f 2220 2413 2221
f 2220 2412 2413
f 2221 2414 2222
f 2221 2413 2414
f 2222 2415 2223
f 2222 2414 2415
f 2223 2416 2224
f 2223 2415 2416
f 2224 2417 2225
f 2224 2416 2417
f 2225 2418 2226
f 2225 2417 2418
f 2226 2419 2227
f 2226 2418 2419
f 2227 2420 2228
f 2227 2419 2420
f 2228 2421 2229
f 2228 2420 2421
f 2229 2422 2230
f 2229 2421 2422
f 2230 2423 2231
f 2230 2422 2423
f 2231 2424 2232
f 2231 2423 2424
f 2232 2425 2233
f 2232 2424 2425
f 2233 2426 2234
f 2233 2425 2426
f 2234 2427 2235
f 2234 2426 2427
f 2235 2428 2236
f 2235 2427 2428
f 2236 2429 2237
f 2236 2428 2429
f 2237 2430 2238
f 2237 2429 2430
f 2238 2431 2239
f 2238 2430 2431
f 2239 2432 2240
f 2239 2431 2432
f 2240 2433 2241
f 2240 2432 2433
f 2241 2434 2242
f 2241 2433 2434
f 2242 2435 2243
f 2242 2434 2435
f 2243 2436 2244
f 2243 2435 2436
f 2244 2437 2245
f 2244 2436 2437
f 2245 2438 2246
f 2245 2437 2438
f 2246 2439 2247
f 2246 2438 2439
f 2247 2440 2248
f 2247 2439 2440
f 2248 2441 2249
f 2248 2440 2441
f 2249 2442 2250
f 2249 2441 2442
f 2250 2443 2251
f 2250 2442 2443
f 2251 2444 2252
f 2251 2443 2444
f 2252 2445 2253
f 2252 2444 2445
f 2253 2446 2254
f 2253 2445 2446
f 2254 2447 2255
f 2254 2446 2447
f 2255 2448 2256
f 2255 2447 2448
f 2256 2449 2257
f 2256 2448 2449
f 2257 2450 2258
f 2257 2449 2450
f 2258 2451 2259
f 2258 2450 2451
f 2259 2452 2260
f 2259 2451 2452
f 2260 2453 2261
f 2260 2452 2453
f 2261 2454 2262
f 2261 2453 2454
f 2262 2455 2263
f 2262 2454 2455
f 2263 2456 2264
f 2263 2455 2456
f 2264 2457 2265
f 2264 2456 2457
f 2265 2458 2266
f 2265 2457 2458
f 2266 2459 2267
f 2266 2458 2459
f 2267 2460 2268
f 2267 2459 2460
f 2268 2461 2269
f 2268 2460 2461
f 2269 2462 2270
f 2269 2461 2462
f 2270 2463 2271
f 2270 2462 2463
f 2271 2464 2272
f 2271 2463 2464
f 2272 2465 2273
f 2272 2464 2465
f 2273 2466 2274
f 2273 2465 2466
f 2274 2467 2275
f 2274 2466 2467
f 2275 2468 2276
f 2275 2467 2468
f 2276 2469 2277
f 2276 2468 2469
f 2277 2470 2278
f 2277 2469 2470
f 2278 2471 2279
f 2278 2470 2471
f 2279 2472 2280
f 2279 2471 2472
f 2280 2473 2281
f 2280 2472 2473
f 2281 2474 2282
f 2281 2473 2474
f 2282 2475 2283
f 2282 2474 2475
f 2283 2476 2284
f 2283 2475 2476
f 2284 2477 2285
f 2284 2476 2477
f 2285 2478 2286
f 2285 2477 2478
f 2286 2479 2287
f 2286 2478 2479
f 2287 2480 2288
f 2287 2479 2480
f 2288 2481 2289
f 2288 2480 2481
f 2289 2482 2290
f 2289 2481 2482
f 2290 2483 2291
f 2290 2482 2483
f 2291 2484 2292
f 2291 2483 2484
f 2292 2485 2293
f 2292 2484 2485
f 2293 2486 2294
f 2293 2485 2486
f 2294 2487 2295
f 2294 2486 2487
f 2295 2488 2296
f 2295 2487 2488
f 2296 2489 2297
f 2296 2488 2489
f 2297 2490 2298
f 2297 2489 2490
f 2298 2491 2299
f 2298 2490 2491
f 2299 2492 2300
f 2299 2491 2492
f 2300 2493 2301
f 2300 2492 2493
f 2301 2494 2302
f 2301 2493 2494
f 2302 2495 2303
f 2302 2494 2495
f 2303 2496 2304
f 2303 2495 2496
f 2304 2401 2209
f 2304 2496 2401
f 2305 2306 2498
f 2305 2498 2497
f 2306 2307 2499
f 2306 2499 2498
f 2307 2308 2500
f 2307 2500 2499
f 2308 2309 2501
f 2308 2501 2500
f 2309 2310 2502
f 2309 2502 2501
f 2310 2311 2503
f 2310 2503 2502
f 2311 2312 2504
f 2311 2504 2503
f 2312 2313 2505
f 2312 2505 2504
f 2313 2314 2506
f 2313 2506 2505
f 2314 2315 2507
f 2314 2507 2506
f 2315 2316 2508
f 2315 2508 2507
f 2316 2317 2509
f 2316 2509 2508
f 2317 2318 2510
f 2317 2510 2509
f 2318 2319 2511
f 2318 2511 2510
f 2319 2320 2512
f 2319 2512 2511
f 2320 2321 2513
f 2320 2513 2512
f 2321 2322 2514
f 2321 2514 2513
f 2322 2323 2515
f 2322 2515 2514
f 2323 2324 2516
f 2323 2516 2515
f 2324 2325 2517
f 2324 2517 2516
f 2325 2326 2518
f 2325 2518 2517
f 2326 2327 2519
f 2326 2519 2518
f 2327 2328 2520
f 2327 2520 2519
f 2328 2329 2521
f 2328 2521 2520
f 2329 2330 2522
f 2329 2522 2521
f 2330 2331 2523
f 2330 2523 2522
f 2331 2332 2524
f 2331 2524 2523
f 2332 2333 2525
f 2332 2525 2524
f 2333 2334 2526
f 2333 2526 2525
f 2334 2335 2527
f 2334 2527 2526
f 2335 2336 2528
f 2335 2528 2527
f 2336 2337 2529
f 2336 2529 2528
f 2337 2338 2530
f 2337 2530 2529
f 2338 2339 2531
f 2338 2531 2530
f 2339 2340 2532
f 2339 2532 2531
f 2340 2341 2533
f 2340 2533 2532
f 2341 2342 2534
f 2341 2534 2533
f 2342 2343 2535
f 2342 2535 2534
f 2343 2344 2536
f 2343 2536 2535
f 2344 2345 2537
f 2344 2537 2536
f 2345 2346 2538
f 2345 2538 2537
f 2346 2347 2539
f 2346 2539 2538
f 2347 2348 2540
f 2347 2540 2539
f 2348 2349 2541
f 2348 2541 2540
f 2349 2350 2542
f 2349 2542 2541
f 2350 2351 2543
f 2350 2543 2542
f 2351 2352 2544
f 2351 2544 2543
f 2352 2353 2545
f 2352 2545 2544
f 2353 2354 2546
f 2353 2546 2545
f 2354 2355 2547
f 2354 2547 2546
f 2355 2356 2548
f 2355 2548 2547
f 2356 2357 2549
f 2356 2549 2548
f 2357 2358 2550
f 2357 2550 2549
f 2358 2359 2551
f 2358 2551 2550
f 2359 2360 2552
f 2359 2552 2551
f 2360 2361 2553
f 2360 2553 2552
f 2361 2362 2554
f 2361 2554 2553
f 2362 2363 2555
f 2362 2555 2554
f 2363 2364 2556
f 2363 2556 2555
f 2364 2365 2557
f 2364 2557 2556
f 2365 2366 2558
f 2365 2558 2557
f 2366 2367 2559
f 2366 2559 2558
f 2367 2368 2560
f 2367 2560 2559
f 2368 2369 2561
f 2368 2561 2560
f 2369 2370 2562
f 2369 2562 2561
f 2370 2371 2563
f 2370 2563 2562
f 2371 2372 2564
f 2371 2564 2563
f 2372 2373 2565
f 2372 2565 2564
f 2373 2374 2566
f 2373 2566 2565
f 2374 2375 2567
f 2374 2567 2566
f 2375 2376 2568
f 2375 2568 2567
f 2376 2377 2569
f 2376 2569 2568
f 2377 2378 2570
f 2377 2570 2569
f 2378 2379 2571
f 2378 2571 2570
f 2379 2380 2572
f 2379 2572 2571
f 2380 2381 2573
f 2380 2573 2572
f 2381 2382 2574
f 2381 2574 2573
f 2382 2383 2575
f 2382 2575 2574
f 2383 2384 2576
f 2383 2576 2575
f 2384 2385 2577
f 2384 2577 2576
f 2385 2386 2578
f 2385 2578 2577
f 2386 2387 2579
f 2386 2579 2578
f 2387 2388 2580
f 2387 2580 2579
f 2388 2389 2581
f 2388 2581 2580
f 2389 2390 2582
f 2389 2582 2581
f 2390 2391 2583
f 2390 2583 2582
f 2391 2392 2584
f 2391 2584 2583
f 2392 2393 2585
f 2392 2585 2584
f 2393 2394 2586
f 2393 2586 2585
f 2394 2395 2587
f 2394 2587 2586
f 2395 2396 2588
f 2395 2588 2587
f 2396 2397 2589
f 2396 2589 2588
f 2397 2398 2590
f 2397 2590 2589
f 2398 2399 2591
f 2398 2591 2590
f 2399 2400 2592
f 2399 2592 2591
f 2400 2305 2497
f 2400 2497 2592
f 2401 2594 2402
f 2401 2593 2594
f 2402 2595 2403
f 2402 2594 2595
f 2403 2596 2404
f 2403 2595 2596
f 2404 2597 2405
f 2404 2596 2597
f 2405 2598 2406
f 2405 2597 2598
f 2406 2599 2407
f 2406 2598 2599
f 2407 2600 2408
f 2407 2599 2600
f 2408 2601 2409
f 2408 2600 2601
f 2409 2602 2410
f 2409 2601 2602
f 2410 2603 2411
f 2410 2602 2603
f 2411 2604 2412
f 2411 2603 2604
f 2412 2605 2413
f 2412 2604 2605
f 2413 2606 2414
f 2413 2605 2606
f 2414 2607 2415
f 2414 2606 2607
f 2415 2608 2416
f 2415 2607 2608
f 2416 2609 2417
f 2416 2608 2609
f 2417 2610 2418
f 2417 2609 2610
f 2418 2611 2419
f 2418 2610 2611
f 2419 2612 2420
f 2419 2611 2612
f 2420 2613 2421
f 2420 2612 2613
f 2421 2614 2422
f 2421 2613 2614
f 2422 2615 2423
f 2422 2614 2615
f 2423 2616 2424
f 2423 2615 2616
f 2424 2617 2425
f 2424 2616 2617
f 2425 2618 2426
f 2425 2617 2618
f 2426 2619 2427
f 2426 2618 2619
f 2427 2620 2428
f 2427 2619 2620
f 2428 2621 2429
f 2428 2620 2621
f 2429 2622 2430
f 2429 2621 2622
f 2430 2623 2431
f 2430 2622 2623
f 2431 2624 2432
f 2431 2623 2624
f 2432 2625 2433
f 2432 2624 2625
f 2433 2626 2434
f 2433 2625 2626
f 2434 2627 2435
f 2434 2626 2627
f 2435 2628 2436
f 2435 2627 2628
f 2436 2629 2437
f 2436 2628 2629
f 2437 2630 2438
f 2437 2629 2630
f 2438 2631 2439
f 2438 2630 2631
f 2439 2632 2440
f 2439 2631 2632
f 2440 2633 2441
f 2440 2632 2633
f 2441 2634 2442
f 2441 2633 2634
f 2442 2635 2443
f 2442 2634 2635
f 2443 2636 2444
f 2443 2635 2636
f 2444 2637 2445
f 2444 2636 2637
f 2445 2638 2446
f 2445 2637 2638
f 2446 2639 2447
f 2446 2638 2639
f 2447 2640 2448
f 2447 2639 2640
f 2448 2641 2449
f 2448 2640 2641
f 2449 2642 2450
f 2449 2641 2642
f 2450 2643 2451
f 2450 2642 2643
f 2451 2644 2452
f 2451 2643 2644
f 2452 2645 2453
f 2452 2644 2645
f 2453 2646 2454
f 2453 2645 2646
f 2454 2647 2455
f 2454 2646 2647
f 2455 2648 2456
f 2455 2647 2648
f 2456 2649 2457
f 2456 2648 2649
f 2457 2650 2458
f 2457 2649 2650
f 2458 2651 2459
f 2458 2650 2651
f 2459 2652 2460
f 2459 2651 2652
f 2460 2653 2461
f 2460 2652 2653
f 2461 2654 2462
f 2461 2653 2654
f 2462 2655 2463
f 2462 2654 2655
f 2463 2656 2464
f 2463 2655 2656
f 2464 2657 2465
f 2464 2656 2657
f 2465 2658 2466
f 2465 2657 2658
f 2466 2659 2467
f 2466 2658 2659
f 2467 2660 2468
f 2467 2659 2660
f 2468 2661 2469
f 2468 2660 2661
f 2469 2662 2470
f 2469 2661 2662
f 2470 2663 2471
f 2470 2662 2663
f 2471 2664 2472
f 2471 2663 2664
f 2472 2665 2473
f 2472 2664 2665
f 2473 2666 2474
f 2473 2665 2666
f 2474 2667 2475
f 2474 2666 2667
f 2475 2668 2476
f 2475 2667 2668
f 2476 2669 2477
f 2476 2668 2669
f 2477 2670 2478
f 2477 2669 2670
f 2478 2671 2479
f 2478 2670 2671
f 2479 2672 2480
f 2479 2671 2672
f 2480 2673 2481
f 2480 2672 2673
f 2481 2674 2482
f 2481 2673 2674
f 2482 2675 2483
f 2482 2674 2675
f 2483 2676 2484
f 2483 2675 2676
f 2484 2677 2485
f 2484 2676 2677
f 2485 2678 2486
f 2485 2677 2678
f 2486 2679 2487
f 2486 2678 2679
f 2487 2680 2488
f 2487 2679 2680
f 2488 2681 2489
f 2488 2680 2681
f 2489 2682 2490
f 2489 2681 2682
f 2490 2683 2491
f 2490 2682 2683
f 2491 2684 2492
f 2491 2683 2684
f 2492 2685 2493
f 2492 2684 2685
f 2493 2686 2494
f 2493 2685 2686
f 2494 2687 2495
f 2494 2686 2687
f 2495 2688 2496
f 2495 2687 2688
f 2496 2593 2401
f 2496 2688 2593
f 2497 2498 2690
f 2497 2690 2689
f 2498 2499 2691
f 2498 2691 2690
f 2499 2500 2692
f 2499 2692 2691
f 2500 2501 2693
f 2500 2693 2692
f 2501 2502 2694
f 2501 2694 2693
f 2502 2503 2695
f 2502 2695 2694
f 2503 2504 2696
f 2503 2696 2695
f 2504 2505 2697
f 2504 2697 2696
f 2505 2506 2698
f 2505 2698 2697
f 2506 2507 2699
f 2506 2699 2698
f 2507 2508 2700
f 2507 2700 2699
f 2508 2509 2701
f 2508 2701 2700
f 2509 2510 2702
f 2509 2702 2701
f 2510 2511 2703
f 2510 2703 2702
f 2511 2512 2704
f 2511 2704 2703
f 2512 2513 2705
f 2512 2705 2704
f 2513 2514 2706
f 2513 2706 2705
f 2514 2515 2707
f 2514 2707 2706
f 2515 2516 2708
f 2515 2708 2707
f 2516 2517 2709
f 2516 2709 2708
f 2517 2518 2710
f 2517 2710 2709
f 2518 2519 2711
f 2518 2711 2710
f 2519 2520 2712
f 2519 2712 2711
f 2520 2521 2713
f 2520 2713 2712
f 2521 2522 2714
f 2521 2714 2713
f 2522 2523 2715
f 2522 2715 2714
f 2523 2524 2716
f 2523 2716 2715
f 2524 2525 2717
f 2524 2717 2716
f 2525 2526 2718
f 2525 2718 2717
f 2526 2527 2719
f 2526 2719 2718
f 2527 2528 2720
f 2527 2720 2719
f 2528 2529 2721
f 2528 2721 2720
f 2529 2530 2722
f 2529 2722 2721
f 2530 2531 2723
f 2530 2723 2722
f 2531 2532 2724
f 2531 2724 2723
f 2532 2533 2725
f 2532 2725 2724
f 2533 2534 2726
f 2533 2726 2725
f 2534 2535 2727
f 2534 2727 2726
f 2535 2536 2728
f 2535 2728 2727
f 2536 2537 2729
f 2536 2729 2728
f 2537 2538 2730
f 2537 2730 2729
f 2538 2539 2731
f 2538 2731 2730
f 2539 2540 2732
f 2539 2732 2731
f 2540 2541 2733
f 2540 2733 2732
f 2541 2542 2734
f 2541 2734 2733
f 2542 2543 2735
f 2542 2735 2734
f 2543 2544 2736
f 2543 2736 2735
f 2544 2545 2737
f 2544 2737 2736
f 2545 2546 2738
f 2545 2738 2737
f 2546 2547 2739
f 2546 2739 2738
f 2547 2548 2740
f 2547 2740 2739
f 2548 2549 2741
f 2548 2741 2740
f 2549 2550 2742
f 2549 2742 2741
f 2550 2551 2743
f 2550 2743 2742
f 2551 2552 2744
f 2551 2744 2743
f 2552 2553 2745
f 2552 2745 2744
f 2553 2554 2746
f 2553 2746 2745
f 2554 2555 2747
f 2554 2747 2746
f 2555 2556 2748
f 2555 2748 2747
f 2556 2557 2749
f 2556 2749 2748
f 2557 2558 2750
f 2557 2750 2749
f 2558 2559 2751
f 2558 2751 2750
f 2559 2560 2752
f 2559 2752 2751
f 2560 2561 2753
f 2560 2753 2752
f 2561 2562 2754
f 2561 2754 2753
f 2562 2563 2755
f 2562 2755 2754
f 2563 2564 2756
f 2563 2756 2755
f 2564 2565 2757
f 2564 2757 2756
f 2565 2566 2758
f 2565 2758 2757
f 2566 2567 2759
f 2566 2759 2758
f 2567 2568 2760
f 2567 2760 2759
f 2568 2569 2761
f 2568 2761 2760
f 2569 2570 2762
f 2569 2762 2761
f 2570 2571 2763
f 2570 2763 2762
f 2571 2572 2764
f 2571 2764 2763
f 2572 2573 2765
f 2572 2765 2764
f 2573 2574 2766
f 2573 2766 2765
f 2574 2575 2767
f 2574 2767 2766
f 2575 2576 2768
f 2575 2768 2767
f 2576 2577 2769
f 2576 2769 2768
f 2577 2578 2770
f 2577 2770 2769
f 2578 2579 2771
f 2578 2771 2770
f 2579 2580 2772
f 2579 2772 2771
f 2580 2581 2773
f 2580 2773 2772
f 2581 2582 2774
f 2581 2774 2773
f 2582 2583 2775
f 2582 2775 2774
f 2583 2584 2776
f 2583 2776 2775
f 2584 2585 2777
f 2584 2777 2776
f 2585 2586 2778
f 2585 2778 2777
f 2586 2587 2779
f 2586 2779 2778
f 2587 2588 2780
f 2587 2780 2779
f 2588 2589 2781
f 2588 2781 2780
f 2589 2590 2782
f 2589 2782 2781
f 2590 2591 2783
f 2590 2783 2782
f 2591 2592 2784
f 2591 2784 2783
f 2592 2497 2689
f 2592 2689 2784
f 2593 2786 2594
f 2593 2785 2786
f 2594 2787 2595
f 2594 2786 2787
f 2595 2788 2596
f 2595 2787 2788
f 2596 2789 2597
f 2596 2788 2789
f 2597 2790 2598
f 2597 2789 2790
f 2598 2791 2599
f 2598 2790 2791
f 2599 2792 2600
f 2599 2791 2792
f 2600 2793 2601
f 2600 2792 2793
f 2601 2794 2602
f 2601 2793 2794
f 2602 2795 2603
f 2602 2794 2795
f 2603 2796 2604
f 2603 2795 2796
f 2604 2797 2605
f 2604 2796 2797
f 2605 2798 2606
f 2605 2797 2798
f 2606 2799 2607
f 2606 2798 2799
f 2607 2800 2608
f 2607 2799 2800
f 2608 2801 2609
f 2608 2800 2801
f 2609 2802 2610
f 2609 2801 2802
f 2610 2803 2611
f 2610 2802 2803
f 2611 2804 2612
f 2611 2803 2804
f 2612 2805 2613
f 2612 2804 2805
f 2613 2806 2614
f 2613 2805 2806
f 2614 2807 2615
f 2614 2806 2807
f 2615 2808 2616
f 2615 2807 2808
f 2616 2809 2617
f 2616 2808 2809
f 2617 2810 2618
f 2617 2809 2810
f 2618 2811 2619
f 2618 2810 2811
f 2619 2812 2620
f 2619 2811 2812
f 2620 2813 2621
f 2620 2812 2813
f 2621 2814 2622
f 2621 2813 2814
f 2622 2815 2623
f 2622 2814 2815
f 2623 2816 2624
f 2623 2815 2816
f 2624 2817 2625
f 2624 2816 2817
f 2625 2818 2626
f 2625 2817 2818
f 2626 2819 2627
f 2626 2818 2819
f 2627 2820 2628
f 2627 2819 2820
f 2628 2821 2629
f 2628 2820 2821
f 2629 2822 2630
f 2629 2821 2822
f 2630 2823 2631
f 2630 2822 2823
f 2631 2824 2632
f 2631 2823 2824
f 2632 2825 2633
f 2632 2824 2825
f 2633 2826 2634
f 2633 2825 2826
f 2634 2827 2635
f 2634 2826 2827
f 2635 2828 2636
f 2635 2827 2828
f 2636 2829 2637
f 2636 2828 2829
f 2637 2830 2638
f 2637 2829 2830
f 2638 2831 2639
f 2638 2830 2831
f 2639 2832 2640
f 2639 2831 2832
f 2640 2833 2641
f 2640 2832 2833
f 2641 2834 2642
f 2641 2833 2834
f 2642 2835 2643
f 2642 2834 2835
f 2643 2836 2644
f 2643 2835 2836
f 2644 2837 2645
f 2644 2836 2837
f 2645 2838 2646
f 2645 2837 2838
f 2646 2839 2647
f 2646 2838 2839
f 2647 2840 2648
f 2647 2839 2840
f 2648 2841 2649
f 2648 2840 2841
f 2649 2842 2650
f 2649 2841 2842
f 2650 2843 2651
f 2650 2842 2843
f 2651 2844 2652
f 2651 2843 2844
f 2652 2845 2653
f 2652 2844 2845
f 2653 2846 2654
f 2653 2845 2846
f 2654 2847 2655
f 2654 2846 2847
f 2655 2848 2656
f 2655 2847 2848
f 2656 2849 2657
f 2656 2848 2849
f 2657 2850 2658
f 2657 2849 2850
f 2658 2851 2659
f 2658 2850 2851
f 2659 2852 2660
f 2659 2851 2852
f 2660 2853 2661
f 2660 2852 2853
f 2661 2854 2662
f 2661 2853 2854
f 2662 2855 2663
f 2662 2854 2855
f 2663 2856 2664
f 2663 2855 2856
f 2664 2857 2665
f 2664 2856 2857
f 2665 2858 2666
f 2665 2857 2858
f 2666 2859 2667
f 2666 2858 2859
f 2667 2860 2668
f 2667 2859 2860
f 2668 2861 2669
f 2668 2860 2861
f 2669 2862 2670
f 2669 2861 2862
f 2670 2863 2671
f 2670 2862 2863
f 2671 2864 2672
f 2671 2863 2864
f 2672 2865 2673
f 2672 2864 2865
f 2673 2866 2674
f 2673 2865 2866
f 2674 2867 2675
f 2674 2866 2867
f 2675 2868 2676
f 2675 2867 2868
f 2676 2869 2677
f 2676 2868 2869
f 2677 2870 2678
f 2677 2869 2870
f 2678 2871 2679
f 2678 2870 2871
f 2679 2872 2680
f 2679 2871 2872
f 2680 2873 2681
f 2680 2872 2873
f 2681 2874 2682
f 2681 2873 2874
f 2682 2875 2683
f 2682 2874 2875
f 2683 2876 2684
f 2683 2875 2876
f 2684 2877 2685
f 2684 2876 2877
f 2685 2878 2686
f 2685 2877 2878
f 2686 2879 2687
f 2686 2878 2879
f 2687 2880 2688
f 2687 2879 2880
f 2688 2785 2593
f 2688 2880 2785
f 2689 2690 2882
f 2689 2882 2881
f 2690 2691 2883
f 2690 2883 2882
f 2691 2692 2884
f 2691 2884 2883
f 2692 2693 2885
f 2692 2885 2884
f 2693 2694 2886
f 2693 2886 2885
f 2694 2695 2887
f 2694 2887 2886
f 2695 2696 2888
f 2695 2888 2887
f 2696 2697 2889
f 2696 2889 2888
f 2697 2698 2890
f 2697 2890 2889
f 2698 2699 2891
f 2698 2891 2890
f 2699 2700 2892
f 2699 2892 2891
f 2700 2701 2893
f 2700 2893 2892
f 2701 2702 2894
f 2701 2894 2893
f 2702 2703 2895
f 2702 2895 2894
f 2703 2704 2896
f 2703 2896 2895
f 2704 2705 2897
f 2704 2897 2896
f 2705 2706 2898
f 2705 2898 2897
f 2706 2707 2899
f 2706 2899 2898
f 2707 2708 2900
f 2707 2900 2899
f 2708 2709 2901
f 2708 2901 2900
f 2709 2710 2902
f 2709 2902 2901
f 2710 2711 2903
f 2710 2903 2902
f 2711 2712 2904
f 2711 2904 2903
f 2712 2713 2905
f 2712 2905 2904
f 2713 2714 2906
f 2713 2906 2905
f 2714 2715 2907
f 2714 2907 2906
f 2715 2716 2908
f 2715 2908 2907
f 2716 2717 2909
f 2716 2909 2908
f 2717 2718 2910
f 2717 2910 2909
f 2718 2719 2911
f 2718 2911 2910
f 2719 2720 2912
f 2719 2912 2911
f 2720 2721 2913
f 2720 2913 2912
f 2721 2722 2914
f 2721 2914 2913
f 2722 2723 2915
f 2722 2915 2914
f 2723 2724 2916
f 2723 2916 2915
f 2724 2725 2917
f 2724 2917 2916
f 2725 2726 2918
f 2725 2918 2917
f 2726 2727 2919
f 2726 2919 2918
f 2727 2728 2920
f 2727 2920 2919
f 2728 2729 2921
f 2728 2921 2920
f 2729 2730 2922
f 2729 2922 2921
f 2730 2731 2923
f 2730 2923 2922
f 2731 2732 2924
f 2731 2924 2923
f 2732 2733 2925
f 2732 2925 2924
f 2733 2734 2926
f 2733 2926 2925
f 2734 2735 2927
f 2734 2927 2926
f 2735 2736 2928
f 2735 2928 2927
f 2736 2737 2929
f 2736 2929 2928
f 2737 2738 2930
f 2737 2930 2929
f 2738 2739 2931
f 2738 2931 2930
f 2739 2740 2932
f 2739 2932 2931
f 2740 2741 2933
f 2740 2933 2932
f 2741 2742 2934
f 2741 2934 2933
f 2742 2743 2935
f 2742 2935 2934
f 2743 2744 2936
f 2743 2936 2935
f 2744 2745 2937
f 2744 2937 2936
f 2745 2746 2938
f 2745 2938 2937
f 2746 2747 2939
f 2746 2939 2938
f 2747 2748 2940
f 2747 2940 2939
f 2748 2749 2941
f 2748 2941 2940
f 2749 2750 2942
f 2749 2942 2941
f 2750 2751 2943
f 2750 2943 2942
f 2751 2752 2944
f 2751 2944 2943
f 2752 2753 2945
f 2752 2945 2944
f 2753 2754 2946
f 2753 2946 2945
f 2754 2755 2947
f 2754 2947 2946
f 2755 2756 2948
f 2755 2948 2947
f 2756 2757 2949
f 2756 2949 2948
f 2757 2758 2950
f 2757 2950 2949
f 2758 2759 2951
f 2758 2951 2950
f 2759 2760 2952
f 2759 2952 2951
f 2760 2761 2953
f 2760 2953 2952
f 2761 2762 2954
f 2761 2954 2953
f 2762 2763 2955
f 2762 2955 2954
f 2763 2764 2956
f 2763 2956 2955
f 2764 2765 2957
f 2764 2957 2956
f 2765 2766 2958
f 2765 2958 2957
f 2766 2767 2959
f 2766 2959 2958
f 2767 2768 2960
f 2767 2960 2959
f 2768 2769 2961
f 2768 2961 2960
f 2769 2770 2962
f 2769 2962 2961
f 2770 2771 2963
f 2770 2963 2962
f 2771 2772 2964
f 2771 2964 2963
f 2772 2773 2965
f 2772 2965 2964
f 2773 2774 2966
f 2773 2966 2965
f 2774 2775 2967
f 2774 2967 2966
f 2775 2776 2968
f 2775 2968 2967
f 2776 2777 2969
f 2776 2969 2968
f 2777 2778 2970
f 2777 2970 2969
f 2778 2779 2971
f 2778 2971 2970
f 2779 2780 2972
f 2779 2972 2971
f 2780 2781 2973
f 2780 2973 2972
f 2781 2782 2974
f 2781 2974 2973
f 2782 2783 2975
f 2782 2975 2974
f 2783 2784 2976
f 2783 2976 2975
f 2784 2689 2881
f 2784 2881 2976
f 2785 2978 2786
f 2785 2977 2978
f 2786 2979 2787
f 2786 2978 2979
f 2787 2980 2788
f 2787 2979 2980
f 2788 2981 2789
f 2788 2980 2981
f 2789 2982 2790
f 2789 2981 2982
f 2790 2983 2791
f 2790 2982 2983
f 2791 2984 2792
f 2791 2983 2984
f 2792 2985 2793
f 2792 2984 2985
f 2793 2986 2794
f 2793 2985 2986
f 2794 2987 2795
f 2794 2986 2987
f 2795 2988 2796
f 2795 2987 2988
f 2796 2989 2797
f 2796 2988 2989
f 2797 2990 2798
f 2797 2989 2990
f 2798 2991 2799
f 2798 2990 2991
f 2799 2992 2800
f 2799 2991 2992
f 2800 2993 2801
f 2800 2992 2993
f 2801 2994 2802
f 2801 2993 2994
f 2802 2995 2803
f 2802 2994 2995
f 2803 2996 2804
f 2803 2995 2996
f 2804 2997 2805
f 2804 2996 2997
f 2805 2998 2806
f 2805 2997 2998
f 2806 2999 2807
f 2806 2998 2999
f 2807 3000 2808
f 2807 2999 3000
f 2808 3001 2809
f 2808 3000 3001
f 2809 3002 2810
f 2809 3001 3002
f 2810 3003 2811
f 2810 3002 3003
f 2811 3004 2812
f 2811 3003 3004
f 2812 3005 2813
f 2812 3004 3005
f 2813 3006 2814
f 2813 3005 3006
f 2814 3007 2815
f 2814 3006 3007
f 2815 3008 2816
f 2815 3007 3008
f 2816 3009 2817
f 2816 3008 3009
f 2817 3010 2818
f 2817 3009 3010
f 2818 3011 2819
f 2818 3010 3011
f 2819 3012 2820
f 2819 3011 3012
f 2820 3013 2821
f 2820 3012 3013
f 2821 3014 2822
f 2821 3013 3014
f 2822 3015 2823
f 2822 3014 3015
f 2823 3016 2824
f 2823 3015 3016
f 2824 3017 2825
f 2824 3016 3017
f 2825 3018 2826
f 2825 3017 3018
f 2826 3019 2827
f 2826 3018 3019
f 2827 3020 2828
f 2827 3019 3020
f 2828 3021 2829
f 2828 3020 3021
f 2829 3022 2830
f 2829 3021 3022
f 2830 3023 2831
f 2830 3022 3023
f 2831 3024 2832
f 2831 3023 3024
f 2832 3025 2833
f 2832 3024 3025
f 2833 3026 2834
f 2833 3025 3026
f 2834 3027 2835
f 2834 3026 3027
f 2835 3028 2836
f 2835 3027 3028
f 2836 3029 2837
f 2836 3028 3029
f 2837 3030 2838
f 2837 3029 3030
f 2838 3031 2839
f 2838 3030 3031
f 2839 3032 2840
f 2839 3031 3032
f 2840 3033 2841
f 2840 3032 3033
f 2841 3034 2842
f 2841 3033 3034
f 2842 3035 2843
f 2842 3034 3035
f 2843 3036 2844
f 2843 3035 3036
f 2844 3037 2845
f 2844 3036 3037
f 2845 3038 2846
f 2845 3037 3038
f 2846 3039 2847
f 2846 3038 3039
f 2847 3040 2848
f 2847 3039 3040
f 2848 3041 2849
f 2848 3040 3041
f 2849 3042 2850
f 2849 3041 3042
f 2850 3043 2851
f 2850 3042 3043
f 2851 3044 2852
f 2851 3043 3044
f 2852 3045 2853
f 2852 3044 3045
f 2853 3046 2854
f 2853 3045 3046
f 2854 3047 2855
f 2854 3046 3047
f 2855 3048 2856
f 2855 3047 3048
f 2856 3049 2857
f 2856 3048 3049
f 2857 3050 2858
f 2857 3049 3050
f 2858 3051 2859
f 2858 3050 3051
f 2859 3052 2860
f 2859 3051 3052
f 2860 3053 2861
f 2860 3052 3053
f 2861 3054 2862
f 2861 3053 3054
f 2862 3055 2863
f 2862 3054 3055
f 2863 3056 2864
f 2863 3055 3056
f 2864 3057 2865
f 2864 3056 3057
f 2865 3058 2866
f 2865 3057 3058
f 2866 3059 2867
f 2866 3058 3059
f 2867 3060 2868
f 2867 3059 3060
f 2868 3061 2869
f 2868 3060 3061
f 2869 3062 2870
f 2869 3061 3062
f 2870 3063 2871
f 2870 3062 3063
f 2871 3064 2872
f 2871 3063 3064
f 2872 3065 2873
f 2872 3064 3065
f 2873 3066 2874
f 2873 3065 3066
f 2874 3067 2875
f 2874 3066 3067
f 2875 3068 2876
f 2875 3067 3068
f 2876 3069 2877
f 2876 3068 3069
f 2877 3070 2878
f 2877 3069 3070
f 2878 3071 2879
f 2878 3070 3071
f 2879 3072 2880
f 2879 3071 3072
f 2880 2977 2785
f 2880 3072 2977
f 2881 2882 3074
f 2881 3074 3073
f 2882 2883 3075
f 2882 3075 3074
f 2883 2884 3076
f 2883 3076 3075
f 2884 2885 3077
f 2884 3077 3076
f 2885 2886 3078
f 2885 3078 3077
f 2886 2887 3079
f 2886 3079 3078
f 2887 2888 3080
f 2887 3080 3079
f 2888 2889 3081
f 2888 3081 3080
f 2889 2890 3082
f 2889 3082 3081
f 2890 2891 3083
f 2890 3083 3082
f 2891 2892 3084
f 2891 3084 3083
f 2892 2893 3085
f 2892 3085 3084
f 2893 2894 3086
f 2893 3086 3085
f 2894 2895 3087
f 2894 3087 3086
f 2895 2896 3088
f 2895 3088 3087
f 2896 2897 3089
f 2896 3089 3088
f 2897 2898 3090
f 2897 3090 3089
f 2898 2899 3091
f 2898 3091 3090
f 2899 2900 3092
f 2899 3092 3091
f 2900 2901 3093
f 2900 3093 3092
f 2901 2902 3094
f 2901 3094 3093
f 2902 2903 3095
f 2902 3095 3094
f 2903 2904 3096
f 2903 3096 3095
f 2904 2905 3097
f 2904 3097 3096
f 2905 2906 3098
f 2905 3098 3097
f 2906 2907 3099
f 2906 3099 3098
f 2907 2908 3100
f 2907 3100 3099
f 2908 2909 3101
f 2908 3101 3100
f 2909 2910 3102
f 2909 3102 3101
f 2910 2911 3103
f 2910 3103 3102
f 2911 2912 3104
f 2911 3104 3103
f 2912 2913 3105
f 2912 3105 3104
f 2913 2914 3106
f 2913 3106 3105
f 2914 2915 3107
f 2914 3107 3106
f 2915 2916 3108
f 2915 3108 3107
f 2916 2917 3109
f 2916 3109 3108
f 2917 2918 3110
f 2917 3110 3109
f 2918 2919 3111
f 2918 3111 3110
f 2919 2920 3112
f 2919 3112 3111
f 2920 2921 3113
f 2920 3113 3112
f 2921 2922 3114
f 2921 3114 3113
f 2922 2923 3115
f 2922 3115 3114
f 2923 2924 3116
f 2923 3116 3115
f 2924 2925 3117
f 2924 3117 3116
f 2925 2926 3118
f 2925 3118 3117
f 2926 2927 3119
f 2926 3119 3118
f 2927 2928 3120
f 2927 3120 3119
f 2928 2929 3121
f 2928 3121 3120
f 2929 2930 3122
f 2929 3122 3121
f 2930 2931 3123
f 2930 3123 3122
f 2931 2932 3124
f 2931 3124 3123
f 2932 2933 3125
f 2932 3125 3124
f 2933 2934 3126
f 2933 3126 3125
f 2934 2935 3127
f 2934 3127 3126
f 2935 2936 3128
f 2935 3128 3127
f 2936 2937 3129
f 2936 3129 3128
f 2937 2938 3130
f 2937 3130 3129
f 2938 2939 3131
f 2938 3131 3130
f 2939 2940 3132
f 2939 3132 3131
f 2940 2941 3133
f 2940 3133 3132
f 2941 2942 3134
f 2941 3134 3133
f 2942 2943 3135
f 2942 3135 3134
f 2943 2944 3136
f 2943 3136 3135
f 2944 2945 3137
f 2944 3137 3136
f 2945 2946 3138
f 2945 3138 3137
f 2946 2947 3139
f 2946 3139 3138
f 2947 2948 3140
f 2947 3140 3139
f 2948 2949 3141
f 2948 3141 3140
f 2949 2950 3142
f 2949 3142 3141
f 2950 2951 3143
f 2950 3143 3142
f 2951 2952 3144
f 2951 3144 3143
f 2952 2953 3145
f 2952 3145 3144
f 2953 2954 3146
f 2953 3146 3145
f 2954 2955 3147
f 2954 3147 3146
f 2955 2956 3148
f 2955 3148 3147
f 2956 2957 3149
f 2956 3149 3148
f 2957 2958 3150
f 2957 3150 3149
f 2958 2959 3151
f 2958 3151 3150
f 2959 2960 3152
f 2959 3152 3151
f 2960 2961 3153
f 2960 3153 3152
f 2961 2962 3154
f 2961 3154 3153
f 2962 2963 3155
f 2962 3155 3154
f 2963 2964 3156
f 2963 3156 3155
f 2964 2965 3157
f 2964 3157 3156
f 2965 2966 3158
f 2965 3158 3157
f 2966 2967 3159
f 2966 3159 3158
f 2967 2968 3160
f 2967 3160 3159
f 2968 2969 3161
f 2968 3161 3160
f 2969 2970 3162
f 2969 3162 3161
f 2970 2971 3163
f 2970 3163 3162
f 2971 2972 3164
f 2971 3164 3163
f 2972 2973 3165
f 2972 3165 3164
f 2973 2974 3166
f 2973 3166 3165
f 2974 2975 3167
f 2974 3167 3166
f 2975 2976 3168
f 2975 3168 3167
f 2976 2881 3073
f 2976 3073 3168
f 2977 3170 2978
f 2977 3169 3170
f 2978 3171 2979
f 2978 3170 3171
f 2979 3172 2980
f 2979 3171 3172
f 2980 3173 2981
f 2980 3172 3173
f 2981 3174 2982
f 2981 3173 3174
f 2982 3175 2983
f 2982 3174 3175
f 2983 3176 2984
f 2983 3175 3176
f 2984 3177 2985
f 2984 3176 3177
f 2985 3178 2986
f 2985 3177 3178
f 2986 3179 2987
f 2986 3178 3179
f 2987 3180 2988
f 2987 3179 3180
f 2988 3181 2989
f 2988 3180 3181
f 2989 3182 2990
f 2989 3181 3182
f 2990 3183 2991
f 2990 3182 3183
f 2991 3184 2992
f 2991 3183 3184
f 2992 3185 2993
f 2992 3184 3185
f 2993 3186 2994
f 2993 3185 3186
f 2994 3187 2995
f 2994 3186 3187
f 2995 3188 2996
f 2995 3187 3188
f 2996 3189 2997
f 2996 3188 3189
f 2997 3190 2998
f 2997 3189 3190
f 2998 3191 2999
f 2998 3190 3191
f 2999 3192 3000
f 2999 3191 3192
f 3000 3193 3001
f 3000 3192 3193
f 3001 3194 3002
f 3001 3193 3194
f 3002 3195 3003
f 3002 3194 3195
f 3003 3196 3004
f 3003 3195 3196
f 3004 3197 3005
f 3004 3196 3197
f 3005 3198 3006
f 3005 3197 3198
f 3006 3199 3007
f 3006 3198 3199
f 3007 3200 3008
f 3007 3199 3200
f 3008 3201 3009
f 3008 3200 3201
f 3009 3202 3010
f 3009 3201 3202
f 3010 3203 3011
f 3010 3202 3203
f 3011 3204 3012
f 3011 3203 3204
f 3012 3205 3013
f 3012 3204 3205
f 3013 3206 3014
f 3013 3205 3206
f 3014 3207 3015
f 3014 3206 3207
f 3015 3208 3016
f 3015 3207 3208
f 3016 3209 3017
f 3016 3208 3209
f 3017 3210 3018
f 3017 3209 3210
f 3018 3211 3019
f 3018 3210 3211
f 3019 3212 3020
f 3019 3211 3212
f 3020 3213 3021
f 3020 3212 3213
f 3021 3214 3022
f 3021 3213 3214
f 3022 3215 3023
f 3022 3214 3215
f 3023 3216 3024
f 3023 3215 3216
f 3024 3217 3025
f 3024 3216 3217
f 3025 3218 3026
f 3025 3217 3218
f 3026 3219 3027
f 3026 3218 3219
f 3027 3220 3028
f 3027 3219 3220
f 3028 3221 3029
f 3028 3220 3221
f 3029 3222 3030
f 3029 3221 3222
f 3030 3223 3031
f 3030 3222 3223
f 3031 3224 3032
f 3031 3223 3224
f 3032 3225 3033
f 3032 3224 3225
f 3033 3226 3034
f 3033 3225 3226
f 3034 3227 3035
f 3034 3226 3227
f 3035 3228 3036
f 3035 3227 3228
f 3036 3229 3037
f 3036 3228 3229
f 3037 3230 3038
f 3037 3229 3230
f 3038 3231 3039
f 3038 3230 3231
f 3039 3232 3040
f 3039 3231 3232
f 3040 3233 3041
f 3040 3232 3233
f 3041 3234 3042
f 3041 3233 3234
f 3042 3235 3043
f 3042 3234 3235
f 3043 3236 3044
f 3043 3235 3236
f 3044 3237 3045
f 3044 3236 3237
f 3045 3238 3046
f 3045 3237 3238
f 3046 3239 3047
f 3046 3238 3239
f 3047 3240 3048
f 3047 3239 3240
f 3048 3241 3049
f 3048 3240 3241
f 3049 3242 3050
f 3049 3241 3242
f 3050 3243 3051
f 3050 3242 3243
f 3051 3244 3052
f 3051 3243 3244
f 3052 3245 3053
f 3052 3244 3245
f 3053 3246 3054
f 3053 3245 3246
f 3054 3247 3055
f 3054 3246 3247
f 3055 3248 3056
f 3055 3247 3248
f 3056 3249 3057
f 3056 3248 3249
f 3057 3250 3058
f 3057 3249 3250
f 3058 3251 3059
f 3058 3250 3251
f 3059 3252 3060
f 3059 3251 3252
f 3060 3253 3061
f 3060 3252 3253
f 3061 3254 3062
f 3061 3253 3254
f 3062 3255 3063
f 3062 3254 3255
f 3063 3256 3064
f 3063 3255 3256
f 3064 3257 3065
f 3064 3256 3257
f 3065 3258 3066
f 3065 3257 3258
f 3066 3259 3067
f 3066 3258 3259
f 3067 3260 3068
f 3067 3259 3260
f 3068 3261 3069
f 3068 3260 3261
f 3069 3262 3070
f 3069 3261 3262
f 3070 3263 3071
f 3070 3262 3263
f 3071 3264 3072
f 3071 3263 3264
f 3072 3169 2977
f 3072 3264 3169
f 3073 3074 3266
f 3073 3266 3265
f 3074 3075 3267
f 3074 3267 3266
f 3075 3076 3268
f 3075 3268 3267
f 3076 3077 3269
f 3076 3269 3268
f 3077 3078 3270
f 3077 3270 3269
f 3078 3079 3271
f 3078 3271 3270
f 3079 3080 3272
f 3079 3272 3271
f 3080 3081 3273
f 3080 3273 3272
f 3081 3082 3274
f 3081 3274 3273
f 3082 3083 3275
f 3082 3275 3274
f 3083 3084 3276
f 3083 3276 3275
f 3084 3085 3277
f 3084 3277 3276
f 3085 3086 3278
f 3085 3278 3277
f 3086 3087 3279
f 3086 3279 3278
f 3087 3088 3280
f 3087 3280 3279
f 3088 3089 3281
f 3088 3281 3280
f 3089 3090 3282
f 3089 3282 3281
f 3090 3091 3283
f 3090 3283 3282
f 3091 3092 3284
f 3091 3284 3283
f 3092 3093 3285
f 3092 3285 3284
f 3093 3094 3286
f 3093 3286 3285
f 3094 3095 3287
f 3094 3287 3286
f 3095 3096 3288
f 3095 3288 3287
f 3096 3097 3289
f 3096 3289 3288
f 3097 3098 3290
f 3097 3290 3289
f 3098 3099 3291
f 3098 3291 3290
f 3099 3100 3292
f 3099 3292 3291
f 3100 3101 3293
f 3100 3293 3292
f 3101 3102 3294
f 3101 3294 3293
f 3102 3103 3295
f 3102 3295 3294
f 3103 3104 3296
f 3103 3296 3295
f 3104 3105 3297
f 3104 3297 3296
f 3105 3106 3298
f 3105 3298 3297
f 3106 3107 3299
f 3106 3299 3298
f 3107 3108 3300
f 3107 3300 3299
f 3108 3109 3301
f 3108 3301 3300
f 3109 3110 3302
f 3109 3302 3301
f 3110 3111 3303
f 3110 3303 3302
f 3111 3112 3304
f 3111 3304 3303
f 3112 3113 3305
f 3112 3305 3304
f 3113 3114 3306
f 3113 3306 3305
f 3114 3115 3307
f 3114 3307 3306
f 3115 3116 3308
f 3115 3308 3307
f 3116 3117 3309
f 3116 3309 3308
f 3117 3118 3310
f 3117 3310 3309
f 3118 3119 3311
f 3118 3311 3310
f 3119 3120 3312
f 3119 3312 3311
f 3120 3121 3313
f 3120 3313 3312
f 3121 3122 3314
f 3121 3314 3313
f 3122 3123 3315
f 3122 3315 3314
f 3123 3124 3316
f 3123 3316 3315
f 3124 3125 3317
f 3124 3317 3316
f 3125 3126 3318
f 3125 3318 3317
f 3126 3127 3319
f 3126 3319 3318
f 3127 3128 3320
f 3127 3320 3319
f 3128 3129 3321
f 3128 3321 3320
f 3129 3130 3322
f 3129 3322 3321
f 3130 3131 3323
f 3130 3323 3322
f 3131 3132 3324
f 3131 3324 3323
f 3132 3133 3325
f 3132 3325 3324
f 3133 3134 3326
f 3133 3326 3325
f 3134 3135 3327
f 3134 3327 3326
f 3135 3136 3328
f 3135 3328 3327
f 3136 3137 3329
f 3136 3329 3328
f 3137 3138 3330
f 3137 3330 3329
f 3138 3139 3331
f 3138 3331 3330
f 3139 3140 3332
f 3139 3332 3331
f 3140 3141 3333
f 3140 3333 3332
f 3141 3142 3334
f 3141 3334 3333
f 3142 3143 3335
f 3142 3335 3334
f 3143 3144 3336
f 3143 3336 3335
f 3144 3145 3337
f 3144 3337 3336
f 3145 3146 3338
f 3145 3338 3337
f 3146 3147 3339
f 3146 3339 3338
f 3147 3148 3340
f 3147 3340 3339
f 3148 3149 3341
f 3148 3341 3340
f 3149 3150 3342
f 3149 3342 3341
f 3150 3151 3343
f 3150 3343 3342
f 3151 3152 3344
f 3151 3344 3343
f 3152 3153 3345
f 3152 3345 3344
f 3153 3154 3346
f 3153 3346 3345
f 3154 3155 3347
f 3154 3347 3346
f 3155 3156 3348
f 3155 3348 3347
f 3156 3157 3349
f 3156 3349 3348
f 3157 3158 3350
f 3157 3350 3349
f 3158 3159 3351
f 3158 3351 3350
f 3159 3160 3352
f 3159 3352 3351
f 3160 3161 3353
f 3160 3353 3352
f 3161 3162 3354
f 3161 3354 3353
f 3162 3163 3355
f 3162 3355 3354
f 3163 3164 3356
f 3163 3356 3355
f 3164 3165 3357
f 3164 3357 3356
f 3165 3166 3358
f 3165 3358 3357
f 3166 3167 3359
f 3166 3359 3358
f 3167 3168 3360
f 3167 3360 3359
f 3168 3073 3265
f 3168 3265 3360
f 3169 3362 3170
f 3169 3361 3362
f 3170 3363 3171
f 3170 3362 3363
f 3171 3364 3172
f 3171 3363 3364
f 3172 3365 3173
f 3172 3364 3365
f 3173 3366 3174
f 3173 3365 3366
f 3174 3367 3175
f 3174 3366 3367
f 3175 3368 3176
f 3175 3367 3368
f 3176 3369 3177
f 3176 3368 3369
f 3177 3370 3178
f 3177 3369 3370
f 3178 3371 3179
f 3178 3370 3371
f 3179 3372 3180
f 3179 3371 3372
f 3180 3373 3181
f 3180 3372 3373
f 3181 3374 3182
f 3181 3373 3374
f 3182 3375 3183
f 3182 3374 3375
f 3183 3376 3184
f 3183 3375 3376
f 3184 3377 3185
f 3184 3376 3377
f 3185 3378 3186
f 3185 3377 3378
f 3186 3379 3187
f 3186 3378 3379
f 3187 3380 3188
f 3187 3379 3380
f 3188 3381 3189
f 3188 3380 3381
f 3189 3382 3190
f 3189 3381 3382
f 3190 3383 3191
f 3190 3382 3383
f 3191 3384 3192
f 3191 3383 3384
f 3192 3385 3193
f 3192 3384 3385
f 3193 3386 3194
f 3193 3385 3386
f 3194 3387 3195
f 3194 3386 3387
f 3195 3388 3196
f 3195 3387 3388
f 3196 3389 3197
f 3196 3388 3389
f 3197 3390 3198
f 3197 3389 3390
f 3198 3391 3199
f 3198 3390 3391
f 3199 3392 3200
f 3199 3391 3392
f 3200 3393 3201
f 3200 3392 3393
f 3201 3394 3202
f 3201 3393 3394
f 3202 3395 3203
f 3202 3394 3395
f 3203 3396 3204
f 3203 3395 3396
f 3204 3397 3205
f 3204 3396 3397
f 3205 3398 3206
f 3205 3397 3398
f 3206 3399 3207
f 3206 3398 3399
f 3207 3400 3208
f 3207 3399 3400
f 3208 3401 3209
f 3208 3400 3401
f 3209 3402 3210
f 3209 3401 3402
f 3210 3403 3211
f 3210 3402 3403
f 3211 3404 3212
f 3211 3403 3404
f 3212 3405 3213
f 3212 3404 3405
f 3213 3406 3214
f 3213 3405 3406
f 3214 3407 3215
f 3214 3406 3407
f 3215 3408 3216
f 3215 3407 3408
f 3216 3409 3217
f 3216 3408 3409
f 3217 3410 3218
f 3217 3409 3410
f 3218 3411 3219
f 3218 3410 3411
f 3219 3412 3220
f 3219 3411 3412
f 3220 3413 3221
f 3220 3412 3413
f 3221 3414 3222
f 3221 3413 3414
f 3222 3415 3223
f 3222 3414 3415
f 3223 3416 3224
f 3223 3415 3416
f 3224 3417 3225
f 3224 3416 3417
f 3225 3418 3226
f 3225 3417 3418
f 3226 3419 3227
f 3226 3418 3419
f 3227 3420 3228
f 3227 3419 3420
f 3228 3421 3229
f 3228 3420 3421
f 3229 3422 3230
f 3229 3421 3422
f 3230 3423 3231
f 3230 3422 3423
f 3231 3424 3232
f 3231 3423 3424
f 3232 3425 3233
f 3232 3424 3425
f 3233 3426 3234
f 3233 3425 3426
f 3234 3427 3235
f 3234 3426 3427
f 3235 3428 3236
f 3235 3427 3428
f 3236 3429 3237
f 3236 3428 3429
f 3237 3430 3238
f 3237 3429 3430
f 3238 3431 3239
f 3238 3430 3431
f 3239 3432 3240
f 3239 3431 3432
f 3240 3433 3241
f 3240 3432 3433
f 3241 3434 3242
f 3241 3433 3434
f 3242 3435 3243
f 3242 3434 3435
f 3243 3436 3244
f 3243 3435 3436
f 3244 3437 3245
f 3244 3436 3437
f 3245 3438 3246
f 3245 3437 3438
f 3246 3439 3247
f 3246 3438 3439
f 3247 3440 3248
f 3247 3439 3440
f 3248 3441 3249
f 3248 3440 3441
f 3249 3442 3250
f 3249 3441 3442
f 3250 3443 3251
f 3250 3442 3443
f 3251 3444 3252
f 3251 3443 3444
f 3252 3445 3253
f 3252 3444 3445
f 3253 3446 3254
f 3253 3445 3446
f 3254 3447 3255
f 3254 3446 3447
f 3255 3448 3256
f 3255 3447 3448
f 3256 3449 3257
f 3256 3448 3449
f 3257 3450 3258
f 3257 3449 3450
f 3258 3451 3259
f 3258 3450 3451
f 3259 3452 3260
f 3259 3451 3452
f 3260 3453 3261
f 3260 3452 3453
f 3261 3454 3262
f 3261 3453 3454
f 3262 3455 3263
f 3262 3454 3455
f 3263 3456 3264
f 3263 3455 3456
f 3264 3361 3169
f 3264 3456 3361
f 3265 3266 3458
f 3265 3458 3457
f 3266 3267 3459
f 3266 3459 3458
f 3267 3268 3460
f 3267 3460 3459
f 3268 3269 3461
f 3268 3461 3460
f 3269 3270 3462
f 3269 3462 3461
f 3270 3271 3463
f 3270 3463 3462
f 3271 3272 3464
f 3271 3464 3463
f 3272 3273 3465
f 3272 3465 3464
f 3273 3274 3466
f 3273 3466 3465
f 3274 3275 3467
f 3274 3467 3466
f 3275 3276 3468
f 3275 3468 3467
f 3276 3277 3469
f 3276 3469 3468
f 3277 3278 3470
f 3277 3470 3469
f 3278 3279 3471
f 3278 3471 3470
f 3279 3280 3472
f 3279 3472 3471
f 3280 3281 3473
f 3280 3473 3472
f 3281 3282 3474
f 3281 3474 3473
f 3282 3283 3475
f 3282 3475 3474
f 3283 3284 3476
f 3283 3476 3475
f 3284 3285 3477
f 3284 3477 3476
f 3285 3286 3478
f 3285 3478 3477
f 3286 3287 3479
f 3286 3479 3478
f 3287 3288 3480
f 3287 3480 3479
f 3288 3289 3481
f 3288 3481 3480
f 3289 3290 3482
f 3289 3482 3481
f 3290 3291 3483
f 3290 3483 3482
f 3291 3292 3484
f 3291 3484 3483
f 3292 3293 3485
f 3292 3485 3484
f 3293 3294 3486
f 3293 3486 3485
f 3294 3295 3487
f 3294 3487 3486
f 3295 3296 3488
f 3295 3488 3487
f 3296 3297 3489
f 3296 3489 3488
f 3297 3298 3490
f 3297 3490 3489
f 3298 3299 3491
f 3298 3491 3490
f 3299 3300 3492
f 3299 3492 3491
f 3300 3301 3493
f 3300 3493 3492
f 3301 3302 3494
f 3301 3494 3493
f 3302 3303 3495
f 3302 3495 3494
f 3303 3304 3496
f 3303 3496 3495
f 3304 3305 3497
f 3304 3497 3496
f 3305 3306 3498
f 3305 3498 3497
f 3306 3307 3499
f 3306 3499 3498
f 3307 3308 3500
f 3307 3500 3499
f 3308 3309 3501
f 3308 3501 3500
f 3309 3310 3502
f 3309 3502 3501
f 3310 3311 3503
f 3310 3503 3502
f 3311 3312 3504
f 3311 3504 3503
f 3312 3313 3505
f 3312 3505 3504
f 3313 3314 3506
f 3313 3506 3505
f 3314 3315 3507
f 3314 3507 3506
f 3315 3316 3508
f 3315 3508 3507
f 3316 3317 3509
f 3316 3509 3508
f 3317 3318 3510
f 3317 3510 3509
f 3318 3319 3511
f 3318 3511 3510
f 3319 3320 3512
f 3319 3512 3511
f 3320 3321 3513
f 3320 3513 3512
f 3321 3322 3514
f 3321 3514 3513
f 3322 3323 3515
f 3322 3515 3514
f 3323 3324 3516
f 3323 3516 3515
f 3324 3325 3517
f 3324 3517 3516
f 3325 3326 3518
f 3325 3518 3517
f 3326 3327 3519
f 3326 3519 3518
f 3327 3328 3520
f 3327 3520 3519
f 3328 3329 3521
f 3328 3521 3520
f 3329 3330 3522
f 3329 3522 3521
f 3330 3331 3523
f 3330 3523 3522
f 3331 3332 3524
f 3331 3524 3523
f 3332 3333 3525
f 3332 3525 3524
f 3333 3334 3526
f 3333 3526 3525
f 3334 3335 3527
f 3334 3527 3526
f 3335 3336 3528
f 3335 3528 3527
f 3336 3337 3529
f 3336 3529 3528
f 3337 3338 3530
f 3337 3530 3529
f 3338 3339 3531
f 3338 3531 3530
f 3339 3340 3532
f 3339 3532 3531
f 3340 3341 3533
f 3340 3533 3532
f 3341 3342 3534
f 3341 3534 3533
f 3342 3343 3535
f 3342 3535 3534
f 3343 3344 3536
f 3343 3536 3535
f 3344 3345 3537
f 3344 3537 3536
f 3345 3346 3538
f 3345 3538 3537
f 3346 3347 3539
f 3346 3539 3538
f 3347 3348 3540
f 3347 3540 3539
f 3348 3349 3541
f 3348 3541 3540
f 3349 3350 3542
f 3349 3542 3541
f 3350 3351 3543
f 3350 3543 3542
f 3351 3352 3544
f 3351 3544 3543
f 3352 3353 3545
f 3352 3545 3544
f 3353 3354 3546
f 3353 3546 3545
f 3354 3355 3547
f 3354 3547 3546
f 3355 3356 3548
f 3355 3548 3547
f 3356 3357 3549
f 3356 3549 3548
f 3357 3358 3550
f 3357 3550 3549
f 3358 3359 3551
f 3358 3551 3550
f 3359 3360 3552
f 3359 3552 3551
f 3360 3265 3457
f 3360 3457 3552
f 3361 3554 3362
f 3361 3553 3554
f 3362 3555 3363
f 3362 3554 3555
f 3363 3556 3364
f 3363 3555 3556
f 3364 3557 3365
f 3364 3556 3557
f 3365 3558 3366
f 3365 3557 3558
f 3366 3559 3367
f 3366 3558 3559
f 3367 3560 3368
f 3367 3559 3560
f 3368 3561 3369
f 3368 3560 3561
f 3369 3562 3370
f 3369 3561 3562
f 3370 3563 3371
f 3370 3562 3563
f 3371 3564 3372
f 3371 3563 3564
f 3372 3565 3373
f 3372 3564 3565
f 3373 3566 3374
f 3373 3565 3566
f 3374 3567 3375
f 3374 3566 3567
f 3375 3568 3376
f 3375 3567 3568
f 3376 3569 3377
f 3376 3568 3569
f 3377 3570 3378
f 3377 3569 3570
f 3378 3571 3379
f 3378 3570 3571
f 3379 3572 3380
f 3379 3571 3572
f 3380 3573 3381
f 3380 3572 3573
f 3381 3574 3382
f 3381 3573 3574
f 3382 3575 3383
f 3382 3574 3575
f 3383 3576 3384
f 3383 3575 3576
f 3384 3577 3385
f 3384 3576 3577
f 3385 3578 3386
f 3385 3577 3578
f 3386 3579 3387
f 3386 3578 3579
f 3387 3580 3388
f 3387 3579 3580
f 3388 3581 3389
f 3388 3580 3581
f 3389 3582 3390
f 3389 3581 3582
f 3390 3583 3391
f 3390 3582 3583
f 3391 3584 3392
f 3391 3583 3584
f 3392 3585 3393
f 3392 3584 3585
f 3393 3586 3394
f 3393 3585 3586
f 3394 3587 3395
f 3394 3586 3587
f 3395 3588 3396
f 3395 3587 3588
f 3396 3589 3397
f 3396 3588 3589
f 3397 3590 3398
f 3397 3589 3590
f 3398 3591 3399
f 3398 3590 3591
f 3399 3592 3400
f 3399 3591 3592
f 3400 3593 3401
f 3400 3592 3593
f 3401 3594 3402
f 3401 3593 3594
f 3402 3595 3403
f 3402 3594 3595
f 3403 3596 3404
f 3403 3595 3596
f 3404 3597 3405
f 3404 3596 3597
f 3405 3598 3406
f 3405 3597 3598
f 3406 3599 3407
f 3406 3598 3599
f 3407 3600 3408
f 3407 3599 3600
f 3408 3601 3409
f 3408 3600 3601
f 3409 3602 3410
f 3409 3601 3602
f 3410 3603 3411
f 3410 3602 3603
f 3411 3604 3412
f 3411 3603 3604
f 3412 3605 3413
f 3412 3604 3605
f 3413 3606 3414
f 3413 3605 3606
f 3414 3607 3415
f 3414 3606 3607
f 3415 3608 3416
f 3415 3607 3608
f 3416 3609 3417
f 3416 3608 3609
f 3417 3610 3418
f 3417 3609 3610
f 3418 3611 3419
f 3418 3610 3611
f 3419 3612 3420
f 3419 3611 3612
f 3420 3613 3421
f 3420 3612 3613
f 3421 3614 3422
f 3421 3613 3614
f 3422 3615 3423
f 3422 3614 3615
f 3423 3616 3424
f 3423 3615 3616
f 3424 3617 3425
f 3424 3616 3617
f 3425 3618 3426
f 3425 3617 3618
f 3426 3619 3427
f 3426 3618 3619
f 3427 3620 3428
f 3427 3619 3620
f 3428 3621 3429
f 3428 3620 3621
f 3429 3622 3430
f 3429 3621 3622
f 3430 3623 3431
f 3430 3622 3623
f 3431 3624 3432
f 3431 3623 3624
f 3432 3625 3433
f 3432 3624 3625
f 3433 3626 3434
f 3433 3625 3626
f 3434 3627 3435
f 3434 3626 3627
f 3435 3628 3436
f 3435 3627 3628
f 3436 3629 3437
f 3436 3628 3629
f 3437 3630 3438
f 3437 3629 3630
f 3438 3631 3439
f 3438 3630 3631
f 3439 3632 3440
f 3439 3631 3632
f 3440 3633 3441
f 3440 3632 3633
f 3441 3634 3442
f 3441 3633 3634
f 3442 3635 3443
f 3442 3634 3635
f 3443 3636 3444
f 3443 3635 3636
f 3444 3637 3445
f 3444 3636 3637
f 3445 3638 3446
f 3445 3637 3638
f 3446 3639 3447
f 3446 3638 3639
f 3447 3640 3448
f 3447 3639 3640
f 3448 3641 3449
f 3448 3640 3641
f 3449 3642 3450
f 3449 3641 3642
f 3450 3643 3451
f 3450 3642 3643
f 3451 3644 3452
f 3451 3643 3644
f 3452 3645 3453
f 3452 3644 3645
f 3453 3646 3454
f 3453 3645 3646
f 3454 3647 3455
f 3454 3646 3647
f 3455 3648 3456
f 3455 3647 3648
f 3456 3553 3361
f 3456 3648 3553
f 3457 3458 3650
f 3457 3650 3649
f 3458 3459 3651
f 3458 3651 3650
f 3459 3460 3652
f 3459 3652 3651
f 3460 3461 3653
f 3460 3653 3652
f 3461 3462 3654
f 3461 3654 3653
f 3462 3463 3655
f 3462 3655 3654
f 3463 3464 3656
f 3463 3656 3655
f 3464 3465 3657
f 3464 3657 3656
f 3465 3466 3658
f 3465 3658 3657
f 3466 3467 3659
f 3466 3659 3658
f 3467 3468 3660
f 3467 3660 3659
f 3468 3469 3661
f 3468 3661 3660
f 3469 3470 3662
f 3469 3662 3661
f 3470 3471 3663
f 3470 3663 3662
f 3471 3472 3664
f 3471 3664 3663
f 3472 3473 3665
f 3472 3665 3664
f 3473 3474 3666
f 3473 3666 3665
f 3474 3475 3667
f 3474 3667 3666
f 3475 3476 3668
f 3475 3668 3667
f 3476 3477 3669
f 3476 3669 3668
f 3477 3478 3670
f 3477 3670 3669
f 3478 3479 3671
f 3478 3671 3670
f 3479 3480 3672
f 3479 3672 3671
f 3480 3481 3673
f 3480 3673 3672
f 3481 3482 3674
f 3481 3674 3673
f 3482 3483 3675
f 3482 3675 3674
f 3483 3484 3676
f 3483 3676 3675
f 3484 3485 3677
f 3484 3677 3676
f 3485 3486 3678
f 3485 3678 3677
f 3486 3487 3679
f 3486 3679 3678
f 3487 3488 3680
f 3487 3680 3679
f 3488 3489 3681
f 3488 3681 3680
f 3489 3490 3682
f 3489 3682 3681
f 3490 3491 3683
f 3490 3683 3682
f 3491 3492 3684
f 3491 3684 3683
f 3492 3493 3685
f 3492 3685 3684
f 3493 3494 3686
f 3493 3686 3685
f 3494 3495 3687
f 3494 3687 3686
f 3495 3496 3688
f 3495 3688 3687
f 3496 3497 3689
f 3496 3689 3688
f 3497 3498 3690
f 3497 3690 3689
f 3498 3499 3691
f 3498 3691 3690
f 3499 3500 3692
f 3499 3692 3691
f 3500 3501 3693
f 3500 3693 3692
f 3501 3502 3694
f 3501 3694 3693
f 3502 3503 3695
f 3502 3695 3694
f 3503 3504 3696
f 3503 3696 3695
f 3504 3505 3697
f 3504 3697 3696
f 3505 3506 3698
f 3505 3698 3697
f 3506 3507 3699
f 3506 3699 3698
f 3507 3508 3700
f 3507 3700 3699
f 3508 3509 3701
f 3508 3701 3700
f 3509 3510 3702
f 3509 3702 3701
f 3510 3511 3703
f 3510 3703 3702
f 3511 3512 3704
f 3511 3704 3703
f 3512 3513 3705
f 3512 3705 3704
f 3513 3514 3706
f 3513 3706 3705
f 3514 3515 3707
f 3514 3707 3706
f 3515 3516 3708
f 3515 3708 3707
f 3516 3517 3709
f 3516 3709 3708
f 3517 3518 3710
f 3517 3710 3709
f 3518 3519 3711
f 3518 3711 3710
f 3519 3520 3712
f 3519 3712 3711
f 3520 3521 3713
f 3520 3713 3712
f 3521 3522 3714
f 3521 3714 3713
f 3522 3523 3715
f 3522 3715 3714
f 3523 3524 3716
f 3523 3716 3715
f 3524 3525 3717
f 3524 3717 3716
f 3525 3526 3718
f 3525 3718 3717
f 3526 3527 3719
f 3526 3719 3718
f 3527 3528 3720
f 3527 3720 3719
f 3528 3529 3721
f 3528 3721 3720
f 3529 3530 3722
f 3529 3722 3721
f 3530 3531 3723
f 3530 3723 3722
f 3531 3532 3724
f 3531 3724 3723
f 3532 3533 3725
f 3532 3725 3724
f 3533 3534 3726
f 3533 3726 3725
f 3534 3535 3727
f 3534 3727 3726
f 3535 3536 3728
f 3535 3728 3727
f 3536 3537 3729
f 3536 3729 3728
f 3537 3538 3730
f 3537 3730 3729
f 3538 3539 3731
f 3538 3731 3730
f 3539 3540 3732
f 3539 3732 3731
f 3540 3541 3733
f 3540 3733 3732
f 3541 3542 3734
f 3541 3734 3733
f 3542 3543 3735
f 3542 3735 3734
f 3543 3544 3736
f 3543 3736 3735
f 3544 3545 3737
f 3544 3737 3736
f 3545 3546 3738
f 3545 3738 3737
f 3546 3547 3739
f 3546 3739 3738
f 3547 3548 3740
f 3547 3740 3739
f 3548 3549 3741
f 3548 3741 3740
f 3549 3550 3742
f 3549 3742 3741
f 3550 3551 3743
f 3550 3743 3742
f 3551 3552 3744
f 3551 3744 3743
f 3552 3457 3649
f 3552 3649 3744
f 3553 3746 3554
f 3553 3745 3746
f 3554 3747 3555
f 3554 3746 3747
f 3555 3748 3556
f 3555 3747 3748
f 3556 3749 3557
f 3556 3748 3749
f 3557 3750 3558
f 3557 3749 3750
f 3558 3751 3559
f 3558 3750 3751
f 3559 3752 3560
f 3559 3751 3752
f 3560 3753 3561
f 3560 3752 3753
f 3561 3754 3562
f 3561 3753 3754
f 3562 3755 3563
f 3562 3754 3755
f 3563 3756 3564
f 3563 3755 3756
f 3564 3757 3565
f 3564 3756 3757
f 3565 3758 3566
f 3565 3757 3758
f 3566 3759 3567
f 3566 3758 3759
f 3567 3760 3568
f 3567 3759 3760
f 3568 3761 3569
f 3568 3760 3761
f 3569 3762 3570
f 3569 3761 3762
f 3570 3763 3571
f 3570 3762 3763
f 3571 3764 3572
f 3571 3763 3764
f 3572 3765 3573
f 3572 3764 3765
f 3573 3766 3574
f 3573 3765 3766
f 3574 3767 3575
f 3574 3766 3767
f 3575 3768 3576
f 3575 3767 3768
f 3576 3769 3577
f 3576 3768 3769
f 3577 3770 3578
f 3577 3769 3770
f 3578 3771 3579
f 3578 3770 3771
f 3579 3772 3580
f 3579 3771 3772
f 3580 3773 3581
f 3580 3772 3773
f 3581 3774 3582
f 3581 3773 3774
f 3582 3775 3583
f 3582 3774 3775
f 3583 3776 3584
f 3583 3775 3776
f 3584 3777 3585
f 3584 3776 3777
f 3585 3778 3586
f 3585 3777 3778
f 3586 3779 3587
f 3586 3778 3779
f 3587 3780 3588
f 3587 3779 3780
f 3588 3781 3589
f 3588 3780 3781
f 3589 3782 3590
f 3589 3781 3782
f 3590 3783 3591
f 3590 3782 3783
f 3591 3784 3592
f 3591 3783 3784
f 3592 3785 3593
f 3592 3784 3785
f 3593 3786 3594
f 3593 3785 3786
f 3594 3787 3595
f 3594 3786 3787
f 3595 3788 3596
f 3595 3787 3788
f 3596 3789 3597
f 3596 3788 3789
f 3597 3790 3598
f 3597 3789 3790
f 3598 3791 3599
f 3598 3790 3791
f 3599 3792 3600
f 3599 3791 3792
f 3600 3793 3601
f 3600 3792 3793
f 3601 3794 3602
f 3601 3793 3794
f 3602 3795 3603
f 3602 3794 3795
f 3603 3796 3604
f 3603 3795 3796
f 3604 3797 3605
f 3604 3796 3797
f 3605 3798 3606
f 3605 3797 3798
f 3606 3799 3607
f 3606 3798 3799
f 3607 3800 3608
f 3607 3799 3800
f 3608 3801 3609
f 3608 3800 3801
f 3609 3802 3610
f 3609 3801 3802
f 3610 3803 3611
f 3610 3802 3803
f 3611 3804 3612
f 3611 3803 3804
f 3612 3805 3613
f 3612 3804 3805
f 3613 3806 3614
f 3613 3805 3806
f 3614 3807 3615
f 3614 3806 3807
f 3615 3808 3616
f 3615 3807 3808
f 3616 3809 3617
f 3616 3808 3809
f 3617 3810 3618
f 3617 3809 3810
f 3618 3811 3619
f 3618 3810 3811
f 3619 3812 3620
f 3619 3811 3812
f 3620 3813 3621
f 3620 3812 3813
f 3621 3814 3622
f 3621 3813 3814
f 3622 3815 3623
f 3622 3814 3815
f 3623 3816 3624
f 3623 3815 3816
f 3624 3817 3625
f 3624 3816 3817
f 3625 3818 3626
f 3625 3817 3818
f 3626 3819 3627
f 3626 3818 3819
f 3627 3820 3628
f 3627 3819 3820
f 3628 3821 3629
f 3628 3820 3821
f 3629 3822 3630
f 3629 3821 3822
f 3630 3823 3631
f 3630 3822 3823
f 3631 3824 3632
f 3631 3823 3824
f 3632 3825 3633
f 3632 3824 3825
f 3633 3826 3634
f 3633 3825 3826
f 3634 3827 3635
f 3634 3826 3827
f 3635 3828 3636
f 3635 3827 3828
f 3636 3829 3637
f 3636 3828 3829
f 3637 3830 3638
f 3637 3829 3830
f 3638 3831 3639
f 3638 3830 3831
f 3639 3832 3640
f 3639 3831 3832
f 3640 3833 3641
f 3640 3832 3833
f 3641 3834 3642
f 3641 3833 3834
f 3642 3835 3643
f 3642 3834 3835
f 3643 3836 3644
f 3643 3835 3836
f 3644 3837 3645
f 3644 3836 3837
f 3645 3838 3646
f 3645 3837 3838
f 3646 3839 3647
f 3646 3838 3839
f 3647 3840 3648
f 3647 3839 3840
f 3648 3745 3553
f 3648 3840 3745
f 3649 3650 3842
f 3649 3842 3841
f 3650 3651 3843
f 3650 3843 3842
f 3651 3652 3844
f 3651 3844 3843
f 3652 3653 3845
f 3652 3845 3844
f 3653 3654 3846
f 3653 3846 3845
f 3654 3655 3847
f 3654 3847 3846
f 3655 3656 3848
f 3655 3848 3847
f 3656 3657 3849
f 3656 3849 3848
f 3657 3658 3850
f 3657 3850 3849
f 3658 3659 3851
f 3658 3851 3850
f 3659 3660 3852
f 3659 3852 3851
f 3660 3661 3853
f 3660 3853 3852
f 3661 3662 3854
f 3661 3854 3853
f 3662 3663 3855
f 3662 3855 3854
f 3663 3664 3856
f 3663 3856 3855
f 3664 3665 3857
f 3664 3857 3856
f 3665 3666 3858
f 3665 3858 3857
f 3666 3667 3859
f 3666 3859 3858
f 3667 3668 3860
f 3667 3860 3859
f 3668 3669 3861
f 3668 3861 3860
f 3669 3670 3862
f 3669 3862 3861
f 3670 3671 3863
f 3670 3863 3862
f 3671 3672 3864
f 3671 3864 3863
f 3672 3673 3865
f 3672 3865 3864
f 3673 3674 3866
f 3673 3866 3865
f 3674 3675 3867
f 3674 3867 3866
f 3675 3676 3868
f 3675 3868 3867
f 3676 3677 3869
f 3676 3869 3868
f 3677 3678 3870
f 3677 3870 3869
f 3678 3679 3871
f 3678 3871 3870
f 3679 3680 3872
f 3679 3872 3871
f 3680 3681 3873
f 3680 3873 3872
f 3681 3682 3874
f 3681 3874 3873
f 3682 3683 3875
f 3682 3875 3874
f 3683 3684 3876
f 3683 3876 3875
f 3684 3685 3877
f 3684 3877 3876
f 3685 3686 3878
f 3685 3878 3877
f 3686 3687 3879
f 3686 3879 3878
f 3687 3688 3880
f 3687 3880 3879
f 3688 3689 3881
f 3688 3881 3880
f 3689 3690 3882
f 3689 3882 3881
f 3690 3691 3883
f 3690 3883 3882
f 3691 3692 3884
f 3691 3884 3883
f 3692 3693 3885
f 3692 3885 3884
f 3693 3694 3886
f 3693 3886 3885
f 3694 3695 3887
f 3694 3887 3886
f 3695 3696 3888
f 3695 3888 3887
f 3696 3697 3889
f 3696 3889 3888
f 3697 3698 3890
f 3697 3890 3889
f 3698 3699 3891
f 3698 3891 3890
f 3699 3700 3892
f 3699 3892 3891
f 3700 3701 3893
f 3700 3893 3892
f 3701 3702 3894
f 3701 3894 3893
f 3702 3703 3895
f 3702 3895 3894
f 3703 3704 3896
f 3703 3896 3895
f 3704 3705 3897
f 3704 3897 3896
f 3705 3706 3898
f 3705 3898 3897
f 3706 3707 3899
f 3706 3899 3898
f 3707 3708 3900
f 3707 3900 3899
f 3708 3709 3901
f 3708 3901 3900
f 3709 3710 3902
f 3709 3902 3901
f 3710 3711 3903
f 3710 3903 3902
f 3711 3712 3904
f 3711 3904 3903
f 3712 3713 3905
f 3712 3905 3904
f 3713 3714 3906
f 3713 3906 3905
f 3714 3715 3907
f 3714 3907 3906
f 3715 3716 3908
f 3715 3908 3907
f 3716 3717 3909
f 3716 3909 3908
f 3717 3718 3910
f 3717 3910 3909
f 3718 3719 3911
f 3718 3911 3910
f 3719 3720 3912
f 3719 3912 3911
f 3720 3721 3913
f 3720 3913 3912
f 3721 3722 3914
f 3721 3914 3913
f 3722 3723 3915
f 3722 3915 3914
f 3723 3724 3916
f 3723 3916 3915
f 3724 3725 3917
f 3724 3917 3916
f 3725 3726 3918
f 3725 3918 3917
f 3726 3727 3919
f 3726 3919 3918
f 3727 3728 3920
f 3727 3920 3919
f 3728 3729 3921
f 3728 3921 3920
f 3729 3730 3922
f 3729 3922 3921
f 3730 3731 3923
f 3730 3923 3922
f 3731 3732 3924
f 3731 3924 3923
f 3732 3733 3925
f 3732 3925 3924
f 3733 3734 3926
f 3733 3926 3925
f 3734 3735 3927
f 3734 3927 3926
f 3735 3736 3928
f 3735 3928 3927
f 3736 3737 3929
f 3736 3929 3928
f 3737 3738 3930
f 3737 3930 3929
f 3738 3739 3931
f 3738 3931 3930
f 3739 3740 3932
f 3739 3932 3931
f 3740 3741 3933
f 3740 3933 3932
f 3741 3742 3934
f 3741 3934 3933
f 3742 3743 3935
f 3742 3935 3934
f 3743 3744 3936
f 3743 3936 3935
f 3744 3649 3841
f 3744 3841 3936
f 3745 3938 3746
f 3745 3937 3938
f 3746 3939 3747
f 3746 3938 3939
f 3747 3940 3748
f 3747 3939 3940
f 3748 3941 3749
f 3748 3940 3941
f 3749 3942 3750
f 3749 3941 3942
f 3750 3943 3751
f 3750 3942 3943
f 3751 3944 3752
f 3751 3943 3944
f 3752 3945 3753
f 3752 3944 3945
f 3753 3946 3754
f 3753 3945 3946
f 3754 3947 3755
f 3754 3946 3947
f 3755 3948 3756
f 3755 3947 3948
f 3756 3949 3757
f 3756 3948 3949
f 3757 3950 3758
f 3757 3949 3950
f 3758 3951 3759
f 3758 3950 3951
f 3759 3952 3760
f 3759 3951 3952
f 3760 3953 3761
f 3760 3952 3953
f 3761 3954 3762
f 3761 3953 3954
f 3762 3955 3763
f 3762 3954 3955
f 3763 3956 3764
f 3763 3955 3956
f 3764 3957 3765
f 3764 3956 3957
f 3765 3958 3766
f 3765 3957 3958
f 3766 3959 3767
f 3766 3958 3959
f 3767 3960 3768
f 3767 3959 3960
f 3768 3961 3769
f 3768 3960 3961
f 3769 3962 3770
f 3769 3961 3962
f 3770 3963 3771
f 3770 3962 3963
f 3771 3964 3772
f 3771 3963 3964
f 3772 3965 3773
f 3772 3964 3965
f 3773 3966 3774
f 3773 3965 3966
f 3774 3967 3775
f 3774 3966 3967
f 3775 3968 3776
f 3775 3967 3968
f 3776 3969 3777
f 3776 3968 3969
f 3777 3970 3778
f 3777 3969 3970
f 3778 3971 3779
f 3778 3970 3971
f 3779 3972 3780
f 3779 3971 3972
f 3780 3973 3781
f 3780 3972 3973
f 3781 3974 3782
f 3781 3973 3974
f 3782 3975 3783
f 3782 3974 3975
f 3783 3976 3784
f 3783 3975 3976
f 3784 3977 3785
f 3784 3976 3977
f 3785 3978 3786
f 3785 3977 3978
f 3786 3979 3787
f 3786 3978 3979
f 3787 3980 3788
f 3787 3979 3980
f 3788 3981 3789
f 3788 3980 3981
f 3789 3982 3790
f 3789 3981 3982
f 3790 3983 3791
f 3790 3982 3983
f 3791 3984 3792
f 3791 3983 3984
f 3792 3985 3793
f 3792 3984 3985
f 3793 3986 3794
f 3793 3985 3986
f 3794 3987 3795
f 3794 3986 3987
f 3795 3988 3796
f 3795 3987 3988
f 3796 3989 3797
f 3796 3988 3989
f 3797 3990 3798
f 3797 3989 3990
f 3798 3991 3799
f 3798 3990 3991
f 3799 3992 3800
f 3799 3991 3992
f 3800 3993 3801
f 3800 3992 3993
f 3801 3994 3802
f 3801 3993 3994
f 3802 3995 3803
f 3802 3994 3995
f 3803 3996 3804
f 3803 3995 3996
f 3804 3997 3805
f 3804 3996 3997
f 3805 3998 3806
f 3805 3997 3998
f 3806 3999 3807
f 3806 3998 3999
f 3807 4000 3808
f 3807 3999 4000
f 3808 4001 3809
f 3808 4000 4001
f 3809 4002 3810
f 3809 4001 4002
f 3810 4003 3811
f 3810 4002 4003
f 3811 4004 3812
f 3811 4003 4004
f 3812 4005 3813
f 3812 4004 4005
f 3813 4006 3814
f 3813 4005 4006
f 3814 4007 3815
f 3814 4006 4007
f 3815 4008 3816
f 3815 4007 4008
f 3816 4009 3817
f 3816 4008 4009
f 3817 4010 3818
f 3817 4009 4010
f 3818 4011 3819
f 3818 4010 4011
f 3819 4012 3820
f 3819 4011 4012
f 3820 4013 3821
f 3820 4012 4013
f 3821 4014 3822
f 3821 4013 4014
f 3822 4015 3823
f 3822 4014 4015
f 3823 4016 3824
f 3823 4015 4016
f 3824 4017 3825
f 3824 4016 4017
f 3825 4018 3826
f 3825 4017 4018
f 3826 4019 3827
f 3826 4018 4019
f 3827 4020 3828
f 3827 4019 4020
f 3828 4021 3829
f 3828 4020 4021
f 3829 4022 3830
f 3829 4021 4022
f 3830 4023 3831
f 3830 4022 4023
f 3831 4024 3832
f 3831 4023 4024
f 3832 4025 3833
f 3832 4024 4025
f 3833 4026 3834
f 3833 4025 4026
f 3834 4027 3835
f 3834 4026 4027
f 3835 4028 3836
f 3835 4027 4028
f 3836 4029 3837
f 3836 4028 4029
f 3837 4030 3838
f 3837 4029 4030
f 3838 4031 3839
f 3838 4030 4031
f 3839 4032 3840
f 3839 4031 4032
f 3840 3937 3745
f 3840 4032 3937
f 3841 3842 4034
f 3841 4034 4033
f 3842 3843 4035
f 3842 4035 4034
f 3843 3844 4036
f 3843 4036 4035
f 3844 3845 4037
f 3844 4037 4036
f 3845 3846 4038
f 3845 4038 4037
f 3846 3847 4039
f 3846 4039 4038
f 3847 3848 4040
f 3847 4040 4039
f 3848 3849 4041
f 3848 4041 4040
f 3849 3850 4042
f 3849 4042 4041
f 3850 3851 4043
f 3850 4043 4042
f 3851 3852 4044
f 3851 4044 4043
f 3852 3853 4045
f 3852 4045 4044
f 3853 3854 4046
f 3853 4046 4045
f 3854 3855 4047
f 3854 4047 4046
f 3855 3856 4048
f 3855 4048 4047
f 3856 3857 4049
f 3856 4049 4048
f 3857 3858 4050
f 3857 4050 4049
f 3858 3859 4051
f 3858 4051 4050
f 3859 3860 4052
f 3859 4052 4051
f 3860 3861 4053
f 3860 4053 4052
f 3861 3862 4054
f 3861 4054 4053
f 3862 3863 4055
f 3862 4055 4054
f 3863 3864 4056
f 3863 4056 4055
f 3864 3865 4057
f 3864 4057 4056
f 3865 3866 4058
f 3865 4058 4057
f 3866 3867 4059
f 3866 4059 4058
f 3867 3868 4060
f 3867 4060 4059
f 3868 3869 4061
f 3868 4061 4060
f 3869 3870 4062
f 3869 4062 4061
f 3870 3871 4063
f 3870 4063 4062
f 3871 3872 4064
f 3871 4064 4063
f 3872 3873 4065
f 3872 4065 4064
f 3873 3874 4066
f 3873 4066 4065
f 3874 3875 4067
f 3874 4067 4066
f 3875 3876 4068
f 3875 4068 4067
f 3876 3877 4069
f 3876 4069 4068
f 3877 3878 4070
f 3877 4070 4069
f 3878 3879 4071
f 3878 4071 4070
f 3879 3880 4072
f 3879 4072 4071
f 3880 3881 4073
f 3880 4073 4072
f 3881 3882 4074
f 3881 4074 4073
f 3882 3883 4075
f 3882 4075 4074
f 3883 3884 4076
f 3883 4076 4075
f 3884 3885 4077
f 3884 4077 4076
f 3885 3886 4078
f 3885 4078 4077
f 3886 3887 4079
f 3886 4079 4078
f 3887 3888 4080
f 3887 4080 4079
f 3888 3889 4081
f 3888 4081 4080
f 3889 3890 4082
f 3889 4082 4081
f 3890 3891 4083
f 3890 4083 4082
f 3891 3892 4084
f 3891 4084 4083
f 3892 3893 4085
f 3892 4085 4084
f 3893 3894 4086
f 3893 4086 4085
f 3894 3895 4087
f 3894 4087 4086
f 3895 3896 4088
f 3895 4088 4087
f 3896 3897 4089
f 3896 4089 4088
f 3897 3898 4090
f 3897 4090 4089
f 3898 3899 4091
f 3898 4091 4090
f 3899 3900 4092
f 3899 4092 4091
f 3900 3901 4093
f 3900 4093 4092
f 3901 3902 4094
f 3901 4094 4093
f 3902 3903 4095
f 3902 4095 4094
f 3903 3904 4096
f 3903 4096 4095
f 3904 3905 4097
f 3904 4097 4096
f 3905 3906 4098
f 3905 4098 4097
f 3906 3907 4099
f 3906 4099 4098
f 3907 3908 4100
f 3907 4100 4099
f 3908 3909 4101
f 3908 4101 4100
f 3909 3910 4102
f 3909 4102 4101
f 3910 3911 4103
f 3910 4103 4102
f 3911 3912 4104
f 3911 4104 4103
f 3912 3913 4105
f 3912 4105 4104
f 3913 3914 4106
f 3913 4106 4105
f 3914 3915 4107
f 3914 4107 4106
f 3915 3916 4108
f 3915 4108 4107
f 3916 3917 4109
f 3916 4109 4108
f 3917 3918 4110
f 3917 4110 4109
f 3918 3919 4111
f 3918 4111 4110
f 3919 3920 4112
f 3919 4112 4111
f 3920 3921 4113
f 3920 4113 4112
f 3921 3922 4114
f 3921 4114 4113
f 3922 3923 4115
f 3922 4115 4114
f 3923 3924 4116
f 3923 4116 4115
f 3924 3925 4117
f 3924 4117 4116
f 3925 3926 4118
f 3925 4118 4117
f 3926 3927 4119
f 3926 4119 4118
f 3927 3928 4120
f 3927 4120 4119
f 3928 3929 4121
f 3928 4121 4120
f 3929 3930 4122
f 3929 4122 4121
f 3930 3931 4123
f 3930 4123 4122
f 3931 3932 4124
f 3931 4124 4123
f 3932 3933 4125
f 3932 4125 4124
f 3933 3934 4126
f 3933 4126 4125
f 3934 3935 4127
f 3934 4127 4126
f 3935 3936 4128
f 3935 4128 4127
f 3936 3841 4033
f 3936 4033 4128
f 3937 4130 3938
f 3937 4129 4130
f 3938 4131 3939
f 3938 4130 4131
f 3939 4132 3940
f 3939 4131 4132
f 3940 4133 3941
f 3940 4132 4133
f 3941 4134 3942
f 3941 4133 4134
f 3942 4135 3943
f 3942 4134 4135
f 3943 4136 3944
f 3943 4135 4136
f 3944 4137 3945
f 3944 4136 4137
f 3945 4138 3946
f 3945 4137 4138
f 3946 4139 3947
f 3946 4138 4139
f 3947 4140 3948
f 3947 4139 4140
f 3948 4141 3949
f 3948 4140 4141
f 3949 4142 3950
f 3949 4141 4142
f 3950 4143 3951
f 3950 4142 4143
f 3951 4144 3952
f 3951 4143 4144
f 3952 4145 3953
f 3952 4144 4145
f 3953 4146 3954
f 3953 4145 4146
f 3954 4147 3955
f 3954 4146 4147
f 3955 4148 3956
f 3955 4147 4148
f 3956 4149 3957
f 3956 4148 4149
f 3957 4150 3958
f 3957 4149 4150
f 3958 4151 3959
f 3958 4150 4151
f 3959 4152 3960
f 3959 4151 4152
f 3960 4153 3961
f 3960 4152 4153
f 3961 4154 3962
f 3961 4153 4154
f 3962 4155 3963
f 3962 4154 4155
f 3963 4156 3964
f 3963 4155 4156
f 3964 4157 3965
f 3964 4156 4157
f 3965 4158 3966
f 3965 4157 4158
f 3966 4159 3967
f 3966 4158 4159
f 3967 4160 3968
f 3967 4159 4160
f 3968 4161 3969
f 3968 4160 4161
f 3969 4162 3970
f 3969 4161 4162
f 3970 4163 3971
f 3970 4162 4163
f 3971 4164 3972
f 3971 4163 4164
f 3972 4165 3973
f 3972 4164 4165
f 3973 4166 3974
f 3973 4165 4166
f 3974 4167 3975
f 3974 4166 4167
f 3975 4168 3976
f 3975 4167 4168
f 3976 4169 3977
f 3976 4168 4169
f 3977 4170 3978
f 3977 4169 4170
f 3978 4171 3979
f 3978 4170 4171
f 3979 4172 3980
f 3979 4171 4172
f 3980 4173 3981
f 3980 4172 4173
f 3981 4174 3982
f 3981 4173 4174
f 3982 4175 3983
f 3982 4174 4175
f 3983 4176 3984
f 3983 4175 4176
f 3984 4177 3985
f 3984 4176 4177
f 3985 4178 3986
f 3985 4177 4178
f 3986 4179 3987
f 3986 4178 4179
f 3987 4180 3988
f 3987 4179 4180
f 3988 4181 3989
f 3988 4180 4181
f 3989 4182 3990
f 3989 4181 4182
f 3990 4183 3991
f 3990 4182 4183
f 3991 4184 3992
f 3991 4183 4184
f 3992 4185 3993
f 3992 4184 4185
f 3993 4186 3994
f 3993 4185 4186
f 3994 4187 3995
f 3994 4186 4187
f 3995 4188 3996
f 3995 4187 4188
f 3996 4189 3997
f 3996 4188 4189
f 3997 4190 3998
f 3997 4189 4190
f 3998 4191 3999
f 3998 4190 4191
f 3999 4192 4000
f 3999 4191 4192
f 4000 4193 4001
f 4000 4192 4193
f 4001 4194 4002
f 4001 4193 4194
f 4002 4195 4003
f 4002 4194 4195
f 4003 4196 4004
f 4003 4195 4196
f 4004 4197 4005
f 4004 4196 4197
f 4005 4198 4006
f 4005 4197 4198
f 4006 4199 4007
f 4006 4198 4199
f 4007 4200 4008
f 4007 4199 4200
f 4008 4201 4009
f 4008 4200 4201
f 4009 4202 4010
f 4009 4201 4202
f 4010 4203 4011
f 4010 4202 4203
f 4011 4204 4012
f 4011 4203 4204
f 4012 4205 4013
f 4012 4204 4205
f 4013 4206 4014
f 4013 4205 4206
f 4014 4207 4015
f 4014 4206 4207
f 4015 4208 4016
f 4015 4207 4208
f 4016 4209 4017
f 4016 4208 4209
f 4017 4210 4018
f 4017 4209 4210
f 4018 4211 4019
f 4018 4210 4211
f 4019 4212 4020
f 4019 4211 4212
f 4020 4213 4021
f 4020 4212 4213
f 4021 4214 4022
f 4021 4213 4214
f 4022 4215 4023
f 4022 4214 4215
f 4023 4216 4024
f 4023 4215 4216
f 4024 4217 4025
f 4024 4216 4217
f 4025 4218 4026
f 4025 4217 4218
f 4026 4219 4027
f 4026 4218 4219
f 4027 4220 4028
f 4027 4219 4220
f 4028 4221 4029
f 4028 4220 4221
f 4029 4222 4030
f 4029 4221 4222
f 4030 4223 4031
f 4030 4222 4223
f 4031 4224 4032
f 4031 4223 4224
f 4032 4129 3937
f 4032 4224 4129
f 4033 4034 4226
f 4033 4226 4225
f 4034 4035 4227
f 4034 4227 4226
f 4035 4036 4228
f 4035 4228 4227
f 4036 4037 4229
f 4036 4229 4228
f 4037 4038 4230
f 4037 4230 4229
f 4038 4039 4231
f 4038 4231 4230
f 4039 4040 4232
f 4039 4232 4231
f 4040 4041 4233
f 4040 4233 4232
f 4041 4042 4234
f 4041 4234 4233
f 4042 4043 4235
f 4042 4235 4234
f 4043 4044 4236
f 4043 4236 4235
f 4044 4045 4237
f 4044 4237 4236
f 4045 4046 4238
f 4045 4238 4237
f 4046 4047 4239
f 4046 4239 4238
f 4047 4048 4240
f 4047 4240 4239
f 4048 4049 4241
f 4048 4241 4240
f 4049 4050 4242
f 4049 4242 4241
f 4050 4051 4243
f 4050 4243 4242
f 4051 4052 4244
f 4051 4244 4243
f 4052 4053 4245
f 4052 4245 4244
f 4053 4054 4246
f 4053 4246 4245
f 4054 4055 4247
f 4054 4247 4246
f 4055 4056 4248
f 4055 4248 4247
f 4056 4057 4249
f 4056 4249 4248
f 4057 4058 4250
f 4057 4250 4249
f 4058 4059 4251
f 4058 4251 4250
f 4059 4060 4252
f 4059 4252 4251
f 4060 4061 4253
f 4060 4253 4252
f 4061 4062 4254
f 4061 4254 4253
f 4062 4063 4255
f 4062 4255 4254
f 4063 4064 4256
f 4063 4256 4255
f 4064 4065 4257
f 4064 4257 4256
f 4065 4066 4258
f 4065 4258 4257
f 4066 4067 4259
f 4066 4259 4258
f 4067 4068 4260
f 4067 4260 4259
f 4068 4069 4261
f 4068 4261 4260
f 4069 4070 4262
f 4069 4262 4261
f 4070 4071 4263
f 4070 4263 4262
f 4071 4072 4264
f 4071 4264 4263
f 4072 4073 4265
f 4072 4265 4264
f 4073 4074 4266
f 4073 4266 4265
f 4074 4075 4267
f 4074 4267 4266
f 4075 4076 4268
f 4075 4268 4267
f 4076 4077 4269
f 4076 4269 4268
f 4077 4078 4270
f 4077 4270 4269
f 4078 4079 4271
f 4078 4271 4270
f 4079 4080 4272
f 4079 4272 4271
f 4080 4081 4273
f 4080 4273 4272
f 4081 4082 4274
f 4081 4274 4273
f 4082 4083 4275
f 4082 4275 4274
f 4083 4084 4276
f 4083 4276 4275
f 4084 4085 4277
f 4084 4277 4276
f 4085 4086 4278
f 4085 4278 4277
f 4086 4087 4279
f 4086 4279 4278
f 4087 4088 4280
f 4087 4280 4279
f 4088 4089 4281
f 4088 4281 4280
f 4089 4090 4282
f 4089 4282 4281
f 4090 4091 4283
f 4090 4283 4282
f 4091 4092 4284
f 4091 4284 4283
f 4092 4093 4285
f 4092 4285 4284
f 4093 4094 4286
f 4093 4286 4285
f 4094 4095 4287
f 4094 4287 4286
f 4095 4096 4288
f 4095 4288 4287
f 4096 4097 4289
f 4096 4289 4288
f 4097 4098 4290
f 4097 4290 4289
f 4098 4099 4291
f 4098 4291 4290
f 4099 4100 4292
f 4099 4292 4291
f 4100 4101 4293
f 4100 4293 4292
f 4101 4102 4294
f 4101 4294 4293
f 4102 4103 4295
f 4102 4295 4294
f 4103 4104 4296
f 4103 4296 4295
f 4104 4105 4297
f 4104 4297 4296
f 4105 4106 4298
f 4105 4298 4297
f 4106 4107 4299
f 4106 4299 4298
f 4107 4108 4300
f 4107 4300 4299
f 4108 4109 4301
f 4108 4301 4300
f 4109 4110 4302
f 4109 4302 4301
f 4110 4111 4303
f 4110 4303 4302
f 4111 4112 4304
f 4111 4304 4303
f 4112 4113 4305
f 4112 4305 4304
f 4113 4114 4306
f 4113 4306 4305
f 4114 4115 4307
f 4114 4307 4306
f 4115 4116 4308
f 4115 4308 4307
f 4116 4117 4309
f 4116 4309 4308
f 4117 4118 4310
f 4117 4310 4309
f 4118 4119 4311
f 4118 4311 4310
f 4119 4120 4312
f 4119 4312 4311
f 4120 4121 4313
f 4120 4313 4312
f 4121 4122 4314
f 4121 4314 4313
f 4122 4123 4315
f 4122 4315 4314
f 4123 4124 4316
f 4123 4316 4315
f 4124 4125 4317
f 4124 4317 4316
f 4125 4126 4318
f 4125 4318 4317
f 4126 4127 4319
f 4126 4319 4318
f 4127 4128 4320
f 4127 4320 4319
f 4128 4033 4225
f 4128 4225 4320
f 4129 4322 4130
f 4129 4321 4322
f 4130 4323 4131
f 4130 4322 4323
f 4131 4324 4132
f 4131 4323 4324
f 4132 4325 4133
f 4132 4324 4325
f 4133 4326 4134
f 4133 4325 4326
f 4134 4327 4135
f 4134 4326 4327
f 4135 4328 4136
f 4135 4327 4328
f 4136 4329 4137
f 4136 4328 4329
f 4137 4330 4138
f 4137 4329 4330
f 4138 4331 4139
f 4138 4330 4331
f 4139 4332 4140
f 4139 4331 4332
f 4140 4333 4141
f 4140 4332 4333
f 4141 4334 4142
f 4141 4333 4334
f 4142 4335 4143
f 4142 4334 4335
f 4143 4336 4144
f 4143 4335 4336
f 4144 4337 4145
f 4144 4336 4337
f 4145 4338 4146
f 4145 4337 4338
f 4146 4339 4147
f 4146 4338 4339
f 4147 4340 4148
f 4147 4339 4340
f 4148 4341 4149
f 4148 4340 4341
f 4149 4342 4150
f 4149 4341 4342
f 4150 4343 4151
f 4150 4342 4343
f 4151 4344 4152
f 4151 4343 4344
f 4152 4345 4153
f 4152 4344 4345
f 4153 4346 4154
f 4153 4345 4346
f 4154 4347 4155
f 4154 4346 4347
f 4155 4348 4156
f 4155 4347 4348
f 4156 4349 4157
f 4156 4348 4349
f 4157 4350 4158
f 4157 4349 4350
f 4158 4351 4159
f 4158 4350 4351
f 4159 4352 4160
f 4159 4351 4352
f 4160 4353 4161
f 4160 4352 4353
f 4161 4354 4162
f 4161 4353 4354
f 4162 4355 4163
f 4162 4354 4355
f 4163 4356 4164
f 4163 4355 4356
f 4164 4357 4165
f 4164 4356 4357
f 4165 4358 4166
f 4165 4357 4358
f 4166 4359 4167
f 4166 4358 4359
f 4167 4360 4168
f 4167 4359 4360
f 4168 4361 4169
f 4168 4360 4361
f 4169 4362 4170
f 4169 4361 4362
f 4170 4363 4171
f 4170 4362 4363
f 4171 4364 4172
f 4171 4363 4364
f 4172 4365 4173
f 4172 4364 4365
f 4173 4366 4174
f 4173 4365 4366
f 4174 4367 4175
f 4174 4366 4367
f 4175 4368 4176
f 4175 4367 4368
f 4176 4369 4177
f 4176 4368 4369
f 4177 4370 4178
f 4177 4369 4370
f 4178 4371 4179
f 4178 4370 4371
f 4179 4372 4180
f 4179 4371 4372
f 4180 4373 4181
f 4180 4372 4373
f 4181 4374 4182
f 4181 4373 4374
f 4182 4375 4183
f 4182 4374 4375
f 4183 4376 4184
f 4183 4375 4376
f 4184 4377 4185
f 4184 4376 4377
f 4185 4378 4186
f 4185 4377 4378
f 4186 4379 4187
f 4186 4378 4379
f 4187 4380 4188
f 4187 4379 4380
f 4188 4381 4189
f 4188 4380 4381
f 4189 4382 4190
f 4189 4381 4382
f 4190 4383 4191
f 4190 4382 4383
f 4191 4384 4192
f 4191 4383 4384
f 4192 4385 4193
f 4192 4384 4385
f 4193 4386 4194
f 4193 4385 4386
f 4194 4387 4195
f 4194 4386 4387
f 4195 4388 4196
f 4195 4387 4388
f 4196 4389 4197
f 4196 4388 4389
f 4197 4390 4198
f 4197 4389 4390
f 4198 4391 4199
f 4198 4390 4391
f 4199 4392 4200
f 4199 4391 4392
f 4200 4393 4201
f 4200 4392 4393
f 4201 4394 4202
f 4201 4393 4394
f 4202 4395 4203
f 4202 4394 4395
f 4203 4396 4204
f 4203 4395 4396
f 4204 4397 4205
f 4204 4396 4397
f 4205 4398 4206
f 4205 4397 4398
f 4206 4399 4207
f 4206 4398 4399
f 4207 4400 4208
f 4207 4399 4400
f 4208 4401 4209
f 4208 4400 4401
f 4209 4402 4210
f 4209 4401 4402
f 4210 4403 4211
f 4210 4402 4403
f 4211 4404 4212
f 4211 4403 4404
f 4212 4405 4213
f 4212 4404 4405
f 4213 4406 4214
f 4213 4405 4406
f 4214 4407 4215
f 4214 4406 4407
f 4215 4408 4216
f 4215 4407 4408
f 4216 4409 4217
f 4216 4408 4409
f 4217 4410 4218
f 4217 4409 4410
f 4218 4411 4219
f 4218 4410 4411
f 4219 4412 4220
f 4219 4411 4412
f 4220 4413 4221
f 4220 4412 4413
f 4221 4414 4222
f 4221 4413 4414
f 4222 4415 4223
f 4222 4414 4415
f 4223 4416 4224
f 4223 4415 4416
f 4224 4321 4129
f 4224 4416 4321
f 4225 4226 4418
f 4225 4418 4417
f 4226 4227 4419
f 4226 4419 4418
f 4227 4228 4420
f 4227 4420 4419
f 4228 4229 4421
f 4228 4421 4420
f 4229 4230 4422
f 4229 4422 4421
f 4230 4231 4423
f 4230 4423 4422
f 4231 4232 4424
f 4231 4424 4423
f 4232 4233 4425
f 4232 4425 4424
f 4233 4234 4426
f 4233 4426 4425
f 4234 4235 4427
f 4234 4427 4426
f 4235 4236 4428
f 4235 4428 4427
f 4236 4237 4429
f 4236 4429 4428
f 4237 4238 4430
f 4237 4430 4429
f 4238 4239 4431
f 4238 4431 4430
f 4239 4240 4432
f 4239 4432 4431
f 4240 4241 4433
f 4240 4433 4432
f 4241 4242 4434
f 4241 4434 4433
f 4242 4243 4435
f 4242 4435 4434
f 4243 4244 4436
f 4243 4436 4435
f 4244 4245 4437
f 4244 4437 4436
f 4245 4246 4438
f 4245 4438 4437
f 4246 4247 4439
f 4246 4439 4438
f 4247 4248 4440
f 4247 4440 4439
f 4248 4249 4441
f 4248 4441 4440
f 4249 4250 4442
f 4249 4442 4441
f 4250 4251 4443
f 4250 4443 4442
f 4251 4252 4444
f 4251 4444 4443
f 4252 4253 4445
f 4252 4445 4444
f 4253 4254 4446
f 4253 4446 4445
f 4254 4255 4447
f 4254 4447 4446
f 4255 4256 4448
f 4255 4448 4447
f 4256 4257 4449
f 4256 4449 4448
f 4257 4258 4450
f 4257 4450 4449
f 4258 4259 4451
f 4258 4451 4450
f 4259 4260 4452
f 4259 4452 4451
f 4260 4261 4453
f 4260 4453 4452
f 4261 4262 4454
f 4261 4454 4453
f 4262 4263 4455
f 4262 4455 4454
f 4263 4264 4456
f 4263 4456 4455
f 4264 4265 4457
f 4264 4457 4456
f 4265 4266 4458
f 4265 4458 4457
f 4266 4267 4459
f 4266 4459 4458
f 4267 4268 4460
f 4267 4460 4459
f 4268 4269 4461
f 4268 4461 4460
f 4269 4270 4462
f 4269 4462 4461
f 4270 4271 4463
f 4270 4463 4462
f 4271 4272 4464
f 4271 4464 4463
f 4272 4273 4465
f 4272 4465 4464
f 4273 4274 4466
f 4273 4466 4465
f 4274 4275 4467
f 4274 4467 4466
f 4275 4276 4468
f 4275 4468 4467
f 4276 4277 4469
f 4276 4469 4468
f 4277 4278 4470
f 4277 4470 4469
f 4278 4279 4471
f 4278 4471 4470
f 4279 4280 4472
f 4279 4472 4471
f 4280 4281 4473
f 4280 4473 4472
f 4281 4282 4474
f 4281 4474 4473
f 4282 4283 4475
f 4282 4475 4474
f 4283 4284 4476
f 4283 4476 4475
f 4284 4285 4477
f 4284 4477 4476
f 4285 4286 4478
f 4285 4478 4477
f 4286 4287 4479
f 4286 4479 4478
f 4287 4288 4480
f 4287 4480 4479
f 4288 4289 4481
f 4288 4481 4480
f 4289 4290 4482
f 4289 4482 4481
f 4290 4291 4483
f 4290 4483 4482
f 4291 4292 4484
f 4291 4484 4483
f 4292 4293 4485
f 4292 4485 4484
f 4293 4294 4486
f 4293 4486 4485
f 4294 4295 4487
f 4294 4487 4486
f 4295 4296 4488
f 4295 4488 4487
f 4296 4297 4489
f 4296 4489 4488
f 4297 4298 4490
f 4297 4490 4489
f 4298 4299 4491
f 4298 4491 4490
f 4299 4300 4492
f 4299 4492 4491
f 4300 4301 4493
f 4300 4493 4492
f 4301 4302 4494
f 4301 4494 4493
f 4302 4303 4495
f 4302 4495 4494
f 4303 4304 4496
f 4303 4496 4495
f 4304 4305 4497
f 4304 4497 4496
f 4305 4306 4498
f 4305 4498 4497
f 4306 4307 4499
f 4306 4499 4498
f 4307 4308 4500
f 4307 4500 4499
f 4308 4309 4501
f 4308 4501 4500
f 4309 4310 4502
f 4309 4502 4501
f 4310 4311 4503
f 4310 4503 4502
f 4311 4312 4504
f 4311 4504 4503
f 4312 4313 4505
f 4312 4505 4504
f 4313 4314 4506
f 4313 4506 4505
f 4314 4315 4507
f 4314 4507 4506
f 4315 4316 4508
f 4315 4508 4507
f 4316 4317 4509
f 4316 4509 4508
f 4317 4318 4510
f 4317 4510 4509
f 4318 4319 4511
f 4318 4511 4510
f 4319 4320 4512
f 4319 4512 4511
f 4320 4225 4417
f 4320 4417 4512
f 4321 4514 4322
f 4321 4513 4514
f 4322 4515 4323
f 4322 4514 4515
f 4323 4516 4324
f 4323 4515 4516
f 4324 4517 4325
f 4324 4516 4517
f 4325 4518 4326
f 4325 4517 4518
f 4326 4519 4327
f 4326 4518 4519
f 4327 4520 4328
f 4327 4519 4520
f 4328 4521 4329
f 4328 4520 4521
f 4329 4522 4330
f 4329 4521 4522
f 4330 4523 4331
f 4330 4522 4523
f 4331 4524 4332
f 4331 4523 4524
f 4332 4525 4333
f 4332 4524 4525
f 4333 4526 4334
f 4333 4525 4526
f 4334 4527 4335
f 4334 4526 4527
f 4335 4528 4336
f 4335 4527 4528
f 4336 4529 4337
f 4336 4528 4529
f 4337 4530 4338
f 4337 4529 4530
f 4338 4531 4339
f 4338 4530 4531
f 4339 4532 4340
f 4339 4531 4532
f 4340 4533 4341
f 4340 4532 4533
f 4341 4534 4342
f 4341 4533 4534
f 4342 4535 4343
f 4342 4534 4535
f 4343 4536 4344
f 4343 4535 4536
f 4344 4537 4345
f 4344 4536 4537
f 4345 4538 4346
f 4345 4537 4538
f 4346 4539 4347
f 4346 4538 4539
f 4347 4540 4348
f 4347 4539 4540
f 4348 4541 4349
f 4348 4540 4541
f 4349 4542 4350
f 4349 4541 4542
f 4350 4543 4351
f 4350 4542 4543
f 4351 4544 4352
f 4351 4543 4544
f 4352 4545 4353
f 4352 4544 4545
f 4353 4546 4354
f 4353 4545 4546
f 4354 4547 4355
f 4354 4546 4547
f 4355 4548 4356
f 4355 4547 4548
f 4356 4549 4357
f 4356 4548 4549
f 4357 4550 4358
f 4357 4549 4550
f 4358 4551 4359
f 4358 4550 4551
f 4359 4552 4360
f 4359 4551 4552
f 4360 4553 4361
f 4360 4552 4553
f 4361 4554 4362
f 4361 4553 4554
f 4362 4555 4363
f 4362 4554 4555
f 4363 4556 4364
f 4363 4555 4556
f 4364 4557 4365
f 4364 4556 4557
f 4365 4558 4366
f 4365 4557 4558
f 4366 4559 4367
f 4366 4558 4559
f 4367 4560 4368
f 4367 4559 4560
f 4368 4561 4369
f 4368 4560 4561
f 4369 4562 4370
f 4369 4561 4562
f 4370 4563 4371
f 4370 4562 4563
f 4371 4564 4372
f 4371 4563 4564
f 4372 4565 4373
f 4372 4564 4565
f 4373 4566 4374
f 4373 4565 4566
f 4374 4567 4375
f 4374 4566 4567
f 4375 4568 4376
f 4375 4567 4568
f 4376 4569 4377
f 4376 4568 4569
f 4377 4570 4378
f 4377 4569 4570
f 4378 4571 4379
f 4378 4570 4571
f 4379 4572 4380
f 4379 4571 4572
f 4380 4573 4381
f 4380 4572 4573
f 4381 4574 4382
f 4381 4573 4574
f 4382 4575 4383
f 4382 4574 4575
f 4383 4576 4384
f 4383 4575 4576
f 4384 4577 4385
f 4384 4576 4577
f 4385 4578 4386
f 4385 4577 4578
f 4386 4579 4387
f 4386 4578 4579
f 4387 4580 4388
f 4387 4579 4580
f 4388 4581 4389
f 4388 4580 4581
f 4389 4582 4390
f 4389 4581 4582
f 4390 4583 4391
f 4390 4582 4583
f 4391 4584 4392
f 4391 4583 4584
f 4392 4585 4393
f 4392 4584 4585
f 4393 4586 4394
f 4393 4585 4586
f 4394 4587 4395
f 4394 4586 4587
f 4395 4588 4396
f 4395 4587 4588
f 4396 4589 4397
f 4396 4588 4589
f 4397 4590 4398
f 4397 4589 4590
f 4398 4591 4399
f 4398 4590 4591
f 4399 4592 4400
f 4399 4591 4592
f 4400 4593 4401
f 4400 4592 4593
f 4401 4594 4402
f 4401 4593 4594
f 4402 4595 4403
f 4402 4594 4595
f 4403 4596 4404
f 4403 4595 4596
f 4404 4597 4405
f 4404 4596 4597
f 4405 4598 4406
f 4405 4597 4598
f 4406 4599 4407
f 4406 4598 4599
f 4407 4600 4408
f 4407 4599 4600
f 4408 4601 4409
f 4408 4600 4601
f 4409 4602 4410
f 4409 4601 4602
f 4410 4603 4411
f 4410 4602 4603
f 4411 4604 4412
f 4411 4603 4604
f 4412 4605 4413
f 4412 4604 4605
f 4413 4606 4414
f 4413 4605 4606
f 4414 4607 4415
f 4414 4606 4607
f 4415 4608 4416
f 4415 4607 4608
f 4416 4513 4321
f 4416 4608 4513
f 4417 4418 4610
f 4417 4610 4609
f 4418 4419 4611
f 4418 4611 4610
f 4419 4420 4612
f 4419 4612 4611
f 4420 4421 4613
f 4420 4613 4612
f 4421 4422 4614
f 4421 4614 4613
f 4422 4423 4615
f 4422 4615 4614
f 4423 4424 4616
f 4423 4616 4615
f 4424 4425 4617
f 4424 4617 4616
f 4425 4426 4618
f 4425 4618 4617
f 4426 4427 4619
f 4426 4619 4618
f 4427 4428 4620
f 4427 4620 4619
f 4428 4429 4621
f 4428 4621 4620
f 4429 4430 4622
f 4429 4622 4621
f 4430 4431 4623
f 4430 4623 4622
f 4431 4432 4624
f 4431 4624 4623
f 4432 4433 4625
f 4432 4625 4624
f 4433 4434 4626
f 4433 4626 4625
f 4434 4435 4627
f 4434 4627 4626
f 4435 4436 4628
f 4435 4628 4627
f 4436 4437 4629
f 4436 4629 4628
f 4437 4438 4630
f 4437 4630 4629
f 4438 4439 4631
f 4438 4631 4630
f 4439 4440 4632
f 4439 4632 4631
f 4440 4441 4633
f 4440 4633 4632
f 4441 4442 4634
f 4441 4634 4633
f 4442 4443 4635
f 4442 4635 4634
f 4443 4444 4636
f 4443 4636 4635
f 4444 4445 4637
f 4444 4637 4636
f 4445 4446 4638
f 4445 4638 4637
f 4446 4447 4639
f 4446 4639 4638
f 4447 4448 4640
f 4447 4640 4639
f 4448 4449 4641
f 4448 4641 4640
f 4449 4450 4642
f 4449 4642 4641
f 4450 4451 4643
f 4450 4643 4642
f 4451 4452 4644
f 4451 4644 4643
f 4452 4453 4645
f 4452 4645 4644
f 4453 4454 4646
f 4453 4646 4645
f 4454 4455 4647
f 4454 4647 4646
f 4455 4456 4648
f 4455 4648 4647
f 4456 4457 4649
f 4456 4649 4648
f 4457 4458 4650
f 4457 4650 4649
f 4458 4459 4651
f 4458 4651 4650
f 4459 4460 4652
f 4459 4652 4651
f 4460 4461 4653
f 4460 4653 4652
f 4461 4462 4654
f 4461 4654 4653
f 4462 4463 4655
f 4462 4655 4654
f 4463 4464 4656
f 4463 4656 4655
f 4464 4465 4657
f 4464 4657 4656
f 4465 4466 4658
f 4465 4658 4657
f 4466 4467 4659
f 4466 4659 4658
f 4467 4468 4660
f 4467 4660 4659
f 4468 4469 4661
f 4468 4661 4660
f 4469 4470 4662
f 4469 4662 4661
f 4470 4471 4663
f 4470 4663 4662
f 4471 4472 4664
f 4471 4664 4663
f 4472 4473 4665
f 4472 4665 4664
f 4473 4474 4666
f 4473 4666 4665
f 4474 4475 4667
f 4474 4667 4666
f 4475 4476 4668
f 4475 4668 4667
f 4476 4477 4669
f 4476 4669 4668
f 4477 4478 4670
f 4477 4670 4669
f 4478 4479 4671
f 4478 4671 4670
f 4479 4480 4672
f 4479 4672 4671
f 4480 4481 4673
f 4480 4673 4672
f 4481 4482 4674
f 4481 4674 4673
f 4482 4483 4675
f 4482 4675 4674
f 4483 4484 4676
f 4483 4676 4675
f 4484 4485 4677
f 4484 4677 4676
f 4485 4486 4678
f 4485 4678 4677
f 4486 4487 4679
f 4486 4679 4678
f 4487 4488 4680
f 4487 4680 4679
f 4488 4489 4681
f 4488 4681 4680
f 4489 4490 4682
f 4489 4682 4681
f 4490 4491 4683
f 4490 4683 4682
f 4491 4492 4684
f 4491 4684 4683
f 4492 4493 4685
f 4492 4685 4684
f 4493 4494 4686
f 4493 4686 4685
f 4494 4495 4687
f 4494 4687 4686
f 4495 4496 4688
f 4495 4688 4687
f 4496 4497 4689
f 4496 4689 4688
f 4497 4498 4690
f 4497 4690 4689
f 4498 4499 4691
f 4498 4691 4690
f 4499 4500 4692
f 4499 4692 4691
f 4500 4501 4693
f 4500 4693 4692
f 4501 4502 4694
f 4501 4694 4693
f 4502 4503 4695
f 4502 4695 4694
f 4503 4504 4696
f 4503 4696 4695
f 4504 4505 4697
f 4504 4697 4696
f 4505 4506 4698
f 4505 4698 4697
f 4506 4507 4699
f 4506 4699 4698
f 4507 4508 4700
f 4507 4700 4699
f 4508 4509 4701
f 4508 4701 4700
f 4509 4510 4702
f 4509 4702 4701
f 4510 4511 4703
f 4510 4703 4702
f 4511 4512 4704
f 4511 4704 4703
f 4512 4417 4609
f 4512 4609 4704
f 4513 4706 4514
f 4513 4705 4706
f 4514 4707 4515
f 4514 4706 4707
f 4515 4708 4516
f 4515 4707 4708
f 4516 4709 4517
f 4516 4708 4709
f 4517 4710 4518
f 4517 4709 4710
f 4518 4711 4519
f 4518 4710 4711
f 4519 4712 4520
f 4519 4711 4712
f 4520 4713 4521
f 4520 4712 4713
f 4521 4714 4522
f 4521 4713 4714
f 4522 4715 4523
f 4522 4714 4715
f 4523 4716 4524
f 4523 4715 4716
f 4524 4717 4525
f 4524 4716 4717
f 4525 4718 4526
f 4525 4717 4718
f 4526 4719 4527
f 4526 4718 4719
f 4527 4720 4528
f 4527 4719 4720
f 4528 4721 4529
f 4528 4720 4721
f 4529 4722 4530
f 4529 4721 4722
f 4530 4723 4531
f 4530 4722 4723
f 4531 4724 4532
f 4531 4723 4724
f 4532 4725 4533
f 4532 4724 4725
f 4533 4726 4534
f 4533 4725 4726
f 4534 4727 4535
f 4534 4726 4727
f 4535 4728 4536
f 4535 4727 4728
f 4536 4729 4537
f 4536 4728 4729
f 4537 4730 4538
f 4537 4729 4730
f 4538 4731 4539
f 4538 4730 4731
f 4539 4732 4540
f 4539 4731 4732
f 4540 4733 4541
f 4540 4732 4733
f 4541 4734 4542
f 4541 4733 4734
f 4542 4735 4543
f 4542 4734 4735
f 4543 4736 4544
f 4543 4735 4736
f 4544 4737 4545
f 4544 4736 4737
f 4545 4738 4546
f 4545 4737 4738
f 4546 4739 4547
f 4546 4738 4739
f 4547 4740 4548
f 4547 4739 4740
f 4548 4741 4549
f 4548 4740 4741
f 4549 4742 4550
f 4549 4741 4742
f 4550 4743 4551
f 4550 4742 4743
f 4551 4744 4552
f 4551 4743 4744
f 4552 4745 4553
f 4552 4744 4745
f 4553 4746 4554
f 4553 4745 4746
f 4554 4747 4555
f 4554 4746 4747
f 4555 4748 4556
f 4555 4747 4748
f 4556 4749 4557
f 4556 4748 4749
f 4557 4750 4558
f 4557 4749 4750
f 4558 4751 4559
f 4558 4750 4751
f 4559 4752 4560
f 4559 4751 4752
f 4560 4753 4561
f 4560 4752 4753
f 4561 4754 4562
f 4561 4753 4754
f 4562 4755 4563
f 4562 4754 4755
f 4563 4756 4564
f 4563 4755 4756
f 4564 4757 4565
f 4564 4756 4757
f 4565 4758 4566
f 4565 4757 4758
f 4566 4759 4567
f 4566 4758 4759
f 4567 4760 4568
f 4567 4759 4760
f 4568 4761 4569
f 4568 4760 4761
f 4569 4762 4570
f 4569 4761 4762
f 4570 4763 4571
f 4570 4762 4763
f 4571 4764 4572
f 4571 4763 4764
f 4572 4765 4573
f 4572 4764 4765
f 4573 4766 4574
f 4573 4765 4766
f 4574 4767 4575
f 4574 4766 4767
f 4575 4768 4576
f 4575 4767 4768
f 4576 4769 4577
f 4576 4768 4769
f 4577 4770 4578
f 4577 4769 4770
f 4578 4771 4579
f 4578 4770 4771
f 4579 4772 4580
f 4579 4771 4772
f 4580 4773 4581
f 4580 4772 4773
f 4581 4774 4582
f 4581 4773 4774
f 4582 4775 4583
f 4582 4774 4775
f 4583 4776 4584
f 4583 4775 4776
f 4584 4777 4585
f 4584 4776 4777
f 4585 4778 4586
f 4585 4777 4778
f 4586 4779 4587
f 4586 4778 4779
f 4587 4780 4588
f 4587 4779 4780
f 4588 4781 4589
f 4588 4780 4781
f 4589 4782 4590
f 4589 4781 4782
f 4590 4783 4591
f 4590 4782 4783
f 4591 4784 4592
f 4591 4783 4784
f 4592 4785 4593
f 4592 4784 4785
f 4593 4786 4594
f 4593 4785 4786
f 4594 4787 4595
f 4594 4786 4787
f 4595 4788 4596
f 4595 4787 4788
f 4596 4789 4597
f 4596 4788 4789
f 4597 4790 4598
f 4597 4789 4790
f 4598 4791 4599
f 4598 4790 4791
f 4599 4792 4600
f 4599 4791 4792
f 4600 4793 4601
f 4600 4792 4793
f 4601 4794 4602
f 4601 4793 4794
f 4602 4795 4603
f 4602 4794 4795
f 4603 4796 4604
f 4603 4795 4796
f 4604 4797 4605
f 4604 4796 4797
f 4605 4798 4606
f 4605 4797 4798
f 4606 4799 4607
f 4606 4798 4799
f 4607 4800 4608
f 4607 4799 4800
f 4608 4705 4513
f 4608 4800 4705
f 4609 4610 4802
f 4609 4802 4801
f 4610 4611 4803
f 4610 4803 4802
f 4611 4612 4804
f 4611 4804 4803
f 4612 4613 4805
f 4612 4805 4804
f 4613 4614 4806
f 4613 4806 4805
f 4614 4615 4807
f 4614 4807 4806
f 4615 4616 4808
f 4615 4808 4807
f 4616 4617 4809
f 4616 4809 4808
f 4617 4618 4810
f 4617 4810 4809
f 4618 4619 4811
f 4618 4811 4810
f 4619 4620 4812
f 4619 4812 4811
f 4620 4621 4813
f 4620 4813 4812
f 4621 4622 4814
f 4621 4814 4813
f 4622 4623 4815
f 4622 4815 4814
f 4623 4624 4816
f 4623 4816 4815
f 4624 4625 4817
f 4624 4817 4816
f 4625 4626 4818
f 4625 4818 4817
f 4626 4627 4819
f 4626 4819 4818
f 4627 4628 4820
f 4627 4820 4819
f 4628 4629 4821
f 4628 4821 4820
f 4629 4630 4822
f 4629 4822 4821
f 4630 4631 4823
f 4630 4823 4822
f 4631 4632 4824
f 4631 4824 4823
f 4632 4633 4825
f 4632 4825 4824
f 4633 4634 4826
f 4633 4826 4825
f 4634 4635 4827
f 4634 4827 4826
f 4635 4636 4828
f 4635 4828 4827
f 4636 4637 4829
f 4636 4829 4828
f 4637 4638 4830
f 4637 4830 4829
f 4638 4639 4831
f 4638 4831 4830
f 4639 4640 4832
f 4639 4832 4831
f 4640 4641 4833
f 4640 4833 4832
f 4641 4642 4834
f 4641 4834 4833
f 4642 4643 4835
f 4642 4835 4834
f 4643 4644 4836
f 4643 4836 4835
f 4644 4645 4837
f 4644 4837 4836
f 4645 4646 4838
f 4645 4838 4837
f 4646 4647 4839
f 4646 4839 4838
f 4647 4648 4840
f 4647 4840 4839
f 4648 4649 4841
f 4648 4841 4840
f 4649 4650 4842
f 4649 4842 4841
f 4650 4651 4843
f 4650 4843 4842
f 4651 4652 4844
f 4651 4844 4843
f 4652 4653 4845
f 4652 4845 4844
f 4653 4654 4846
f 4653 4846 4845
f 4654 4655 4847
f 4654 4847 4846
f 4655 4656 4848
f 4655 4848 4847
f 4656 4657 4849
f 4656 4849 4848
f 4657 4658 4850
f 4657 4850 4849
f 4658 4659 4851
f 4658 4851 4850
f 4659 4660 4852
f 4659 4852 4851
f 4660 4661 4853
f 4660 4853 4852
f 4661 4662 4854
f 4661 4854 4853
f 4662 4663 4855
f 4662 4855 4854
f 4663 4664 4856
f 4663 4856 4855
f 4664 4665 4857
f 4664 4857 4856
f 4665 4666 4858
f 4665 4858 4857
f 4666 4667 4859
f 4666 4859 4858
f 4667 4668 4860
f 4667 4860 4859
f 4668 4669 4861
f 4668 4861 4860
f 4669 4670 4862
f 4669 4862 4861
f 4670 4671 4863
f 4670 4863 4862
f 4671 4672 4864
f 4671 4864 4863
f 4672 4673 4865
f 4672 4865 4864
f 4673 4674 4866
f 4673 4866 4865
f 4674 4675 4867
f 4674 4867 4866
f 4675 4676 4868
f 4675 4868 4867
f 4676 4677 4869
f 4676 4869 4868
f 4677 4678 4870
f 4677 4870 4869
f 4678 4679 4871
f 4678 4871 4870
f 4679 4680 4872
f 4679 4872 4871
f 4680 4681 4873
f 4680 4873 4872
f 4681 4682 4874
f 4681 4874 4873
f 4682 4683 4875
f 4682 4875 4874
f 4683 4684 4876
f 4683 4876 4875
f 4684 4685 4877
f 4684 4877 4876
f 4685 4686 4878
f 4685 4878 4877
f 4686 4687 4879
f 4686 4879 4878
f 4687 4688 4880
f 4687 4880 4879
f 4688 4689 4881
f 4688 4881 4880
f 4689 4690 4882
f 4689 4882 4881
f 4690 4691 4883
f 4690 4883 4882
f 4691 4692 4884
f 4691 4884 4883
f 4692 4693 4885
f 4692 4885 4884
f 4693 4694 4886
f 4693 4886 4885
f 4694 4695 4887
f 4694 4887 4886
f 4695 4696 4888
f 4695 4888 4887
f 4696 4697 4889
f 4696 4889 4888
f 4697 4698 4890
f 4697 4890 4889
f 4698 4699 4891
f 4698 4891 4890
f 4699 4700 4892
f 4699 4892 4891
f 4700 4701 4893
f 4700 4893 4892
f 4701 4702 4894
f 4701 4894 4893
f 4702 4703 4895
f 4702 4895 4894
f 4703 4704 4896
f 4703 4896 4895
f 4704 4609 4801
f 4704 4801 4896
f 4705 4898 4706
f 4705 4897 4898
f 4706 4899 4707
f 4706 4898 4899
f 4707 4900 4708
f 4707 4899 4900
f 4708 4901 4709
f 4708 4900 4901
f 4709 4902 4710
f 4709 4901 4902
f 4710 4903 4711
f 4710 4902 4903
f 4711 4904 4712
f 4711 4903 4904
f 4712 4905 4713
f 4712 4904 4905
f 4713 4906 4714
f 4713 4905 4906
f 4714 4907 4715
f 4714 4906 4907
f 4715 4908 4716
f 4715 4907 4908
f 4716 4909 4717
f 4716 4908 4909
f 4717 4910 4718
f 4717 4909 4910
f 4718 4911 4719
f 4718 4910 4911
f 4719 4912 4720
f 4719 4911 4912
f 4720 4913 4721
f 4720 4912 4913
f 4721 4914 4722
f 4721 4913 4914
f 4722 4915 4723
f 4722 4914 4915
f 4723 4916 4724
f 4723 4915 4916
f 4724 4917 4725
f 4724 4916 4917
f 4725 4918 4726
f 4725 4917 4918
f 4726 4919 4727
f 4726 4918 4919
f 4727 4920 4728
f 4727 4919 4920
f 4728 4921 4729
f 4728 4920 4921
f 4729 4922 4730
f 4729 4921 4922
f 4730 4923 4731
f 4730 4922 4923
f 4731 4924 4732
f 4731 4923 4924
f 4732 4925 4733
f 4732 4924 4925
f 4733 4926 4734
f 4733 4925 4926
f 4734 4927 4735
f 4734 4926 4927
f 4735 4928 4736
f 4735 4927 4928
f 4736 4929 4737
f 4736 4928 4929
f 4737 4930 4738
f 4737 4929 4930
f 4738 4931 4739
f 4738 4930 4931
f 4739 4932 4740
f 4739 4931 4932
f 4740 4933 4741
f 4740 4932 4933
f 4741 4934 4742
f 4741 4933 4934
f 4742 4935 4743
f 4742 4934 4935
f 4743 4936 4744
f 4743 4935 4936
f 4744 4937 4745
f 4744 4936 4937
f 4745 4938 4746
f 4745 4937 4938
f 4746 4939 4747
f 4746 4938 4939
f 4747 4940 4748
f 4747 4939 4940
f 4748 4941 4749
f 4748 4940 4941
f 4749 4942 4750
f 4749 4941 4942
f 4750 4943 4751
f 4750 4942 4943
f 4751 4944 4752
f 4751 4943 4944
f 4752 4945 4753
f 4752 4944 4945
f 4753 4946 4754
f 4753 4945 4946
f 4754 4947 4755
f 4754 4946 4947
f 4755 4948 4756
f 4755 4947 4948
f 4756 4949 4757
f 4756 4948 4949
f 4757 4950 4758
f 4757 4949 4950
f 4758 4951 4759
f 4758 4950 4951
f 4759 4952 4760
f 4759 4951 4952
f 4760 4953 4761
f 4760 4952 4953
f 4761 4954 4762
f 4761 4953 4954
f 4762 4955 4763
f 4762 4954 4955
f 4763 4956 4764
f 4763 4955 4956
f 4764 4957 4765
f 4764 4956 4957
f 4765 4958 4766
f 4765 4957 4958
f 4766 4959 4767
f 4766 4958 4959
f 4767 4960 4768
f 4767 4959 4960
f 4768 4961 4769
f 4768 4960 4961
f 4769 4962 4770
f 4769 4961 4962
f 4770 4963 4771
f 4770 4962 4963
f 4771 4964 4772
f 4771 4963 4964
f 4772 4965 4773
f 4772 4964 4965
f 4773 4966 4774
f 4773 4965 4966
f 4774 4967 4775
f 4774 4966 4967
f 4775 4968 4776
f 4775 4967 4968
f 4776 4969 4777
f 4776 4968 4969
f 4777 4970 4778
f 4777 4969 4970
f 4778 4971 4779
f 4778 4970 4971
f 4779 4972 4780
f 4779 4971 4972
f 4780 4973 4781
f 4780 4972 4973
f 4781 4974 4782
f 4781 4973 4974
f 4782 4975 4783
f 4782 4974 4975
f 4783 4976 4784
f 4783 4975 4976
f 4784 4977 4785
f 4784 4976 4977
f 4785 4978 4786
f 4785 4977 4978
f 4786 4979 4787
f 4786 4978 4979
f 4787 4980 4788
f 4787 4979 4980
f 4788 4981 4789
f 4788 4980 4981
f 4789 4982 4790
f 4789 4981 4982
f 4790 4983 4791
f 4790 4982 4983
f 4791 4984 4792
f 4791 4983 4984
f 4792 4985 4793
f 4792 4984 4985
f 4793 4986 4794
f 4793 4985 4986
f 4794 4987 4795
f 4794 4986 4987
f 4795 4988 4796
f 4795 4987 4988
f 4796 4989 4797
f 4796 4988 4989
f 4797 4990 4798
f 4797 4989 4990
f 4798 4991 4799
f 4798 4990 4991
f 4799 4992 4800
f 4799 4991 4992
f 4800 4897 4705
f 4800 4992 4897
f 4801 4802 4994
f 4801 4994 4993
f 4802 4803 4995
f 4802 4995 4994
f 4803 4804 4996
f 4803 4996 4995
f 4804 4805 4997
f 4804 4997 4996
f 4805 4806 4998
f 4805 4998 4997
f 4806 4807 4999
f 4806 4999 4998
f 4807 4808 5000
f 4807 5000 4999
f 4808 4809 5001
f 4808 5001 5000
f 4809 4810 5002
f 4809 5002 5001
f 4810 4811 5003
f 4810 5003 5002
f 4811 4812 5004
f 4811 5004 5003
f 4812 4813 5005
f 4812 5005 5004
f 4813 4814 5006
f 4813 5006 5005
f 4814 4815 5007
f 4814 5007 5006
f 4815 4816 5008
f 4815 5008 5007
f 4816 4817 5009
f 4816 5009 5008
f 4817 4818 5010
f 4817 5010 5009
f 4818 4819 5011
f 4818 5011 5010
f 4819 4820 5012
f 4819 5012 5011
f 4820 4821 5013
f 4820 5013 5012
f 4821 4822 5014
f 4821 5014 5013
f 4822 4823 5015
f 4822 5015 5014
f 4823 4824 5016
f 4823 5016 5015
f 4824 4825 5017
f 4824 5017 5016
f 4825 4826 5018
f 4825 5018 5017
f 4826 4827 5019
f 4826 5019 5018
f 4827 4828 5020
f 4827 5020 5019
f 4828 4829 5021
f 4828 5021 5020
f 4829 4830 5022
f 4829 5022 5021
f 4830 4831 5023
f 4830 5023 5022
f 4831 4832 5024
f 4831 5024 5023
f 4832 4833 5025
f 4832 5025 5024
f 4833 4834 5026
f 4833 5026 5025
f 4834 4835 5027
f 4834 5027 5026
f 4835 4836 5028
f 4835 5028 5027
f 4836 4837 5029
f 4836 5029 5028
f 4837 4838 5030
f 4837 5030 5029
f 4838 4839 5031
f 4838 5031 5030
f 4839 4840 5032
f 4839 5032 5031
f 4840 4841 5033
f 4840 5033 5032
f 4841 4842 5034
f 4841 5034 5033
f 4842 4843 5035
f 4842 5035 5034
f 4843 4844 5036
f 4843 5036 5035
f 4844 4845 5037
f 4844 5037 5036
f 4845 4846 5038
f 4845 5038 5037
f 4846 4847 5039
f 4846 5039 5038
f 4847 4848 5040
f 4847 5040 5039
f 4848 4849 5041
f 4848 5041 5040
f 4849 4850 5042
f 4849 5042 5041
f 4850 4851 5043
f 4850 5043 5042
f 4851 4852 5044
f 4851 5044 5043
f 4852 4853 5045
f 4852 5045 5044
f 4853 4854 5046
f 4853 5046 5045
f 4854 4855 5047
f 4854 5047 5046
f 4855 4856 5048
f 4855 5048 5047
f 4856 4857 5049
f 4856 5049 5048
f 4857 4858 5050
f 4857 5050 5049
f 4858 4859 5051
f 4858 5051 5050
f 4859 4860 5052
f 4859 5052 5051
f 4860 4861 5053
f 4860 5053 5052
f 4861 4862 5054
f 4861 5054 5053
f 4862 4863 5055
f 4862 5055 5054
f 4863 4864 5056
f 4863 5056 5055
f 4864 4865 5057
f 4864 5057 5056
f 4865 4866 5058
f 4865 5058 5057
f 4866 4867 5059
f 4866 5059 5058
f 4867 4868 5060
f 4867 5060 5059
f 4868 4869 5061
f 4868 5061 5060
f 4869 4870 5062
f 4869 5062 5061
f 4870 4871 5063
f 4870 5063 5062
f 4871 4872 5064
f 4871 5064 5063
f 4872 4873 5065
f 4872 5065 5064
f 4873 4874 5066
f 4873 5066 5065
f 4874 4875 5067
f 4874 5067 5066
f 4875 4876 5068
f 4875 5068 5067
f 4876 4877 5069
f 4876 5069 5068
f 4877 4878 5070
f 4877 5070 5069
f 4878 4879 5071
f 4878 5071 5070
f 4879 4880 5072
f 4879 5072 5071
f 4880 4881 5073
f 4880 5073 5072
f 4881 4882 5074
f 4881 5074 5073
f 4882 4883 5075
f 4882 5075 5074
f 4883 4884 5076
f 4883 5076 5075
f 4884 4885 5077
f 4884 5077 5076
f 4885 4886 5078
f 4885 5078 5077
f 4886 4887 5079
f 4886 5079 5078
f 4887 4888 5080
f 4887 5080 5079
f 4888 4889 5081
f 4888 5081 5080
f 4889 4890 5082
f 4889 5082 5081
f 4890 4891 5083
f 4890 5083 5082
f 4891 4892 5084
f 4891 5084 5083
f 4892 4893 5085
f 4892 5085 5084
f 4893 4894 5086
f 4893 5086 5085
f 4894 4895 5087
f 4894 5087 5086
f 4895 4896 5088
f 4895 5088 5087
f 4896 4801 4993
f 4896 4993 5088
f 4897 5090 4898
f 4897 5089 5090
f 4898 5091 4899
f 4898 5090 5091
f 4899 5092 4900
f 4899 5091 5092
f 4900 5093 4901
f 4900 5092 5093
f 4901 5094 4902
f 4901 5093 5094
f 4902 5095 4903
f 4902 5094 5095
f 4903 5096 4904
f 4903 5095 5096
f 4904 5097 4905
f 4904 5096 5097
f 4905 5098 4906
f 4905 5097 5098
f 4906 5099 4907
f 4906 5098 5099
f 4907 5100 4908
f 4907 5099 5100
f 4908 5101 4909
f 4908 5100 5101
f 4909 5102 4910
f 4909 5101 5102
f 4910 5103 4911
f 4910 5102 5103
f 4911 5104 4912
f 4911 5103 5104
f 4912 5105 4913
f 4912 5104 5105
f 4913 5106 4914
f 4913 5105 5106
f 4914 5107 4915
f 4914 5106 5107
f 4915 5108 4916
f 4915 5107 5108
f 4916 5109 4917
f 4916 5108 5109
f 4917 5110 4918
f 4917 5109 5110
f 4918 5111 4919
f 4918 5110 5111
f 4919 5112 4920
f 4919 5111 5112
f 4920 5113 4921
f 4920 5112 5113
f 4921 5114 4922
f 4921 5113 5114
f 4922 5115 4923
f 4922 5114 5115
f 4923 5116 4924
f 4923 5115 5116
f 4924 5117 4925
f 4924 5116 5117
f 4925 5118 4926
f 4925 5117 5118
f 4926 5119 4927
f 4926 5118 5119
f 4927 5120 4928
f 4927 5119 5120
f 4928 5121 4929
f 4928 5120 5121
f 4929 5122 4930
f 4929 5121 5122
f 4930 5123 4931
f 4930 5122 5123
f 4931 5124 4932
f 4931 5123 5124
f 4932 5125 4933
f 4932 5124 5125
f 4933 5126 4934
f 4933 5125 5126
f 4934 5127 4935
f 4934 5126 5127
f 4935 5128 4936
f 4935 5127 5128
f 4936 5129 4937
f 4936 5128 5129
f 4937 5130 4938
f 4937 5129 5130
f 4938 5131 4939
f 4938 5130 5131
f 4939 5132 4940
f 4939 5131 5132
f 4940 5133 4941
f 4940 5132 5133
f 4941 5134 4942
f 4941 5133 5134
f 4942 5135 4943
f 4942 5134 5135
f 4943 5136 4944
f 4943 5135 5136
f 4944 5137 4945
f 4944 5136 5137
f 4945 5138 4946
f 4945 5137 5138
f 4946 5139 4947
f 4946 5138 5139
f 4947 5140 4948
f 4947 5139 5140
f 4948 5141 4949
f 4948 5140 5141
f 4949 5142 4950
f 4949 5141 5142
f 4950 5143 4951
f 4950 5142 5143
f 4951 5144 4952
f 4951 5143 5144
f 4952 5145 4953
f 4952 5144 5145
f 4953 5146 4954
f 4953 5145 5146
f 4954 5147 4955
f 4954 5146 5147
f 4955 5148 4956
f 4955 5147 5148
f 4956 5149 4957
f 4956 5148 5149
f 4957 5150 4958
f 4957 5149 5150
f 4958 5151 4959
f 4958 5150 5151
f 4959 5152 4960
f 4959 5151 5152
f 4960 5153 4961
f 4960 5152 5153
f 4961 5154 4962
f 4961 5153 5154
f 4962 5155 4963
f 4962 5154 5155
f 4963 5156 4964
f 4963 5155 5156
f 4964 5157 4965
f 4964 5156 5157
f 4965 5158 4966
f 4965 5157 5158
f 4966 5159 4967
f 4966 5158 5159
f 4967 5160 4968
f 4967 5159 5160
f 4968 5161 4969
f 4968 5160 5161
f 4969 5162 4970
f 4969 5161 5162
f 4970 5163 4971
f 4970 5162 5163
f 4971 5164 4972
f 4971 5163 5164
f 4972 5165 4973
f 4972 5164 5165
f 4973 5166 4974
f 4973 5165 5166
f 4974 5167 4975
f 4974 5166 5167
f 4975 5168 4976
f 4975 5167 5168
f 4976 5169 4977
f 4976 5168 5169
f 4977 5170 4978
f 4977 5169 5170
f 4978 5171 4979
f 4978 5170 5171
f 4979 5172 4980
f 4979 5171 5172
f 4980 5173 4981
f 4980 5172 5173
f 4981 5174 4982
f 4981 5173 5174
f 4982 5175 4983
f 4982 5174 5175
f 4983 5176 4984
f 4983 5175 5176
f 4984 5177 4985
f 4984 5176 5177
f 4985 5178 4986
f 4985 5177 5178
f 4986 5179 4987
f 4986 5178 5179
f 4987 5180 4988
f 4987 5179 5180
f 4988 5181 4989
f 4988 5180 5181
f 4989 5182 4990
f 4989 5181 5182
f 4990 5183 4991
f 4990 5182 5183
f 4991 5184 4992
f 4991 5183 5184
f 4992 5089 4897
f 4992 5184 5089
f 4993 4994 5186
f 4993 5186 5185
f 4994 4995 5187
f 4994 5187 5186
f 4995 4996 5188
f 4995 5188 5187
f 4996 4997 5189
f 4996 5189 5188
f 4997 4998 5190
f 4997 5190 5189
f 4998 4999 5191
f 4998 5191 5190
f 4999 5000 5192
f 4999 5192 5191
f 5000 5001 5193
f 5000 5193 5192
f 5001 5002 5194
f 5001 5194 5193
f 5002 5003 5195
f 5002 5195 5194
f 5003 5004 5196
f 5003 5196 5195
f 5004 5005 5197
f 5004 5197 5196
f 5005 5006 5198
f 5005 5198 5197
f 5006 5007 5199
f 5006 5199 5198
f 5007 5008 5200
f 5007 5200 5199
f 5008 5009 5201
f 5008 5201 5200
f 5009 5010 5202
f 5009 5202 5201
f 5010 5011 5203
f 5010 5203 5202
f 5011 5012 5204
f 5011 5204 5203
f 5012 5013 5205
f 5012 5205 5204
f 5013 5014 5206
f 5013 5206 5205
f 5014 5015 5207
f 5014 5207 5206
f 5015 5016 5208
f 5015 5208 5207
f 5016 5017 5209
f 5016 5209 5208
f 5017 5018 5210
f 5017 5210 5209
f 5018 5019 5211
f 5018 5211 5210
f 5019 5020 5212
f 5019 5212 5211
f 5020 5021 5213
f 5020 5213 5212
f 5021 5022 5214
f 5021 5214 5213
f 5022 5023 5215
f 5022 5215 5214
f 5023 5024 5216
f 5023 5216 5215
f 5024 5025 5217
f 5024 5217 5216
f 5025 5026 5218
f 5025 5218 5217
f 5026 5027 5219
f 5026 5219 5218
f 5027 5028 5220
f 5027 5220 5219
f 5028 5029 5221
f 5028 5221 5220
f 5029 5030 5222
f 5029 5222 5221
f 5030 5031 5223
f 5030 5223 5222
f 5031 5032 5224
f 5031 5224 5223
f 5032 5033 5225
f 5032 5225 5224
f 5033 5034 5226
f 5033 5226 5225
f 5034 5035 5227
f 5034 5227 5226
f 5035 5036 5228
f 5035 5228 5227
f 5036 5037 5229
f 5036 5229 5228
f 5037 5038 5230
f 5037 5230 5229
f 5038 5039 5231
f 5038 5231 5230
f 5039 5040 5232
f 5039 5232 5231
f 5040 5041 5233
f 5040 5233 5232
f 5041 5042 5234
f 5041 5234 5233
f 5042 5043 5235
f 5042 5235 5234
f 5043 5044 5236
f 5043 5236 5235
f 5044 5045 5237
f 5044 5237 5236
f 5045 5046 5238
f 5045 5238 5237
f 5046 5047 5239
f 5046 5239 5238
f 5047 5048 5240
f 5047 5240 5239
f 5048 5049 5241
f 5048 5241 5240
f 5049 5050 5242
f 5049 5242 5241
f 5050 5051 5243
f 5050 5243 5242
f 5051 5052 5244
f 5051 5244 5243
f 5052 5053 5245
f 5052 5245 5244
f 5053 5054 5246
f 5053 5246 5245
f 5054 5055 5247
f 5054 5247 5246
f 5055 5056 5248
f 5055 5248 5247
f 5056 5057 5249
f 5056 5249 5248
f 5057 5058 5250
f 5057 5250 5249
f 5058 5059 5251
f 5058 5251 5250
f 5059 5060 5252
f 5059 5252 5251
f 5060 5061 5253
f 5060 5253 5252
f 5061 5062 5254
f 5061 5254 5253
f 5062 5063 5255
f 5062 5255 5254
f 5063 5064 5256
f 5063 5256 5255
f 5064 5065 5257
f 5064 5257 5256
f 5065 5066 5258
f 5065 5258 5257
f 5066 5067 5259
f 5066 5259 5258
f 5067 5068 5260
f 5067 5260 5259
f 5068 5069 5261
f 5068 5261 5260
f 5069 5070 5262
f 5069 5262 5261
f 5070 5071 5263
f 5070 5263 5262
f 5071 5072 5264
f 5071 5264 5263
f 5072 5073 5265
f 5072 5265 5264
f 5073 5074 5266
f 5073 5266 5265
f 5074 5075 5267
f 5074 5267 5266
f 5075 5076 5268
f 5075 5268 5267
f 5076 5077 5269
f 5076 5269 5268
f 5077 5078 5270
f 5077 5270 5269
f 5078 5079 5271
f 5078 5271 5270
f 5079 5080 5272
f 5079 5272 5271
f 5080 5081 5273
f 5080 5273 5272
f 5081 5082 5274
f 5081 5274 5273
f 5082 5083 5275
f 5082 5275 5274
f 5083 5084 5276
f 5083 5276 5275
f 5084 5085 5277
f 5084 5277 5276
f 5085 5086 5278
f 5085 5278 5277
f 5086 5087 5279
f 5086 5279 5278
f 5087 5088 5280
f 5087 5280 5279
f 5088 4993 5185
f 5088 5185 5280
f 5089 5282 5090
f 5089 5281 5282
f 5090 5283 5091
f 5090 5282 5283
f 5091 5284 5092
f 5091 5283 5284
f 5092 5285 5093
f 5092 5284 5285
f 5093 5286 5094
f 5093 5285 5286
f 5094 5287 5095
f 5094 5286 5287
f 5095 5288 5096
f 5095 5287 5288
f 5096 5289 5097
f 5096 5288 5289
f 5097 5290 5098
f 5097 5289 5290
f 5098 5291 5099
f 5098 5290 5291
f 5099 5292 5100
f 5099 5291 5292
f 5100 5293 5101
f 5100 5292 5293
f 5101 5294 5102
f 5101 5293 5294
f 5102 5295 5103
f 5102 5294 5295
f 5103 5296 5104
f 5103 5295 5296
f 5104 5297 5105
f 5104 5296 5297
f 5105 5298 5106
f 5105 5297 5298
f 5106 5299 5107
f 5106 5298 5299
f 5107 5300 5108
f 5107 5299 5300
f 5108 5301 5109
f 5108 5300 5301
f 5109 5302 5110
f 5109 5301 5302
f 5110 5303 5111
f 5110 5302 5303
f 5111 5304 5112
f 5111 5303 5304
f 5112 5305 5113
f 5112 5304 5305
f 5113 5306 5114
f 5113 5305 5306
f 5114 5307 5115
f 5114 5306 5307
f 5115 5308 5116
f 5115 5307 5308
f 5116 5309 5117
f 5116 5308 5309
f 5117 5310 5118
f 5117 5309 5310
f 5118 5311 5119
f 5118 5310 5311
f 5119 5312 5120
f 5119 5311 5312
f 5120 5313 5121
f 5120 5312 5313
f 5121 5314 5122
f 5121 5313 5314
f 5122 5315 5123
f 5122 5314 5315
f 5123 5316 5124
f 5123 5315 5316
f 5124 5317 5125
f 5124 5316 5317
f 5125 5318 5126
f 5125 5317 5318
f 5126 5319 5127
f 5126 5318 5319
f 5127 5320 5128
f 5127 5319 5320
f 5128 5321 5129
f 5128 5320 5321
f 5129 5322 5130
f 5129 5321 5322
f 5130 5323 5131
f 5130 5322 5323
f 5131 5324 5132
f 5131 5323 5324
f 5132 5325 5133
f 5132 5324 5325
f 5133 5326 5134
f 5133 5325 5326
f 5134 5327 5135
f 5134 5326 5327
f 5135 5328 5136
f 5135 5327 5328
f 5136 5329 5137
f 5136 5328 5329
f 5137 5330 5138
f 5137 5329 5330
f 5138 5331 5139
f 5138 5330 5331
f 5139 5332 5140
f 5139 5331 5332
f 5140 5333 5141
f 5140 5332 5333
f 5141 5334 5142
f 5141 5333 5334
f 5142 5335 5143
f 5142 5334 5335
f 5143 5336 5144
f 5143 5335 5336
f 5144 5337 5145
f 5144 5336 5337
f 5145 5338 5146
f 5145 5337 5338
f 5146 5339 5147
f 5146 5338 5339
f 5147 5340 5148
f 5147 5339 5340
f 5148 5341 5149
f 5148 5340 5341
f 5149 5342 5150
f 5149 5341 5342
f 5150 5343 5151
f 5150 5342 5343
f 5151 5344 5152
f 5151 5343 5344
f 5152 5345 5153
f 5152 5344 5345
f 5153 5346 5154
f 5153 5345 5346
f 5154 5347 5155
f 5154 5346 5347
f 5155 5348 5156
f 5155 5347 5348
f 5156 5349 5157
f 5156 5348 5349
f 5157 5350 5158
f 5157 5349 5350
f 5158 5351 5159
f 5158 5350 5351
f 5159 5352 5160
f 5159 5351 5352
f 5160 5353 5161
f 5160 5352 5353
f 5161 5354 5162
f 5161 5353 5354
f 5162 5355 5163
f 5162 5354 5355
f 5163 5356 5164
f 5163 5355 5356
f 5164 5357 5165
f 5164 5356 5357
f 5165 5358 5166
f 5165 5357 5358
f 5166 5359 5167
f 5166 5358 5359
f 5167 5360 5168
f 5167 5359 5360
f 5168 5361 5169
f 5168 5360 5361
f 5169 5362 5170
f 5169 5361 5362
f 5170 5363 5171
f 5170 5362 5363
f 5171 5364 5172
f 5171 5363 5364
f 5172 5365 5173
f 5172 5364 5365
f 5173 5366 5174
f 5173 5365 5366
f 5174 5367 5175
f 5174 5366 5367
f 5175 5368 5176
f 5175 5367 5368
f 5176 5369 5177
f 5176 5368 5369
f 5177 5370 5178
f 5177 5369 5370
f 5178 5371 5179
f 5178 5370 5371
f 5179 5372 5180
f 5179 5371 5372
f 5180 5373 5181
f 5180 5372 5373
f 5181 5374 5182
f 5181 5373 5374
f 5182 5375 5183
f 5182 5374 5375
f 5183 5376 5184
f 5183 5375 5376
f 5184 5281 5089
f 5184 5376 5281
f 5185 5186 5378
f 5185 5378 5377
f 5186 5187 5379
f 5186 5379 5378
f 5187 5188 5380
f 5187 5380 5379
f 5188 5189 5381
f 5188 5381 5380
f 5189 5190 5382
f 5189 5382 5381
f 5190 5191 5383
f 5190 5383 5382
f 5191 5192 5384
f 5191 5384 5383
f 5192 5193 5385
f 5192 5385 5384
f 5193 5194 5386
f 5193 5386 5385
f 5194 5195 5387
f 5194 5387 5386
f 5195 5196 5388
f 5195 5388 5387
f 5196 5197 5389
f 5196 5389 5388
f 5197 5198 5390
f 5197 5390 5389
f 5198 5199 5391
f 5198 5391 5390
f 5199 5200 5392
f 5199 5392 5391
f 5200 5201 5393
f 5200 5393 5392
f 5201 5202 5394
f 5201 5394 5393
f 5202 5203 5395
f 5202 5395 5394
f 5203 5204 5396
f 5203 5396 5395
f 5204 5205 5397
f 5204 5397 5396
f 5205 5206 5398
f 5205 5398 5397
f 5206 5207 5399
f 5206 5399 5398
f 5207 5208 5400
f 5207 5400 5399
f 5208 5209 5401
f 5208 5401 5400
f 5209 5210 5402
f 5209 5402 5401
f 5210 5211 5403
f 5210 5403 5402
f 5211 5212 5404
f 5211 5404 5403
f 5212 5213 5405
f 5212 5405 5404
f 5213 5214 5406
f 5213 5406 5405
f 5214 5215 5407
f 5214 5407 5406
f 5215 5216 5408
f 5215 5408 5407
f 5216 5217 5409
f 5216 5409 5408
f 5217 5218 5410
f 5217 5410 5409
f 5218 5219 5411
f 5218 5411 5410
f 5219 5220 5412
f 5219 5412 5411
f 5220 5221 5413
f 5220 5413 5412
f 5221 5222 5414
f 5221 5414 5413
f 5222 5223 5415
f 5222 5415 5414
f 5223 5224 5416
f 5223 5416 5415
f 5224 5225 5417
f 5224 5417 5416
f 5225 5226 5418
f 5225 5418 5417
f 5226 5227 5419
f 5226 5419 5418
f 5227 5228 5420
f 5227 5420 5419
f 5228 5229 5421
f 5228 5421 5420
f 5229 5230 5422
f 5229 5422 5421
f 5230 5231 5423
f 5230 5423 5422
f 5231 5232 5424
f 5231 5424 5423
f 5232 5233 5425
f 5232 5425 5424
f 5233 5234 5426
f 5233 5426 5425
f 5234 5235 5427
f 5234 5427 5426
f 5235 5236 5428
f 5235 5428 5427
f 5236 5237 5429
f 5236 5429 5428
f 5237 5238 5430
f 5237 5430 5429
f 5238 5239 5431
f 5238 5431 5430
f 5239 5240 5432
f 5239 5432 5431
f 5240 5241 5433
f 5240 5433 5432
f 5241 5242 5434
f 5241 5434 5433
f 5242 5243 5435
f 5242 5435 5434
f 5243 5244 5436
f 5243 5436 5435
f 5244 5245 5437
f 5244 5437 5436
f 5245 5246 5438
f 5245 5438 5437
f 5246 5247 5439
f 5246 5439 5438
f 5247 5248 5440
f 5247 5440 5439
f 5248 5249 5441
f 5248 5441 5440
f 5249 5250 5442
f 5249 5442 5441
f 5250 5251 5443
f 5250 5443 5442
f 5251 5252 5444
f 5251 5444 5443
f 5252 5253 5445
f 5252 5445 5444
f 5253 5254 5446
f 5253 5446 5445
f 5254 5255 5447
f 5254 5447 5446
f 5255 5256 5448
f 5255 5448 5447
f 5256 5257 5449
f 5256 5449 5448
f 5257 5258 5450
f 5257 5450 5449
f 5258 5259 5451
f 5258 5451 5450
f 5259 5260 5452
f 5259 5452 5451
f 5260 5261 5453
f 5260 5453 5452
f 5261 5262 5454
f 5261 5454 5453
f 5262 5263 5455
f 5262 5455 5454
f 5263 5264 5456
f 5263 5456 5455
f 5264 5265 5457
f 5264 5457 5456
f 5265 5266 5458
f 5265 5458 5457
f 5266 5267 5459
f 5266 5459 5458
f 5267 5268 5460
f 5267 5460 5459
f 5268 5269 5461
f 5268 5461 5460
f 5269 5270 5462
f 5269 5462 5461
f 5270 5271 5463
f 5270 5463 5462
f 5271 5272 5464
f 5271 5464 5463
f 5272 5273 5465
f 5272 5465 5464
f 5273 5274 5466
f 5273 5466 5465
f 5274 5275 5467
f 5274 5467 5466
f 5275 5276 5468
f 5275 5468 5467
f 5276 5277 5469
f 5276 5469 5468
f 5277 5278 5470
f 5277 5470 5469
f 5278 5279 5471
f 5278 5471 5470
f 5279 5280 5472
f 5279 5472 5471
f 5280 5185 5377
f 5280 5377 5472
f 5281 5474 5282
f 5281 5473 5474
f 5282 5475 5283
f 5282 5474 5475
f 5283 5476 5284
f 5283 5475 5476
f 5284 5477 5285
f 5284 5476 5477
f 5285 5478 5286
f 5285 5477 5478
f 5286 5479 5287
f 5286 5478 5479
f 5287 5480 5288
f 5287 5479 5480
f 5288 5481 5289
f 5288 5480 5481
f 5289 5482 5290
f 5289 5481 5482
f 5290 5483 5291
f 5290 5482 5483
f 5291 5484 5292
f 5291 5483 5484
f 5292 5485 5293
f 5292 5484 5485
f 5293 5486 5294
f 5293 5485 5486
f 5294 5487 5295
f 5294 5486 5487
f 5295 5488 5296
f 5295 5487 5488
f 5296 5489 5297
f 5296 5488 5489
f 5297 5490 5298
f 5297 5489 5490
f 5298 5491 5299
f 5298 5490 5491
f 5299 5492 5300
f 5299 5491 5492
f 5300 5493 5301
f 5300 5492 5493
f 5301 5494 5302
f 5301 5493 5494
f 5302 5495 5303
f 5302 5494 5495
f 5303 5496 5304
f 5303 5495 5496
f 5304 5497 5305
f 5304 5496 5497
f 5305 5498 5306
f 5305 5497 5498
f 5306 5499 5307
f 5306 5498 5499
f 5307 5500 5308
f 5307 5499 5500
f 5308 5501 5309
f 5308 5500 5501
f 5309 5502 5310
f 5309 5501 5502
f 5310 5503 5311
f 5310 5502 5503
f 5311 5504 5312
f 5311 5503 5504
f 5312 5505 5313
f 5312 5504 5505
f 5313 5506 5314
f 5313 5505 5506
f 5314 5507 5315
f 5314 5506 5507
f 5315 5508 5316
f 5315 5507 5508
f 5316 5509 5317
f 5316 5508 5509
f 5317 5510 5318
f 5317 5509 5510
f 5318 5511 5319
f 5318 5510 5511
f 5319 5512 5320
f 5319 5511 5512
f 5320 5513 5321
f 5320 5512 5513
f 5321 5514 5322
f 5321 5513 5514
f 5322 5515 5323
f 5322 5514 5515
f 5323 5516 5324
f 5323 5515 5516
f 5324 5517 5325
f 5324 5516 5517
f 5325 5518 5326
f 5325 5517 5518
f 5326 5519 5327
f 5326 5518 5519
f 5327 5520 5328
f 5327 5519 5520
f 5328 5521 5329
f 5328 5520 5521
f 5329 5522 5330
f 5329 5521 5522
f 5330 5523 5331
f 5330 5522 5523
f 5331 5524 5332
f 5331 5523 5524
f 5332 5525 5333
f 5332 5524 5525
f 5333 5526 5334
f 5333 5525 5526
f 5334 5527 5335
f 5334 5526 5527
f 5335 5528 5336
f 5335 5527 5528
f 5336 5529 5337
f 5336 5528 5529
f 5337 5530 5338
f 5337 5529 5530
f 5338 5531 5339
f 5338 5530 5531
f 5339 5532 5340
f 5339 5531 5532
f 5340 5533 5341
f 5340 5532 5533
f 5341 5534 5342
f 5341 5533 5534
f 5342 5535 5343
f 5342 5534 5535
f 5343 5536 5344
f 5343 5535 5536
f 5344 5537 5345
f 5344 5536 5537
f 5345 5538 5346
f 5345 5537 5538
f 5346 5539 5347
f 5346 5538 5539
f 5347 5540 5348
f 5347 5539 5540
f 5348 5541 5349
f 5348 5540 5541
f 5349 5542 5350
f 5349 5541 5542
f 5350 5543 5351
f 5350 5542 5543
f 5351 5544 5352
f 5351 5543 5544
f 5352 5545 5353
f 5352 5544 5545
f 5353 5546 5354
f 5353 5545 5546
f 5354 5547 5355
f 5354 5546 5547
f 5355 5548 5356
f 5355 5547 5548
f 5356 5549 5357
f 5356 5548 5549
f 5357 5550 5358
f 5357 5549 5550
f 5358 5551 5359
f 5358 5550 5551
f 5359 5552 5360
f 5359 5551 5552
f 5360 5553 5361
f 5360 5552 5553
f 5361 5554 5362
f 5361 5553 5554
f 5362 5555 5363
f 5362 5554 5555
f 5363 5556 5364
f 5363 5555 5556
f 5364 5557 5365
f 5364 5556 5557
f 5365 5558 5366
f 5365 5557 5558
f 5366 5559 5367
f 5366 5558 5559
f 5367 5560 5368
f 5367 5559 5560
f 5368 5561 5369
f 5368 5560 5561
f 5369 5562 5370
f 5369 5561 5562
f 5370 5563 5371
f 5370 5562 5563
f 5371 5564 5372
f 5371 5563 5564
f 5372 5565 5373
f 5372 5564 5565
f 5373 5566 5374
f 5373 5565 5566
f 5374 5567 5375
f 5374 5566 5567
f 5375 5568 5376
f 5375 5567 5568
f 5376 5473 5281
f 5376 5568 5473
f 5377 5378 5570
f 5377 5570 5569
f 5378 5379 5571
f 5378 5571 5570
f 5379 5380 5572
f 5379 5572 5571
f 5380 5381 5573
f 5380 5573 5572
f 5381 5382 5574
f 5381 5574 5573
f 5382 5383 5575
f 5382 5575 5574
f 5383 5384 5576
f 5383 5576 5575
f 5384 5385 5577
f 5384 5577 5576
f 5385 5386 5578
f 5385 5578 5577
f 5386 5387 5579
f 5386 5579 5578
f 5387 5388 5580
f 5387 5580 5579
f 5388 5389 5581
f 5388 5581 5580
f 5389 5390 5582
f 5389 5582 5581
f 5390 5391 5583
f 5390 5583 5582
f 5391 5392 5584
f 5391 5584 5583
f 5392 5393 5585
f 5392 5585 5584
f 5393 5394 5586
f 5393 5586 5585
f 5394 5395 5587
f 5394 5587 5586
f 5395 5396 5588
f 5395 5588 5587
f 5396 5397 5589
f 5396 5589 5588
f 5397 5398 5590
f 5397 5590 5589
f 5398 5399 5591
f 5398 5591 5590
f 5399 5400 5592
f 5399 5592 5591
f 5400 5401 5593
f 5400 5593 5592
f 5401 5402 5594
f 5401 5594 5593
f 5402 5403 5595
f 5402 5595 5594
f 5403 5404 5596
f 5403 5596 5595
f 5404 5405 5597
f 5404 5597 5596
f 5405 5406 5598
f 5405 5598 5597
f 5406 5407 5599
f 5406 5599 5598
f 5407 5408 5600
f 5407 5600 5599
f 5408 5409 5601
f 5408 5601 5600
f 5409 5410 5602
f 5409 5602 5601
f 5410 5411 5603
f 5410 5603 5602
f 5411 5412 5604
f 5411 5604 5603
f 5412 5413 5605
f 5412 5605 5604
f 5413 5414 5606
f 5413 5606 5605
f 5414 5415 5607
f 5414 5607 5606
f 5415 5416 5608
f 5415 5608 5607
f 5416 5417 5609
f 5416 5609 5608
f 5417 5418 5610
f 5417 5610 5609
f 5418 5419 5611
f 5418 5611 5610
f 5419 5420 5612
f 5419 5612 5611
f 5420 5421 5613
f 5420 5613 5612
f 5421 5422 5614
f 5421 5614 5613
f 5422 5423 5615
f 5422 5615 5614
f 5423 5424 5616
f 5423 5616 5615
f 5424 5425 5617
f 5424 5617 5616
f 5425 5426 5618
f 5425 5618 5617
f 5426 5427 5619
f 5426 5619 5618
f 5427 5428 5620
f 5427 5620 5619
f 5428 5429 5621
f 5428 5621 5620
f 5429 5430 5622
f 5429 5622 5621
f 5430 5431 5623
f 5430 5623 5622
f 5431 5432 5624
f 5431 5624 5623
f 5432 5433 5625
f 5432 5625 5624
f 5433 5434 5626
f 5433 5626 5625
f 5434 5435 5627
f 5434 5627 5626
f 5435 5436 5628
f 5435 5628 5627
f 5436 5437 5629
f 5436 5629 5628
f 5437 5438 5630
f 5437 5630 5629
f 5438 5439 5631
f 5438 5631 5630
f 5439 5440 5632
f 5439 5632 5631
f 5440 5441 5633
f 5440 5633 5632
f 5441 5442 5634
f 5441 5634 5633
f 5442 5443 5635
f 5442 5635 5634
f 5443 5444 5636
f 5443 5636 5635
f 5444 5445 5637
f 5444 5637 5636
f 5445 5446 5638
f 5445 5638 5637
f 5446 5447 5639
f 5446 5639 5638
f 5447 5448 5640
f 5447 5640 5639
f 5448 5449 5641
f 5448 5641 5640
f 5449 5450 5642
f 5449 5642 5641
f 5450 5451 5643
f 5450 5643 5642
f 5451 5452 5644
f 5451 5644 5643
f 5452 5453 5645
f 5452 5645 5644
f 5453 5454 5646
f 5453 5646 5645
f 5454 5455 5647
f 5454 5647 5646
f 5455 5456 5648
f 5455 5648 5647
f 5456 5457 5649
f 5456 5649 5648
f 5457 5458 5650
f 5457 5650 5649
f 5458 5459 5651
f 5458 5651 5650
f 5459 5460 5652
f 5459 5652 5651
f 5460 5461 5653
f 5460 5653 5652
f 5461 5462 5654
f 5461 5654 5653
f 5462 5463 5655
f 5462 5655 5654
f 5463 5464 5656
f 5463 5656 5655
f 5464 5465 5657
f 5464 5657 5656
f 5465 5466 5658
f 5465 5658 5657
f 5466 5467 5659
f 5466 5659 5658
f 5467 5468 5660
f 5467 5660 5659
f 5468 5469 5661
f 5468 5661 5660
f 5469 5470 5662
f 5469 5662 5661
f 5470 5471 5663
f 5470 5663 5662
f 5471 5472 5664
f 5471 5664 5663
f 5472 5377 5569
f 5472 5569 5664
f 5473 5666 5474
f 5473 5665 5666
f 5474 5667 5475
f 5474 5666 5667
f 5475 5668 5476
f 5475 5667 5668
f 5476 5669 5477
f 5476 5668 5669
f 5477 5670 5478
f 5477 5669 5670
f 5478 5671 5479
f 5478 5670 5671
f 5479 5672 5480
f 5479 5671 5672
f 5480 5673 5481
f 5480 5672 5673
f 5481 5674 5482
f 5481 5673 5674
f 5482 5675 5483
f 5482 5674 5675
f 5483 5676 5484
f 5483 5675 5676
f 5484 5677 5485
f 5484 5676 5677
f 5485 5678 5486
f 5485 5677 5678
f 5486 5679 5487
f 5486 5678 5679
f 5487 5680 5488
f 5487 5679 5680
f 5488 5681 5489
f 5488 5680 5681
f 5489 5682 5490
f 5489 5681 5682
f 5490 5683 5491
f 5490 5682 5683
f 5491 5684 5492
f 5491 5683 5684
f 5492 5685 5493
f 5492 5684 5685
f 5493 5686 5494
f 5493 5685 5686
f 5494 5687 5495
f 5494 5686 5687
f 5495 5688 5496
f 5495 5687 5688
f 5496 5689 5497
f 5496 5688 5689
f 5497 5690 5498
f 5497 5689 5690
f 5498 5691 5499
f 5498 5690 5691
f 5499 5692 5500
f 5499 5691 5692
f 5500 5693 5501
f 5500 5692 5693
f 5501 5694 5502
f 5501 5693 5694
f 5502 5695 5503
f 5502 5694 5695
f 5503 5696 5504
f 5503 5695 5696
f 5504 5697 5505
f 5504 5696 5697
f 5505 5698 5506
f 5505 5697 5698
f 5506 5699 5507
f 5506 5698 5699
f 5507 5700 5508
f 5507 5699 5700
f 5508 5701 5509
f 5508 5700 5701
f 5509 5702 5510
f 5509 5701 5702
f 5510 5703 5511
f 5510 5702 5703
f 5511 5704 5512
f 5511 5703 5704
f 5512 5705 5513
f 5512 5704 5705
f 5513 5706 5514
f 5513 5705 5706
f 5514 5707 5515
f 5514 5706 5707
f 5515 5708 5516
f 5515 5707 5708
f 5516 5709 5517
f 5516 5708 5709
f 5517 5710 5518
f 5517 5709 5710
f 5518 5711 5519
f 5518 5710 5711
f 5519 5712 5520
f 5519 5711 5712
f 5520 5713 5521
f 5520 5712 5713
f 5521 5714 5522
f 5521 5713 5714
f 5522 5715 5523
f 5522 5714 5715
f 5523 5716 5524
f 5523 5715 5716
f 5524 5717 5525
f 5524 5716 5717
f 5525 5718 5526
f 5525 5717 5718
f 5526 5719 5527
f 5526 5718 5719
f 5527 5720 5528
f 5527 5719 5720
f 5528 5721 5529
f 5528 5720 5721
f 5529 5722 5530
f 5529 5721 5722
f 5530 5723 5531
f 5530 5722 5723
f 5531 5724 5532
f 5531 5723 5724
f 5532 5725 5533
f 5532 5724 5725
f 5533 5726 5534
f 5533 5725 5726
f 5534 5727 5535
f 5534 5726 5727
f 5535 5728 5536
f 5535 5727 5728
f 5536 5729 5537
f 5536 5728 5729
f 5537 5730 5538
f 5537 5729 5730
f 5538 5731 5539
f 5538 5730 5731
f 5539 5732 5540
f 5539 5731 5732
f 5540 5733 5541
f 5540 5732 5733
f 5541 5734 5542
f 5541 5733 5734
f 5542 5735 5543
f 5542 5734 5735
f 5543 5736 5544
f 5543 5735 5736
f 5544 5737 5545
f 5544 5736 5737
f 5545 5738 5546
f 5545 5737 5738
f 5546 5739 5547
f 5546 5738 5739
f 5547 5740 5548
f 5547 5739 5740
f 5548 5741 5549
f 5548 5740 5741
f 5549 5742 5550
f 5549 5741 5742
f 5550 5743 5551
f 5550 5742 5743
f 5551 5744 5552
f 5551 5743 5744
f 5552 5745 5553
f 5552 5744 5745
f 5553 5746 5554
f 5553 5745 5746
f 5554 5747 5555
f 5554 5746 5747
f 5555 5748 5556
f 5555 5747 5748
f 5556 5749 5557
f 5556 5748 5749
f 5557 5750 5558
f 5557 5749 5750
f 5558 5751 5559
f 5558 5750 5751
f 5559 5752 5560
f 5559 5751 5752
f 5560 5753 5561
f 5560 5752 5753
f 5561 5754 5562
f 5561 5753 5754
f 5562 5755 5563
f 5562 5754 5755
f 5563 5756 5564
f 5563 5755 5756
f 5564 5757 5565
f 5564 5756 5757
f 5565 5758 5566
f 5565 5757 5758
f 5566 5759 5567
f 5566 5758 5759
f 5567 5760 5568
f 5567 5759 5760
f 5568 5665 5473
f 5568 5760 5665
f 5569 5570 5762
f 5569 5762 5761
f 5570 5571 5763
f 5570 5763 5762
f 5571 5572 5764
f 5571 5764 5763
f 5572 5573 5765
f 5572 5765 5764
f 5573 5574 5766
f 5573 5766 5765
f 5574 5575 5767
f 5574 5767 5766
f 5575 5576 5768
f 5575 5768 5767
f 5576 5577 5769
f 5576 5769 5768
f 5577 5578 5770
f 5577 5770 5769
f 5578 5579 5771
f 5578 5771 5770
f 5579 5580 5772
f 5579 5772 5771
f 5580 5581 5773
f 5580 5773 5772
f 5581 5582 5774
f 5581 5774 5773
f 5582 5583 5775
f 5582 5775 5774
f 5583 5584 5776
f 5583 5776 5775
f 5584 5585 5777
f 5584 5777 5776
f 5585 5586 5778
f 5585 5778 5777
f 5586 5587 5779
f 5586 5779 5778
f 5587 5588 5780
f 5587 5780 5779
f 5588 5589 5781
f 5588 5781 5780
f 5589 5590 5782
f 5589 5782 5781
f 5590 5591 5783
f 5590 5783 5782
f 5591 5592 5784
f 5591 5784 5783
f 5592 5593 5785
f 5592 5785 5784
f 5593 5594 5786
f 5593 5786 5785
f 5594 5595 5787
f 5594 5787 5786
f 5595 5596 5788
f 5595 5788 5787
f 5596 5597 5789
f 5596 5789 5788
f 5597 5598 5790
f 5597 5790 5789
f 5598 5599 5791
f 5598 5791 5790
f 5599 5600 5792
f 5599 5792 5791
f 5600 5601 5793
f 5600 5793 5792
f 5601 5602 5794
f 5601 5794 5793
f 5602 5603 5795
f 5602 5795 5794
f 5603 5604 5796
f 5603 5796 5795
f 5604 5605 5797
f 5604 5797 5796
f 5605 5606 5798
f 5605 5798 5797
f 5606 5607 5799
f 5606 5799 5798
f 5607 5608 5800
f 5607 5800 5799
f 5608 5609 5801
f 5608 5801 5800
f 5609 5610 5802
f 5609 5802 5801
f 5610 5611 5803
f 5610 5803 5802
f 5611 5612 5804
f 5611 5804 5803
f 5612 5613 5805
f 5612 5805 5804
f 5613 5614 5806
f 5613 5806 5805
f 5614 5615 5807
f 5614 5807 5806
f 5615 5616 5808
f 5615 5808 5807
f 5616 5617 5809
f 5616 5809 5808
f 5617 5618 5810
f 5617 5810 5809
f 5618 5619 5811
f 5618 5811 5810
f 5619 5620 5812
f 5619 5812 5811
f 5620 5621 5813
f 5620 5813 5812
f 5621 5622 5814
f 5621 5814 5813
f 5622 5623 5815
f 5622 5815 5814
f 5623 5624 5816
f 5623 5816 5815
f 5624 5625 5817
f 5624 5817 5816
f 5625 5626 5818
f 5625 5818 5817
f 5626 5627 5819
f 5626 5819 5818
f 5627 5628 5820
f 5627 5820 5819
f 5628 5629 5821
f 5628 5821 5820
f 5629 5630 5822
f 5629 5822 5821
f 5630 5631 5823
f 5630 5823 5822
f 5631 5632 5824
f 5631 5824 5823
f 5632 5633 5825
f 5632 5825 5824
f 5633 5634 5826
f 5633 5826 5825
f 5634 5635 5827
f 5634 5827 5826
f 5635 5636 5828
f 5635 5828 5827
f 5636 5637 5829
f 5636 5829 5828
f 5637 5638 5830
f 5637 5830 5829
f 5638 5639 5831
f 5638 5831 5830
f 5639 5640 5832
f 5639 5832 5831
f 5640 5641 5833
f 5640 5833 5832
f 5641 5642 5834
f 5641 5834 5833
f 5642 5643 5835
f 5642 5835 5834
f 5643 5644 5836
f 5643 5836 5835
f 5644 5645 5837
f 5644 5837 5836
f 5645 5646 5838
f 5645 5838 5837
f 5646 5647 5839
f 5646 5839 5838
f 5647 5648 5840
f 5647 5840 5839
f 5648 5649 5841
f 5648 5841 5840
f 5649 5650 5842
f 5649 5842 5841
f 5650 5651 5843
f 5650 5843 5842
f 5651 5652 5844
f 5651 5844 5843
f 5652 5653 5845
f 5652 5845 5844
f 5653 5654 5846
f 5653 5846 5845
f 5654 5655 5847
f 5654 5847 5846
f 5655 5656 5848
f 5655 5848 5847
f 5656 5657 5849
f 5656 5849 5848
f 5657 5658 5850
f 5657 5850 5849
f 5658 5659 5851
f 5658 5851 5850
f 5659 5660 5852
f 5659 5852 5851
f 5660 5661 5853
f 5660 5853 5852
f 5661 5662 5854
f 5661 5854 5853
f 5662 5663 5855
f 5662 5855 5854
f 5663 5664 5856
f 5663 5856 5855
f 5664 5569 5761
f 5664 5761 5856
f 5665 5858 5666
f 5665 5857 5858
f 5666 5859 5667
f 5666 5858 5859
f 5667 5860 5668
f 5667 5859 5860
f 5668 5861 5669
f 5668 5860 5861
f 5669 5862 5670
f 5669 5861 5862
f 5670 5863 5671
f 5670 5862 5863
f 5671 5864 5672
f 5671 5863 5864
f 5672 5865 5673
f 5672 5864 5865
f 5673 5866 5674
f 5673 5865 5866
f 5674 5867 5675
f 5674 5866 5867
f 5675 5868 5676
f 5675 5867 5868
f 5676 5869 5677
f 5676 5868 5869
f 5677 5870 5678
f 5677 5869 5870
f 5678 5871 5679
f 5678 5870 5871
f 5679 5872 5680
f 5679 5871 5872
f 5680 5873 5681
f 5680 5872 5873
f 5681 5874 5682
f 5681 5873 5874
f 5682 5875 5683
f 5682 5874 5875
f 5683 5876 5684
f 5683 5875 5876
f 5684 5877 5685
f 5684 5876 5877
f 5685 5878 5686
f 5685 5877 5878
f 5686 5879 5687
f 5686 5878 5879
f 5687 5880 5688
f 5687 5879 5880
f 5688 5881 5689
f 5688 5880 5881
f 5689 5882 5690
f 5689 5881 5882
f 5690 5883 5691
f 5690 5882 5883
f 5691 5884 5692
f 5691 5883 5884
f 5692 5885 5693
f 5692 5884 5885
f 5693 5886 5694
f 5693 5885 5886
f 5694 5887 5695
f 5694 5886 5887
f 5695 5888 5696
f 5695 5887 5888
f 5696 5889 5697
f 5696 5888 5889
f 5697 5890 5698
f 5697 5889 5890
f 5698 5891 5699
f 5698 5890 5891
f 5699 5892 5700
f 5699 5891 5892
f 5700 5893 5701
f 5700 5892 5893
f 5701 5894 5702
f 5701 5893 5894
f 5702 5895 5703
f 5702 5894 5895
f 5703 5896 5704
f 5703 5895 5896
f 5704 5897 5705
f 5704 5896 5897
f 5705 5898 5706
f 5705 5897 5898
f 5706 5899 5707
f 5706 5898 5899
f 5707 5900 5708
f 5707 5899 5900
f 5708 5901 5709
f 5708 5900 5901
f 5709 5902 5710
f 5709 5901 5902
f 5710 5903 5711
f 5710 5902 5903
f 5711 5904 5712
f 5711 5903 5904
f 5712 5905 5713
f 5712 5904 5905
f 5713 5906 5714
f 5713 5905 5906
f 5714 5907 5715
f 5714 5906 5907
f 5715 5908 5716
f 5715 5907 5908
f 5716 5909 5717
f 5716 5908 5909
f 5717 5910 5718
f 5717 5909 5910
f 5718 5911 5719
f 5718 5910 5911
f 5719 5912 5720
f 5719 5911 5912
f 5720 5913 5721
f 5720 5912 5913
f 5721 5914 5722
f 5721 5913 5914
f 5722 5915 5723
f 5722 5914 5915
f 5723 5916 5724
f 5723 5915 5916
f 5724 5917 5725
f 5724 5916 5917
f 5725 5918 5726
f 5725 5917 5918
f 5726 5919 5727
f 5726 5918 5919
f 5727 5920 5728
f 5727 5919 5920
f 5728 5921 5729
f 5728 5920 5921
f 5729 5922 5730
f 5729 5921 5922
f 5730 5923 5731
f 5730 5922 5923
f 5731 5924 5732
f 5731 5923 5924
f 5732 5925 5733
f 5732 5924 5925
f 5733 5926 5734
f 5733 5925 5926
f 5734 5927 5735
f 5734 5926 5927
f 5735 5928 5736
f 5735 5927 5928
f 5736 5929 5737
f 5736 5928 5929
f 5737 5930 5738
f 5737 5929 5930
f 5738 5931 5739
f 5738 5930 5931
f 5739 5932 5740
f 5739 5931 5932
f 5740 5933 5741
f 5740 5932 5933
f 5741 5934 5742
f 5741 5933 5934
f 5742 5935 5743
f 5742 5934 5935
f 5743 5936 5744
f 5743 5935 5936
f 5744 5937 5745
f 5744 5936 5937
f 5745 5938 5746
f 5745 5937 5938
f 5746 5939 5747
f 5746 5938 5939
f 5747 5940 5748
f 5747 5939 5940
f 5748 5941 5749
f 5748 5940 5941
f 5749 5942 5750
f 5749 5941 5942
f 5750 5943 5751
f 5750 5942 5943
f 5751 5944 5752
f 5751 5943 5944
f 5752 5945 5753
f 5752 5944 5945
f 5753 5946 5754
f 5753 5945 5946
f 5754 5947 5755
f 5754 5946 5947
f 5755 5948 5756
f 5755 5947 5948
f 5756 5949 5757
f 5756 5948 5949
f 5757 5950 5758
f 5757 5949 5950
f 5758 5951 5759
f 5758 5950 5951
f 5759 5952 5760
f 5759 5951 5952
f 5760 5857 5665
f 5760 5952 5857
f 5761 5762 5954
f 5761 5954 5953
f 5762 5763 5955
f 5762 5955 5954
f 5763 5764 5956
f 5763 5956 5955
f 5764 5765 5957
f 5764 5957 5956
f 5765 5766 5958
f 5765 5958 5957
f 5766 5767 5959
f 5766 5959 5958
f 5767 5768 5960
f 5767 5960 5959
f 5768 5769 5961
f 5768 5961 5960
f 5769 5770 5962
f 5769 5962 5961
f 5770 5771 5963
f 5770 5963 5962
f 5771 5772 5964
f 5771 5964 5963
f 5772 5773 5965
f 5772 5965 5964
f 5773 5774 5966
f 5773 5966 5965
f 5774 5775 5967
f 5774 5967 5966
f 5775 5776 5968
f 5775 5968 5967
f 5776 5777 5969
f 5776 5969 5968
f 5777 5778 5970
f 5777 5970 5969
f 5778 5779 5971
f 5778 5971 5970
f 5779 5780 5972
f 5779 5972 5971
f 5780 5781 5973
f 5780 5973 5972
f 5781 5782 5974
f 5781 5974 5973
f 5782 5783 5975
f 5782 5975 5974
f 5783 5784 5976
f 5783 5976 5975
f 5784 5785 5977
f 5784 5977 5976
f 5785 5786 5978
f 5785 5978 5977
f 5786 5787 5979
f 5786 5979 5978
f 5787 5788 5980
f 5787 5980 5979
f 5788 5789 5981
f 5788 5981 5980
f 5789 5790 5982
f 5789 5982 5981
f 5790 5791 5983
f 5790 5983 5982
f 5791 5792 5984
f 5791 5984 5983
f 5792 5793 5985
f 5792 5985 5984
f 5793 5794 5986
f 5793 5986 5985
f 5794 5795 5987
f 5794 5987 5986
f 5795 5796 5988
f 5795 5988 5987
f 5796 5797 5989
f 5796 5989 5988
f 5797 5798 5990
f 5797 5990 5989
f 5798 5799 5991
f 5798 5991 5990
f 5799 5800 5992
f 5799 5992 5991
f 5800 5801 5993
f 5800 5993 5992
f 5801 5802 5994
f 5801 5994 5993
f 5802 5803 5995
f 5802 5995 5994
f 5803 5804 5996
f 5803 5996 5995
f 5804 5805 5997
f 5804 5997 5996
f 5805 5806 5998
f 5805 5998 5997
f 5806 5807 5999
f 5806 5999 5998
f 5807 5808 6000
f 5807 6000 5999
f 5808 5809 6001
f 5808 6001 6000
f 5809 5810 6002
f 5809 6002 6001
f 5810 5811 6003
f 5810 6003 6002
f 5811 5812 6004
f 5811 6004 6003
f 5812 5813 6005
f 5812 6005 6004
f 5813 5814 6006
f 5813 6006 6005
f 5814 5815 6007
f 5814 6007 6006
f 5815 5816 6008
f 5815 6008 6007
f 5816 5817 6009
f 5816 6009 6008
f 5817 5818 6010
f 5817 6010 6009
f 5818 5819 6011
f 5818 6011 6010
f 5819 5820 6012
f 5819 6012 6011
f 5820 5821 6013
f 5820 6013 6012
f 5821 5822 6014
f 5821 6014 6013
f 5822 5823 6015
f 5822 6015 6014
f 5823 5824 6016
f 5823 6016 6015
f 5824 5825 6017
f 5824 6017 6016
f 5825 5826 6018
f 5825 6018 6017
f 5826 5827 6019
f 5826 6019 6018
f 5827 5828 6020
f 5827 6020 6019
f 5828 5829 6021
f 5828 6021 6020
f 5829 5830 6022
f 5829 6022 6021
f 5830 5831 6023
f 5830 6023 6022
f 5831 5832 6024
f 5831 6024 6023
f 5832 5833 6025
f 5832 6025 6024
f 5833 5834 6026
f 5833 6026 6025
f 5834 5835 6027
f 5834 6027 6026
f 5835 5836 6028
f 5835 6028 6027
f 5836 5837 6029
f 5836 6029 6028
f 5837 5838 6030
f 5837 6030 6029
f 5838 5839 6031
f 5838 6031 6030
f 5839 5840 6032
f 5839 6032 6031
f 5840 5841 6033
f 5840 6033 6032
f 5841 5842 6034
f 5841 6034 6033
f 5842 5843 6035
f 5842 6035 6034
f 5843 5844 6036
f 5843 6036 6035
f 5844 5845 6037
f 5844 6037 6036
f 5845 5846 6038
f 5845 6038 6037
f 5846 5847 6039
f 5846 6039 6038
f 5847 5848 6040
f 5847 6040 6039
f 5848 5849 6041
f 5848 6041 6040
f 5849 5850 6042
f 5849 6042 6041
f 5850 5851 6043
f 5850 6043 6042
f 5851 5852 6044
f 5851 6044 6043
f 5852 5853 6045
f 5852 6045 6044
f 5853 5854 6046
f 5853 6046 6045
f 5854 5855 6047
f 5854 6047 6046
f 5855 5856 6048
f 5855 6048 6047
f 5856 5761 5953
f 5856 5953 6048
f 5857 6050 5858
f 5857 6049 6050
f 5858 6051 5859
f 5858 6050 6051
f 5859 6052 5860
f 5859 6051 6052
f 5860 6053 5861
f 5860 6052 6053
f 5861 6054 5862
f 5861 6053 6054
f 5862 6055 5863
f 5862 6054 6055
f 5863 6056 5864
f 5863 6055 6056
f 5864 6057 5865
f 5864 6056 6057
f 5865 6058 5866
f 5865 6057 6058
f 5866 6059 5867
f 5866 6058 6059
f 5867 6060 5868
f 5867 6059 6060
f 5868 6061 5869
f 5868 6060 6061
f 5869 6062 5870
f 5869 6061 6062
f 5870 6063 5871
f 5870 6062 6063
f 5871 6064 5872
f 5871 6063 6064
f 5872 6065 5873
f 5872 6064 6065
f 5873 6066 5874
f 5873 6065 6066
f 5874 6067 5875
f 5874 6066 6067
f 5875 6068 5876
f 5875 6067 6068
f 5876 6069 5877
f 5876 6068 6069
f 5877 6070 5878
f 5877 6069 6070
f 5878 6071 5879
f 5878 6070 6071
f 5879 6072 5880
f 5879 6071 6072
f 5880 6073 5881
f 5880 6072 6073
f 5881 6074 5882
f 5881 6073 6074
f 5882 6075 5883
f 5882 6074 6075
f 5883 6076 5884
f 5883 6075 6076
f 5884 6077 5885
f 5884 6076 6077
f 5885 6078 5886
f 5885 6077 6078
f 5886 6079 5887
f 5886 6078 6079
f 5887 6080 5888
f 5887 6079 6080
f 5888 6081 5889
f 5888 6080 6081
f 5889 6082 5890
f 5889 6081 6082
f 5890 6083 5891
f 5890 6082 6083
f 5891 6084 5892
f 5891 6083 6084
f 5892 6085 5893
f 5892 6084 6085
f 5893 6086 5894
f 5893 6085 6086
f 5894 6087 5895
f 5894 6086 6087
f 5895 6088 5896
f 5895 6087 6088
f 5896 6089 5897
f 5896 6088 6089
f 5897 6090 5898
f 5897 6089 6090
f 5898 6091 5899
f 5898 6090 6091
f 5899 6092 5900
f 5899 6091 6092
f 5900 6093 5901
f 5900 6092 6093
f 5901 6094 5902
f 5901 6093 6094
f 5902 6095 5903
f 5902 6094 6095
f 5903 6096 5904
f 5903 6095 6096
f 5904 6097 5905
f 5904 6096 6097
f 5905 6098 5906
f 5905 6097 6098
f 5906 6099 5907
f 5906 6098 6099
f 5907 6100 5908
f 5907 6099 6100
f 5908 6101 5909
f 5908 6100 6101
f 5909 6102 5910
f 5909 6101 6102
f 5910 6103 5911
f 5910 6102 6103
f 5911 6104 5912
f 5911 6103 6104
f 5912 6105 5913
f 5912 6104 6105
f 5913 6106 5914
f 5913 6105 6106
f 5914 6107 5915
f 5914 6106 6107
f 5915 6108 5916
f 5915 6107 6108
f 5916 6109 5917
f 5916 6108 6109
f 5917 6110 5918
f 5917 6109 6110
f 5918 6111 5919
f 5918 6110 6111
f 5919 6112 5920
f 5919 6111 6112
f 5920 6113 5921
f 5920 6112 6113
f 5921 6114 5922
f 5921 6113 6114
f 5922 6115 5923
f 5922 6114 6115
f 5923 6116 5924
f 5923 6115 6116
f 5924 6117 5925
f 5924 6116 6117
f 5925 6118 5926
f 5925 6117 6118
f 5926 6119 5927
f 5926 6118 6119
f 5927 6120 5928
f 5927 6119 6120
f 5928 6121 5929
f 5928 6120 6121
f 5929 6122 5930
f 5929 6121 6122
f 5930 6123 5931
f 5930 6122 6123
f 5931 6124 5932
f 5931 6123 6124
f 5932 6125 5933
f 5932 6124 6125
f 5933 6126 5934
f 5933 6125 6126
f 5934 6127 5935
f 5934 6126 6127
f 5935 6128 5936
f 5935 6127 6128
f 5936 6129 5937
f 5936 6128 6129
f 5937 6130 5938
f 5937 6129 6130
f 5938 6131 5939
f 5938 6130 6131
f 5939 6132 5940
f 5939 6131 6132
f 5940 6133 5941
f 5940 6132 6133
f 5941 6134 5942
f 5941 6133 6134
f 5942 6135 5943
f 5942 6134 6135
f 5943 6136 5944
f 5943 6135 6136
f 5944 6137 5945
f 5944 6136 6137
f 5945 6138 5946
f 5945 6137 6138
f 5946 6139 5947
f 5946 6138 6139
f 5947 6140 5948
f 5947 6139 6140
f 5948 6141 5949
f 5948 6140 6141
f 5949 6142 5950
f 5949 6141 6142
f 5950 6143 5951
f 5950 6142 6143
f 5951 6144 5952
f 5951 6143 6144
f 5952 6049 5857
f 5952 6144 6049
f 5953 5954 6146
f 5953 6146 6145
f 5954 5955 6147
f 5954 6147 6146
f 5955 5956 6148
f 5955 6148 6147
f 5956 5957 6149
f 5956 6149 6148
f 5957 5958 6150
f 5957 6150 6149
f 5958 5959 6151
f 5958 6151 6150
f 5959 5960 6152
f 5959 6152 6151
f 5960 5961 6153
f 5960 6153 6152
f 5961 5962 6154
f 5961 6154 6153
f 5962 5963 6155
f 5962 6155 6154
f 5963 5964 6156
f 5963 6156 6155
f 5964 5965 6157
f 5964 6157 6156
f 5965 5966 6158
f 5965 6158 6157
f 5966 5967 6159
f 5966 6159 6158
f 5967 5968 6160
f 5967 6160 6159
f 5968 5969 6161
f 5968 6161 6160
f 5969 5970 6162
f 5969 6162 6161
f 5970 5971 6163
f 5970 6163 6162
f 5971 5972 6164
f 5971 6164 6163
f 5972 5973 6165
f 5972 6165 6164
f 5973 5974 6166
f 5973 6166 6165
f 5974 5975 6167
f 5974 6167 6166
f 5975 5976 6168
f 5975 6168 6167
f 5976 5977 6169
f 5976 6169 6168
f 5977 5978 6170
f 5977 6170 6169
f 5978 5979 6171
f 5978 6171 6170
f 5979 5980 6172
f 5979 6172 6171
f 5980 5981 6173
f 5980 6173 6172
f 5981 5982 6174
f 5981 6174 6173
f 5982 5983 6175
f 5982 6175 6174
f 5983 5984 6176
f 5983 6176 6175
f 5984 5985 6177
f 5984 6177 6176
f 5985 5986 6178
f 5985 6178 6177
f 5986 5987 6179
f 5986 6179 6178
f 5987 5988 6180
f 5987 6180 6179
f 5988 5989 6181
f 5988 6181 6180
f 5989 5990 6182
f 5989 6182 6181
f 5990 5991 6183
f 5990 6183 6182
f 5991 5992 6184
f 5991 6184 6183
f 5992 5993 6185
f 5992 6185 6184
f 5993 5994 6186
f 5993 6186 6185
f 5994 5995 6187
f 5994 6187 6186
f 5995 5996 6188
f 5995 6188 6187
f 5996 5997 6189
f 5996 6189 6188
f 5997 5998 6190
f 5997 6190 6189
f 5998 5999 6191
f 5998 6191 6190
f 5999 6000 6192
f 5999 6192 6191
f 6000 6001 6193
f 6000 6193 6192
f 6001 6002 6194
f 6001 6194 6193
f 6002 6003 6195
f 6002 6195 6194
f 6003 6004 6196
f 6003 6196 6195
f 6004 6005 6197
f 6004 6197 6196
f 6005 6006 6198
f 6005 6198 6197
f 6006 6007 6199
f 6006 6199 6198
f 6007 6008 6200
f 6007 6200 6199
f 6008 6009 6201
f 6008 6201 6200
f 6009 6010 6202
f 6009 6202 6201
f 6010 6011 6203
f 6010 6203 6202
f 6011 6012 6204
f 6011 6204 6203
f 6012 6013 6205
f 6012 6205 6204
f 6013 6014 6206
f 6013 6206 6205
f 6014 6015 6207
f 6014 6207 6206
f 6015 6016 6208
f 6015 6208 6207
f 6016 6017 6209
f 6016 6209 6208
f 6017 6018 6210
f 6017 6210 6209
f 6018 6019 6211
f 6018 6211 6210
f 6019 6020 6212
f 6019 6212 6211
f 6020 6021 6213
f 6020 6213 6212
f 6021 6022 6214
f 6021 6214 6213
f 6022 6023 6215
f 6022 6215 6214
f 6023 6024 6216
f 6023 6216 6215
f 6024 6025 6217
f 6024 6217 6216
f 6025 6026 6218
f 6025 6218 6217
f 6026 6027 6219
f 6026 6219 6218
f 6027 6028 6220
f 6027 6220 6219
f 6028 6029 6221
f 6028 6221 6220
f 6029 6030 6222
f 6029 6222 6221
f 6030 6031 6223
f 6030 6223 6222
f 6031 6032 6224
f 6031 6224 6223
f 6032 6033 6225
f 6032 6225 6224
f 6033 6034 6226
f 6033 6226 6225
f 6034 6035 6227
f 6034 6227 6226
f 6035 6036 6228
f 6035 6228 6227
f 6036 6037 6229
f 6036 6229 6228
f 6037 6038 6230
f 6037 6230 6229
f 6038 6039 6231
f 6038 6231 6230
f 6039 6040 6232
f 6039 6232 6231
f 6040 6041 6233
f 6040 6233 6232
f 6041 6042 6234
f 6041 6234 6233
f 6042 6043 6235
f 6042 6235 6234
f 6043 6044 6236
f 6043 6236 6235
f 6044 6045 6237
f 6044 6237 6236
f 6045 6046 6238
f 6045 6238 6237
f 6046 6047 6239
f 6046 6239 6238
f 6047 6048 6240
f 6047 6240 6239
f 6048 5953 6145
f 6048 6145 6240
f 6049 6242 6050
f 6049 6241 6242
f 6050 6243 6051
f 6050 6242 6243
f 6051 6244 6052
f 6051 6243 6244
f 6052 6245 6053
f 6052 6244 6245
f 6053 6246 6054
f 6053 6245 6246
f 6054 6247 6055
f 6054 6246 6247
f 6055 6248 6056
f 6055 6247 6248
f 6056 6249 6057
f 6056 6248 6249
f 6057 6250 6058
f 6057 6249 6250
f 6058 6251 6059
f 6058 6250 6251
f 6059 6252 6060
f 6059 6251 6252
f 6060 6253 6061
f 6060 6252 6253
f 6061 6254 6062
f 6061 6253 6254
f 6062 6255 6063
f 6062 6254 6255
f 6063 6256 6064
f 6063 6255 6256
f 6064 6257 6065
f 6064 6256 6257
f 6065 6258 6066
f 6065 6257 6258
f 6066 6259 6067
f 6066 6258 6259
f 6067 6260 6068
f 6067 6259 6260
f 6068 6261 6069
f 6068 6260 6261
f 6069 6262 6070
f 6069 6261 6262
f 6070 6263 6071
f 6070 6262 6263
f 6071 6264 6072
f 6071 6263 6264
f 6072 6265 6073
f 6072 6264 6265
f 6073 6266 6074
f 6073 6265 6266
f 6074 6267 6075
f 6074 6266 6267
f 6075 6268 6076
f 6075 6267 6268
f 6076 6269 6077
f 6076 6268 6269
f 6077 6270 6078
f 6077 6269 6270
f 6078 6271 6079
f 6078 6270 6271
f 6079 6272 6080
f 6079 6271 6272
f 6080 6273 6081
f 6080 6272 6273
f 6081 6274 6082
f 6081 6273 6274
f 6082 6275 6083
f 6082 6274 6275
f 6083 6276 6084
f 6083 6275 6276
f 6084 6277 6085
f 6084 6276 6277
f 6085 6278 6086
f 6085 6277 6278
f 6086 6279 6087
f 6086 6278 6279
f 6087 6280 6088
f 6087 6279 6280
f 6088 6281 6089
f 6088 6280 6281
f 6089 6282 6090
f 6089 6281 6282
f 6090 6283 6091
f 6090 6282 6283
f 6091 6284 6092
f 6091 6283 6284
f 6092 6285 6093
f 6092 6284 6285
f 6093 6286 6094
f 6093 6285 6286
f 6094 6287 6095
f 6094 6286 6287
f 6095 6288 6096
f 6095 6287 6288
f 6096 6289 6097
f 6096 6288 6289
f 6097 6290 6098
f 6097 6289 6290
f 6098 6291 6099
f 6098 6290 6291
f 6099 6292 6100
f 6099 6291 6292
f 6100 6293 6101
f 6100 6292 6293
f 6101 6294 6102
f 6101 6293 6294
f 6102 6295 6103
f 6102 6294 6295
f 6103 6296 6104
f 6103 6295 6296
f 6104 6297 6105
f 6104 6296 6297
f 6105 6298 6106
f 6105 6297 6298
f 6106 6299 6107
f 6106 6298 6299
f 6107 6300 6108
f 6107 6299 6300
f 6108 6301 6109
f 6108 6300 6301
f 6109 6302 6110
f 6109 6301 6302
f 6110 6303 6111
f 6110 6302 6303
f 6111 6304 6112
f 6111 6303 6304
f 6112 6305 6113
f 6112 6304 6305
f 6113 6306 6114
f 6113 6305 6306
f 6114 6307 6115
f 6114 6306 6307
f 6115 6308 6116
f 6115 6307 6308
f 6116 6309 6117
f 6116 6308 6309
f 6117 6310 6118
f 6117 6309 6310
f 6118 6311 6119
f 6118 6310 6311
f 6119 6312 6120
f 6119 6311 6312
f 6120 6313 6121
f 6120 6312 6313
f 6121 6314 6122
f 6121 6313 6314
f 6122 6315 6123
f 6122 6314 6315
f 6123 6316 6124
f 6123 6315 6316
f 6124 6317 6125
f 6124 6316 6317
f 6125 6318 6126
f 6125 6317 6318
f 6126 6319 6127
f 6126 6318 6319
f 6127 6320 6128
f 6127 6319 6320
f 6128 6321 6129
f 6128 6320 6321
f 6129 6322 6130
f 6129 6321 6322
f 6130 6323 6131
f 6130 6322 6323
f 6131 6324 6132
f 6131 6323 6324
f 6132 6325 6133
f 6132 6324 6325
f 6133 6326 6134
f 6133 6325 6326
f 6134 6327 6135
f 6134 6326 6327
f 6135 6328 6136
f 6135 6327 6328
f 6136 6329 6137
f 6136 6328 6329
f 6137 6330 6138
f 6137 6329 6330
f 6138 6331 6139
f 6138 6330 6331
f 6139 6332 6140
f 6139 6331 6332
f 6140 6333 6141
f 6140 6332 6333
f 6141 6334 6142
f 6141 6333 6334
f 6142 6335 6143
f 6142 6334 6335
f 6143 6336 6144
f 6143 6335 6336
f 6144 6241 6049
f 6144 6336 6241
f 6145 6146 6338
f 6145 6338 6337
f 6146 6147 6339
f 6146 6339 6338
f 6147 6148 6340
f 6147 6340 6339
f 6148 6149 6341
f 6148 6341 6340
f 6149 6150 6342
f 6149 6342 6341
f 6150 6151 6343
f 6150 6343 6342
f 6151 6152 6344
f 6151 6344 6343
f 6152 6153 6345
f 6152 6345 6344
f 6153 6154 6346
f 6153 6346 6345
f 6154 6155 6347
f 6154 6347 6346
f 6155 6156 6348
f 6155 6348 6347
f 6156 6157 6349
f 6156 6349 6348
f 6157 6158 6350
f 6157 6350 6349
f 6158 6159 6351
f 6158 6351 6350
f 6159 6160 6352
f 6159 6352 6351
f 6160 6161 6353
f 6160 6353 6352
f 6161 6162 6354
f 6161 6354 6353
f 6162 6163 6355
f 6162 6355 6354
f 6163 6164 6356
f 6163 6356 6355
f 6164 6165 6357
f 6164 6357 6356
f 6165 6166 6358
f 6165 6358 6357
f 6166 6167 6359
f 6166 6359 6358
f 6167 6168 6360
f 6167 6360 6359
f 6168 6169 6361
f 6168 6361 6360
f 6169 6170 6362
f 6169 6362 6361
f 6170 6171 6363
f 6170 6363 6362
f 6171 6172 6364
f 6171 6364 6363
f 6172 6173 6365
f 6172 6365 6364
f 6173 6174 6366
f 6173 6366 6365
f 6174 6175 6367
f 6174 6367 6366
f 6175 6176 6368
f 6175 6368 6367
f 6176 6177 6369
f 6176 6369 6368
f 6177 6178 6370
f 6177 6370 6369
f 6178 6179 6371
f 6178 6371 6370
f 6179 6180 6372
f 6179 6372 6371
f 6180 6181 6373
f 6180 6373 6372
f 6181 6182 6374
f 6181 6374 6373
f 6182 6183 6375
f 6182 6375 6374
f 6183 6184 6376
f 6183 6376 6375
f 6184 6185 6377
f 6184 6377 6376
f 6185 6186 6378
f 6185 6378 6377
f 6186 6187 6379
f 6186 6379 6378
f 6187 6188 6380
f 6187 6380 6379
f 6188 6189 6381
f 6188 6381 6380
f 6189 6190 6382
f 6189 6382 6381
f 6190 6191 6383
f 6190 6383 6382
f 6191 6192 6384
f 6191 6384 6383
f 6192 6193 6385
f 6192 6385 6384
f 6193 6194 6386
f 6193 6386 6385
f 6194 6195 6387
f 6194 6387 6386
f 6195 6196 6388
f 6195 6388 6387
f 6196 6197 6389
f 6196 6389 6388
f 6197 6198 6390
f 6197 6390 6389
f 6198 6199 6391
f 6198 6391 6390
f 6199 6200 6392
f 6199 6392 6391
f 6200 6201 6393
f 6200 6393 6392
f 6201 6202 6394
f 6201 6394 6393
f 6202 6203 6395
f 6202 6395 6394
f 6203 6204 6396
f 6203 6396 6395
f 6204 6205 6397
f 6204 6397 6396
f 6205 6206 6398
f 6205 6398 6397
f 6206 6207 6399
f 6206 6399 6398
f 6207 6208 6400
f 6207 6400 6399
f 6208 6209 6401
f 6208 6401 6400
f 6209 6210 6402
f 6209 6402 6401
f 6210 6211 6403
f 6210 6403 6402
f 6211 6212 6404
f 6211 6404 6403
f 6212 6213 6405
f 6212 6405 6404
f 6213 6214 6406
f 6213 6406 6405
f 6214 6215 6407
f 6214 6407 6406
f 6215 6216 6408
f 6215 6408 6407
f 6216 6217 6409
f 6216 6409 6408
f 6217 6218 6410
f 6217 6410 6409
f 6218 6219 6411
f 6218 6411 6410
f 6219 6220 6412
f 6219 6412 6411
f 6220 6221 6413
f 6220 6413 6412
f 6221 6222 6414
f 6221 6414 6413
f 6222 6223 6415
f 6222 6415 6414
f 6223 6224 6416
f 6223 6416 6415
f 6224 6225 6417
f 6224 6417 6416
f 6225 6226 6418
f 6225 6418 6417
f 6226 6227 6419
f 6226 6419 6418
f 6227 6228 6420
f 6227 6420 6419
f 6228 6229 6421
f 6228 6421 6420
f 6229 6230 6422
f 6229 6422 6421
f 6230 6231 6423
f 6230 6423 6422
f 6231 6232 6424
f 6231 6424 6423
f 6232 6233 6425
f 6232 6425 6424
f 6233 6234 6426
f 6233 6426 6425
f 6234 6235 6427
f 6234 6427 6426
f 6235 6236 6428
f 6235 6428 6427
f 6236 6237 6429
f 6236 6429 6428
f 6237 6238 6430
f 6237 6430 6429
f 6238 6239 6431
f 6238 6431 6430
f 6239 6240 6432
f 6239 6432 6431
f 6240 6145 6337
f 6240 6337 6432
f 6241 6434 6242
f 6241 6433 6434
f 6242 6435 6243
f 6242 6434 6435
f 6243 6436 6244
f 6243 6435 6436
f 6244 6437 6245
f 6244 6436 6437
f 6245 6438 6246
f 6245 6437 6438
f 6246 6439 6247
f 6246 6438 6439
f 6247 6440 6248
f 6247 6439 6440
f 6248 6441 6249
f 6248 6440 6441
f 6249 6442 6250
f 6249 6441 6442
f 6250 6443 6251
f 6250 6442 6443
f 6251 6444 6252
f 6251 6443 6444
f 6252 6445 6253
f 6252 6444 6445
f 6253 6446 6254
f 6253 6445 6446
f 6254 6447 6255
f 6254 6446 6447
f 6255 6448 6256
f 6255 6447 6448
f 6256 6449 6257
f 6256 6448 6449
f 6257 6450 6258
f 6257 6449 6450
f 6258 6451 6259
f 6258 6450 6451
f 6259 6452 6260
f 6259 6451 6452
f 6260 6453 6261
f 6260 6452 6453
f 6261 6454 6262
f 6261 6453 6454
f 6262 6455 6263
f 6262 6454 6455
f 6263 6456 6264
f 6263 6455 6456
f 6264 6457 6265
f 6264 6456 6457
f 6265 6458 6266
f 6265 6457 6458
f 6266 6459 6267
f 6266 6458 6459
f 6267 6460 6268
f 6267 6459 6460
f 6268 6461 6269
f 6268 6460 6461
f 6269 6462 6270
f 6269 6461 6462
f 6270 6463 6271
f 6270 6462 6463
f 6271 6464 6272
f 6271 6463 6464
f 6272 6465 6273
f 6272 6464 6465
f 6273 6466 6274
f 6273 6465 6466
f 6274 6467 6275
f 6274 6466 6467
f 6275 6468 6276
f 6275 6467 6468
f 6276 6469 6277
f 6276 6468 6469
f 6277 6470 6278
f 6277 6469 6470
f 6278 6471 6279
f 6278 6470 6471
f 6279 6472 6280
f 6279 6471 6472
f 6280 6473 6281
f 6280 6472 6473
f 6281 6474 6282
f 6281 6473 6474
f 6282 6475 6283
f 6282 6474 6475
f 6283 6476 6284
f 6283 6475 6476
f 6284 6477 6285
f 6284 6476 6477
f 6285 6478 6286
f 6285 6477 6478
f 6286 6479 6287
f 6286 6478 6479
f 6287 6480 6288
f 6287 6479 6480
f 6288 6481 6289
f 6288 6480 6481
f 6289 6482 6290
f 6289 6481 6482
f 6290 6483 6291
f 6290 6482 6483
f 6291 6484 6292
f 6291 6483 6484
f 6292 6485 6293
f 6292 6484 6485
f 6293 6486 6294
f 6293 6485 6486
f 6294 6487 6295
f 6294 6486 6487
f 6295 6488 6296
f 6295 6487 6488
f 6296 6489 6297
f 6296 6488 6489
f 6297 6490 6298
f 6297 6489 6490
f 6298 6491 6299
f 6298 6490 6491
f 6299 6492 6300
f 6299 6491 6492
f 6300 6493 6301
f 6300 6492 6493
f 6301 6494 6302
f 6301 6493 6494
f 6302 6495 6303
f 6302 6494 6495
f 6303 6496 6304
f 6303 6495 6496
f 6304 6497 6305
f 6304 6496 6497
f 6305 6498 6306
f 6305 6497 6498
f 6306 6499 6307
f 6306 6498 6499
f 6307 6500 6308
f 6307 6499 6500
f 6308 6501 6309
f 6308 6500 6501
f 6309 6502 6310
f 6309 6501 6502
f 6310 6503 6311
f 6310 6502 6503
f 6311 6504 6312
f 6311 6503 6504
f 6312 6505 6313
f 6312 6504 6505
f 6313 6506 6314
f 6313 6505 6506
f 6314 6507 6315
f 6314 6506 6507
f 6315 6508 6316
f 6315 6507 6508
f 6316 6509 6317
f 6316 6508 6509
f 6317 6510 6318
f 6317 6509 6510
f 6318 6511 6319
f 6318 6510 6511
f 6319 6512 6320
f 6319 6511 6512
f 6320 6513 6321
f 6320 6512 6513
f 6321 6514 6322
f 6321 6513 6514
f 6322 6515 6323
f 6322 6514 6515
f 6323 6516 6324
f 6323 6515 6516
f 6324 6517 6325
f 6324 6516 6517
f 6325 6518 6326
f 6325 6517 6518
f 6326 6519 6327
f 6326 6518 6519
f 6327 6520 6328
f 6327 6519 6520
f 6328 6521 6329
f 6328 6520 6521
f 6329 6522 6330
f 6329 6521 6522
f 6330 6523 6331
f 6330 6522 6523
f 6331 6524 6332
f 6331 6523 6524
f 6332 6525 6333
f 6332 6524 6525
f 6333 6526 6334
f 6333 6525 6526
f 6334 6527 6335
f 6334 6526 6527
f 6335 6528 6336
f 6335 6527 6528
f 6336 6433 6241
f 6336 6528 6433
f 6337 6338 6530
f 6337 6530 6529
f 6338 6339 6531
f 6338 6531 6530
f 6339 6340 6532
f 6339 6532 6531
f 6340 6341 6533
f 6340 6533 6532
f 6341 6342 6534
f 6341 6534 6533
f 6342 6343 6535
f 6342 6535 6534
f 6343 6344 6536
f 6343 6536 6535
f 6344 6345 6537
f 6344 6537 6536
f 6345 6346 6538
f 6345 6538 6537
f 6346 6347 6539
f 6346 6539 6538
f 6347 6348 6540
f 6347 6540 6539
f 6348 6349 6541
f 6348 6541 6540
f 6349 6350 6542
f 6349 6542 6541
f 6350 6351 6543
f 6350 6543 6542
f 6351 6352 6544
f 6351 6544 6543
f 6352 6353 6545
f 6352 6545 6544
f 6353 6354 6546
f 6353 6546 6545
f 6354 6355 6547
f 6354 6547 6546
f 6355 6356 6548
f 6355 6548 6547
f 6356 6357 6549
f 6356 6549 6548
f 6357 6358 6550
f 6357 6550 6549
f 6358 6359 6551
f 6358 6551 6550
f 6359 6360 6552
f 6359 6552 6551
f 6360 6361 6553
f 6360 6553 6552
f 6361 6362 6554
f 6361 6554 6553
f 6362 6363 6555
f 6362 6555 6554
f 6363 6364 6556
f 6363 6556 6555
f 6364 6365 6557
f 6364 6557 6556
f 6365 6366 6558
f 6365 6558 6557
f 6366 6367 6559
f 6366 6559 6558
f 6367 6368 6560
f 6367 6560 6559
f 6368 6369 6561
f 6368 6561 6560
f 6369 6370 6562
f 6369 6562 6561
f 6370 6371 6563
f 6370 6563 6562
f 6371 6372 6564
f 6371 6564 6563
f 6372 6373 6565
f 6372 6565 6564
f 6373 6374 6566
f 6373 6566 6565
f 6374 6375 6567
f 6374 6567 6566
f 6375 6376 6568
f 6375 6568 6567
f 6376 6377 6569
f 6376 6569 6568
f 6377 6378 6570
f 6377 6570 6569
f 6378 6379 6571
f 6378 6571 6570
f 6379 6380 6572
f 6379 6572 6571
f 6380 6381 6573
f 6380 6573 6572
f 6381 6382 6574
f 6381 6574 6573
f 6382 6383 6575
f 6382 6575 6574
f 6383 6384 6576
f 6383 6576 6575
f 6384 6385 6577
f 6384 6577 6576
f 6385 6386 6578
f 6385 6578 6577
f 6386 6387 6579
f 6386 6579 6578
f 6387 6388 6580
f 6387 6580 6579
f 6388 6389 6581
f 6388 6581 6580
f 6389 6390 6582
f 6389 6582 6581
f 6390 6391 6583
f 6390 6583 6582
f 6391 6392 6584
f 6391 6584 6583
f 6392 6393 6585
f 6392 6585 6584
f 6393 6394 6586
f 6393 6586 6585
f 6394 6395 6587
f 6394 6587 6586
f 6395 6396 6588
f 6395 6588 6587
f 6396 6397 6589
f 6396 6589 6588
f 6397 6398 6590
f 6397 6590 6589
f 6398 6399 6591
f 6398 6591 6590
f 6399 6400 6592
f 6399 6592 6591
f 6400 6401 6593
f 6400 6593 6592
f 6401 6402 6594
f 6401 6594 6593
f 6402 6403 6595
f 6402 6595 6594
f 6403 6404 6596
f 6403 6596 6595
f 6404 6405 6597
f 6404 6597 6596
f 6405 6406 6598
f 6405 6598 6597
f 6406 6407 6599
f 6406 6599 6598
f 6407 6408 6600
f 6407 6600 6599
f 6408 6409 6601
f 6408 6601 6600
f 6409 6410 6602
f 6409 6602 6601
f 6410 6411 6603
f 6410 6603 6602
f 6411 6412 6604
f 6411 6604 6603
f 6412 6413 6605
f 6412 6605 6604
f 6413 6414 6606
f 6413 6606 6605
f 6414 6415 6607
f 6414 6607 6606
f 6415 6416 6608
f 6415 6608 6607
f 6416 6417 6609
f 6416 6609 6608
f 6417 6418 6610
f 6417 6610 6609
f 6418 6419 6611
f 6418 6611 6610
f 6419 6420 6612
f 6419 6612 6611
f 6420 6421 6613
f 6420 6613 6612
f 6421 6422 6614
f 6421 6614 6613
f 6422 6423 6615
f 6422 6615 6614
f 6423 6424 6616
f 6423 6616 6615
f 6424 6425 6617
f 6424 6617 6616
f 6425 6426 6618
f 6425 6618 6617
f 6426 6427 6619
f 6426 6619 6618
f 6427 6428 6620
f 6427 6620 6619
f 6428 6429 6621
f 6428 6621 6620
f 6429 6430 6622
f 6429 6622 6621
f 6430 6431 6623
f 6430 6623 6622
f 6431 6432 6624
f 6431 6624 6623
f 6432 6337 6529
f 6432 6529 6624
f 6433 6626 6434
f 6433 6625 6626
f 6434 6627 6435
f 6434 6626 6627
f 6435 6628 6436
f 6435 6627 6628
f 6436 6629 6437
f 6436 6628 6629
f 6437 6630 6438
f 6437 6629 6630
f 6438 6631 6439
f 6438 6630 6631
f 6439 6632 6440
f 6439 6631 6632
f 6440 6633 6441
f 6440 6632 6633
f 6441 6634 6442
f 6441 6633 6634
f 6442 6635 6443
f 6442 6634 6635
f 6443 6636 6444
f 6443 6635 6636
f 6444 6637 6445
f 6444 6636 6637
f 6445 6638 6446
f 6445 6637 6638
f 6446 6639 6447
f 6446 6638 6639
f 6447 6640 6448
f 6447 6639 6640
f 6448 6641 6449
f 6448 6640 6641
f 6449 6642 6450
f 6449 6641 6642
f 6450 6643 6451
f 6450 6642 6643
f 6451 6644 6452
f 6451 6643 6644
f 6452 6645 6453
f 6452 6644 6645
f 6453 6646 6454
f 6453 6645 6646
f 6454 6647 6455
f 6454 6646 6647
f 6455 6648 6456
f 6455 6647 6648
f 6456 6649 6457
f 6456 6648 6649
f 6457 6650 6458
f 6457 6649 6650
f 6458 6651 6459
f 6458 6650 6651
f 6459 6652 6460
f 6459 6651 6652
f 6460 6653 6461
f 6460 6652 6653
f 6461 6654 6462
f 6461 6653 6654
f 6462 6655 6463
f 6462 6654 6655
f 6463 6656 6464
f 6463 6655 6656
f 6464 6657 6465
f 6464 6656 6657
f 6465 6658 6466
f 6465 6657 6658
f 6466 6659 6467
f 6466 6658 6659
f 6467 6660 6468
f 6467 6659 6660
f 6468 6661 6469
f 6468 6660 6661
f 6469 6662 6470
f 6469 6661 6662
f 6470 6663 6471
f 6470 6662 6663
f 6471 6664 6472
f 6471 6663 6664
f 6472 6665 6473
f 6472 6664 6665
f 6473 6666 6474
f 6473 6665 6666
f 6474 6667 6475
f 6474 6666 6667
f 6475 6668 6476
f 6475 6667 6668
f 6476 6669 6477
f 6476 6668 6669
f 6477 6670 6478
f 6477 6669 6670
f 6478 6671 6479
f 6478 6670 6671
f 6479 6672 6480
f 6479 6671 6672
f 6480 6673 6481
f 6480 6672 6673
f 6481 6674 6482
f 6481 6673 6674
f 6482 6675 6483
f 6482 6674 6675
f 6483 6676 6484
f 6483 6675 6676
f 6484 6677 6485
f 6484 6676 6677
f 6485 6678 6486
f 6485 6677 6678
f 6486 6679 6487
f 6486 6678 6679
f 6487 6680 6488
f 6487 6679 6680
f 6488 6681 6489
f 6488 6680 6681
f 6489 6682 6490
f 6489 6681 6682
f 6490 6683 6491
f 6490 6682 6683
f 6491 6684 6492
f 6491 6683 6684
f 6492 6685 6493
f 6492 6684 6685
f 6493 6686 6494
f 6493 6685 6686
f 6494 6687 6495
f 6494 6686 6687
f 6495 6688 6496
f 6495 6687 6688
f 6496 6689 6497
f 6496 6688 6689
f 6497 6690 6498
f 6497 6689 6690
f 6498 6691 6499
f 6498 6690 6691
f 6499 6692 6500
f 6499 6691 6692
f 6500 6693 6501
f 6500 6692 6693
f 6501 6694 6502
f 6501 6693 6694
f 6502 6695 6503
f 6502 6694 6695
f 6503 6696 6504
f 6503 6695 6696
f 6504 6697 6505
f 6504 6696 6697
f 6505 6698 6506
f 6505 6697 6698
f 6506 6699 6507
f 6506 6698 6699
f 6507 6700 6508
f 6507 6699 6700
f 6508 6701 6509
f 6508 6700 6701
f 6509 6702 6510
f 6509 6701 6702
f 6510 6703 6511
f 6510 6702 6703
f 6511 6704 6512
f 6511 6703 6704
f 6512 6705 6513
f 6512 6704 6705
f 6513 6706 6514
f 6513 6705 6706
f 6514 6707 6515
f 6514 6706 6707
f 6515 6708 6516
f 6515 6707 6708
f 6516 6709 6517
f 6516 6708 6709
f 6517 6710 6518
f 6517 6709 6710
f 6518 6711 6519
f 6518 6710 6711
f 6519 6712 6520
f 6519 6711 6712
f 6520 6713 6521
f 6520 6712 6713
f 6521 6714 6522
f 6521 6713 6714
f 6522 6715 6523
f 6522 6714 6715
f 6523 6716 6524
f 6523 6715 6716
f 6524 6717 6525
f 6524 6716 6717
f 6525 6718 6526
f 6525 6717 6718
f 6526 6719 6527
f 6526 6718 6719
f 6527 6720 6528
f 6527 6719 6720
f 6528 6625 6433
f 6528 6720 6625
f 6529 6530 6722
f 6529 6722 6721
f 6530 6531 6723
f 6530 6723 6722
f 6531 6532 6724
f 6531 6724 6723
f 6532 6533 6725
f 6532 6725 6724
f 6533 6534 6726
f 6533 6726 6725
f 6534 6535 6727
f 6534 6727 6726
f 6535 6536 6728
f 6535 6728 6727
f 6536 6537 6729
f 6536 6729 6728
f 6537 6538 6730
f 6537 6730 6729
f 6538 6539 6731
f 6538 6731 6730
f 6539 6540 6732
f 6539 6732 6731
f 6540 6541 6733
f 6540 6733 6732
f 6541 6542 6734
f 6541 6734 6733
f 6542 6543 6735
f 6542 6735 6734
f 6543 6544 6736
f 6543 6736 6735
f 6544 6545 6737
f 6544 6737 6736
f 6545 6546 6738
f 6545 6738 6737
f 6546 6547 6739
f 6546 6739 6738
f 6547 6548 6740
f 6547 6740 6739
f 6548 6549 6741
f 6548 6741 6740
f 6549 6550 6742
f 6549 6742 6741
f 6550 6551 6743
f 6550 6743 6742
f 6551 6552 6744
f 6551 6744 6743
f 6552 6553 6745
f 6552 6745 6744
f 6553 6554 6746
f 6553 6746 6745
f 6554 6555 6747
f 6554 6747 6746
f 6555 6556 6748
f 6555 6748 6747
f 6556 6557 6749
f 6556 6749 6748
f 6557 6558 6750
f 6557 6750 6749
f 6558 6559 6751
f 6558 6751 6750
f 6559 6560 6752
f 6559 6752 6751
f 6560 6561 6753
f 6560 6753 6752
f 6561 6562 6754
f 6561 6754 6753
f 6562 6563 6755
f 6562 6755 6754
f 6563 6564 6756
f 6563 6756 6755
f 6564 6565 6757
f 6564 6757 6756
f 6565 6566 6758
f 6565 6758 6757
f 6566 6567 6759
f 6566 6759 6758
f 6567 6568 6760
f 6567 6760 6759
f 6568 6569 6761
f 6568 6761 6760
f 6569 6570 6762
f 6569 6762 6761
f 6570 6571 6763
f 6570 6763 6762
f 6571 6572 6764
f 6571 6764 6763
f 6572 6573 6765
f 6572 6765 6764
f 6573 6574 6766
f 6573 6766 6765
f 6574 6575 6767
f 6574 6767 6766
f 6575 6576 6768
f 6575 6768 6767
f 6576 6577 6769
f 6576 6769 6768
f 6577 6578 6770
f 6577 6770 6769
f 6578 6579 6771
f 6578 6771 6770
f 6579 6580 6772
f 6579 6772 6771
f 6580 6581 6773
f 6580 6773 6772
f 6581 6582 6774
f 6581 6774 6773
f 6582 6583 6775
f 6582 6775 6774
f 6583 6584 6776
f 6583 6776 6775
f 6584 6585 6777
f 6584 6777 6776
f 6585 6586 6778
f 6585 6778 6777
f 6586 6587 6779
f 6586 6779 6778
f 6587 6588 6780
f 6587 6780 6779
f 6588 6589 6781
f 6588 6781 6780
f 6589 6590 6782
f 6589 6782 6781
f 6590 6591 6783
f 6590 6783 6782
f 6591 6592 6784
f 6591 6784 6783
f 6592 6593 6785
f 6592 6785 6784
f 6593 6594 6786
f 6593 6786 6785
f 6594 6595 6787
f 6594 6787 6786
f 6595 6596 6788
f 6595 6788 6787
f 6596 6597 6789
f 6596 6789 6788
f 6597 6598 6790
f 6597 6790 6789
f 6598 6599 6791
f 6598 6791 6790
f 6599 6600 6792
f 6599 6792 6791
f 6600 6601 6793
f 6600 6793 6792
f 6601 6602 6794
f 6601 6794 6793
f 6602 6603 6795
f 6602 6795 6794
f 6603 6604 6796
f 6603 6796 6795
f 6604 6605 6797
f 6604 6797 6796
f 6605 6606 6798
f 6605 6798 6797
f 6606 6607 6799
f 6606 6799 6798
f 6607 6608 6800
f 6607 6800 6799
f 6608 6609 6801
f 6608 6801 6800
f 6609 6610 6802
f 6609 6802 6801
f 6610 6611 6803
f 6610 6803 6802
f 6611 6612 6804
f 6611 6804 6803
f 6612 6613 6805
f 6612 6805 6804
f 6613 6614 6806
f 6613 6806 6805
f 6614 6615 6807
f 6614 6807 6806
f 6615 6616 6808
f 6615 6808 6807
f 6616 6617 6809
f 6616 6809 6808
f 6617 6618 6810
f 6617 6810 6809
f 6618 6619 6811
f 6618 6811 6810
f 6619 6620 6812
f 6619 6812 6811
f 6620 6621 6813
f 6620 6813 6812
f 6621 6622 6814
f 6621 6814 6813
f 6622 6623 6815
f 6622 6815 6814
f 6623 6624 6816
f 6623 6816 6815
f 6624 6529 6721
f 6624 6721 6816
f 6625 6818 6626
f 6625 6817 6818
f 6626 6819 6627
f 6626 6818 6819
f 6627 6820 6628
f 6627 6819 6820
f 6628 6821 6629
f 6628 6820 6821
f 6629 6822 6630
f 6629 6821 6822
f 6630 6823 6631
f 6630 6822 6823
f 6631 6824 6632
f 6631 6823 6824
f 6632 6825 6633
f 6632 6824 6825
f 6633 6826 6634
f 6633 6825 6826
f 6634 6827 6635
f 6634 6826 6827
f 6635 6828 6636
f 6635 6827 6828
f 6636 6829 6637
f 6636 6828 6829
f 6637 6830 6638
f 6637 6829 6830
f 6638 6831 6639
f 6638 6830 6831
f 6639 6832 6640
f 6639 6831 6832
f 6640 6833 6641
f 6640 6832 6833
f 6641 6834 6642
f 6641 6833 6834
f 6642 6835 6643
f 6642 6834 6835
f 6643 6836 6644
f 6643 6835 6836
f 6644 6837 6645
f 6644 6836 6837
f 6645 6838 6646
f 6645 6837 6838
f 6646 6839 6647
f 6646 6838 6839
f 6647 6840 6648
f 6647 6839 6840
f 6648 6841 6649
f 6648 6840 6841
f 6649 6842 6650
f 6649 6841 6842
f 6650 6843 6651
f 6650 6842 6843
f 6651 6844 6652
f 6651 6843 6844
f 6652 6845 6653
f 6652 6844 6845
f 6653 6846 6654
f 6653 6845 6846
f 6654 6847 6655
f 6654 6846 6847
f 6655 6848 6656
f 6655 6847 6848
f 6656 6849 6657
f 6656 6848 6849
f 6657 6850 6658
f 6657 6849 6850
f 6658 6851 6659
f 6658 6850 6851
f 6659 6852 6660
f 6659 6851 6852
f 6660 6853 6661
f 6660 6852 6853
f 6661 6854 6662
f 6661 6853 6854
f 6662 6855 6663
f 6662 6854 6855
f 6663 6856 6664
f 6663 6855 6856
f 6664 6857 6665
f 6664 6856 6857
f 6665 6858 6666
f 6665 6857 6858
f 6666 6859 6667
f 6666 6858 6859
f 6667 6860 6668
f 6667 6859 6860
f 6668 6861 6669
f 6668 6860 6861
f 6669 6862 6670
f 6669 6861 6862
f 6670 6863 6671
f 6670 6862 6863
f 6671 6864 6672
f 6671 6863 6864
f 6672 6865 6673
f 6672 6864 6865
f 6673 6866 6674
f 6673 6865 6866
f 6674 6867 6675
f 6674 6866 6867
f 6675 6868 6676
f 6675 6867 6868
f 6676 6869 6677
f 6676 6868 6869
f 6677 6870 6678
f 6677 6869 6870
f 6678 6871 6679
f 6678 6870 6871
f 6679 6872 6680
f 6679 6871 6872
f 6680 6873 6681
f 6680 6872 6873
f 6681 6874 6682
f 6681 6873 6874
f 6682 6875 6683
f 6682 6874 6875
f 6683 6876 6684
f 6683 6875 6876
f 6684 6877 6685
f 6684 6876 6877
f 6685 6878 6686
f 6685 6877 6878
f 6686 6879 6687
f 6686 6878 6879
f 6687 6880 6688
f 6687 6879 6880
f 6688 6881 6689
f 6688 6880 6881
f 6689 6882 6690
f 6689 6881 6882
f 6690 6883 6691
f 6690 6882 6883
f 6691 6884 6692
f 6691 6883 6884
f 6692 6885 6693
f 6692 6884 6885
f 6693 6886 6694
f 6693 6885 6886
f 6694 6887 6695
f 6694 6886 6887
f 6695 6888 6696
f 6695 6887 6888
f 6696 6889 6697
f 6696 6888 6889
f 6697 6890 6698
f 6697 6889 6890
f 6698 6891 6699
f 6698 6890 6891
f 6699 6892 6700
f 6699 6891 6892
f 6700 6893 6701
f 6700 6892 6893
f 6701 6894 6702
f 6701 6893 6894
f 6702 6895 6703
f 6702 6894 6895
f 6703 6896 6704
f 6703 6895 6896
f 6704 6897 6705
f 6704 6896 6897
f 6705 6898 6706
f 6705 6897 6898
f 6706 6899 6707
f 6706 6898 6899
f 6707 6900 6708
f 6707 6899 6900
f 6708 6901 6709
f 6708 6900 6901
f 6709 6902 6710
f 6709 6901 6902
f 6710 6903 6711
f 6710 6902 6903
f 6711 6904 6712
f 6711 6903 6904
f 6712 6905 6713
f 6712 6904 6905
f 6713 6906 6714
f 6713 6905 6906
f 6714 6907 6715
f 6714 6906 6907
f 6715 6908 6716
f 6715 6907 6908
f 6716 6909 6717
f 6716 6908 6909
f 6717 6910 6718
f 6717 6909 6910
f 6718 6911 6719
f 6718 6910 6911
f 6719 6912 6720
f 6719 6911 6912
f 6720 6817 6625
f 6720 6912 6817
f 6721 6722 6914
f 6721 6914 6913
f 6722 6723 6915
f 6722 6915 6914
f 6723 6724 6916
f 6723 6916 6915
f 6724 6725 6917
f 6724 6917 6916
f 6725 6726 6918
f 6725 6918 6917
f 6726 6727 6919
f 6726 6919 6918
f 6727 6728 6920
f 6727 6920 6919
f 6728 6729 6921
f 6728 6921 6920
f 6729 6730 6922
f 6729 6922 6921
f 6730 6731 6923
f 6730 6923 6922
f 6731 6732 6924
f 6731 6924 6923
f 6732 6733 6925
f 6732 6925 6924
f 6733 6734 6926
f 6733 6926 6925
f 6734 6735 6927
f 6734 6927 6926
f 6735 6736 6928
f 6735 6928 6927
f 6736 6737 6929
f 6736 6929 6928
f 6737 6738 6930
f 6737 6930 6929
f 6738 6739 6931
f 6738 6931 6930
f 6739 6740 6932
f 6739 6932 6931
f 6740 6741 6933
f 6740 6933 6932
f 6741 6742 6934
f 6741 6934 6933
f 6742 6743 6935
f 6742 6935 6934
f 6743 6744 6936
f 6743 6936 6935
f 6744 6745 6937
f 6744 6937 6936
f 6745 6746 6938
f 6745 6938 6937
f 6746 6747 6939
f 6746 6939 6938
f 6747 6748 6940
f 6747 6940 6939
f 6748 6749 6941
f 6748 6941 6940
f 6749 6750 6942
f 6749 6942 6941
f 6750 6751 6943
f 6750 6943 6942
f 6751 6752 6944
f 6751 6944 6943
f 6752 6753 6945
f 6752 6945 6944
f 6753 6754 6946
f 6753 6946 6945
f 6754 6755 6947
f 6754 6947 6946
f 6755 6756 6948
f 6755 6948 6947
f 6756 6757 6949
f 6756 6949 6948
f 6757 6758 6950
f 6757 6950 6949
f 6758 6759 6951
f 6758 6951 6950
f 6759 6760 6952
f 6759 6952 6951
f 6760 6761 6953
f 6760 6953 6952
f 6761 6762 6954
f 6761 6954 6953
f 6762 6763 6955
f 6762 6955 6954
f 6763 6764 6956
f 6763 6956 6955
f 6764 6765 6957
f 6764 6957 6956
f 6765 6766 6958
f 6765 6958 6957
f 6766 6767 6959
f 6766 6959 6958
f 6767 6768 6960
f 6767 6960 6959
f 6768 6769 6961
f 6768 6961 6960
f 6769 6770 6962
f 6769 6962 6961
f 6770 6771 6963
f 6770 6963 6962
f 6771 6772 6964
f 6771 6964 6963
f 6772 6773 6965
f 6772 6965 6964
f 6773 6774 6966
f 6773 6966 6965
f 6774 6775 6967
f 6774 6967 6966
f 6775 6776 6968
f 6775 6968 6967
f 6776 6777 6969
f 6776 6969 6968
f 6777 6778 6970
f 6777 6970 6969
f 6778 6779 6971
f 6778 6971 6970
f 6779 6780 6972
f 6779 6972 6971
f 6780 6781 6973
f 6780 6973 6972
f 6781 6782 6974
f 6781 6974 6973
f 6782 6783 6975
f 6782 6975 6974
f 6783 6784 6976
f 6783 6976 6975
f 6784 6785 6977
f 6784 6977 6976
f 6785 6786 6978
f 6785 6978 6977
f 6786 6787 6979
f 6786 6979 6978
f 6787 6788 6980
f 6787 6980 6979
f 6788 6789 6981
f 6788 6981 6980
f 6789 6790 6982
f 6789 6982 6981
f 6790 6791 6983
f 6790 6983 6982
f 6791 6792 6984
f 6791 6984 6983
f 6792 6793 6985
f 6792 6985 6984
f 6793 6794 6986
f 6793 6986 6985
f 6794 6795 6987
f 6794 6987 6986
f 6795 6796 6988
f 6795 6988 6987
f 6796 6797 6989
f 6796 6989 6988
f 6797 6798 6990
f 6797 6990 6989
f 6798 6799 6991
f 6798 6991 6990
f 6799 6800 6992
f 6799 6992 6991
f 6800 6801 6993
f 6800 6993 6992
f 6801 6802 6994
f 6801 6994 6993
f 6802 6803 6995
f 6802 6995 6994
f 6803 6804 6996
f 6803 6996 6995
f 6804 6805 6997
f 6804 6997 6996
f 6805 6806 6998
f 6805 6998 6997
f 6806 6807 6999
f 6806 6999 6998
f 6807 6808 7000
f 6807 7000 6999
f 6808 6809 7001
f 6808 7001 7000
f 6809 6810 7002
f 6809 7002 7001
f 6810 6811 7003
f 6810 7003 7002
f 6811 6812 7004
f 6811 7004 7003
f 6812 6813 7005
f 6812 7005 7004
f 6813 6814 7006
f 6813 7006 7005
f 6814 6815 7007
f 6814 7007 7006
f 6815 6816 7008
f 6815 7008 7007
f 6816 6721 6913
f 6816 6913 7008
f 6817 7010 6818
f 6817 7009 7010
f 6818 7011 6819
f 6818 7010 7011
f 6819 7012 6820
f 6819 7011 7012
f 6820 7013 6821
f 6820 7012 7013
f 6821 7014 6822
f 6821 7013 7014
f 6822 7015 6823
f 6822 7014 7015
f 6823 7016 6824
f 6823 7015 7016
f 6824 7017 6825
f 6824 7016 7017
f 6825 7018 6826
f 6825 7017 7018
f 6826 7019 6827
f 6826 7018 7019
f 6827 7020 6828
f 6827 7019 7020
f 6828 7021 6829
f 6828 7020 7021
f 6829 7022 6830
f 6829 7021 7022
f 6830 7023 6831
f 6830 7022 7023
f 6831 7024 6832
f 6831 7023 7024
f 6832 7025 6833
f 6832 7024 7025
f 6833 7026 6834
f 6833 7025 7026
f 6834 7027 6835
f 6834 7026 7027
f 6835 7028 6836
f 6835 7027 7028
f 6836 7029 6837
f 6836 7028 7029
f 6837 7030 6838
f 6837 7029 7030
f 6838 7031 6839
f 6838 7030 7031
f 6839 7032 6840
f 6839 7031 7032
f 6840 7033 6841
f 6840 7032 7033
f 6841 7034 6842
f 6841 7033 7034
f 6842 7035 6843
f 6842 7034 7035
f 6843 7036 6844
f 6843 7035 7036
f 6844 7037 6845
f 6844 7036 7037
f 6845 7038 6846
f 6845 7037 7038
f 6846 7039 6847
f 6846 7038 7039
f 6847 7040 6848
f 6847 7039 7040
f 6848 7041 6849
f 6848 7040 7041
f 6849 7042 6850
f 6849 7041 7042
f 6850 7043 6851
f 6850 7042 7043
f 6851 7044 6852
f 6851 7043 7044
f 6852 7045 6853
f 6852 7044 7045
f 6853 7046 6854
f 6853 7045 7046
f 6854 7047 6855
f 6854 7046 7047
f 6855 7048 6856
f 6855 7047 7048
f 6856 7049 6857
f 6856 7048 7049
f 6857 7050 6858
f 6857 7049 7050
f 6858 7051 6859
f 6858 7050 7051
f 6859 7052 6860
f 6859 7051 7052
f 6860 7053 6861
f 6860 7052 7053
f 6861 7054 6862
f 6861 7053 7054
f 6862 7055 6863
f 6862 7054 7055
f 6863 7056 6864
f 6863 7055 7056
f 6864 7057 6865
f 6864 7056 7057
f 6865 7058 6866
f 6865 7057 7058
f 6866 7059 6867
f 6866 7058 7059
f 6867 7060 6868
f 6867 7059 7060
f 6868 7061 6869
f 6868 7060 7061
f 6869 7062 6870
f 6869 7061 7062
f 6870 7063 6871
f 6870 7062 7063
f 6871 7064 6872
f 6871 7063 7064
f 6872 7065 6873
f 6872 7064 7065
f 6873 7066 6874
f 6873 7065 7066
f 6874 7067 6875
f 6874 7066 7067
f 6875 7068 6876
f 6875 7067 7068
f 6876 7069 6877
f 6876 7068 7069
f 6877 7070 6878
f 6877 7069 7070
f 6878 7071 6879
f 6878 7070 7071
f 6879 7072 6880
f 6879 7071 7072
f 6880 7073 6881
f 6880 7072 7073
f 6881 7074 6882
f 6881 7073 7074
f 6882 7075 6883
f 6882 7074 7075
f 6883 7076 6884
f 6883 7075 7076
f 6884 7077 6885
f 6884 7076 7077
f 6885 7078 6886
f 6885 7077 7078
f 6886 7079 6887
f 6886 7078 7079
f 6887 7080 6888
f 6887 7079 7080
f 6888 7081 6889
f 6888 7080 7081
f 6889 7082 6890
f 6889 7081 7082
f 6890 7083 6891
f 6890 7082 7083
f 6891 7084 6892
f 6891 7083 7084
f 6892 7085 6893
f 6892 7084 7085
f 6893 7086 6894
f 6893 7085 7086
f 6894 7087 6895
f 6894 7086 7087
f 6895 7088 6896
f 6895 7087 7088
f 6896 7089 6897
f 6896 7088 7089
f 6897 7090 6898
f 6897 7089 7090
f 6898 7091 6899
f 6898 7090 7091
f 6899 7092 6900
f 6899 7091 7092
f 6900 7093 6901
f 6900 7092 7093
f 6901 7094 6902
f 6901 7093 7094
f 6902 7095 6903
f 6902 7094 7095
f 6903 7096 6904
f 6903 7095 7096
f 6904 7097 6905
f 6904 7096 7097
f 6905 7098 6906
f 6905 7097 7098
f 6906 7099 6907
f 6906 7098 7099
f 6907 7100 6908
f 6907 7099 7100
f 6908 7101 6909
f 6908 7100 7101
f 6909 7102 6910
f 6909 7101 7102
f 6910 7103 6911
f 6910 7102 7103
f 6911 7104 6912
f 6911 7103 7104
f 6912 7009 6817
f 6912 7104 7009
f 6913 6914 7106
f 6913 7106 7105
f 6914 6915 7107
f 6914 7107 7106
f 6915 6916 7108
f 6915 7108 7107
f 6916 6917 7109
f 6916 7109 7108
f 6917 6918 7110
f 6917 7110 7109
f 6918 6919 7111
f 6918 7111 7110
f 6919 6920 7112
f 6919 7112 7111
f 6920 6921 7113
f 6920 7113 7112
f 6921 6922 7114
f 6921 7114 7113
f 6922 6923 7115
f 6922 7115 7114
f 6923 6924 7116
f 6923 7116 7115
f 6924 6925 7117
f 6924 7117 7116
f 6925 6926 7118
f 6925 7118 7117
f 6926 6927 7119
f 6926 7119 7118
f 6927 6928 7120
f 6927 7120 7119
f 6928 6929 7121
f 6928 7121 7120
f 6929 6930 7122
f 6929 7122 7121
f 6930 6931 7123
f 6930 7123 7122
f 6931 6932 7124
f 6931 7124 7123
f 6932 6933 7125
f 6932 7125 7124
f 6933 6934 7126
f 6933 7126 7125
f 6934 6935 7127
f 6934 7127 7126
f 6935 6936 7128
f 6935 7128 7127
f 6936 6937 7129
f 6936 7129 7128
f 6937 6938 7130
f 6937 7130 7129
f 6938 6939 7131
f 6938 7131 7130
f 6939 6940 7132
f 6939 7132 7131
f 6940 6941 7133
f 6940 7133 7132
f 6941 6942 7134
f 6941 7134 7133
f 6942 6943 7135
f 6942 7135 7134
f 6943 6944 7136
f 6943 7136 7135
f 6944 6945 7137
f 6944 7137 7136
f 6945 6946 7138
f 6945 7138 7137
f 6946 6947 7139
f 6946 7139 7138
f 6947 6948 7140
f 6947 7140 7139
f 6948 6949 7141
f 6948 7141 7140
f 6949 6950 7142
f 6949 7142 7141
f 6950 6951 7143
f 6950 7143 7142
f 6951 6952 7144
f 6951 7144 7143
f 6952 6953 7145
f 6952 7145 7144
f 6953 6954 7146
f 6953 7146 7145
f 6954 6955 7147
f 6954 7147 7146
f 6955 6956 7148
f 6955 7148 7147
f 6956 6957 7149
f 6956 7149 7148
f 6957 6958 7150
f 6957 7150 7149
f 6958 6959 7151
f 6958 7151 7150
f 6959 6960 7152
f 6959 7152 7151
f 6960 6961 7153
f 6960 7153 7152
f 6961 6962 7154
f 6961 7154 7153
f 6962 6963 7155
f 6962 7155 7154
f 6963 6964 7156
f 6963 7156 7155
f 6964 6965 7157
f 6964 7157 7156
f 6965 6966 7158
f 6965 7158 7157
f 6966 6967 7159
f 6966 7159 7158
f 6967 6968 7160
f 6967 7160 7159
f 6968 6969 7161
f 6968 7161 7160
f 6969 6970 7162
f 6969 7162 7161
f 6970 6971 7163
f 6970 7163 7162
f 6971 6972 7164
f 6971 7164 7163
f 6972 6973 7165
f 6972 7165 7164
f 6973 6974 7166
f 6973 7166 7165
f 6974 6975 7167
f 6974 7167 7166
f 6975 6976 7168
f 6975 7168 7167
f 6976 6977 7169
f 6976 7169 7168
f 6977 6978 7170
f 6977 7170 7169
f 6978 6979 7171
f 6978 7171 7170
f 6979 6980 7172
f 6979 7172 7171
f 6980 6981 7173
f 6980 7173 7172
f 6981 6982 7174
f 6981 7174 7173
f 6982 6983 7175
f 6982 7175 7174
f 6983 6984 7176
f 6983 7176 7175
f 6984 6985 7177
f 6984 7177 7176
f 6985 6986 7178
f 6985 7178 7177
f 6986 6987 7179
f 6986 7179 7178
f 6987 6988 7180
f 6987 7180 7179
f 6988 6989 7181
f 6988 7181 7180
f 6989 6990 7182
f 6989 7182 7181
f 6990 6991 7183
f 6990 7183 7182
f 6991 6992 7184
f 6991 7184 7183
f 6992 6993 7185
f 6992 7185 7184
f 6993 6994 7186
f 6993 7186 7185
f 6994 6995 7187
f 6994 7187 7186
f 6995 6996 7188
f 6995 7188 7187
f 6996 6997 7189
f 6996 7189 7188
f 6997 6998 7190
f 6997 7190 7189
f 6998 6999 7191
f 6998 7191 7190
f 6999 7000 7192
f 6999 7192 7191
f 7000 7001 7193
f 7000 7193 7192
f 7001 7002 7194
f 7001 7194 7193
f 7002 7003 7195
f 7002 7195 7194
f 7003 7004 7196
f 7003 7196 7195
f 7004 7005 7197
f 7004 7197 7196
f 7005 7006 7198
f 7005 7198 7197
f 7006 7007 7199
f 7006 7199 7198
f 7007 7008 7200
f 7007 7200 7199
f 7008 6913 7105
f 7008 7105 7200
f 7009 7202 7010
f 7009 7201 7202
f 7010 7203 7011
f 7010 7202 7203
f 7011 7204 7012
f 7011 7203 7204
f 7012 7205 7013
f 7012 7204 7205
f 7013 7206 7014
f 7013 7205 7206
f 7014 7207 7015
f 7014 7206 7207
f 7015 7208 7016
f 7015 7207 7208
f 7016 7209 7017
f 7016 7208 7209
f 7017 7210 7018
f 7017 7209 7210
f 7018 7211 7019
f 7018 7210 7211
f 7019 7212 7020
f 7019 7211 7212
f 7020 7213 7021
f 7020 7212 7213
f 7021 7214 7022
f 7021 7213 7214
f 7022 7215 7023
f 7022 7214 7215
f 7023 7216 7024
f 7023 7215 7216
f 7024 7217 7025
f 7024 7216 7217
f 7025 7218 7026
f 7025 7217 7218
f 7026 7219 7027
f 7026 7218 7219
f 7027 7220 7028
f 7027 7219 7220
f 7028 7221 7029
f 7028 7220 7221
f 7029 7222 7030
f 7029 7221 7222
f 7030 7223 7031
f 7030 7222 7223
f 7031 7224 7032
f 7031 7223 7224
f 7032 7225 7033
f 7032 7224 7225
f 7033 7226 7034
f 7033 7225 7226
f 7034 7227 7035
f 7034 7226 7227
f 7035 7228 7036
f 7035 7227 7228
f 7036 7229 7037
f 7036 7228 7229
f 7037 7230 7038
f 7037 7229 7230
f 7038 7231 7039
f 7038 7230 7231
f 7039 7232 7040
f 7039 7231 7232
f 7040 7233 7041
f 7040 7232 7233
f 7041 7234 7042
f 7041 7233 7234
f 7042 7235 7043
f 7042 7234 7235
f 7043 7236 7044
f 7043 7235 7236
f 7044 7237 7045
f 7044 7236 7237
f 7045 7238 7046
f 7045 7237 7238
f 7046 7239 7047
f 7046 7238 7239
f 7047 7240 7048
f 7047 7239 7240
f 7048 7241 7049
f 7048 7240 7241
f 7049 7242 7050
f 7049 7241 7242
f 7050 7243 7051
f 7050 7242 7243
f 7051 7244 7052
f 7051 7243 7244
f 7052 7245 7053
f 7052 7244 7245
f 7053 7246 7054
f 7053 7245 7246
f 7054 7247 7055
f 7054 7246 7247
f 7055 7248 7056
f 7055 7247 7248
f 7056 7249 7057
f 7056 7248 7249
f 7057 7250 7058
f 7057 7249 7250
f 7058 7251 7059
f 7058 7250 7251
f 7059 7252 7060
f 7059 7251 7252
f 7060 7253 7061
f 7060 7252 7253
f 7061 7254 7062
f 7061 7253 7254
f 7062 7255 7063
f 7062 7254 7255
f 7063 7256 7064
f 7063 7255 7256
f 7064 7257 7065
f 7064 7256 7257
f 7065 7258 7066
f 7065 7257 7258
f 7066 7259 7067
f 7066 7258 7259
f 7067 7260 7068
f 7067 7259 7260
f 7068 7261 7069
f 7068 7260 7261
f 7069 7262 7070
f 7069 7261 7262
f 7070 7263 7071
f 7070 7262 7263
f 7071 7264 7072
f 7071 7263 7264
f 7072 7265 7073
f 7072 7264 7265
f 7073 7266 7074
f 7073 7265 7266
f 7074 7267 7075
f 7074 7266 7267
f 7075 7268 7076
f 7075 7267 7268
f 7076 7269 7077
f 7076 7268 7269
f 7077 7270 7078
f 7077 7269 7270
f 7078 7271 7079
f 7078 7270 7271
f 7079 7272 7080
f 7079 7271 7272
f 7080 7273 7081
f 7080 7272 7273
f 7081 7274 7082
f 7081 7273 7274
f 7082 7275 7083
f 7082 7274 7275
f 7083 7276 7084
f 7083 7275 7276
f 7084 7277 7085
f 7084 7276 7277
f 7085 7278 7086
f 7085 7277 7278
f 7086 7279 7087
f 7086 7278 7279
f 7087 7280 7088
f 7087 7279 7280
f 7088 7281 7089
f 7088 7280 7281
f 7089 7282 7090
f 7089 7281 7282
f 7090 7283 7091
f 7090 7282 7283
f 7091 7284 7092
f 7091 7283 7284
f 7092 7285 7093
f 7092 7284 7285
f 7093 7286 7094
f 7093 7285 7286
f 7094 7287 7095
f 7094 7286 7287
f 7095 7288 7096
f 7095 7287 7288
f 7096 7289 7097
f 7096 7288 7289
f 7097 7290 7098
f 7097 7289 7290
f 7098 7291 7099
f 7098 7290 7291
f 7099 7292 7100
f 7099 7291 7292
f 7100 7293 7101
f 7100 7292 7293
f 7101 7294 7102
f 7101 7293 7294
f 7102 7295 7103
f 7102 7294 7295
f 7103 7296 7104
f 7103 7295 7296
f 7104 7201 7009
f 7104 7296 7201
f 7105 7106 7298
f 7105 7298 7297
f 7106 7107 7299
f 7106 7299 7298
f 7107 7108 7300
f 7107 7300 7299
f 7108 7109 7301
f 7108 7301 7300
f 7109 7110 7302
f 7109 7302 7301
f 7110 7111 7303
f 7110 7303 7302
f 7111 7112 7304
f 7111 7304 7303
f 7112 7113 7305
f 7112 7305 7304
f 7113 7114 7306
f 7113 7306 7305
f 7114 7115 7307
f 7114 7307 7306
f 7115 7116 7308
f 7115 7308 7307
f 7116 7117 7309
f 7116 7309 7308
f 7117 7118 7310
f 7117 7310 7309
f 7118 7119 7311
f 7118 7311 7310
f 7119 7120 7312
f 7119 7312 7311
f 7120 7121 7313
f 7120 7313 7312
f 7121 7122 7314
f 7121 7314 7313
f 7122 7123 7315
f 7122 7315 7314
f 7123 7124 7316
f 7123 7316 7315
f 7124 7125 7317
f 7124 7317 7316
f 7125 7126 7318
f 7125 7318 7317
f 7126 7127 7319
f 7126 7319 7318
f 7127 7128 7320
f 7127 7320 7319
f 7128 7129 7321
f 7128 7321 7320
f 7129 7130 7322
f 7129 7322 7321
f 7130 7131 7323
f 7130 7323 7322
f 7131 7132 7324
f 7131 7324 7323
f 7132 7133 7325
f 7132 7325 7324
f 7133 7134 7326
f 7133 7326 7325
f 7134 7135 7327
f 7134 7327 7326
f 7135 7136 7328
f 7135 7328 7327
f 7136 7137 7329
f 7136 7329 7328
f 7137 7138 7330
f 7137 7330 7329
f 7138 7139 7331
f 7138 7331 7330
f 7139 7140 7332
f 7139 7332 7331
f 7140 7141 7333
f 7140 7333 7332
f 7141 7142 7334
f 7141 7334 7333
f 7142 7143 7335
f 7142 7335 7334
f 7143 7144 7336
f 7143 7336 7335
f 7144 7145 7337
f 7144 7337 7336
f 7145 7146 7338
f 7145 7338 7337
f 7146 7147 7339
f 7146 7339 7338
f 7147 7148 7340
f 7147 7340 7339
f 7148 7149 7341
f 7148 7341 7340
f 7149 7150 7342
f 7149 7342 7341
f 7150 7151 7343
f 7150 7343 7342
f 7151 7152 7344
f 7151 7344 7343
f 7152 7153 7345
f 7152 7345 7344
f 7153 7154 7346
f 7153 7346 7345
f 7154 7155 7347
f 7154 7347 7346
f 7155 7156 7348
f 7155 7348 7347
f 7156 7157 7349
f 7156 7349 7348
f 7157 7158 7350
f 7157 7350 7349
f 7158 7159 7351
f 7158 7351 7350
f 7159 7160 7352
f 7159 7352 7351
f 7160 7161 7353
f 7160 7353 7352
f 7161 7162 7354
f 7161 7354 7353
f 7162 7163 7355
f 7162 7355 7354
f 7163 7164 7356
f 7163 7356 7355
f 7164 7165 7357
f 7164 7357 7356
f 7165 7166 7358
f 7165 7358 7357
f 7166 7167 7359
f 7166 7359 7358
f 7167 7168 7360
f 7167 7360 7359
f 7168 7169 7361
f 7168 7361 7360
f 7169 7170 7362
f 7169 7362 7361
f 7170 7171 7363
f 7170 7363 7362
f 7171 7172 7364
f 7171 7364 7363
f 7172 7173 7365
f 7172 7365 7364
f 7173 7174 7366
f 7173 7366 7365
f 7174 7175 7367
f 7174 7367 7366
f 7175 7176 7368
f 7175 7368 7367
f 7176 7177 7369
f 7176 7369 7368
f 7177 7178 7370
f 7177 7370 7369
f 7178 7179 7371
f 7178 7371 7370
f 7179 7180 7372
f 7179 7372 7371
f 7180 7181 7373
f 7180 7373 7372
f 7181 7182 7374
f 7181 7374 7373
f 7182 7183 7375
f 7182 7375 7374
f 7183 7184 7376
f 7183 7376 7375
f 7184 7185 7377
f 7184 7377 7376
f 7185 7186 7378
f 7185 7378 7377
f 7186 7187 7379
f 7186 7379 7378
f 7187 7188 7380
f 7187 7380 7379
f 7188 7189 7381
f 7188 7381 7380
f 7189 7190 7382
f 7189 7382 7381
f 7190 7191 7383
f 7190 7383 7382
f 7191 7192 7384
f 7191 7384 7383
f 7192 7193 7385
f 7192 7385 7384
f 7193 7194 7386
f 7193 7386 7385
f 7194 7195 7387
f 7194 7387 7386
f 7195 7196 7388
f 7195 7388 7387
f 7196 7197 7389
f 7196 7389 7388
f 7197 7198 7390
f 7197 7390 7389
f 7198 7199 7391
f 7198 7391 7390
f 7199 7200 7392
f 7199 7392 7391
f 7200 7105 7297
f 7200 7297 7392
f 7201 7394 7202
f 7201 7393 7394
f 7202 7395 7203
f 7202 7394 7395
f 7203 7396 7204
f 7203 7395 7396
f 7204 7397 7205
f 7204 7396 7397
f 7205 7398 7206
f 7205 7397 7398
f 7206 7399 7207
f 7206 7398 7399
f 7207 7400 7208
f 7207 7399 7400
f 7208 7401 7209
f 7208 7400 7401
f 7209 7402 7210
f 7209 7401 7402
f 7210 7403 7211
f 7210 7402 7403
f 7211 7404 7212
f 7211 7403 7404
f 7212 7405 7213
f 7212 7404 7405
f 7213 7406 7214
f 7213 7405 7406
f 7214 7407 7215
f 7214 7406 7407
f 7215 7408 7216
f 7215 7407 7408
f 7216 7409 7217
f 7216 7408 7409
f 7217 7410 7218
f 7217 7409 7410
f 7218 7411 7219
f 7218 7410 7411
f 7219 7412 7220
f 7219 7411 7412
f 7220 7413 7221
f 7220 7412 7413
f 7221 7414 7222
f 7221 7413 7414
f 7222 7415 7223
f 7222 7414 7415
f 7223 7416 7224
f 7223 7415 7416
f 7224 7417 7225
f 7224 7416 7417
f 7225 7418 7226
f 7225 7417 7418
f 7226 7419 7227
f 7226 7418 7419
f 7227 7420 7228
f 7227 7419 7420
f 7228 7421 7229
f 7228 7420 7421
f 7229 7422 7230
f 7229 7421 7422
f 7230 7423 7231
f 7230 7422 7423
f 7231 7424 7232
f 7231 7423 7424
f 7232 7425 7233
f 7232 7424 7425
f 7233 7426 7234
f 7233 7425 7426
f 7234 7427 7235
f 7234 7426 7427
f 7235 7428 7236
f 7235 7427 7428
f 7236 7429 7237
f 7236 7428 7429
f 7237 7430 7238
f 7237 7429 7430
f 7238 7431 7239
f 7238 7430 7431
f 7239 7432 7240
f 7239 7431 7432
f 7240 7433 7241
f 7240 7432 7433
f 7241 7434 7242
f 7241 7433 7434
f 7242 7435 7243
f 7242 7434 7435
f 7243 7436 7244
f 7243 7435 7436
f 7244 7437 7245
f 7244 7436 7437
f 7245 7438 7246
f 7245 7437 7438
f 7246 7439 7247
f 7246 7438 7439
f 7247 7440 7248
f 7247 7439 7440
f 7248 7441 7249
f 7248 7440 7441
f 7249 7442 7250
f 7249 7441 7442
f 7250 7443 7251
f 7250 7442 7443
f 7251 7444 7252
f 7251 7443 7444
f 7252 7445 7253
f 7252 7444 7445
f 7253 7446 7254
f 7253 7445 7446
f 7254 7447 7255
f 7254 7446 7447
f 7255 7448 7256
f 7255 7447 7448
f 7256 7449 7257
f 7256 7448 7449
f 7257 7450 7258
f 7257 7449 7450
f 7258 7451 7259
f 7258 7450 7451
f 7259 7452 7260
f 7259 7451 7452
f 7260 7453 7261
f 7260 7452 7453
f 7261 7454 7262
f 7261 7453 7454
f 7262 7455 7263
f 7262 7454 7455
f 7263 7456 7264
f 7263 7455 7456
f 7264 7457 7265
f 7264 7456 7457
f 7265 7458 7266
f 7265 7457 7458
f 7266 7459 7267
f 7266 7458 7459
f 7267 7460 7268
f 7267 7459 7460
f 7268 7461 7269
f 7268 7460 7461
f 7269 7462 7270
f 7269 7461 7462
f 7270 7463 7271
f 7270 7462 7463
f 7271 7464 7272
f 7271 7463 7464
f 7272 7465 7273
f 7272 7464 7465
f 7273 7466 7274
f 7273 7465 7466
f 7274 7467 7275
f 7274 7466 7467
f 7275 7468 7276
f 7275 7467 7468
f 7276 7469 7277
f 7276 7468 7469
f 7277 7470 7278
f 7277 7469 7470
f 7278 7471 7279
f 7278 7470 7471
f 7279 7472 7280
f 7279 7471 7472
f 7280 7473 7281
f 7280 7472 7473
f 7281 7474 7282
f 7281 7473 7474
f 7282 7475 7283
f 7282 7474 7475
f 7283 7476 7284
f 7283 7475 7476
f 7284 7477 7285
f 7284 7476 7477
f 7285 7478 7286
f 7285 7477 7478
f 7286 7479 7287
f 7286 7478 7479
f 7287 7480 7288
f 7287 7479 7480
f 7288 7481 7289
f 7288 7480 7481
f 7289 7482 7290
f 7289 7481 7482
f 7290 7483 7291
f 7290 7482 7483
f 7291 7484 7292
f 7291 7483 7484
f 7292 7485 7293
f 7292 7484 7485
f 7293 7486 7294
f 7293 7485 7486
f 7294 7487 7295
f 7294 7486 7487
f 7295 7488 7296
f 7295 7487 7488
f 7296 7393 7201
f 7296 7488 7393
f 7297 7298 7490
f 7297 7490 7489
f 7298 7299 7491
f 7298 7491 7490
f 7299 7300 7492
f 7299 7492 7491
f 7300 7301 7493
f 7300 7493 7492
f 7301 7302 7494
f 7301 7494 7493
f 7302 7303 7495
f 7302 7495 7494
f 7303 7304 7496
f 7303 7496 7495
f 7304 7305 7497
f 7304 7497 7496
f 7305 7306 7498
f 7305 7498 7497
f 7306 7307 7499
f 7306 7499 7498
f 7307 7308 7500
f 7307 7500 7499
f 7308 7309 7501
f 7308 7501 7500
f 7309 7310 7502
f 7309 7502 7501
f 7310 7311 7503
f 7310 7503 7502
f 7311 7312 7504
f 7311 7504 7503
f 7312 7313 7505
f 7312 7505 7504
f 7313 7314 7506
f 7313 7506 7505
f 7314 7315 7507
f 7314 7507 7506
f 7315 7316 7508
f 7315 7508 7507
f 7316 7317 7509
f 7316 7509 7508
f 7317 7318 7510
f 7317 7510 7509
f 7318 7319 7511
f 7318 7511 7510
f 7319 7320 7512
f 7319 7512 7511
f 7320 7321 7513
f 7320 7513 7512
f 7321 7322 7514
f 7321 7514 7513
f 7322 7323 7515
f 7322 7515 7514
f 7323 7324 7516
f 7323 7516 7515
f 7324 7325 7517
f 7324 7517 7516
f 7325 7326 7518
f 7325 7518 7517
f 7326 7327 7519
f 7326 7519 7518
f 7327 7328 7520
f 7327 7520 7519
f 7328 7329 7521
f 7328 7521 7520
f 7329 7330 7522
f 7329 7522 7521
f 7330 7331 7523
f 7330 7523 7522
f 7331 7332 7524
f 7331 7524 7523
f 7332 7333 7525
f 7332 7525 7524
f 7333 7334 7526
f 7333 7526 7525
f 7334 7335 7527
f 7334 7527 7526
f 7335 7336 7528
f 7335 7528 7527
f 7336 7337 7529
f 7336 7529 7528
f 7337 7338 7530
f 7337 7530 7529
f 7338 7339 7531
f 7338 7531 7530
f 7339 7340 7532
f 7339 7532 7531
f 7340 7341 7533
f 7340 7533 7532
f 7341 7342 7534
f 7341 7534 7533
f 7342 7343 7535
f 7342 7535 7534
f 7343 7344 7536
f 7343 7536 7535
f 7344 7345 7537
f 7344 7537 7536
f 7345 7346 7538
f 7345 7538 7537
f 7346 7347 7539
f 7346 7539 7538
f 7347 7348 7540
f 7347 7540 7539
f 7348 7349 7541
f 7348 7541 7540
f 7349 7350 7542
f 7349 7542 7541
f 7350 7351 7543
f 7350 7543 7542
f 7351 7352 7544
f 7351 7544 7543
f 7352 7353 7545
f 7352 7545 7544
f 7353 7354 7546
f 7353 7546 7545
f 7354 7355 7547
f 7354 7547 7546
f 7355 7356 7548
f 7355 7548 7547
f 7356 7357 7549
f 7356 7549 7548
f 7357 7358 7550
f 7357 7550 7549
f 7358 7359 7551
f 7358 7551 7550
f 7359 7360 7552
f 7359 7552 7551
f 7360 7361 7553
f 7360 7553 7552
f 7361 7362 7554
f 7361 7554 7553
f 7362 7363 7555
f 7362 7555 7554
f 7363 7364 7556
f 7363 7556 7555
f 7364 7365 7557
f 7364 7557 7556
f 7365 7366 7558
f 7365 7558 7557
f 7366 7367 7559
f 7366 7559 7558
f 7367 7368 7560
f 7367 7560 7559
f 7368 7369 7561
f 7368 7561 7560
f 7369 7370 7562
f 7369 7562 7561
f 7370 7371 7563
f 7370 7563 7562
f 7371 7372 7564
f 7371 7564 7563
f 7372 7373 7565
f 7372 7565 7564
f 7373 7374 7566
f 7373 7566 7565
f 7374 7375 7567
f 7374 7567 7566
f 7375 7376 7568
f 7375 7568 7567
f 7376 7377 7569
f 7376 7569 7568
f 7377 7378 7570
f 7377 7570 7569
f 7378 7379 7571
f 7378 7571 7570
f 7379 7380 7572
f 7379 7572 7571
f 7380 7381 7573
f 7380 7573 7572
f 7381 7382 7574
f 7381 7574 7573
f 7382 7383 7575
f 7382 7575 7574
f 7383 7384 7576
f 7383 7576 7575
f 7384 7385 7577
f 7384 7577 7576
f 7385 7386 7578
f 7385 7578 7577
f 7386 7387 7579
f 7386 7579 7578
f 7387 7388 7580
f 7387 7580 7579
f 7388 7389 7581
f 7388 7581 7580
f 7389 7390 7582
f 7389 7582 7581
f 7390 7391 7583
f 7390 7583 7582
f 7391 7392 7584
f 7391 7584 7583
f 7392 7297 7489
f 7392 7489 7584
f 7393 7586 7394
f 7393 7585 7586
f 7394 7587 7395
f 7394 7586 7587
f 7395 7588 7396
f 7395 7587 7588
f 7396 7589 7397
f 7396 7588 7589
f 7397 7590 7398
f 7397 7589 7590
f 7398 7591 7399
f 7398 7590 7591
f 7399 7592 7400
f 7399 7591 7592
f 7400 7593 7401
f 7400 7592 7593
f 7401 7594 7402
f 7401 7593 7594
f 7402 7595 7403
f 7402 7594 7595
f 7403 7596 7404
f 7403 7595 7596
f 7404 7597 7405
f 7404 7596 7597
f 7405 7598 7406
f 7405 7597 7598
f 7406 7599 7407
f 7406 7598 7599
f 7407 7600 7408
f 7407 7599 7600
f 7408 7601 7409
f 7408 7600 7601
f 7409 7602 7410
f 7409 7601 7602
f 7410 7603 7411
f 7410 7602 7603
f 7411 7604 7412
f 7411 7603 7604
f 7412 7605 7413
f 7412 7604 7605
f 7413 7606 7414
f 7413 7605 7606
f 7414 7607 7415
f 7414 7606 7607
f 7415 7608 7416
f 7415 7607 7608
f 7416 7609 7417
f 7416 7608 7609
f 7417 7610 7418
f 7417 7609 7610
f 7418 7611 7419
f 7418 7610 7611
f 7419 7612 7420
f 7419 7611 7612
f 7420 7613 7421
f 7420 7612 7613
f 7421 7614 7422
f 7421 7613 7614
f 7422 7615 7423
f 7422 7614 7615
f 7423 7616 7424
f 7423 7615 7616
f 7424 7617 7425
f 7424 7616 7617
f 7425 7618 7426
f 7425 7617 7618
f 7426 7619 7427
f 7426 7618 7619
f 7427 7620 7428
f 7427 7619 7620
f 7428 7621 7429
f 7428 7620 7621
f 7429 7622 7430
f 7429 7621 7622
f 7430 7623 7431
f 7430 7622 7623
f 7431 7624 7432
f 7431 7623 7624
f 7432 7625 7433
f 7432 7624 7625
f 7433 7626 7434
f 7433 7625 7626
f 7434 7627 7435
f 7434 7626 7627
f 7435 7628 7436
f 7435 7627 7628
f 7436 7629 7437
f 7436 7628 7629
f 7437 7630 7438
f 7437 7629 7630
f 7438 7631 7439
f 7438 7630 7631
f 7439 7632 7440
f 7439 7631 7632
f 7440 7633 7441
f 7440 7632 7633
f 7441 7634 7442
f 7441 7633 7634
f 7442 7635 7443
f 7442 7634 7635
f 7443 7636 7444
f 7443 7635 7636
f 7444 7637 7445
f 7444 7636 7637
f 7445 7638 7446
f 7445 7637 7638
f 7446 7639 7447
f 7446 7638 7639
f 7447 7640 7448
f 7447 7639 7640
f 7448 7641 7449
f 7448 7640 7641
f 7449 7642 7450
f 7449 7641 7642
f 7450 7643 7451
f 7450 7642 7643
f 7451 7644 7452
f 7451 7643 7644
f 7452 7645 7453
f 7452 7644 7645
f 7453 7646 7454
f 7453 7645 7646
f 7454 7647 7455
f 7454 7646 7647
f 7455 7648 7456
f 7455 7647 7648
f 7456 7649 7457
f 7456 7648 7649
f 7457 7650 7458
f 7457 7649 7650
f 7458 7651 7459
f 7458 7650 7651
f 7459 7652 7460
f 7459 7651 7652
f 7460 7653 7461
f 7460 7652 7653
f 7461 7654 7462
f 7461 7653 7654
f 7462 7655 7463
f 7462 7654 7655
f 7463 7656 7464
f 7463 7655 7656
f 7464 7657 7465
f 7464 7656 7657
f 7465 7658 7466
f 7465 7657 7658
f 7466 7659 7467
f 7466 7658 7659
f 7467 7660 7468
f 7467 7659 7660
f 7468 7661 7469
f 7468 7660 7661
f 7469 7662 7470
f 7469 7661 7662
f 7470 7663 7471
f 7470 7662 7663
f 7471 7664 7472
f 7471 7663 7664
f 7472 7665 7473
f 7472 7664 7665
f 7473 7666 7474
f 7473 7665 7666
f 7474 7667 7475
f 7474 7666 7667
f 7475 7668 7476
f 7475 7667 7668
f 7476 7669 7477
f 7476 7668 7669
f 7477 7670 7478
f 7477 7669 7670
f 7478 7671 7479
f 7478 7670 7671
f 7479 7672 7480
f 7479 7671 7672
f 7480 7673 7481
f 7480 7672 7673
f 7481 7674 7482
f 7481 7673 7674
f 7482 7675 7483
f 7482 7674 7675
f 7483 7676 7484
f 7483 7675 7676
f 7484 7677 7485
f 7484 7676 7677
f 7485 7678 7486
f 7485 7677 7678
f 7486 7679 7487
f 7486 7678 7679
f 7487 7680 7488
f 7487 7679 7680
f 7488 7585 7393
f 7488 7680 7585
f 7489 7490 7682
f 7489 7682 7681
f 7490 7491 7683
f 7490 7683 7682
f 7491 7492 7684
f 7491 7684 7683
f 7492 7493 7685
f 7492 7685 7684
f 7493 7494 7686
f 7493 7686 7685
f 7494 7495 7687
f 7494 7687 7686
f 7495 7496 7688
f 7495 7688 7687
f 7496 7497 7689
f 7496 7689 7688
f 7497 7498 7690
f 7497 7690 7689
f 7498 7499 7691
f 7498 7691 7690
f 7499 7500 7692
f 7499 7692 7691
f 7500 7501 7693
f 7500 7693 7692
f 7501 7502 7694
f 7501 7694 7693
f 7502 7503 7695
f 7502 7695 7694
f 7503 7504 7696
f 7503 7696 7695
f 7504 7505 7697
f 7504 7697 7696
f 7505 7506 7698
f 7505 7698 7697
f 7506 7507 7699
f 7506 7699 7698
f 7507 7508 7700
f 7507 7700 7699
f 7508 7509 7701
f 7508 7701 7700
f 7509 7510 7702
f 7509 7702 7701
f 7510 7511 7703
f 7510 7703 7702
f 7511 7512 7704
f 7511 7704 7703
f 7512 7513 7705
f 7512 7705 7704
f 7513 7514 7706
f 7513 7706 7705
f 7514 7515 7707
f 7514 7707 7706
f 7515 7516 7708
f 7515 7708 7707
f 7516 7517 7709
f 7516 7709 7708
f 7517 7518 7710
f 7517 7710 7709
f 7518 7519 7711
f 7518 7711 7710
f 7519 7520 7712
f 7519 7712 7711
f 7520 7521 7713
f 7520 7713 7712
f 7521 7522 7714
f 7521 7714 7713
f 7522 7523 7715
f 7522 7715 7714
f 7523 7524 7716
f 7523 7716 7715
f 7524 7525 7717
f 7524 7717 7716
f 7525 7526 7718
f 7525 7718 7717
f 7526 7527 7719
f 7526 7719 7718
f 7527 7528 7720
f 7527 7720 7719
f 7528 7529 7721
f 7528 7721 7720
f 7529 7530 7722
f 7529 7722 7721
f 7530 7531 7723
f 7530 7723 7722
f 7531 7532 7724
f 7531 7724 7723
f 7532 7533 7725
f 7532 7725 7724
f 7533 7534 7726
f 7533 7726 7725
f 7534 7535 7727
f 7534 7727 7726
f 7535 7536 7728
f 7535 7728 7727
f 7536 7537 7729
f 7536 7729 7728
f 7537 7538 7730
f 7537 7730 7729
f 7538 7539 7731
f 7538 7731 7730
f 7539 7540 7732
f 7539 7732 7731
f 7540 7541 7733
f 7540 7733 7732
f 7541 7542 7734
f 7541 7734 7733
f 7542 7543 7735
f 7542 7735 7734
f 7543 7544 7736
f 7543 7736 7735
f 7544 7545 7737
f 7544 7737 7736
f 7545 7546 7738
f 7545 7738 7737
f 7546 7547 7739
f 7546 7739 7738
f 7547 7548 7740
f 7547 7740 7739
f 7548 7549 7741
f 7548 7741 7740
f 7549 7550 7742
f 7549 7742 7741
f 7550 7551 7743
f 7550 7743 7742
f 7551 7552 7744
f 7551 7744 7743
f 7552 7553 7745
f 7552 7745 7744
f 7553 7554 7746
f 7553 7746 7745
f 7554 7555 7747
f 7554 7747 7746
f 7555 7556 7748
f 7555 7748 7747
f 7556 7557 7749
f 7556 7749 7748
f 7557 7558 7750
f 7557 7750 7749
f 7558 7559 7751
f 7558 7751 7750
f 7559 7560 7752
f 7559 7752 7751
f 7560 7561 7753
f 7560 7753 7752
f 7561 7562 7754
f 7561 7754 7753
f 7562 7563 7755
f 7562 7755 7754
f 7563 7564 7756
f 7563 7756 7755
f 7564 7565 7757
f 7564 7757 7756
f 7565 7566 7758
f 7565 7758 7757
f 7566 7567 7759
f 7566 7759 7758
f 7567 7568 7760
f 7567 7760 7759
f 7568 7569 7761
f 7568 7761 7760
f 7569 7570 7762
f 7569 7762 7761
f 7570 7571 7763
f 7570 7763 7762
f 7571 7572 7764
f 7571 7764 7763
f 7572 7573 7765
f 7572 7765 7764
f 7573 7574 7766
f 7573 7766 7765
f 7574 7575 7767
f 7574 7767 7766
f 7575 7576 7768
f 7575 7768 7767
f 7576 7577 7769
f 7576 7769 7768
f 7577 7578 7770
f 7577 7770 7769
f 7578 7579 7771
f 7578 7771 7770
f 7579 7580 7772
f 7579 7772 7771
f 7580 7581 7773
f 7580 7773 7772
f 7581 7582 7774
f 7581 7774 7773
f 7582 7583 7775
f 7582 7775 7774
f 7583 7584 7776
f 7583 7776 7775
f 7584 7489 7681
f 7584 7681 7776
f 7585 7778 7586
f 7585 7777 7778
f 7586 7779 7587
f 7586 7778 7779
f 7587 7780 7588
f 7587 7779 7780
f 7588 7781 7589
f 7588 7780 7781
f 7589 7782 7590
f 7589 7781 7782
f 7590 7783 7591
f 7590 7782 7783
f 7591 7784 7592
f 7591 7783 7784
f 7592 7785 7593
f 7592 7784 7785
f 7593 7786 7594
f 7593 7785 7786
f 7594 7787 7595
f 7594 7786 7787
f 7595 7788 7596
f 7595 7787 7788
f 7596 7789 7597
f 7596 7788 7789
f 7597 7790 7598
f 7597 7789 7790
f 7598 7791 7599
f 7598 7790 7791
f 7599 7792 7600
f 7599 7791 7792
f 7600 7793 7601
f 7600 7792 7793
f 7601 7794 7602
f 7601 7793 7794
f 7602 7795 7603
f 7602 7794 7795
f 7603 7796 7604
f 7603 7795 7796
f 7604 7797 7605
f 7604 7796 7797
f 7605 7798 7606
f 7605 7797 7798
f 7606 7799 7607
f 7606 7798 7799
f 7607 7800 7608
f 7607 7799 7800
f 7608 7801 7609
f 7608 7800 7801
f 7609 7802 7610
f 7609 7801 7802
f 7610 7803 7611
f 7610 7802 7803
f 7611 7804 7612
f 7611 7803 7804
f 7612 7805 7613
f 7612 7804 7805
f 7613 7806 7614
f 7613 7805 7806
f 7614 7807 7615
f 7614 7806 7807
f 7615 7808 7616
f 7615 7807 7808
f 7616 7809 7617
f 7616 7808 7809
f 7617 7810 7618
f 7617 7809 7810
f 7618 7811 7619
f 7618 7810 7811
f 7619 7812 7620
f 7619 7811 7812
f 7620 7813 7621
f 7620 7812 7813
f 7621 7814 7622
f 7621 7813 7814
f 7622 7815 7623
f 7622 7814 7815
f 7623 7816 7624
f 7623 7815 7816
f 7624 7817 7625
f 7624 7816 7817
f 7625 7818 7626
f 7625 7817 7818
f 7626 7819 7627
f 7626 7818 7819
f 7627 7820 7628
f 7627 7819 7820
f 7628 7821 7629
f 7628 7820 7821
f 7629 7822 7630
f 7629 7821 7822
f 7630 7823 7631
f 7630 7822 7823
f 7631 7824 7632
f 7631 7823 7824
f 7632 7825 7633
f 7632 7824 7825
f 7633 7826 7634
f 7633 7825 7826
f 7634 7827 7635
f 7634 7826 7827
f 7635 7828 7636
f 7635 7827 7828
f 7636 7829 7637
f 7636 7828 7829
f 7637 7830 7638
f 7637 7829 7830
f 7638 7831 7639
f 7638 7830 7831
f 7639 7832 7640
f 7639 7831 7832
f 7640 7833 7641
f 7640 7832 7833
f 7641 7834 7642
f 7641 7833 7834
f 7642 7835 7643
f 7642 7834 7835
f 7643 7836 7644
f 7643 7835 7836
f 7644 7837 7645
f 7644 7836 7837
f 7645 7838 7646
f 7645 7837 7838
f 7646 7839 7647
f 7646 7838 7839
f 7647 7840 7648
f 7647 7839 7840
f 7648 7841 7649
f 7648 7840 7841
f 7649 7842 7650
f 7649 7841 7842
f 7650 7843 7651
f 7650 7842 7843
f 7651 7844 7652
f 7651 7843 7844
f 7652 7845 7653
f 7652 7844 7845
f 7653 7846 7654
f 7653 7845 7846
f 7654 7847 7655
f 7654 7846 7847
f 7655 7848 7656
f 7655 7847 7848
f 7656 7849 7657
f 7656 7848 7849
f 7657 7850 7658
f 7657 7849 7850
f 7658 7851 7659
f 7658 7850 7851
f 7659 7852 7660
f 7659 7851 7852
f 7660 7853 7661
f 7660 7852 7853
f 7661 7854 7662
f 7661 7853 7854
f 7662 7855 7663
f 7662 7854 7855
f 7663 7856 7664
f 7663 7855 7856
f 7664 7857 7665
f 7664 7856 7857
f 7665 7858 7666
f 7665 7857 7858
f 7666 7859 7667
f 7666 7858 7859
f 7667 7860 7668
f 7667 7859 7860
f 7668 7861 7669
f 7668 7860 7861
f 7669 7862 7670
f 7669 7861 7862
f 7670 7863 7671
f 7670 7862 7863
f 7671 7864 7672
f 7671 7863 7864
f 7672 7865 7673
f 7672 7864 7865
f 7673 7866 7674
f 7673 7865 7866
f 7674 7867 7675
f 7674 7866 7867
f 7675 7868 7676
f 7675 7867 7868
f 7676 7869 7677
f 7676 7868 7869
f 7677 7870 7678
f 7677 7869 7870
f 7678 7871 7679
f 7678 7870 7871
f 7679 7872 7680
f 7679 7871 7872
f 7680 7777 7585
f 7680 7872 7777
f 7681 7682 7874
f 7681 7874 7873
f 7682 7683 7875
f 7682 7875 7874
f 7683 7684 7876
f 7683 7876 7875
f 7684 7685 7877
f 7684 7877 7876
f 7685 7686 7878
f 7685 7878 7877
f 7686 7687 7879
f 7686 7879 7878
f 7687 7688 7880
f 7687 7880 7879
f 7688 7689 7881
f 7688 7881 7880
f 7689 7690 7882
f 7689 7882 7881
f 7690 7691 7883
f 7690 7883 7882
f 7691 7692 7884
f 7691 7884 7883
f 7692 7693 7885
f 7692 7885 7884
f 7693 7694 7886
f 7693 7886 7885
f 7694 7695 7887
f 7694 7887 7886
f 7695 7696 7888
f 7695 7888 7887
f 7696 7697 7889
f 7696 7889 7888
f 7697 7698 7890
f 7697 7890 7889
f 7698 7699 7891
f 7698 7891 7890
f 7699 7700 7892
f 7699 7892 7891
f 7700 7701 7893
f 7700 7893 7892
f 7701 7702 7894
f 7701 7894 7893
f 7702 7703 7895
f 7702 7895 7894
f 7703 7704 7896
f 7703 7896 7895
f 7704 7705 7897
f 7704 7897 7896
f 7705 7706 7898
f 7705 7898 7897
f 7706 7707 7899
f 7706 7899 7898
f 7707 7708 7900
f 7707 7900 7899
f 7708 7709 7901
f 7708 7901 7900
f 7709 7710 7902
f 7709 7902 7901
f 7710 7711 7903
f 7710 7903 7902
f 7711 7712 7904
f 7711 7904 7903
f 7712 7713 7905
f 7712 7905 7904
f 7713 7714 7906
f 7713 7906 7905
f 7714 7715 7907
f 7714 7907 7906
f 7715 7716 7908
f 7715 7908 7907
f 7716 7717 7909
f 7716 7909 7908
f 7717 7718 7910
f 7717 7910 7909
f 7718 7719 7911
f 7718 7911 7910
f 7719 7720 7912
f 7719 7912 7911
f 7720 7721 7913
f 7720 7913 7912
f 7721 7722 7914
f 7721 7914 7913
f 7722 7723 7915
f 7722 7915 7914
f 7723 7724 7916
f 7723 7916 7915
f 7724 7725 7917
f 7724 7917 7916
f 7725 7726 7918
f 7725 7918 7917
f 7726 7727 7919
f 7726 7919 7918
f 7727 7728 7920
f 7727 7920 7919
f 7728 7729 7921
f 7728 7921 7920
f 7729 7730 7922
f 7729 7922 7921
f 7730 7731 7923
f 7730 7923 7922
f 7731 7732 7924
f 7731 7924 7923
f 7732 7733 7925
f 7732 7925 7924
f 7733 7734 7926
f 7733 7926 7925
f 7734 7735 7927
f 7734 7927 7926
f 7735 7736 7928
f 7735 7928 7927
f 7736 7737 7929
f 7736 7929 7928
f 7737 7738 7930
f 7737 7930 7929
f 7738 7739 7931
f 7738 7931 7930
f 7739 7740 7932
f 7739 7932 7931
f 7740 7741 7933
f 7740 7933 7932
f 7741 7742 7934
f 7741 7934 7933
f 7742 7743 7935
f 7742 7935 7934
f 7743 7744 7936
f 7743 7936 7935
f 7744 7745 7937
f 7744 7937 7936
f 7745 7746 7938
f 7745 7938 7937
f 7746 7747 7939
f 7746 7939 7938
f 7747 7748 7940
f 7747 7940 7939
f 7748 7749 7941
f 7748 7941 7940
f 7749 7750 7942
f 7749 7942 7941
f 7750 7751 7943
f 7750 7943 7942
f 7751 7752 7944
f 7751 7944 7943
f 7752 7753 7945
f 7752 7945 7944
f 7753 7754 7946
f 7753 7946 7945
f 7754 7755 7947
f 7754 7947 7946
f 7755 7756 7948
f 7755 7948 7947
f 7756 7757 7949
f 7756 7949 7948
f 7757 7758 7950
f 7757 7950 7949
f 7758 7759 7951
f 7758 7951 7950
f 7759 7760 7952
f 7759 7952 7951
f 7760 7761 7953
f 7760 7953 7952
f 7761 7762 7954
f 7761 7954 7953
f 7762 7763 7955
f 7762 7955 7954
f 7763 7764 7956
f 7763 7956 7955
f 7764 7765 7957
f 7764 7957 7956
f 7765 7766 7958
f 7765 7958 7957
f 7766 7767 7959
f 7766 7959 7958
f 7767 7768 7960
f 7767 7960 7959
f 7768 7769 7961
f 7768 7961 7960
f 7769 7770 7962
f 7769 7962 7961
f 7770 7771 7963
f 7770 7963 7962
f 7771 7772 7964
f 7771 7964 7963
f 7772 7773 7965
f 7772 7965 7964
f 7773 7774 7966
f 7773 7966 7965
f 7774 7775 7967
f 7774 7967 7966
f 7775 7776 7968
f 7775 7968 7967
f 7776 7681 7873
f 7776 7873 7968
f 7777 7970 7778
f 7777 7969 7970
f 7778 7971 7779
f 7778 7970 7971
f 7779 7972 7780
f 7779 7971 7972
f 7780 7973 7781
f 7780 7972 7973
f 7781 7974 7782
f 7781 7973 7974
f 7782 7975 7783
f 7782 7974 7975
f 7783 7976 7784
f 7783 7975 7976
f 7784 7977 7785
f 7784 7976 7977
f 7785 7978 7786
f 7785 7977 7978
f 7786 7979 7787
f 7786 7978 7979
f 7787 7980 7788
f 7787 7979 7980
f 7788 7981 7789
f 7788 7980 7981
f 7789 7982 7790
f 7789 7981 7982
f 7790 7983 7791
f 7790 7982 7983
f 7791 7984 7792
f 7791 7983 7984
f 7792 7985 7793
f 7792 7984 7985
f 7793 7986 7794
f 7793 7985 7986
f 7794 7987 7795
f 7794 7986 7987
f 7795 7988 7796
f 7795 7987 7988
f 7796 7989 7797
f 7796 7988 7989
f 7797 7990 7798
f 7797 7989 7990
f 7798 7991 7799
f 7798 7990 7991
f 7799 7992 7800
f 7799 7991 7992
f 7800 7993 7801
f 7800 7992 7993
f 7801 7994 7802
f 7801 7993 7994
f 7802 7995 7803
f 7802 7994 7995
f 7803 7996 7804
f 7803 7995 7996
f 7804 7997 7805
f 7804 7996 7997
f 7805 7998 7806
f 7805 7997 7998
f 7806 7999 7807
f 7806 7998 7999
f 7807 8000 7808
f 7807 7999 8000
f 7808 8001 7809
f 7808 8000 8001
f 7809 8002 7810
f 7809 8001 8002
f 7810 8003 7811
f 7810 8002 8003
f 7811 8004 7812
f 7811 8003 8004
f 7812 8005 7813
f 7812 8004 8005
f 7813 8006 7814
f 7813 8005 8006
f 7814 8007 7815
f 7814 8006 8007
f 7815 8008 7816
f 7815 8007 8008
f 7816 8009 7817
f 7816 8008 8009
f 7817 8010 7818
f 7817 8009 8010
f 7818 8011 7819
f 7818 8010 8011
f 7819 8012 7820
f 7819 8011 8012
f 7820 8013 7821
f 7820 8012 8013
f 7821 8014 7822
f 7821 8013 8014
f 7822 8015 7823
f 7822 8014 8015
f 7823 8016 7824
f 7823 8015 8016
f 7824 8017 7825
f 7824 8016 8017
f 7825 8018 7826
f 7825 8017 8018
f 7826 8019 7827
f 7826 8018 8019
f 7827 8020 7828
f 7827 8019 8020
f 7828 8021 7829
f 7828 8020 8021
f 7829 8022 7830
f 7829 8021 8022
f 7830 8023 7831
f 7830 8022 8023
f 7831 8024 7832
f 7831 8023 8024
f 7832 8025 7833
f 7832 8024 8025
f 7833 8026 7834
f 7833 8025 8026
f 7834 8027 7835
f 7834 8026 8027
f 7835 8028 7836
f 7835 8027 8028
f 7836 8029 7837
f 7836 8028 8029
f 7837 8030 7838
f 7837 8029 8030
f 7838 8031 7839
f 7838 8030 8031
f 7839 8032 7840
f 7839 8031 8032
f 7840 8033 7841
f 7840 8032 8033
f 7841 8034 7842
f 7841 8033 8034
f 7842 8035 7843
f 7842 8034 8035
f 7843 8036 7844
f 7843 8035 8036
f 7844 8037 7845
f 7844 8036 8037
f 7845 8038 7846
f 7845 8037 8038
f 7846 8039 7847
f 7846 8038 8039
f 7847 8040 7848
f 7847 8039 8040
f 7848 8041 7849
f 7848 8040 8041
f 7849 8042 7850
f 7849 8041 8042
f 7850 8043 7851
f 7850 8042 8043
f 7851 8044 7852
f 7851 8043 8044
f 7852 8045 7853
f 7852 8044 8045
f 7853 8046 7854
f 7853 8045 8046
f 7854 8047 7855
f 7854 8046 8047
f 7855 8048 7856
f 7855 8047 8048
f 7856 8049 7857
f 7856 8048 8049
f 7857 8050 7858
f 7857 8049 8050
f 7858 8051 7859
f 7858 8050 8051
f 7859 8052 7860
f 7859 8051 8052
f 7860 8053 7861
f 7860 8052 8053
f 7861 8054 7862
f 7861 8053 8054
f 7862 8055 7863
f 7862 8054 8055
f 7863 8056 7864
f 7863 8055 8056
f 7864 8057 7865
f 7864 8056 8057
f 7865 8058 7866
f 7865 8057 8058
f 7866 8059 7867
f 7866 8058 8059
f 7867 8060 7868
f 7867 8059 8060
f 7868 8061 7869
f 7868 8060 8061
f 7869 8062 7870
f 7869 8061 8062
f 7870 8063 7871
f 7870 8062 8063
f 7871 8064 7872
f 7871 8063 8064
f 7872 7969 7777
f 7872 8064 7969
f 7873 7874 8066
f 7873 8066 8065
f 7874 7875 8067
f 7874 8067 8066
f 7875 7876 8068
f 7875 8068 8067
f 7876 7877 8069
f 7876 8069 8068
f 7877 7878 8070
f 7877 8070 8069
f 7878 7879 8071
f 7878 8071 8070
f 7879 7880 8072
f 7879 8072 8071
f 7880 7881 8073
f 7880 8073 8072
f 7881 7882 8074
f 7881 8074 8073
f 7882 7883 8075
f 7882 8075 8074
f 7883 7884 8076
f 7883 8076 8075
f 7884 7885 8077
f 7884 8077 8076
f 7885 7886 8078
f 7885 8078 8077
f 7886 7887 8079
f 7886 8079 8078
f 7887 7888 8080
f 7887 8080 8079
f 7888 7889 8081
f 7888 8081 8080
f 7889 7890 8082
f 7889 8082 8081
f 7890 7891 8083
f 7890 8083 8082
f 7891 7892 8084
f 7891 8084 8083
f 7892 7893 8085
f 7892 8085 8084
f 7893 7894 8086
f 7893 8086 8085
f 7894 7895 8087
f 7894 8087 8086
f 7895 7896 8088
f 7895 8088 8087
f 7896 7897 8089
f 7896 8089 8088
f 7897 7898 8090
f 7897 8090 8089
f 7898 7899 8091
f 7898 8091 8090
f 7899 7900 8092
f 7899 8092 8091
f 7900 7901 8093
f 7900 8093 8092
f 7901 7902 8094
f 7901 8094 8093
f 7902 7903 8095
f 7902 8095 8094
f 7903 7904 8096
f 7903 8096 8095
f 7904 7905 8097
f 7904 8097 8096
f 7905 7906 8098
f 7905 8098 8097
f 7906 7907 8099
f 7906 8099 8098
f 7907 7908 8100
f 7907 8100 8099
f 7908 7909 8101
f 7908 8101 8100
f 7909 7910 8102
f 7909 8102 8101
f 7910 7911 8103
f 7910 8103 8102
f 7911 7912 8104
f 7911 8104 8103
f 7912 7913 8105
f 7912 8105 8104
f 7913 7914 8106
f 7913 8106 8105
f 7914 7915 8107
f 7914 8107 8106
f 7915 7916 8108
f 7915 8108 8107
f 7916 7917 8109
f 7916 8109 8108
f 7917 7918 8110
f 7917 8110 8109
f 7918 7919 8111
f 7918 8111 8110
f 7919 7920 8112
f 7919 8112 8111
f 7920 7921 8113
f 7920 8113 8112
f 7921 7922 8114
f 7921 8114 8113
f 7922 7923 8115
f 7922 8115 8114
f 7923 7924 8116
f 7923 8116 8115
f 7924 7925 8117
f 7924 8117 8116
f 7925 7926 8118
f 7925 8118 8117
f 7926 7927 8119
f 7926 8119 8118
f 7927 7928 8120
f 7927 8120 8119
f 7928 7929 8121
f 7928 8121 8120
f 7929 7930 8122
f 7929 8122 8121
f 7930 7931 8123
f 7930 8123 8122
f 7931 7932 8124
f 7931 8124 8123
f 7932 7933 8125
f 7932 8125 8124
f 7933 7934 8126
f 7933 8126 8125
f 7934 7935 8127
f 7934 8127 8126
f 7935 7936 8128
f 7935 8128 8127
f 7936 7937 8129
f 7936 8129 8128
f 7937 7938 8130
f 7937 8130 8129
f 7938 7939 8131
f 7938 8131 8130
f 7939 7940 8132
f 7939 8132 8131
f 7940 7941 8133
f 7940 8133 8132
f 7941 7942 8134
f 7941 8134 8133
f 7942 7943 8135
f 7942 8135 8134
f 7943 7944 8136
f 7943 8136 8135
f 7944 7945 8137
f 7944 8137 8136
f 7945 7946 8138
f 7945 8138 8137
f 7946 7947 8139
f 7946 8139 8138
f 7947 7948 8140
f 7947 8140 8139
f 7948 7949 8141
f 7948 8141 8140
f 7949 7950 8142
f 7949 8142 8141
f 7950 7951 8143
f 7950 8143 8142
f 7951 7952 8144
f 7951 8144 8143
f 7952 7953 8145
f 7952 8145 8144
f 7953 7954 8146
f 7953 8146 8145
f 7954 7955 8147
f 7954 8147 8146
f 7955 7956 8148
f 7955 8148 8147
f 7956 7957 8149
f 7956 8149 8148
f 7957 7958 8150
f 7957 8150 8149
f 7958 7959 8151
f 7958 8151 8150
f 7959 7960 8152
f 7959 8152 8151
f 7960 7961 8153
f 7960 8153 8152
f 7961 7962 8154
f 7961 8154 8153
f 7962 7963 8155
f 7962 8155 8154
f 7963 7964 8156
f 7963 8156 8155
f 7964 7965 8157
f 7964 8157 8156
f 7965 7966 8158
f 7965 8158 8157
f 7966 7967 8159
f 7966 8159 8158
f 7967 7968 8160
f 7967 8160 8159
f 7968 7873 8065
f 7968 8065 8160
f 7969 8162 7970
f 7969 8161 8162
f 7970 8163 7971
f 7970 8162 8163
f 7971 8164 7972
f 7971 8163 8164
f 7972 8165 7973
f 7972 8164 8165
f 7973 8166 7974
f 7973 8165 8166
f 7974 8167 7975
f 7974 8166 8167
f 7975 8168 7976
f 7975 8167 8168
f 7976 8169 7977
f 7976 8168 8169
f 7977 8170 7978
f 7977 8169 8170
f 7978 8171 7979
f 7978 8170 8171
f 7979 8172 7980
f 7979 8171 8172
f 7980 8173 7981
f 7980 8172 8173
f 7981 8174 7982
f 7981 8173 8174
f 7982 8175 7983
f 7982 8174 8175
f 7983 8176 7984
f 7983 8175 8176
f 7984 8177 7985
f 7984 8176 8177
f 7985 8178 7986
f 7985 8177 8178
f 7986 8179 7987
f 7986 8178 8179
f 7987 8180 7988
f 7987 8179 8180
f 7988 8181 7989
f 7988 8180 8181
f 7989 8182 7990
f 7989 8181 8182
f 7990 8183 7991
f 7990 8182 8183
f 7991 8184 7992
f 7991 8183 8184
f 7992 8185 7993
f 7992 8184 8185
f 7993 8186 7994
f 7993 8185 8186
f 7994 8187 7995
f 7994 8186 8187
f 7995 8188 7996
f 7995 8187 8188
f 7996 8189 7997
f 7996 8188 8189
f 7997 8190 7998
f 7997 8189 8190
f 7998 8191 7999
f 7998 8190 8191
f 7999 8192 8000
f 7999 8191 8192
f 8000 8193 8001
f 8000 8192 8193
f 8001 8194 8002
f 8001 8193 8194
f 8002 8195 8003
f 8002 8194 8195
f 8003 8196 8004
f 8003 8195 8196
f 8004 8197 8005
f 8004 8196 8197
f 8005 8198 8006
f 8005 8197 8198
f 8006 8199 8007
f 8006 8198 8199
f 8007 8200 8008
f 8007 8199 8200
f 8008 8201 8009
f 8008 8200 8201
f 8009 8202 8010
f 8009 8201 8202
f 8010 8203 8011
f 8010 8202 8203
f 8011 8204 8012
f 8011 8203 8204
f 8012 8205 8013
f 8012 8204 8205
f 8013 8206 8014
f 8013 8205 8206
f 8014 8207 8015
f 8014 8206 8207
f 8015 8208 8016
f 8015 8207 8208
f 8016 8209 8017
f 8016 8208 8209
f 8017 8210 8018
f 8017 8209 8210
f 8018 8211 8019
f 8018 8210 8211
f 8019 8212 8020
f 8019 8211 8212
f 8020 8213 8021
f 8020 8212 8213
f 8021 8214 8022
f 8021 8213 8214
f 8022 8215 8023
f 8022 8214 8215
f 8023 8216 8024
f 8023 8215 8216
f 8024 8217 8025
f 8024 8216 8217
f 8025 8218 8026
f 8025 8217 8218
f 8026 8219 8027
f 8026 8218 8219
f 8027 8220 8028
f 8027 8219 8220
f 8028 8221 8029
f 8028 8220 8221
f 8029 8222 8030
f 8029 8221 8222
f 8030 8223 8031
f 8030 8222 8223
f 8031 8224 8032
f 8031 8223 8224
f 8032 8225 8033
f 8032 8224 8225
f 8033 8226 8034
f 8033 8225 8226
f 8034 8227 8035
f 8034 8226 8227
f 8035 8228 8036
f 8035 8227 8228
f 8036 8229 8037
f 8036 8228 8229
f 8037 8230 8038
f 8037 8229 8230
f 8038 8231 8039
f 8038 8230 8231
f 8039 8232 8040
f 8039 8231 8232
f 8040 8233 8041
f 8040 8232 8233
f 8041 8234 8042
f 8041 8233 8234
f 8042 8235 8043
f 8042 8234 8235
f 8043 8236 8044
f 8043 8235 8236
f 8044 8237 8045
f 8044 8236 8237
f 8045 8238 8046
f 8045 8237 8238
f 8046 8239 8047
f 8046 8238 8239
f 8047 8240 8048
f 8047 8239 8240
f 8048 8241 8049
f 8048 8240 8241
f 8049 8242 8050
f 8049 8241 8242
f 8050 8243 8051
f 8050 8242 8243
f 8051 8244 8052
f 8051 8243 8244
f 8052 8245 8053
f 8052 8244 8245
f 8053 8246 8054
f 8053 8245 8246
f 8054 8247 8055
f 8054 8246 8247
f 8055 8248 8056
f 8055 8247 8248
f 8056 8249 8057
f 8056 8248 8249
f 8057 8250 8058
f 8057 8249 8250
f 8058 8251 8059
f 8058 8250 8251
f 8059 8252 8060
f 8059 8251 8252
f 8060 8253 8061
f 8060 8252 8253
f 8061 8254 8062
f 8061 8253 8254
f 8062 8255 8063
f 8062 8254 8255
f 8063 8256 8064
f 8063 8255 8256
f 8064 8161 7969
f 8064 8256 8161
f 8065 8066 8258
f 8065 8258 8257
f 8066 8067 8259
f 8066 8259 8258
f 8067 8068 8260
f 8067 8260 8259
f 8068 8069 8261
f 8068 8261 8260
f 8069 8070 8262
f 8069 8262 8261
f 8070 8071 8263
f 8070 8263 8262
f 8071 8072 8264
f 8071 8264 8263
f 8072 8073 8265
f 8072 8265 8264
f 8073 8074 8266
f 8073 8266 8265
f 8074 8075 8267
f 8074 8267 8266
f 8075 8076 8268
f 8075 8268 8267
f 8076 8077 8269
f 8076 8269 8268
f 8077 8078 8270
f 8077 8270 8269
f 8078 8079 8271
f 8078 8271 8270
f 8079 8080 8272
f 8079 8272 8271
f 8080 8081 8273
f 8080 8273 8272
f 8081 8082 8274
f 8081 8274 8273
f 8082 8083 8275
f 8082 8275 8274
f 8083 8084 8276
f 8083 8276 8275
f 8084 8085 8277
f 8084 8277 8276
f 8085 8086 8278
f 8085 8278 8277
f 8086 8087 8279
f 8086 8279 8278
f 8087 8088 8280
f 8087 8280 8279
f 8088 8089 8281
f 8088 8281 8280
f 8089 8090 8282
f 8089 8282 8281
f 8090 8091 8283
f 8090 8283 8282
f 8091 8092 8284
f 8091 8284 8283
f 8092 8093 8285
f 8092 8285 8284
f 8093 8094 8286
f 8093 8286 8285
f 8094 8095 8287
f 8094 8287 8286
f 8095 8096 8288
f 8095 8288 8287
f 8096 8097 8289
f 8096 8289 8288
f 8097 8098 8290
f 8097 8290 8289
f 8098 8099 8291
f 8098 8291 8290
f 8099 8100 8292
f 8099 8292 8291
f 8100 8101 8293
f 8100 8293 8292
f 8101 8102 8294
f 8101 8294 8293
f 8102 8103 8295
f 8102 8295 8294
f 8103 8104 8296
f 8103 8296 8295
f 8104 8105 8297
f 8104 8297 8296
f 8105 8106 8298
f 8105 8298 8297
f 8106 8107 8299
f 8106 8299 8298
f 8107 8108 8300
f 8107 8300 8299
f 8108 8109 8301
f 8108 8301 8300
f 8109 8110 8302
f 8109 8302 8301
f 8110 8111 8303
f 8110 8303 8302
f 8111 8112 8304
f 8111 8304 8303
f 8112 8113 8305
f 8112 8305 8304
f 8113 8114 8306
f 8113 8306 8305
f 8114 8115 8307
f 8114 8307 8306
f 8115 8116 8308
f 8115 8308 8307
f 8116 8117 8309
f 8116 8309 8308
f 8117 8118 8310
f 8117 8310 8309
f 8118 8119 8311
f 8118 8311 8310
f 8119 8120 8312
f 8119 8312 8311
f 8120 8121 8313
f 8120 8313 8312
f 8121 8122 8314
f 8121 8314 8313
f 8122 8123 8315
f 8122 8315 8314
f 8123 8124 8316
f 8123 8316 8315
f 8124 8125 8317
f 8124 8317 8316
f 8125 8126 8318
f 8125 8318 8317
f 8126 8127 8319
f 8126 8319 8318
f 8127 8128 8320
f 8127 8320 8319
f 8128 8129 8321
f 8128 8321 8320
f 8129 8130 8322
f 8129 8322 8321
f 8130 8131 8323
f 8130 8323 8322
f 8131 8132 8324
f 8131 8324 8323
f 8132 8133 8325
f 8132 8325 8324
f 8133 8134 8326
f 8133 8326 8325
f 8134 8135 8327
f 8134 8327 8326
f 8135 8136 8328
f 8135 8328 8327
f 8136 8137 8329
f 8136 8329 8328
f 8137 8138 8330
f 8137 8330 8329
f 8138 8139 8331
f 8138 8331 8330
f 8139 8140 8332
f 8139 8332 8331
f 8140 8141 8333
f 8140 8333 8332
f 8141 8142 8334
f 8141 8334 8333
f 8142 8143 8335
f 8142 8335 8334
f 8143 8144 8336
f 8143 8336 8335
f 8144 8145 8337
f 8144 8337 8336
f 8145 8146 8338
f 8145 8338 8337
f 8146 8147 8339
f 8146 8339 8338
f 8147 8148 8340
f 8147 8340 8339
f 8148 8149 8341
f 8148 8341 8340
f 8149 8150 8342
f 8149 8342 8341
f 8150 8151 8343
f 8150 8343 8342
f 8151 8152 8344
f 8151 8344 8343
f 8152 8153 8345
f 8152 8345 8344
f 8153 8154 8346
f 8153 8346 8345
f 8154 8155 8347
f 8154 8347 8346
f 8155 8156 8348
f 8155 8348 8347
f 8156 8157 8349
f 8156 8349 8348
f 8157 8158 8350
f 8157 8350 8349
f 8158 8159 8351
f 8158 8351 8350
f 8159 8160 8352
f 8159 8352 8351
f 8160 8065 8257
f 8160 8257 8352
f 8161 8354 8162
f 8161 8353 8354
f 8162 8355 8163
f 8162 8354 8355
f 8163 8356 8164
f 8163 8355 8356
f 8164 8357 8165
f 8164 8356 8357
f 8165 8358 8166
f 8165 8357 8358
f 8166 8359 8167
f 8166 8358 8359
f 8167 8360 8168
f 8167 8359 8360
f 8168 8361 8169
f 8168 8360 8361
f 8169 8362 8170
f 8169 8361 8362
f 8170 8363 8171
f 8170 8362 8363
f 8171 8364 8172
f 8171 8363 8364
f 8172 8365 8173
f 8172 8364 8365
f 8173 8366 8174
f 8173 8365 8366
f 8174 8367 8175
f 8174 8366 8367
f 8175 8368 8176
f 8175 8367 8368
f 8176 8369 8177
f 8176 8368 8369
f 8177 8370 8178
f 8177 8369 8370
f 8178 8371 8179
f 8178 8370 8371
f 8179 8372 8180
f 8179 8371 8372
f 8180 8373 8181
f 8180 8372 8373
f 8181 8374 8182
f 8181 8373 8374
f 8182 8375 8183
f 8182 8374 8375
f 8183 8376 8184
f 8183 8375 8376
f 8184 8377 8185
f 8184 8376 8377
f 8185 8378 8186
f 8185 8377 8378
f 8186 8379 8187
f 8186 8378 8379
f 8187 8380 8188
f 8187 8379 8380
f 8188 8381 8189
f 8188 8380 8381
f 8189 8382 8190
f 8189 8381 8382
f 8190 8383 8191
f 8190 8382 8383
f 8191 8384 8192
f 8191 8383 8384
f 8192 8385 8193
f 8192 8384 8385
f 8193 8386 8194
f 8193 8385 8386
f 8194 8387 8195
f 8194 8386 8387
f 8195 8388 8196
f 8195 8387 8388
f 8196 8389 8197
f 8196 8388 8389
f 8197 8390 8198
f 8197 8389 8390
f 8198 8391 8199
f 8198 8390 8391
f 8199 8392 8200
f 8199 8391 8392
f 8200 8393 8201
f 8200 8392 8393
f 8201 8394 8202
f 8201 8393 8394
f 8202 8395 8203
f 8202 8394 8395
f 8203 8396 8204
f 8203 8395 8396
f 8204 8397 8205
f 8204 8396 8397
f 8205 8398 8206
f 8205 8397 8398
f 8206 8399 8207
f 8206 8398 8399
f 8207 8400 8208
f 8207 8399 8400
f 8208 8401 8209
f 8208 8400 8401
f 8209 8402 8210
f 8209 8401 8402
f 8210 8403 8211
f 8210 8402 8403
f 8211 8404 8212
f 8211 8403 8404
f 8212 8405 8213
f 8212 8404 8405
f 8213 8406 8214
f 8213 8405 8406
f 8214 8407 8215
f 8214 8406 8407
f 8215 8408 8216
f 8215 8407 8408
f 8216 8409 8217
f 8216 8408 8409
f 8217 8410 8218
f 8217 8409 8410
f 8218 8411 8219
f 8218 8410 8411
f 8219 8412 8220
f 8219 8411 8412
f 8220 8413 8221
f 8220 8412 8413
f 8221 8414 8222
f 8221 8413 8414
f 8222 8415 8223
f 8222 8414 8415
f 8223 8416 8224
f 8223 8415 8416
f 8224 8417 8225
f 8224 8416 8417
f 8225 8418 8226
f 8225 8417 8418
f 8226 8419 8227
f 8226 8418 8419
f 8227 8420 8228
f 8227 8419 8420
f 8228 8421 8229
f 8228 8420 8421
f 8229 8422 8230
f 8229 8421 8422
f 8230 8423 8231
f 8230 8422 8423
f 8231 8424 8232
f 8231 8423 8424
f 8232 8425 8233
f 8232 8424 8425
f 8233 8426 8234
f 8233 8425 8426
f 8234 8427 8235
f 8234 8426 8427
f 8235 8428 8236
f 8235 8427 8428
f 8236 8429 8237
f 8236 8428 8429
f 8237 8430 8238
f 8237 8429 8430
f 8238 8431 8239
f 8238 8430 8431
f 8239 8432 8240
f 8239 8431 8432
f 8240 8433 8241
f 8240 8432 8433
f 8241 8434 8242
f 8241 8433 8434
f 8242 8435 8243
f 8242 8434 8435
f 8243 8436 8244
f 8243 8435 8436
f 8244 8437 8245
f 8244 8436 8437
f 8245 8438 8246
f 8245 8437 8438
f 8246 8439 8247
f 8246 8438 8439
f 8247 8440 8248
f 8247 8439 8440
f 8248 8441 8249
f 8248 8440 8441
f 8249 8442 8250
f 8249 8441 8442
f 8250 8443 8251
f 8250 8442 8443
f 8251 8444 8252
f 8251 8443 8444
f 8252 8445 8253
f 8252 8444 8445
f 8253 8446 8254
f 8253 8445 8446
f 8254 8447 8255
f 8254 8446 8447
f 8255 8448 8256
f 8255 8447 8448
f 8256 8353 8161
f 8256 8448 8353
f 8257 8258 8450
f 8257 8450 8449
f 8258 8259 8451
f 8258 8451 8450
f 8259 8260 8452
f 8259 8452 8451
f 8260 8261 8453
f 8260 8453 8452
f 8261 8262 8454
f 8261 8454 8453
f 8262 8263 8455
f 8262 8455 8454
f 8263 8264 8456
f 8263 8456 8455
f 8264 8265 8457
f 8264 8457 8456
f 8265 8266 8458
f 8265 8458 8457
f 8266 8267 8459
f 8266 8459 8458
f 8267 8268 8460
f 8267 8460 8459
f 8268 8269 8461
f 8268 8461 8460
f 8269 8270 8462
f 8269 8462 8461
f 8270 8271 8463
f 8270 8463 8462
f 8271 8272 8464
f 8271 8464 8463
f 8272 8273 8465
f 8272 8465 8464
f 8273 8274 8466
f 8273 8466 8465
f 8274 8275 8467
f 8274 8467 8466
f 8275 8276 8468
f 8275 8468 8467
f 8276 8277 8469
f 8276 8469 8468
f 8277 8278 8470
f 8277 8470 8469
f 8278 8279 8471
f 8278 8471 8470
f 8279 8280 8472
f 8279 8472 8471
f 8280 8281 8473
f 8280 8473 8472
f 8281 8282 8474
f 8281 8474 8473
f 8282 8283 8475
f 8282 8475 8474
f 8283 8284 8476
f 8283 8476 8475
f 8284 8285 8477
f 8284 8477 8476
f 8285 8286 8478
f 8285 8478 8477
f 8286 8287 8479
f 8286 8479 8478
f 8287 8288 8480
f 8287 8480 8479
f 8288 8289 8481
f 8288 8481 8480
f 8289 8290 8482
f 8289 8482 8481
f 8290 8291 8483
f 8290 8483 8482
f 8291 8292 8484
f 8291 8484 8483
f 8292 8293 8485
f 8292 8485 8484
f 8293 8294 8486
f 8293 8486 8485
f 8294 8295 8487
f 8294 8487 8486
f 8295 8296 8488
f 8295 8488 8487
f 8296 8297 8489
f 8296 8489 8488
f 8297 8298 8490
f 8297 8490 8489
f 8298 8299 8491
f 8298 8491 8490
f 8299 8300 8492
f 8299 8492 8491
f 8300 8301 8493
f 8300 8493 8492
f 8301 8302 8494
f 8301 8494 8493
f 8302 8303 8495
f 8302 8495 8494
f 8303 8304 8496
f 8303 8496 8495
f 8304 8305 8497
f 8304 8497 8496
f 8305 8306 8498
f 8305 8498 8497
f 8306 8307 8499
f 8306 8499 8498
f 8307 8308 8500
f 8307 8500 8499
f 8308 8309 8501
f 8308 8501 8500
f 8309 8310 8502
f 8309 8502 8501
f 8310 8311 8503
f 8310 8503 8502
f 8311 8312 8504
f 8311 8504 8503
f 8312 8313 8505
f 8312 8505 8504
f 8313 8314 8506
f 8313 8506 8505
f 8314 8315 8507
f 8314 8507 8506
f 8315 8316 8508
f 8315 8508 8507
f 8316 8317 8509
f 8316 8509 8508
f 8317 8318 8510
f 8317 8510 8509
f 8318 8319 8511
f 8318 8511 8510
f 8319 8320 8512
f 8319 8512 8511
f 8320 8321 8513
f 8320 8513 8512
f 8321 8322 8514
f 8321 8514 8513
f 8322 8323 8515
f 8322 8515 8514
f 8323 8324 8516
f 8323 8516 8515
f 8324 8325 8517
f 8324 8517 8516
f 8325 8326 8518
f 8325 8518 8517
f 8326 8327 8519
f 8326 8519 8518
f 8327 8328 8520
f 8327 8520 8519
f 8328 8329 8521
f 8328 8521 8520
f 8329 8330 8522
f 8329 8522 8521
f 8330 8331 8523
f 8330 8523 8522
f 8331 8332 8524
f 8331 8524 8523
f 8332 8333 8525
f 8332 8525 8524
f 8333 8334 8526
f 8333 8526 8525
f 8334 8335 8527
f 8334 8527 8526
f 8335 8336 8528
f 8335 8528 8527
f 8336 8337 8529
f 8336 8529 8528
f 8337 8338 8530
f 8337 8530 8529
f 8338 8339 8531
f 8338 8531 8530
f 8339 8340 8532
f 8339 8532 8531
f 8340 8341 8533
f 8340 8533 8532
f 8341 8342 8534
f 8341 8534 8533
f 8342 8343 8535
f 8342 8535 8534
f 8343 8344 8536
f 8343 8536 8535
f 8344 8345 8537
f 8344 8537 8536
f 8345 8346 8538
f 8345 8538 8537
f 8346 8347 8539
f 8346 8539 8538
f 8347 8348 8540
f 8347 8540 8539
f 8348 8349 8541
f 8348 8541 8540
f 8349 8350 8542
f 8349 8542 8541
f 8350 8351 8543
f 8350 8543 8542
f 8351 8352 8544
f 8351 8544 8543
f 8352 8257 8449
f 8352 8449 8544
f 8353 8546 8354
f 8353 8545 8546
f 8354 8547 8355
f 8354 8546 8547
f 8355 8548 8356
f 8355 8547 8548
f 8356 8549 8357
f 8356 8548 8549
f 8357 8550 8358
f 8357 8549 8550
f 8358 8551 8359
f 8358 8550 8551
f 8359 8552 8360
f 8359 8551 8552
f 8360 8553 8361
f 8360 8552 8553
f 8361 8554 8362
f 8361 8553 8554
f 8362 8555 8363
f 8362 8554 8555
f 8363 8556 8364
f 8363 8555 8556
f 8364 8557 8365
f 8364 8556 8557
f 8365 8558 8366
f 8365 8557 8558
f 8366 8559 8367
f 8366 8558 8559
f 8367 8560 8368
f 8367 8559 8560
f 8368 8561 8369
f 8368 8560 8561
f 8369 8562 8370
f 8369 8561 8562
f 8370 8563 8371
f 8370 8562 8563
f 8371 8564 8372
f 8371 8563 8564
f 8372 8565 8373
f 8372 8564 8565
f 8373 8566 8374
f 8373 8565 8566
f 8374 8567 8375
f 8374 8566 8567
f 8375 8568 8376
f 8375 8567 8568
f 8376 8569 8377
f 8376 8568 8569
f 8377 8570 8378
f 8377 8569 8570
f 8378 8571 8379
f 8378 8570 8571
f 8379 8572 8380
f 8379 8571 8572
f 8380 8573 8381
f 8380 8572 8573
f 8381 8574 8382
f 8381 8573 8574
f 8382 8575 8383
f 8382 8574 8575
f 8383 8576 8384
f 8383 8575 8576
f 8384 8577 8385
f 8384 8576 8577
f 8385 8578 8386
f 8385 8577 8578
f 8386 8579 8387
f 8386 8578 8579
f 8387 8580 8388
f 8387 8579 8580
f 8388 8581 8389
f 8388 8580 8581
f 8389 8582 8390
f 8389 8581 8582
f 8390 8583 8391
f 8390 8582 8583
f 8391 8584 8392
f 8391 8583 8584
f 8392 8585 8393
f 8392 8584 8585
f 8393 8586 8394
f 8393 8585 8586
f 8394 8587 8395
f 8394 8586 8587
f 8395 8588 8396
f 8395 8587 8588
f 8396 8589 8397
f 8396 8588 8589
f 8397 8590 8398
f 8397 8589 8590
f 8398 8591 8399
f 8398 8590 8591
f 8399 8592 8400
f 8399 8591 8592
f 8400 8593 8401
f 8400 8592 8593
f 8401 8594 8402
f 8401 8593 8594
f 8402 8595 8403
f 8402 8594 8595
f 8403 8596 8404
f 8403 8595 8596
f 8404 8597 8405
f 8404 8596 8597
f 8405 8598 8406
f 8405 8597 8598
f 8406 8599 8407
f 8406 8598 8599
f 8407 8600 8408
f 8407 8599 8600
f 8408 8601 8409
f 8408 8600 8601
f 8409 8602 8410
f 8409 8601 8602
f 8410 8603 8411
f 8410 8602 8603
f 8411 8604 8412
f 8411 8603 8604
f 8412 8605 8413
f 8412 8604 8605
f 8413 8606 8414
f 8413 8605 8606
f 8414 8607 8415
f 8414 8606 8607
f 8415 8608 8416
f 8415 8607 8608
f 8416 8609 8417
f 8416 8608 8609
f 8417 8610 8418
f 8417 8609 8610
f 8418 8611 8419
f 8418 8610 8611
f 8419 8612 8420
f 8419 8611 8612
f 8420 8613 8421
f 8420 8612 8613
f 8421 8614 8422
f 8421 8613 8614
f 8422 8615 8423
f 8422 8614 8615
f 8423 8616 8424
f 8423 8615 8616
f 8424 8617 8425
f 8424 8616 8617
f 8425 8618 8426
f 8425 8617 8618
f 8426 8619 8427
f 8426 8618 8619
f 8427 8620 8428
f 8427 8619 8620
f 8428 8621 8429
f 8428 8620 8621
f 8429 8622 8430
f 8429 8621 8622
f 8430 8623 8431
f 8430 8622 8623
f 8431 8624 8432
f 8431 8623 8624
f 8432 8625 8433
f 8432 8624 8625
f 8433 8626 8434
f 8433 8625 8626
f 8434 8627 8435
f 8434 8626 8627
f 8435 8628 8436
f 8435 8627 8628
f 8436 8629 8437
f 8436 8628 8629
f 8437 8630 8438
f 8437 8629 8630
f 8438 8631 8439
f 8438 8630 8631
f 8439 8632 8440
f 8439 8631 8632
f 8440 8633 8441
f 8440 8632 8633
f 8441 8634 8442
f 8441 8633 8634
f 8442 8635 8443
f 8442 8634 8635
f 8443 8636 8444
f 8443 8635 8636
f 8444 8637 8445
f 8444 8636 8637
f 8445 8638 8446
f 8445 8637 8638
f 8446 8639 8447
f 8446 8638 8639
f 8447 8640 8448
f 8447 8639 8640
f 8448 8545 8353
f 8448 8640 8545
f 8449 8450 8642
f 8449 8642 8641
f 8450 8451 8643
f 8450 8643 8642
f 8451 8452 8644
f 8451 8644 8643
f 8452 8453 8645
f 8452 8645 8644
f 8453 8454 8646
f 8453 8646 8645
f 8454 8455 8647
f 8454 8647 8646
f 8455 8456 8648
f 8455 8648 8647
f 8456 8457 8649
f 8456 8649 8648
f 8457 8458 8650
f 8457 8650 8649
f 8458 8459 8651
f 8458 8651 8650
f 8459 8460 8652
f 8459 8652 8651
f 8460 8461 8653
f 8460 8653 8652
f 8461 8462 8654
f 8461 8654 8653
f 8462 8463 8655
f 8462 8655 8654
f 8463 8464 8656
f 8463 8656 8655
f 8464 8465 8657
f 8464 8657 8656
f 8465 8466 8658
f 8465 8658 8657
f 8466 8467 8659
f 8466 8659 8658
f 8467 8468 8660
f 8467 8660 8659
f 8468 8469 8661
f 8468 8661 8660
f 8469 8470 8662
f 8469 8662 8661
f 8470 8471 8663
f 8470 8663 8662
f 8471 8472 8664
f 8471 8664 8663
f 8472 8473 8665
f 8472 8665 8664
f 8473 8474 8666
f 8473 8666 8665
f 8474 8475 8667
f 8474 8667 8666
f 8475 8476 8668
f 8475 8668 8667
f 8476 8477 8669
f 8476 8669 8668
f 8477 8478 8670
f 8477 8670 8669
f 8478 8479 8671
f 8478 8671 8670
f 8479 8480 8672
f 8479 8672 8671
f 8480 8481 8673
f 8480 8673 8672
f 8481 8482 8674
f 8481 8674 8673
f 8482 8483 8675
f 8482 8675 8674
f 8483 8484 8676
f 8483 8676 8675
f 8484 8485 8677
f 8484 8677 8676
f 8485 8486 8678
f 8485 8678 8677
f 8486 8487 8679
f 8486 8679 8678
f 8487 8488 8680
f 8487 8680 8679
f 8488 8489 8681
f 8488 8681 8680
f 8489 8490 8682
f 8489 8682 8681
f 8490 8491 8683
f 8490 8683 8682
f 8491 8492 8684
f 8491 8684 8683
f 8492 8493 8685
f 8492 8685 8684
f 8493 8494 8686
f 8493 8686 8685
f 8494 8495 8687
f 8494 8687 8686
f 8495 8496 8688
f 8495 8688 8687
f 8496 8497 8689
f 8496 8689 8688
f 8497 8498 8690
f 8497 8690 8689
f 8498 8499 8691
f 8498 8691 8690
f 8499 8500 8692
f 8499 8692 8691
f 8500 8501 8693
f 8500 8693 8692
f 8501 8502 8694
f 8501 8694 8693
f 8502 8503 8695
f 8502 8695 8694
f 8503 8504 8696
f 8503 8696 8695
f 8504 8505 8697
f 8504 8697 8696
f 8505 8506 8698
f 8505 8698 8697
f 8506 8507 8699
f 8506 8699 8698
f 8507 8508 8700
f 8507 8700 8699
f 8508 8509 8701
f 8508 8701 8700
f 8509 8510 8702
f 8509 8702 8701
f 8510 8511 8703
f 8510 8703 8702
f 8511 8512 8704
f 8511 8704 8703
f 8512 8513 8705
f 8512 8705 8704
f 8513 8514 8706
f 8513 8706 8705
f 8514 8515 8707
f 8514 8707 8706
f 8515 8516 8708
f 8515 8708 8707
f 8516 8517 8709
f 8516 8709 8708
f 8517 8518 8710
f 8517 8710 8709
f 8518 8519 8711
f 8518 8711 8710
f 8519 8520 8712
f 8519 8712 8711
f 8520 8521 8713
f 8520 8713 8712
f 8521 8522 8714
f 8521 8714 8713
f 8522 8523 8715
f 8522 8715 8714
f 8523 8524 8716
f 8523 8716 8715
f 8524 8525 8717
f 8524 8717 8716
f 8525 8526 8718
f 8525 8718 8717
f 8526 8527 8719
f 8526 8719 8718
f 8527 8528 8720
f 8527 8720 8719
f 8528 8529 8721
f 8528 8721 8720
f 8529 8530 8722
f 8529 8722 8721
f 8530 8531 8723
f 8530 8723 8722
f 8531 8532 8724
f 8531 8724 8723
f 8532 8533 8725
f 8532 8725 8724
f 8533 8534 8726
f 8533 8726 8725
f 8534 8535 8727
f 8534 8727 8726
f 8535 8536 8728
f 8535 8728 8727
f 8536 8537 8729
f 8536 8729 8728
f 8537 8538 8730
f 8537 8730 8729
f 8538 8539 8731
f 8538 8731 8730
f 8539 8540 8732
f 8539 8732 8731
f 8540 8541 8733
f 8540 8733 8732
f 8541 8542 8734
f 8541 8734 8733
f 8542 8543 8735
f 8542 8735 8734
f 8543 8544 8736
f 8543 8736 8735
f 8544 8449 8641
f 8544 8641 8736
f 8545 8738 8546
f 8545 8737 8738
f 8546 8739 8547
f 8546 8738 8739
f 8547 8740 8548
f 8547 8739 8740
f 8548 8741 8549
f 8548 8740 8741
f 8549 8742 8550
f 8549 8741 8742
f 8550 8743 8551
f 8550 8742 8743
f 8551 8744 8552
f 8551 8743 8744
f 8552 8745 8553
f 8552 8744 8745
f 8553 8746 8554
f 8553 8745 8746
f 8554 8747 8555
f 8554 8746 8747
f 8555 8748 8556
f 8555 8747 8748
f 8556 8749 8557
f 8556 8748 8749
f 8557 8750 8558
f 8557 8749 8750
f 8558 8751 8559
f 8558 8750 8751
f 8559 8752 8560
f 8559 8751 8752
f 8560 8753 8561
f 8560 8752 8753
f 8561 8754 8562
f 8561 8753 8754
f 8562 8755 8563
f 8562 8754 8755
f 8563 8756 8564
f 8563 8755 8756
f 8564 8757 8565
f 8564 8756 8757
f 8565 8758 8566
f 8565 8757 8758
f 8566 8759 8567
f 8566 8758 8759
f 8567 8760 8568
f 8567 8759 8760
f 8568 8761 8569
f 8568 8760 8761
f 8569 8762 8570
f 8569 8761 8762
f 8570 8763 8571
f 8570 8762 8763
f 8571 8764 8572
f 8571 8763 8764
f 8572 8765 8573
f 8572 8764 8765
f 8573 8766 8574
f 8573 8765 8766
f 8574 8767 8575
f 8574 8766 8767
f 8575 8768 8576
f 8575 8767 8768
f 8576 8769 8577
f 8576 8768 8769
f 8577 8770 8578
f 8577 8769 8770
f 8578 8771 8579
f 8578 8770 8771
f 8579 8772 8580
f 8579 8771 8772
f 8580 8773 8581
f 8580 8772 8773
f 8581 8774 8582
f 8581 8773 8774
f 8582 8775 8583
f 8582 8774 8775
f 8583 8776 8584
f 8583 8775 8776
f 8584 8777 8585
f 8584 8776 8777
f 8585 8778 8586
f 8585 8777 8778
f 8586 8779 8587
f 8586 8778 8779
f 8587 8780 8588
f 8587 8779 8780
f 8588 8781 8589
f 8588 8780 8781
f 8589 8782 8590
f 8589 8781 8782
f 8590 8783 8591
f 8590 8782 8783
f 8591 8784 8592
f 8591 8783 8784
f 8592 8785 8593
f 8592 8784 8785
f 8593 8786 8594
f 8593 8785 8786
f 8594 8787 8595
f 8594 8786 8787
f 8595 8788 8596
f 8595 8787 8788
f 8596 8789 8597
f 8596 8788 8789
f 8597 8790 8598
f 8597 8789 8790
f 8598 8791 8599
f 8598 8790 8791
f 8599 8792 8600
f 8599 8791 8792
f 8600 8793 8601
f 8600 8792 8793
f 8601 8794 8602
f 8601 8793 8794
f 8602 8795 8603
f 8602 8794 8795
f 8603 8796 8604
f 8603 8795 8796
f 8604 8797 8605
f 8604 8796 8797
f 8605 8798 8606
f 8605 8797 8798
f 8606 8799 8607
f 8606 8798 8799
f 8607 8800 8608
f 8607 8799 8800
f 8608 8801 8609
f 8608 8800 8801
f 8609 8802 8610
f 8609 8801 8802
f 8610 8803 8611
f 8610 8802 8803
f 8611 8804 8612
f 8611 8803 8804
f 8612 8805 8613
f 8612 8804 8805
f 8613 8806 8614
f 8613 8805 8806
f 8614 8807 8615
f 8614 8806 8807
f 8615 8808 8616
f 8615 8807 8808
f 8616 8809 8617
f 8616 8808 8809
f 8617 8810 8618
f 8617 8809 8810
f 8618 8811 8619
f 8618 8810 8811
f 8619 8812 8620
f 8619 8811 8812
f 8620 8813 8621
f 8620 8812 8813
f 8621 8814 8622
f 8621 8813 8814
f 8622 8815 8623
f 8622 8814 8815
f 8623 8816 8624
f 8623 8815 8816
f 8624 8817 8625
f 8624 8816 8817
f 8625 8818 8626
f 8625 8817 8818
f 8626 8819 8627
f 8626 8818 8819
f 8627 8820 8628
f 8627 8819 8820
f 8628 8821 8629
f 8628 8820 8821
f 8629 8822 8630
f 8629 8821 8822
f 8630 8823 8631
f 8630 8822 8823
f 8631 8824 8632
f 8631 8823 8824
f 8632 8825 8633
f 8632 8824 8825
f 8633 8826 8634
f 8633 8825 8826
f 8634 8827 8635
f 8634 8826 8827
f 8635 8828 8636
f 8635 8827 8828
f 8636 8829 8637
f 8636 8828 8829
f 8637 8830 8638
f 8637 8829 8830
f 8638 8831 8639
f 8638 8830 8831
f 8639 8832 8640
f 8639 8831 8832
f 8640 8737 8545
f 8640 8832 8737
f 8641 8642 8834
f 8641 8834 8833
f 8642 8643 8835
f 8642 8835 8834
f 8643 8644 8836
f 8643 8836 8835
f 8644 8645 8837
f 8644 8837 8836
f 8645 8646 8838
f 8645 8838 8837
f 8646 8647 8839
f 8646 8839 8838
f 8647 8648 8840
f 8647 8840 8839
f 8648 8649 8841
f 8648 8841 8840
f 8649 8650 8842
f 8649 8842 8841
f 8650 8651 8843
f 8650 8843 8842
f 8651 8652 8844
f 8651 8844 8843
f 8652 8653 8845
f 8652 8845 8844
f 8653 8654 8846
f 8653 8846 8845
f 8654 8655 8847
f 8654 8847 8846
f 8655 8656 8848
f 8655 8848 8847
f 8656 8657 8849
f 8656 8849 8848
f 8657 8658 8850
f 8657 8850 8849
f 8658 8659 8851
f 8658 8851 8850
f 8659 8660 8852
f 8659 8852 8851
f 8660 8661 8853
f 8660 8853 8852
f 8661 8662 8854
f 8661 8854 8853
f 8662 8663 8855
f 8662 8855 8854
f 8663 8664 8856
f 8663 8856 8855
f 8664 8665 8857
f 8664 8857 8856
f 8665 8666 8858
f 8665 8858 8857
f 8666 8667 8859
f 8666 8859 8858
f 8667 8668 8860
f 8667 8860 8859
f 8668 8669 8861
f 8668 8861 8860
f 8669 8670 8862
f 8669 8862 8861
f 8670 8671 8863
f 8670 8863 8862
f 8671 8672 8864
f 8671 8864 8863
f 8672 8673 8865
f 8672 8865 8864
f 8673 8674 8866
f 8673 8866 8865
f 8674 8675 8867
f 8674 8867 8866
f 8675 8676 8868
f 8675 8868 8867
f 8676 8677 8869
f 8676 8869 8868
f 8677 8678 8870
f 8677 8870 8869
f 8678 8679 8871
f 8678 8871 8870
f 8679 8680 8872
f 8679 8872 8871
f 8680 8681 8873
f 8680 8873 8872
f 8681 8682 8874
f 8681 8874 8873
f 8682 8683 8875
f 8682 8875 8874
f 8683 8684 8876
f 8683 8876 8875
f 8684 8685 8877
f 8684 8877 8876
f 8685 8686 8878
f 8685 8878 8877
f 8686 8687 8879
f 8686 8879 8878
f 8687 8688 8880
f 8687 8880 8879
f 8688 8689 8881
f 8688 8881 8880
f 8689 8690 8882
f 8689 8882 8881
f 8690 8691 8883
f 8690 8883 8882
f 8691 8692 8884
f 8691 8884 8883
f 8692 8693 8885
f 8692 8885 8884
f 8693 8694 8886
f 8693 8886 8885
f 8694 8695 8887
f 8694 8887 8886
f 8695 8696 8888
f 8695 8888 8887
f 8696 8697 8889
f 8696 8889 8888
f 8697 8698 8890
f 8697 8890 8889
f 8698 8699 8891
f 8698 8891 8890
f 8699 8700 8892
f 8699 8892 8891
f 8700 8701 8893
f 8700 8893 8892
f 8701 8702 8894
f 8701 8894 8893
f 8702 8703 8895
f 8702 8895 8894
f 8703 8704 8896
f 8703 8896 8895
f 8704 8705 8897
f 8704 8897 8896
f 8705 8706 8898
f 8705 8898 8897
f 8706 8707 8899
f 8706 8899 8898
f 8707 8708 8900
f 8707 8900 8899
f 8708 8709 8901
f 8708 8901 8900
f 8709 8710 8902
f 8709 8902 8901
f 8710 8711 8903
f 8710 8903 8902
f 8711 8712 8904
f 8711 8904 8903
f 8712 8713 8905
f 8712 8905 8904
f 8713 8714 8906
f 8713 8906 8905
f 8714 8715 8907
f 8714 8907 8906
f 8715 8716 8908
f 8715 8908 8907
f 8716 8717 8909
f 8716 8909 8908
f 8717 8718 8910
f 8717 8910 8909
f 8718 8719 8911
f 8718 8911 8910
f 8719 8720 8912
f 8719 8912 8911
f 8720 8721 8913
f 8720 8913 8912
f 8721 8722 8914
f 8721 8914 8913
f 8722 8723 8915
f 8722 8915 8914
f 8723 8724 8916
f 8723 8916 8915
f 8724 8725 8917
f 8724 8917 8916
f 8725 8726 8918
f 8725 8918 8917
f 8726 8727 8919
f 8726 8919 8918
f 8727 8728 8920
f 8727 8920 8919
f 8728 8729 8921
f 8728 8921 8920
f 8729 8730 8922
f 8729 8922 8921
f 8730 8731 8923
f 8730 8923 8922
f 8731 8732 8924
f 8731 8924 8923
f 8732 8733 8925
f 8732 8925 8924
f 8733 8734 8926
f 8733 8926 8925
f 8734 8735 8927
f 8734 8927 8926
f 8735 8736 8928
f 8735 8928 8927
f 8736 8641 8833
f 8736 8833 8928
f 8737 8930 8738
f 8737 8929 8930
f 8738 8931 8739
f 8738 8930 8931
f 8739 8932 8740
f 8739 8931 8932
f 8740 8933 8741
f 8740 8932 8933
f 8741 8934 8742
f 8741 8933 8934
f 8742 8935 8743
f 8742 8934 8935
f 8743 8936 8744
f 8743 8935 8936
f 8744 8937 8745
f 8744 8936 8937
f 8745 8938 8746
f 8745 8937 8938
f 8746 8939 8747
f 8746 8938 8939
f 8747 8940 8748
f 8747 8939 8940
f 8748 8941 8749
f 8748 8940 8941
f 8749 8942 8750
f 8749 8941 8942
f 8750 8943 8751
f 8750 8942 8943
f 8751 8944 8752
f 8751 8943 8944
f 8752 8945 8753
f 8752 8944 8945
f 8753 8946 8754
f 8753 8945 8946
f 8754 8947 8755
f 8754 8946 8947
f 8755 8948 8756
f 8755 8947 8948
f 8756 8949 8757
f 8756 8948 8949
f 8757 8950 8758
f 8757 8949 8950
f 8758 8951 8759
f 8758 8950 8951
f 8759 8952 8760
f 8759 8951 8952
f 8760 8953 8761
f 8760 8952 8953
f 8761 8954 8762
f 8761 8953 8954
f 8762 8955 8763
f 8762 8954 8955
f 8763 8956 8764
f 8763 8955 8956
f 8764 8957 8765
f 8764 8956 8957
f 8765 8958 8766
f 8765 8957 8958
f 8766 8959 8767
f 8766 8958 8959
f 8767 8960 8768
f 8767 8959 8960
f 8768 8961 8769
f 8768 8960 8961
f 8769 8962 8770
f 8769 8961 8962
f 8770 8963 8771
f 8770 8962 8963
f 8771 8964 8772
f 8771 8963 8964
f 8772 8965 8773
f 8772 8964 8965
f 8773 8966 8774
f 8773 8965 8966
f 8774 8967 8775
f 8774 8966 8967
f 8775 8968 8776
f 8775 8967 8968
f 8776 8969 8777
f 8776 8968 8969
f 8777 8970 8778
f 8777 8969 8970
f 8778 8971 8779
f 8778 8970 8971
f 8779 8972 8780
f 8779 8971 8972
f 8780 8973 8781
f 8780 8972 8973
f 8781 8974 8782
f 8781 8973 8974
f 8782 8975 8783
f 8782 8974 8975
f 8783 8976 8784
f 8783 8975 8976
f 8784 8977 8785
f 8784 8976 8977
f 8785 8978 8786
f 8785 8977 8978
f 8786 8979 8787
f 8786 8978 8979
f 8787 8980 8788
f 8787 8979 8980
f 8788 8981 8789
f 8788 8980 8981
f 8789 8982 8790
f 8789 8981 8982
f 8790 8983 8791
f 8790 8982 8983
f 8791 8984 8792
f 8791 8983 8984
f 8792 8985 8793
f 8792 8984 8985
f 8793 8986 8794
f 8793 8985 8986
f 8794 8987 8795
f 8794 8986 8987
f 8795 8988 8796
f 8795 8987 8988
f 8796 8989 8797
f 8796 8988 8989
f 8797 8990 8798
f 8797 8989 8990
f 8798 8991 8799
f 8798 8990 8991
f 8799 8992 8800
f 8799 8991 8992
f 8800 8993 8801
f 8800 8992 8993
f 8801 8994 8802
f 8801 8993 8994
f 8802 8995 8803
f 8802 8994 8995
f 8803 8996 8804
f 8803 8995 8996
f 8804 8997 8805
f 8804 8996 8997
f 8805 8998 8806
f 8805 8997 8998
f 8806 8999 8807
f 8806 8998 8999
f 8807 9000 8808
f 8807 8999 9000
f 8808 9001 8809
f 8808 9000 9001
f 8809 9002 8810
f 8809 9001 9002
f 8810 9003 8811
f 8810 9002 9003
f 8811 9004 8812
f 8811 9003 9004
f 8812 9005 8813
f 8812 9004 9005
f 8813 9006 8814
f 8813 9005 9006
f 8814 9007 8815
f 8814 9006 9007
f 8815 9008 8816
f 8815 9007 9008
f 8816 9009 8817
f 8816 9008 9009
f 8817 9010 8818
f 8817 9009 9010
f 8818 9011 8819
f 8818 9010 9011
f 8819 9012 8820
f 8819 9011 9012
f 8820 9013 8821
f 8820 9012 9013
f 8821 9014 8822
f 8821 9013 9014
f 8822 9015 8823
f 8822 9014 9015
f 8823 9016 8824
f 8823 9015 9016
f 8824 9017 8825
f 8824 9016 9017
f 8825 9018 8826
f 8825 9017 9018
f 8826 9019 8827
f 8826 9018 9019
f 8827 9020 8828
f 8827 9019 9020
f 8828 9021 8829
f 8828 9020 9021
f 8829 9022 8830
f 8829 9021 9022
f 8830 9023 8831
f 8830 9022 9023
f 8831 9024 8832
f 8831 9023 9024
f 8832 8929 8737
f 8832 9024 8929
f 8833 8834 9026
f 8833 9026 9025
f 8834 8835 9027
f 8834 9027 9026
f 8835 8836 9028
f 8835 9028 9027
f 8836 8837 9029
f 8836 9029 9028
f 8837 8838 9030
f 8837 9030 9029
f 8838 8839 9031
f 8838 9031 9030
f 8839 8840 9032
f 8839 9032 9031
f 8840 8841 9033
f 8840 9033 9032
f 8841 8842 9034
f 8841 9034 9033
f 8842 8843 9035
f 8842 9035 9034
f 8843 8844 9036
f 8843 9036 9035
f 8844 8845 9037
f 8844 9037 9036
f 8845 8846 9038
f 8845 9038 9037
f 8846 8847 9039
f 8846 9039 9038
f 8847 8848 9040
f 8847 9040 9039
f 8848 8849 9041
f 8848 9041 9040
f 8849 8850 9042
f 8849 9042 9041
f 8850 8851 9043
f 8850 9043 9042
f 8851 8852 9044
f 8851 9044 9043
f 8852 8853 9045
f 8852 9045 9044
f 8853 8854 9046
f 8853 9046 9045
f 8854 8855 9047
f 8854 9047 9046
f 8855 8856 9048
f 8855 9048 9047
f 8856 8857 9049
f 8856 9049 9048
f 8857 8858 9050
f 8857 9050 9049
f 8858 8859 9051
f 8858 9051 9050
f 8859 8860 9052
f 8859 9052 9051
f 8860 8861 9053
f 8860 9053 9052
f 8861 8862 9054
f 8861 9054 9053
f 8862 8863 9055
f 8862 9055 9054
f 8863 8864 9056
f 8863 9056 9055
f 8864 8865 9057
f 8864 9057 9056
f 8865 8866 9058
f 8865 9058 9057
f 8866 8867 9059
f 8866 9059 9058
f 8867 8868 9060
f 8867 9060 9059
f 8868 8869 9061
f 8868 9061 9060
f 8869 8870 9062
f 8869 9062 9061
f 8870 8871 9063
f 8870 9063 9062
f 8871 8872 9064
f 8871 9064 9063
f 8872 8873 9065
f 8872 9065 9064
f 8873 8874 9066
f 8873 9066 9065
f 8874 8875 9067
f 8874 9067 9066
f 8875 8876 9068
f 8875 9068 9067
f 8876 8877 9069
f 8876 9069 9068
f 8877 8878 9070
f 8877 9070 9069
f 8878 8879 9071
f 8878 9071 9070
f 8879 8880 9072
f 8879 9072 9071
f 8880 8881 9073
f 8880 9073 9072
f 8881 8882 9074
f 8881 9074 9073
f 8882 8883 9075
f 8882 9075 9074
f 8883 8884 9076
f 8883 9076 9075
f 8884 8885 9077
f 8884 9077 9076
f 8885 8886 9078
f 8885 9078 9077
f 8886 8887 9079
f 8886 9079 9078
f 8887 8888 9080
f 8887 9080 9079
f 8888 8889 9081
f 8888 9081 9080
f 8889 8890 9082
f 8889 9082 9081
f 8890 8891 9083
f 8890 9083 9082
f 8891 8892 9084
f 8891 9084 9083
f 8892 8893 9085
f 8892 9085 9084
f 8893 8894 9086
f 8893 9086 9085
f 8894 8895 9087
f 8894 9087 9086
f 8895 8896 9088
f 8895 9088 9087
f 8896 8897 9089
f 8896 9089 9088
f 8897 8898 9090
f 8897 9090 9089
f 8898 8899 9091
f 8898 9091 9090
f 8899 8900 9092
f 8899 9092 9091
f 8900 8901 9093
f 8900 9093 9092
f 8901 8902 9094
f 8901 9094 9093
f 8902 8903 9095
f 8902 9095 9094
f 8903 8904 9096
f 8903 9096 9095
f 8904 8905 9097
f 8904 9097 9096
f 8905 8906 9098
f 8905 9098 9097
f 8906 8907 9099
f 8906 9099 9098
f 8907 8908 9100
f 8907 9100 9099
f 8908 8909 9101
f 8908 9101 9100
f 8909 8910 9102
f 8909 9102 9101
f 8910 8911 9103
f 8910 9103 9102
f 8911 8912 9104
f 8911 9104 9103
f 8912 8913 9105
f 8912 9105 9104
f 8913 8914 9106
f 8913 9106 9105
f 8914 8915 9107
f 8914 9107 9106
f 8915 8916 9108
f 8915 9108 9107
f 8916 8917 9109
f 8916 9109 9108
f 8917 8918 9110
f 8917 9110 9109
f 8918 8919 9111
f 8918 9111 9110
f 8919 8920 9112
f 8919 9112 9111
f 8920 8921 9113
f 8920 9113 9112
f 8921 8922 9114
f 8921 9114 9113
f 8922 8923 9115
f 8922 9115 9114
f 8923 8924 9116
f 8923 9116 9115
f 8924 8925 9117
f 8924 9117 9116
f 8925 8926 9118
f 8925 9118 9117
f 8926 8927 9119
f 8926 9119 9118
f 8927 8928 9120
f 8927 9120 9119
f 8928 8833 9025
f 8928 9025 9120
f 8929 9122 8930
f 8929 9121 9122
f 8930 9123 8931
f 8930 9122 9123
f 8931 9124 8932
f 8931 9123 9124
f 8932 9125 8933
f 8932 9124 9125
f 8933 9126 8934
f 8933 9125 9126
f 8934 9127 8935
f 8934 9126 9127
f 8935 9128 8936
f 8935 9127 9128
f 8936 9129 8937
f 8936 9128 9129
f 8937 9130 8938
f 8937 9129 9130
f 8938 9131 8939
f 8938 9130 9131
f 8939 9132 8940
f 8939 9131 9132
f 8940 9133 8941
f 8940 9132 9133
f 8941 9134 8942
f 8941 9133 9134
f 8942 9135 8943
f 8942 9134 9135
f 8943 9136 8944
f 8943 9135 9136
f 8944 9137 8945
f 8944 9136 9137
f 8945 9138 8946
f 8945 9137 9138
f 8946 9139 8947
f 8946 9138 9139
f 8947 9140 8948
f 8947 9139 9140
f 8948 9141 8949
f 8948 9140 9141
f 8949 9142 8950
f 8949 9141 9142
f 8950 9143 8951
f 8950 9142 9143
f 8951 9144 8952
f 8951 9143 9144
f 8952 9145 8953
f 8952 9144 9145
f 8953 9146 8954
f 8953 9145 9146
f 8954 9147 8955
f 8954 9146 9147
f 8955 9148 8956
f 8955 9147 9148
f 8956 9149 8957
f 8956 9148 9149
f 8957 9150 8958
f 8957 9149 9150
f 8958 9151 8959
f 8958 9150 9151
f 8959 9152 8960
f 8959 9151 9152
f 8960 9153 8961
f 8960 9152 9153
f 8961 9154 8962
f 8961 9153 9154
f 8962 9155 8963
f 8962 9154 9155
f 8963 9156 8964
f 8963 9155 9156
f 8964 9157 8965
f 8964 9156 9157
f 8965 9158 8966
f 8965 9157 9158
f 8966 9159 8967
f 8966 9158 9159
f 8967 9160 8968
f 8967 9159 9160
f 8968 9161 8969
f 8968 9160 9161
f 8969 9162 8970
f 8969 9161 9162
f 8970 9163 8971
f 8970 9162 9163
f 8971 9164 8972
f 8971 9163 9164
f 8972 9165 8973
f 8972 9164 9165
f 8973 9166 8974
f 8973 9165 9166
f 8974 9167 8975
f 8974 9166 9167
f 8975 9168 8976
f 8975 9167 9168
f 8976 9169 8977
f 8976 9168 9169
f 8977 9170 8978
f 8977 9169 9170
f 8978 9171 8979
f 8978 9170 9171
f 8979 9172 8980
f 8979 9171 9172
f 8980 9173 8981
f 8980 9172 9173
f 8981 9174 8982
f 8981 9173 9174
f 8982 9175 8983
f 8982 9174 9175
f 8983 9176 8984
f 8983 9175 9176
f 8984 9177 8985
f 8984 9176 9177
f 8985 9178 8986
f 8985 9177 9178
f 8986 9179 8987
f 8986 9178 9179
f 8987 9180 8988
f 8987 9179 9180
f 8988 9181 8989
f 8988 9180 9181
f 8989 9182 8990
f 8989 9181 9182
f 8990 9183 8991
f 8990 9182 9183
f 8991 9184 8992
f 8991 9183 9184
f 8992 9185 8993
f 8992 9184 9185
f 8993 9186 8994
f 8993 9185 9186
f 8994 9187 8995
f 8994 9186 9187
f 8995 9188 8996
f 8995 9187 9188
f 8996 9189 8997
f 8996 9188 9189
f 8997 9190 8998
f 8997 9189 9190
f 8998 9191 8999
f 8998 9190 9191
f 8999 9192 9000
f 8999 9191 9192
f 9000 9193 9001
f 9000 9192 9193
f 9001 9194 9002
f 9001 9193 9194
f 9002 9195 9003
f 9002 9194 9195
f 9003 9196 9004
f 9003 9195 9196
f 9004 9197 9005
f 9004 9196 9197
f 9005 9198 9006
f 9005 9197 9198
f 9006 9199 9007
f 9006 9198 9199
f 9007 9200 9008
f 9007 9199 9200
f 9008 9201 9009
f 9008 9200 9201
f 9009 9202 9010
f 9009 9201 9202
f 9010 9203 9011
f 9010 9202 9203
f 9011 9204 9012
f 9011 9203 9204
f 9012 9205 9013
f 9012 9204 9205
f 9013 9206 9014
f 9013 9205 9206
f 9014 9207 9015
f 9014 9206 9207
f 9015 9208 9016
f 9015 9207 9208
f 9016 9209 9017
f 9016 9208 9209
f 9017 9210 9018
f 9017 9209 9210
f 9018 9211 9019
f 9018 9210 9211
f 9019 9212 9020
f 9019 9211 9212
f 9020 9213 9021
f 9020 9212 9213
f 9021 9214 9022
f 9021 9213 9214
f 9022 9215 9023
f 9022 9214 9215
f 9023 9216 9024
f 9023 9215 9216
f 9024 9121 8929
f 9024 9216 9121
f 9025 9026 9218
f 9025 9218 9217
f 9026 9027 9219
f 9026 9219 9218
f 9027 9028 9220
f 9027 9220 9219
f 9028 9029 9221
f 9028 9221 9220
f 9029 9030 9222
f 9029 9222 9221
f 9030 9031 9223
f 9030 9223 9222
f 9031 9032 9224
f 9031 9224 9223
f 9032 9033 9225
f 9032 9225 9224
f 9033 9034 9226
f 9033 9226 9225
f 9034 9035 9227
f 9034 9227 9226
f 9035 9036 9228
f 9035 9228 9227
f 9036 9037 9229
f 9036 9229 9228
f 9037 9038 9230
f 9037 9230 9229
f 9038 9039 9231
f 9038 9231 9230
f 9039 9040 9232
f 9039 9232 9231
f 9040 9041 9233
f 9040 9233 9232
f 9041 9042 9234
f 9041 9234 9233
f 9042 9043 9235
f 9042 9235 9234
f 9043 9044 9236
f 9043 9236 9235
f 9044 9045 9237
f 9044 9237 9236
f 9045 9046 9238
f 9045 9238 9237
f 9046 9047 9239
f 9046 9239 9238
f 9047 9048 9240
f 9047 9240 9239
f 9048 9049 9241
f 9048 9241 9240
f 9049 9050 9242
f 9049 9242 9241
f 9050 9051 9243
f 9050 9243 9242
f 9051 9052 9244
f 9051 9244 9243
f 9052 9053 9245
f 9052 9245 9244
f 9053 9054 9246
f 9053 9246 9245
f 9054 9055 9247
f 9054 9247 9246
f 9055 9056 9248
f 9055 9248 9247
f 9056 9057 9249
f 9056 9249 9248
f 9057 9058 9250
f 9057 9250 9249
f 9058 9059 9251
f 9058 9251 9250
f 9059 9060 9252
f 9059 9252 9251
f 9060 9061 9253
f 9060 9253 9252
f 9061 9062 9254
f 9061 9254 9253
f 9062 9063 9255
f 9062 9255 9254
f 9063 9064 9256
f 9063 9256 9255
f 9064 9065 9257
f 9064 9257 9256
f 9065 9066 9258
f 9065 9258 9257
f 9066 9067 9259
f 9066 9259 9258
f 9067 9068 9260
f 9067 9260 9259
f 9068 9069 9261
f 9068 9261 9260
f 9069 9070 9262
f 9069 9262 9261
f 9070 9071 9263
f 9070 9263 9262
f 9071 9072 9264
f 9071 9264 9263
f 9072 9073 9265
f 9072 9265 9264
f 9073 9074 9266
f 9073 9266 9265
f 9074 9075 9267
f 9074 9267 9266
f 9075 9076 9268
f 9075 9268 9267
f 9076 9077 9269
f 9076 9269 9268
f 9077 9078 9270
f 9077 9270 9269
f 9078 9079 9271
f 9078 9271 9270
f 9079 9080 9272
f 9079 9272 9271
f 9080 9081 9273
f 9080 9273 9272
f 9081 9082 9274
f 9081 9274 9273
f 9082 9083 9275
f 9082 9275 9274
f 9083 9084 9276
f 9083 9276 9275
f 9084 9085 9277
f 9084 9277 9276
f 9085 9086 9278
f 9085 9278 9277
f 9086 9087 9279
f 9086 9279 9278
f 9087 9088 9280
f 9087 9280 9279
f 9088 9089 9281
f 9088 9281 9280
f 9089 9090 9282
f 9089 9282 9281
f 9090 9091 9283
f 9090 9283 9282
f 9091 9092 9284
f 9091 9284 9283
f 9092 9093 9285
f 9092 9285 9284
f 9093 9094 9286
f 9093 9286 9285
f 9094 9095 9287
f 9094 9287 9286
f 9095 9096 9288
f 9095 9288 9287
f 9096 9097 9289
f 9096 9289 9288
f 9097 9098 9290
f 9097 9290 9289
f 9098 9099 9291
f 9098 9291 9290
f 9099 9100 9292
f 9099 9292 9291
f 9100 9101 9293
f 9100 9293 9292
f 9101 9102 9294
f 9101 9294 9293
f 9102 9103 9295
f 9102 9295 9294
f 9103 9104 9296
f 9103 9296 9295
f 9104 9105 9297
f 9104 9297 9296
f 9105 9106 9298
f 9105 9298 9297
f 9106 9107 9299
f 9106 9299 9298
f 9107 9108 9300
f 9107 9300 9299
f 9108 9109 9301
f 9108 9301 9300
f 9109 9110 9302
f 9109 9302 9301
f 9110 9111 9303
f 9110 9303 9302
f 9111 9112 9304
f 9111 9304 9303
f 9112 9113 9305
f 9112 9305 9304
f 9113 9114 9306
f 9113 9306 9305
f 9114 9115 9307
f 9114 9307 9306
f 9115 9116 9308
f 9115 9308 9307
f 9116 9117 9309
f 9116 9309 9308
f 9117 9118 9310
f 9117 9310 9309
f 9118 9119 9311
f 9118 9311 9310
f 9119 9120 9312
f 9119 9312 9311
f 9120 9025 9217
f 9120 9217 9312
f 9121 9314 9122
f 9121 9313 9314
f 9122 9315 9123
f 9122 9314 9315
f 9123 9316 9124
f 9123 9315 9316
f 9124 9317 9125
f 9124 9316 9317
f 9125 9318 9126
f 9125 9317 9318
f 9126 9319 9127
f 9126 9318 9319
f 9127 9320 9128
f 9127 9319 9320
f 9128 9321 9129
f 9128 9320 9321
f 9129 9322 9130
f 9129 9321 9322
f 9130 9323 9131
f 9130 9322 9323
f 9131 9324 9132
f 9131 9323 9324
f 9132 9325 9133
f 9132 9324 9325
f 9133 9326 9134
f 9133 9325 9326
f 9134 9327 9135
f 9134 9326 9327
f 9135 9328 9136
f 9135 9327 9328
f 9136 9329 9137
f 9136 9328 9329
f 9137 9330 9138
f 9137 9329 9330
f 9138 9331 9139
f 9138 9330 9331
f 9139 9332 9140
f 9139 9331 9332
f 9140 9333 9141
f 9140 9332 9333
f 9141 9334 9142
f 9141 9333 9334
f 9142 9335 9143
f 9142 9334 9335
f 9143 9336 9144
f 9143 9335 9336
f 9144 9337 9145
f 9144 9336 9337
f 9145 9338 9146
f 9145 9337 9338
f 9146 9339 9147
f 9146 9338 9339
f 9147 9340 9148
f 9147 9339 9340
f 9148 9341 9149
f 9148 9340 9341
f 9149 9342 9150
f 9149 9341 9342
f 9150 9343 9151
f 9150 9342 9343
f 9151 9344 9152
f 9151 9343 9344
f 9152 9345 9153
f 9152 9344 9345
f 9153 9346 9154
f 9153 9345 9346
f 9154 9347 9155
f 9154 9346 9347
f 9155 9348 9156
f 9155 9347 9348
f 9156 9349 9157
f 9156 9348 9349
f 9157 9350 9158
f 9157 9349 9350
f 9158 9351 9159
f 9158 9350 9351
f 9159 9352 9160
f 9159 9351 9352
f 9160 9353 9161
f 9160 9352 9353
f 9161 9354 9162
f 9161 9353 9354
f 9162 9355 9163
f 9162 9354 9355
f 9163 9356 9164
f 9163 9355 9356
f 9164 9357 9165
f 9164 9356 9357
f 9165 9358 9166
f 9165 9357 9358
f 9166 9359 9167
f 9166 9358 9359
f 9167 9360 9168
f 9167 9359 9360
f 9168 9361 9169
f 9168 9360 9361
f 9169 9362 9170
f 9169 9361 9362
f 9170 9363 9171
f 9170 9362 9363
f 9171 9364 9172
f 9171 9363 9364
f 9172 9365 9173
f 9172 9364 9365
f 9173 9366 9174
f 9173 9365 9366
f 9174 9367 9175
f 9174 9366 9367
f 9175 9368 9176
f 9175 9367 9368
f 9176 9369 9177
f 9176 9368 9369
f 9177 9370 9178
f 9177 9369 9370
f 9178 9371 9179
f 9178 9370 9371
f 9179 9372 9180
f 9179 9371 9372
f 9180 9373 9181
f 9180 9372 9373
f 9181 9374 9182
f 9181 9373 9374
f 9182 9375 9183
f 9182 9374 9375
f 9183 9376 9184
f 9183 9375 9376
f 9184 9377 9185
f 9184 9376 9377
f 9185 9378 9186
f 9185 9377 9378
f 9186 9379 9187
f 9186 9378 9379
f 9187 9380 9188
f 9187 9379 9380
f 9188 9381 9189
f 9188 9380 9381
f 9189 9382 9190
f 9189 9381 9382
f 9190 9383 9191
f 9190 9382 9383
f 9191 9384 9192
f 9191 9383 9384
f 9192 9385 9193
f 9192 9384 9385
f 9193 9386 9194
f 9193 9385 9386
f 9194 9387 9195
f 9194 9386 9387
f 9195 9388 9196
f 9195 9387 9388
f 9196 9389 9197
f 9196 9388 9389
f 9197 9390 9198
f 9197 9389 9390
f 9198 9391 9199
f 9198 9390 9391
f 9199 9392 9200
f 9199 9391 9392
f 9200 9393 9201
f 9200 9392 9393
f 9201 9394 9202
f 9201 9393 9394
f 9202 9395 9203
f 9202 9394 9395
f 9203 9396 9204
f 9203 9395 9396
f 9204 9397 9205
f 9204 9396 9397
f 9205 9398 9206
f 9205 9397 9398
f 9206 9399 9207
f 9206 9398 9399
f 9207 9400 9208
f 9207 9399 9400
f 9208 9401 9209
f 9208 9400 9401
f 9209 9402 9210
f 9209 9401 9402
f 9210 9403 9211
f 9210 9402 9403
f 9211 9404 9212
f 9211 9403 9404
f 9212 9405 9213
f 9212 9404 9405
f 9213 9406 9214
f 9213 9405 9406
f 9214 9407 9215
f 9214 9406 9407
f 9215 9408 9216
f 9215 9407 9408
f 9216 9313 9121
f 9216 9408 9313
f 9217 9218 9410
f 9217 9410 9409
f 9218 9219 9411
f 9218 9411 9410
f 9219 9220 9412
f 9219 9412 9411
f 9220 9221 9413
f 9220 9413 9412
f 9221 9222 9414
f 9221 9414 9413
f 9222 9223 9415
f 9222 9415 9414
f 9223 9224 9416
f 9223 9416 9415
f 9224 9225 9417
f 9224 9417 9416
f 9225 9226 9418
f 9225 9418 9417
f 9226 9227 9419
f 9226 9419 9418
f 9227 9228 9420
f 9227 9420 9419
f 9228 9229 9421
f 9228 9421 9420
f 9229 9230 9422
f 9229 9422 9421
f 9230 9231 9423
f 9230 9423 9422
f 9231 9232 9424
f 9231 9424 9423
f 9232 9233 9425
f 9232 9425 9424
f 9233 9234 9426
f 9233 9426 9425
f 9234 9235 9427
f 9234 9427 9426
f 9235 9236 9428
f 9235 9428 9427
f 9236 9237 9429
f 9236 9429 9428
f 9237 9238 9430
f 9237 9430 9429
f 9238 9239 9431
f 9238 9431 9430
f 9239 9240 9432
f 9239 9432 9431
f 9240 9241 9433
f 9240 9433 9432
f 9241 9242 9434
f 9241 9434 9433
f 9242 9243 9435
f 9242 9435 9434
f 9243 9244 9436
f 9243 9436 9435
f 9244 9245 9437
f 9244 9437 9436
f 9245 9246 9438
f 9245 9438 9437
f 9246 9247 9439
f 9246 9439 9438
f 9247 9248 9440
f 9247 9440 9439
f 9248 9249 9441
f 9248 9441 9440
f 9249 9250 9442
f 9249 9442 9441
f 9250 9251 9443
f 9250 9443 9442
f 9251 9252 9444
f 9251 9444 9443
f 9252 9253 9445
f 9252 9445 9444
f 9253 9254 9446
f 9253 9446 9445
f 9254 9255 9447
f 9254 9447 9446
f 9255 9256 9448
f 9255 9448 9447
f 9256 9257 9449
f 9256 9449 9448
f 9257 9258 9450
f 9257 9450 9449
f 9258 9259 9451
f 9258 9451 9450
f 9259 9260 9452
f 9259 9452 9451
f 9260 9261 9453
f 9260 9453 9452
f 9261 9262 9454
f 9261 9454 9453
f 9262 9263 9455
f 9262 9455 9454
f 9263 9264 9456
f 9263 9456 9455
f 9264 9265 9457
f 9264 9457 9456
f 9265 9266 9458
f 9265 9458 9457
f 9266 9267 9459
f 9266 9459 9458
f 9267 9268 9460
f 9267 9460 9459
f 9268 9269 9461
f 9268 9461 9460
f 9269 9270 9462
f 9269 9462 9461
f 9270 9271 9463
f 9270 9463 9462
f 9271 9272 9464
f 9271 9464 9463
f 9272 9273 9465
f 9272 9465 9464
f 9273 9274 9466
f 9273 9466 9465
f 9274 9275 9467
f 9274 9467 9466
f 9275 9276 9468
f 9275 9468 9467
f 9276 9277 9469
f 9276 9469 9468
f 9277 9278 9470
f 9277 9470 9469
f 9278 9279 9471
f 9278 9471 9470
f 9279 9280 9472
f 9279 9472 9471
f 9280 9281 9473
f 9280 9473 9472
f 9281 9282 9474
f 9281 9474 9473
f 9282 9283 9475
f 9282 9475 9474
f 9283 9284 9476
f 9283 9476 9475
f 9284 9285 9477
f 9284 9477 9476
f 9285 9286 9478
f 9285 9478 9477
f 9286 9287 9479
f 9286 9479 9478
f 9287 9288 9480
f 9287 9480 9479
f 9288 9289 9481
f 9288 9481 9480
f 9289 9290 9482
f 9289 9482 9481
f 9290 9291 9483
f 9290 9483 9482
f 9291 9292 9484
f 9291 9484 9483
f 9292 9293 9485
f 9292 9485 9484
f 9293 9294 9486
f 9293 9486 9485
f 9294 9295 9487
f 9294 9487 9486
f 9295 9296 9488
f 9295 9488 9487
f 9296 9297 9489
f 9296 9489 9488
f 9297 9298 9490
f 9297 9490 9489
f 9298 9299 9491
f 9298 9491 9490
f 9299 9300 9492
f 9299 9492 9491
f 9300 9301 9493
f 9300 9493 9492
f 9301 9302 9494
f 9301 9494 9493
f 9302 9303 9495
f 9302 9495 9494
f 9303 9304 9496
f 9303 9496 9495
f 9304 9305 9497
f 9304 9497 9496
f 9305 9306 9498
f 9305 9498 9497
f 9306 9307 9499
f 9306 9499 9498
f 9307 9308 9500
f 9307 9500 9499
f 9308 9309 9501
f 9308 9501 9500
f 9309 9310 9502
f 9309 9502 9501
f 9310 9311 9503
f 9310 9503 9502
f 9311 9312 9504
f 9311 9504 9503
f 9312 9217 9409
f 9312 9409 9504
f 9313 9506 9314
f 9313 9505 9506
f 9314 9507 9315
f 9314 9506 9507
f 9315 9508 9316
f 9315 9507 9508
f 9316 9509 9317
f 9316 9508 9509
f 9317 9510 9318
f 9317 9509 9510
f 9318 9511 9319
f 9318 9510 9511
f 9319 9512 9320
f 9319 9511 9512
f 9320 9513 9321
f 9320 9512 9513
f 9321 9514 9322
f 9321 9513 9514
f 9322 9515 9323
f 9322 9514 9515
f 9323 9516 9324
f 9323 9515 9516
f 9324 9517 9325
f 9324 9516 9517
f 9325 9518 9326
f 9325 9517 9518
f 9326 9519 9327
f 9326 9518 9519
f 9327 9520 9328
f 9327 9519 9520
f 9328 9521 9329
f 9328 9520 9521
f 9329 9522 9330
f 9329 9521 9522
f 9330 9523 9331
f 9330 9522 9523
f 9331 9524 9332
f 9331 9523 9524
f 9332 9525 9333
f 9332 9524 9525
f 9333 9526 9334
f 9333 9525 9526
f 9334 9527 9335
f 9334 9526 9527
f 9335 9528 9336
f 9335 9527 9528
f 9336 9529 9337
f 9336 9528 9529
f 9337 9530 9338
f 9337 9529 9530
f 9338 9531 9339
f 9338 9530 9531
f 9339 9532 9340
f 9339 9531 9532
f 9340 9533 9341
f 9340 9532 9533
f 9341 9534 9342
f 9341 9533 9534
f 9342 9535 9343
f 9342 9534 9535
f 9343 9536 9344
f 9343 9535 9536
f 9344 9537 9345
f 9344 9536 9537
f 9345 9538 9346
f 9345 9537 9538
f 9346 9539 9347
f 9346 9538 9539
f 9347 9540 9348
f 9347 9539 9540
f 9348 9541 9349
f 9348 9540 9541
f 9349 9542 9350
f 9349 9541 9542
f 9350 9543 9351
f 9350 9542 9543
f 9351 9544 9352
f 9351 9543 9544
f 9352 9545 9353
f 9352 9544 9545
f 9353 9546 9354
f 9353 9545 9546
f 9354 9547 9355
f 9354 9546 9547
f 9355 9548 9356
f 9355 9547 9548
f 9356 9549 9357
f 9356 9548 9549
f 9357 9550 9358
f 9357 9549 9550
f 9358 9551 9359
f 9358 9550 9551
f 9359 9552 9360
f 9359 9551 9552
f 9360 9553 9361
f 9360 9552 9553
f 9361 9554 9362
f 9361 9553 9554
f 9362 9555 9363
f 9362 9554 9555
f 9363 9556 9364
f 9363 9555 9556
f 9364 9557 9365
f 9364 9556 9557
f 9365 9558 9366
f 9365 9557 9558
f 9366 9559 9367
f 9366 9558 9559
f 9367 9560 9368
f 9367 9559 9560
f 9368 9561 9369
f 9368 9560 9561
f 9369 9562 9370
f 9369 9561 9562
f 9370 9563 9371
f 9370 9562 9563
f 9371 9564 9372
f 9371 9563 9564
f 9372 9565 9373
f 9372 9564 9565
f 9373 9566 9374
f 9373 9565 9566
f 9374 9567 9375
f 9374 9566 9567
f 9375 9568 9376
f 9375 9567 9568
f 9376 9569 9377
f 9376 9568 9569
f 9377 9570 9378
f 9377 9569 9570
f 9378 9571 9379
f 9378 9570 9571
f 9379 9572 9380
f 9379 9571 9572
f 9380 9573 9381
f 9380 9572 9573
f 9381 9574 9382
f 9381 9573 9574
f 9382 9575 9383
f 9382 9574 9575
f 9383 9576 9384
f 9383 9575 9576
f 9384 9577 9385
f 9384 9576 9577
f 9385 9578 9386
f 9385 9577 9578
f 9386 9579 9387
f 9386 9578 9579
f 9387 9580 9388
f 9387 9579 9580
f 9388 9581 9389
f 9388 9580 9581
f 9389 9582 9390
f 9389 9581 9582
f 9390 9583 9391
f 9390 9582 9583
f 9391 9584 9392
f 9391 9583 9584
f 9392 9585 9393
f 9392 9584 9585
f 9393 9586 9394
f 9393 9585 9586
f 9394 9587 9395
f 9394 9586 9587
f 9395 9588 9396
f 9395 9587 9588
f 9396 9589 9397
f 9396 9588 9589
f 9397 9590 9398
f 9397 9589 9590
f 9398 9591 9399
f 9398 9590 9591
f 9399 9592 9400
f 9399 9591 9592
f 9400 9593 9401
f 9400 9592 9593
f 9401 9594 9402
f 9401 9593 9594
f 9402 9595 9403
f 9402 9594 9595
f 9403 9596 9404
f 9403 9595 9596
f 9404 9597 9405
f 9404 9596 9597
f 9405 9598 9406
f 9405 9597 9598
f 9406 9599 9407
f 9406 9598 9599
f 9407 9600 9408
f 9407 9599 9600
f 9408 9505 9313
f 9408 9600 9505
f 9409 9410 9602
f 9409 9602 9601
f 9410 9411 9603
f 9410 9603 9602
f 9411 9412 9604
f 9411 9604 9603
f 9412 9413 9605
f 9412 9605 9604
f 9413 9414 9606
f 9413 9606 9605
f 9414 9415 9607
f 9414 9607 9606
f 9415 9416 9608
f 9415 9608 9607
f 9416 9417 9609
f 9416 9609 9608
f 9417 9418 9610
f 9417 9610 9609
f 9418 9419 9611
f 9418 9611 9610
f 9419 9420 9612
f 9419 9612 9611
f 9420 9421 9613
f 9420 9613 9612
f 9421 9422 9614
f 9421 9614 9613
f 9422 9423 9615
f 9422 9615 9614
f 9423 9424 9616
f 9423 9616 9615
f 9424 9425 9617
f 9424 9617 9616
f 9425 9426 9618
f 9425 9618 9617
f 9426 9427 9619
f 9426 9619 9618
f 9427 9428 9620
f 9427 9620 9619
f 9428 9429 9621
f 9428 9621 9620
f 9429 9430 9622
f 9429 9622 9621
f 9430 9431 9623
f 9430 9623 9622
f 9431 9432 9624
f 9431 9624 9623
f 9432 9433 9625
f 9432 9625 9624
f 9433 9434 9626
f 9433 9626 9625
f 9434 9435 9627
f 9434 9627 9626
f 9435 9436 9628
f 9435 9628 9627
f 9436 9437 9629
f 9436 9629 9628
f 9437 9438 9630
f 9437 9630 9629
f 9438 9439 9631
f 9438 9631 9630
f 9439 9440 9632
f 9439 9632 9631
f 9440 9441 9633
f 9440 9633 9632
f 9441 9442 9634
f 9441 9634 9633
f 9442 9443 9635
f 9442 9635 9634
f 9443 9444 9636
f 9443 9636 9635
f 9444 9445 9637
f 9444 9637 9636
f 9445 9446 9638
f 9445 9638 9637
f 9446 9447 9639
f 9446 9639 9638
f 9447 9448 9640
f 9447 9640 9639
f 9448 9449 9641
f 9448 9641 9640
f 9449 9450 9642
f 9449 9642 9641
f 9450 9451 9643
f 9450 9643 9642
f 9451 9452 9644
f 9451 9644 9643
f 9452 9453 9645
f 9452 9645 9644
f 9453 9454 9646
f 9453 9646 9645
f 9454 9455 9647
f 9454 9647 9646
f 9455 9456 9648
f 9455 9648 9647
f 9456 9457 9649
f 9456 9649 9648
f 9457 9458 9650
f 9457 9650 9649
f 9458 9459 9651
f 9458 9651 9650
f 9459 9460 9652
f 9459 9652 9651
f 9460 9461 9653
f 9460 9653 9652
f 9461 9462 9654
f 9461 9654 9653
f 9462 9463 9655
f 9462 9655 9654
f 9463 9464 9656
f 9463 9656 9655
f 9464 9465 9657
f 9464 9657 9656
f 9465 9466 9658
f 9465 9658 9657
f 9466 9467 9659
f 9466 9659 9658
f 9467 9468 9660
f 9467 9660 9659
f 9468 9469 9661
f 9468 9661 9660
f 9469 9470 9662
f 9469 9662 9661
f 9470 9471 9663
f 9470 9663 9662
f 9471 9472 9664
f 9471 9664 9663
f 9472 9473 9665
f 9472 9665 9664
f 9473 9474 9666
f 9473 9666 9665
f 9474 9475 9667
f 9474 9667 9666
f 9475 9476 9668
f 9475 9668 9667
f 9476 9477 9669
f 9476 9669 9668
f 9477 9478 9670
f 9477 9670 9669
f 9478 9479 9671
f 9478 9671 9670
f 9479 9480 9672
f 9479 9672 9671
f 9480 9481 9673
f 9480 9673 9672
f 9481 9482 9674
f 9481 9674 9673
f 9482 9483 9675
f 9482 9675 9674
f 9483 9484 9676
f 9483 9676 9675
f 9484 9485 9677
f 9484 9677 9676
f 9485 9486 9678
f 9485 9678 9677
f 9486 9487 9679
f 9486 9679 9678
f 9487 9488 9680
f 9487 9680 9679
f 9488 9489 9681
f 9488 9681 9680
f 9489 9490 9682
f 9489 9682 9681
f 9490 9491 9683
f 9490 9683 9682
f 9491 9492 9684
f 9491 9684 9683
f 9492 9493 9685
f 9492 9685 9684
f 9493 9494 9686
f 9493 9686 9685
f 9494 9495 9687
f 9494 9687 9686
f 9495 9496 9688
f 9495 9688 9687
f 9496 9497 9689
f 9496 9689 9688
f 9497 9498 9690
f 9497 9690 9689
f 9498 9499 9691
f 9498 9691 9690
f 9499 9500 9692
f 9499 9692 9691
f 9500 9501 9693
f 9500 9693 9692
f 9501 9502 9694
f 9501 9694 9693
f 9502 9503 9695
f 9502 9695 9694
f 9503 9504 9696
f 9503 9696 9695
f 9504 9409 9601
f 9504 9601 9696
f 9505 9698 9506
f 9505 9697 9698
f 9506 9699 9507
f 9506 9698 9699
f 9507 9700 9508
f 9507 9699 9700
f 9508 9701 9509
f 9508 9700 9701
f 9509 9702 9510
f 9509 9701 9702
f 9510 9703 9511
f 9510 9702 9703
f 9511 9704 9512
f 9511 9703 9704
f 9512 9705 9513
f 9512 9704 9705
f 9513 9706 9514
f 9513 9705 9706
f 9514 9707 9515
f 9514 9706 9707
f 9515 9708 9516
f 9515 9707 9708
f 9516 9709 9517
f 9516 9708 9709
f 9517 9710 9518
f 9517 9709 9710
f 9518 9711 9519
f 9518 9710 9711
f 9519 9712 9520
f 9519 9711 9712
f 9520 9713 9521
f 9520 9712 9713
f 9521 9714 9522
f 9521 9713 9714
f 9522 9715 9523
f 9522 9714 9715
f 9523 9716 9524
f 9523 9715 9716
f 9524 9717 9525
f 9524 9716 9717
f 9525 9718 9526
f 9525 9717 9718
f 9526 9719 9527
f 9526 9718 9719
f 9527 9720 9528
f 9527 9719 9720
f 9528 9721 9529
f 9528 9720 9721
f 9529 9722 9530
f 9529 9721 9722
f 9530 9723 9531
f 9530 9722 9723
f 9531 9724 9532
f 9531 9723 9724
f 9532 9725 9533
f 9532 9724 9725
f 9533 9726 9534
f 9533 9725 9726
f 9534 9727 9535
f 9534 9726 9727
f 9535 9728 9536
f 9535 9727 9728
f 9536 9729 9537
f 9536 9728 9729
f 9537 9730 9538
f 9537 9729 9730
f 9538 9731 9539
f 9538 9730 9731
f 9539 9732 9540
f 9539 9731 9732
f 9540 9733 9541
f 9540 9732 9733
f 9541 9734 9542
f 9541 9733 9734
f 9542 9735 9543
f 9542 9734 9735
f 9543 9736 9544
f 9543 9735 9736
f 9544 9737 9545
f 9544 9736 9737
f 9545 9738 9546
f 9545 9737 9738
f 9546 9739 9547
f 9546 9738 9739
f 9547 9740 9548
f 9547 9739 9740
f 9548 9741 9549
f 9548 9740 9741
f 9549 9742 9550
f 9549 9741 9742
f 9550 9743 9551
f 9550 9742 9743
f 9551 9744 9552
f 9551 9743 9744
f 9552 9745 9553
f 9552 9744 9745
f 9553 9746 9554
f 9553 9745 9746
f 9554 9747 9555
f 9554 9746 9747
f 9555 9748 9556
f 9555 9747 9748
f 9556 9749 9557
f 9556 9748 9749
f 9557 9750 9558
f 9557 9749 9750
f 9558 9751 9559
f 9558 9750 9751
f 9559 9752 9560
f 9559 9751 9752
f 9560 9753 9561
f 9560 9752 9753
f 9561 9754 9562
f 9561 9753 9754
f 9562 9755 9563
f 9562 9754 9755
f 9563 9756 9564
f 9563 9755 9756
f 9564 9757 9565
f 9564 9756 9757
f 9565 9758 9566
f 9565 9757 9758
f 9566 9759 9567
f 9566 9758 9759
f 9567 9760 9568
f 9567 9759 9760
f 9568 9761 9569
f 9568 9760 9761
f 9569 9762 9570
f 9569 9761 9762
f 9570 9763 9571
f 9570 9762 9763
f 9571 9764 9572
f 9571 9763 9764
f 9572 9765 9573
f 9572 9764 9765
f 9573 9766 9574
f 9573 9765 9766
f 9574 9767 9575
f 9574 9766 9767
f 9575 9768 9576
f 9575 9767 9768
f 9576 9769 9577
f 9576 9768 9769
f 9577 9770 9578
f 9577 9769 9770
f 9578 9771 9579
f 9578 9770 9771
f 9579 9772 9580
f 9579 9771 9772
f 9580 9773 9581
f 9580 9772 9773
f 9581 9774 9582
f 9581 9773 9774
f 9582 9775 9583
f 9582 9774 9775
f 9583 9776 9584
f 9583 9775 9776
f 9584 9777 9585
f 9584 9776 9777
f 9585 9778 9586
f 9585 9777 9778
f 9586 9779 9587
f 9586 9778 9779
f 9587 9780 9588
f 9587 9779 9780
f 9588 9781 9589
f 9588 9780 9781
f 9589 9782 9590
f 9589 9781 9782
f 9590 9783 9591
f 9590 9782 9783
f 9591 9784 9592
f 9591 9783 9784
f 9592 9785 9593
f 9592 9784 9785
f 9593 9786 9594
f 9593 9785 9786
f 9594 9787 9595
f 9594 9786 9787
f 9595 9788 9596
f 9595 9787 9788
f 9596 9789 9597
f 9596 9788 9789
f 9597 9790 9598
f 9597 9789 9790
f 9598 9791 9599
f 9598 9790 9791
f 9599 9792 9600
f 9599 9791 9792
f 9600 9697 9505
f 9600 9792 9697
f 9601 9602 9794
f 9601 9794 9793
f 9602 9603 9795
f 9602 9795 9794
f 9603 9604 9796
f 9603 9796 9795
f 9604 9605 9797
f 9604 9797 9796
f 9605 9606 9798
f 9605 9798 9797
f 9606 9607 9799
f 9606 9799 9798
f 9607 9608 9800
f 9607 9800 9799
f 9608 9609 9801
f 9608 9801 9800
f 9609 9610 9802
f 9609 9802 9801
f 9610 9611 9803
f 9610 9803 9802
f 9611 9612 9804
f 9611 9804 9803
f 9612 9613 9805
f 9612 9805 9804
f 9613 9614 9806
f 9613 9806 9805
f 9614 9615 9807
f 9614 9807 9806
f 9615 9616 9808
f 9615 9808 9807
f 9616 9617 9809
f 9616 9809 9808
f 9617 9618 9810
f 9617 9810 9809
f 9618 9619 9811
f 9618 9811 9810
f 9619 9620 9812
f 9619 9812 9811
f 9620 9621 9813
f 9620 9813 9812
f 9621 9622 9814
f 9621 9814 9813
f 9622 9623 9815
f 9622 9815 9814
f 9623 9624 9816
f 9623 9816 9815
f 9624 9625 9817
f 9624 9817 9816
f 9625 9626 9818
f 9625 9818 9817
f 9626 9627 9819
f 9626 9819 9818
f 9627 9628 9820
f 9627 9820 9819
f 9628 9629 9821
f 9628 9821 9820
f 9629 9630 9822
f 9629 9822 9821
f 9630 9631 9823
f 9630 9823 9822
f 9631 9632 9824
f 9631 9824 9823
f 9632 9633 9825
f 9632 9825 9824
f 9633 9634 9826
f 9633 9826 9825
f 9634 9635 9827
f 9634 9827 9826
f 9635 9636 9828
f 9635 9828 9827
f 9636 9637 9829
f 9636 9829 9828
f 9637 9638 9830
f 9637 9830 9829
f 9638 9639 9831
f 9638 9831 9830
f 9639 9640 9832
f 9639 9832 9831
f 9640 9641 9833
f 9640 9833 9832
f 9641 9642 9834
f 9641 9834 9833
f 9642 9643 9835
f 9642 9835 9834
f 9643 9644 9836
f 9643 9836 9835
f 9644 9645 9837
f 9644 9837 9836
f 9645 9646 9838
f 9645 9838 9837
f 9646 9647 9839
f 9646 9839 9838
f 9647 9648 9840
f 9647 9840 9839
f 9648 9649 9841
f 9648 9841 9840
f 9649 9650 9842
f 9649 9842 9841
f 9650 9651 9843
f 9650 9843 9842
f 9651 9652 9844
f 9651 9844 9843
f 9652 9653 9845
f 9652 9845 9844
f 9653 9654 9846
f 9653 9846 9845
f 9654 9655 9847
f 9654 9847 9846
f 9655 9656 9848
f 9655 9848 9847
f 9656 9657 9849
f 9656 9849 9848
f 9657 9658 9850
f 9657 9850 9849
f 9658 9659 9851
f 9658 9851 9850
f 9659 9660 9852
f 9659 9852 9851
f 9660 9661 9853
f 9660 9853 9852
f 9661 9662 9854
f 9661 9854 9853
f 9662 9663 9855
f 9662 9855 9854
f 9663 9664 9856
f 9663 9856 9855
f 9664 9665 9857
f 9664 9857 9856
f 9665 9666 9858
f 9665 9858 9857
f 9666 9667 9859
f 9666 9859 9858
f 9667 9668 9860
f 9667 9860 9859
f 9668 9669 9861
f 9668 9861 9860
f 9669 9670 9862
f 9669 9862 9861
f 9670 9671 9863
f 9670 9863 9862
f 9671 9672 9864
f 9671 9864 9863
f 9672 9673 9865
f 9672 9865 9864
f 9673 9674 9866
f 9673 9866 9865
f 9674 9675 9867
f 9674 9867 9866
f 9675 9676 9868
f 9675 9868 9867
f 9676 9677 9869
f 9676 9869 9868
f 9677 9678 9870
f 9677 9870 9869
f 9678 9679 9871
f 9678 9871 9870
f 9679 9680 9872
f 9679 9872 9871
f 9680 9681 9873
f 9680 9873 9872
f 9681 9682 9874
f 9681 9874 9873
f 9682 9683 9875
f 9682 9875 9874
f 9683 9684 9876
f 9683 9876 9875
f 9684 9685 9877
f 9684 9877 9876
f 9685 9686 9878
f 9685 9878 9877
f 9686 9687 9879
f 9686 9879 9878
f 9687 9688 9880
f 9687 9880 9879
f 9688 9689 9881
f 9688 9881 9880
f 9689 9690 9882
f 9689 9882 9881
f 9690 9691 9883
f 9690 9883 9882
f 9691 9692 9884
f 9691 9884 9883
f 9692 9693 9885
f 9692 9885 9884
f 9693 9694 9886
f 9693 9886 9885
f 9694 9695 9887
f 9694 9887 9886
f 9695 9696 9888
f 9695 9888 9887
f 9696 9601 9793
f 9696 9793 9888
f 9697 9890 9698
f 9697 9889 9890
f 9698 9891 9699
f 9698 9890 9891
f 9699 9892 9700
f 9699 9891 9892
f 9700 9893 9701
f 9700 9892 9893
f 9701 9894 9702
f 9701 9893 9894
f 9702 9895 9703
f 9702 9894 9895
f 9703 9896 9704
f 9703 9895 9896
f 9704 9897 9705
f 9704 9896 9897
f 9705 9898 9706
f 9705 9897 9898
f 9706 9899 9707
f 9706 9898 9899
f 9707 9900 9708
f 9707 9899 9900
f 9708 9901 9709
f 9708 9900 9901
f 9709 9902 9710
f 9709 9901 9902
f 9710 9903 9711
f 9710 9902 9903
f 9711 9904 9712
f 9711 9903 9904
f 9712 9905 9713
f 9712 9904 9905
f 9713 9906 9714
f 9713 9905 9906
f 9714 9907 9715
f 9714 9906 9907
f 9715 9908 9716
f 9715 9907 9908
f 9716 9909 9717
f 9716 9908 9909
f 9717 9910 9718
f 9717 9909 9910
f 9718 9911 9719
f 9718 9910 9911
f 9719 9912 9720
f 9719 9911 9912
f 9720 9913 9721
f 9720 9912 9913
f 9721 9914 9722
f 9721 9913 9914
f 9722 9915 9723
f 9722 9914 9915
f 9723 9916 9724
f 9723 9915 9916
f 9724 9917 9725
f 9724 9916 9917
f 9725 9918 9726
f 9725 9917 9918
f 9726 9919 9727
f 9726 9918 9919
f 9727 9920 9728
f 9727 9919 9920
f 9728 9921 9729
f 9728 9920 9921
f 9729 9922 9730
f 9729 9921 9922
f 9730 9923 9731
f 9730 9922 9923
f 9731 9924 9732
f 9731 9923 9924
f 9732 9925 9733
f 9732 9924 9925
f 9733 9926 9734
f 9733 9925 9926
f 9734 9927 9735
f 9734 9926 9927
f 9735 9928 9736
f 9735 9927 9928
f 9736 9929 9737
f 9736 9928 9929
f 9737 9930 9738
f 9737 9929 9930
f 9738 9931 9739
f 9738 9930 9931
f 9739 9932 9740
f 9739 9931 9932
f 9740 9933 9741
f 9740 9932 9933
f 9741 9934 9742
f 9741 9933 9934
f 9742 9935 9743
f 9742 9934 9935
f 9743 9936 9744
f 9743 9935 9936
f 9744 9937 9745
f 9744 9936 9937
f 9745 9938 9746
f 9745 9937 9938
f 9746 9939 9747
f 9746 9938 9939
f 9747 9940 9748
f 9747 9939 9940
f 9748 9941 9749
f 9748 9940 9941
f 9749 9942 9750
f 9749 9941 9942
f 9750 9943 9751
f 9750 9942 9943
f 9751 9944 9752
f 9751 9943 9944
f 9752 9945 9753
f 9752 9944 9945
f 9753 9946 9754
f 9753 9945 9946
f 9754 9947 9755
f 9754 9946 9947
f 9755 9948 9756
f 9755 9947 9948
f 9756 9949 9757
f 9756 9948 9949
f 9757 9950 9758
f 9757 9949 9950
f 9758 9951 9759
f 9758 9950 9951
f 9759 9952 9760
f 9759 9951 9952
f 9760 9953 9761
f 9760 9952 9953
f 9761 9954 9762
f 9761 9953 9954
f 9762 9955 9763
f 9762 9954 9955
f 9763 9956 9764
f 9763 9955 9956
f 9764 9957 9765
f 9764 9956 9957
f 9765 9958 9766
f 9765 9957 9958
f 9766 9959 9767
f 9766 9958 9959
f 9767 9960 9768
f 9767 9959 9960
f 9768 9961 9769
f 9768 9960 9961
f 9769 9962 9770
f 9769 9961 9962
f 9770 9963 9771
f 9770 9962 9963
f 9771 9964 9772
f 9771 9963 9964
f 9772 9965 9773
f 9772 9964 9965
f 9773 9966 9774
f 9773 9965 9966
f 9774 9967 9775
f 9774 9966 9967
f 9775 9968 9776
f 9775 9967 9968
f 9776 9969 9777
f 9776 9968 9969
f 9777 9970 9778
f 9777 9969 9970
f 9778 9971 9779
f 9778 9970 9971
f 9779 9972 9780
f 9779 9971 9972
f 9780 9973 9781
f 9780 9972 9973
f 9781 9974 9782
f 9781 9973 9974
f 9782 9975 9783
f 9782 9974 9975
f 9783 9976 9784
f 9783 9975 9976
f 9784 9977 9785
f 9784 9976 9977
f 9785 9978 9786
f 9785 9977 9978
f 9786 9979 9787
f 9786 9978 9979
f 9787 9980 9788
f 9787 9979 9980
f 9788 9981 9789
f 9788 9980 9981
f 9789 9982 9790
f 9789 9981 9982
f 9790 9983 9791
f 9790 9982 9983
f 9791 9984 9792
f 9791 9983 9984
f 9792 9889 9697
f 9792 9984 9889
f 9793 9794 9986
f 9793 9986 9985
f 9794 9795 9987
f 9794 9987 9986
f 9795 9796 9988
f 9795 9988 9987
f 9796 9797 9989
f 9796 9989 9988
f 9797 9798 9990
f 9797 9990 9989
f 9798 9799 9991
f 9798 9991 9990
f 9799 9800 9992
f 9799 9992 9991
f 9800 9801 9993
f 9800 9993 9992
f 9801 9802 9994
f 9801 9994 9993
f 9802 9803 9995
f 9802 9995 9994
f 9803 9804 9996
f 9803 9996 9995
f 9804 9805 9997
f 9804 9997 9996
f 9805 9806 9998
f 9805 9998 9997
f 9806 9807 9999
f 9806 9999 9998
f 9807 9808 10000
f 9807 10000 9999
f 9808 9809 10001
f 9808 10001 10000
f 9809 9810 10002
f 9809 10002 10001
f 9810 9811 10003
f 9810 10003 10002
f 9811 9812 10004
f 9811 10004 10003
f 9812 9813 10005
f 9812 10005 10004
f 9813 9814 10006
f 9813 10006 10005
f 9814 9815 10007
f 9814 10007 10006
f 9815 9816 10008
f 9815 10008 10007
f 9816 9817 10009
f 9816 10009 10008
f 9817 9818 10010
f 9817 10010 10009
f 9818 9819 10011
f 9818 10011 10010
f 9819 9820 10012
f 9819 10012 10011
f 9820 9821 10013
f 9820 10013 10012
f 9821 9822 10014
f 9821 10014 10013
f 9822 9823 10015
f 9822 10015 10014
f 9823 9824 10016
f 9823 10016 10015
f 9824 9825 10017
f 9824 10017 10016
f 9825 9826 10018
f 9825 10018 10017
f 9826 9827 10019
f 9826 10019 10018
f 9827 9828 10020
f 9827 10020 10019
f 9828 9829 10021
f 9828 10021 10020
f 9829 9830 10022
f 9829 10022 10021
f 9830 9831 10023
f 9830 10023 10022
f 9831 9832 10024
f 9831 10024 10023
f 9832 9833 10025
f 9832 10025 10024
f 9833 9834 10026
f 9833 10026 10025
f 9834 9835 10027
f 9834 10027 10026
f 9835 9836 10028
f 9835 10028 10027
f 9836 9837 10029
f 9836 10029 10028
f 9837 9838 10030
f 9837 10030 10029
f 9838 9839 10031
f 9838 10031 10030
f 9839 9840 10032
f 9839 10032 10031
f 9840 9841 10033
f 9840 10033 10032
f 9841 9842 10034
f 9841 10034 10033
f 9842 9843 10035
f 9842 10035 10034
f 9843 9844 10036
f 9843 10036 10035
f 9844 9845 10037
f 9844 10037 10036
f 9845 9846 10038
f 9845 10038 10037
f 9846 9847 10039
f 9846 10039 10038
f 9847 9848 10040
f 9847 10040 10039
f 9848 9849 10041
f 9848 10041 10040
f 9849 9850 10042
f 9849 10042 10041
f 9850 9851 10043
f 9850 10043 10042
f 9851 9852 10044
f 9851 10044 10043
f 9852 9853 10045
f 9852 10045 10044
f 9853 9854 10046
f 9853 10046 10045
f 9854 9855 10047
f 9854 10047 10046
f 9855 9856 10048
f 9855 10048 10047
f 9856 9857 10049
f 9856 10049 10048
f 9857 9858 10050
f 9857 10050 10049
f 9858 9859 10051
f 9858 10051 10050
f 9859 9860 10052
f 9859 10052 10051
f 9860 9861 10053
f 9860 10053 10052
f 9861 9862 10054
f 9861 10054 10053
f 9862 9863 10055
f 9862 10055 10054
f 9863 9864 10056
f 9863 10056 10055
f 9864 9865 10057
f 9864 10057 10056
f 9865 9866 10058
f 9865 10058 10057
f 9866 9867 10059
f 9866 10059 10058
f 9867 9868 10060
f 9867 10060 10059
f 9868 9869 10061
f 9868 10061 10060
f 9869 9870 10062
f 9869 10062 10061
f 9870 9871 10063
f 9870 10063 10062
f 9871 9872 10064
f 9871 10064 10063
f 9872 9873 10065
f 9872 10065 10064
f 9873 9874 10066
f 9873 10066 10065
f 9874 9875 10067
f 9874 10067 10066
f 9875 9876 10068
f 9875 10068 10067
f 9876 9877 10069
f 9876 10069 10068
f 9877 9878 10070
f 9877 10070 10069
f 9878 9879 10071
f 9878 10071 10070
f 9879 9880 10072
f 9879 10072 10071
f 9880 9881 10073
f 9880 10073 10072
f 9881 9882 10074
f 9881 10074 10073
f 9882 9883 10075
f 9882 10075 10074
f 9883 9884 10076
f 9883 10076 10075
f 9884 9885 10077
f 9884 10077 10076
f 9885 9886 10078
f 9885 10078 10077
f 9886 9887 10079
f 9886 10079 10078
f 9887 9888 10080
f 9887 10080 10079
f 9888 9793 9985
f 9888 9985 10080
f 9889 10082 9890
f 9889 10081 10082
f 9890 10083 9891
f 9890 10082 10083
f 9891 10084 9892
f 9891 10083 10084
f 9892 10085 9893
f 9892 10084 10085
f 9893 10086 9894
f 9893 10085 10086
f 9894 10087 9895
f 9894 10086 10087
f 9895 10088 9896
f 9895 10087 10088
f 9896 10089 9897
f 9896 10088 10089
f 9897 10090 9898
f 9897 10089 10090
f 9898 10091 9899
f 9898 10090 10091
f 9899 10092 9900
f 9899 10091 10092
f 9900 10093 9901
f 9900 10092 10093
f 9901 10094 9902
f 9901 10093 10094
f 9902 10095 9903
f 9902 10094 10095
f 9903 10096 9904
f 9903 10095 10096
f 9904 10097 9905
f 9904 10096 10097
f 9905 10098 9906
f 9905 10097 10098
f 9906 10099 9907
f 9906 10098 10099
f 9907 10100 9908
f 9907 10099 10100
f 9908 10101 9909
f 9908 10100 10101
f 9909 10102 9910
f 9909 10101 10102
f 9910 10103 9911
f 9910 10102 10103
f 9911 10104 9912
f 9911 10103 10104
f 9912 10105 9913
f 9912 10104 10105
f 9913 10106 9914
f 9913 10105 10106
f 9914 10107 9915
f 9914 10106 10107
f 9915 10108 9916
f 9915 10107 10108
f 9916 10109 9917
f 9916 10108 10109
f 9917 10110 9918
f 9917 10109 10110
f 9918 10111 9919
f 9918 10110 10111
f 9919 10112 9920
f 9919 10111 10112
f 9920 10113 9921
f 9920 10112 10113
f 9921 10114 9922
f 9921 10113 10114
f 9922 10115 9923
f 9922 10114 10115
f 9923 10116 9924
f 9923 10115 10116
f 9924 10117 9925
f 9924 10116 10117
f 9925 10118 9926
f 9925 10117 10118
f 9926 10119 9927
f 9926 10118 10119
f 9927 10120 9928
f 9927 10119 10120
f 9928 10121 9929
f 9928 10120 10121
f 9929 10122 9930
f 9929 10121 10122
f 9930 10123 9931
f 9930 10122 10123
f 9931 10124 9932
f 9931 10123 10124
f 9932 10125 9933
f 9932 10124 10125
f 9933 10126 9934
f 9933 10125 10126
f 9934 10127 9935
f 9934 10126 10127
f 9935 10128 9936
f 9935 10127 10128
f 9936 10129 9937
f 9936 10128 10129
f 9937 10130 9938
f 9937 10129 10130
f 9938 10131 9939
f 9938 10130 10131
f 9939 10132 9940
f 9939 10131 10132
f 9940 10133 9941
f 9940 10132 10133
f 9941 10134 9942
f 9941 10133 10134
f 9942 10135 9943
f 9942 10134 10135
f 9943 10136 9944
f 9943 10135 10136
f 9944 10137 9945
f 9944 10136 10137
f 9945 10138 9946
f 9945 10137 10138
f 9946 10139 9947
f 9946 10138 10139
f 9947 10140 9948
f 9947 10139 10140
f 9948 10141 9949
f 9948 10140 10141
f 9949 10142 9950
f 9949 10141 10142
f 9950 10143 9951
f 9950 10142 10143
f 9951 10144 9952
f 9951 10143 10144
f 9952 10145 9953
f 9952 10144 10145
f 9953 10146 9954
f 9953 10145 10146
f 9954 10147 9955
f 9954 10146 10147
f 9955 10148 9956
f 9955 10147 10148
f 9956 10149 9957
f 9956 10148 10149
f 9957 10150 9958
f 9957 10149 10150
f 9958 10151 9959
f 9958 10150 10151
f 9959 10152 9960
f 9959 10151 10152
f 9960 10153 9961
f 9960 10152 10153
f 9961 10154 9962
f 9961 10153 10154
f 9962 10155 9963
f 9962 10154 10155
f 9963 10156 9964
f 9963 10155 10156
f 9964 10157 9965
f 9964 10156 10157
f 9965 10158 9966
f 9965 10157 10158
f 9966 10159 9967
f 9966 10158 10159
f 9967 10160 9968
f 9967 10159 10160
f 9968 10161 9969
f 9968 10160 10161
f 9969 10162 9970
f 9969 10161 10162
f 9970 10163 9971
f 9970 10162 10163
f 9971 10164 9972
f 9971 10163 10164
f 9972 10165 9973
f 9972 10164 10165
f 9973 10166 9974
f 9973 10165 10166
f 9974 10167 9975
f 9974 10166 10167
f 9975 10168 9976
f 9975 10167 10168
f 9976 10169 9977
f 9976 10168 10169
f 9977 10170 9978
f 9977 10169 10170
f 9978 10171 9979
f 9978 10170 10171
f 9979 10172 9980
f 9979 10171 10172
f 9980 10173 9981
f 9980 10172 10173
f 9981 10174 9982
f 9981 10173 10174
f 9982 10175 9983
f 9982 10174 10175
f 9983 10176 9984
f 9983 10175 10176
f 9984 10081 9889
f 9984 10176 10081
f 9985 9986 10178
f 9985 10178 10177
f 9986 9987 10179
f 9986 10179 10178
f 9987 9988 10180
f 9987 10180 10179
f 9988 9989 10181
f 9988 10181 10180
f 9989 9990 10182
f 9989 10182 10181
f 9990 9991 10183
f 9990 10183 10182
f 9991 9992 10184
f 9991 10184 10183
f 9992 9993 10185
f 9992 10185 10184
f 9993 9994 10186
f 9993 10186 10185
f 9994 9995 10187
f 9994 10187 10186
f 9995 9996 10188
f 9995 10188 10187
f 9996 9997 10189
f 9996 10189 10188
f 9997 9998 10190
f 9997 10190 10189
f 9998 9999 10191
f 9998 10191 10190
f 9999 10000 10192
f 9999 10192 10191
f 10000 10001 10193
f 10000 10193 10192
f 10001 10002 10194
f 10001 10194 10193
f 10002 10003 10195
f 10002 10195 10194
f 10003 10004 10196
f 10003 10196 10195
f 10004 10005 10197
f 10004 10197 10196
f 10005 10006 10198
f 10005 10198 10197
f 10006 10007 10199
f 10006 10199 10198
f 10007 10008 10200
f 10007 10200 10199
f 10008 10009 10201
f 10008 10201 10200
f 10009 10010 10202
f 10009 10202 10201
f 10010 10011 10203
f 10010 10203 10202
f 10011 10012 10204
f 10011 10204 10203
f 10012 10013 10205
f 10012 10205 10204
f 10013 10014 10206
f 10013 10206 10205
f 10014 10015 10207
f 10014 10207 10206
f 10015 10016 10208
f 10015 10208 10207
f 10016 10017 10209
f 10016 10209 10208
f 10017 10018 10210
f 10017 10210 10209
f 10018 10019 10211
f 10018 10211 10210
f 10019 10020 10212
f 10019 10212 10211
f 10020 10021 10213
f 10020 10213 10212
f 10021 10022 10214
f 10021 10214 10213
f 10022 10023 10215
f 10022 10215 10214
f 10023 10024 10216
f 10023 10216 10215
f 10024 10025 10217
f 10024 10217 10216
f 10025 10026 10218
f 10025 10218 10217
f 10026 10027 10219
f 10026 10219 10218
f 10027 10028 10220
f 10027 10220 10219
f 10028 10029 10221
f 10028 10221 10220
f 10029 10030 10222
f 10029 10222 10221
f 10030 10031 10223
f 10030 10223 10222
f 10031 10032 10224
f 10031 10224 10223
f 10032 10033 10225
f 10032 10225 10224
f 10033 10034 10226
f 10033 10226 10225
f 10034 10035 10227
f 10034 10227 10226
f 10035 10036 10228
f 10035 10228 10227
f 10036 10037 10229
f 10036 10229 10228
f 10037 10038 10230
f 10037 10230 10229
f 10038 10039 10231
f 10038 10231 10230
f 10039 10040 10232
f 10039 10232 10231
f 10040 10041 10233
f 10040 10233 10232
f 10041 10042 10234
f 10041 10234 10233
f 10042 10043 10235
f 10042 10235 10234
f 10043 10044 10236
f 10043 10236 10235
f 10044 10045 10237
f 10044 10237 10236
f 10045 10046 10238
f 10045 10238 10237
f 10046 10047 10239
f 10046 10239 10238
f 10047 10048 10240
f 10047 10240 10239
f 10048 10049 10241
f 10048 10241 10240
f 10049 10050 10242
f 10049 10242 10241
f 10050 10051 10243
f 10050 10243 10242
f 10051 10052 10244
f 10051 10244 10243
f 10052 10053 10245
f 10052 10245 10244
f 10053 10054 10246
f 10053 10246 10245
f 10054 10055 10247
f 10054 10247 10246
f 10055 10056 10248
f 10055 10248 10247
f 10056 10057 10249
f 10056 10249 10248
f 10057 10058 10250
f 10057 10250 10249
f 10058 10059 10251
f 10058 10251 10250
f 10059 10060 10252
f 10059 10252 10251
f 10060 10061 10253
f 10060 10253 10252
f 10061 10062 10254
f 10061 10254 10253
f 10062 10063 10255
f 10062 10255 10254
f 10063 10064 10256
f 10063 10256 10255
f 10064 10065 10257
f 10064 10257 10256
f 10065 10066 10258
f 10065 10258 10257
f 10066 10067 10259
f 10066 10259 10258
f 10067 10068 10260
f 10067 10260 10259
f 10068 10069 10261
f 10068 10261 10260
f 10069 10070 10262
f 10069 10262 10261
f 10070 10071 10263
f 10070 10263 10262
f 10071 10072 10264
f 10071 10264 10263
f 10072 10073 10265
f 10072 10265 10264
f 10073 10074 10266
f 10073 10266 10265
f 10074 10075 10267
f 10074 10267 10266
f 10075 10076 10268
f 10075 10268 10267
f 10076 10077 10269
f 10076 10269 10268
f 10077 10078 10270
f 10077 10270 10269
f 10078 10079 10271
f 10078 10271 10270
f 10079 10080 10272
f 10079 10272 10271
f 10080 9985 10177
f 10080 10177 10272
f 10081 10274 10082
f 10081 10273 10274
f 10082 10275 10083
f 10082 10274 10275
f 10083 10276 10084
f 10083 10275 10276
f 10084 10277 10085
f 10084 10276 10277
f 10085 10278 10086
f 10085 10277 10278
f 10086 10279 10087
f 10086 10278 10279
f 10087 10280 10088
f 10087 10279 10280
f 10088 10281 10089
f 10088 10280 10281
f 10089 10282 10090
f 10089 10281 10282
f 10090 10283 10091
f 10090 10282 10283
f 10091 10284 10092
f 10091 10283 10284
f 10092 10285 10093
f 10092 10284 10285
f 10093 10286 10094
f 10093 10285 10286
f 10094 10287 10095
f 10094 10286 10287
f 10095 10288 10096
f 10095 10287 10288
f 10096 10289 10097
f 10096 10288 10289
f 10097 10290 10098
f 10097 10289 10290
f 10098 10291 10099
f 10098 10290 10291
f 10099 10292 10100
f 10099 10291 10292
f 10100 10293 10101
f 10100 10292 10293
f 10101 10294 10102
f 10101 10293 10294
f 10102 10295 10103
f 10102 10294 10295
f 10103 10296 10104
f 10103 10295 10296
f 10104 10297 10105
f 10104 10296 10297
f 10105 10298 10106
f 10105 10297 10298
f 10106 10299 10107
f 10106 10298 10299
f 10107 10300 10108
f 10107 10299 10300
f 10108 10301 10109
f 10108 10300 10301
f 10109 10302 10110
f 10109 10301 10302
f 10110 10303 10111
f 10110 10302 10303
f 10111 10304 10112
f 10111 10303 10304
f 10112 10305 10113
f 10112 10304 10305
f 10113 10306 10114
f 10113 10305 10306
f 10114 10307 10115
f 10114 10306 10307
f 10115 10308 10116
f 10115 10307 10308
f 10116 10309 10117
f 10116 10308 10309
f 10117 10310 10118
f 10117 10309 10310
f 10118 10311 10119
f 10118 10310 10311
f 10119 10312 10120
f 10119 10311 10312
f 10120 10313 10121
f 10120 10312 10313
f 10121 10314 10122
f 10121 10313 10314
f 10122 10315 10123
f 10122 10314 10315
f 10123 10316 10124
f 10123 10315 10316
f 10124 10317 10125
f 10124 10316 10317
f 10125 10318 10126
f 10125 10317 10318
f 10126 10319 10127
f 10126 10318 10319
f 10127 10320 10128
f 10127 10319 10320
f 10128 10321 10129
f 10128 10320 10321
f 10129 10322 10130
f 10129 10321 10322
f 10130 10323 10131
f 10130 10322 10323
f 10131 10324 10132
f 10131 10323 10324
f 10132 10325 10133
f 10132 10324 10325
f 10133 10326 10134
f 10133 10325 10326
f 10134 10327 10135
f 10134 10326 10327
f 10135 10328 10136
f 10135 10327 10328
f 10136 10329 10137
f 10136 10328 10329
f 10137 10330 10138
f 10137 10329 10330
f 10138 10331 10139
f 10138 10330 10331
f 10139 10332 10140
f 10139 10331 10332
f 10140 10333 10141
f 10140 10332 10333
f 10141 10334 10142
f 10141 10333 10334
f 10142 10335 10143
f 10142 10334 10335
f 10143 10336 10144
f 10143 10335 10336
f 10144 10337 10145
f 10144 10336 10337
f 10145 10338 10146
f 10145 10337 10338
f 10146 10339 10147
f 10146 10338 10339
f 10147 10340 10148
f 10147 10339 10340
f 10148 10341 10149
f 10148 10340 10341
f 10149 10342 10150
f 10149 10341 10342
f 10150 10343 10151
f 10150 10342 10343
f 10151 10344 10152
f 10151 10343 10344
f 10152 10345 10153
f 10152 10344 10345
f 10153 10346 10154
f 10153 10345 10346
f 10154 10347 10155
f 10154 10346 10347
f 10155 10348 10156
f 10155 10347 10348
f 10156 10349 10157
f 10156 10348 10349
f 10157 10350 10158
f 10157 10349 10350
f 10158 10351 10159
f 10158 10350 10351
f 10159 10352 10160
f 10159 10351 10352
f 10160 10353 10161
f 10160 10352 10353
f 10161 10354 10162
f 10161 10353 10354
f 10162 10355 10163
f 10162 10354 10355
f 10163 10356 10164
f 10163 10355 10356
f 10164 10357 10165
f 10164 10356 10357
f 10165 10358 10166
f 10165 10357 10358
f 10166 10359 10167
f 10166 10358 10359
f 10167 10360 10168
f 10167 10359 10360
f 10168 10361 10169
f 10168 10360 10361
f 10169 10362 10170
f 10169 10361 10362
f 10170 10363 10171
f 10170 10362 10363
f 10171 10364 10172
f 10171 10363 10364
f 10172 10365 10173
f 10172 10364 10365
f 10173 10366 10174
f 10173 10365 10366
f 10174 10367 10175
f 10174 10366 10367
f 10175 10368 10176
f 10175 10367 10368
f 10176 10273 10081
f 10176 10368 10273
f 10177 10178 10370
f 10177 10370 10369
f 10178 10179 10371
f 10178 10371 10370
f 10179 10180 10372
f 10179 10372 10371
f 10180 10181 10373
f 10180 10373 10372
f 10181 10182 10374
f 10181 10374 10373
f 10182 10183 10375
f 10182 10375 10374
f 10183 10184 10376
f 10183 10376 10375
f 10184 10185 10377
f 10184 10377 10376
f 10185 10186 10378
f 10185 10378 10377
f 10186 10187 10379
f 10186 10379 10378
f 10187 10188 10380
f 10187 10380 10379
f 10188 10189 10381
f 10188 10381 10380
f 10189 10190 10382
f 10189 10382 10381
f 10190 10191 10383
f 10190 10383 10382
f 10191 10192 10384
f 10191 10384 10383
f 10192 10193 10385
f 10192 10385 10384
f 10193 10194 10386
f 10193 10386 10385
f 10194 10195 10387
f 10194 10387 10386
f 10195 10196 10388
f 10195 10388 10387
f 10196 10197 10389
f 10196 10389 10388
f 10197 10198 10390
f 10197 10390 10389
f 10198 10199 10391
f 10198 10391 10390
f 10199 10200 10392
f 10199 10392 10391
f 10200 10201 10393
f 10200 10393 10392
f 10201 10202 10394
f 10201 10394 10393
f 10202 10203 10395
f 10202 10395 10394
f 10203 10204 10396
f 10203 10396 10395
f 10204 10205 10397
f 10204 10397 10396
f 10205 10206 10398
f 10205 10398 10397
f 10206 10207 10399
f 10206 10399 10398
f 10207 10208 10400
f 10207 10400 10399
f 10208 10209 10401
f 10208 10401 10400
f 10209 10210 10402
f 10209 10402 10401
f 10210 10211 10403
f 10210 10403 10402
f 10211 10212 10404
f 10211 10404 10403
f 10212 10213 10405
f 10212 10405 10404
f 10213 10214 10406
f 10213 10406 10405
f 10214 10215 10407
f 10214 10407 10406
f 10215 10216 10408
f 10215 10408 10407
f 10216 10217 10409
f 10216 10409 10408
f 10217 10218 10410
f 10217 10410 10409
f 10218 10219 10411
f 10218 10411 10410
f 10219 10220 10412
f 10219 10412 10411
f 10220 10221 10413
f 10220 10413 10412
f 10221 10222 10414
f 10221 10414 10413
f 10222 10223 10415
f 10222 10415 10414
f 10223 10224 10416
f 10223 10416 10415
f 10224 10225 10417
f 10224 10417 10416
f 10225 10226 10418
f 10225 10418 10417
f 10226 10227 10419
f 10226 10419 10418
f 10227 10228 10420
f 10227 10420 10419
f 10228 10229 10421
f 10228 10421 10420
f 10229 10230 10422
f 10229 10422 10421
f 10230 10231 10423
f 10230 10423 10422
f 10231 10232 10424
f 10231 10424 10423
f 10232 10233 10425
f 10232 10425 10424
f 10233 10234 10426
f 10233 10426 10425
f 10234 10235 10427
f 10234 10427 10426
f 10235 10236 10428
f 10235 10428 10427
f 10236 10237 10429
f 10236 10429 10428
f 10237 10238 10430
f 10237 10430 10429
f 10238 10239 10431
f 10238 10431 10430
f 10239 10240 10432
f 10239 10432 10431
f 10240 10241 10433
f 10240 10433 10432
f 10241 10242 10434
f 10241 10434 10433
f 10242 10243 10435
f 10242 10435 10434
f 10243 10244 10436
f 10243 10436 10435
f 10244 10245 10437
f 10244 10437 10436
f 10245 10246 10438
f 10245 10438 10437
f 10246 10247 10439
f 10246 10439 10438
f 10247 10248 10440
f 10247 10440 10439
f 10248 10249 10441
f 10248 10441 10440
f 10249 10250 10442
f 10249 10442 10441
f 10250 10251 10443
f 10250 10443 10442
f 10251 10252 10444
f 10251 10444 10443
f 10252 10253 10445
f 10252 10445 10444
f 10253 10254 10446
f 10253 10446 10445
f 10254 10255 10447
f 10254 10447 10446
f 10255 10256 10448
f 10255 10448 10447
f 10256 10257 10449
f 10256 10449 10448
f 10257 10258 10450
f 10257 10450 10449
f 10258 10259 10451
f 10258 10451 10450
f 10259 10260 10452
f 10259 10452 10451
f 10260 10261 10453
f 10260 10453 10452
f 10261 10262 10454
f 10261 10454 10453
f 10262 10263 10455
f 10262 10455 10454
f 10263 10264 10456
f 10263 10456 10455
f 10264 10265 10457
f 10264 10457 10456
f 10265 10266 10458
f 10265 10458 10457
f 10266 10267 10459
f 10266 10459 10458
f 10267 10268 10460
f 10267 10460 10459
f 10268 10269 10461
f 10268 10461 10460
f 10269 10270 10462
f 10269 10462 10461
f 10270 10271 10463
f 10270 10463 10462
f 10271 10272 10464
f 10271 10464 10463
f 10272 10177 10369
f 10272 10369 10464
f 10273 10466 10274
f 10273 10465 10466
f 10274 10467 10275
f 10274 10466 10467
f 10275 10468 10276
f 10275 10467 10468
f 10276 10469 10277
f 10276 10468 10469
f 10277 10470 10278
f 10277 10469 10470
f 10278 10471 10279
f 10278 10470 10471
f 10279 10472 10280
f 10279 10471 10472
f 10280 10473 10281
f 10280 10472 10473
f 10281 10474 10282
f 10281 10473 10474
f 10282 10475 10283
f 10282 10474 10475
f 10283 10476 10284
f 10283 10475 10476
f 10284 10477 10285
f 10284 10476 10477
f 10285 10478 10286
f 10285 10477 10478
f 10286 10479 10287
f 10286 10478 10479
f 10287 10480 10288
f 10287 10479 10480
f 10288 10481 10289
f 10288 10480 10481
f 10289 10482 10290
f 10289 10481 10482
f 10290 10483 10291
f 10290 10482 10483
f 10291 10484 10292
f 10291 10483 10484
f 10292 10485 10293
f 10292 10484 10485
f 10293 10486 10294
f 10293 10485 10486
f 10294 10487 10295
f 10294 10486 10487
f 10295 10488 10296
f 10295 10487 10488
f 10296 10489 10297
f 10296 10488 10489
f 10297 10490 10298
f 10297 10489 10490
f 10298 10491 10299
f 10298 10490 10491
f 10299 10492 10300
f 10299 10491 10492
f 10300 10493 10301
f 10300 10492 10493
f 10301 10494 10302
f 10301 10493 10494
f 10302 10495 10303
f 10302 10494 10495
f 10303 10496 10304
f 10303 10495 10496
f 10304 10497 10305
f 10304 10496 10497
f 10305 10498 10306
f 10305 10497 10498
f 10306 10499 10307
f 10306 10498 10499
f 10307 10500 10308
f 10307 10499 10500
f 10308 10501 10309
f 10308 10500 10501
f 10309 10502 10310
f 10309 10501 10502
f 10310 10503 10311
f 10310 10502 10503
f 10311 10504 10312
f 10311 10503 10504
f 10312 10505 10313
f 10312 10504 10505
f 10313 10506 10314
f 10313 10505 10506
f 10314 10507 10315
f 10314 10506 10507
f 10315 10508 10316
f 10315 10507 10508
f 10316 10509 10317
f 10316 10508 10509
f 10317 10510 10318
f 10317 10509 10510
f 10318 10511 10319
f 10318 10510 10511
f 10319 10512 10320
f 10319 10511 10512
f 10320 10513 10321
f 10320 10512 10513
f 10321 10514 10322
f 10321 10513 10514
f 10322 10515 10323
f 10322 10514 10515
f 10323 10516 10324
f 10323 10515 10516
f 10324 10517 10325
f 10324 10516 10517
f 10325 10518 10326
f 10325 10517 10518
f 10326 10519 10327
f 10326 10518 10519
f 10327 10520 10328
f 10327 10519 10520
f 10328 10521 10329
f 10328 10520 10521
f 10329 10522 10330
f 10329 10521 10522
f 10330 10523 10331
f 10330 10522 10523
f 10331 10524 10332
f 10331 10523 10524
f 10332 10525 10333
f 10332 10524 10525
f 10333 10526 10334
f 10333 10525 10526
f 10334 10527 10335
f 10334 10526 10527
f 10335 10528 10336
f 10335 10527 10528
f 10336 10529 10337
f 10336 10528 10529
f 10337 10530 10338
f 10337 10529 10530
f 10338 10531 10339
f 10338 10530 10531
f 10339 10532 10340
f 10339 10531 10532
f 10340 10533 10341
f 10340 10532 10533
f 10341 10534 10342
f 10341 10533 10534
f 10342 10535 10343
f 10342 10534 10535
f 10343 10536 10344
f 10343 10535 10536
f 10344 10537 10345
f 10344 10536 10537
f 10345 10538 10346
f 10345 10537 10538
f 10346 10539 10347
f 10346 10538 10539
f 10347 10540 10348
f 10347 10539 10540
f 10348 10541 10349
f 10348 10540 10541
f 10349 10542 10350
f 10349 10541 10542
f 10350 10543 10351
f 10350 10542 10543
f 10351 10544 10352
f 10351 10543 10544
f 10352 10545 10353
f 10352 10544 10545
f 10353 10546 10354
f 10353 10545 10546
f 10354 10547 10355
f 10354 10546 10547
f 10355 10548 10356
f 10355 10547 10548
f 10356 10549 10357
f 10356 10548 10549
f 10357 10550 10358
f 10357 10549 10550
f 10358 10551 10359
f 10358 10550 10551
f 10359 10552 10360
f 10359 10551 10552
f 10360 10553 10361
f 10360 10552 10553
f 10361 10554 10362
f 10361 10553 10554
f 10362 10555 10363
f 10362 10554 10555
f 10363 10556 10364
f 10363 10555 10556
f 10364 10557 10365
f 10364 10556 10557
f 10365 10558 10366
f 10365 10557 10558
f 10366 10559 10367
f 10366 10558 10559
f 10367 10560 10368
f 10367 10559 10560
f 10368 10465 10273
f 10368 10560 10465
f 10369 10370 10562
f 10369 10562 10561
f 10370 10371 10563
f 10370 10563 10562
f 10371 10372 10564
f 10371 10564 10563
f 10372 10373 10565
f 10372 10565 10564
f 10373 10374 10566
f 10373 10566 10565
f 10374 10375 10567
f 10374 10567 10566
f 10375 10376 10568
f 10375 10568 10567
f 10376 10377 10569
f 10376 10569 10568
f 10377 10378 10570
f 10377 10570 10569
f 10378 10379 10571
f 10378 10571 10570
f 10379 10380 10572
f 10379 10572 10571
f 10380 10381 10573
f 10380 10573 10572
f 10381 10382 10574
f 10381 10574 10573
f 10382 10383 10575
f 10382 10575 10574
f 10383 10384 10576
f 10383 10576 10575
f 10384 10385 10577
f 10384 10577 10576
f 10385 10386 10578
f 10385 10578 10577
f 10386 10387 10579
f 10386 10579 10578
f 10387 10388 10580
f 10387 10580 10579
f 10388 10389 10581
f 10388 10581 10580
f 10389 10390 10582
f 10389 10582 10581
f 10390 10391 10583
f 10390 10583 10582
f 10391 10392 10584
f 10391 10584 10583
f 10392 10393 10585
f 10392 10585 10584
f 10393 10394 10586
f 10393 10586 10585
f 10394 10395 10587
f 10394 10587 10586
f 10395 10396 10588
f 10395 10588 10587
f 10396 10397 10589
f 10396 10589 10588
f 10397 10398 10590
f 10397 10590 10589
f 10398 10399 10591
f 10398 10591 10590
f 10399 10400 10592
f 10399 10592 10591
f 10400 10401 10593
f 10400 10593 10592
f 10401 10402 10594
f 10401 10594 10593
f 10402 10403 10595
f 10402 10595 10594
f 10403 10404 10596
f 10403 10596 10595
f 10404 10405 10597
f 10404 10597 10596
f 10405 10406 10598
f 10405 10598 10597
f 10406 10407 10599
f 10406 10599 10598
f 10407 10408 10600
f 10407 10600 10599
f 10408 10409 10601
f 10408 10601 10600
f 10409 10410 10602
f 10409 10602 10601
f 10410 10411 10603
f 10410 10603 10602
f 10411 10412 10604
f 10411 10604 10603
f 10412 10413 10605
f 10412 10605 10604
f 10413 10414 10606
f 10413 10606 10605
f 10414 10415 10607
f 10414 10607 10606
f 10415 10416 10608
f 10415 10608 10607
f 10416 10417 10609
f 10416 10609 10608
f 10417 10418 10610
f 10417 10610 10609
f 10418 10419 10611
f 10418 10611 10610
f 10419 10420 10612
f 10419 10612 10611
f 10420 10421 10613
f 10420 10613 10612
f 10421 10422 10614
f 10421 10614 10613
f 10422 10423 10615
f 10422 10615 10614
f 10423 10424 10616
f 10423 10616 10615
f 10424 10425 10617
f 10424 10617 10616
f 10425 10426 10618
f 10425 10618 10617
f 10426 10427 10619
f 10426 10619 10618
f 10427 10428 10620
f 10427 10620 10619
f 10428 10429 10621
f 10428 10621 10620
f 10429 10430 10622
f 10429 10622 10621
f 10430 10431 10623
f 10430 10623 10622
f 10431 10432 10624
f 10431 10624 10623
f 10432 10433 10625
f 10432 10625 10624
f 10433 10434 10626
f 10433 10626 10625
f 10434 10435 10627
f 10434 10627 10626
f 10435 10436 10628
f 10435 10628 10627
f 10436 10437 10629
f 10436 10629 10628
f 10437 10438 10630
f 10437 10630 10629
f 10438 10439 10631
f 10438 10631 10630
f 10439 10440 10632
f 10439 10632 10631
f 10440 10441 10633
f 10440 10633 10632
f 10441 10442 10634
f 10441 10634 10633
f 10442 10443 10635
f 10442 10635 10634
f 10443 10444 10636
f 10443 10636 10635
f 10444 10445 10637
f 10444 10637 10636
f 10445 10446 10638
f 10445 10638 10637
f 10446 10447 10639
f 10446 10639 10638
f 10447 10448 10640
f 10447 10640 10639
f 10448 10449 10641
f 10448 10641 10640
f 10449 10450 10642
f 10449 10642 10641
f 10450 10451 10643
f 10450 10643 10642
f 10451 10452 10644
f 10451 10644 10643
f 10452 10453 10645
f 10452 10645 10644
f 10453 10454 10646
f 10453 10646 10645
f 10454 10455 10647
f 10454 10647 10646
f 10455 10456 10648
f 10455 10648 10647
f 10456 10457 10649
f 10456 10649 10648
f 10457 10458 10650
f 10457 10650 10649
f 10458 10459 10651
f 10458 10651 10650
f 10459 10460 10652
f 10459 10652 10651
f 10460 10461 10653
f 10460 10653 10652
f 10461 10462 10654
f 10461 10654 10653
f 10462 10463 10655
f 10462 10655 10654
f 10463 10464 10656
f 10463 10656 10655
f 10464 10369 10561
f 10464 10561 10656
f 10465 10658 10466
f 10465 10657 10658
f 10466 10659 10467
f 10466 10658 10659
f 10467 10660 10468
f 10467 10659 10660
f 10468 10661 10469
f 10468 10660 10661
f 10469 10662 10470
f 10469 10661 10662
f 10470 10663 10471
f 10470 10662 10663
f 10471 10664 10472
f 10471 10663 10664
f 10472 10665 10473
f 10472 10664 10665
f 10473 10666 10474
f 10473 10665 10666
f 10474 10667 10475
f 10474 10666 10667
f 10475 10668 10476
f 10475 10667 10668
f 10476 10669 10477
f 10476 10668 10669
f 10477 10670 10478
f 10477 10669 10670
f 10478 10671 10479
f 10478 10670 10671
f 10479 10672 10480
f 10479 10671 10672
f 10480 10673 10481
f 10480 10672 10673
f 10481 10674 10482
f 10481 10673 10674
f 10482 10675 10483
f 10482 10674 10675
f 10483 10676 10484
f 10483 10675 10676
f 10484 10677 10485
f 10484 10676 10677
f 10485 10678 10486
f 10485 10677 10678
f 10486 10679 10487
f 10486 10678 10679
f 10487 10680 10488
f 10487 10679 10680
f 10488 10681 10489
f 10488 10680 10681
f 10489 10682 10490
f 10489 10681 10682
f 10490 10683 10491
f 10490 10682 10683
f 10491 10684 10492
f 10491 10683 10684
f 10492 10685 10493
f 10492 10684 10685
f 10493 10686 10494
f 10493 10685 10686
f 10494 10687 10495
f 10494 10686 10687
f 10495 10688 10496
f 10495 10687 10688
f 10496 10689 10497
f 10496 10688 10689
f 10497 10690 10498
f 10497 10689 10690
f 10498 10691 10499
f 10498 10690 10691
f 10499 10692 10500
f 10499 10691 10692
f 10500 10693 10501
f 10500 10692 10693
f 10501 10694 10502
f 10501 10693 10694
f 10502 10695 10503
f 10502 10694 10695
f 10503 10696 10504
f 10503 10695 10696
f 10504 10697 10505
f 10504 10696 10697
f 10505 10698 10506
f 10505 10697 10698
f 10506 10699 10507
f 10506 10698 10699
f 10507 10700 10508
f 10507 10699 10700
f 10508 10701 10509
f 10508 10700 10701
f 10509 10702 10510
f 10509 10701 10702
f 10510 10703 10511
f 10510 10702 10703
f 10511 10704 10512
f 10511 10703 10704
f 10512 10705 10513
f 10512 10704 10705
f 10513 10706 10514
f 10513 10705 10706
f 10514 10707 10515
f 10514 10706 10707
f 10515 10708 10516
f 10515 10707 10708
f 10516 10709 10517
f 10516 10708 10709
f 10517 10710 10518
f 10517 10709 10710
f 10518 10711 10519
f 10518 10710 10711
f 10519 10712 10520
f 10519 10711 10712
f 10520 10713 10521
f 10520 10712 10713
f 10521 10714 10522
f 10521 10713 10714
f 10522 10715 10523
f 10522 10714 10715
f 10523 10716 10524
f 10523 10715 10716
f 10524 10717 10525
f 10524 10716 10717
f 10525 10718 10526
f 10525 10717 10718
f 10526 10719 10527
f 10526 10718 10719
f 10527 10720 10528
f 10527 10719 10720
f 10528 10721 10529
f 10528 10720 10721
f 10529 10722 10530
f 10529 10721 10722
f 10530 10723 10531
f 10530 10722 10723
f 10531 10724 10532
f 10531 10723 10724
f 10532 10725 10533
f 10532 10724 10725
f 10533 10726 10534
f 10533 10725 10726
f 10534 10727 10535
f 10534 10726 10727
f 10535 10728 10536
f 10535 10727 10728
f 10536 10729 10537
f 10536 10728 10729
f 10537 10730 10538
f 10537 10729 10730
f 10538 10731 10539
f 10538 10730 10731
f 10539 10732 10540
f 10539 10731 10732
f 10540 10733 10541
f 10540 10732 10733
f 10541 10734 10542
f 10541 10733 10734
f 10542 10735 10543
f 10542 10734 10735
f 10543 10736 10544
f 10543 10735 10736
f 10544 10737 10545
f 10544 10736 10737
f 10545 10738 10546
f 10545 10737 10738
f 10546 10739 10547
f 10546 10738 10739
f 10547 10740 10548
f 10547 10739 10740
f 10548 10741 10549
f 10548 10740 10741
f 10549 10742 10550
f 10549 10741 10742
f 10550 10743 10551
f 10550 10742 10743
f 10551 10744 10552
f 10551 10743 10744
f 10552 10745 10553
f 10552 10744 10745
f 10553 10746 10554
f 10553 10745 10746
f 10554 10747 10555
f 10554 10746 10747
f 10555 10748 10556
f 10555 10747 10748
f 10556 10749 10557
f 10556 10748 10749
f 10557 10750 10558
f 10557 10749 10750
f 10558 10751 10559
f 10558 10750 10751
f 10559 10752 10560
f 10559 10751 10752
f 10560 10657 10465
f 10560 10752 10657
f 97 98 2
f 97 2 1
f 98 99 3
f 98 3 2
f 99 100 4
f 99 4 3
f 100 101 5
f 100 5 4
f 101 102 6
f 101 6 5
f 102 103 7
f 102 7 6
f 103 104 8
f 103 8 7
f 104 105 9
f 104 9 8
f 105 106 10
f 105 10 9
f 106 107 11
f 106 11 10
f 107 108 12
f 107 12 11
f 108 109 13
f 108 13 12
f 109 110 14
f 109 14 13
f 110 111 15
f 110 15 14
f 111 112 16
f 111 16 15
f 112 113 17
f 112 17 16
f 113 114 18
f 113 18 17
f 114 115 19
f 114 19 18
f 115 116 20
f 115 20 19
f 116 117 21
f 116 21 20
f 117 118 22
f 117 22 21
f 118 119 23
f 118 23 22
f 119 120 24
f 119 24 23
f 120 121 25
f 120 25 24
f 121 122 26
f 121 26 25
f 122 123 27
f 122 27 26
f 123 124 28
f 123 28 27
f 124 125 29
f 124 29 28
f 125 126 30
f 125 30 29
f 126 127 31
f 126 31 30
f 127 128 32
f 127 32 31
f 128 129 33
f 128 33 32
f 129 130 34
f 129 34 33
f 130 131 35
f 130 35 34
f 131 132 36
f 131 36 35
f 132 133 37
f 132 37 36
f 133 134 38
f 133 38 37
f 134 135 39
f 134 39 38
f 135 136 40
f 135 40 39
f 136 137 41
f 136 41 40
f 137 138 42
f 137 42 41
f 138 139 43
f 138 43 42
f 139 140 44
f 139 44 43
f 140 141 45
f 140 45 44
f 141 142 46
f 141 46 45
f 142 143 47
f 142 47 46
f 143 144 48
f 143 48 47
f 144 145 49
f 144 49 48
f 145 146 50
f 145 50 49
f 146 147 51
f 146 51 50
f 147 148 52
f 147 52 51
f 148 149 53
f 148 53 52
f 149 150 54
f 149 54 53
f 150 151 55
f 150 55 54
f 151 152 56
f 151 56 55
f 152 153 57
f 152 57 56
f 153 154 58
f 153 58 57
f 154 155 59
f 154 59 58
f 155 156 60
f 155 60 59
f 156 157 61
f 156 61 60
f 157 158 62
f 157 62 61
f 158 159 63
f 158 63 62
f 159 160 64
f 159 64 63
f 160 161 65
f 160 65 64
f 161 162 66
f 161 66 65
f 162 163 67
f 162 67 66
f 163 164 68
f 163 68 67
f 164 165 69
f 164 69 68
f 165 166 70
f 165 70 69
f 166 167 71
f 166 71 70
f 167 168 72
f 167 72 71
f 168 169 73
f 168 73 72
f 169 170 74
f 169 74 73
f 170 171 75
f 170 75 74
f 171 172 76
f 171 76 75
f 172 173 77
f 172 77 76
f 173 174 78
f 173 78 77
f 174 175 79
f 174 79 78
f 175 176 80
f 175 80 79
f 176 177 81
f 176 81 80
f 177 178 82
f 177 82 81
f 178 179 83
f 178 83 82
f 179 180 84
f 179 84 83
f 180 181 85
f 180 85 84
f 181 182 86
f 181 86 85
f 182 183 87
f 182 87 86
f 183 184 88
f 183 88 87
f 184 185 89
f 184 89 88
f 185 186 90
f 185 90 89
f 186 187 91
f 186 91 90
f 187 188 92
f 187 92 91
f 188 189 93
f 188 93 92
f 189 190 94
f 189 94 93
f 190 191 95
f 190 95 94
f 191 192 96
f 191 96 95
f 192 97 1
f 192 1 96
f 10561 10562 10658
f 10561 10658 10657
f 10562 10563 10659
f 10562 10659 10658
f 10563 10564 10660
f 10563 10660 10659
f 10564 10565 10661
f 10564 10661 10660
f 10565 10566 10662
f 10565 10662 10661
f 10566 10567 10663
f 10566 10663 10662
f 10567 10568 10664
f 10567 10664 10663
f 10568 10569 10665
f 10568 10665 10664
f 10569 10570 10666
f 10569 10666 10665
f 10570 10571 10667
f 10570 10667 10666
f 10571 10572 10668
f 10571 10668 10667
f 10572 10573 10669
f 10572 10669 10668
f 10573 10574 10670
f 10573 10670 10669
f 10574 10575 10671
f 10574 10671 10670
f 10575 10576 10672
f 10575 10672 10671
f 10576 10577 10673
f 10576 10673 10672
f 10577 10578 10674
f 10577 10674 10673
f 10578 10579 10675
f 10578 10675 10674
f 10579 10580 10676
f 10579 10676 10675
f 10580 10581 10677
f 10580 10677 10676
f 10581 10582 10678
f 10581 10678 10677
f 10582 10583 10679
f 10582 10679 10678
f 10583 10584 10680
f 10583 10680 10679
f 10584 10585 10681
f 10584 10681 10680
f 10585 10586 10682
f 10585 10682 10681
f 10586 10587 10683
f 10586 10683 10682
f 10587 10588 10684
f 10587 10684 10683
f 10588 10589 10685
f 10588 10685 10684
f 10589 10590 10686
f 10589 10686 10685
f 10590 10591 10687
f 10590 10687 10686
f 10591 10592 10688
f 10591 10688 10687
f 10592 10593 10689
f 10592 10689 10688
f 10593 10594 10690
f 10593 10690 10689
f 10594 10595 10691
f 10594 10691 10690
f 10595 10596 10692
f 10595 10692 10691
f 10596 10597 10693
f 10596 10693 10692
f 10597 10598 10694
f 10597 10694 10693
f 10598 10599 10695
f 10598 10695 10694
f 10599 10600 10696
f 10599 10696 10695
f 10600 10601 10697
f 10600 10697 10696
f 10601 10602 10698
f 10601 10698 10697
f 10602 10603 10699
f 10602 10699 10698
f 10603 10604 10700
f 10603 10700 10699
f 10604 10605 10701
f 10604 10701 10700
f 10605 10606 10702
f 10605 10702 10701
f 10606 10607 10703
f 10606 10703 10702
f 10607 10608 10704
f 10607 10704 10703
f 10608 10609 10705
f 10608 10705 10704
f 10609 10610 10706
f 10609 10706 10705
f 10610 10611 10707
f 10610 10707 10706
f 10611 10612 10708
f 10611 10708 10707
f 10612 10613 10709
f 10612 10709 10708
f 10613 10614 10710
f 10613 10710 10709
f 10614 10615 10711
f 10614 10711 10710
f 10615 10616 10712
f 10615 10712 10711
f 10616 10617 10713
f 10616 10713 10712
f 10617 10618 10714
f 10617 10714 10713
f 10618 10619 10715
f 10618 10715 10714
f 10619 10620 10716
f 10619 10716 10715
f 10620 10621 10717
f 10620 10717 10716
f 10621 10622 10718
f 10621 10718 10717
f 10622 10623 10719
f 10622 10719 10718
f 10623 10624 10720
f 10623 10720 10719
f 10624 10625 10721
f 10624 10721 10720
f 10625 10626 10722
f 10625 10722 10721
f 10626 10627 10723
f 10626 10723 10722
f 10627 10628 10724
f 10627 10724 10723
f 10628 10629 10725
f 10628 10725 10724
f 10629 10630 10726
f 10629 10726 10725
f 10630 10631 10727
f 10630 10727 10726
f 10631 10632 10728
f 10631 10728 10727
f 10632 10633 10729
f 10632 10729 10728
f 10633 10634 10730
f 10633 10730 10729
f 10634 10635 10731
f 10634 10731 10730
f 10635 10636 10732
f 10635 10732 10731
f 10636 10637 10733
f 10636 10733 10732
f 10637 10638 10734
f 10637 10734 10733
f 10638 10639 10735
f 10638 10735 10734
f 10639 10640 10736
f 10639 10736 10735
f 10640 10641 10737
f 10640 10737 10736
f 10641 10642 10738
f 10641 10738 10737
f 10642 10643 10739
f 10642 10739 10738
f 10643 10644 10740
f 10643 10740 10739
f 10644 10645 10741
f 10644 10741 10740
f 10645 10646 10742
f 10645 10742 10741
f 10646 10647 10743
f 10646 10743 10742
f 10647 10648 10744
f 10647 10744 10743
f 10648 10649 10745
f 10648 10745 10744
f 10649 10650 10746
f 10649 10746 10745
f 10650 10651 10747
f 10650 10747 10746
f 10651 10652 10748
f 10651 10748 10747
f 10652 10653 10749
f 10652 10749 10748
f 10653 10654 10750
f 10653 10750 10749
f 10654 10655 10751
f 10654 10751 10750
f 10655 10656 10752
f 10655 10752 10751
f 10656 10561 10657
f 10656 10657 10752
f 10753 10754 10850
f 10753 10850 10849
f 10754 10755 10851
f 10754 10851 10850
f 10755 10756 10852
f 10755 10852 10851
f 10756 10757 10853
f 10756 10853 10852
f 10757 10758 10854
f 10757 10854 10853
f 10758 10759 10855
f 10758 10855 10854
f 10759 10760 10856
f 10759 10856 10855
f 10760 10761 10857
f 10760 10857 10856
f 10761 10762 10858
f 10761 10858 10857
f 10762 10763 10859
f 10762 10859 10858
f 10763 10764 10860
f 10763 10860 10859
f 10764 10765 10861
f 10764 10861 10860
f 10765 10766 10862
f 10765 10862 10861
f 10766 10767 10863
f 10766 10863 10862
f 10767 10768 10864
f 10767 10864 10863
f 10768 10769 10865
f 10768 10865 10864
f 10769 10770 10866
f 10769 10866 10865
f 10770 10771 10867
f 10770 10867 10866
f 10771 10772 10868
f 10771 10868 10867
f 10772 10773 10869
f 10772 10869 10868
f 10773 10774 10870
f 10773 10870 10869
f 10774 10775 10871
f 10774 10871 10870
f 10775 10776 10872
f 10775 10872 10871
f 10776 10777 10873
f 10776 10873 10872
f 10777 10778 10874
f 10777 10874 10873
f 10778 10779 10875
f 10778 10875 10874
f 10779 10780 10876
f 10779 10876 10875
f 10780 10781 10877
f 10780 10877 10876
f 10781 10782 10878
f 10781 10878 10877
f 10782 10783 10879
f 10782 10879 10878
f 10783 10784 10880
f 10783 10880 10879
f 10784 10785 10881
f 10784 10881 10880
f 10785 10786 10882
f 10785 10882 10881
f 10786 10787 10883
f 10786 10883 10882
f 10787 10788 10884
f 10787 10884 10883
f 10788 10789 10885
f 10788 10885 10884
f 10789 10790 10886
f 10789 10886 10885
f 10790 10791 10887
f 10790 10887 10886
f 10791 10792 10888
f 10791 10888 10887
f 10792 10793 10889
f 10792 10889 10888
f 10793 10794 10890
f 10793 10890 10889
f 10794 10795 10891
f 10794 10891 10890
f 10795 10796 10892
f 10795 10892 10891
f 10796 10797 10893
f 10796 10893 10892
f 10797 10798 10894
f 10797 10894 10893
f 10798 10799 10895
f 10798 10895 10894
f 10799 10800 10896
f 10799 10896 10895
f 10800 10801 10897
f 10800 10897 10896
f 10801 10802 10898
f 10801 10898 10897
f 10802 10803 10899
f 10802 10899 10898
f 10803 10804 10900
f 10803 10900 10899
f 10804 10805 10901
f 10804 10901 10900
f 10805 10806 10902
f 10805 10902 10901
f 10806 10807 10903
f 10806 10903 10902
f 10807 10808 10904
f 10807 10904 10903
f 10808 10809 10905
f 10808 10905 10904
f 10809 10810 10906
f 10809 10906 10905
f 10810 10811 10907
f 10810 10907 10906
f 10811 10812 10908
f 10811 10908 10907
f 10812 10813 10909
f 10812 10909 10908
f 10813 10814 10910
f 10813 10910 10909
f 10814 10815 10911
f 10814 10911 10910
f 10815 10816 10912
f 10815 10912 10911
f 10816 10817 10913
f 10816 10913 10912
f 10817 10818 10914
f 10817 10914 10913
f 10818 10819 10915
f 10818 10915 10914
f 10819 10820 10916
f 10819 10916 10915
f 10820 10821 10917
f 10820 10917 10916
f 10821 10822 10918
f 10821 10918 10917
f 10822 10823 10919
f 10822 10919 10918
f 10823 10824 10920
f 10823 10920 10919
f 10824 10825 10921
f 10824 10921 10920
f 10825 10826 10922
f 10825 10922 10921
f 10826 10827 10923
f 10826 10923 10922
f 10827 10828 10924
f 10827 10924 10923
f 10828 10829 10925
f 10828 10925 10924
f 10829 10830 10926
f 10829 10926 10925
f 10830 10831 10927
f 10830 10927 10926
f 10831 10832 10928
f 10831 10928 10927
f 10832 10833 10929
f 10832 10929 10928
f 10833 10834 10930
f 10833 10930 10929
f 10834 10835 10931
f 10834 10931 10930
f 10835 10836 10932
f 10835 10932 10931
f 10836 10837 10933
f 10836 10933 10932
f 10837 10838 10934
f 10837 10934 10933
f 10838 10839 10935
f 10838 10935 10934
f 10839 10840 10936
f 10839 10936 10935
f 10840 10841 10937
f 10840 10937 10936
f 10841 10842 10938
f 10841 10938 10937
f 10842 10843 10939
f 10842 10939 10938
f 10843 10844 10940
f 10843 10940 10939
f 10844 10845 10941
f 10844 10941 10940
f 10845 10846 10942
f 10845 10942 10941
f 10846 10847 10943
f 10846 10943 10942
f 10847 10848 10944
f 10847 10944 10943
f 10848 10753 10849
f 10848 10849 10944
f 10753 10754 10562
f 10753 10562 10561
f 10754 10755 10563
f 10754 10563 10562
f 10755 10756 10564
f 10755 10564 10563
f 10756 10757 10565
f 10756 10565 10564
f 10757 10758 10566
f 10757 10566 10565
f 10758 10759 10567
f 10758 10567 10566
f 10759 10760 10568
f 10759 10568 10567
f 10760 10761 10569
f 10760 10569 10568
f 10761 10762 10570
f 10761 10570 10569
f 10762 10763 10571
f 10762 10571 10570
f 10763 10764 10572
f 10763 10572 10571
f 10764 10765 10573
f 10764 10573 10572
f 10765 10766 10574
f 10765 10574 10573
f 10766 10767 10575
f 10766 10575 10574
f 10767 10768 10576
f 10767 10576 10575
f 10768 10769 10577
f 10768 10577 10576
f 10769 10770 10578
f 10769 10578 10577
f 10770 10771 10579
f 10770 10579 10578
f 10771 10772 10580
f 10771 10580 10579
f 10772 10773 10581
f 10772 10581 10580
f 10773 10774 10582
f 10773 10582 10581
f 10774 10775 10583
f 10774 10583 10582
f 10775 10776 10584
f 10775 10584 10583
f 10776 10777 10585
f 10776 10585 10584
f 10777 10778 10586
f 10777 10586 10585
f 10778 10779 10587
f 10778 10587 10586
f 10779 10780 10588
f 10779 10588 10587
f 10780 10781 10589
f 10780 10589 10588
f 10781 10782 10590
f 10781 10590 10589
f 10782 10783 10591
f 10782 10591 10590
f 10783 10784 10592
f 10783 10592 10591
f 10784 10785 10593
f 10784 10593 10592
f 10785 10786 10594
f 10785 10594 10593
f 10786 10787 10595
f 10786 10595 10594
f 10787 10788 10596
f 10787 10596 10595
f 10788 10789 10597
f 10788 10597 10596
f 10789 10790 10598
f 10789 10598 10597
f 10790 10791 10599
f 10790 10599 10598
f 10791 10792 10600
f 10791 10600 10599
f 10792 10793 10601
f 10792 10601 10600
f 10793 10794 10602
f 10793 10602 10601
f 10794 10795 10603
f 10794 10603 10602
f 10795 10796 10604
f 10795 10604 10603
f 10796 10797 10605
f 10796 10605 10604
f 10797 10798 10606
f 10797 10606 10605
f 10798 10799 10607
f 10798 10607 10606
f 10799 10800 10608
f 10799 10608 10607
f 10800 10801 10609
f 10800 10609 10608
f 10801 10802 10610
f 10801 10610 10609
f 10802 10803 10611
f 10802 10611 10610
f 10803 10804 10612
f 10803 10612 10611
f 10804 10805 10613
f 10804 10613 10612
f 10805 10806 10614
f 10805 10614 10613
f 10806 10807 10615
f 10806 10615 10614
f 10807 10808 10616
f 10807 10616 10615
f 10808 10809 10617
f 10808 10617 10616
f 10809 10810 10618
f 10809 10618 10617
f 10810 10811 10619
f 10810 10619 10618
f 10811 10812 10620
f 10811 10620 10619
f 10812 10813 10621
f 10812 10621 10620
f 10813 10814 10622
f 10813 10622 10621
f 10814 10815 10623
f 10814 10623 10622
f 10815 10816 10624
f 10815 10624 10623
f 10816 10817 10625
f 10816 10625 10624
f 10817 10818 10626
f 10817 10626 10625
f 10818 10819 10627
f 10818 10627 10626
f 10819 10820 10628
f 10819 10628 10627
f 10820 10821 10629
f 10820 10629 10628
f 10821 10822 10630
f 10821 10630 10629
f 10822 10823 10631
f 10822 10631 10630
f 10823 10824 10632
f 10823 10632 10631
f 10824 10825 10633
f 10824 10633 10632
f 10825 10826 10634
f 10825 10634 10633
f 10826 10827 10635
f 10826 10635 10634
f 10827 10828 10636
f 10827 10636 10635
f 10828 10829 10637
f 10828 10637 10636
f 10829 10830 10638
f 10829 10638 10637
f 10830 10831 10639
f 10830 10639 10638
f 10831 10832 10640
f 10831 10640 10639
f 10832 10833 10641
f 10832 10641 10640
f 10833 10834 10642
f 10833 10642 10641
f 10834 10835 10643
f 10834 10643 10642
f 10835 10836 10644
f 10835 10644 10643
f 10836 10837 10645
f 10836 10645 10644
f 10837 10838 10646
f 10837 10646 10645
f 10838 10839 10647
f 10838 10647 10646
f 10839 10840 10648
f 10839 10648 10647
f 10840 10841 10649
f 10840 10649 10648
f 10841 10842 10650
f 10841 10650 10649
f 10842 10843 10651
f 10842 10651 10650
f 10843 10844 10652
f 10843 10652 10651
f 10844 10845 10653
f 10844 10653 10652
f 10845 10846 10654
f 10845 10654 10653
f 10846 10847 10655
f 10846 10655 10654
f 10847 10848 10656
f 10847 10656 10655
f 10848 10753 10561
f 10848 10561 10656
f 10561 10850 10562
f 10561 10849 10850
f 10562 10851 10563
f 10562 10850 10851
f 10563 10852 10564
f 10563 10851 10852
f 10564 10853 10565
f 10564 10852 10853
f 10565 10854 10566
f 10565 10853 10854
f 10566 10855 10567
f 10566 10854 10855
f 10567 10856 10568
f 10567 10855 10856
f 10568 10857 10569
f 10568 10856 10857
f 10569 10858 10570
f 10569 10857 10858
f 10570 10859 10571
f 10570 10858 10859
f 10571 10860 10572
f 10571 10859 10860
f 10572 10861 10573
f 10572 10860 10861
f 10573 10862 10574
f 10573 10861 10862
f 10574 10863 10575
f 10574 10862 10863
f 10575 10864 10576
f 10575 10863 10864
f 10576 10865 10577
f 10576 10864 10865
f 10577 10866 10578
f 10577 10865 10866
f 10578 10867 10579
f 10578 10866 10867
f 10579 10868 10580
f 10579 10867 10868
f 10580 10869 10581
f 10580 10868 10869
f 10581 10870 10582
f 10581 10869 10870
f 10582 10871 10583
f 10582 10870 10871
f 10583 10872 10584
f 10583 10871 10872
f 10584 10873 10585
f 10584 10872 10873
f 10585 10874 10586
f 10585 10873 10874
f 10586 10875 10587
f 10586 10874 10875
f 10587 10876 10588
f 10587 10875 10876
f 10588 10877 10589
f 10588 10876 10877
f 10589 10878 10590
f 10589 10877 10878
f 10590 10879 10591
f 10590 10878 10879
f 10591 10880 10592
f 10591 10879 10880
f 10592 10881 10593
f 10592 10880 10881
f 10593 10882 10594
f 10593 10881 10882
f 10594 10883 10595
f 10594 10882 10883
f 10595 10884 10596
f 10595 10883 10884
f 10596 10885 10597
f 10596 10884 10885
f 10597 10886 10598
f 10597 10885 10886
f 10598 10887 10599
f 10598 10886 10887
f 10599 10888 10600
f 10599 10887 10888
f 10600 10889 10601
f 10600 10888 10889
f 10601 10890 10602
f 10601 10889 10890
f 10602 10891 10603
f 10602 10890 10891
f 10603 10892 10604
f 10603 10891 10892
f 10604 10893 10605
f 10604 10892 10893
f 10605 10894 10606
f 10605 10893 10894
f 10606 10895 10607
f 10606 10894 10895
f 10607 10896 10608
f 10607 10895 10896
f 10608 10897 10609
f 10608 10896 10897
f 10609 10898 10610
f 10609 10897 10898
f 10610 10899 10611
f 10610 10898 10899
f 10611 10900 10612
f 10611 10899 10900
f 10612 10901 10613
f 10612 10900 10901
f 10613 10902 10614
f 10613 10901 10902
f 10614 10903 10615
f 10614 10902 10903
f 10615 10904 10616
f 10615 10903 10904
f 10616 10905 10617
f 10616 10904 10905
f 10617 10906 10618
f 10617 10905 10906
f 10618 10907 10619
f 10618 10906 10907
f 10619 10908 10620
f 10619 10907 10908
f 10620 10909 10621
f 10620 10908 10909
f 10621 10910 10622
f 10621 10909 10910
f 10622 10911 10623
f 10622 10910 10911
f 10623 10912 10624
f 10623 10911 10912
f 10624 10913 10625
f 10624 10912 10913
f 10625 10914 10626
f 10625 10913 10914
f 10626 10915 10627
f 10626 10914 10915
f 10627 10916 10628
f 10627 10915 10916
f 10628 10917 10629
f 10628 10916 10917
f 10629 10918 10630
f 10629 10917 10918
f 10630 10919 10631
f 10630 10918 10919
f 10631 10920 10632
f 10631 10919 10920
f 10632 10921 10633
f 10632 10920 10921
f 10633 10922 10634
f 10633 10921 10922
f 10634 10923 10635
f 10634 10922 10923
f 10635 10924 10636
f 10635 10923 10924
f 10636 10925 10637
f 10636 10924 10925
f 10637 10926 10638
f 10637 10925 10926
f 10638 10927 10639
f 10638 10926 10927
f 10639 10928 10640
f 10639 10927 10928
f 10640 10929 10641
f 10640 10928 10929
f 10641 10930 10642
f 10641 10929 10930
f 10642 10931 10643
f 10642 10930 10931
f 10643 10932 10644
f 10643 10931 10932
f 10644 10933 10645
f 10644 10932 10933
f 10645 10934 10646
f 10645 10933 10934
f 10646 10935 10647
f 10646 10934 10935
f 10647 10936 10648
f 10647 10935 10936
f 10648 10937 10649
f 10648 10936 10937
f 10649 10938 10650
f 10649 10937 10938
f 10650 10939 10651
f 10650 10938 10939
f 10651 10940 10652
f 10651 10939 10940
f 10652 10941 10653
f 10652 10940 10941
f 10653 10942 10654
f 10653 10941 10942
f 10654 10943 10655
f 10654 10942 10943
f 10655 10944 10656
f 10655 10943 10944
f 10656 10849 10561
f 10656 10944 10849
f 10945 10946 11042
f 10945 11042 11041
f 10946 10947 11043
f 10946 11043 11042
f 10947 10948 11044
f 10947 11044 11043
f 10948 10949 11045
f 10948 11045 11044
f 10949 10950 11046
f 10949 11046 11045
f 10950 10951 11047
f 10950 11047 11046
f 10951 10952 11048
f 10951 11048 11047
f 10952 10953 11049
f 10952 11049 11048
f 10953 10954 11050
f 10953 11050 11049
f 10954 10955 11051
f 10954 11051 11050
f 10955 10956 11052
f 10955 11052 11051
f 10956 10957 11053
f 10956 11053 11052
f 10957 10958 11054
f 10957 11054 11053
f 10958 10959 11055
f 10958 11055 11054
f 10959 10960 11056
f 10959 11056 11055
f 10960 10961 11057
f 10960 11057 11056
f 10961 10962 11058
f 10961 11058 11057
f 10962 10963 11059
f 10962 11059 11058
f 10963 10964 11060
f 10963 11060 11059
f 10964 10965 11061
f 10964 11061 11060
f 10965 10966 11062
f 10965 11062 11061
f 10966 10967 11063
f 10966 11063 11062
f 10967 10968 11064
f 10967 11064 11063
f 10968 10969 11065
f 10968 11065 11064
f 10969 10970 11066
f 10969 11066 11065
f 10970 10971 11067
f 10970 11067 11066
f 10971 10972 11068
f 10971 11068 11067
f 10972 10973 11069
f 10972 11069 11068
f 10973 10974 11070
f 10973 11070 11069
f 10974 10975 11071
f 10974 11071 11070
f 10975 10976 11072
f 10975 11072 11071
f 10976 10977 11073
f 10976 11073 11072
f 10977 10978 11074
f 10977 11074 11073
f 10978 10979 11075
f 10978 11075 11074
f 10979 10980 11076
f 10979 11076 11075
f 10980 10981 11077
f 10980 11077 11076
f 10981 10982 11078
f 10981 11078 11077
f 10982 10983 11079
f 10982 11079 11078
f 10983 10984 11080
f 10983 11080 11079
f 10984 10985 11081
f 10984 11081 11080
f 10985 10986 11082
f 10985 11082 11081
f 10986 10987 11083
f 10986 11083 11082
f 10987 10988 11084
f 10987 11084 11083
f 10988 10989 11085
f 10988 11085 11084
f 10989 10990 11086
f 10989 11086 11085
f 10990 10991 11087
f 10990 11087 11086
f 10991 10992 11088
f 10991 11088 11087
f 10992 10993 11089
f 10992 11089 11088
f 10993 10994 11090
f 10993 11090 11089
f 10994 10995 11091
f 10994 11091 11090
f 10995 10996 11092
f 10995 11092 11091
f 10996 10997 11093
f 10996 11093 11092
f 10997 10998 11094
f 10997 11094 11093
f 10998 10999 11095
f 10998 11095 11094
f 10999 11000 11096
f 10999 11096 11095
f 11000 11001 11097
f 11000 11097 11096
f 11001 11002 11098
f 11001 11098 11097
f 11002 11003 11099
f 11002 11099 11098
f 11003 11004 11100
f 11003 11100 11099
f 11004 11005 11101
f 11004 11101 11100
f 11005 11006 11102
f 11005 11102 11101
f 11006 11007 11103
f 11006 11103 11102
f 11007 11008 11104
f 11007 11104 11103
f 11008 11009 11105
f 11008 11105 11104
f 11009 11010 11106
f 11009 11106 11105
f 11010 11011 11107
f 11010 11107 11106
f 11011 11012 11108
f 11011 11108 11107
f 11012 11013 11109
f 11012 11109 11108
f 11013 11014 11110
f 11013 11110 11109
f 11014 11015 11111
f 11014 11111 11110
f 11015 11016 11112
f 11015 11112 11111
f 11016 11017 11113
f 11016 11113 11112
f 11017 11018 11114
f 11017 11114 11113
f 11018 11019 11115
f 11018 11115 11114
f 11019 11020 11116
f 11019 11116 11115
f 11020 11021 11117
f 11020 11117 11116
f 11021 11022 11118
f 11021 11118 11117
f 11022 11023 11119
f 11022 11119 11118
f 11023 11024 11120
f 11023 11120 11119
f 11024 11025 11121
f 11024 11121 11120
f 11025 11026 11122
f 11025 11122 11121
f 11026 11027 11123
f 11026 11123 11122
f 11027 11028 11124
f 11027 11124 11123
f 11028 11029 11125
f 11028 11125 11124
f 11029 11030 11126
f 11029 11126 11125
f 11030 11031 11127
f 11030 11127 11126
f 11031 11032 11128
f 11031 11128 11127
f 11032 11033 11129
f 11032 11129 11128
f 11033 11034 11130
f 11033 11130 11129
f 11034 11035 11131
f 11034 11131 11130
f 11035 11036 11132
f 11035 11132 11131
f 11036 11037 11133
f 11036 11133 11132
f 11037 11038 11134
f 11037 11134 11133
f 11038 11039 11135
f 11038 11135 11134
f 11039 11040 11136
f 11039 11136 11135
f 11040 10945 11041
f 11040 11041 11136
f 11233 11234 11138
f 11233 11138 11137
f 11234 11235 11139
f 11234 11139 11138
f 11235 11236 11140
f 11235 11140 11139
f 11236 11237 11141
f 11236 11141 11140
f 11237 11238 11142
f 11237 11142 11141
f 11238 11239 11143
f 11238 11143 11142
f 11239 11240 11144
f 11239 11144 11143
f 11240 11241 11145
f 11240 11145 11144
f 11241 11242 11146
f 11241 11146 11145
f 11242 11243 11147
f 11242 11147 11146
f 11243 11244 11148
f 11243 11148 11147
f 11244 11245 11149
f 11244 11149 11148
f 11245 11246 11150
f 11245 11150 11149
f 11246 11247 11151
f 11246 11151 11150
f 11247 11248 11152
f 11247 11152 11151
f 11248 11249 11153
f 11248 11153 11152
f 11249 11250 11154
f 11249 11154 11153
f 11250 11251 11155
f 11250 11155 11154
f 11251 11252 11156
f 11251 11156 11155
f 11252 11253 11157
f 11252 11157 11156
f 11253 11254 11158
f 11253 11158 11157
f 11254 11255 11159
f 11254 11159 11158
f 11255 11256 11160
f 11255 11160 11159
f 11256 11257 11161
f 11256 11161 11160
f 11257 11258 11162
f 11257 11162 11161
f 11258 11259 11163
f 11258 11163 11162
f 11259 11260 11164
f 11259 11164 11163
f 11260 11261 11165
f 11260 11165 11164
f 11261 11262 11166
f 11261 11166 11165
f 11262 11263 11167
f 11262 11167 11166
f 11263 11264 11168
f 11263 11168 11167
f 11264 11265 11169
f 11264 11169 11168
f 11265 11266 11170
f 11265 11170 11169
f 11266 11267 11171
f 11266 11171 11170
f 11267 11268 11172
f 11267 11172 11171
f 11268 11269 11173
f 11268 11173 11172
f 11269 11270 11174
f 11269 11174 11173
f 11270 11271 11175
f 11270 11175 11174
f 11271 11272 11176
f 11271 11176 11175
f 11272 11273 11177
f 11272 11177 11176
f 11273 11274 11178
f 11273 11178 11177
f 11274 11275 11179
f 11274 11179 11178
f 11275 11276 11180
f 11275 11180 11179
f 11276 11277 11181
f 11276 11181 11180
f 11277 11278 11182
f 11277 11182 11181
f 11278 11279 11183
f 11278 11183 11182
f 11279 11280 11184
f 11279 11184 11183
f 11280 11281 11185
f 11280 11185 11184
f 11281 11282 11186
f 11281 11186 11185
f 11282 11283 11187
f 11282 11187 11186
f 11283 11284 11188
f 11283 11188 11187
f 11284 11285 11189
f 11284 11189 11188
f 11285 11286 11190
f 11285 11190 11189
f 11286 11287 11191
f 11286 11191 11190
f 11287 11288 11192
f 11287 11192 11191
f 11288 11289 11193
f 11288 11193 11192
f 11289 11290 11194
f 11289 11194 11193
f 11290 11291 11195
f 11290 11195 11194
f 11291 11292 11196
f 11291 11196 11195
f 11292 11293 11197
f 11292 11197 11196
f 11293 11294 11198
f 11293 11198 11197
f 11294 11295 11199
f 11294 11199 11198
f 11295 11296 11200
f 11295 11200 11199
f 11296 11297 11201
f 11296 11201 11200
f 11297 11298 11202
f 11297 11202 11201
f 11298 11299 11203
f 11298 11203 11202
f 11299 11300 11204
f 11299 11204 11203
f 11300 11301 11205
f 11300 11205 11204
f 11301 11302 11206
f 11301 11206 11205
f 11302 11303 11207
f 11302 11207 11206
f 11303 11304 11208
f 11303 11208 11207
f 11304 11305 11209
f 11304 11209 11208
f 11305 11306 11210
f 11305 11210 11209
f 11306 11307 11211
f 11306 11211 11210
f 11307 11308 11212
f 11307 11212 11211
f 11308 11309 11213
f 11308 11213 11212
f 11309 11310 11214
f 11309 11214 11213
f 11310 11311 11215
f 11310 11215 11214
f 11311 11312 11216
f 11311 11216 11215
f 11312 11313 11217
f 11312 11217 11216
f 11313 11314 11218
f 11313 11218 11217
f 11314 11315 11219
f 11314 11219 11218
f 11315 11316 11220
f 11315 11220 11219
f 11316 11317 11221
f 11316 11221 11220
f 11317 11318 11222
f 11317 11222 11221
f 11318 11319 11223
f 11318 11223 11222
f 11319 11320 11224
f 11319 11224 11223
f 11320 11321 11225
f 11320 11225 11224
f 11321 11322 11226
f 11321 11226 11225
f 11322 11323 11227
f 11322 11227 11226
f 11323 11324 11228
f 11323 11228 11227
f 11324 11325 11229
f 11324 11229 11228
f 11325 11326 11230
f 11325 11230 11229
f 11326 11327 11231
f 11326 11231 11230
f 11327 11328 11232
f 11327 11232 11231
f 11328 11233 11137
f 11328 11137 11232
f 11233 11234 11042
f 11233 11042 11041
f 11234 11235 11043
f 11234 11043 11042
f 11235 11236 11044
f 11235 11044 11043
f 11236 11237 11045
f 11236 11045 11044
f 11237 11238 11046
f 11237 11046 11045
f 11238 11239 11047
f 11238 11047 11046
f 11239 11240 11048
f 11239 11048 11047
f 11240 11241 11049
f 11240 11049 11048
f 11241 11242 11050
f 11241 11050 11049
f 11242 11243 11051
f 11242 11051 11050
f 11243 11244 11052
f 11243 11052 11051
f 11244 11245 11053
f 11244 11053 11052
f 11245 11246 11054
f 11245 11054 11053
f 11246 11247 11055
f 11246 11055 11054
f 11247 11248 11056
f 11247 11056 11055
f 11248 11249 11057
f 11248 11057 11056
f 11249 11250 11058
f 11249 11058 11057
f 11250 11251 11059
f 11250 11059 11058
f 11251 11252 11060
f 11251 11060 11059
f 11252 11253 11061
f 11252 11061 11060
f 11253 11254 11062
f 11253 11062 11061
f 11254 11255 11063
f 11254 11063 11062
f 11255 11256 11064
f 11255 11064 11063
f 11256 11257 11065
f 11256 11065 11064
f 11257 11258 11066
f 11257 11066 11065
f 11258 11259 11067
f 11258 11067 11066
f 11259 11260 11068
f 11259 11068 11067
f 11260 11261 11069
f 11260 11069 11068
f 11261 11262 11070
f 11261 11070 11069
f 11262 11263 11071
f 11262 11071 11070
f 11263 11264 11072
f 11263 11072 11071
f 11264 11265 11073
f 11264 11073 11072
f 11265 11266 11074
f 11265 11074 11073
f 11266 11267 11075
f 11266 11075 11074
f 11267 11268 11076
f 11267 11076 11075
f 11268 11269 11077
f 11268 11077 11076
f 11269 11270 11078
f 11269 11078 11077
f 11270 11271 11079
f 11270 11079 11078
f 11271 11272 11080
f 11271 11080 11079
f 11272 11273 11081
f 11272 11081 11080
f 11273 11274 11082
f 11273 11082 11081
f 11274 11275 11083
f 11274 11083 11082
f 11275 11276 11084
f 11275 11084 11083
f 11276 11277 11085
f 11276 11085 11084
f 11277 11278 11086
f 11277 11086 11085
f 11278 11279 11087
f 11278 11087 11086
f 11279 11280 11088
f 11279 11088 11087
f 11280 11281 11089
f 11280 11089 11088
f 11281 11282 11090
f 11281 11090 11089
f 11282 11283 11091
f 11282 11091 11090
f 11283 11284 11092
f 11283 11092 11091
f 11284 11285 11093
f 11284 11093 11092
f 11285 11286 11094
f 11285 11094 11093
f 11286 11287 11095
f 11286 11095 11094
f 11287 11288 11096
f 11287 11096 11095
f 11288 11289 11097
f 11288 11097 11096
f 11289 11290 11098
f 11289 11098 11097
f 11290 11291 11099
f 11290 11099 11098
f 11291 11292 11100
f 11291 11100 11099
f 11292 11293 11101
f 11292 11101 11100
f 11293 11294 11102
f 11293 11102 11101
f 11294 11295 11103
f 11294 11103 11102
f 11295 11296 11104
f 11295 11104 11103
f 11296 11297 11105
f 11296 11105 11104
f 11297 11298 11106
f 11297 11106 11105
f 11298 11299 11107
f 11298 11107 11106
f 11299 11300 11108
f 11299 11108 11107
f 11300 11301 11109
f 11300 11109 11108
f 11301 11302 11110
f 11301 11110 11109
f 11302 11303 11111
f 11302 11111 11110
f 11303 11304 11112
f 11303 11112 11111
f 11304 11305 11113
f 11304 11113 11112
f 11305 11306 11114
f 11305 11114 11113
f 11306 11307 11115
f 11306 11115 11114
f 11307 11308 11116
f 11307 11116 11115
f 11308 11309 11117
f 11308 11117 11116
f 11309 11310 11118
f 11309 11118 11117
f 11310 11311 11119
f 11310 11119 11118
f 11311 11312 11120
f 11311 11120 11119
f 11312 11313 11121
f 11312 11121 11120
f 11313 11314 11122
f 11313 11122 11121
f 11314 11315 11123
f 11314 11123 11122
f 11315 11316 11124
f 11315 11124 11123
f 11316 11317 11125
f 11316 11125 11124
f 11317 11318 11126
f 11317 11126 11125
f 11318 11319 11127
f 11318 11127 11126
f 11319 11320 11128
f 11319 11128 11127
f 11320 11321 11129
f 11320 11129 11128
f 11321 11322 11130
f 11321 11130 11129
f 11322 11323 11131
f 11322 11131 11130
f 11323 11324 11132
f 11323 11132 11131
f 11324 11325 11133
f 11324 11133 11132
f 11325 11326 11134
f 11325 11134 11133
f 11326 11327 11135
f 11326 11135 11134
f 11327 11328 11136
f 11327 11136 11135
f 11328 11233 11041
f 11328 11041 11136
f 10945 11138 10946
f 10945 11137 11138
f 10946 11139 10947
f 10946 11138 11139
f 10947 11140 10948
f 10947 11139 11140
f 10948 11141 10949
f 10948 11140 11141
f 10949 11142 10950
f 10949 11141 11142
f 10950 11143 10951
f 10950 11142 11143
f 10951 11144 10952
f 10951 11143 11144
f 10952 11145 10953
f 10952 11144 11145
f 10953 11146 10954
f 10953 11145 11146
f 10954 11147 10955
f 10954 11146 11147
f 10955 11148 10956
f 10955 11147 11148
f 10956 11149 10957
f 10956 11148 11149
f 10957 11150 10958
f 10957 11149 11150
f 10958 11151 10959
f 10958 11150 11151
f 10959 11152 10960
f 10959 11151 11152
f 10960 11153 10961
f 10960 11152 11153
f 10961 11154 10962
f 10961 11153 11154
f 10962 11155 10963
f 10962 11154 11155
f 10963 11156 10964
f 10963 11155 11156
f 10964 11157 10965
f 10964 11156 11157
f 10965 11158 10966
f 10965 11157 11158
f 10966 11159 10967
f 10966 11158 11159
f 10967 11160 10968
f 10967 11159 11160
f 10968 11161 10969
f 10968 11160 11161
f 10969 11162 10970
f 10969 11161 11162
f 10970 11163 10971
f 10970 11162 11163
f 10971 11164 10972
f 10971 11163 11164
f 10972 11165 10973
f 10972 11164 11165
f 10973 11166 10974
f 10973 11165 11166
f 10974 11167 10975
f 10974 11166 11167
f 10975 11168 10976
f 10975 11167 11168
f 10976 11169 10977
f 10976 11168 11169
f 10977 11170 10978
f 10977 11169 11170
f 10978 11171 10979
f 10978 11170 11171
f 10979 11172 10980
f 10979 11171 11172
f 10980 11173 10981
f 10980 11172 11173
f 10981 11174 10982
f 10981 11173 11174
f 10982 11175 10983
f 10982 11174 11175
f 10983 11176 10984
f 10983 11175 11176
f 10984 11177 10985
f 10984 11176 11177
f 10985 11178 10986
f 10985 11177 11178
f 10986 11179 10987
f 10986 11178 11179
f 10987 11180 10988
f 10987 11179 11180
f 10988 11181 10989
f 10988 11180 11181
f 10989 11182 10990
f 10989 11181 11182
f 10990 11183 10991
f 10990 11182 11183
f 10991 11184 10992
f 10991 11183 11184
f 10992 11185 10993
f 10992 11184 11185
f 10993 11186 10994
f 10993 11185 11186
f 10994 11187 10995
f 10994 11186 11187
f 10995 11188 10996
f 10995 11187 11188
f 10996 11189 10997
f 10996 11188 11189
f 10997 11190 10998
f 10997 11189 11190
f 10998 11191 10999
f 10998 11190 11191
f 10999 11192 11000
f 10999 11191 11192
f 11000 11193 11001
f 11000 11192 11193
f 11001 11194 11002
f 11001 11193 11194
f 11002 11195 11003
f 11002 11194 11195
f 11003 11196 11004
f 11003 11195 11196
f 11004 11197 11005
f 11004 11196 11197
f 11005 11198 11006
f 11005 11197 11198
f 11006 11199 11007
f 11006 11198 11199
f 11007 11200 11008
f 11007 11199 11200
f 11008 11201 11009
f 11008 11200 11201
f 11009 11202 11010
f 11009 11201 11202
f 11010 11203 11011
f 11010 11202 11203
f 11011 11204 11012
f 11011 11203 11204
f 11012 11205 11013
f 11012 11204 11205
f 11013 11206 11014
f 11013 11205 11206
f 11014 11207 11015
f 11014 11206 11207
f 11015 11208 11016
f 11015 11207 11208
f 11016 11209 11017
f 11016 11208 11209
f 11017 11210 11018
f 11017 11209 11210
f 11018 11211 11019
f 11018 11210 11211
f 11019 11212 11020
f 11019 11211 11212
f 11020 11213 11021
f 11020 11212 11213
f 11021 11214 11022
f 11021 11213 11214
f 11022 11215 11023
f 11022 11214 11215
f 11023 11216 11024
f 11023 11215 11216
f 11024 11217 11025
f 11024 11216 11217
f 11025 11218 11026
f 11025 11217 11218
f 11026 11219 11027
f 11026 11218 11219
f 11027 11220 11028
f 11027 11219 11220
f 11028 11221 11029
f 11028 11220 11221
f 11029 11222 11030
f 11029 11221 11222
f 11030 11223 11031
f 11030 11222 11223
f 11031 11224 11032
f 11031 11223 11224
f 11032 11225 11033
f 11032 11224 11225
f 11033 11226 11034
f 11033 11225 11226
f 11034 11227 11035
f 11034 11226 11227
f 11035 11228 11036
f 11035 11227 11228
f 11036 11229 11037
f 11036 11228 11229
f 11037 11230 11038
f 11037 11229 11230
f 11038 11231 11039
f 11038 11230 11231
f 11039 11232 11040
f 11039 11231 11232
f 11040 11137 10945
f 11040 11232 11137
f 11329 11330 11331
f 11329 11331 11332
f 11333 11335 11334
f 11333 11336 11335
f 11329 11333 11334
f 11329 11334 11330
f 11330 11334 11335
f 11330 11335 11331
f 11331 11335 11336
f 11331 11336 11332
f 11332 11336 11333
f 11332 11333 11329
f 11337 11338 11339
f 11337 11339 11340
f 11341 11343 11342
f 11341 11344 11343
f 11337 11341 11342
f 11337 11342 11338
f 11338 11342 11343
f 11338 11343 11339
f 11339 11343 11344
f 11339 11344 11340
f 11340 11344 11341
f 11340 11341 11337
f 11345 11346 11347
f 11345 11347 11348
f 11349 11351 11350
f 11349 11352 11351
f 11345 11349 11350
f 11345 11350 11346
f 11346 11350 11351
f 11346 11351 11347
f 11347 11351 11352
f 11347 11352 11348
f 11348 11352 11349
f 11348 11349 11345
f 11353 11354 11355
f 11353 11355 11356
f 11357 11359 11358
f 11357 11360 11359
f 11353 11357 11358
f 11353 11358 11354
f 11354 11358 11359
f 11354 11359 11355
f 11355 11359 11360
f 11355 11360 11356
f 11356 11360 11357
f 11356 11357 11353
f 11361 11362 11363
f 11361 11363 11364
f 11365 11367 11366
f 11365 11368 11367
f 11361 11365 11366
f 11361 11366 11362
f 11362 11366 11367
f 11362 11367 11363
f 11363 11367 11368
f 11363 11368 11364
f 11364 11368 11365
f 11364 11365 11361
f 11369 11370 11371
f 11369 11371 11372
f 11373 11375 11374
f 11373 11376 11375
f 11369 11373 11374
f 11369 11374 11370
f 11370 11374 11375
f 11370 11375 11371
f 11371 11375 11376
f 11371 11376 11372
f 11372 11376 11373
f 11372 11373 11369
