v 18.0 25.0 40.0
v 18.0 25.0 40.0
v 18.0 25.0 40.0
v 18.0 25.0 40.0
v 18.0 26.0 40.0
v 18.0 26.0 40.0
v 18.0 26.0 40.0
v 18.0 27.0 40.0
v 18.0 27.0 40.0
v 18.0 27.0 40.0
v 18.0 28.0 40.0
v 18.0 28.0 40.0
v 18.0 28.0 40.0
v 18.0 29.0 40.0
v 18.0 29.0 40.0
v 18.0 29.0 40.0
v 18.0 30.0 40.0
v 18.0 30.0 40.0
v 18.0 30.0 40.0
v 18.0 31.0 40.0
v 18.0 31.0 40.0
v 18.0 31.0 40.0
v 18.0 32.0 40.0
v 18.0 32.0 40.0
v 18.0 32.0 40.0
v 18.0 33.0 40.0
v 18.0 33.0 40.0
v 18.0 33.0 40.0
v 18.0 34.0 40.0
v 18.0 34.0 40.0
v 18.0 34.0 40.0
v 18.0 35.0 40.0
v 18.0 35.0 40.0
v 18.0 35.0 40.0
v 18.0 36.0 40.0
v 18.0 36.0 40.0
v 18.0 36.0 40.0
v 18.0 37.0 40.0
v 18.0 37.0 40.0
v 18.0 37.0 40.0
v 18.0 38.0 40.0
v 18.0 38.0 40.0
v 18.0 38.0 40.0
v 18.0 39.0 40.0
v 18.0 39.0 40.0
v 18.0 39.0 40.0
v 18.0 40.0 40.0
v 18.0 40.0 40.0
v 18.0 40.0 40.0
v 18.0 41.0 40.0
v 18.0 41.0 40.0
v 18.0 41.0 40.0
v 18.0 42.0 40.0
v 18.0 42.0 40.0
v 18.0 42.0 40.0
v 18.0 43.0 40.0
v 18.0 43.0 40.0
v 18.0 43.0 40.0
v 18.0 44.0 40.0
v 18.0 44.0 40.0
v 18.0 44.0 40.0
v 18.0 44.0 40.0
v 19.0 23.0 40.0
v 19.0 23.0 40.0
v 19.0 23.0 40.0
v 19.0 23.0 40.0
v 19.0 24.0 40.0
v 19.0 24.0 40.0
v 19.0 24.0 40.0
v 19.0 25.0 40.0
v 19.0 25.0 40.0
v 19.0 26.0 39.0
v 19.0 26.0 39.0
v 19.0 26.0 39.0
v 19.0 26.0 40.0
v 19.0 27.0 39.0
v 19.0 27.0 39.0
v 19.0 27.0 40.0
v 19.0 28.0 39.0
v 19.0 28.0 39.0
v 19.0 28.0 40.0
v 19.0 29.0 39.0
v 19.0 29.0 39.0
v 19.0 29.0 40.0
v 19.0 30.0 39.0
v 19.0 30.0 39.0
v 19.0 30.0 40.0
v 19.0 31.0 39.0
v 19.0 31.0 39.0
v 19.0 31.0 40.0
v 19.0 32.0 39.0
v 19.0 32.0 39.0
v 19.0 32.0 40.0
v 19.0 33.0 39.0
v 19.0 33.0 39.0
v 19.0 33.0 40.0
v 19.0 34.0 39.0
v 19.0 34.0 39.0
v 19.0 34.0 40.0
v 19.0 35.0 39.0
v 19.0 35.0 39.0
v 19.0 35.0 40.0
v 19.0 36.0 39.0
v 19.0 36.0 39.0
v 19.0 36.0 40.0
v 19.0 37.0 39.0
v 19.0 37.0 39.0
v 19.0 37.0 40.0
v 19.0 38.0 39.0
v 19.0 38.0 39.0
v 19.0 38.0 40.0
v 19.0 39.0 39.0
v 19.0 39.0 39.0
v 19.0 39.0 40.0
v 19.0 40.0 39.0
v 19.0 40.0 39.0
v 19.0 40.0 40.0
v 19.0 41.0 39.0
v 19.0 41.0 39.0
v 19.0 41.0 40.0
v 19.0 42.0 39.0
v 19.0 42.0 39.0
v 19.0 42.0 40.0
v 19.0 43.0 39.0
v 19.0 43.0 39.0
v 19.0 43.0 40.0
v 19.0 43.0 39.0
v 19.0 44.0 40.0
v 19.0 44.0 40.0
v 19.0 45.0 40.0
v 19.0 45.0 40.0
v 19.0 45.0 40.0
v 19.0 46.0 40.0
v 19.0 46.0 40.0
v 19.0 46.0 40.0
v 19.0 46.0 40.0
v 20.0 22.0 40.0
v 20.0 22.0 40.0
v 20.0 22.0 40.0
v 20.0 22.0 40.0
v 20.0 23.0 40.0
v 20.0 23.0 40.0
v 20.0 24.0 39.0
v 20.0 24.0 39.0
v 20.0 24.0 39.0
v 20.0 24.0 40.0
v 20.0 25.0 39.0
v 20.0 25.0 39.0
v 20.0 25.0 40.0
v 20.0 26.0 38.0
v 20.0 26.0 38.0
v 20.0 26.0 38.0
v 20.0 26.0 40.0
v 20.0 27.0 38.0
v 20.0 27.0 38.0
v 20.0 27.0 40.0
v 20.0 28.0 38.0
v 20.0 28.0 38.0
v 20.0 28.0 40.0
v 20.0 29.0 38.0
v 20.0 29.0 38.0
v 20.0 29.0 40.0
v 20.0 30.0 38.0
v 20.0 30.0 38.0
v 20.0 30.0 40.0
v 20.0 31.0 38.0
v 20.0 31.0 38.0
v 20.0 31.0 40.0
v 20.0 32.0 38.0
v 20.0 32.0 38.0
v 20.0 32.0 40.0
v 20.0 33.0 38.0
v 20.0 33.0 38.0
v 20.0 33.0 40.0
v 20.0 34.0 38.0
v 20.0 34.0 38.0
v 20.0 34.0 40.0
v 20.0 35.0 38.0
v 20.0 35.0 38.0
v 20.0 35.0 40.0
v 20.0 36.0 38.0
v 20.0 36.0 38.0
v 20.0 36.0 40.0
v 20.0 37.0 38.0
v 20.0 37.0 38.0
v 20.0 37.0 40.0
v 20.0 38.0 38.0
v 20.0 38.0 38.0
v 20.0 38.0 40.0
v 20.0 39.0 38.0
v 20.0 39.0 38.0
v 20.0 39.0 40.0
v 20.0 40.0 38.0
v 20.0 40.0 38.0
v 20.0 40.0 40.0
v 20.0 41.0 38.0
v 20.0 41.0 38.0
v 20.0 41.0 40.0
v 20.0 42.0 38.0
v 20.0 42.0 38.0
v 20.0 42.0 40.0
v 20.0 43.0 38.0
v 20.0 43.0 38.0
v 20.0 43.0 40.0
v 20.0 43.0 38.0
v 20.0 44.0 39.0
v 20.0 44.0 39.0
v 20.0 44.0 40.0
v 20.0 45.0 39.0
v 20.0 45.0 39.0
v 20.0 45.0 40.0
v 20.0 45.0 39.0
v 20.0 46.0 40.0
v 20.0 46.0 40.0
v 20.0 47.0 40.0
v 20.0 47.0 40.0
v 20.0 47.0 40.0
v 20.0 47.0 40.0
v 21.0 22.0 40.0
v 21.0 22.0 40.0
v 21.0 22.0 40.0
v 21.0 23.0 39.0
v 21.0 23.0 39.0
v 21.0 23.0 39.0
v 21.0 23.0 40.0
v 21.0 24.0 38.0
v 21.0 24.0 38.0
v 21.0 24.0 38.0
v 21.0 24.0 40.0
v 21.0 25.0 38.0
v 21.0 25.0 38.0
v 21.0 25.0 40.0
v 21.0 26.0 37.0
v 21.0 26.0 37.0
v 21.0 26.0 37.0
v 21.0 26.0 40.0
v 21.0 27.0 37.0
v 21.0 27.0 37.0
v 21.0 27.0 40.0
v 21.0 28.0 37.0
v 21.0 28.0 37.0
v 21.0 28.0 40.0
v 21.0 29.0 37.0
v 21.0 29.0 37.0
v 21.0 29.0 40.0
v 21.0 30.0 37.0
v 21.0 30.0 37.0
v 21.0 30.0 40.0
v 21.0 31.0 37.0
v 21.0 31.0 37.0
v 21.0 31.0 40.0
v 21.0 32.0 37.0
v 21.0 32.0 37.0
v 21.0 32.0 40.0
v 21.0 33.0 37.0
v 21.0 33.0 37.0
v 21.0 33.0 40.0
v 21.0 34.0 37.0
v 21.0 34.0 37.0
v 21.0 34.0 40.0
v 21.0 35.0 37.0
v 21.0 35.0 37.0
v 21.0 35.0 40.0
v 21.0 36.0 37.0
v 21.0 36.0 37.0
v 21.0 36.0 40.0
v 21.0 37.0 37.0
v 21.0 37.0 37.0
v 21.0 37.0 40.0
v 21.0 38.0 37.0
v 21.0 38.0 37.0
v 21.0 38.0 40.0
v 21.0 39.0 37.0
v 21.0 39.0 37.0
v 21.0 39.0 40.0
v 21.0 40.0 37.0
v 21.0 40.0 37.0
v 21.0 40.0 40.0
v 21.0 41.0 37.0
v 21.0 41.0 37.0
v 21.0 41.0 40.0
v 21.0 42.0 37.0
v 21.0 42.0 37.0
v 21.0 42.0 40.0
v 21.0 43.0 37.0
v 21.0 43.0 37.0
v 21.0 43.0 40.0
v 21.0 43.0 37.0
v 21.0 44.0 38.0
v 21.0 44.0 38.0
v 21.0 44.0 40.0
v 21.0 45.0 38.0
v 21.0 45.0 38.0
v 21.0 45.0 40.0
v 21.0 45.0 38.0
v 21.0 46.0 39.0
v 21.0 46.0 39.0
v 21.0 46.0 40.0
v 21.0 46.0 39.0
v 21.0 47.0 40.0
v 21.0 47.0 40.0
v 21.0 47.0 40.0
v 22.0 22.0 40.0
v 22.0 22.0 40.0
v 22.0 22.0 40.0
v 22.0 23.0 38.0
v 22.0 23.0 38.0
v 22.0 23.0 38.0
v 22.0 23.0 39.0
v 22.0 23.0 40.0
v 22.0 24.0 38.0
v 22.0 24.0 40.0
v 22.0 25.0 37.0
v 22.0 25.0 37.0
v 22.0 25.0 37.0
v 22.0 25.0 40.0
v 22.0 26.0 37.0
v 22.0 26.0 40.0
v 22.0 27.0 36.0
v 22.0 27.0 36.0
v 22.0 27.0 36.0
v 22.0 27.0 40.0
v 22.0 28.0 36.0
v 22.0 28.0 36.0
v 22.0 28.0 40.0
v 22.0 29.0 36.0
v 22.0 29.0 36.0
v 22.0 29.0 40.0
v 22.0 30.0 36.0
v 22.0 30.0 36.0
v 22.0 30.0 40.0
v 22.0 31.0 36.0
v 22.0 31.0 36.0
v 22.0 31.0 40.0
v 22.0 32.0 36.0
v 22.0 32.0 36.0
v 22.0 32.0 40.0
v 22.0 33.0 36.0
v 22.0 33.0 36.0
v 22.0 33.0 40.0
v 22.0 34.0 36.0
v 22.0 34.0 36.0
v 22.0 34.0 40.0
v 22.0 35.0 36.0
v 22.0 35.0 36.0
v 22.0 35.0 40.0
v 22.0 36.0 36.0
v 22.0 36.0 36.0
v 22.0 36.0 40.0
v 22.0 37.0 36.0
v 22.0 37.0 36.0
v 22.0 37.0 40.0
v 22.0 38.0 36.0
v 22.0 38.0 36.0
v 22.0 38.0 40.0
v 22.0 39.0 36.0
v 22.0 39.0 36.0
v 22.0 39.0 40.0
v 22.0 40.0 36.0
v 22.0 40.0 36.0
v 22.0 40.0 40.0
v 22.0 41.0 36.0
v 22.0 41.0 36.0
v 22.0 41.0 40.0
v 22.0 42.0 36.0
v 22.0 42.0 36.0
v 22.0 42.0 40.0
v 22.0 42.0 36.0
v 22.0 43.0 37.0
v 22.0 43.0 40.0
v 22.0 44.0 37.0
v 22.0 44.0 37.0
v 22.0 44.0 40.0
v 22.0 44.0 37.0
v 22.0 45.0 38.0
v 22.0 45.0 40.0
v 22.0 46.0 38.0
v 22.0 46.0 38.0
v 22.0 46.0 40.0
v 22.0 46.0 38.0
v 22.0 46.0 39.0
v 22.0 47.0 40.0
v 22.0 47.0 40.0
v 22.0 47.0 40.0
v 23.0 22.0 39.0
v 23.0 22.0 39.0
v 23.0 22.0 39.0
v 23.0 22.0 40.0
v 23.0 22.0 40.0
v 23.0 23.0 38.0
v 23.0 23.0 38.0
v 23.0 23.0 40.0
v 23.0 24.0 37.0
v 23.0 24.0 37.0
v 23.0 24.0 37.0
v 23.0 24.0 40.0
v 23.0 25.0 36.0
v 23.0 25.0 36.0
v 23.0 25.0 36.0
v 23.0 25.0 40.0
v 23.0 26.0 36.0
v 23.0 26.0 36.0
v 23.0 26.0 40.0
v 23.0 27.0 35.0
v 23.0 27.0 35.0
v 23.0 27.0 35.0
v 23.0 27.0 40.0
v 23.0 28.0 35.0
v 23.0 28.0 35.0
v 23.0 28.0 40.0
v 23.0 29.0 35.0
v 23.0 29.0 35.0
v 23.0 29.0 40.0
v 23.0 30.0 35.0
v 23.0 30.0 35.0
v 23.0 30.0 40.0
v 23.0 31.0 35.0
v 23.0 31.0 35.0
v 23.0 31.0 40.0
v 23.0 32.0 35.0
v 23.0 32.0 35.0
v 23.0 32.0 40.0
v 23.0 33.0 35.0
v 23.0 33.0 35.0
v 23.0 33.0 40.0
v 23.0 34.0 35.0
v 23.0 34.0 35.0
v 23.0 34.0 40.0
v 23.0 35.0 35.0
v 23.0 35.0 35.0
v 23.0 35.0 40.0
v 23.0 36.0 35.0
v 23.0 36.0 35.0
v 23.0 36.0 40.0
v 23.0 37.0 35.0
v 23.0 37.0 35.0
v 23.0 37.0 40.0
v 23.0 38.0 35.0
v 23.0 38.0 35.0
v 23.0 38.0 40.0
v 23.0 39.0 35.0
v 23.0 39.0 35.0
v 23.0 39.0 40.0
v 23.0 40.0 35.0
v 23.0 40.0 35.0
v 23.0 40.0 40.0
v 23.0 41.0 35.0
v 23.0 41.0 35.0
v 23.0 41.0 40.0
v 23.0 42.0 35.0
v 23.0 42.0 35.0
v 23.0 42.0 40.0
v 23.0 42.0 35.0
v 23.0 43.0 36.0
v 23.0 43.0 36.0
v 23.0 43.0 40.0
v 23.0 44.0 36.0
v 23.0 44.0 36.0
v 23.0 44.0 40.0
v 23.0 44.0 36.0
v 23.0 45.0 37.0
v 23.0 45.0 37.0
v 23.0 45.0 40.0
v 23.0 45.0 37.0
v 23.0 46.0 38.0
v 23.0 46.0 40.0
v 23.0 46.0 38.0
v 23.0 47.0 39.0
v 23.0 47.0 39.0
v 23.0 47.0 40.0
v 23.0 47.0 39.0
v 23.0 47.0 40.0
v 24.0 22.0 39.0
v 24.0 22.0 39.0
v 24.0 22.0 40.0
v 24.0 22.0 40.0
v 24.0 23.0 38.0
v 24.0 23.0 38.0
v 24.0 23.0 40.0
v 24.0 24.0 37.0
v 24.0 24.0 37.0
v 24.0 24.0 40.0
v 24.0 25.0 36.0
v 24.0 25.0 36.0
v 24.0 25.0 40.0
v 24.0 26.0 35.0
v 24.0 26.0 35.0
v 24.0 26.0 35.0
v 24.0 26.0 40.0
v 24.0 27.0 34.0
v 24.0 27.0 34.0
v 24.0 27.0 34.0
v 24.0 27.0 40.0
v 24.0 28.0 34.0
v 24.0 28.0 34.0
v 24.0 28.0 40.0
v 24.0 29.0 34.0
v 24.0 29.0 34.0
v 24.0 29.0 40.0
v 24.0 30.0 34.0
v 24.0 30.0 34.0
v 24.0 30.0 40.0
v 24.0 31.0 33.0
v 24.0 31.0 33.0
v 24.0 31.0 33.0
v 24.0 31.0 34.0
v 24.0 31.0 40.0
v 24.0 32.0 33.0
v 24.0 32.0 33.0
v 24.0 32.0 34.0
v 24.0 32.0 40.0
v 24.0 33.0 33.0
v 24.0 33.0 33.0
v 24.0 33.0 34.0
v 24.0 33.0 40.0
v 24.0 34.0 33.0
v 24.0 34.0 33.0
v 24.0 34.0 34.0
v 24.0 34.0 40.0
v 24.0 35.0 33.0
v 24.0 35.0 33.0
v 24.0 35.0 34.0
v 24.0 35.0 40.0
v 24.0 36.0 33.0
v 24.0 36.0 33.0
v 24.0 36.0 34.0
v 24.0 36.0 40.0
v 24.0 37.0 33.0
v 24.0 37.0 33.0
v 24.0 37.0 34.0
v 24.0 37.0 40.0
v 24.0 38.0 33.0
v 24.0 38.0 33.0
v 24.0 38.0 34.0
v 24.0 38.0 40.0
v 24.0 38.0 33.0
v 24.0 39.0 34.0
v 24.0 39.0 34.0
v 24.0 39.0 40.0
v 24.0 40.0 34.0
v 24.0 40.0 34.0
v 24.0 40.0 40.0
v 24.0 41.0 34.0
v 24.0 41.0 34.0
v 24.0 41.0 40.0
v 24.0 42.0 34.0
v 24.0 42.0 34.0
v 24.0 42.0 40.0
v 24.0 42.0 34.0
v 24.0 43.0 35.0
v 24.0 43.0 35.0
v 24.0 43.0 40.0
v 24.0 43.0 35.0
v 24.0 44.0 36.0
v 24.0 44.0 40.0
v 24.0 44.0 36.0
v 24.0 45.0 37.0
v 24.0 45.0 40.0
v 24.0 45.0 37.0
v 24.0 46.0 38.0
v 24.0 46.0 40.0
v 24.0 46.0 38.0
v 24.0 47.0 39.0
v 24.0 47.0 40.0
v 24.0 47.0 39.0
v 24.0 47.0 40.0
v 25.0 22.0 39.0
v 25.0 22.0 39.0
v 25.0 22.0 40.0
v 25.0 22.0 40.0
v 25.0 23.0 38.0
v 25.0 23.0 38.0
v 25.0 23.0 40.0
v 25.0 24.0 36.0
v 25.0 24.0 36.0
v 25.0 24.0 36.0
v 25.0 24.0 37.0
v 25.0 24.0 40.0
v 25.0 25.0 35.0
v 25.0 25.0 35.0
v 25.0 25.0 35.0
v 25.0 25.0 40.0
v 25.0 26.0 34.0
v 25.0 26.0 34.0
v 25.0 26.0 34.0
v 25.0 26.0 40.0
v 25.0 27.0 34.0
v 25.0 27.0 40.0
v 25.0 28.0 33.0
v 25.0 28.0 33.0
v 25.0 28.0 33.0
v 25.0 28.0 40.0
v 25.0 29.0 33.0
v 25.0 29.0 33.0
v 25.0 29.0 40.0
v 25.0 30.0 32.0
v 25.0 30.0 32.0
v 25.0 30.0 32.0
v 25.0 30.0 33.0
v 25.0 30.0 40.0
v 25.0 31.0 32.0
v 25.0 31.0 32.0
v 25.0 31.0 40.0
v 24.791563034057617 32.0 31.0
v 25.0 31.3277645111084 31.0
v 25.0 32.0 30.685678482055664
v 24.761531829833984 32.0 32.0
v 25.0 32.0 40.0
v 24.58747673034668 33.0 31.0
v 25.0 33.0 30.519515991210938
v 24.58747673034668 33.0 32.0
v 25.0 33.0 40.0
v 24.194866180419922 34.0 31.0
v 25.0 34.0 30.194866180419922
v 24.194866180419922 34.0 32.0
v 25.0 34.0 40.0
v 24.194866180419922 35.0 31.0
v 25.0 35.0 30.194866180419922
v 24.194866180419922 35.0 32.0
v 25.0 35.0 40.0
v 24.58747673034668 36.0 31.0
v 25.0 36.0 30.519515991210938
v 24.58747673034668 36.0 32.0
v 25.0 36.0 40.0
v 24.791563034057617 37.0 31.0
v 25.0 37.0 30.685678482055664
v 24.761531829833984 37.0 32.0
v 25.0 37.0 40.0
v 25.0 37.67223358154297 31.0
v 25.0 38.0 32.0
v 25.0 38.0 32.0
v 25.0 38.0 40.0
v 25.0 39.0 32.0
v 25.0 39.0 32.0
v 25.0 39.0 33.0
v 25.0 39.0 40.0
v 25.0 39.0 32.0
v 25.0 40.0 33.0
v 25.0 40.0 33.0
v 25.0 40.0 40.0
v 25.0 41.0 33.0
v 25.0 41.0 33.0
v 25.0 41.0 40.0
v 25.0 41.0 33.0
v 25.0 42.0 34.0
v 25.0 42.0 40.0
v 25.0 43.0 34.0
v 25.0 43.0 34.0
v 25.0 43.0 40.0
v 25.0 43.0 34.0
v 25.0 44.0 35.0
v 25.0 44.0 35.0
v 25.0 44.0 40.0
v 25.0 44.0 35.0
v 25.0 45.0 36.0
v 25.0 45.0 36.0
v 25.0 45.0 40.0
v 25.0 45.0 36.0
v 25.0 45.0 37.0
v 25.0 46.0 38.0
v 25.0 46.0 40.0
v 25.0 46.0 38.0
v 25.0 47.0 39.0
v 25.0 47.0 40.0
v 25.0 47.0 39.0
v 25.0 47.0 40.0
v 26.0 22.0 39.0
v 26.0 22.0 39.0
v 26.0 22.0 40.0
v 26.0 22.0 40.0
v 26.0 23.0 37.0
v 26.0 23.0 37.0
v 26.0 23.0 37.0
v 26.0 23.0 38.0
v 26.0 23.0 40.0
v 26.0 24.0 36.0
v 26.0 24.0 36.0
v 26.0 24.0 40.0
v 26.0 25.0 35.0
v 26.0 25.0 35.0
v 26.0 25.0 40.0
v 26.0 26.0 34.0
v 26.0 26.0 34.0
v 26.0 26.0 40.0
v 26.0 27.0 33.0
v 26.0 27.0 33.0
v 26.0 27.0 33.0
v 26.0 27.0 40.0
v 26.0 28.0 32.0
v 26.0 28.0 32.0
v 26.0 28.0 32.0
v 26.0 28.0 40.0
v 26.0 29.0 32.0
v 26.0 29.0 32.0
v 26.0 29.0 40.0
v 25.543787002563477 30.0 31.0
v 26.0 29.194629669189453 31.0
v 26.0 30.0 30.519515991210938
v 26.0 30.0 40.0
v 25.14994239807129 31.0 31.0
v 26.0 31.0 30.441089630126953
v 26.0 31.0 40.0
v 26.0 32.0 30.441089630126953
v 26.0 32.0 40.0
v 26.0 33.0 30.306499481201172
v 26.0 33.0 40.0
v 26.0 34.0 30.181621551513672
v 26.0 34.0 40.0
v 26.0 35.0 30.181621551513672
v 26.0 35.0 40.0
v 26.0 36.0 30.306499481201172
v 26.0 36.0 40.0
v 26.0 37.0 30.441089630126953
v 26.0 37.0 40.0
v 25.14994239807129 38.0 31.0
v 26.0 38.0 30.441089630126953
v 26.0 38.0 40.0
v 25.543787002563477 39.0 31.0
v 26.0 39.0 30.519515991210938
v 26.0 39.0 40.0
v 26.0 39.80537033081055 31.0
v 26.0 40.0 32.0
v 26.0 40.0 32.0
v 26.0 40.0 40.0
v 26.0 41.0 32.0
v 26.0 41.0 32.0
v 26.0 41.0 40.0
v 26.0 41.0 32.0
v 26.0 42.0 33.0
v 26.0 42.0 33.0
v 26.0 42.0 40.0
v 26.0 42.0 33.0
v 26.0 43.0 34.0
v 26.0 43.0 40.0
v 26.0 43.0 34.0
v 26.0 44.0 35.0
v 26.0 44.0 40.0
v 26.0 44.0 35.0
v 26.0 45.0 36.0
v 26.0 45.0 40.0
v 26.0 45.0 36.0
v 26.0 46.0 37.0
v 26.0 46.0 37.0
v 26.0 46.0 40.0
v 26.0 46.0 37.0
v 26.0 46.0 38.0
v 26.0 47.0 39.0
v 26.0 47.0 40.0
v 26.0 47.0 39.0
v 26.0 47.0 40.0
v 27.0 22.0 39.0
v 27.0 22.0 39.0
v 27.0 22.0 40.0
v 27.0 22.0 40.0
v 27.0 23.0 37.0
v 27.0 23.0 37.0
v 27.0 23.0 38.0
v 27.0 23.0 40.0
v 27.0 24.0 36.0
v 27.0 24.0 36.0
v 27.0 24.0 40.0
v 27.0 25.0 34.0
v 27.0 25.0 34.0
v 27.0 25.0 34.0
v 27.0 25.0 35.0
v 27.0 25.0 40.0
v 27.0 26.0 33.0
v 27.0 26.0 33.0
v 27.0 26.0 33.0
v 27.0 26.0 40.0
v 27.0 27.0 32.0
v 27.0 27.0 32.0
v 27.0 27.0 32.0
v 27.0 27.0 40.0
v 26.869901657104492 28.0 31.0
v 27.0 27.851991653442383 31.0
v 27.0 28.0 30.813796997070312
v 27.0 28.0 40.0
v 26.14994239807129 29.0 31.0
v 27.0 29.0 30.441089630126953
v 27.0 29.0 40.0
v 27.0 30.0 30.37354850769043
v 27.0 30.0 40.0
v 27.0 31.0 30.0
v 27.0 31.0 30.0
v 27.0 31.0 30.0
v 27.0 31.0 40.0
v 27.0 32.0 30.0
v 27.0 32.0 30.0
v 27.0 32.0 40.0
v 27.0 33.0 30.0
v 27.0 33.0 30.0
v 27.0 33.0 40.0
v 27.0 34.0 30.0
v 27.0 34.0 30.0
v 27.0 34.0 40.0
v 27.0 35.0 30.0
v 27.0 35.0 30.0
v 27.0 35.0 40.0
v 27.0 36.0 30.0
v 27.0 36.0 30.0
v 27.0 36.0 40.0
v 27.0 37.0 30.0
v 27.0 37.0 30.0
v 27.0 37.0 40.0
v 27.0 38.0 30.0
v 27.0 38.0 30.0
v 27.0 38.0 40.0
v 27.0 38.0 30.0
v 27.0 39.0 30.37354850769043
v 27.0 39.0 40.0
v 26.14994239807129 40.0 31.0
v 27.0 40.0 30.441089630126953
v 27.0 40.0 40.0
v 26.869901657104492 41.0 31.0
v 27.0 41.0 30.813796997070312
v 27.0 41.0 40.0
v 27.0 41.148006439208984 31.0
v 27.0 42.0 32.0
v 27.0 42.0 32.0
v 27.0 42.0 40.0
v 27.0 42.0 32.0
v 27.0 43.0 33.0
v 27.0 43.0 33.0
v 27.0 43.0 40.0
v 27.0 43.0 33.0
v 27.0 44.0 34.0
v 27.0 44.0 34.0
v 27.0 44.0 40.0
v 27.0 44.0 34.0
v 27.0 44.0 35.0
v 27.0 45.0 36.0
v 27.0 45.0 40.0
v 27.0 45.0 36.0
v 27.0 46.0 37.0
v 27.0 46.0 40.0
v 27.0 46.0 37.0
v 27.0 46.0 38.0
v 27.0 47.0 39.0
v 27.0 47.0 40.0
v 27.0 47.0 39.0
v 27.0 47.0 40.0
v 28.0 22.0 39.0
v 28.0 22.0 39.0
v 28.0 22.0 40.0
v 28.0 22.0 40.0
v 28.0 23.0 37.0
v 28.0 23.0 37.0
v 28.0 23.0 38.0
v 28.0 23.0 40.0
v 28.0 24.0 35.0
v 28.0 24.0 35.0
v 28.0 24.0 35.0
v 28.0 24.0 36.0
v 28.0 24.0 40.0
v 28.0 25.0 34.0
v 28.0 25.0 34.0
v 28.0 25.0 40.0
v 28.0 26.0 33.0
v 28.0 26.0 33.0
v 28.0 26.0 40.0
v 27.851991653442383 27.0 31.0
v 28.0 26.869901657104492 31.0
v 28.0 27.0 30.813796997070312
v 28.0 26.494918823242188 32.0
v 28.0 27.0 40.0
v 28.0 28.0 30.441089630126953
v 28.0 28.0 40.0
v 28.0 29.0 30.153417587280273
v 28.0 29.0 40.0
v 28.0 30.0 30.0
v 28.0 30.0 30.0
v 28.0 30.0 30.0
v 28.0 30.0 40.0
v 28.0 31.0 30.0
v 28.0 31.0 40.0
v 28.0 32.0 30.0
v 28.0 32.0 40.0
v 28.0 32.0 30.0
v 27.0 33.0 30.0
v 28.0 32.620880126953125 31.0
v 27.834033966064453 33.0 31.0
v 28.0 32.620880126953125 32.0
v 27.88624382019043 33.0 32.0
v 28.0 32.460506439208984 33.0
v 27.460506439208984 33.0 33.0
v 28.0 32.0 34.0
v 27.0 33.0 34.0
v 28.0 32.0 35.0
v 27.0 33.0 35.0
v 28.0 32.0 36.0
v 27.0 33.0 36.0
v 28.0 32.0 37.0
v 27.0 33.0 37.0
v 28.0 32.0 38.0
v 27.0 33.0 38.0
v 28.0 32.0 39.0
v 27.0 33.0 39.0
v 28.0 32.0 40.0
v 27.0 33.0 40.0
v 27.0 34.0 30.0
v 27.680139541625977 34.0 31.0
v 27.736478805541992 34.0 32.0
v 27.265342712402344 34.0 33.0
v 27.0 34.0 34.0
v 27.0 34.0 35.0
v 27.0 34.0 36.0
v 27.0 34.0 37.0
v 27.0 34.0 38.0
v 27.0 34.0 39.0
v 27.0 34.0 40.0
v 27.0 35.0 30.0
v 27.680139541625977 35.0 31.0
v 27.736478805541992 35.0 32.0
v 27.265342712402344 35.0 33.0
v 27.0 35.0 34.0
v 27.0 35.0 35.0
v 27.0 35.0 36.0
v 27.0 35.0 37.0
v 27.0 35.0 38.0
v 27.0 35.0 39.0
v 27.0 35.0 40.0
v 27.0 36.0 30.0
v 27.834033966064453 36.0 31.0
v 27.88624382019043 36.0 32.0
v 27.460506439208984 36.0 33.0
v 27.0 36.0 34.0
v 27.0 36.0 35.0
v 27.0 36.0 36.0
v 27.0 36.0 37.0
v 27.0 36.0 38.0
v 27.0 36.0 39.0
v 27.0 36.0 40.0
v 28.0 37.0 30.0
v 28.0 37.0 30.0
v 28.0 36.379119873046875 31.0
v 28.0 36.379119873046875 32.0
v 28.0 36.539493560791016 33.0
v 28.0 37.0 34.0
v 28.0 37.0 35.0
v 28.0 37.0 36.0
v 28.0 37.0 37.0
v 28.0 37.0 38.0
v 28.0 37.0 39.0
v 28.0 37.0 40.0
v 28.0 37.0 40.0
v 28.0 38.0 30.0
v 28.0 38.0 40.0
v 28.0 39.0 30.0
v 28.0 39.0 30.0
v 28.0 39.0 40.0
v 28.0 39.0 30.0
v 28.0 40.0 30.153417587280273
v 28.0 40.0 40.0
v 28.0 41.0 30.441089630126953
v 28.0 41.0 40.0
v 27.851991653442383 42.0 31.0
v 28.0 42.0 30.813796997070312
v 28.0 42.0 40.0
v 28.0 42.13010025024414 31.0
v 28.0 42.50508117675781 32.0
v 28.0 43.0 33.0
v 28.0 43.0 40.0
v 28.0 43.0 33.0
v 28.0 44.0 34.0
v 28.0 44.0 40.0
v 28.0 44.0 34.0
v 28.0 45.0 35.0
v 28.0 45.0 35.0
v 28.0 45.0 40.0
v 28.0 45.0 35.0
v 28.0 45.0 36.0
v 28.0 46.0 37.0
v 28.0 46.0 40.0
v 28.0 46.0 37.0
v 28.0 46.0 38.0
v 28.0 47.0 39.0
v 28.0 47.0 40.0
v 28.0 47.0 39.0
v 28.0 47.0 40.0
v 29.0 22.0 39.0
v 29.0 22.0 39.0
v 29.0 22.0 40.0
v 29.0 22.0 40.0
v 29.0 23.0 37.0
v 29.0 23.0 37.0
v 29.0 23.0 38.0
v 29.0 23.0 40.0
v 29.0 24.0 35.0
v 29.0 24.0 35.0
v 29.0 24.0 36.0
v 29.0 24.0 40.0
v 29.0 25.0 33.0
v 29.0 25.0 33.0
v 29.0 25.0 33.0
v 29.0 25.0 34.0
v 29.0 25.0 40.0
v 29.0 26.0 32.0
v 29.0 26.0 32.0
v 29.0 26.0 32.0
v 29.0 26.0 40.0
v 29.0 26.14994239807129 31.0
v 29.0 27.0 30.441089630126953
v 29.0 27.0 40.0
v 29.0 28.0 30.161930084228516
v 29.0 28.0 40.0
v 29.0 29.0 30.0
v 29.0 29.0 30.0
v 29.0 29.0 30.0
v 29.0 29.0 40.0
v 29.0 30.0 30.0
v 29.0 30.0 40.0
v 29.0 30.0 30.0
v 28.0 31.0 30.0
v 29.0 30.552318572998047 31.0
v 28.680139541625977 31.0 31.0
v 29.0 30.552318572998047 32.0
v 28.695497512817383 31.0 32.0
v 29.0 30.265342712402344 33.0
v 28.265342712402344 31.0 33.0
v 29.0 30.0 34.0
v 28.0 31.0 34.0
v 29.0 30.0 35.0
v 28.0 31.0 35.0
v 29.0 30.0 36.0
v 28.0 31.0 36.0
v 29.0 30.0 37.0
v 28.0 31.0 37.0
v 29.0 30.0 38.0
v 28.0 31.0 38.0
v 29.0 30.0 39.0
v 28.0 31.0 39.0
v 29.0 30.0 40.0
v 28.0 31.0 40.0
v 28.0 32.0 30.0
v 28.19740867614746 32.0 31.0
v 28.19740867614746 32.0 32.0
v 28.113632202148438 32.0 33.0
v 28.0 32.0 34.0
v 28.0 32.0 35.0
v 28.0 32.0 36.0
v 28.0 32.0 37.0
v 28.0 32.0 38.0
v 28.0 32.0 39.0
v 28.0 32.0 40.0
v 28.0 37.0 30.0
v 28.19740867614746 37.0 31.0
v 28.19740867614746 37.0 32.0
v 28.113632202148438 37.0 33.0
v 28.0 37.0 34.0
v 28.0 37.0 35.0
v 28.0 37.0 36.0
v 28.0 37.0 37.0
v 28.0 37.0 38.0
v 28.0 37.0 39.0
v 28.0 37.0 40.0
v 28.0 38.0 30.0
v 28.680139541625977 38.0 31.0
v 28.695497512817383 38.0 32.0
v 28.265342712402344 38.0 33.0
v 28.0 38.0 34.0
v 28.0 38.0 35.0
v 28.0 38.0 36.0
v 28.0 38.0 37.0
v 28.0 38.0 38.0
v 28.0 38.0 39.0
v 28.0 38.0 40.0
v 29.0 39.0 30.0
v 29.0 39.0 30.0
v 29.0 38.44768142700195 31.0
v 29.0 38.44768142700195 32.0
v 29.0 38.734657287597656 33.0
v 29.0 39.0 34.0
v 29.0 39.0 35.0
v 29.0 39.0 36.0
v 29.0 39.0 37.0
v 29.0 39.0 38.0
v 29.0 39.0 39.0
v 29.0 39.0 40.0
v 29.0 39.0 40.0
v 29.0 40.0 30.0
v 29.0 40.0 30.0
v 29.0 40.0 40.0
v 29.0 40.0 30.0
v 29.0 41.0 30.161930084228516
v 29.0 41.0 40.0
v 29.0 42.0 30.441089630126953
v 29.0 42.0 40.0
v 29.0 42.85005569458008 31.0
v 29.0 43.0 32.0
v 29.0 43.0 32.0
v 29.0 43.0 40.0
v 29.0 43.0 32.0
v 29.0 44.0 33.0
v 29.0 44.0 33.0
v 29.0 44.0 40.0
v 29.0 44.0 33.0
v 29.0 44.0 34.0
v 29.0 45.0 35.0
v 29.0 45.0 40.0
v 29.0 45.0 35.0
v 29.0 45.0 36.0
v 29.0 46.0 37.0
v 29.0 46.0 40.0
v 29.0 46.0 37.0
v 29.0 46.0 38.0
v 29.0 47.0 39.0
v 29.0 47.0 40.0
v 29.0 47.0 39.0
v 29.0 47.0 40.0
v 30.0 22.0 39.0
v 30.0 22.0 39.0
v 30.0 22.0 40.0
v 30.0 22.0 40.0
v 30.0 23.0 37.0
v 30.0 23.0 37.0
v 30.0 23.0 38.0
v 30.0 23.0 40.0
v 30.0 24.0 35.0
v 30.0 24.0 35.0
v 30.0 24.0 36.0
v 30.0 24.0 40.0
v 30.0 25.0 33.0
v 30.0 25.0 33.0
v 30.0 25.0 34.0
v 30.0 25.0 40.0
v 29.194629669189453 26.0 31.0
v 30.0 25.543787002563477 31.0
v 30.0 26.0 30.519515991210938
v 30.0 25.526159286499023 32.0
v 30.0 26.0 40.0
v 30.0 27.0 30.386981964111328
v 30.0 27.0 40.0
v 30.0 28.0 30.0
v 30.0 28.0 30.0
v 30.0 28.0 30.0
v 30.0 28.0 40.0
v 30.0 29.0 30.0
v 30.0 29.0 40.0
v 30.0 29.0 30.0
v 29.0 30.0 30.0
v 30.0 29.43682098388672 31.0
v 29.43682098388672 30.0 31.0
v 30.0 29.43682098388672 32.0
v 29.43682098388672 30.0 32.0
v 30.0 29.18505096435547 33.0
v 29.18505096435547 30.0 33.0
v 30.0 29.0 34.0
v 29.0 30.0 34.0
v 30.0 29.0 35.0
v 29.0 30.0 35.0
v 30.0 29.0 36.0
v 29.0 30.0 36.0
v 30.0 29.0 37.0
v 29.0 30.0 37.0
v 30.0 29.0 38.0
v 29.0 30.0 38.0
v 30.0 29.0 39.0
v 29.0 30.0 39.0
v 30.0 29.0 40.0
v 29.0 30.0 40.0
v 29.0 39.0 30.0
v 29.43682098388672 39.0 31.0
v 29.43682098388672 39.0 32.0
v 29.18505096435547 39.0 33.0
v 29.0 39.0 34.0
v 29.0 39.0 35.0
v 29.0 39.0 36.0
v 29.0 39.0 37.0
v 29.0 39.0 38.0
v 29.0 39.0 39.0
v 29.0 39.0 40.0
v 30.0 40.0 30.0
v 30.0 40.0 30.0
v 30.0 39.56317901611328 31.0
v 30.0 39.56317901611328 32.0
v 30.0 39.81494903564453 33.0
v 30.0 40.0 34.0
v 30.0 40.0 35.0
v 30.0 40.0 36.0
v 30.0 40.0 37.0
v 30.0 40.0 38.0
v 30.0 40.0 39.0
v 30.0 40.0 40.0
v 30.0 40.0 40.0
v 30.0 41.0 30.0
v 30.0 41.0 30.0
v 30.0 41.0 40.0
v 30.0 41.0 30.0
v 30.0 42.0 30.386981964111328
v 30.0 42.0 40.0
v 29.194629669189453 43.0 31.0
v 30.0 43.0 30.519515991210938
v 30.0 43.0 40.0
v 30.0 43.456214904785156 31.0
v 30.0 43.473838806152344 32.0
v 30.0 44.0 33.0
v 30.0 44.0 40.0
v 30.0 44.0 33.0
v 30.0 44.0 34.0
v 30.0 45.0 35.0
v 30.0 45.0 40.0
v 30.0 45.0 35.0
v 30.0 45.0 36.0
v 30.0 46.0 37.0
v 30.0 46.0 40.0
v 30.0 46.0 37.0
v 30.0 46.0 38.0
v 30.0 47.0 39.0
v 30.0 47.0 40.0
v 30.0 47.0 39.0
v 30.0 47.0 40.0
v 31.0 22.0 39.0
v 31.0 22.0 39.0
v 31.0 22.0 40.0
v 31.0 22.0 40.0
v 31.0 23.0 37.0
v 31.0 23.0 37.0
v 31.0 23.0 38.0
v 31.0 23.0 40.0
v 31.0 24.0 35.0
v 31.0 24.0 35.0
v 31.0 24.0 36.0
v 31.0 24.0 40.0
v 31.0 25.0 33.0
v 31.0 25.0 33.0
v 31.0 25.0 34.0
v 31.0 25.0 40.0
v 31.0 25.14994239807129 31.0
v 31.0 26.0 30.441089630126953
v 31.0 25.105798721313477 32.0
v 31.0 26.0 40.0
v 31.0 27.0 30.0
v 31.0 27.0 30.0
v 31.0 27.0 30.0
v 31.0 27.0 40.0
v 31.0 28.0 30.0
v 31.0 28.0 40.0
v 31.0 28.0 30.0
v 30.0 29.0 30.0
v 31.0 28.680139541625977 31.0
v 30.552318572998047 29.0 31.0
v 31.0 28.695497512817383 32.0
v 30.552318572998047 29.0 32.0
v 31.0 28.265342712402344 33.0
v 30.265342712402344 29.0 33.0
v 31.0 28.0 34.0
v 30.0 29.0 34.0
v 31.0 28.0 35.0
v 30.0 29.0 35.0
v 31.0 28.0 36.0
v 30.0 29.0 36.0
v 31.0 28.0 37.0
v 30.0 29.0 37.0
v 31.0 28.0 38.0
v 30.0 29.0 38.0
v 31.0 28.0 39.0
v 30.0 29.0 39.0
v 31.0 28.0 40.0
v 30.0 29.0 40.0
v 30.0 40.0 30.0
v 30.552318572998047 40.0 31.0
v 30.552318572998047 40.0 32.0
v 30.265342712402344 40.0 33.0
v 30.0 40.0 34.0
v 30.0 40.0 35.0
v 30.0 40.0 36.0
v 30.0 40.0 37.0
v 30.0 40.0 38.0
v 30.0 40.0 39.0
v 30.0 40.0 40.0
v 31.0 41.0 30.0
v 31.0 41.0 30.0
v 31.0 40.319862365722656 31.0
v 31.0 40.304500579833984 32.0
v 31.0 40.734657287597656 33.0
v 31.0 41.0 34.0
v 31.0 41.0 35.0
v 31.0 41.0 36.0
v 31.0 41.0 37.0
v 31.0 41.0 38.0
v 31.0 41.0 39.0
v 31.0 41.0 40.0
v 31.0 41.0 40.0
v 31.0 42.0 30.0
v 31.0 42.0 30.0
v 31.0 42.0 40.0
v 31.0 42.0 30.0
v 31.0 43.0 30.441089630126953
v 31.0 43.0 40.0
v 31.0 43.85005569458008 31.0
v 31.0 43.894203186035156 32.0
v 31.0 44.0 33.0
v 31.0 44.0 40.0
v 31.0 44.0 33.0
v 31.0 44.0 34.0
v 31.0 45.0 35.0
v 31.0 45.0 40.0
v 31.0 45.0 35.0
v 31.0 45.0 36.0
v 31.0 46.0 37.0
v 31.0 46.0 40.0
v 31.0 46.0 37.0
v 31.0 46.0 38.0
v 31.0 47.0 39.0
v 31.0 47.0 40.0
v 31.0 47.0 39.0
v 31.0 47.0 40.0
v 32.0 22.0 39.0
v 32.0 22.0 39.0
v 32.0 22.0 40.0
v 32.0 22.0 40.0
v 32.0 23.0 37.0
v 32.0 23.0 37.0
v 32.0 23.0 38.0
v 32.0 23.0 40.0
v 32.0 24.0 35.0
v 32.0 24.0 35.0
v 32.0 24.0 36.0
v 32.0 24.0 40.0
v 31.3277645111084 25.0 31.0
v 32.0 24.791563034057617 31.0
v 32.0 25.0 30.685678482055664
v 31.3277645111084 25.0 32.0
v 32.0 24.791563034057617 32.0
v 32.0 24.88932228088379 33.0
v 32.0 25.0 34.0
v 32.0 25.0 40.0
v 32.0 26.0 30.441089630126953
v 32.0 26.0 40.0
v 32.0 27.0 30.0
v 32.0 27.0 30.0
v 32.0 27.0 40.0
v 32.0 28.0 30.0
v 32.0 28.0 40.0
v 32.0 28.0 30.0
v 32.0 28.19740867614746 31.0
v 32.0 28.19740867614746 32.0
v 32.0 28.113632202148438 33.0
v 32.0 28.0 34.0
v 32.0 28.0 35.0
v 32.0 28.0 36.0
v 32.0 28.0 37.0
v 32.0 28.0 38.0
v 32.0 28.0 39.0
v 32.0 28.0 40.0
v 32.0 41.0 30.0
v 32.0 41.0 30.0
v 32.0 40.80259323120117 31.0
v 32.0 40.80259323120117 32.0
v 32.0 40.88636779785156 33.0
v 32.0 41.0 34.0
v 32.0 41.0 35.0
v 32.0 41.0 36.0
v 32.0 41.0 37.0
v 32.0 41.0 38.0
v 32.0 41.0 39.0
v 32.0 41.0 40.0
v 32.0 41.0 40.0
v 32.0 42.0 30.0
v 32.0 42.0 40.0
v 32.0 42.0 30.0
v 32.0 43.0 30.441089630126953
v 32.0 43.0 40.0
v 31.3277645111084 44.0 31.0
v 32.0 44.0 30.685678482055664
v 31.3277645111084 44.0 32.0
v 32.0 44.0 40.0
v 32.0 44.208438873291016 31.0
v 32.0 44.208438873291016 32.0
v 32.0 44.11067581176758 33.0
v 32.0 44.0 34.0
v 32.0 45.0 35.0
v 32.0 45.0 40.0
v 32.0 45.0 35.0
v 32.0 45.0 36.0
v 32.0 46.0 37.0
v 32.0 46.0 40.0
v 32.0 46.0 37.0
v 32.0 46.0 38.0
v 32.0 47.0 39.0
v 32.0 47.0 40.0
v 32.0 47.0 39.0
v 32.0 47.0 40.0
v 33.0 22.0 39.0
v 33.0 22.0 39.0
v 33.0 22.0 40.0
v 33.0 22.0 40.0
v 33.0 23.0 37.0
v 33.0 23.0 37.0
v 33.0 23.0 38.0
v 33.0 23.0 40.0
v 33.0 24.0 35.0
v 33.0 24.0 35.0
v 33.0 24.0 36.0
v 33.0 24.0 40.0
v 33.0 24.58747673034668 31.0
v 33.0 25.0 30.519515991210938
v 33.0 24.58747673034668 32.0
v 33.0 24.859540939331055 33.0
v 33.0 25.0 34.0
v 33.0 25.0 40.0
v 33.0 26.0 30.337890625
v 33.0 26.0 40.0
v 33.0 27.0 30.0
v 33.0 27.0 30.0
v 33.0 27.0 40.0
v 33.0 27.0 30.0
v 32.0 28.0 30.0
v 33.0 27.834033966064453 31.0
v 32.620880126953125 28.0 31.0
v 33.0 27.88624382019043 32.0
v 32.620880126953125 28.0 32.0
v 33.0 27.460506439208984 33.0
v 32.460506439208984 28.0 33.0
v 33.0 27.0 34.0
v 32.0 28.0 34.0
v 33.0 27.0 35.0
v 32.0 28.0 35.0
v 33.0 27.0 36.0
v 32.0 28.0 36.0
v 33.0 27.0 37.0
v 32.0 28.0 37.0
v 33.0 27.0 38.0
v 32.0 28.0 38.0
v 33.0 27.0 39.0
v 32.0 28.0 39.0
v 33.0 27.0 40.0
v 32.0 28.0 40.0
v 32.0 41.0 30.0
v 32.620880126953125 41.0 31.0
v 32.620880126953125 41.0 32.0
v 32.460506439208984 41.0 33.0
v 32.0 41.0 34.0
v 32.0 41.0 35.0
v 32.0 41.0 36.0
v 32.0 41.0 37.0
v 32.0 41.0 38.0
v 32.0 41.0 39.0
v 32.0 41.0 40.0
v 33.0 42.0 30.0
v 33.0 42.0 30.0
v 33.0 41.16596603393555 31.0
v 33.0 41.1137580871582 32.0
v 33.0 41.539493560791016 33.0
v 33.0 42.0 34.0
v 33.0 42.0 35.0
v 33.0 42.0 36.0
v 33.0 42.0 37.0
v 33.0 42.0 38.0
v 33.0 42.0 39.0
v 33.0 42.0 40.0
v 33.0 42.0 40.0
v 33.0 42.0 30.0
v 33.0 43.0 30.337890625
v 33.0 43.0 40.0
v 33.0 44.0 30.519515991210938
v 33.0 44.0 40.0
v 33.0 44.41252517700195 31.0
v 33.0 44.41252517700195 32.0
v 33.0 44.14046096801758 33.0
v 33.0 44.0 34.0
v 33.0 45.0 35.0
v 33.0 45.0 40.0
v 33.0 45.0 35.0
v 33.0 45.0 36.0
v 33.0 46.0 37.0
v 33.0 46.0 40.0
v 33.0 46.0 37.0
v 33.0 46.0 38.0
v 33.0 47.0 39.0
v 33.0 47.0 40.0
v 33.0 47.0 39.0
v 33.0 47.0 40.0
v 34.0 22.0 39.0
v 34.0 22.0 39.0
v 34.0 22.0 40.0
v 34.0 22.0 40.0
v 34.0 23.0 37.0
v 34.0 23.0 37.0
v 34.0 23.0 38.0
v 34.0 23.0 40.0
v 34.0 24.0 35.0
v 34.0 24.0 35.0
v 34.0 24.0 36.0
v 34.0 24.0 40.0
v 34.0 24.194866180419922 31.0
v 34.0 25.0 30.194866180419922
v 34.0 24.194866180419922 32.0
v 34.0 24.836652755737305 33.0
v 34.0 25.0 34.0
v 34.0 25.0 40.0
v 34.0 26.0 30.181621551513672
v 34.0 26.0 40.0
v 34.0 27.0 30.0
v 34.0 27.0 30.0
v 34.0 27.0 40.0
v 34.0 27.0 30.0
v 34.0 27.680139541625977 31.0
v 34.0 27.736478805541992 32.0
v 34.0 27.265342712402344 33.0
v 34.0 27.0 34.0
v 34.0 27.0 35.0
v 34.0 27.0 36.0
v 34.0 27.0 37.0
v 34.0 27.0 38.0
v 34.0 27.0 39.0
v 34.0 27.0 40.0
v 34.0 42.0 30.0
v 34.0 42.0 30.0
v 34.0 41.319862365722656 31.0
v 34.0 41.26352310180664 32.0
v 34.0 41.734657287597656 33.0
v 34.0 42.0 34.0
v 34.0 42.0 35.0
v 34.0 42.0 36.0
v 34.0 42.0 37.0
v 34.0 42.0 38.0
v 34.0 42.0 39.0
v 34.0 42.0 40.0
v 34.0 42.0 40.0
v 34.0 42.0 30.0
v 34.0 43.0 30.181621551513672
v 34.0 43.0 40.0
v 34.0 44.0 30.194866180419922
v 34.0 44.0 40.0
v 34.0 44.80513381958008 31.0
v 34.0 44.80513381958008 32.0
v 34.0 44.16334533691406 33.0
v 34.0 44.0 34.0
v 34.0 45.0 35.0
v 34.0 45.0 40.0
v 34.0 45.0 35.0
v 34.0 45.0 36.0
v 34.0 46.0 37.0
v 34.0 46.0 40.0
v 34.0 46.0 37.0
v 34.0 46.0 38.0
v 34.0 47.0 39.0
v 34.0 47.0 40.0
v 34.0 47.0 39.0
v 34.0 47.0 40.0
v 35.0 22.0 39.0
v 35.0 22.0 39.0
v 35.0 22.0 40.0
v 35.0 22.0 40.0
v 35.0 23.0 37.0
v 35.0 23.0 37.0
v 35.0 23.0 38.0
v 35.0 23.0 40.0
v 35.0 24.0 35.0
v 35.0 24.0 35.0
v 35.0 24.0 36.0
v 35.0 24.0 40.0
v 35.0 24.194866180419922 31.0
v 35.0 25.0 30.194866180419922
v 35.0 24.194866180419922 32.0
v 35.0 24.836652755737305 33.0
v 35.0 25.0 34.0
v 35.0 25.0 40.0
v 35.0 26.0 30.181621551513672
v 35.0 26.0 40.0
v 35.0 27.0 30.0
v 35.0 27.0 30.0
v 35.0 27.0 40.0
v 35.0 27.0 30.0
v 35.0 27.680139541625977 31.0
v 35.0 27.736478805541992 32.0
v 35.0 27.265342712402344 33.0
v 35.0 27.0 34.0
v 35.0 27.0 35.0
v 35.0 27.0 36.0
v 35.0 27.0 37.0
v 35.0 27.0 38.0
v 35.0 27.0 39.0
v 35.0 27.0 40.0
v 35.0 42.0 30.0
v 35.0 42.0 30.0
v 35.0 41.319862365722656 31.0
v 35.0 41.26352310180664 32.0
v 35.0 41.734657287597656 33.0
v 35.0 42.0 34.0
v 35.0 42.0 35.0
v 35.0 42.0 36.0
v 35.0 42.0 37.0
v 35.0 42.0 38.0
v 35.0 42.0 39.0
v 35.0 42.0 40.0
v 35.0 42.0 40.0
v 35.0 42.0 30.0
v 35.0 43.0 30.181621551513672
v 35.0 43.0 40.0
v 35.0 44.0 30.194866180419922
v 35.0 44.0 40.0
v 35.0 44.80513381958008 31.0
v 35.0 44.80513381958008 32.0
v 35.0 44.16334533691406 33.0
v 35.0 44.0 34.0
v 35.0 45.0 35.0
v 35.0 45.0 40.0
v 35.0 45.0 35.0
v 35.0 45.0 36.0
v 35.0 46.0 37.0
v 35.0 46.0 40.0
v 35.0 46.0 37.0
v 35.0 46.0 38.0
v 35.0 47.0 39.0
v 35.0 47.0 40.0
v 35.0 47.0 39.0
v 35.0 47.0 40.0
v 36.0 22.0 39.0
v 36.0 22.0 39.0
v 36.0 22.0 40.0
v 36.0 22.0 40.0
v 36.0 23.0 37.0
v 36.0 23.0 37.0
v 36.0 23.0 38.0
v 36.0 23.0 40.0
v 36.0 24.0 35.0
v 36.0 24.0 35.0
v 36.0 24.0 36.0
v 36.0 24.0 40.0
v 36.0 24.58747673034668 31.0
v 36.0 25.0 30.519515991210938
v 36.0 24.58747673034668 32.0
v 36.0 24.859540939331055 33.0
v 36.0 25.0 34.0
v 36.0 25.0 40.0
v 36.0 26.0 30.337890625
v 36.0 26.0 40.0
v 36.0 27.0 30.0
v 36.0 27.0 30.0
v 36.0 27.0 40.0
v 36.0 27.0 30.0
v 36.0 27.834033966064453 31.0
v 36.0 27.88624382019043 32.0
v 36.0 27.460506439208984 33.0
v 36.0 27.0 34.0
v 36.0 27.0 35.0
v 36.0 27.0 36.0
v 36.0 27.0 37.0
v 36.0 27.0 38.0
v 36.0 27.0 39.0
v 36.0 27.0 40.0
v 36.0 42.0 30.0
v 36.0 42.0 30.0
v 36.0 41.16596603393555 31.0
v 36.0 41.1137580871582 32.0
v 36.0 41.539493560791016 33.0
v 36.0 42.0 34.0
v 36.0 42.0 35.0
v 36.0 42.0 36.0
v 36.0 42.0 37.0
v 36.0 42.0 38.0
v 36.0 42.0 39.0
v 36.0 42.0 40.0
v 36.0 42.0 40.0
v 36.0 42.0 30.0
v 36.0 43.0 30.337890625
v 36.0 43.0 40.0
v 36.0 44.0 30.519515991210938
v 36.0 44.0 40.0
v 36.0 44.41252517700195 31.0
v 36.0 44.41252517700195 32.0
v 36.0 44.14046096801758 33.0
v 36.0 44.0 34.0
v 36.0 45.0 35.0
v 36.0 45.0 40.0
v 36.0 45.0 35.0
v 36.0 45.0 36.0
v 36.0 46.0 37.0
v 36.0 46.0 40.0
v 36.0 46.0 37.0
v 36.0 46.0 38.0
v 36.0 47.0 39.0
v 36.0 47.0 40.0
v 36.0 47.0 39.0
v 36.0 47.0 40.0
v 37.0 22.0 39.0
v 37.0 22.0 39.0
v 37.0 22.0 40.0
v 37.0 22.0 40.0
v 37.0 23.0 37.0
v 37.0 23.0 37.0
v 37.0 23.0 38.0
v 37.0 23.0 40.0
v 37.0 24.0 35.0
v 37.0 24.0 35.0
v 37.0 24.0 36.0
v 37.0 24.0 40.0
v 37.0 24.791563034057617 31.0
v 37.0 25.0 30.685678482055664
v 37.0 24.791563034057617 32.0
v 37.0 24.88932228088379 33.0
v 37.0 25.0 34.0
v 37.0 25.0 40.0
v 37.0 26.0 30.441089630126953
v 37.0 26.0 40.0
v 37.0 27.0 30.0
v 37.0 27.0 30.0
v 37.0 27.0 40.0
v 37.0 28.0 30.0
v 37.0 28.0 30.0
v 36.379119873046875 28.0 31.0
v 36.379119873046875 28.0 32.0
v 36.539493560791016 28.0 33.0
v 37.0 28.0 34.0
v 37.0 28.0 35.0
v 37.0 28.0 36.0
v 37.0 28.0 37.0
v 37.0 28.0 38.0
v 37.0 28.0 39.0
v 37.0 28.0 40.0
v 37.0 28.0 40.0
v 37.0 28.0 30.0
v 37.0 28.19740867614746 31.0
v 37.0 28.19740867614746 32.0
v 37.0 28.113632202148438 33.0
v 37.0 28.0 34.0
v 37.0 28.0 35.0
v 37.0 28.0 36.0
v 37.0 28.0 37.0
v 37.0 28.0 38.0
v 37.0 28.0 39.0
v 37.0 28.0 40.0
v 37.0 41.0 30.0
v 37.0 41.0 30.0
v 37.0 41.0 30.0
v 36.379119873046875 41.0 31.0
v 37.0 40.80259323120117 31.0
v 36.379119873046875 41.0 32.0
v 37.0 40.80259323120117 32.0
v 36.539493560791016 41.0 33.0
v 37.0 40.88636779785156 33.0
v 37.0 41.0 34.0
v 37.0 41.0 34.0
v 37.0 41.0 35.0
v 37.0 41.0 35.0
v 37.0 41.0 36.0
v 37.0 41.0 36.0
v 37.0 41.0 37.0
v 37.0 41.0 37.0
v 37.0 41.0 38.0
v 37.0 41.0 38.0
v 37.0 41.0 39.0
v 37.0 41.0 39.0
v 37.0 41.0 40.0
v 37.0 41.0 40.0
v 37.0 41.0 40.0
v 37.0 42.0 30.0
v 37.0 42.0 40.0
v 37.0 42.0 30.0
v 37.0 43.0 30.441089630126953
v 37.0 43.0 40.0
v 37.0 44.0 30.685678482055664
v 37.0 44.0 40.0
v 37.0 44.208438873291016 31.0
v 37.0 44.208438873291016 32.0
v 37.0 44.11067581176758 33.0
v 37.0 44.0 34.0
v 37.0 45.0 35.0
v 37.0 45.0 40.0
v 37.0 45.0 35.0
v 37.0 45.0 36.0
v 37.0 46.0 37.0
v 37.0 46.0 40.0
v 37.0 46.0 37.0
v 37.0 46.0 38.0
v 37.0 47.0 39.0
v 37.0 47.0 40.0
v 37.0 47.0 39.0
v 37.0 47.0 40.0
v 38.0 22.0 39.0
v 38.0 22.0 39.0
v 38.0 22.0 40.0
v 38.0 22.0 40.0
v 38.0 23.0 37.0
v 38.0 23.0 37.0
v 38.0 23.0 38.0
v 38.0 23.0 40.0
v 38.0 24.0 35.0
v 38.0 24.0 35.0
v 38.0 24.0 36.0
v 38.0 24.0 40.0
v 37.67223358154297 25.0 31.0
v 37.67223358154297 25.0 32.0
v 38.0 25.0 33.0
v 38.0 25.0 33.0
v 38.0 25.0 34.0
v 38.0 25.0 40.0
v 38.0 25.14994239807129 31.0
v 38.0 26.0 30.441089630126953
v 38.0 25.105798721313477 32.0
v 38.0 26.0 40.0
v 38.0 27.0 30.0
v 38.0 27.0 30.0
v 38.0 27.0 40.0
v 38.0 28.0 30.0
v 38.0 28.0 40.0
v 38.0 28.0 30.0
v 38.0 28.680139541625977 31.0
v 38.0 28.695497512817383 32.0
v 38.0 28.265342712402344 33.0
v 38.0 28.0 34.0
v 38.0 28.0 35.0
v 38.0 28.0 36.0
v 38.0 28.0 37.0
v 38.0 28.0 38.0
v 38.0 28.0 39.0
v 38.0 28.0 40.0
v 38.0 41.0 30.0
v 38.0 41.0 30.0
v 38.0 40.319862365722656 31.0
v 38.0 40.304500579833984 32.0
v 38.0 40.734657287597656 33.0
v 38.0 41.0 34.0
v 38.0 41.0 35.0
v 38.0 41.0 36.0
v 38.0 41.0 37.0
v 38.0 41.0 38.0
v 38.0 41.0 39.0
v 38.0 41.0 40.0
v 38.0 41.0 40.0
v 38.0 42.0 30.0
v 38.0 42.0 40.0
v 38.0 42.0 30.0
v 38.0 43.0 30.441089630126953
v 38.0 43.0 40.0
v 38.0 43.85005569458008 31.0
v 37.67223358154297 44.0 31.0
v 38.0 43.894203186035156 32.0
v 37.67223358154297 44.0 32.0
v 38.0 44.0 33.0
v 38.0 44.0 40.0
v 38.0 44.0 33.0
v 38.0 44.0 34.0
v 38.0 45.0 35.0
v 38.0 45.0 40.0
v 38.0 45.0 35.0
v 38.0 45.0 36.0
v 38.0 46.0 37.0
v 38.0 46.0 40.0
v 38.0 46.0 37.0
v 38.0 46.0 38.0
v 38.0 47.0 39.0
v 38.0 47.0 40.0
v 38.0 47.0 39.0
v 38.0 47.0 40.0
v 39.0 22.0 39.0
v 39.0 22.0 39.0
v 39.0 22.0 40.0
v 39.0 22.0 40.0
v 39.0 23.0 37.0
v 39.0 23.0 37.0
v 39.0 23.0 38.0
v 39.0 23.0 40.0
v 39.0 24.0 35.0
v 39.0 24.0 35.0
v 39.0 24.0 36.0
v 39.0 24.0 40.0
v 39.0 25.0 33.0
v 39.0 25.0 33.0
v 39.0 25.0 34.0
v 39.0 25.0 40.0
v 39.0 25.543787002563477 31.0
v 39.0 26.0 30.519515991210938
v 39.0 25.526159286499023 32.0
v 39.0 26.0 40.0
v 38.0 27.0 30.0
v 39.0 27.0 30.386981964111328
v 39.0 27.0 40.0
v 39.0 28.0 30.0
v 39.0 28.0 30.0
v 39.0 28.0 40.0
v 39.0 29.0 30.0
v 39.0 29.0 30.0
v 38.44768142700195 29.0 31.0
v 38.44768142700195 29.0 32.0
v 38.734657287597656 29.0 33.0
v 39.0 29.0 34.0
v 39.0 29.0 35.0
v 39.0 29.0 36.0
v 39.0 29.0 37.0
v 39.0 29.0 38.0
v 39.0 29.0 39.0
v 39.0 29.0 40.0
v 39.0 29.0 40.0
v 39.0 29.0 30.0
v 39.0 29.43682098388672 31.0
v 39.0 29.43682098388672 32.0
v 39.0 29.18505096435547 33.0
v 39.0 29.0 34.0
v 39.0 29.0 35.0
v 39.0 29.0 36.0
v 39.0 29.0 37.0
v 39.0 29.0 38.0
v 39.0 29.0 39.0
v 39.0 29.0 40.0
v 39.0 40.0 30.0
v 39.0 40.0 30.0
v 39.0 40.0 30.0
v 38.44768142700195 40.0 31.0
v 39.0 39.56317901611328 31.0
v 38.44768142700195 40.0 32.0
v 39.0 39.56317901611328 32.0
v 38.734657287597656 40.0 33.0
v 39.0 39.81494903564453 33.0
v 39.0 40.0 34.0
v 39.0 40.0 34.0
v 39.0 40.0 35.0
v 39.0 40.0 35.0
v 39.0 40.0 36.0
v 39.0 40.0 36.0
v 39.0 40.0 37.0
v 39.0 40.0 37.0
v 39.0 40.0 38.0
v 39.0 40.0 38.0
v 39.0 40.0 39.0
v 39.0 40.0 39.0
v 39.0 40.0 40.0
v 39.0 40.0 40.0
v 39.0 40.0 40.0
v 39.0 41.0 30.0
v 39.0 41.0 40.0
v 39.0 41.0 30.0
v 38.0 42.0 30.0
v 39.0 42.0 30.386981964111328
v 39.0 42.0 40.0
v 39.0 43.0 30.519515991210938
v 39.0 43.0 40.0
v 39.0 43.456214904785156 31.0
v 39.0 43.473838806152344 32.0
v 39.0 44.0 33.0
v 39.0 44.0 40.0
v 39.0 44.0 33.0
v 39.0 44.0 34.0
v 39.0 45.0 35.0
v 39.0 45.0 40.0
v 39.0 45.0 35.0
v 39.0 45.0 36.0
v 39.0 46.0 37.0
v 39.0 46.0 40.0
v 39.0 46.0 37.0
v 39.0 46.0 38.0
v 39.0 47.0 39.0
v 39.0 47.0 40.0
v 39.0 47.0 39.0
v 39.0 47.0 40.0
v 40.0 22.0 39.0
v 40.0 22.0 39.0
v 40.0 22.0 40.0
v 40.0 22.0 40.0
v 40.0 23.0 37.0
v 40.0 23.0 37.0
v 40.0 23.0 38.0
v 40.0 23.0 40.0
v 40.0 24.0 35.0
v 40.0 24.0 35.0
v 40.0 24.0 36.0
v 40.0 24.0 40.0
v 40.0 25.0 33.0
v 40.0 25.0 33.0
v 40.0 25.0 34.0
v 40.0 25.0 40.0
v 39.80537033081055 26.0 31.0
v 40.0 26.0 32.0
v 40.0 26.0 32.0
v 40.0 26.0 40.0
v 40.0 26.14994239807129 31.0
v 40.0 27.0 30.441089630126953
v 40.0 27.0 40.0
v 39.0 28.0 30.0
v 40.0 28.0 30.161930084228516
v 40.0 28.0 40.0
v 40.0 29.0 30.0
v 40.0 29.0 30.0
v 40.0 29.0 40.0
v 40.0 30.0 30.0
v 40.0 30.0 30.0
v 39.56317901611328 30.0 31.0
v 39.56317901611328 30.0 32.0
v 39.81494903564453 30.0 33.0
v 40.0 30.0 34.0
v 40.0 30.0 35.0
v 40.0 30.0 36.0
v 40.0 30.0 37.0
v 40.0 30.0 38.0
v 40.0 30.0 39.0
v 40.0 30.0 40.0
v 40.0 30.0 40.0
v 40.0 30.0 30.0
v 40.0 30.552318572998047 31.0
v 40.0 30.552318572998047 32.0
v 40.0 30.265342712402344 33.0
v 40.0 30.0 34.0
v 40.0 30.0 35.0
v 40.0 30.0 36.0
v 40.0 30.0 37.0
v 40.0 30.0 38.0
v 40.0 30.0 39.0
v 40.0 30.0 40.0
v 40.0 39.0 30.0
v 40.0 39.0 30.0
v 40.0 39.0 30.0
v 39.56317901611328 39.0 31.0
v 40.0 38.44768142700195 31.0
v 39.56317901611328 39.0 32.0
v 40.0 38.44768142700195 32.0
v 39.81494903564453 39.0 33.0
v 40.0 38.734657287597656 33.0
v 40.0 39.0 34.0
v 40.0 39.0 34.0
v 40.0 39.0 35.0
v 40.0 39.0 35.0
v 40.0 39.0 36.0
v 40.0 39.0 36.0
v 40.0 39.0 37.0
v 40.0 39.0 37.0
v 40.0 39.0 38.0
v 40.0 39.0 38.0
v 40.0 39.0 39.0
v 40.0 39.0 39.0
v 40.0 39.0 40.0
v 40.0 39.0 40.0
v 40.0 39.0 40.0
v 40.0 40.0 30.0
v 40.0 40.0 40.0
v 40.0 40.0 30.0
v 39.0 41.0 30.0
v 40.0 41.0 30.161930084228516
v 40.0 41.0 40.0
v 40.0 42.0 30.441089630126953
v 40.0 42.0 40.0
v 40.0 42.85005569458008 31.0
v 39.80537033081055 43.0 31.0
v 40.0 43.0 32.0
v 40.0 43.0 40.0
v 40.0 43.0 32.0
v 40.0 44.0 33.0
v 40.0 44.0 40.0
v 40.0 44.0 33.0
v 40.0 44.0 34.0
v 40.0 45.0 35.0
v 40.0 45.0 40.0
v 40.0 45.0 35.0
v 40.0 45.0 36.0
v 40.0 46.0 37.0
v 40.0 46.0 40.0
v 40.0 46.0 37.0
v 40.0 46.0 38.0
v 40.0 47.0 39.0
v 40.0 47.0 40.0
v 40.0 47.0 39.0
v 40.0 47.0 40.0
v 41.0 22.0 39.0
v 41.0 22.0 39.0
v 41.0 22.0 40.0
v 41.0 22.0 40.0
v 41.0 23.0 37.0
v 41.0 23.0 37.0
v 41.0 23.0 38.0
v 41.0 23.0 40.0
v 41.0 24.0 35.0
v 41.0 24.0 35.0
v 41.0 24.0 36.0
v 41.0 24.0 40.0
v 40.0 25.0 33.0
v 41.0 25.0 34.0
v 41.0 25.0 34.0
v 41.0 25.0 40.0
v 40.0 26.0 32.0
v 41.0 26.0 33.0
v 41.0 26.0 33.0
v 41.0 26.0 40.0
v 41.0 26.869901657104492 31.0
v 41.0 27.0 30.813796997070312
v 41.0 26.494918823242188 32.0
v 41.0 27.0 40.0
v 41.0 28.0 30.441089630126953
v 41.0 28.0 40.0
v 40.0 29.0 30.0
v 41.0 29.0 30.153417587280273
v 41.0 29.0 40.0
v 41.0 30.0 30.0
v 41.0 30.0 30.0
v 41.0 30.0 40.0
v 41.0 31.0 30.0
v 41.0 31.0 30.0
v 40.319862365722656 31.0 31.0
v 40.304500579833984 31.0 32.0
v 40.734657287597656 31.0 33.0
v 41.0 31.0 34.0
v 41.0 31.0 35.0
v 41.0 31.0 36.0
v 41.0 31.0 37.0
v 41.0 31.0 38.0
v 41.0 31.0 39.0
v 41.0 31.0 40.0
v 41.0 31.0 40.0
v 41.0 32.0 30.0
v 41.0 32.0 30.0
v 40.80259323120117 32.0 31.0
v 40.80259323120117 32.0 32.0
v 40.88636779785156 32.0 33.0
v 41.0 32.0 34.0
v 41.0 32.0 35.0
v 41.0 32.0 36.0
v 41.0 32.0 37.0
v 41.0 32.0 38.0
v 41.0 32.0 39.0
v 41.0 32.0 40.0
v 41.0 32.0 40.0
v 41.0 32.0 30.0
v 41.0 32.620880126953125 31.0
v 41.0 32.620880126953125 32.0
v 41.0 32.460506439208984 33.0
v 41.0 32.0 34.0
v 41.0 32.0 35.0
v 41.0 32.0 36.0
v 41.0 32.0 37.0
v 41.0 32.0 38.0
v 41.0 32.0 39.0
v 41.0 32.0 40.0
v 41.0 37.0 30.0
v 41.0 37.0 30.0
v 41.0 37.0 30.0
v 40.80259323120117 37.0 31.0
v 41.0 36.379119873046875 31.0
v 40.80259323120117 37.0 32.0
v 41.0 36.379119873046875 32.0
v 40.88636779785156 37.0 33.0
v 41.0 36.539493560791016 33.0
v 41.0 37.0 34.0
v 41.0 37.0 34.0
v 41.0 37.0 35.0
v 41.0 37.0 35.0
v 41.0 37.0 36.0
v 41.0 37.0 36.0
v 41.0 37.0 37.0
v 41.0 37.0 37.0
v 41.0 37.0 38.0
v 41.0 37.0 38.0
v 41.0 37.0 39.0
v 41.0 37.0 39.0
v 41.0 37.0 40.0
v 41.0 37.0 40.0
v 41.0 37.0 40.0
v 41.0 38.0 30.0
v 41.0 38.0 30.0
v 40.319862365722656 38.0 31.0
v 40.304500579833984 38.0 32.0
v 40.734657287597656 38.0 33.0
v 41.0 38.0 34.0
v 41.0 38.0 35.0
v 41.0 38.0 36.0
v 41.0 38.0 37.0
v 41.0 38.0 38.0
v 41.0 38.0 39.0
v 41.0 38.0 40.0
v 41.0 38.0 40.0
v 41.0 39.0 30.0
v 41.0 39.0 40.0
v 41.0 39.0 30.0
v 40.0 40.0 30.0
v 41.0 40.0 30.153417587280273
v 41.0 40.0 40.0
v 41.0 41.0 30.441089630126953
v 41.0 41.0 40.0
v 41.0 42.0 30.813796997070312
v 41.0 42.0 40.0
v 41.0 42.13010025024414 31.0
v 41.0 42.50508117675781 32.0
v 40.0 43.0 32.0
v 41.0 43.0 33.0
v 41.0 43.0 40.0
v 41.0 43.0 33.0
v 40.0 44.0 33.0
v 41.0 44.0 34.0
v 41.0 44.0 40.0
v 41.0 44.0 34.0
v 41.0 45.0 35.0
v 41.0 45.0 40.0
v 41.0 45.0 35.0
v 41.0 45.0 36.0
v 41.0 46.0 37.0
v 41.0 46.0 40.0
v 41.0 46.0 37.0
v 41.0 46.0 38.0
v 41.0 47.0 39.0
v 41.0 47.0 40.0
v 41.0 47.0 39.0
v 41.0 47.0 40.0
v 42.0 22.0 39.0
v 42.0 22.0 39.0
v 42.0 22.0 40.0
v 42.0 22.0 40.0
v 42.0 23.0 37.0
v 42.0 23.0 37.0
v 42.0 23.0 38.0
v 42.0 23.0 40.0
v 41.0 24.0 35.0
v 42.0 24.0 36.0
v 42.0 24.0 36.0
v 42.0 24.0 40.0
v 42.0 25.0 34.0
v 42.0 25.0 34.0
v 42.0 25.0 35.0
v 42.0 25.0 40.0
v 42.0 26.0 33.0
v 42.0 26.0 33.0
v 42.0 26.0 40.0
v 41.148006439208984 27.0 31.0
v 42.0 27.0 32.0
v 42.0 27.0 32.0
v 42.0 27.0 40.0
v 42.0 27.851991653442383 31.0
v 42.0 28.0 30.813796997070312
v 42.0 28.0 40.0
v 42.0 29.0 30.441089630126953
v 42.0 29.0 40.0
v 41.0 30.0 30.0
v 42.0 30.0 30.37354850769043
v 42.0 30.0 40.0
v 42.0 31.0 30.0
v 42.0 31.0 30.0
v 42.0 31.0 40.0
v 42.0 32.0 30.0
v 42.0 32.0 40.0
v 42.0 33.0 30.0
v 42.0 33.0 30.0
v 41.16596603393555 33.0 31.0
v 41.1137580871582 33.0 32.0
v 41.539493560791016 33.0 33.0
v 42.0 33.0 34.0
v 42.0 33.0 35.0
v 42.0 33.0 36.0
v 42.0 33.0 37.0
v 42.0 33.0 38.0
v 42.0 33.0 39.0
v 42.0 33.0 40.0
v 42.0 33.0 40.0
v 42.0 34.0 30.0
v 42.0 34.0 30.0
v 41.319862365722656 34.0 31.0
v 41.26352310180664 34.0 32.0
v 41.734657287597656 34.0 33.0
v 42.0 34.0 34.0
v 42.0 34.0 35.0
v 42.0 34.0 36.0
v 42.0 34.0 37.0
v 42.0 34.0 38.0
v 42.0 34.0 39.0
v 42.0 34.0 40.0
v 42.0 34.0 40.0
v 42.0 35.0 30.0
v 42.0 35.0 30.0
v 41.319862365722656 35.0 31.0
v 41.26352310180664 35.0 32.0
v 41.734657287597656 35.0 33.0
v 42.0 35.0 34.0
v 42.0 35.0 35.0
v 42.0 35.0 36.0
v 42.0 35.0 37.0
v 42.0 35.0 38.0
v 42.0 35.0 39.0
v 42.0 35.0 40.0
v 42.0 35.0 40.0
v 42.0 36.0 30.0
v 42.0 36.0 30.0
v 41.16596603393555 36.0 31.0
v 41.1137580871582 36.0 32.0
v 41.539493560791016 36.0 33.0
v 42.0 36.0 34.0
v 42.0 36.0 35.0
v 42.0 36.0 36.0
v 42.0 36.0 37.0
v 42.0 36.0 38.0
v 42.0 36.0 39.0
v 42.0 36.0 40.0
v 42.0 36.0 40.0
v 42.0 37.0 30.0
v 42.0 37.0 40.0
v 42.0 38.0 30.0
v 42.0 38.0 40.0
v 42.0 38.0 30.0
v 41.0 39.0 30.0
v 42.0 39.0 30.37354850769043
v 42.0 39.0 40.0
v 42.0 40.0 30.441089630126953
v 42.0 40.0 40.0
v 42.0 41.0 30.813796997070312
v 42.0 41.0 40.0
v 42.0 41.148006439208984 31.0
v 41.148006439208984 42.0 31.0
v 42.0 42.0 32.0
v 42.0 42.0 40.0
v 42.0 42.0 32.0
v 42.0 43.0 33.0
v 42.0 43.0 40.0
v 42.0 43.0 33.0
v 42.0 44.0 34.0
v 42.0 44.0 40.0
v 42.0 44.0 34.0
v 42.0 44.0 35.0
v 41.0 45.0 35.0
v 42.0 45.0 36.0
v 42.0 45.0 40.0
v 42.0 45.0 36.0
v 42.0 46.0 37.0
v 42.0 46.0 40.0
v 42.0 46.0 37.0
v 42.0 46.0 38.0
v 42.0 47.0 39.0
v 42.0 47.0 40.0
v 42.0 47.0 39.0
v 42.0 47.0 40.0
v 43.0 22.0 39.0
v 43.0 22.0 39.0
v 43.0 22.0 40.0
v 43.0 22.0 40.0
v 43.0 23.0 37.0
v 43.0 23.0 37.0
v 43.0 23.0 38.0
v 43.0 23.0 40.0
v 43.0 24.0 36.0
v 43.0 24.0 36.0
v 43.0 24.0 40.0
v 42.0 25.0 34.0
v 43.0 25.0 35.0
v 43.0 25.0 35.0
v 43.0 25.0 40.0
v 42.0 26.0 33.0
v 43.0 26.0 34.0
v 43.0 26.0 34.0
v 43.0 26.0 40.0
v 42.0 27.0 32.0
v 43.0 27.0 33.0
v 43.0 27.0 33.0
v 43.0 27.0 40.0
v 42.13010025024414 28.0 31.0
v 43.0 28.0 32.0
v 43.0 28.0 32.0
v 43.0 28.0 40.0
v 42.85005569458008 29.0 31.0
v 43.0 29.0 32.0
v 43.0 29.0 40.0
v 43.0 29.194629669189453 31.0
v 43.0 30.0 30.519515991210938
v 43.0 30.0 40.0
v 42.0 31.0 30.0
v 43.0 31.0 30.441089630126953
v 43.0 31.0 40.0
v 42.0 32.0 30.0
v 43.0 32.0 30.441089630126953
v 43.0 32.0 40.0
v 42.0 33.0 30.0
v 43.0 33.0 30.306499481201172
v 43.0 33.0 40.0
v 42.0 34.0 30.0
v 43.0 34.0 30.181621551513672
v 43.0 34.0 40.0
v 42.0 35.0 30.0
v 43.0 35.0 30.181621551513672
v 43.0 35.0 40.0
v 42.0 36.0 30.0
v 43.0 36.0 30.306499481201172
v 43.0 36.0 40.0
v 42.0 37.0 30.0
v 43.0 37.0 30.441089630126953
v 43.0 37.0 40.0
v 42.0 38.0 30.0
v 43.0 38.0 30.441089630126953
v 43.0 38.0 40.0
v 43.0 39.0 30.519515991210938
v 43.0 39.0 40.0
v 43.0 39.80537033081055 31.0
v 42.85005569458008 40.0 31.0
v 43.0 40.0 32.0
v 43.0 40.0 40.0
v 42.13010025024414 41.0 31.0
v 43.0 41.0 32.0
v 43.0 41.0 40.0
v 43.0 41.0 32.0
v 42.0 42.0 32.0
v 43.0 42.0 33.0
v 43.0 42.0 40.0
v 43.0 42.0 33.0
v 42.0 43.0 33.0
v 43.0 43.0 34.0
v 43.0 43.0 40.0
v 43.0 43.0 34.0
v 42.0 44.0 34.0
v 43.0 44.0 35.0
v 43.0 44.0 40.0
v 43.0 44.0 35.0
v 43.0 45.0 36.0
v 43.0 45.0 40.0
v 43.0 45.0 36.0
v 43.0 46.0 37.0
v 43.0 46.0 40.0
v 43.0 46.0 37.0
v 43.0 46.0 38.0
v 43.0 47.0 39.0
v 43.0 47.0 40.0
v 43.0 47.0 39.0
v 43.0 47.0 40.0
v 44.0 22.0 39.0
v 44.0 22.0 39.0
v 44.0 22.0 40.0
v 44.0 22.0 40.0
v 43.0 23.0 37.0
v 44.0 23.0 38.0
v 44.0 23.0 38.0
v 44.0 23.0 40.0
v 44.0 24.0 36.0
v 44.0 24.0 36.0
v 44.0 24.0 37.0
v 44.0 24.0 40.0
v 44.0 25.0 35.0
v 44.0 25.0 35.0
v 44.0 25.0 40.0
v 44.0 26.0 34.0
v 44.0 26.0 34.0
v 44.0 26.0 40.0
v 43.0 27.0 33.0
v 44.0 27.0 34.0
v 44.0 27.0 40.0
v 43.0 28.0 32.0
v 44.0 28.0 33.0
v 44.0 28.0 33.0
v 44.0 28.0 40.0
v 43.0 29.0 32.0
v 44.0 29.0 33.0
v 44.0 29.0 40.0
v 43.456214904785156 30.0 31.0
v 44.0 30.0 32.0
v 44.0 30.0 32.0
v 44.0 30.0 40.0
v 43.85005569458008 31.0 31.0
v 44.0 31.0 32.0
v 44.0 31.0 40.0
v 44.0 31.3277645111084 31.0
v 44.0 32.0 30.685678482055664
v 44.0 32.0 40.0
v 44.0 33.0 30.519515991210938
v 44.0 33.0 40.0
v 44.0 34.0 30.194866180419922
v 44.0 34.0 40.0
v 44.0 35.0 30.194866180419922
v 44.0 35.0 40.0
v 44.0 36.0 30.519515991210938
v 44.0 36.0 40.0
v 44.0 37.0 30.685678482055664
v 44.0 37.0 40.0
v 44.0 37.67223358154297 31.0
v 43.85005569458008 38.0 31.0
v 44.0 38.0 32.0
v 44.0 38.0 40.0
v 43.456214904785156 39.0 31.0
v 44.0 39.0 32.0
v 44.0 39.0 40.0
v 44.0 39.0 32.0
v 43.0 40.0 32.0
v 44.0 40.0 33.0
v 44.0 40.0 40.0
v 43.0 41.0 32.0
v 44.0 41.0 33.0
v 44.0 41.0 40.0
v 44.0 41.0 33.0
v 43.0 42.0 33.0
v 44.0 42.0 34.0
v 44.0 42.0 40.0
v 44.0 43.0 34.0
v 44.0 43.0 40.0
v 44.0 43.0 34.0
v 44.0 44.0 35.0
v 44.0 44.0 40.0
v 44.0 44.0 35.0
v 44.0 45.0 36.0
v 44.0 45.0 40.0
v 44.0 45.0 36.0
v 44.0 45.0 37.0
v 43.0 46.0 37.0
v 44.0 46.0 38.0
v 44.0 46.0 40.0
v 44.0 46.0 38.0
v 44.0 47.0 39.0
v 44.0 47.0 40.0
v 44.0 47.0 39.0
v 44.0 47.0 40.0
v 45.0 22.0 39.0
v 45.0 22.0 39.0
v 45.0 22.0 40.0
v 45.0 22.0 40.0
v 45.0 23.0 38.0
v 45.0 23.0 38.0
v 45.0 23.0 40.0
v 44.0 24.0 36.0
v 45.0 24.0 37.0
v 45.0 24.0 37.0
v 45.0 24.0 40.0
v 44.0 25.0 35.0
v 45.0 25.0 36.0
v 45.0 25.0 36.0
v 45.0 25.0 40.0
v 44.0 26.0 34.0
v 45.0 26.0 35.0
v 45.0 26.0 35.0
v 45.0 26.0 40.0
v 45.0 27.0 34.0
v 45.0 27.0 34.0
v 45.0 27.0 40.0
v 44.0 28.0 33.0
v 45.0 28.0 34.0
v 45.0 28.0 40.0
v 44.0 29.0 33.0
v 45.0 29.0 34.0
v 45.0 29.0 40.0
v 44.0 30.0 32.0
v 44.0 30.0 33.0
v 45.0 30.0 34.0
v 45.0 30.0 40.0
v 44.0 31.0 32.0
v 45.0 31.0 33.0
v 45.0 31.0 33.0
v 45.0 31.0 40.0
v 44.208438873291016 32.0 31.0
v 44.238468170166016 32.0 32.0
v 45.0 32.0 33.0
v 45.0 32.0 40.0
v 44.41252517700195 33.0 31.0
v 44.41252517700195 33.0 32.0
v 45.0 33.0 33.0
v 45.0 33.0 40.0
v 44.80513381958008 34.0 31.0
v 44.80513381958008 34.0 32.0
v 45.0 34.0 33.0
v 45.0 34.0 40.0
v 44.80513381958008 35.0 31.0
v 44.80513381958008 35.0 32.0
v 45.0 35.0 33.0
v 45.0 35.0 40.0
v 44.41252517700195 36.0 31.0
v 44.41252517700195 36.0 32.0
v 45.0 36.0 33.0
v 45.0 36.0 40.0
v 44.208438873291016 37.0 31.0
v 44.238468170166016 37.0 32.0
v 45.0 37.0 33.0
v 45.0 37.0 40.0
v 44.0 38.0 32.0
v 45.0 38.0 33.0
v 45.0 38.0 40.0
v 44.0 39.0 32.0
v 45.0 38.0 33.0
v 44.0 39.0 33.0
v 45.0 39.0 34.0
v 45.0 39.0 40.0
v 44.0 40.0 33.0
v 45.0 40.0 34.0
v 45.0 40.0 40.0
v 44.0 41.0 33.0
v 45.0 41.0 34.0
v 45.0 41.0 40.0
v 45.0 42.0 34.0
v 45.0 42.0 40.0
v 45.0 42.0 34.0
v 44.0 43.0 34.0
v 45.0 43.0 35.0
v 45.0 43.0 40.0
v 45.0 43.0 35.0
v 44.0 44.0 35.0
v 45.0 44.0 36.0
v 45.0 44.0 40.0
v 45.0 44.0 36.0
v 44.0 45.0 36.0
v 45.0 45.0 37.0
v 45.0 45.0 40.0
v 45.0 45.0 37.0
v 45.0 46.0 38.0
v 45.0 46.0 40.0
v 45.0 46.0 38.0
v 45.0 47.0 39.0
v 45.0 47.0 40.0
v 45.0 47.0 39.0
v 45.0 47.0 40.0
v 46.0 22.0 39.0
v 46.0 22.0 39.0
v 46.0 22.0 40.0
v 46.0 22.0 40.0
v 46.0 23.0 38.0
v 46.0 23.0 38.0
v 46.0 23.0 40.0
v 46.0 24.0 37.0
v 46.0 24.0 37.0
v 46.0 24.0 40.0
v 46.0 25.0 36.0
v 46.0 25.0 36.0
v 46.0 25.0 40.0
v 45.0 26.0 35.0
v 46.0 26.0 36.0
v 46.0 26.0 40.0
v 45.0 27.0 34.0
v 46.0 27.0 35.0
v 46.0 27.0 35.0
v 46.0 27.0 40.0
v 45.0 28.0 34.0
v 46.0 28.0 35.0
v 46.0 28.0 40.0
v 45.0 29.0 34.0
v 46.0 29.0 35.0
v 46.0 29.0 40.0
v 45.0 30.0 34.0
v 46.0 30.0 35.0
v 46.0 30.0 40.0
v 45.0 31.0 33.0
v 45.0 31.0 34.0
v 46.0 31.0 35.0
v 46.0 31.0 40.0
v 45.0 32.0 33.0
v 45.0 32.0 34.0
v 46.0 32.0 35.0
v 46.0 32.0 40.0
v 45.0 33.0 33.0
v 45.0 33.0 34.0
v 46.0 33.0 35.0
v 46.0 33.0 40.0
v 45.0 34.0 33.0
v 45.0 34.0 34.0
v 46.0 34.0 35.0
v 46.0 34.0 40.0
v 45.0 35.0 33.0
v 45.0 35.0 34.0
v 46.0 35.0 35.0
v 46.0 35.0 40.0
v 45.0 36.0 33.0
v 45.0 36.0 34.0
v 46.0 36.0 35.0
v 46.0 36.0 40.0
v 45.0 37.0 33.0
v 45.0 37.0 34.0
v 46.0 37.0 35.0
v 46.0 37.0 40.0
v 45.0 38.0 33.0
v 45.0 38.0 34.0
v 46.0 38.0 35.0
v 46.0 38.0 40.0
v 45.0 39.0 34.0
v 46.0 39.0 35.0
v 46.0 39.0 40.0
v 45.0 40.0 34.0
v 46.0 40.0 35.0
v 46.0 40.0 40.0
v 45.0 41.0 34.0
v 46.0 41.0 35.0
v 46.0 41.0 40.0
v 45.0 42.0 34.0
v 46.0 42.0 35.0
v 46.0 42.0 40.0
v 46.0 42.0 35.0
v 45.0 43.0 35.0
v 46.0 43.0 36.0
v 46.0 43.0 40.0
v 46.0 44.0 36.0
v 46.0 44.0 40.0
v 46.0 44.0 36.0
v 46.0 45.0 37.0
v 46.0 45.0 40.0
v 46.0 45.0 37.0
v 46.0 46.0 38.0
v 46.0 46.0 40.0
v 46.0 46.0 38.0
v 46.0 47.0 39.0
v 46.0 47.0 40.0
v 46.0 47.0 39.0
v 46.0 47.0 40.0
v 46.0 22.0 39.0
v 47.0 22.0 40.0
v 47.0 22.0 40.0
v 47.0 22.0 40.0
v 47.0 23.0 38.0
v 47.0 23.0 38.0
v 47.0 23.0 39.0
v 47.0 23.0 40.0
v 46.0 24.0 37.0
v 47.0 24.0 38.0
v 47.0 24.0 40.0
v 46.0 25.0 36.0
v 47.0 25.0 37.0
v 47.0 25.0 37.0
v 47.0 25.0 40.0
v 46.0 26.0 36.0
v 47.0 26.0 37.0
v 47.0 26.0 40.0
v 46.0 27.0 35.0
v 47.0 27.0 36.0
v 47.0 27.0 36.0
v 47.0 27.0 40.0
v 46.0 28.0 35.0
v 47.0 28.0 36.0
v 47.0 28.0 40.0
v 46.0 29.0 35.0
v 47.0 29.0 36.0
v 47.0 29.0 40.0
v 46.0 30.0 35.0
v 47.0 30.0 36.0
v 47.0 30.0 40.0
v 46.0 31.0 35.0
v 47.0 31.0 36.0
v 47.0 31.0 40.0
v 46.0 32.0 35.0
v 47.0 32.0 36.0
v 47.0 32.0 40.0
v 46.0 33.0 35.0
v 47.0 33.0 36.0
v 47.0 33.0 40.0
v 46.0 34.0 35.0
v 47.0 34.0 36.0
v 47.0 34.0 40.0
v 46.0 35.0 35.0
v 47.0 35.0 36.0
v 47.0 35.0 40.0
v 46.0 36.0 35.0
v 47.0 36.0 36.0
v 47.0 36.0 40.0
v 46.0 37.0 35.0
v 47.0 37.0 36.0
v 47.0 37.0 40.0
v 46.0 38.0 35.0
v 47.0 38.0 36.0
v 47.0 38.0 40.0
v 46.0 39.0 35.0
v 47.0 39.0 36.0
v 47.0 39.0 40.0
v 46.0 40.0 35.0
v 47.0 40.0 36.0
v 47.0 40.0 40.0
v 46.0 41.0 35.0
v 47.0 41.0 36.0
v 47.0 41.0 40.0
v 46.0 42.0 35.0
v 47.0 42.0 36.0
v 47.0 42.0 40.0
v 47.0 42.0 36.0
v 46.0 43.0 36.0
v 47.0 43.0 37.0
v 47.0 43.0 40.0
v 46.0 44.0 36.0
v 47.0 44.0 37.0
v 47.0 44.0 40.0
v 47.0 44.0 37.0
v 46.0 45.0 37.0
v 47.0 45.0 38.0
v 47.0 45.0 40.0
v 47.0 46.0 38.0
v 47.0 46.0 40.0
v 47.0 46.0 38.0
v 47.0 46.0 39.0
v 46.0 47.0 39.0
v 47.0 47.0 40.0
v 47.0 47.0 40.0
v 47.0 47.0 40.0
v 48.0 22.0 40.0
v 48.0 22.0 40.0
v 48.0 22.0 40.0
v 47.0 23.0 38.0
v 48.0 23.0 39.0
v 48.0 23.0 39.0
v 48.0 23.0 40.0
v 48.0 24.0 38.0
v 48.0 24.0 38.0
v 48.0 24.0 40.0
v 47.0 25.0 37.0
v 48.0 25.0 38.0
v 48.0 25.0 40.0
v 48.0 26.0 37.0
v 48.0 26.0 37.0
v 48.0 26.0 40.0
v 47.0 27.0 36.0
v 48.0 27.0 37.0
v 48.0 27.0 40.0
v 47.0 28.0 36.0
v 48.0 28.0 37.0
v 48.0 28.0 40.0
v 47.0 29.0 36.0
v 48.0 29.0 37.0
v 48.0 29.0 40.0
v 47.0 30.0 36.0
v 48.0 30.0 37.0
v 48.0 30.0 40.0
v 47.0 31.0 36.0
v 48.0 31.0 37.0
v 48.0 31.0 40.0
v 47.0 32.0 36.0
v 48.0 32.0 37.0
v 48.0 32.0 40.0
v 47.0 33.0 36.0
v 48.0 33.0 37.0
v 48.0 33.0 40.0
v 47.0 34.0 36.0
v 48.0 34.0 37.0
v 48.0 34.0 40.0
v 47.0 35.0 36.0
v 48.0 35.0 37.0
v 48.0 35.0 40.0
v 47.0 36.0 36.0
v 48.0 36.0 37.0
v 48.0 36.0 40.0
v 47.0 37.0 36.0
v 48.0 37.0 37.0
v 48.0 37.0 40.0
v 47.0 38.0 36.0
v 48.0 38.0 37.0
v 48.0 38.0 40.0
v 47.0 39.0 36.0
v 48.0 39.0 37.0
v 48.0 39.0 40.0
v 47.0 40.0 36.0
v 48.0 40.0 37.0
v 48.0 40.0 40.0
v 47.0 41.0 36.0
v 48.0 41.0 37.0
v 48.0 41.0 40.0
v 47.0 42.0 36.0
v 48.0 42.0 37.0
v 48.0 42.0 40.0
v 48.0 43.0 37.0
v 48.0 43.0 40.0
v 48.0 43.0 37.0
v 47.0 44.0 37.0
v 48.0 44.0 38.0
v 48.0 44.0 40.0
v 48.0 45.0 38.0
v 48.0 45.0 40.0
v 48.0 45.0 38.0
v 47.0 46.0 38.0
v 48.0 46.0 39.0
v 48.0 46.0 40.0
v 48.0 46.0 39.0
v 48.0 47.0 40.0
v 48.0 47.0 40.0
v 48.0 47.0 40.0
v 49.0 22.0 40.0
v 49.0 22.0 40.0
v 49.0 22.0 40.0
v 48.0 23.0 39.0
v 49.0 23.0 40.0
v 49.0 23.0 40.0
v 48.0 24.0 38.0
v 49.0 24.0 39.0
v 49.0 24.0 39.0
v 49.0 24.0 40.0
v 48.0 25.0 38.0
v 49.0 25.0 39.0
v 49.0 25.0 40.0
v 48.0 26.0 37.0
v 49.0 26.0 38.0
v 49.0 26.0 38.0
v 49.0 26.0 40.0
v 48.0 27.0 37.0
v 49.0 27.0 38.0
v 49.0 27.0 40.0
v 48.0 28.0 37.0
v 49.0 28.0 38.0
v 49.0 28.0 40.0
v 48.0 29.0 37.0
v 49.0 29.0 38.0
v 49.0 29.0 40.0
v 48.0 30.0 37.0
v 49.0 30.0 38.0
v 49.0 30.0 40.0
v 48.0 31.0 37.0
v 49.0 31.0 38.0
v 49.0 31.0 40.0
v 48.0 32.0 37.0
v 49.0 32.0 38.0
v 49.0 32.0 40.0
v 48.0 33.0 37.0
v 49.0 33.0 38.0
v 49.0 33.0 40.0
v 48.0 34.0 37.0
v 49.0 34.0 38.0
v 49.0 34.0 40.0
v 48.0 35.0 37.0
v 49.0 35.0 38.0
v 49.0 35.0 40.0
v 48.0 36.0 37.0
v 49.0 36.0 38.0
v 49.0 36.0 40.0
v 48.0 37.0 37.0
v 49.0 37.0 38.0
v 49.0 37.0 40.0
v 48.0 38.0 37.0
v 49.0 38.0 38.0
v 49.0 38.0 40.0
v 48.0 39.0 37.0
v 49.0 39.0 38.0
v 49.0 39.0 40.0
v 48.0 40.0 37.0
v 49.0 40.0 38.0
v 49.0 40.0 40.0
v 48.0 41.0 37.0
v 49.0 41.0 38.0
v 49.0 41.0 40.0
v 48.0 42.0 37.0
v 49.0 42.0 38.0
v 49.0 42.0 40.0
v 48.0 43.0 37.0
v 49.0 43.0 38.0
v 49.0 43.0 40.0
v 49.0 43.0 38.0
v 48.0 44.0 38.0
v 49.0 44.0 39.0
v 49.0 44.0 40.0
v 48.0 45.0 38.0
v 49.0 45.0 39.0
v 49.0 45.0 40.0
v 49.0 45.0 39.0
v 48.0 46.0 39.0
v 49.0 46.0 40.0
v 49.0 46.0 40.0
v 49.0 47.0 40.0
v 49.0 47.0 40.0
v 49.0 47.0 40.0
v 49.0 22.0 40.0
v 50.0 23.0 40.0
v 50.0 23.0 40.0
v 50.0 23.0 40.0
v 49.0 24.0 39.0
v 50.0 24.0 40.0
v 50.0 24.0 40.0
v 49.0 25.0 39.0
v 50.0 25.0 40.0
v 50.0 25.0 40.0
v 49.0 26.0 38.0
v 50.0 26.0 39.0
v 50.0 26.0 39.0
v 50.0 26.0 40.0
v 49.0 27.0 38.0
v 50.0 27.0 39.0
v 50.0 27.0 40.0
v 49.0 28.0 38.0
v 50.0 28.0 39.0
v 50.0 28.0 40.0
v 49.0 29.0 38.0
v 50.0 29.0 39.0
v 50.0 29.0 40.0
v 49.0 30.0 38.0
v 50.0 30.0 39.0
v 50.0 30.0 40.0
v 49.0 31.0 38.0
v 50.0 31.0 39.0
v 50.0 31.0 40.0
v 49.0 32.0 38.0
v 50.0 32.0 39.0
v 50.0 32.0 40.0
v 49.0 33.0 38.0
v 50.0 33.0 39.0
v 50.0 33.0 40.0
v 49.0 34.0 38.0
v 50.0 34.0 39.0
v 50.0 34.0 40.0
v 49.0 35.0 38.0
v 50.0 35.0 39.0
v 50.0 35.0 40.0
v 49.0 36.0 38.0
v 50.0 36.0 39.0
v 50.0 36.0 40.0
v 49.0 37.0 38.0
v 50.0 37.0 39.0
v 50.0 37.0 40.0
v 49.0 38.0 38.0
v 50.0 38.0 39.0
v 50.0 38.0 40.0
v 49.0 39.0 38.0
v 50.0 39.0 39.0
v 50.0 39.0 40.0
v 49.0 40.0 38.0
v 50.0 40.0 39.0
v 50.0 40.0 40.0
v 49.0 41.0 38.0
v 50.0 41.0 39.0
v 50.0 41.0 40.0
v 49.0 42.0 38.0
v 50.0 42.0 39.0
v 50.0 42.0 40.0
v 49.0 43.0 38.0
v 50.0 43.0 39.0
v 50.0 43.0 40.0
v 50.0 43.0 39.0
v 49.0 44.0 39.0
v 50.0 44.0 40.0
v 50.0 44.0 40.0
v 49.0 45.0 39.0
v 50.0 45.0 40.0
v 50.0 45.0 40.0
v 50.0 46.0 40.0
v 50.0 46.0 40.0
v 50.0 46.0 40.0
v 49.0 47.0 40.0
v 50.0 23.0 40.0
v 50.0 24.0 40.0
v 51.0 25.0 40.0
v 51.0 25.0 40.0
v 51.0 25.0 40.0
v 50.0 26.0 39.0
v 51.0 26.0 40.0
v 51.0 26.0 40.0
v 50.0 27.0 39.0
v 51.0 27.0 40.0
v 51.0 27.0 40.0
v 50.0 28.0 39.0
v 51.0 28.0 40.0
v 51.0 28.0 40.0
v 50.0 29.0 39.0
v 51.0 29.0 40.0
v 51.0 29.0 40.0
v 50.0 30.0 39.0
v 51.0 30.0 40.0
v 51.0 30.0 40.0
v 50.0 31.0 39.0
v 51.0 31.0 40.0
v 51.0 31.0 40.0
v 50.0 32.0 39.0
v 51.0 32.0 40.0
v 51.0 32.0 40.0
v 50.0 33.0 39.0
v 51.0 33.0 40.0
v 51.0 33.0 40.0
v 50.0 34.0 39.0
v 51.0 34.0 40.0
v 51.0 34.0 40.0
v 50.0 35.0 39.0
v 51.0 35.0 40.0
v 51.0 35.0 40.0
v 50.0 36.0 39.0
v 51.0 36.0 40.0
v 51.0 36.0 40.0
v 50.0 37.0 39.0
v 51.0 37.0 40.0
v 51.0 37.0 40.0
v 50.0 38.0 39.0
v 51.0 38.0 40.0
v 51.0 38.0 40.0
v 50.0 39.0 39.0
v 51.0 39.0 40.0
v 51.0 39.0 40.0
v 50.0 40.0 39.0
v 51.0 40.0 40.0
v 51.0 40.0 40.0
v 50.0 41.0 39.0
v 51.0 41.0 40.0
v 51.0 41.0 40.0
v 50.0 42.0 39.0
v 51.0 42.0 40.0
v 51.0 42.0 40.0
v 50.0 43.0 39.0
v 51.0 43.0 40.0
v 51.0 43.0 40.0
v 51.0 44.0 40.0
v 51.0 44.0 40.0
v 51.0 44.0 40.0
v 50.0 45.0 40.0
v 50.0 46.0 40.0
v 51.0 25.0 40.0
v 51.0 26.0 40.0
v 51.0 27.0 40.0
v 51.0 28.0 40.0
v 51.0 29.0 40.0
v 51.0 30.0 40.0
v 51.0 31.0 40.0
v 51.0 32.0 40.0
v 51.0 33.0 40.0
v 51.0 34.0 40.0
v 51.0 35.0 40.0
v 51.0 36.0 40.0
v 51.0 37.0 40.0
v 51.0 38.0 40.0
v 51.0 39.0 40.0
v 51.0 40.0 40.0
v 51.0 41.0 40.0
v 51.0 42.0 40.0
v 51.0 43.0 40.0
v 51.0 44.0 40.0
f 3 2 1
f 4 1 2
f 3 1 5
f 3 5 6
f 1 4 7
f 1 7 5
f 6 5 8
f 6 8 9
f 5 7 10
f 5 10 8
f 9 8 11
f 9 11 12
f 8 10 13
f 8 13 11
f 12 11 14
f 12 14 15
f 11 13 16
f 11 16 14
f 15 14 17
f 15 17 18
f 14 16 19
f 14 19 17
f 18 17 20
f 18 20 21
f 17 19 22
f 17 22 20
f 21 20 23
f 21 23 24
f 20 22 25
f 20 25 23
f 24 23 26
f 24 26 27
f 23 25 28
f 23 28 26
f 27 26 29
f 27 29 30
f 26 28 31
f 26 31 29
f 30 29 32
f 30 32 33
f 29 31 34
f 29 34 32
f 33 32 35
f 33 35 36
f 32 34 37
f 32 37 35
f 36 35 38
f 36 38 39
f 35 37 40
f 35 40 38
f 39 38 41
f 39 41 42
f 38 40 43
f 38 43 41
f 42 41 44
f 42 44 45
f 41 43 46
f 41 46 44
f 45 44 47
f 45 47 48
f 44 46 49
f 44 49 47
f 48 47 50
f 48 50 51
f 47 49 52
f 47 52 50
f 51 50 53
f 51 53 54
f 50 52 55
f 50 55 53
f 54 53 56
f 54 56 57
f 53 55 58
f 53 58 56
f 57 56 59
f 57 59 60
f 56 58 61
f 56 61 59
f 62 60 59
f 62 59 61
f 65 64 63
f 66 63 64
f 65 63 67
f 65 67 68
f 63 66 69
f 63 69 67
f 68 67 2
f 3 68 2
f 70 68 3
f 4 2 67
f 69 4 67
f 71 4 69
f 74 73 72
f 73 70 72
f 70 6 72
f 70 3 6
f 71 7 4
f 75 7 71
f 74 72 76
f 74 76 77
f 9 76 6
f 6 76 72
f 75 10 7
f 78 10 75
f 77 76 79
f 77 79 80
f 12 79 9
f 9 79 76
f 78 13 10
f 81 13 78
f 80 79 82
f 80 82 83
f 15 82 12
f 12 82 79
f 81 16 13
f 84 16 81
f 83 82 85
f 83 85 86
f 18 85 15
f 15 85 82
f 84 19 16
f 87 19 84
f 86 85 88
f 86 88 89
f 21 88 18
f 18 88 85
f 87 22 19
f 90 22 87
f 89 88 91
f 89 91 92
f 24 91 21
f 21 91 88
f 90 25 22
f 93 25 90
f 92 91 94
f 92 94 95
f 27 94 24
f 24 94 91
f 93 28 25
f 96 28 93
f 95 94 97
f 95 97 98
f 30 97 27
f 27 97 94
f 96 31 28
f 99 31 96
f 98 97 100
f 98 100 101
f 33 100 30
f 30 100 97
f 99 34 31
f 102 34 99
f 101 100 103
f 101 103 104
f 36 103 33
f 33 103 100
f 102 37 34
f 105 37 102
f 104 103 106
f 104 106 107
f 39 106 36
f 36 106 103
f 105 40 37
f 108 40 105
f 107 106 109
f 107 109 110
f 42 109 39
f 39 109 106
f 108 43 40
f 111 43 108
f 110 109 112
f 110 112 113
f 45 112 42
f 42 112 109
f 111 46 43
f 114 46 111
f 113 112 115
f 113 115 116
f 48 115 45
f 45 115 112
f 114 49 46
f 117 49 114
f 116 115 118
f 116 118 119
f 51 118 48
f 48 118 115
f 117 52 49
f 120 52 117
f 119 118 121
f 119 121 122
f 54 121 51
f 51 121 118
f 120 55 52
f 123 55 120
f 122 121 124
f 122 124 125
f 57 124 54
f 54 124 121
f 123 58 55
f 126 58 123
f 127 125 124
f 124 57 127
f 57 128 127
f 57 60 128
f 126 61 58
f 129 61 126
f 60 62 130
f 131 60 130
f 128 60 131
f 132 130 62
f 61 132 62
f 129 132 61
f 131 130 133
f 131 133 134
f 130 132 135
f 130 135 133
f 136 134 133
f 136 133 135
f 139 138 137
f 140 137 138
f 139 137 64
f 65 139 64
f 141 139 65
f 66 64 137
f 140 66 137
f 142 66 140
f 145 144 143
f 144 141 143
f 141 68 143
f 141 65 68
f 142 69 66
f 146 69 142
f 145 143 147
f 145 147 148
f 70 147 68
f 68 147 143
f 146 71 69
f 149 71 146
f 152 151 150
f 150 151 148
f 150 148 147
f 74 150 147
f 73 74 147
f 73 147 70
f 149 75 71
f 153 75 149
f 152 150 154
f 152 154 155
f 77 154 74
f 74 154 150
f 153 78 75
f 156 78 153
f 155 154 157
f 155 157 158
f 80 157 77
f 77 157 154
f 156 81 78
f 159 81 156
f 158 157 160
f 158 160 161
f 83 160 80
f 80 160 157
f 159 84 81
f 162 84 159
f 161 160 163
f 161 163 164
f 86 163 83
f 83 163 160
f 162 87 84
f 165 87 162
f 164 163 166
f 164 166 167
f 89 166 86
f 86 166 163
f 165 90 87
f 168 90 165
f 167 166 169
f 167 169 170
f 92 169 89
f 89 169 166
f 168 93 90
f 171 93 168
f 170 169 172
f 170 172 173
f 95 172 92
f 92 172 169
f 171 96 93
f 174 96 171
f 173 172 175
f 173 175 176
f 98 175 95
f 95 175 172
f 174 99 96
f 177 99 174
f 176 175 178
f 176 178 179
f 101 178 98
f 98 178 175
f 177 102 99
f 180 102 177
f 179 178 181
f 179 181 182
f 104 181 101
f 101 181 178
f 180 105 102
f 183 105 180
f 182 181 184
f 182 184 185
f 107 184 104
f 104 184 181
f 183 108 105
f 186 108 183
f 185 184 187
f 185 187 188
f 110 187 107
f 107 187 184
f 186 111 108
f 189 111 186
f 188 187 190
f 188 190 191
f 113 190 110
f 110 190 187
f 189 114 111
f 192 114 189
f 191 190 193
f 191 193 194
f 116 193 113
f 113 193 190
f 192 117 114
f 195 117 192
f 194 193 196
f 194 196 197
f 119 196 116
f 116 196 193
f 195 120 117
f 198 120 195
f 197 196 199
f 197 199 200
f 122 199 119
f 119 199 196
f 198 123 120
f 201 123 198
f 200 199 202
f 200 202 203
f 125 202 122
f 122 202 199
f 201 126 123
f 204 126 201
f 205 203 202
f 207 205 206
f 206 205 127
f 205 202 127
f 202 125 127
f 128 206 127
f 204 129 126
f 208 129 204
f 207 206 209
f 207 209 210
f 131 209 128
f 128 209 206
f 208 132 129
f 211 132 208
f 212 210 209
f 209 131 212
f 131 213 212
f 131 134 213
f 211 135 132
f 214 135 211
f 134 136 215
f 216 134 215
f 213 134 216
f 217 215 136
f 135 217 136
f 214 217 135
f 218 216 215
f 218 215 217
f 220 219 138
f 220 138 139
f 140 138 219
f 140 219 221
f 224 223 222
f 223 220 222
f 220 141 222
f 220 139 141
f 221 142 140
f 225 142 221
f 228 227 226
f 226 227 224
f 226 224 222
f 145 226 222
f 144 145 222
f 144 222 141
f 225 146 142
f 229 146 225
f 228 226 230
f 228 230 231
f 148 230 145
f 145 230 226
f 229 149 146
f 232 149 229
f 235 234 233
f 233 234 231
f 233 231 230
f 152 233 230
f 151 152 230
f 151 230 148
f 232 153 149
f 236 153 232
f 235 233 237
f 235 237 238
f 155 237 152
f 152 237 233
f 236 156 153
f 239 156 236
f 238 237 240
f 238 240 241
f 158 240 155
f 155 240 237
f 239 159 156
f 242 159 239
f 241 240 243
f 241 243 244
f 161 243 158
f 158 243 240
f 242 162 159
f 245 162 242
f 244 243 246
f 244 246 247
f 164 246 161
f 161 246 243
f 245 165 162
f 248 165 245
f 247 246 249
f 247 249 250
f 167 249 164
f 164 249 246
f 248 168 165
f 251 168 248
f 250 249 252
f 250 252 253
f 170 252 167
f 167 252 249
f 251 171 168
f 254 171 251
f 253 252 255
f 253 255 256
f 173 255 170
f 170 255 252
f 254 174 171
f 257 174 254
f 256 255 258
f 256 258 259
f 176 258 173
f 173 258 255
f 257 177 174
f 260 177 257
f 259 258 261
f 259 261 262
f 179 261 176
f 176 261 258
f 260 180 177
f 263 180 260
f 262 261 264
f 262 264 265
f 182 264 179
f 179 264 261
f 263 183 180
f 266 183 263
f 265 264 267
f 265 267 268
f 185 267 182
f 182 267 264
f 266 186 183
f 269 186 266
f 268 267 270
f 268 270 271
f 188 270 185
f 185 270 267
f 269 189 186
f 272 189 269
f 271 270 273
f 271 273 274
f 191 273 188
f 188 273 270
f 272 192 189
f 275 192 272
f 274 273 276
f 274 276 277
f 194 276 191
f 191 276 273
f 275 195 192
f 278 195 275
f 277 276 279
f 277 279 280
f 197 279 194
f 194 279 276
f 278 198 195
f 281 198 278
f 280 279 282
f 280 282 283
f 200 282 197
f 197 282 279
f 281 201 198
f 284 201 281
f 283 282 285
f 283 285 286
f 203 285 200
f 200 285 282
f 284 204 201
f 287 204 284
f 288 286 285
f 290 288 289
f 289 288 205
f 288 285 205
f 285 203 205
f 207 289 205
f 287 208 204
f 291 208 287
f 290 289 292
f 290 292 293
f 210 292 207
f 207 292 289
f 291 211 208
f 294 211 291
f 295 293 292
f 297 295 296
f 296 295 212
f 295 292 212
f 292 210 212
f 213 296 212
f 294 214 211
f 298 214 294
f 299 297 296
f 296 213 299
f 213 300 299
f 213 216 300
f 298 217 214
f 301 217 298
f 302 300 216
f 302 216 218
f 218 217 301
f 218 301 302
f 304 303 219
f 304 219 220
f 221 219 303
f 221 303 305
f 308 307 306
f 223 224 306
f 307 223 306
f 309 223 307
f 220 223 304
f 304 223 309
f 305 225 221
f 310 225 305
f 308 306 227
f 228 308 227
f 311 308 228
f 227 306 224
f 310 229 225
f 312 229 310
f 315 314 313
f 314 311 313
f 311 231 313
f 311 228 231
f 312 232 229
f 316 232 312
f 315 313 234
f 235 315 234
f 317 315 235
f 234 313 231
f 316 236 232
f 318 236 316
f 321 320 319
f 320 317 319
f 317 238 319
f 317 235 238
f 318 239 236
f 322 239 318
f 321 319 323
f 321 323 324
f 241 323 238
f 238 323 319
f 322 242 239
f 325 242 322
f 324 323 326
f 324 326 327
f 244 326 241
f 241 326 323
f 325 245 242
f 328 245 325
f 327 326 329
f 327 329 330
f 247 329 244
f 244 329 326
f 328 248 245
f 331 248 328
f 330 329 332
f 330 332 333
f 250 332 247
f 247 332 329
f 331 251 248
f 334 251 331
f 333 332 335
f 333 335 336
f 253 335 250
f 250 335 332
f 334 254 251
f 337 254 334
f 336 335 338
f 336 338 339
f 256 338 253
f 253 338 335
f 337 257 254
f 340 257 337
f 339 338 341
f 339 341 342
f 259 341 256
f 256 341 338
f 340 260 257
f 343 260 340
f 342 341 344
f 342 344 345
f 262 344 259
f 259 344 341
f 343 263 260
f 346 263 343
f 345 344 347
f 345 347 348
f 265 347 262
f 262 347 344
f 346 266 263
f 349 266 346
f 348 347 350
f 348 350 351
f 268 350 265
f 265 350 347
f 349 269 266
f 352 269 349
f 351 350 353
f 351 353 354
f 271 353 268
f 268 353 350
f 352 272 269
f 355 272 352
f 354 353 356
f 354 356 357
f 274 356 271
f 271 356 353
f 355 275 272
f 358 275 355
f 357 356 359
f 357 359 360
f 277 359 274
f 274 359 356
f 358 278 275
f 361 278 358
f 360 359 362
f 360 362 363
f 280 362 277
f 277 362 359
f 361 281 278
f 364 281 361
f 363 362 365
f 363 365 366
f 283 365 280
f 280 365 362
f 364 284 281
f 367 284 364
f 368 366 365
f 365 283 368
f 283 369 368
f 283 286 369
f 367 287 284
f 370 287 367
f 286 288 371
f 372 286 371
f 369 286 372
f 290 371 288
f 370 291 287
f 373 291 370
f 374 372 371
f 371 290 374
f 290 375 374
f 290 293 375
f 373 294 291
f 376 294 373
f 293 295 377
f 378 293 377
f 375 293 378
f 297 377 295
f 376 298 294
f 379 298 376
f 380 378 377
f 380 377 297
f 299 380 297
f 381 380 299
f 299 300 381
f 381 300 382
f 379 301 298
f 383 301 379
f 384 382 300
f 384 300 302
f 302 301 383
f 302 383 384
f 387 386 385
f 303 304 385
f 386 303 385
f 388 303 386
f 305 303 388
f 305 388 389
f 391 390 307
f 391 307 308
f 385 309 387
f 309 390 387
f 309 307 390
f 309 385 304
f 389 310 305
f 392 310 389
f 395 394 393
f 394 391 393
f 391 311 393
f 391 308 311
f 392 312 310
f 396 312 392
f 399 398 397
f 397 398 395
f 397 395 393
f 315 397 393
f 314 315 393
f 314 393 311
f 396 316 312
f 400 316 396
f 399 397 401
f 399 401 402
f 317 401 315
f 315 401 397
f 400 318 316
f 403 318 400
f 406 405 404
f 404 405 402
f 404 402 401
f 321 404 401
f 320 321 401
f 320 401 317
f 403 322 318
f 407 322 403
f 406 404 408
f 406 408 409
f 324 408 321
f 321 408 404
f 407 325 322
f 410 325 407
f 409 408 411
f 409 411 412
f 327 411 324
f 324 411 408
f 410 328 325
f 413 328 410
f 412 411 414
f 412 414 415
f 330 414 327
f 327 414 411
f 413 331 328
f 416 331 413
f 415 414 417
f 415 417 418
f 333 417 330
f 330 417 414
f 416 334 331
f 419 334 416
f 418 417 420
f 418 420 421
f 336 420 333
f 333 420 417
f 419 337 334
f 422 337 419
f 421 420 423
f 421 423 424
f 339 423 336
f 336 423 420
f 422 340 337
f 425 340 422
f 424 423 426
f 424 426 427
f 342 426 339
f 339 426 423
f 425 343 340
f 428 343 425
f 427 426 429
f 427 429 430
f 345 429 342
f 342 429 426
f 428 346 343
f 431 346 428
f 430 429 432
f 430 432 433
f 348 432 345
f 345 432 429
f 431 349 346
f 434 349 431
f 433 432 435
f 433 435 436
f 351 435 348
f 348 435 432
f 434 352 349
f 437 352 434
f 436 435 438
f 436 438 439
f 354 438 351
f 351 438 435
f 437 355 352
f 440 355 437
f 439 438 441
f 439 441 442
f 357 441 354
f 354 441 438
f 440 358 355
f 443 358 440
f 442 441 444
f 442 444 445
f 360 444 357
f 357 444 441
f 443 361 358
f 446 361 443
f 445 444 447
f 445 447 448
f 363 447 360
f 360 447 444
f 446 364 361
f 449 364 446
f 448 447 450
f 448 450 451
f 366 450 363
f 363 450 447
f 449 367 364
f 452 367 449
f 453 451 450
f 455 453 454
f 454 453 368
f 453 450 368
f 450 366 368
f 369 454 368
f 452 370 367
f 456 370 452
f 455 454 457
f 455 457 458
f 372 457 369
f 369 457 454
f 456 373 370
f 459 373 456
f 460 458 457
f 462 460 461
f 461 460 374
f 460 457 374
f 457 372 374
f 375 461 374
f 459 376 373
f 463 376 459
f 464 462 461
f 461 375 464
f 375 465 464
f 375 378 465
f 463 379 376
f 466 379 463
f 467 465 378
f 467 378 380
f 469 467 468
f 467 381 468
f 467 380 381
f 382 468 381
f 466 383 379
f 470 383 466
f 471 469 468
f 471 468 382
f 384 471 382
f 472 471 384
f 384 383 470
f 384 470 472
f 474 473 386
f 474 386 387
f 386 475 388
f 473 475 386
f 389 388 475
f 389 475 476
f 478 477 390
f 478 390 391
f 387 390 474
f 474 390 477
f 476 392 389
f 479 392 476
f 481 480 394
f 481 394 395
f 391 394 478
f 478 394 480
f 479 396 392
f 482 396 479
f 484 483 398
f 484 398 399
f 395 398 481
f 481 398 483
f 482 400 396
f 485 400 482
f 488 487 486
f 487 484 486
f 484 402 486
f 484 399 402
f 485 403 400
f 489 403 485
f 492 491 490
f 490 491 488
f 490 488 486
f 406 490 486
f 405 406 486
f 405 486 402
f 489 407 403
f 493 407 489
f 492 490 494
f 492 494 495
f 409 494 406
f 406 494 490
f 493 410 407
f 496 410 493
f 495 494 497
f 495 497 498
f 412 497 409
f 409 497 494
f 496 413 410
f 499 413 496
f 498 497 500
f 498 500 501
f 415 500 412
f 412 500 497
f 499 416 413
f 502 416 499
f 505 504 503
f 503 504 501
f 500 503 501
f 506 503 500
f 418 506 415
f 415 506 500
f 502 419 416
f 507 419 502
f 505 503 508
f 505 508 509
f 510 503 506
f 508 503 510
f 421 510 418
f 418 510 506
f 507 422 419
f 511 422 507
f 509 508 512
f 509 512 513
f 514 508 510
f 512 508 514
f 424 514 421
f 421 514 510
f 511 425 422
f 515 425 511
f 513 512 516
f 513 516 517
f 518 512 514
f 516 512 518
f 427 518 424
f 424 518 514
f 515 428 425
f 519 428 515
f 517 516 520
f 517 520 521
f 522 516 518
f 520 516 522
f 430 522 427
f 427 522 518
f 519 431 428
f 523 431 519
f 521 520 524
f 521 524 525
f 526 520 522
f 524 520 526
f 433 526 430
f 430 526 522
f 523 434 431
f 527 434 523
f 525 524 528
f 525 528 529
f 530 524 526
f 528 524 530
f 436 530 433
f 433 530 526
f 527 437 434
f 531 437 527
f 529 528 532
f 529 532 533
f 534 528 530
f 532 528 534
f 439 534 436
f 436 534 530
f 531 440 437
f 535 440 531
f 536 533 532
f 538 537 536
f 532 538 536
f 534 538 532
f 442 538 439
f 439 538 534
f 535 443 440
f 539 443 535
f 537 538 540
f 537 540 541
f 445 540 442
f 442 540 538
f 539 446 443
f 542 446 539
f 541 540 543
f 541 543 544
f 448 543 445
f 445 543 540
f 542 449 446
f 545 449 542
f 544 543 546
f 544 546 547
f 451 546 448
f 448 546 543
f 545 452 449
f 548 452 545
f 549 547 546
f 551 549 550
f 550 549 453
f 549 546 453
f 546 451 453
f 455 550 453
f 548 456 452
f 552 456 548
f 553 551 550
f 550 455 553
f 455 554 553
f 455 458 554
f 552 459 456
f 555 459 552
f 556 554 458
f 556 458 460
f 460 462 556
f 556 462 557
f 555 463 459
f 558 463 555
f 559 557 462
f 559 462 464
f 464 465 559
f 559 465 560
f 558 466 463
f 561 466 558
f 562 560 465
f 562 465 467
f 467 469 562
f 562 469 563
f 561 470 466
f 564 470 561
f 565 563 469
f 565 469 471
f 566 471 472
f 566 565 471
f 472 470 564
f 472 564 566
f 568 567 473
f 568 473 474
f 473 569 475
f 567 569 473
f 476 475 569
f 476 569 570
f 572 571 477
f 572 477 478
f 474 477 568
f 568 477 571
f 570 479 476
f 573 479 570
f 576 575 574
f 480 481 574
f 575 480 574
f 577 480 575
f 478 480 572
f 572 480 577
f 573 482 479
f 578 482 573
f 581 580 579
f 579 580 576
f 579 576 574
f 484 579 574
f 483 484 574
f 483 574 481
f 578 485 482
f 582 485 578
f 585 584 583
f 583 584 581
f 583 581 579
f 488 583 579
f 487 488 579
f 487 579 484
f 582 489 485
f 586 489 582
f 585 583 491
f 492 585 491
f 587 585 492
f 491 583 488
f 586 493 489
f 588 493 586
f 591 590 589
f 590 587 589
f 587 495 589
f 587 492 495
f 588 496 493
f 592 496 588
f 591 589 593
f 591 593 594
f 498 593 495
f 495 593 589
f 592 499 496
f 595 499 592
f 598 597 596
f 596 597 594
f 593 596 594
f 599 596 593
f 501 599 498
f 498 599 593
f 595 502 499
f 600 502 595
f 598 596 601
f 598 601 602
f 505 601 504
f 601 599 504
f 601 596 599
f 504 599 501
f 600 507 502
f 603 507 600
f 606 605 604
f 604 605 602
f 601 604 602
f 607 604 601
f 509 607 505
f 505 607 601
f 603 511 507
f 608 511 603
f 606 604 609
f 606 609 610
f 611 604 607
f 609 604 611
f 513 611 509
f 509 611 607
f 608 515 511
f 612 515 608
f 610 609 613
f 610 613 614
f 615 609 611
f 613 609 615
f 517 615 513
f 513 615 611
f 612 519 515
f 616 519 612
f 614 613 617
f 614 617 618
f 619 613 615
f 617 613 619
f 521 619 517
f 517 619 615
f 616 523 519
f 620 523 616
f 618 617 621
f 618 621 622
f 623 617 619
f 621 617 623
f 525 623 521
f 521 623 619
f 620 527 523
f 624 527 620
f 622 621 625
f 622 625 626
f 627 621 623
f 625 621 627
f 529 627 525
f 525 627 623
f 624 531 527
f 628 531 624
f 629 626 625
f 631 630 629
f 625 631 629
f 627 631 625
f 533 631 529
f 529 631 627
f 628 535 531
f 632 535 628
f 630 631 633
f 630 633 634
f 536 635 533
f 635 631 533
f 635 633 631
f 537 635 536
f 632 539 535
f 636 539 632
f 637 634 633
f 639 638 637
f 633 639 637
f 635 639 633
f 541 639 537
f 537 639 635
f 636 542 539
f 640 542 636
f 638 639 641
f 638 641 642
f 544 641 541
f 541 641 639
f 640 545 542
f 643 545 640
f 644 642 641
f 641 544 644
f 544 645 644
f 544 547 645
f 643 548 545
f 646 548 643
f 547 549 647
f 648 547 647
f 645 547 648
f 551 647 549
f 646 552 548
f 649 552 646
f 650 648 647
f 652 650 651
f 651 650 553
f 650 647 553
f 647 551 553
f 554 651 553
f 649 555 552
f 653 555 649
f 654 652 651
f 656 654 655
f 655 654 556
f 654 651 556
f 651 554 556
f 557 655 556
f 653 558 555
f 657 558 653
f 658 656 655
f 658 655 557
f 559 658 557
f 659 658 559
f 559 560 659
f 659 560 660
f 657 561 558
f 661 561 657
f 662 660 560
f 662 560 562
f 562 563 662
f 662 563 663
f 661 564 561
f 664 564 661
f 665 663 563
f 665 563 565
f 666 565 566
f 666 665 565
f 566 564 664
f 566 664 666
f 668 667 567
f 668 567 568
f 567 669 569
f 667 669 567
f 570 569 669
f 570 669 670
f 673 672 671
f 571 572 671
f 672 571 671
f 674 571 672
f 568 571 668
f 668 571 674
f 670 573 570
f 675 573 670
f 677 676 575
f 677 575 576
f 671 577 673
f 577 676 673
f 577 575 676
f 577 671 572
f 675 578 573
f 678 578 675
f 680 679 580
f 680 580 581
f 576 580 677
f 677 580 679
f 678 582 578
f 681 582 678
f 683 682 584
f 683 584 585
f 581 584 680
f 680 584 682
f 681 586 582
f 684 586 681
f 687 686 685
f 686 683 685
f 683 587 685
f 683 585 587
f 684 588 586
f 688 588 684
f 691 690 689
f 689 690 687
f 689 687 685
f 591 689 685
f 590 591 685
f 590 685 587
f 688 592 588
f 692 592 688
f 691 689 693
f 691 693 694
f 594 693 591
f 591 693 689
f 692 595 592
f 695 595 692
f 698 697 696
f 696 697 694
f 696 694 693
f 598 696 693
f 597 598 693
f 597 693 594
f 695 600 595
f 699 600 695
f 698 696 700
f 698 700 701
f 602 700 598
f 598 700 696
f 699 603 600
f 702 603 699
f 701 700 605
f 606 701 605
f 703 701 606
f 605 700 602
f 702 608 603
f 704 608 702
f 610 703 606
f 610 705 703
f 704 612 608
f 706 612 704
f 614 705 610
f 614 707 705
f 706 616 612
f 708 616 706
f 618 707 614
f 618 709 707
f 708 620 616
f 710 620 708
f 622 709 618
f 622 711 709
f 710 624 620
f 712 624 710
f 626 711 622
f 626 713 711
f 712 628 624
f 714 628 712
f 626 629 715
f 716 626 715
f 713 626 716
f 630 715 629
f 714 632 628
f 717 632 714
f 716 715 718
f 716 718 719
f 634 718 630
f 630 718 715
f 717 636 632
f 720 636 717
f 721 719 718
f 723 721 722
f 722 721 637
f 721 718 637
f 718 634 637
f 638 722 637
f 720 640 636
f 724 640 720
f 723 722 725
f 723 725 726
f 642 725 638
f 638 725 722
f 724 643 640
f 727 643 724
f 728 726 725
f 730 728 729
f 729 728 644
f 728 725 644
f 725 642 644
f 645 729 644
f 727 646 643
f 731 646 727
f 732 730 729
f 729 645 732
f 645 733 732
f 645 648 733
f 731 649 646
f 734 649 731
f 735 733 648
f 735 648 650
f 650 652 735
f 735 652 736
f 734 653 649
f 737 653 734
f 738 736 652
f 738 652 654
f 654 656 738
f 738 656 739
f 737 657 653
f 740 657 737
f 741 739 656
f 741 656 658
f 743 741 742
f 741 659 742
f 741 658 659
f 660 742 659
f 740 661 657
f 744 661 740
f 745 743 742
f 745 742 660
f 662 745 660
f 746 745 662
f 662 663 746
f 746 663 747
f 744 664 661
f 748 664 744
f 749 747 663
f 749 663 665
f 750 665 666
f 750 749 665
f 666 664 748
f 666 748 750
f 752 751 667
f 752 667 668
f 667 753 669
f 751 753 667
f 670 669 753
f 670 753 754
f 756 755 672
f 756 672 673
f 672 757 674
f 755 757 672
f 668 674 752
f 752 674 757
f 754 675 670
f 758 675 754
f 760 759 676
f 760 676 677
f 673 676 756
f 756 676 759
f 758 678 675
f 761 678 758
f 764 763 762
f 679 680 762
f 763 679 762
f 765 679 763
f 677 679 760
f 760 679 765
f 761 681 678
f 766 681 761
f 769 768 767
f 767 768 764
f 767 764 762
f 683 767 762
f 682 683 762
f 682 762 680
f 766 684 681
f 770 684 766
f 773 772 771
f 771 772 769
f 771 769 767
f 687 771 767
f 686 687 767
f 686 767 683
f 770 688 684
f 774 688 770
f 777 776 775
f 775 776 773
f 775 773 771
f 691 775 771
f 690 691 771
f 690 771 687
f 774 692 688
f 778 692 774
f 777 775 779
f 777 779 780
f 694 779 691
f 691 779 775
f 778 695 692
f 781 695 778
f 780 779 697
f 698 780 697
f 782 780 698
f 697 779 694
f 781 699 695
f 783 699 781
f 786 785 784
f 785 782 784
f 782 701 784
f 782 698 701
f 783 702 699
f 787 702 783
f 786 784 788
f 786 788 789
f 703 788 701
f 701 788 784
f 787 704 702
f 790 704 787
f 789 788 791
f 789 791 792
f 705 791 703
f 703 791 788
f 790 706 704
f 793 706 790
f 792 791 794
f 792 794 795
f 707 794 705
f 705 794 791
f 793 708 706
f 796 708 793
f 795 794 797
f 795 797 798
f 709 797 707
f 707 797 794
f 796 710 708
f 799 710 796
f 798 797 800
f 798 800 801
f 711 800 709
f 709 800 797
f 799 712 710
f 802 712 799
f 801 800 803
f 801 803 804
f 713 803 711
f 711 803 800
f 802 714 712
f 805 714 802
f 804 803 806
f 804 806 807
f 716 806 713
f 713 806 803
f 805 717 714
f 808 717 805
f 809 807 806
f 806 716 809
f 716 810 809
f 716 719 810
f 808 720 717
f 811 720 808
f 719 721 812
f 813 719 812
f 810 719 813
f 723 812 721
f 811 724 720
f 814 724 811
f 813 812 815
f 813 815 816
f 726 815 723
f 723 815 812
f 814 727 724
f 817 727 814
f 818 816 815
f 820 818 819
f 819 818 728
f 818 815 728
f 815 726 728
f 730 819 728
f 817 731 727
f 821 731 817
f 822 820 819
f 824 822 823
f 823 822 732
f 822 819 732
f 819 730 732
f 733 823 732
f 821 734 731
f 825 734 821
f 826 824 823
f 828 826 827
f 827 826 735
f 826 823 735
f 823 733 735
f 736 827 735
f 825 737 734
f 829 737 825
f 830 828 827
f 830 827 736
f 738 830 736
f 831 830 738
f 738 739 831
f 831 739 832
f 829 740 737
f 833 740 829
f 834 832 739
f 834 739 741
f 741 743 834
f 834 743 835
f 833 744 740
f 836 744 833
f 837 835 743
f 837 743 745
f 838 745 746
f 838 837 745
f 746 747 838
f 838 747 839
f 836 748 744
f 840 748 836
f 841 839 747
f 841 747 749
f 842 749 750
f 842 841 749
f 750 748 840
f 750 840 842
f 844 843 751
f 844 751 752
f 751 845 753
f 843 845 751
f 754 753 845
f 754 845 846
f 848 847 755
f 848 755 756
f 755 849 757
f 847 849 755
f 752 757 844
f 844 757 849
f 846 758 754
f 850 758 846
f 853 852 851
f 759 760 851
f 852 759 851
f 854 759 852
f 756 759 848
f 848 759 854
f 850 761 758
f 855 761 850
f 857 856 763
f 857 763 764
f 851 765 853
f 765 856 853
f 765 763 856
f 765 851 760
f 855 766 761
f 858 766 855
f 860 859 768
f 860 768 769
f 764 768 857
f 857 768 859
f 858 770 766
f 861 770 858
f 864 863 862
f 772 773 862
f 863 772 862
f 865 772 863
f 769 772 860
f 860 772 865
f 861 774 770
f 866 774 861
f 864 862 776
f 777 864 776
f 867 864 777
f 776 862 773
f 866 778 774
f 868 778 866
f 780 867 777
f 780 869 867
f 868 781 778
f 870 781 868
f 873 872 871
f 872 869 871
f 869 782 871
f 869 780 782
f 870 783 781
f 874 783 870
f 873 871 785
f 786 873 785
f 875 873 786
f 785 871 782
f 874 787 783
f 876 787 874
f 789 875 786
f 789 877 875
f 876 790 787
f 878 790 876
f 792 880 879
f 877 792 879
f 789 792 877
f 882 881 880
f 880 881 879
f 884 883 882
f 882 883 881
f 886 885 884
f 884 885 883
f 888 887 886
f 886 887 885
f 890 889 888
f 888 889 887
f 892 891 890
f 890 891 889
f 894 893 892
f 892 893 891
f 896 895 894
f 894 895 893
f 898 897 896
f 896 897 895
f 900 899 898
f 898 899 897
f 878 899 900
f 793 878 900
f 790 878 793
f 795 901 880
f 795 880 792
f 880 902 882
f 880 901 902
f 882 903 884
f 882 902 903
f 884 904 886
f 884 903 904
f 886 905 888
f 886 904 905
f 888 906 890
f 888 905 906
f 890 907 892
f 890 906 907
f 892 908 894
f 892 907 908
f 894 909 896
f 894 908 909
f 896 910 898
f 896 909 910
f 898 911 900
f 898 910 911
f 911 796 793
f 911 793 900
f 798 912 901
f 798 901 795
f 901 913 902
f 901 912 913
f 902 914 903
f 902 913 914
f 903 915 904
f 903 914 915
f 904 916 905
f 904 915 916
f 905 917 906
f 905 916 917
f 906 918 907
f 906 917 918
f 907 919 908
f 907 918 919
f 908 920 909
f 908 919 920
f 909 921 910
f 909 920 921
f 910 922 911
f 910 921 922
f 922 799 796
f 922 796 911
f 801 923 912
f 801 912 798
f 912 924 913
f 912 923 924
f 913 925 914
f 913 924 925
f 914 926 915
f 914 925 926
f 915 927 916
f 915 926 927
f 916 928 917
f 916 927 928
f 917 929 918
f 917 928 929
f 918 930 919
f 918 929 930
f 919 931 920
f 919 930 931
f 920 932 921
f 920 931 932
f 921 933 922
f 921 932 933
f 933 802 799
f 933 799 922
f 935 934 923
f 801 935 923
f 804 935 801
f 923 934 924
f 924 934 936
f 924 936 925
f 925 936 937
f 925 937 926
f 926 937 938
f 926 938 927
f 927 938 939
f 927 939 928
f 928 939 940
f 928 940 929
f 929 940 941
f 929 941 930
f 930 941 942
f 930 942 931
f 931 942 943
f 931 943 932
f 932 943 944
f 932 944 933
f 933 944 945
f 802 933 945
f 946 802 945
f 805 802 946
f 807 935 804
f 807 947 935
f 946 808 805
f 948 808 946
f 807 809 949
f 950 807 949
f 947 807 950
f 810 949 809
f 948 811 808
f 951 811 948
f 952 950 949
f 949 810 952
f 810 953 952
f 810 813 953
f 951 814 811
f 954 814 951
f 816 953 813
f 816 955 953
f 954 817 814
f 956 817 954
f 816 818 957
f 958 816 957
f 955 816 958
f 820 957 818
f 956 821 817
f 959 821 956
f 960 958 957
f 960 957 820
f 822 960 820
f 961 960 822
f 822 824 961
f 961 824 962
f 959 825 821
f 963 825 959
f 964 962 824
f 964 824 826
f 826 828 964
f 964 828 965
f 963 829 825
f 966 829 963
f 967 965 828
f 967 828 830
f 969 967 968
f 967 831 968
f 967 830 831
f 832 968 831
f 966 833 829
f 970 833 966
f 971 969 968
f 971 968 832
f 834 971 832
f 972 971 834
f 834 835 972
f 972 835 973
f 970 836 833
f 974 836 970
f 975 973 835
f 975 835 837
f 976 837 838
f 976 975 837
f 838 839 976
f 976 839 977
f 974 840 836
f 978 840 974
f 979 977 839
f 979 839 841
f 980 841 842
f 980 979 841
f 842 840 978
f 842 978 980
f 982 981 843
f 982 843 844
f 843 983 845
f 981 983 843
f 846 845 983
f 846 983 984
f 986 985 847
f 986 847 848
f 847 987 849
f 985 987 847
f 844 849 982
f 982 849 987
f 984 850 846
f 988 850 984
f 990 989 852
f 990 852 853
f 852 991 854
f 989 991 852
f 848 854 986
f 986 854 991
f 988 855 850
f 992 855 988
f 995 994 993
f 856 857 993
f 994 856 993
f 996 856 994
f 853 856 990
f 990 856 996
f 992 858 855
f 997 858 992
f 1000 999 998
f 998 999 995
f 998 995 993
f 860 998 993
f 859 860 993
f 859 993 857
f 997 861 858
f 1001 861 997
f 1003 1002 863
f 1003 863 864
f 998 865 1000
f 865 1002 1000
f 865 863 1002
f 865 998 860
f 1001 866 861
f 1004 866 1001
f 867 1003 864
f 867 1005 1003
f 1004 868 866
f 1006 868 1004
f 1009 1008 1007
f 1008 1005 1007
f 1005 869 1007
f 1005 867 869
f 1006 870 868
f 1010 870 1006
f 1009 1007 872
f 873 1009 872
f 1011 1009 873
f 872 1007 869
f 1010 874 870
f 1012 874 1010
f 875 1014 1013
f 1011 875 1013
f 873 875 1011
f 1016 1015 1014
f 1014 1015 1013
f 1018 1017 1016
f 1016 1017 1015
f 1020 1019 1018
f 1018 1019 1017
f 1022 1021 1020
f 1020 1021 1019
f 1024 1023 1022
f 1022 1023 1021
f 1026 1025 1024
f 1024 1025 1023
f 1028 1027 1026
f 1026 1027 1025
f 1030 1029 1028
f 1028 1029 1027
f 1032 1031 1030
f 1030 1031 1029
f 1034 1033 1032
f 1032 1033 1031
f 1012 1033 1034
f 876 1012 1034
f 874 1012 876
f 877 1035 1014
f 877 1014 875
f 1014 1036 1016
f 1014 1035 1036
f 1016 1037 1018
f 1016 1036 1037
f 1018 1038 1020
f 1018 1037 1038
f 1020 1039 1022
f 1020 1038 1039
f 1022 1040 1024
f 1022 1039 1040
f 1024 1041 1026
f 1024 1040 1041
f 1026 1042 1028
f 1026 1041 1042
f 1028 1043 1030
f 1028 1042 1043
f 1030 1044 1032
f 1030 1043 1044
f 1032 1045 1034
f 1032 1044 1045
f 1045 878 876
f 1045 876 1034
f 879 1035 877
f 1035 879 881
f 1035 881 1036
f 1036 881 883
f 1036 883 1037
f 1037 883 885
f 1037 885 1038
f 1038 885 887
f 1038 887 1039
f 1039 887 889
f 1039 889 1040
f 1040 889 891
f 1040 891 1041
f 1041 891 893
f 1041 893 1042
f 1042 893 895
f 1042 895 1043
f 1043 895 897
f 1043 897 1044
f 1044 897 899
f 1044 899 1045
f 1045 899 878
f 935 1046 934
f 1047 936 934
f 1047 934 1046
f 1048 937 936
f 1048 936 1047
f 1049 938 937
f 1049 937 1048
f 1050 939 938
f 1050 938 1049
f 1051 940 939
f 1051 939 1050
f 1052 941 940
f 1052 940 1051
f 1053 942 941
f 1053 941 1052
f 1054 943 942
f 1054 942 1053
f 1055 944 943
f 1055 943 1054
f 1056 945 944
f 1056 944 1055
f 1056 946 945
f 947 1057 1046
f 947 1046 935
f 1046 1058 1047
f 1046 1057 1058
f 1047 1059 1048
f 1047 1058 1059
f 1048 1060 1049
f 1048 1059 1060
f 1049 1061 1050
f 1049 1060 1061
f 1050 1062 1051
f 1050 1061 1062
f 1051 1063 1052
f 1051 1062 1063
f 1052 1064 1053
f 1052 1063 1064
f 1053 1065 1054
f 1053 1064 1065
f 1054 1066 1055
f 1054 1065 1066
f 1055 1067 1056
f 1055 1066 1067
f 1067 948 946
f 1067 946 1056
f 1069 1068 1057
f 947 1069 1057
f 950 1069 947
f 1057 1068 1058
f 1058 1068 1070
f 1058 1070 1059
f 1059 1070 1071
f 1059 1071 1060
f 1060 1071 1072
f 1060 1072 1061
f 1061 1072 1073
f 1061 1073 1062
f 1062 1073 1074
f 1062 1074 1063
f 1063 1074 1075
f 1063 1075 1064
f 1064 1075 1076
f 1064 1076 1065
f 1065 1076 1077
f 1065 1077 1066
f 1066 1077 1078
f 1066 1078 1067
f 1067 1078 1079
f 948 1067 1079
f 1080 948 1079
f 951 948 1080
f 950 952 1081
f 1082 950 1081
f 1069 950 1082
f 953 1081 952
f 1080 954 951
f 1083 954 1080
f 1084 1082 1081
f 1081 953 1084
f 953 1085 1084
f 953 955 1085
f 1083 956 954
f 1086 956 1083
f 958 1085 955
f 958 1087 1085
f 1086 959 956
f 1088 959 1086
f 1089 1087 958
f 1089 958 960
f 1091 1089 1090
f 1089 961 1090
f 1089 960 961
f 962 1090 961
f 1088 963 959
f 1092 963 1088
f 1093 1091 1090
f 1095 1093 1094
f 1094 1093 964
f 1093 1090 964
f 1090 962 964
f 965 1094 964
f 1092 966 963
f 1096 966 1092
f 1097 1095 1094
f 1097 1094 965
f 967 1097 965
f 1098 1097 967
f 967 969 1098
f 1098 969 1099
f 1096 970 966
f 1100 970 1096
f 1101 1099 969
f 1101 969 971
f 1102 971 972
f 1102 1101 971
f 972 973 1102
f 1102 973 1103
f 1100 974 970
f 1104 974 1100
f 1105 1103 973
f 1105 973 975
f 1106 975 976
f 1106 1105 975
f 976 977 1106
f 1106 977 1107
f 1104 978 974
f 1108 978 1104
f 1109 1107 977
f 1109 977 979
f 1110 979 980
f 1110 1109 979
f 980 978 1108
f 980 1108 1110
f 1112 1111 981
f 1112 981 982
f 981 1113 983
f 1111 1113 981
f 984 983 1113
f 984 1113 1114
f 1116 1115 985
f 1116 985 986
f 985 1117 987
f 1115 1117 985
f 982 987 1112
f 1112 987 1117
f 1114 988 984
f 1118 988 1114
f 1120 1119 989
f 1120 989 990
f 989 1121 991
f 1119 1121 989
f 986 991 1116
f 1116 991 1121
f 1118 992 988
f 1122 992 1118
f 1124 1123 994
f 1124 994 995
f 994 1125 996
f 1123 1125 994
f 990 996 1120
f 1120 996 1125
f 1122 997 992
f 1126 997 1122
f 1129 1128 1127
f 999 1000 1127
f 1128 999 1127
f 1130 999 1128
f 995 999 1124
f 1124 999 1130
f 1126 1001 997
f 1131 1001 1126
f 1129 1127 1002
f 1003 1129 1002
f 1132 1129 1003
f 1002 1127 1000
f 1131 1004 1001
f 1133 1004 1131
f 1136 1135 1134
f 1135 1132 1134
f 1132 1005 1134
f 1132 1003 1005
f 1133 1006 1004
f 1137 1006 1133
f 1136 1134 1008
f 1009 1136 1008
f 1138 1136 1009
f 1008 1134 1005
f 1137 1010 1006
f 1139 1010 1137
f 1011 1141 1140
f 1138 1011 1140
f 1009 1011 1138
f 1143 1142 1141
f 1141 1142 1140
f 1145 1144 1143
f 1143 1144 1142
f 1147 1146 1145
f 1145 1146 1144
f 1149 1148 1147
f 1147 1148 1146
f 1151 1150 1149
f 1149 1150 1148
f 1153 1152 1151
f 1151 1152 1150
f 1155 1154 1153
f 1153 1154 1152
f 1157 1156 1155
f 1155 1156 1154
f 1159 1158 1157
f 1157 1158 1156
f 1161 1160 1159
f 1159 1160 1158
f 1139 1160 1161
f 1012 1139 1161
f 1010 1139 1012
f 1013 1141 1011
f 1141 1013 1015
f 1141 1015 1143
f 1143 1015 1017
f 1143 1017 1145
f 1145 1017 1019
f 1145 1019 1147
f 1147 1019 1021
f 1147 1021 1149
f 1149 1021 1023
f 1149 1023 1151
f 1151 1023 1025
f 1151 1025 1153
f 1153 1025 1027
f 1153 1027 1155
f 1155 1027 1029
f 1155 1029 1157
f 1157 1029 1031
f 1157 1031 1159
f 1159 1031 1033
f 1159 1033 1161
f 1161 1033 1012
f 1069 1162 1068
f 1163 1070 1068
f 1163 1068 1162
f 1164 1071 1070
f 1164 1070 1163
f 1165 1072 1071
f 1165 1071 1164
f 1166 1073 1072
f 1166 1072 1165
f 1167 1074 1073
f 1167 1073 1166
f 1168 1075 1074
f 1168 1074 1167
f 1169 1076 1075
f 1169 1075 1168
f 1170 1077 1076
f 1170 1076 1169
f 1171 1078 1077
f 1171 1077 1170
f 1172 1079 1078
f 1172 1078 1171
f 1172 1080 1079
f 1174 1173 1162
f 1069 1174 1162
f 1082 1174 1069
f 1162 1173 1163
f 1163 1173 1175
f 1163 1175 1164
f 1164 1175 1176
f 1164 1176 1165
f 1165 1176 1177
f 1165 1177 1166
f 1166 1177 1178
f 1166 1178 1167
f 1167 1178 1179
f 1167 1179 1168
f 1168 1179 1180
f 1168 1180 1169
f 1169 1180 1181
f 1169 1181 1170
f 1170 1181 1182
f 1170 1182 1171
f 1171 1182 1183
f 1171 1183 1172
f 1172 1183 1184
f 1080 1172 1184
f 1185 1080 1184
f 1083 1080 1185
f 1082 1084 1186
f 1187 1082 1186
f 1174 1082 1187
f 1085 1186 1084
f 1185 1086 1083
f 1188 1086 1185
f 1189 1187 1186
f 1186 1085 1189
f 1085 1190 1189
f 1085 1087 1190
f 1188 1088 1086
f 1191 1088 1188
f 1087 1089 1192
f 1193 1087 1192
f 1190 1087 1193
f 1091 1192 1089
f 1191 1092 1088
f 1194 1092 1191
f 1195 1193 1192
f 1195 1192 1091
f 1093 1195 1091
f 1196 1195 1093
f 1093 1095 1196
f 1196 1095 1197
f 1194 1096 1092
f 1198 1096 1194
f 1199 1197 1095
f 1199 1095 1097
f 1200 1097 1098
f 1200 1199 1097
f 1098 1099 1200
f 1200 1099 1201
f 1198 1100 1096
f 1202 1100 1198
f 1203 1201 1099
f 1203 1099 1101
f 1204 1101 1102
f 1204 1203 1101
f 1102 1103 1204
f 1204 1103 1205
f 1202 1104 1100
f 1206 1104 1202
f 1207 1205 1103
f 1207 1103 1105
f 1208 1105 1106
f 1208 1207 1105
f 1106 1107 1208
f 1208 1107 1209
f 1206 1108 1104
f 1210 1108 1206
f 1211 1209 1107
f 1211 1107 1109
f 1212 1109 1110
f 1212 1211 1109
f 1110 1108 1210
f 1110 1210 1212
f 1214 1213 1111
f 1214 1111 1112
f 1111 1215 1113
f 1213 1215 1111
f 1114 1113 1215
f 1114 1215 1216
f 1218 1217 1115
f 1218 1115 1116
f 1115 1219 1117
f 1217 1219 1115
f 1112 1117 1214
f 1214 1117 1219
f 1216 1118 1114
f 1220 1118 1216
f 1222 1221 1119
f 1222 1119 1120
f 1119 1223 1121
f 1221 1223 1119
f 1116 1121 1218
f 1218 1121 1223
f 1220 1122 1118
f 1224 1122 1220
f 1226 1225 1123
f 1226 1123 1124
f 1123 1227 1125
f 1225 1227 1123
f 1120 1125 1222
f 1222 1125 1227
f 1224 1126 1122
f 1228 1126 1224
f 1230 1229 1128
f 1230 1128 1129
f 1128 1231 1130
f 1229 1231 1128
f 1124 1130 1226
f 1226 1130 1231
f 1228 1131 1126
f 1232 1131 1228
f 1235 1234 1233
f 1234 1230 1233
f 1230 1132 1233
f 1230 1129 1132
f 1232 1133 1131
f 1236 1133 1232
f 1235 1233 1135
f 1136 1235 1135
f 1237 1235 1136
f 1135 1233 1132
f 1236 1137 1133
f 1238 1137 1236
f 1138 1240 1239
f 1237 1138 1239
f 1136 1138 1237
f 1242 1241 1240
f 1240 1241 1239
f 1244 1243 1242
f 1242 1243 1241
f 1246 1245 1244
f 1244 1245 1243
f 1248 1247 1246
f 1246 1247 1245
f 1250 1249 1248
f 1248 1249 1247
f 1252 1251 1250
f 1250 1251 1249
f 1254 1253 1252
f 1252 1253 1251
f 1256 1255 1254
f 1254 1255 1253
f 1258 1257 1256
f 1256 1257 1255
f 1260 1259 1258
f 1258 1259 1257
f 1238 1259 1260
f 1139 1238 1260
f 1137 1238 1139
f 1140 1240 1138
f 1240 1140 1142
f 1240 1142 1242
f 1242 1142 1144
f 1242 1144 1244
f 1244 1144 1146
f 1244 1146 1246
f 1246 1146 1148
f 1246 1148 1248
f 1248 1148 1150
f 1248 1150 1250
f 1250 1150 1152
f 1250 1152 1252
f 1252 1152 1154
f 1252 1154 1254
f 1254 1154 1156
f 1254 1156 1256
f 1256 1156 1158
f 1256 1158 1258
f 1258 1158 1160
f 1258 1160 1260
f 1260 1160 1139
f 1174 1261 1173
f 1262 1175 1173
f 1262 1173 1261
f 1263 1176 1175
f 1263 1175 1262
f 1264 1177 1176
f 1264 1176 1263
f 1265 1178 1177
f 1265 1177 1264
f 1266 1179 1178
f 1266 1178 1265
f 1267 1180 1179
f 1267 1179 1266
f 1268 1181 1180
f 1268 1180 1267
f 1269 1182 1181
f 1269 1181 1268
f 1270 1183 1182
f 1270 1182 1269
f 1271 1184 1183
f 1271 1183 1270
f 1271 1185 1184
f 1273 1272 1261
f 1174 1273 1261
f 1187 1273 1174
f 1261 1272 1262
f 1262 1272 1274
f 1262 1274 1263
f 1263 1274 1275
f 1263 1275 1264
f 1264 1275 1276
f 1264 1276 1265
f 1265 1276 1277
f 1265 1277 1266
f 1266 1277 1278
f 1266 1278 1267
f 1267 1278 1279
f 1267 1279 1268
f 1268 1279 1280
f 1268 1280 1269
f 1269 1280 1281
f 1269 1281 1270
f 1270 1281 1282
f 1270 1282 1271
f 1271 1282 1283
f 1185 1271 1283
f 1284 1185 1283
f 1188 1185 1284
f 1187 1189 1285
f 1286 1187 1285
f 1273 1187 1286
f 1190 1285 1189
f 1284 1191 1188
f 1287 1191 1284
f 1288 1286 1285
f 1285 1190 1288
f 1190 1289 1288
f 1190 1193 1289
f 1287 1194 1191
f 1290 1194 1287
f 1291 1289 1193
f 1291 1193 1195
f 1292 1195 1196
f 1292 1291 1195
f 1196 1197 1292
f 1292 1197 1293
f 1290 1198 1194
f 1294 1198 1290
f 1295 1293 1197
f 1295 1197 1199
f 1296 1199 1200
f 1296 1295 1199
f 1200 1201 1296
f 1296 1201 1297
f 1294 1202 1198
f 1298 1202 1294
f 1299 1297 1201
f 1299 1201 1203
f 1300 1203 1204
f 1300 1299 1203
f 1204 1205 1300
f 1300 1205 1301
f 1298 1206 1202
f 1302 1206 1298
f 1303 1301 1205
f 1303 1205 1207
f 1304 1207 1208
f 1304 1303 1207
f 1208 1209 1304
f 1304 1209 1305
f 1302 1210 1206
f 1306 1210 1302
f 1307 1305 1209
f 1307 1209 1211
f 1308 1211 1212
f 1308 1307 1211
f 1212 1210 1306
f 1212 1306 1308
f 1310 1309 1213
f 1310 1213 1214
f 1213 1311 1215
f 1309 1311 1213
f 1216 1215 1311
f 1216 1311 1312
f 1314 1313 1217
f 1314 1217 1218
f 1217 1315 1219
f 1313 1315 1217
f 1214 1219 1310
f 1310 1219 1315
f 1312 1220 1216
f 1316 1220 1312
f 1318 1317 1221
f 1318 1221 1222
f 1221 1319 1223
f 1317 1319 1221
f 1218 1223 1314
f 1314 1223 1319
f 1316 1224 1220
f 1320 1224 1316
f 1323 1322 1321
f 1325 1324 1321
f 1325 1321 1322
f 1225 1226 1324
f 1325 1225 1324
f 1326 1225 1325
f 1225 1327 1227
f 1326 1327 1225
f 1222 1227 1318
f 1318 1227 1327
f 1320 1228 1224
f 1328 1228 1320
f 1323 1321 1229
f 1230 1323 1229
f 1329 1323 1230
f 1229 1321 1231
f 1231 1321 1324
f 1231 1324 1226
f 1328 1232 1228
f 1330 1232 1328
f 1332 1331 1234
f 1332 1234 1235
f 1230 1234 1329
f 1329 1234 1331
f 1330 1236 1232
f 1333 1236 1330
f 1237 1332 1235
f 1237 1334 1332
f 1333 1238 1236
f 1335 1238 1333
f 1336 1334 1237
f 1336 1237 1239
f 1337 1239 1241
f 1337 1336 1239
f 1338 1241 1243
f 1338 1337 1241
f 1339 1243 1245
f 1339 1338 1243
f 1340 1245 1247
f 1340 1339 1245
f 1341 1247 1249
f 1341 1340 1247
f 1342 1249 1251
f 1342 1341 1249
f 1343 1251 1253
f 1343 1342 1251
f 1344 1253 1255
f 1344 1343 1253
f 1345 1255 1257
f 1345 1344 1255
f 1346 1257 1259
f 1346 1345 1257
f 1259 1238 1335
f 1259 1335 1346
f 1348 1347 1272
f 1348 1272 1273
f 1272 1349 1274
f 1347 1349 1272
f 1274 1350 1275
f 1349 1350 1274
f 1275 1351 1276
f 1350 1351 1275
f 1276 1352 1277
f 1351 1352 1276
f 1277 1353 1278
f 1352 1353 1277
f 1278 1354 1279
f 1353 1354 1278
f 1279 1355 1280
f 1354 1355 1279
f 1280 1356 1281
f 1355 1356 1280
f 1281 1357 1282
f 1356 1357 1281
f 1282 1358 1283
f 1357 1358 1282
f 1284 1283 1358
f 1284 1358 1359
f 1286 1348 1273
f 1286 1360 1348
f 1359 1287 1284
f 1361 1287 1359
f 1362 1360 1286
f 1362 1286 1288
f 1288 1289 1362
f 1362 1289 1363
f 1361 1290 1287
f 1364 1290 1361
f 1289 1291 1365
f 1366 1289 1365
f 1363 1289 1366
f 1292 1367 1291
f 1291 1367 1365
f 1293 1367 1292
f 1364 1294 1290
f 1368 1294 1364
f 1369 1366 1365
f 1369 1365 1367
f 1369 1367 1370
f 1370 1367 1293
f 1295 1370 1293
f 1371 1370 1295
f 1372 1295 1296
f 1372 1371 1295
f 1296 1297 1372
f 1372 1297 1373
f 1368 1298 1294
f 1374 1298 1368
f 1375 1373 1297
f 1375 1297 1299
f 1376 1299 1300
f 1376 1375 1299
f 1300 1301 1376
f 1376 1301 1377
f 1374 1302 1298
f 1378 1302 1374
f 1379 1377 1301
f 1379 1301 1303
f 1380 1303 1304
f 1380 1379 1303
f 1304 1305 1380
f 1380 1305 1381
f 1378 1306 1302
f 1382 1306 1378
f 1383 1381 1305
f 1383 1305 1307
f 1384 1307 1308
f 1384 1383 1307
f 1308 1306 1382
f 1308 1382 1384
f 1386 1385 1309
f 1386 1309 1310
f 1309 1387 1311
f 1385 1387 1309
f 1312 1311 1387
f 1312 1387 1388
f 1390 1389 1313
f 1390 1313 1314
f 1313 1391 1315
f 1389 1391 1313
f 1310 1315 1386
f 1386 1315 1391
f 1388 1316 1312
f 1392 1316 1388
f 1394 1393 1317
f 1394 1317 1318
f 1317 1395 1319
f 1393 1395 1317
f 1314 1319 1390
f 1390 1319 1395
f 1392 1320 1316
f 1396 1320 1392
f 1398 1397 1322
f 1398 1322 1323
f 1322 1399 1325
f 1397 1399 1322
f 1325 1400 1326
f 1399 1400 1325
f 1326 1401 1327
f 1400 1401 1326
f 1318 1327 1394
f 1394 1327 1401
f 1396 1328 1320
f 1402 1328 1396
f 1329 1398 1323
f 1329 1403 1398
f 1402 1330 1328
f 1404 1330 1402
f 1406 1405 1331
f 1406 1331 1332
f 1329 1331 1403
f 1403 1331 1405
f 1404 1333 1330
f 1407 1333 1404
f 1334 1409 1408
f 1406 1334 1408
f 1332 1334 1406
f 1411 1410 1409
f 1409 1410 1408
f 1413 1412 1411
f 1411 1412 1410
f 1415 1414 1413
f 1413 1414 1412
f 1417 1416 1415
f 1415 1416 1414
f 1419 1418 1417
f 1417 1418 1416
f 1421 1420 1419
f 1419 1420 1418
f 1423 1422 1421
f 1421 1422 1420
f 1425 1424 1423
f 1423 1424 1422
f 1427 1426 1425
f 1425 1426 1424
f 1429 1428 1427
f 1427 1428 1426
f 1407 1428 1429
f 1335 1407 1429
f 1333 1407 1335
f 1336 1409 1334
f 1409 1336 1337
f 1409 1337 1411
f 1411 1337 1338
f 1411 1338 1413
f 1413 1338 1339
f 1413 1339 1415
f 1415 1339 1340
f 1415 1340 1417
f 1417 1340 1341
f 1417 1341 1419
f 1419 1341 1342
f 1419 1342 1421
f 1421 1342 1343
f 1421 1343 1423
f 1423 1343 1344
f 1423 1344 1425
f 1425 1344 1345
f 1425 1345 1427
f 1427 1345 1346
f 1427 1346 1429
f 1429 1346 1335
f 1348 1430 1347
f 1431 1349 1347
f 1431 1347 1430
f 1432 1350 1349
f 1432 1349 1431
f 1433 1351 1350
f 1433 1350 1432
f 1434 1352 1351
f 1434 1351 1433
f 1435 1353 1352
f 1435 1352 1434
f 1436 1354 1353
f 1436 1353 1435
f 1437 1355 1354
f 1437 1354 1436
f 1438 1356 1355
f 1438 1355 1437
f 1439 1357 1356
f 1439 1356 1438
f 1440 1358 1357
f 1440 1357 1439
f 1440 1359 1358
f 1442 1441 1430
f 1348 1442 1430
f 1360 1442 1348
f 1430 1441 1431
f 1431 1441 1443
f 1431 1443 1432
f 1432 1443 1444
f 1432 1444 1433
f 1433 1444 1445
f 1433 1445 1434
f 1434 1445 1446
f 1434 1446 1435
f 1435 1446 1447
f 1435 1447 1436
f 1436 1447 1448
f 1436 1448 1437
f 1437 1448 1449
f 1437 1449 1438
f 1438 1449 1450
f 1438 1450 1439
f 1439 1450 1451
f 1439 1451 1440
f 1440 1451 1452
f 1359 1440 1452
f 1453 1359 1452
f 1361 1359 1453
f 1454 1442 1360
f 1454 1360 1362
f 1362 1363 1454
f 1454 1363 1455
f 1453 1364 1361
f 1456 1364 1453
f 1366 1455 1363
f 1366 1457 1455
f 1456 1368 1364
f 1458 1368 1456
f 1459 1457 1366
f 1459 1366 1369
f 1460 1369 1370
f 1460 1459 1369
f 1461 1370 1371
f 1461 1460 1370
f 1462 1371 1372
f 1462 1461 1371
f 1372 1373 1462
f 1462 1373 1463
f 1458 1374 1368
f 1464 1374 1458
f 1465 1463 1373
f 1465 1373 1375
f 1466 1375 1376
f 1466 1465 1375
f 1376 1377 1466
f 1466 1377 1467
f 1464 1378 1374
f 1468 1378 1464
f 1469 1467 1377
f 1469 1377 1379
f 1470 1379 1380
f 1470 1469 1379
f 1380 1381 1470
f 1470 1381 1471
f 1468 1382 1378
f 1472 1382 1468
f 1473 1471 1381
f 1473 1381 1383
f 1474 1383 1384
f 1474 1473 1383
f 1384 1382 1472
f 1384 1472 1474
f 1476 1475 1385
f 1476 1385 1386
f 1385 1477 1387
f 1475 1477 1385
f 1388 1387 1477
f 1388 1477 1478
f 1480 1479 1389
f 1480 1389 1390
f 1389 1481 1391
f 1479 1481 1389
f 1386 1391 1476
f 1476 1391 1481
f 1478 1392 1388
f 1482 1392 1478
f 1484 1483 1393
f 1484 1393 1394
f 1393 1485 1395
f 1483 1485 1393
f 1390 1395 1480
f 1480 1395 1485
f 1482 1396 1392
f 1486 1396 1482
f 1488 1487 1397
f 1488 1397 1398
f 1397 1489 1399
f 1487 1489 1397
f 1399 1490 1400
f 1489 1490 1399
f 1400 1491 1401
f 1490 1491 1400
f 1394 1401 1484
f 1484 1401 1491
f 1486 1402 1396
f 1492 1402 1486
f 1403 1488 1398
f 1403 1493 1488
f 1492 1404 1402
f 1494 1404 1492
f 1496 1495 1405
f 1496 1405 1406
f 1403 1405 1493
f 1493 1405 1495
f 1494 1407 1404
f 1497 1407 1494
f 1498 1496 1406
f 1498 1406 1408
f 1499 1408 1410
f 1499 1498 1408
f 1500 1410 1412
f 1500 1499 1410
f 1501 1412 1414
f 1501 1500 1412
f 1502 1414 1416
f 1502 1501 1414
f 1503 1416 1418
f 1503 1502 1416
f 1504 1418 1420
f 1504 1503 1418
f 1505 1420 1422
f 1505 1504 1420
f 1506 1422 1424
f 1506 1505 1422
f 1507 1424 1426
f 1507 1506 1424
f 1508 1426 1428
f 1508 1507 1426
f 1428 1407 1497
f 1428 1497 1508
f 1510 1509 1441
f 1510 1441 1442
f 1441 1511 1443
f 1509 1511 1441
f 1443 1512 1444
f 1511 1512 1443
f 1444 1513 1445
f 1512 1513 1444
f 1445 1514 1446
f 1513 1514 1445
f 1446 1515 1447
f 1514 1515 1446
f 1447 1516 1448
f 1515 1516 1447
f 1448 1517 1449
f 1516 1517 1448
f 1449 1518 1450
f 1517 1518 1449
f 1450 1519 1451
f 1518 1519 1450
f 1451 1520 1452
f 1519 1520 1451
f 1453 1452 1520
f 1453 1520 1521
f 1522 1510 1442
f 1522 1442 1454
f 1454 1455 1522
f 1522 1455 1523
f 1521 1456 1453
f 1524 1456 1521
f 1457 1523 1455
f 1457 1525 1523
f 1524 1458 1456
f 1526 1458 1524
f 1527 1525 1457
f 1527 1457 1459
f 1528 1459 1460
f 1528 1527 1459
f 1529 1460 1461
f 1529 1528 1460
f 1530 1461 1462
f 1530 1529 1461
f 1462 1463 1530
f 1530 1463 1531
f 1526 1464 1458
f 1532 1464 1526
f 1533 1531 1463
f 1533 1463 1465
f 1534 1465 1466
f 1534 1533 1465
f 1466 1467 1534
f 1534 1467 1535
f 1532 1468 1464
f 1536 1468 1532
f 1537 1535 1467
f 1537 1467 1469
f 1538 1469 1470
f 1538 1537 1469
f 1470 1471 1538
f 1538 1471 1539
f 1536 1472 1468
f 1540 1472 1536
f 1541 1539 1471
f 1541 1471 1473
f 1542 1473 1474
f 1542 1541 1473
f 1474 1472 1540
f 1474 1540 1542
f 1544 1543 1475
f 1544 1475 1476
f 1475 1545 1477
f 1543 1545 1475
f 1478 1477 1545
f 1478 1545 1546
f 1548 1547 1479
f 1548 1479 1480
f 1479 1549 1481
f 1547 1549 1479
f 1476 1481 1544
f 1544 1481 1549
f 1546 1482 1478
f 1550 1482 1546
f 1552 1551 1483
f 1552 1483 1484
f 1483 1553 1485
f 1551 1553 1483
f 1480 1485 1548
f 1548 1485 1553
f 1550 1486 1482
f 1554 1486 1550
f 1556 1555 1487
f 1556 1487 1488
f 1487 1557 1489
f 1555 1557 1487
f 1489 1558 1490
f 1557 1558 1489
f 1490 1559 1491
f 1558 1559 1490
f 1484 1491 1552
f 1552 1491 1559
f 1554 1492 1486
f 1560 1492 1554
f 1493 1556 1488
f 1493 1561 1556
f 1560 1494 1492
f 1562 1494 1560
f 1564 1563 1495
f 1564 1495 1496
f 1493 1495 1561
f 1561 1495 1563
f 1562 1497 1494
f 1565 1497 1562
f 1566 1564 1496
f 1566 1496 1498
f 1567 1498 1499
f 1567 1566 1498
f 1568 1499 1500
f 1568 1567 1499
f 1569 1500 1501
f 1569 1568 1500
f 1570 1501 1502
f 1570 1569 1501
f 1571 1502 1503
f 1571 1570 1502
f 1572 1503 1504
f 1572 1571 1503
f 1573 1504 1505
f 1573 1572 1504
f 1574 1505 1506
f 1574 1573 1505
f 1575 1506 1507
f 1575 1574 1506
f 1576 1507 1508
f 1576 1575 1507
f 1508 1497 1565
f 1508 1565 1576
f 1578 1577 1509
f 1578 1509 1510
f 1509 1579 1511
f 1577 1579 1509
f 1511 1580 1512
f 1579 1580 1511
f 1512 1581 1513
f 1580 1581 1512
f 1513 1582 1514
f 1581 1582 1513
f 1514 1583 1515
f 1582 1583 1514
f 1515 1584 1516
f 1583 1584 1515
f 1516 1585 1517
f 1584 1585 1516
f 1517 1586 1518
f 1585 1586 1517
f 1518 1587 1519
f 1586 1587 1518
f 1519 1588 1520
f 1587 1588 1519
f 1521 1520 1588
f 1521 1588 1589
f 1590 1578 1510
f 1590 1510 1522
f 1522 1523 1590
f 1590 1523 1591
f 1589 1524 1521
f 1592 1524 1589
f 1525 1591 1523
f 1525 1593 1591
f 1592 1526 1524
f 1594 1526 1592
f 1595 1593 1525
f 1595 1525 1527
f 1596 1527 1528
f 1596 1595 1527
f 1597 1528 1529
f 1597 1596 1528
f 1598 1529 1530
f 1598 1597 1529
f 1530 1531 1598
f 1598 1531 1599
f 1594 1532 1526
f 1600 1532 1594
f 1601 1599 1531
f 1601 1531 1533
f 1602 1533 1534
f 1602 1601 1533
f 1534 1535 1602
f 1602 1535 1603
f 1600 1536 1532
f 1604 1536 1600
f 1605 1603 1535
f 1605 1535 1537
f 1606 1537 1538
f 1606 1605 1537
f 1538 1539 1606
f 1606 1539 1607
f 1604 1540 1536
f 1608 1540 1604
f 1609 1607 1539
f 1609 1539 1541
f 1610 1541 1542
f 1610 1609 1541
f 1542 1540 1608
f 1542 1608 1610
f 1612 1611 1543
f 1612 1543 1544
f 1543 1613 1545
f 1611 1613 1543
f 1546 1545 1613
f 1546 1613 1614
f 1616 1615 1547
f 1616 1547 1548
f 1547 1617 1549
f 1615 1617 1547
f 1544 1549 1612
f 1612 1549 1617
f 1614 1550 1546
f 1618 1550 1614
f 1620 1619 1551
f 1620 1551 1552
f 1551 1621 1553
f 1619 1621 1551
f 1548 1553 1616
f 1616 1553 1621
f 1618 1554 1550
f 1622 1554 1618
f 1624 1623 1555
f 1624 1555 1556
f 1555 1625 1557
f 1623 1625 1555
f 1557 1626 1558
f 1625 1626 1557
f 1558 1627 1559
f 1626 1627 1558
f 1552 1559 1620
f 1620 1559 1627
f 1622 1560 1554
f 1628 1560 1622
f 1561 1624 1556
f 1561 1629 1624
f 1628 1562 1560
f 1630 1562 1628
f 1632 1631 1563
f 1632 1563 1564
f 1561 1563 1629
f 1629 1563 1631
f 1630 1565 1562
f 1633 1565 1630
f 1634 1632 1564
f 1634 1564 1566
f 1635 1566 1567
f 1635 1634 1566
f 1636 1567 1568
f 1636 1635 1567
f 1637 1568 1569
f 1637 1636 1568
f 1638 1569 1570
f 1638 1637 1569
f 1639 1570 1571
f 1639 1638 1570
f 1640 1571 1572
f 1640 1639 1571
f 1641 1572 1573
f 1641 1640 1572
f 1642 1573 1574
f 1642 1641 1573
f 1643 1574 1575
f 1643 1642 1574
f 1644 1575 1576
f 1644 1643 1575
f 1576 1565 1633
f 1576 1633 1644
f 1646 1645 1577
f 1646 1577 1578
f 1577 1647 1579
f 1645 1647 1577
f 1579 1648 1580
f 1647 1648 1579
f 1580 1649 1581
f 1648 1649 1580
f 1581 1650 1582
f 1649 1650 1581
f 1582 1651 1583
f 1650 1651 1582
f 1583 1652 1584
f 1651 1652 1583
f 1584 1653 1585
f 1652 1653 1584
f 1585 1654 1586
f 1653 1654 1585
f 1586 1655 1587
f 1654 1655 1586
f 1587 1656 1588
f 1655 1656 1587
f 1589 1588 1656
f 1589 1656 1657
f 1658 1646 1578
f 1658 1578 1590
f 1590 1591 1658
f 1658 1591 1659
f 1657 1592 1589
f 1660 1592 1657
f 1593 1659 1591
f 1593 1661 1659
f 1660 1594 1592
f 1662 1594 1660
f 1663 1661 1593
f 1663 1593 1595
f 1664 1595 1596
f 1664 1663 1595
f 1665 1596 1597
f 1665 1664 1596
f 1666 1597 1598
f 1666 1665 1597
f 1598 1599 1666
f 1666 1599 1667
f 1662 1600 1594
f 1668 1600 1662
f 1669 1667 1599
f 1669 1599 1601
f 1670 1601 1602
f 1670 1669 1601
f 1602 1603 1670
f 1670 1603 1671
f 1668 1604 1600
f 1672 1604 1668
f 1673 1671 1603
f 1673 1603 1605
f 1674 1605 1606
f 1674 1673 1605
f 1606 1607 1674
f 1674 1607 1675
f 1672 1608 1604
f 1676 1608 1672
f 1677 1675 1607
f 1677 1607 1609
f 1678 1609 1610
f 1678 1677 1609
f 1610 1608 1676
f 1610 1676 1678
f 1680 1679 1611
f 1680 1611 1612
f 1611 1681 1613
f 1679 1681 1611
f 1614 1613 1681
f 1614 1681 1682
f 1684 1683 1615
f 1684 1615 1616
f 1615 1685 1617
f 1683 1685 1615
f 1612 1617 1680
f 1680 1617 1685
f 1682 1618 1614
f 1686 1618 1682
f 1688 1687 1619
f 1688 1619 1620
f 1619 1689 1621
f 1687 1689 1619
f 1616 1621 1684
f 1684 1621 1689
f 1686 1622 1618
f 1690 1622 1686
f 1692 1691 1623
f 1692 1623 1624
f 1623 1693 1625
f 1691 1693 1623
f 1625 1694 1626
f 1693 1694 1625
f 1626 1695 1627
f 1694 1695 1626
f 1620 1627 1688
f 1688 1627 1695
f 1690 1628 1622
f 1696 1628 1690
f 1629 1692 1624
f 1629 1697 1692
f 1696 1630 1628
f 1698 1630 1696
f 1700 1699 1631
f 1700 1631 1632
f 1629 1631 1697
f 1697 1631 1699
f 1698 1633 1630
f 1701 1633 1698
f 1632 1634 1702
f 1703 1632 1702
f 1700 1632 1703
f 1635 1704 1634
f 1634 1704 1702
f 1636 1705 1635
f 1635 1705 1704
f 1637 1706 1636
f 1636 1706 1705
f 1638 1707 1637
f 1637 1707 1706
f 1639 1708 1638
f 1638 1708 1707
f 1640 1709 1639
f 1639 1709 1708
f 1641 1710 1640
f 1640 1710 1709
f 1642 1711 1641
f 1641 1711 1710
f 1643 1712 1642
f 1642 1712 1711
f 1644 1713 1643
f 1643 1713 1712
f 1714 1713 1644
f 1633 1714 1644
f 1701 1714 1633
f 1715 1703 1702
f 1715 1702 1704
f 1715 1704 1716
f 1716 1704 1705
f 1716 1705 1717
f 1717 1705 1706
f 1717 1706 1718
f 1718 1706 1707
f 1718 1707 1719
f 1719 1707 1708
f 1719 1708 1720
f 1720 1708 1709
f 1720 1709 1721
f 1721 1709 1710
f 1721 1710 1722
f 1722 1710 1711
f 1722 1711 1723
f 1723 1711 1712
f 1723 1712 1724
f 1724 1712 1713
f 1724 1713 1725
f 1725 1713 1714
f 1728 1727 1726
f 1730 1729 1726
f 1730 1726 1727
f 1732 1731 1729
f 1732 1729 1730
f 1734 1733 1731
f 1734 1731 1732
f 1736 1735 1733
f 1736 1733 1734
f 1738 1737 1735
f 1738 1735 1736
f 1740 1739 1737
f 1740 1737 1738
f 1742 1741 1739
f 1742 1739 1740
f 1744 1743 1741
f 1744 1741 1742
f 1746 1745 1743
f 1746 1743 1744
f 1748 1747 1745
f 1748 1745 1746
f 1749 1747 1748
f 1728 1726 1645
f 1646 1728 1645
f 1750 1728 1646
f 1645 1726 1647
f 1647 1726 1729
f 1647 1729 1648
f 1648 1729 1731
f 1648 1731 1649
f 1649 1731 1733
f 1649 1733 1650
f 1650 1733 1735
f 1650 1735 1651
f 1651 1735 1737
f 1651 1737 1652
f 1652 1737 1739
f 1652 1739 1653
f 1653 1739 1741
f 1653 1741 1654
f 1654 1741 1743
f 1654 1743 1655
f 1655 1743 1745
f 1655 1745 1656
f 1656 1745 1747
f 1657 1656 1747
f 1749 1657 1747
f 1751 1657 1749
f 1752 1750 1646
f 1752 1646 1658
f 1658 1659 1752
f 1752 1659 1753
f 1751 1660 1657
f 1754 1660 1751
f 1661 1753 1659
f 1661 1755 1753
f 1754 1662 1660
f 1756 1662 1754
f 1757 1755 1661
f 1757 1661 1663
f 1758 1663 1664
f 1758 1757 1663
f 1759 1664 1665
f 1759 1758 1664
f 1760 1665 1666
f 1760 1759 1665
f 1666 1667 1760
f 1760 1667 1761
f 1756 1668 1662
f 1762 1668 1756
f 1763 1761 1667
f 1763 1667 1669
f 1764 1669 1670
f 1764 1763 1669
f 1670 1671 1764
f 1764 1671 1765
f 1762 1672 1668
f 1766 1672 1762
f 1767 1765 1671
f 1767 1671 1673
f 1768 1673 1674
f 1768 1767 1673
f 1674 1675 1768
f 1768 1675 1769
f 1766 1676 1672
f 1770 1676 1766
f 1771 1769 1675
f 1771 1675 1677
f 1772 1677 1678
f 1772 1771 1677
f 1678 1676 1770
f 1678 1770 1772
f 1774 1773 1679
f 1774 1679 1680
f 1679 1775 1681
f 1773 1775 1679
f 1682 1681 1775
f 1682 1775 1776
f 1778 1777 1683
f 1778 1683 1684
f 1683 1779 1685
f 1777 1779 1683
f 1680 1685 1774
f 1774 1685 1779
f 1776 1686 1682
f 1780 1686 1776
f 1782 1781 1687
f 1782 1687 1688
f 1687 1783 1689
f 1781 1783 1687
f 1684 1689 1778
f 1778 1689 1783
f 1780 1690 1686
f 1784 1690 1780
f 1692 1785 1691
f 1786 1693 1691
f 1786 1691 1785
f 1693 1786 1787
f 1788 1693 1787
f 1694 1693 1788
f 1694 1789 1695
f 1788 1789 1694
f 1688 1695 1782
f 1782 1695 1789
f 1784 1696 1690
f 1790 1696 1784
f 1792 1791 1785
f 1692 1792 1785
f 1697 1792 1692
f 1785 1791 1786
f 1786 1791 1793
f 1786 1793 1787
f 1790 1698 1696
f 1794 1698 1790
f 1796 1795 1699
f 1796 1699 1700
f 1697 1699 1792
f 1792 1699 1795
f 1794 1701 1698
f 1797 1701 1794
f 1703 1796 1700
f 1703 1798 1796
f 1797 1714 1701
f 1799 1714 1797
f 1800 1798 1703
f 1800 1703 1715
f 1801 1715 1716
f 1801 1800 1715
f 1802 1716 1717
f 1802 1801 1716
f 1803 1717 1718
f 1803 1802 1717
f 1804 1718 1719
f 1804 1803 1718
f 1805 1719 1720
f 1805 1804 1719
f 1806 1720 1721
f 1806 1805 1720
f 1807 1721 1722
f 1807 1806 1721
f 1808 1722 1723
f 1808 1807 1722
f 1809 1723 1724
f 1809 1808 1723
f 1810 1724 1725
f 1810 1809 1724
f 1725 1714 1799
f 1725 1799 1810
f 1812 1811 1727
f 1812 1727 1728
f 1727 1813 1730
f 1811 1813 1727
f 1730 1814 1732
f 1813 1814 1730
f 1732 1815 1734
f 1814 1815 1732
f 1734 1816 1736
f 1815 1816 1734
f 1736 1817 1738
f 1816 1817 1736
f 1738 1818 1740
f 1817 1818 1738
f 1740 1819 1742
f 1818 1819 1740
f 1742 1820 1744
f 1819 1820 1742
f 1744 1821 1746
f 1820 1821 1744
f 1746 1822 1748
f 1821 1822 1746
f 1749 1748 1822
f 1749 1822 1823
f 1750 1812 1728
f 1750 1824 1812
f 1823 1751 1749
f 1825 1751 1823
f 1826 1824 1750
f 1826 1750 1752
f 1752 1753 1826
f 1826 1753 1827
f 1825 1754 1751
f 1828 1754 1825
f 1755 1830 1829
f 1827 1755 1829
f 1753 1755 1827
f 1832 1831 1830
f 1830 1831 1829
f 1832 1833 1831
f 1828 1756 1754
f 1834 1756 1828
f 1757 1830 1755
f 1830 1757 1758
f 1830 1758 1832
f 1835 1833 1832
f 1758 1835 1832
f 1759 1835 1758
f 1836 1759 1760
f 1836 1835 1759
f 1760 1761 1836
f 1836 1761 1837
f 1834 1762 1756
f 1838 1762 1834
f 1839 1837 1761
f 1839 1761 1763
f 1840 1763 1764
f 1840 1839 1763
f 1764 1765 1840
f 1840 1765 1841
f 1838 1766 1762
f 1842 1766 1838
f 1843 1841 1765
f 1843 1765 1767
f 1844 1767 1768
f 1844 1843 1767
f 1768 1769 1844
f 1844 1769 1845
f 1842 1770 1766
f 1846 1770 1842
f 1847 1845 1769
f 1847 1769 1771
f 1848 1771 1772
f 1848 1847 1771
f 1772 1770 1846
f 1772 1846 1848
f 1850 1849 1773
f 1850 1773 1774
f 1773 1851 1775
f 1849 1851 1773
f 1776 1775 1851
f 1776 1851 1852
f 1854 1853 1777
f 1854 1777 1778
f 1777 1855 1779
f 1853 1855 1777
f 1774 1779 1850
f 1850 1779 1855
f 1852 1780 1776
f 1856 1780 1852
f 1858 1857 1781
f 1858 1781 1782
f 1781 1859 1783
f 1857 1859 1781
f 1778 1783 1854
f 1854 1783 1859
f 1856 1784 1780
f 1860 1784 1856
f 1862 1861 1788
f 1862 1788 1787
f 1788 1863 1789
f 1861 1863 1788
f 1782 1789 1858
f 1858 1789 1863
f 1860 1790 1784
f 1864 1790 1860
f 1866 1865 1791
f 1866 1791 1792
f 1791 1867 1793
f 1865 1867 1791
f 1787 1793 1862
f 1862 1793 1867
f 1864 1794 1790
f 1868 1794 1864
f 1796 1869 1795
f 1869 1870 1795
f 1870 1792 1795
f 1870 1866 1792
f 1868 1797 1794
f 1871 1797 1868
f 1873 1872 1869
f 1796 1873 1869
f 1798 1873 1796
f 1869 1872 1870
f 1871 1799 1797
f 1874 1799 1871
f 1798 1800 1875
f 1876 1798 1875
f 1873 1798 1876
f 1801 1877 1800
f 1800 1877 1875
f 1802 1878 1801
f 1801 1878 1877
f 1803 1879 1802
f 1802 1879 1878
f 1804 1880 1803
f 1803 1880 1879
f 1805 1881 1804
f 1804 1881 1880
f 1806 1882 1805
f 1805 1882 1881
f 1807 1883 1806
f 1806 1883 1882
f 1808 1884 1807
f 1807 1884 1883
f 1809 1885 1808
f 1808 1885 1884
f 1810 1886 1809
f 1809 1886 1885
f 1887 1886 1810
f 1799 1887 1810
f 1874 1887 1799
f 1888 1876 1875
f 1888 1875 1877
f 1888 1877 1889
f 1889 1877 1878
f 1889 1878 1890
f 1890 1878 1879
f 1890 1879 1891
f 1891 1879 1880
f 1891 1880 1892
f 1892 1880 1881
f 1892 1881 1893
f 1893 1881 1882
f 1893 1882 1894
f 1894 1882 1883
f 1894 1883 1895
f 1895 1883 1884
f 1895 1884 1896
f 1896 1884 1885
f 1896 1885 1897
f 1897 1885 1886
f 1897 1886 1898
f 1898 1886 1887
f 1901 1900 1899
f 1903 1902 1899
f 1903 1899 1900
f 1905 1904 1902
f 1905 1902 1903
f 1907 1906 1904
f 1907 1904 1905
f 1909 1908 1906
f 1909 1906 1907
f 1911 1910 1908
f 1911 1908 1909
f 1913 1912 1910
f 1913 1910 1911
f 1915 1914 1912
f 1915 1912 1913
f 1917 1916 1914
f 1917 1914 1915
f 1919 1918 1916
f 1919 1916 1917
f 1921 1920 1918
f 1921 1918 1919
f 1922 1920 1921
f 1901 1899 1811
f 1812 1901 1811
f 1923 1901 1812
f 1811 1899 1813
f 1813 1899 1902
f 1813 1902 1814
f 1814 1902 1904
f 1814 1904 1815
f 1815 1904 1906
f 1815 1906 1816
f 1816 1906 1908
f 1816 1908 1817
f 1817 1908 1910
f 1817 1910 1818
f 1818 1910 1912
f 1818 1912 1819
f 1819 1912 1914
f 1819 1914 1820
f 1820 1914 1916
f 1820 1916 1821
f 1821 1916 1918
f 1821 1918 1822
f 1822 1918 1920
f 1823 1822 1920
f 1922 1823 1920
f 1924 1823 1922
f 1824 1926 1925
f 1923 1824 1925
f 1812 1824 1923
f 1926 1927 1925
f 1924 1825 1823
f 1928 1825 1924
f 1826 1926 1824
f 1826 1827 1926
f 1827 1927 1926
f 1827 1929 1927
f 1928 1828 1825
f 1930 1828 1928
f 1931 1929 1827
f 1931 1827 1829
f 1932 1829 1831
f 1932 1931 1829
f 1831 1833 1932
f 1932 1833 1933
f 1930 1834 1828
f 1934 1834 1930
f 1935 1933 1833
f 1935 1833 1835
f 1936 1835 1836
f 1936 1935 1835
f 1836 1837 1936
f 1936 1837 1937
f 1934 1838 1834
f 1938 1838 1934
f 1939 1937 1837
f 1939 1837 1839
f 1940 1839 1840
f 1940 1939 1839
f 1840 1841 1940
f 1940 1841 1941
f 1938 1842 1838
f 1942 1842 1938
f 1943 1941 1841
f 1943 1841 1843
f 1944 1843 1844
f 1944 1943 1843
f 1844 1845 1944
f 1944 1845 1945
f 1942 1846 1842
f 1946 1846 1942
f 1947 1945 1845
f 1947 1845 1847
f 1948 1847 1848
f 1948 1947 1847
f 1848 1846 1946
f 1848 1946 1948
f 1950 1949 1849
f 1950 1849 1850
f 1849 1951 1851
f 1949 1951 1849
f 1852 1851 1951
f 1852 1951 1952
f 1954 1953 1853
f 1954 1853 1854
f 1853 1955 1855
f 1953 1955 1853
f 1850 1855 1950
f 1950 1855 1955
f 1952 1856 1852
f 1956 1856 1952
f 1958 1957 1857
f 1958 1857 1858
f 1857 1959 1859
f 1957 1959 1857
f 1854 1859 1954
f 1954 1859 1959
f 1956 1860 1856
f 1960 1860 1956
f 1962 1961 1861
f 1962 1861 1862
f 1861 1963 1863
f 1961 1963 1861
f 1858 1863 1958
f 1958 1863 1963
f 1960 1864 1860
f 1964 1864 1960
f 1866 1965 1865
f 1865 1965 1966
f 1967 1865 1966
f 1867 1865 1967
f 1862 1867 1962
f 1962 1867 1967
f 1964 1868 1864
f 1968 1868 1964
f 1970 1969 1965
f 1866 1970 1965
f 1870 1970 1866
f 1965 1969 1966
f 1968 1871 1868
f 1971 1871 1968
f 1873 1972 1872
f 1972 1973 1872
f 1973 1870 1872
f 1973 1970 1870
f 1971 1874 1871
f 1974 1874 1971
f 1976 1975 1972
f 1873 1976 1972
f 1876 1976 1873
f 1972 1975 1973
f 1974 1887 1874
f 1977 1887 1974
f 1876 1888 1978
f 1979 1876 1978
f 1976 1876 1979
f 1889 1980 1888
f 1888 1980 1978
f 1890 1981 1889
f 1889 1981 1980
f 1891 1982 1890
f 1890 1982 1981
f 1892 1983 1891
f 1891 1983 1982
f 1893 1984 1892
f 1892 1984 1983
f 1894 1985 1893
f 1893 1985 1984
f 1895 1986 1894
f 1894 1986 1985
f 1896 1987 1895
f 1895 1987 1986
f 1897 1988 1896
f 1896 1988 1987
f 1898 1989 1897
f 1897 1989 1988
f 1990 1989 1898
f 1887 1990 1898
f 1977 1990 1887
f 1991 1979 1978
f 1991 1978 1980
f 1991 1980 1992
f 1992 1980 1981
f 1992 1981 1993
f 1993 1981 1982
f 1993 1982 1994
f 1994 1982 1983
f 1994 1983 1995
f 1995 1983 1984
f 1995 1984 1996
f 1996 1984 1985
f 1996 1985 1997
f 1997 1985 1986
f 1997 1986 1998
f 1998 1986 1987
f 1998 1987 1999
f 1999 1987 1988
f 1999 1988 2000
f 2000 1988 1989
f 2000 1989 2001
f 2001 1989 1990
f 2004 2003 2002
f 2006 2005 2002
f 2006 2002 2003
f 2008 2007 2005
f 2008 2005 2006
f 2010 2009 2007
f 2010 2007 2008
f 2012 2011 2009
f 2012 2009 2010
f 2014 2013 2011
f 2014 2011 2012
f 2016 2015 2013
f 2016 2013 2014
f 2018 2017 2015
f 2018 2015 2016
f 2020 2019 2017
f 2020 2017 2018
f 2022 2021 2019
f 2022 2019 2020
f 2024 2023 2021
f 2024 2021 2022
f 2025 2023 2024
f 2004 2002 1900
f 1901 2004 1900
f 2026 2004 1901
f 1900 2002 1903
f 1903 2002 2005
f 1903 2005 1905
f 1905 2005 2007
f 1905 2007 1907
f 1907 2007 2009
f 1907 2009 1909
f 1909 2009 2011
f 1909 2011 1911
f 1911 2011 2013
f 1911 2013 1913
f 1913 2013 2015
f 1913 2015 1915
f 1915 2015 2017
f 1915 2017 1917
f 1917 2017 2019
f 1917 2019 1919
f 1919 2019 2021
f 1919 2021 1921
f 1921 2021 2023
f 1922 1921 2023
f 2025 1922 2023
f 2027 1922 2025
f 1923 2029 2028
f 2026 1923 2028
f 1901 1923 2026
f 2029 2030 2028
f 2027 1924 1922
f 2031 1924 2027
f 1925 2029 1923
f 1925 1927 2029
f 1927 2030 2029
f 1927 2032 2030
f 2031 1928 1924
f 2033 1928 2031
f 1929 2035 2034
f 2032 1929 2034
f 1927 1929 2032
f 2035 2036 2034
f 2033 1930 1928
f 2037 1930 2033
f 1931 2035 1929
f 2038 2036 2035
f 1931 2038 2035
f 1932 2038 1931
f 1932 1933 2038
f 2038 1933 2039
f 2037 1934 1930
f 2040 1934 2037
f 2041 2039 1933
f 2041 1933 1935
f 2042 1935 1936
f 2042 2041 1935
f 1936 1937 2042
f 2042 1937 2043
f 2040 1938 1934
f 2044 1938 2040
f 2045 2043 1937
f 2045 1937 1939
f 2046 1939 1940
f 2046 2045 1939
f 1940 1941 2046
f 2046 1941 2047
f 2044 1942 1938
f 2048 1942 2044
f 2049 2047 1941
f 2049 1941 1943
f 2050 1943 1944
f 2050 2049 1943
f 1944 1945 2050
f 2050 1945 2051
f 2048 1946 1942
f 2052 1946 2048
f 2053 2051 1945
f 2053 1945 1947
f 2054 1947 1948
f 2054 2053 1947
f 1948 1946 2052
f 1948 2052 2054
f 2056 2055 1949
f 2056 1949 1950
f 1949 2057 1951
f 2055 2057 1949
f 1952 1951 2057
f 1952 2057 2058
f 2060 2059 1953
f 2060 1953 1954
f 1953 2061 1955
f 2059 2061 1953
f 1950 1955 2056
f 2056 1955 2061
f 2058 1956 1952
f 2062 1956 2058
f 2064 2063 1957
f 2064 1957 1958
f 1957 2065 1959
f 2063 2065 1957
f 1954 1959 2060
f 2060 1959 2065
f 2062 1960 1956
f 2066 1960 2062
f 1962 2067 1961
f 1961 2067 2068
f 2069 1961 2068
f 1963 1961 2069
f 1958 1963 2064
f 2064 1963 2069
f 2066 1964 1960
f 2070 1964 2066
f 1966 2071 1967
f 2071 2072 1967
f 1967 2072 1962
f 2072 2073 1962
f 2073 2067 1962
f 2067 2073 2068
f 2070 1968 1964
f 2074 1968 2070
f 2076 2075 1969
f 2076 1969 1970
f 1966 1969 2071
f 1969 2077 2071
f 1969 2075 2077
f 2071 2077 2072
f 2074 1971 1968
f 2078 1971 2074
f 1973 2076 1970
f 1973 2079 2076
f 2078 1974 1971
f 2080 1974 2078
f 1976 2081 1975
f 2081 2082 1975
f 2082 1973 1975
f 2082 2079 1973
f 2080 1977 1974
f 2083 1977 2080
f 2085 2084 2081
f 1976 2085 2081
f 1979 2085 1976
f 2081 2084 2082
f 2083 1990 1977
f 2086 1990 2083
f 1979 1991 2087
f 2088 1979 2087
f 2085 1979 2088
f 1992 2089 1991
f 1991 2089 2087
f 1993 2090 1992
f 1992 2090 2089
f 1994 2091 1993
f 1993 2091 2090
f 1995 2092 1994
f 1994 2092 2091
f 1996 2093 1995
f 1995 2093 2092
f 1997 2094 1996
f 1996 2094 2093
f 1998 2095 1997
f 1997 2095 2094
f 1999 2096 1998
f 1998 2096 2095
f 2000 2097 1999
f 1999 2097 2096
f 2001 2098 2000
f 2000 2098 2097
f 2099 2098 2001
f 1990 2099 2001
f 2086 2099 1990
f 2088 2087 2100
f 2088 2100 2101
f 2102 2087 2089
f 2100 2087 2102
f 2103 2089 2090
f 2102 2089 2103
f 2104 2090 2091
f 2103 2090 2104
f 2105 2091 2092
f 2104 2091 2105
f 2106 2092 2093
f 2105 2092 2106
f 2107 2093 2094
f 2106 2093 2107
f 2108 2094 2095
f 2107 2094 2108
f 2109 2095 2096
f 2108 2095 2109
f 2110 2096 2097
f 2109 2096 2110
f 2111 2097 2098
f 2110 2097 2111
f 2098 2099 2112
f 2098 2112 2111
f 2113 2101 2100
f 2113 2100 2102
f 2113 2102 2114
f 2114 2102 2103
f 2114 2103 2115
f 2115 2103 2104
f 2115 2104 2116
f 2116 2104 2105
f 2116 2105 2117
f 2117 2105 2106
f 2117 2106 2118
f 2118 2106 2107
f 2118 2107 2119
f 2119 2107 2108
f 2119 2108 2120
f 2120 2108 2109
f 2120 2109 2121
f 2121 2109 2110
f 2121 2110 2122
f 2122 2110 2111
f 2122 2111 2123
f 2123 2111 2112
f 2126 2125 2124
f 2128 2127 2124
f 2128 2124 2125
f 2130 2129 2127
f 2130 2127 2128
f 2132 2131 2129
f 2132 2129 2130
f 2134 2133 2131
f 2134 2131 2132
f 2136 2135 2133
f 2136 2133 2134
f 2138 2137 2135
f 2138 2135 2136
f 2140 2139 2137
f 2140 2137 2138
f 2142 2141 2139
f 2142 2139 2140
f 2144 2143 2141
f 2144 2141 2142
f 2146 2145 2143
f 2146 2143 2144
f 2147 2145 2146
f 2126 2124 2148
f 2126 2148 2149
f 2150 2124 2127
f 2148 2124 2150
f 2151 2127 2129
f 2150 2127 2151
f 2152 2129 2131
f 2151 2129 2152
f 2153 2131 2133
f 2152 2131 2153
f 2154 2133 2135
f 2153 2133 2154
f 2155 2135 2137
f 2154 2135 2155
f 2156 2137 2139
f 2155 2137 2156
f 2157 2139 2141
f 2156 2139 2157
f 2158 2141 2143
f 2157 2141 2158
f 2159 2143 2145
f 2158 2143 2159
f 2145 2147 2160
f 2145 2160 2159
f 2149 2148 2003
f 2004 2149 2003
f 2161 2149 2004
f 2003 2148 2006
f 2006 2148 2150
f 2006 2150 2008
f 2008 2150 2151
f 2008 2151 2010
f 2010 2151 2152
f 2010 2152 2012
f 2012 2152 2153
f 2012 2153 2014
f 2014 2153 2154
f 2014 2154 2016
f 2016 2154 2155
f 2016 2155 2018
f 2018 2155 2156
f 2018 2156 2020
f 2020 2156 2157
f 2020 2157 2022
f 2022 2157 2158
f 2022 2158 2024
f 2024 2158 2159
f 2025 2024 2159
f 2160 2025 2159
f 2162 2025 2160
f 2026 2164 2163
f 2161 2026 2163
f 2004 2026 2161
f 2164 2165 2163
f 2162 2027 2025
f 2166 2027 2162
f 2028 2164 2026
f 2028 2030 2164
f 2030 2165 2164
f 2030 2167 2165
f 2166 2031 2027
f 2168 2031 2166
f 2032 2167 2030
f 2032 2169 2167
f 2168 2033 2031
f 2170 2033 2168
f 2171 2169 2032
f 2171 2032 2034
f 2173 2172 2036
f 2172 2034 2036
f 2172 2171 2034
f 2173 2174 2172
f 2170 2037 2033
f 2175 2037 2170
f 2038 2173 2036
f 2177 2176 2039
f 2039 2176 2038
f 2176 2174 2038
f 2174 2173 2038
f 2177 2178 2176
f 2175 2040 2037
f 2179 2040 2175
f 2041 2177 2039
f 2180 2178 2177
f 2041 2180 2177
f 2042 2180 2041
f 2042 2043 2180
f 2180 2043 2181
f 2179 2044 2040
f 2182 2044 2179
f 2183 2181 2043
f 2183 2043 2045
f 2184 2045 2046
f 2184 2183 2045
f 2046 2047 2184
f 2184 2047 2185
f 2182 2048 2044
f 2186 2048 2182
f 2187 2185 2047
f 2187 2047 2049
f 2188 2049 2050
f 2188 2187 2049
f 2050 2051 2188
f 2188 2051 2189
f 2186 2052 2048
f 2190 2052 2186
f 2191 2189 2051
f 2191 2051 2053
f 2192 2053 2054
f 2192 2191 2053
f 2054 2052 2190
f 2054 2190 2192
f 2194 2193 2055
f 2194 2055 2056
f 2055 2195 2057
f 2193 2195 2055
f 2058 2057 2195
f 2058 2195 2196
f 2198 2197 2059
f 2198 2059 2060
f 2059 2199 2061
f 2197 2199 2059
f 2056 2061 2194
f 2194 2061 2199
f 2196 2062 2058
f 2200 2062 2196
f 2064 2201 2063
f 2063 2201 2202
f 2203 2063 2202
f 2065 2063 2203
f 2060 2065 2198
f 2198 2065 2203
f 2200 2066 2062
f 2204 2066 2200
f 2206 2205 2069
f 2206 2069 2068
f 2064 2069 2201
f 2069 2207 2201
f 2069 2205 2207
f 2201 2207 2202
f 2204 2070 2066
f 2208 2070 2204
f 2210 2209 2073
f 2210 2073 2072
f 2068 2073 2206
f 2206 2073 2209
f 2208 2074 2070
f 2211 2074 2208
f 2076 2212 2075
f 2075 2212 2213
f 2214 2075 2213
f 2077 2075 2214
f 2072 2077 2210
f 2210 2077 2214
f 2211 2078 2074
f 2215 2078 2211
f 2217 2216 2212
f 2076 2217 2212
f 2079 2217 2076
f 2212 2216 2213
f 2215 2080 2078
f 2218 2080 2215
f 2082 2217 2079
f 2082 2219 2217
f 2218 2083 2080
f 2220 2083 2218
f 2085 2221 2084
f 2221 2222 2084
f 2222 2082 2084
f 2222 2219 2082
f 2220 2086 2083
f 2223 2086 2220
f 2225 2224 2221
f 2085 2225 2221
f 2088 2225 2085
f 2221 2224 2222
f 2223 2099 2086
f 2226 2099 2223
f 2101 2225 2088
f 2101 2227 2225
f 2226 2112 2099
f 2228 2112 2226
f 2101 2113 2229
f 2230 2101 2229
f 2227 2101 2230
f 2114 2231 2113
f 2113 2231 2229
f 2115 2232 2114
f 2114 2232 2231
f 2116 2233 2115
f 2115 2233 2232
f 2117 2234 2116
f 2116 2234 2233
f 2118 2235 2117
f 2117 2235 2234
f 2119 2236 2118
f 2118 2236 2235
f 2120 2237 2119
f 2119 2237 2236
f 2121 2238 2120
f 2120 2238 2237
f 2122 2239 2121
f 2121 2239 2238
f 2123 2240 2122
f 2122 2240 2239
f 2241 2240 2123
f 2112 2241 2123
f 2228 2241 2112
f 2230 2229 2242
f 2230 2242 2243
f 2244 2229 2231
f 2242 2229 2244
f 2245 2231 2232
f 2244 2231 2245
f 2246 2232 2233
f 2245 2232 2246
f 2247 2233 2234
f 2246 2233 2247
f 2248 2234 2235
f 2247 2234 2248
f 2249 2235 2236
f 2248 2235 2249
f 2250 2236 2237
f 2249 2236 2250
f 2251 2237 2238
f 2250 2237 2251
f 2252 2238 2239
f 2251 2238 2252
f 2253 2239 2240
f 2252 2239 2253
f 2240 2241 2254
f 2240 2254 2253
f 2243 2242 2255
f 2243 2255 2256
f 2257 2242 2244
f 2255 2242 2257
f 2258 2244 2245
f 2257 2244 2258
f 2259 2245 2246
f 2258 2245 2259
f 2260 2246 2247
f 2259 2246 2260
f 2261 2247 2248
f 2260 2247 2261
f 2262 2248 2249
f 2261 2248 2262
f 2263 2249 2250
f 2262 2249 2263
f 2264 2250 2251
f 2263 2250 2264
f 2265 2251 2252
f 2264 2251 2265
f 2266 2252 2253
f 2265 2252 2266
f 2253 2254 2267
f 2253 2267 2266
f 2256 2255 2268
f 2256 2268 2269
f 2270 2255 2257
f 2268 2255 2270
f 2271 2257 2258
f 2270 2257 2271
f 2272 2258 2259
f 2271 2258 2272
f 2273 2259 2260
f 2272 2259 2273
f 2274 2260 2261
f 2273 2260 2274
f 2275 2261 2262
f 2274 2261 2275
f 2276 2262 2263
f 2275 2262 2276
f 2277 2263 2264
f 2276 2263 2277
f 2278 2264 2265
f 2277 2264 2278
f 2279 2265 2266
f 2278 2265 2279
f 2266 2267 2280
f 2266 2280 2279
f 2269 2268 2125
f 2126 2269 2125
f 2281 2269 2126
f 2125 2268 2128
f 2128 2268 2270
f 2128 2270 2130
f 2130 2270 2271
f 2130 2271 2132
f 2132 2271 2272
f 2132 2272 2134
f 2134 2272 2273
f 2134 2273 2136
f 2136 2273 2274
f 2136 2274 2138
f 2138 2274 2275
f 2138 2275 2140
f 2140 2275 2276
f 2140 2276 2142
f 2142 2276 2277
f 2142 2277 2144
f 2144 2277 2278
f 2144 2278 2146
f 2146 2278 2279
f 2147 2146 2279
f 2280 2147 2279
f 2282 2147 2280
f 2149 2281 2126
f 2149 2283 2281
f 2282 2160 2147
f 2284 2160 2282
f 2161 2286 2285
f 2283 2161 2285
f 2149 2161 2283
f 2286 2287 2285
f 2284 2162 2160
f 2288 2162 2284
f 2163 2286 2161
f 2163 2165 2286
f 2165 2287 2286
f 2165 2289 2287
f 2288 2166 2162
f 2290 2166 2288
f 2167 2289 2165
f 2167 2291 2289
f 2290 2168 2166
f 2292 2168 2290
f 2169 2294 2293
f 2291 2169 2293
f 2167 2169 2291
f 2294 2295 2293
f 2292 2170 2168
f 2296 2170 2292
f 2171 2294 2169
f 2297 2295 2294
f 2171 2297 2294
f 2172 2297 2171
f 2172 2174 2297
f 2297 2174 2298
f 2296 2175 2170
f 2299 2175 2296
f 2300 2298 2174
f 2300 2174 2176
f 2176 2178 2300
f 2300 2178 2301
f 2299 2179 2175
f 2302 2179 2299
f 2303 2301 2178
f 2303 2178 2180
f 2305 2304 2181
f 2304 2180 2181
f 2304 2303 2180
f 2305 2306 2304
f 2302 2182 2179
f 2307 2182 2302
f 2183 2305 2181
f 2308 2306 2305
f 2183 2308 2305
f 2184 2308 2183
f 2184 2185 2308
f 2308 2185 2309
f 2307 2186 2182
f 2310 2186 2307
f 2311 2309 2185
f 2311 2185 2187
f 2312 2187 2188
f 2312 2311 2187
f 2188 2189 2312
f 2312 2189 2313
f 2310 2190 2186
f 2314 2190 2310
f 2315 2313 2189
f 2315 2189 2191
f 2316 2191 2192
f 2316 2315 2191
f 2192 2190 2314
f 2192 2314 2316
f 2318 2317 2193
f 2318 2193 2194
f 2193 2319 2195
f 2317 2319 2193
f 2196 2195 2319
f 2196 2319 2320
f 2322 2321 2197
f 2322 2197 2198
f 2197 2323 2199
f 2321 2323 2197
f 2194 2199 2318
f 2318 2199 2323
f 2320 2200 2196
f 2324 2200 2320
f 2326 2325 2203
f 2326 2203 2202
f 2198 2203 2322
f 2322 2203 2325
f 2324 2204 2200
f 2327 2204 2324
f 2206 2328 2205
f 2205 2328 2329
f 2330 2205 2329
f 2207 2205 2330
f 2202 2207 2326
f 2326 2207 2330
f 2327 2208 2204
f 2331 2208 2327
f 2210 2332 2209
f 2332 2333 2209
f 2209 2333 2206
f 2333 2334 2206
f 2334 2328 2206
f 2328 2334 2329
f 2331 2211 2208
f 2335 2211 2331
f 2213 2336 2214
f 2336 2337 2214
f 2214 2337 2210
f 2337 2338 2210
f 2338 2332 2210
f 2332 2338 2333
f 2335 2215 2211
f 2339 2215 2335
f 2217 2340 2216
f 2340 2341 2216
f 2216 2341 2213
f 2341 2342 2213
f 2342 2336 2213
f 2336 2342 2337
f 2339 2218 2215
f 2343 2218 2339
f 2219 2344 2340
f 2219 2340 2217
f 2341 2340 2345
f 2345 2340 2344
f 2343 2220 2218
f 2346 2220 2343
f 2348 2347 2344
f 2219 2348 2344
f 2222 2348 2219
f 2344 2347 2345
f 2346 2223 2220
f 2349 2223 2346
f 2225 2350 2224
f 2350 2351 2224
f 2351 2222 2224
f 2351 2348 2222
f 2349 2226 2223
f 2352 2226 2349
f 2227 2353 2350
f 2227 2350 2225
f 2351 2350 2354
f 2354 2350 2353
f 2352 2228 2226
f 2355 2228 2352
f 2230 2356 2353
f 2230 2353 2227
f 2354 2353 2357
f 2357 2353 2356
f 2355 2241 2228
f 2358 2241 2355
f 2243 2359 2356
f 2243 2356 2230
f 2357 2356 2360
f 2360 2356 2359
f 2358 2254 2241
f 2361 2254 2358
f 2256 2362 2359
f 2256 2359 2243
f 2360 2359 2363
f 2363 2359 2362
f 2361 2267 2254
f 2364 2267 2361
f 2269 2365 2362
f 2269 2362 2256
f 2363 2362 2366
f 2366 2362 2365
f 2364 2280 2267
f 2367 2280 2364
f 2281 2368 2365
f 2281 2365 2269
f 2366 2365 2369
f 2369 2365 2368
f 2367 2282 2280
f 2370 2282 2367
f 2283 2371 2368
f 2283 2368 2281
f 2369 2368 2372
f 2372 2368 2371
f 2370 2284 2282
f 2373 2284 2370
f 2285 2371 2283
f 2285 2287 2371
f 2287 2372 2371
f 2287 2374 2372
f 2373 2288 2284
f 2375 2288 2373
f 2289 2377 2376
f 2374 2289 2376
f 2287 2289 2374
f 2377 2378 2376
f 2375 2290 2288
f 2379 2290 2375
f 2291 2380 2377
f 2291 2377 2289
f 2378 2377 2381
f 2381 2377 2380
f 2379 2292 2290
f 2382 2292 2379
f 2293 2380 2291
f 2384 2383 2295
f 2295 2383 2293
f 2383 2381 2293
f 2381 2380 2293
f 2384 2385 2383
f 2382 2296 2292
f 2386 2296 2382
f 2297 2384 2295
f 2388 2387 2298
f 2298 2387 2297
f 2387 2385 2297
f 2385 2384 2297
f 2388 2389 2387
f 2386 2299 2296
f 2390 2299 2386
f 2300 2388 2298
f 2392 2391 2301
f 2301 2391 2300
f 2391 2389 2300
f 2389 2388 2300
f 2392 2393 2391
f 2390 2302 2299
f 2394 2302 2390
f 2303 2392 2301
f 2395 2393 2392
f 2303 2395 2392
f 2304 2395 2303
f 2304 2306 2395
f 2395 2306 2396
f 2394 2307 2302
f 2397 2307 2394
f 2398 2396 2306
f 2398 2306 2308
f 2308 2309 2398
f 2398 2309 2399
f 2397 2310 2307
f 2400 2310 2397
f 2401 2399 2309
f 2401 2309 2311
f 2402 2311 2312
f 2402 2401 2311
f 2312 2313 2402
f 2402 2313 2403
f 2400 2314 2310
f 2404 2314 2400
f 2405 2403 2313
f 2405 2313 2315
f 2406 2315 2316
f 2406 2405 2315
f 2316 2314 2404
f 2316 2404 2406
f 2408 2407 2317
f 2408 2317 2318
f 2317 2409 2319
f 2407 2409 2317
f 2320 2319 2409
f 2320 2409 2410
f 2322 2411 2321
f 2321 2411 2412
f 2413 2321 2412
f 2323 2321 2413
f 2318 2323 2408
f 2408 2323 2413
f 2410 2324 2320
f 2414 2324 2410
f 2416 2415 2325
f 2416 2325 2326
f 2322 2325 2411
f 2325 2417 2411
f 2325 2415 2417
f 2411 2417 2412
f 2414 2327 2324
f 2418 2327 2414
f 2420 2419 2330
f 2420 2330 2329
f 2326 2330 2416
f 2416 2330 2419
f 2418 2331 2327
f 2421 2331 2418
f 2423 2422 2334
f 2423 2334 2333
f 2329 2334 2420
f 2420 2334 2422
f 2421 2335 2331
f 2424 2335 2421
f 2337 2425 2338
f 2425 2426 2338
f 2426 2333 2338
f 2426 2423 2333
f 2424 2339 2335
f 2427 2339 2424
f 2341 2428 2342
f 2428 2429 2342
f 2342 2429 2337
f 2429 2430 2337
f 2430 2425 2337
f 2425 2430 2426
f 2427 2343 2339
f 2431 2343 2427
f 2345 2432 2428
f 2345 2428 2341
f 2429 2428 2433
f 2433 2428 2432
f 2431 2346 2343
f 2434 2346 2431
f 2348 2435 2347
f 2435 2436 2347
f 2347 2436 2345
f 2436 2437 2345
f 2437 2432 2345
f 2432 2437 2433
f 2434 2349 2346
f 2438 2349 2434
f 2351 2439 2435
f 2351 2435 2348
f 2436 2435 2440
f 2440 2435 2439
f 2438 2352 2349
f 2441 2352 2438
f 2443 2442 2439
f 2351 2443 2439
f 2354 2443 2351
f 2439 2442 2440
f 2441 2355 2352
f 2444 2355 2441
f 2357 2443 2354
f 2357 2445 2443
f 2444 2358 2355
f 2446 2358 2444
f 2360 2445 2357
f 2360 2447 2445
f 2446 2361 2358
f 2448 2361 2446
f 2363 2447 2360
f 2363 2449 2447
f 2448 2364 2361
f 2450 2364 2448
f 2366 2449 2363
f 2366 2451 2449
f 2450 2367 2364
f 2452 2367 2450
f 2369 2451 2366
f 2369 2453 2451
f 2452 2370 2367
f 2454 2370 2452
f 2372 2456 2455
f 2453 2372 2455
f 2369 2372 2453
f 2456 2457 2455
f 2454 2373 2370
f 2458 2373 2454
f 2374 2459 2456
f 2374 2456 2372
f 2457 2456 2460
f 2460 2456 2459
f 2458 2375 2373
f 2461 2375 2458
f 2376 2459 2374
f 2463 2462 2378
f 2378 2462 2376
f 2462 2460 2376
f 2460 2459 2376
f 2463 2464 2462
f 2461 2379 2375
f 2465 2379 2461
f 2381 2466 2463
f 2381 2463 2378
f 2464 2463 2467
f 2467 2463 2466
f 2465 2382 2379
f 2468 2382 2465
f 2383 2466 2381
f 2470 2469 2385
f 2385 2469 2383
f 2469 2467 2383
f 2467 2466 2383
f 2470 2471 2469
f 2468 2386 2382
f 2472 2386 2468
f 2387 2470 2385
f 2387 2389 2470
f 2389 2471 2470
f 2389 2473 2471
f 2472 2390 2386
f 2474 2390 2472
f 2475 2473 2389
f 2475 2389 2391
f 2391 2393 2475
f 2475 2393 2476
f 2474 2394 2390
f 2477 2394 2474
f 2478 2476 2393
f 2478 2393 2395
f 2395 2396 2478
f 2478 2396 2479
f 2477 2397 2394
f 2480 2397 2477
f 2481 2479 2396
f 2481 2396 2398
f 2483 2482 2399
f 2482 2398 2399
f 2482 2481 2398
f 2483 2484 2482
f 2480 2400 2397
f 2485 2400 2480
f 2401 2483 2399
f 2486 2484 2483
f 2401 2486 2483
f 2402 2486 2401
f 2402 2403 2486
f 2486 2403 2487
f 2485 2404 2400
f 2488 2404 2485
f 2489 2487 2403
f 2489 2403 2405
f 2490 2405 2406
f 2490 2489 2405
f 2406 2404 2488
f 2406 2488 2490
f 2492 2491 2407
f 2492 2407 2408
f 2407 2493 2409
f 2491 2493 2407
f 2410 2409 2493
f 2410 2493 2494
f 2496 2495 2413
f 2496 2413 2412
f 2408 2413 2492
f 2492 2413 2495
f 2494 2414 2410
f 2497 2414 2494
f 2416 2498 2415
f 2415 2498 2499
f 2500 2415 2499
f 2417 2415 2500
f 2412 2417 2496
f 2496 2417 2500
f 2497 2418 2414
f 2501 2418 2497
f 2420 2502 2419
f 2502 2503 2419
f 2419 2503 2416
f 2503 2504 2416
f 2504 2498 2416
f 2498 2504 2499
f 2501 2421 2418
f 2505 2421 2501
f 2423 2506 2422
f 2506 2507 2422
f 2422 2507 2420
f 2507 2508 2420
f 2508 2502 2420
f 2502 2508 2503
f 2505 2424 2421
f 2509 2424 2505
f 2511 2510 2506
f 2423 2511 2506
f 2426 2511 2423
f 2506 2510 2507
f 2509 2427 2424
f 2512 2427 2509
f 2429 2513 2430
f 2513 2514 2430
f 2514 2426 2430
f 2514 2511 2426
f 2512 2431 2427
f 2515 2431 2512
f 2433 2516 2513
f 2433 2513 2429
f 2514 2513 2517
f 2517 2513 2516
f 2515 2434 2431
f 2518 2434 2515
f 2436 2519 2437
f 2516 2433 2437
f 2519 2516 2437
f 2520 2516 2519
f 2517 2516 2521
f 2521 2516 2520
f 2518 2438 2434
f 2522 2438 2518
f 2440 2523 2519
f 2440 2519 2436
f 2525 2520 2524
f 2520 2523 2524
f 2520 2519 2523
f 2520 2525 2521
f 2522 2441 2438
f 2526 2441 2522
f 2443 2527 2442
f 2523 2440 2442
f 2527 2523 2442
f 2528 2523 2527
f 2524 2523 2529
f 2529 2523 2528
f 2526 2444 2441
f 2530 2444 2526
f 2445 2531 2527
f 2445 2527 2443
f 2527 2532 2528
f 2527 2531 2532
f 2529 2528 2533
f 2533 2528 2532
f 2530 2446 2444
f 2534 2446 2530
f 2447 2535 2531
f 2447 2531 2445
f 2531 2536 2532
f 2531 2535 2536
f 2533 2532 2537
f 2537 2532 2536
f 2534 2448 2446
f 2538 2448 2534
f 2449 2539 2535
f 2449 2535 2447
f 2535 2540 2536
f 2535 2539 2540
f 2537 2536 2541
f 2541 2536 2540
f 2538 2450 2448
f 2542 2450 2538
f 2451 2543 2539
f 2451 2539 2449
f 2539 2544 2540
f 2539 2543 2544
f 2541 2540 2545
f 2545 2540 2544
f 2542 2452 2450
f 2546 2452 2542
f 2453 2547 2543
f 2453 2543 2451
f 2543 2548 2544
f 2543 2547 2548
f 2545 2544 2549
f 2549 2544 2548
f 2546 2454 2452
f 2550 2454 2546
f 2455 2547 2453
f 2547 2455 2457
f 2551 2547 2457
f 2548 2547 2551
f 2549 2548 2552
f 2552 2548 2551
f 2550 2458 2454
f 2553 2458 2550
f 2460 2554 2551
f 2460 2551 2457
f 2552 2551 2555
f 2551 2556 2555
f 2551 2554 2556
f 2556 2557 2555
f 2553 2461 2458
f 2558 2461 2553
f 2462 2554 2460
f 2554 2462 2464
f 2559 2554 2464
f 2556 2554 2559
f 2557 2556 2560
f 2560 2556 2559
f 2558 2465 2461
f 2561 2465 2558
f 2467 2562 2559
f 2467 2559 2464
f 2560 2559 2563
f 2563 2559 2562
f 2561 2468 2465
f 2564 2468 2561
f 2469 2562 2467
f 2469 2471 2562
f 2471 2563 2562
f 2471 2565 2563
f 2564 2472 2468
f 2566 2472 2564
f 2473 2568 2567
f 2565 2473 2567
f 2471 2473 2565
f 2568 2569 2567
f 2566 2474 2472
f 2570 2474 2566
f 2475 2568 2473
f 2572 2571 2476
f 2476 2571 2475
f 2571 2569 2475
f 2569 2568 2475
f 2572 2573 2571
f 2570 2477 2474
f 2574 2477 2570
f 2478 2572 2476
f 2576 2575 2479
f 2479 2575 2478
f 2575 2573 2478
f 2573 2572 2478
f 2576 2577 2575
f 2574 2480 2477
f 2578 2480 2574
f 2481 2576 2479
f 2579 2577 2576
f 2481 2579 2576
f 2482 2579 2481
f 2482 2484 2579
f 2579 2484 2580
f 2578 2485 2480
f 2581 2485 2578
f 2582 2580 2484
f 2582 2484 2486
f 2486 2487 2582
f 2582 2487 2583
f 2581 2488 2485
f 2584 2488 2581
f 2585 2583 2487
f 2585 2487 2489
f 2586 2489 2490
f 2586 2585 2489
f 2490 2488 2584
f 2490 2584 2586
f 2588 2587 2491
f 2588 2491 2492
f 2491 2589 2493
f 2587 2589 2491
f 2494 2493 2589
f 2494 2589 2590
f 2592 2591 2495
f 2592 2495 2496
f 2492 2495 2588
f 2588 2495 2591
f 2590 2497 2494
f 2593 2497 2590
f 2595 2594 2500
f 2595 2500 2499
f 2496 2500 2592
f 2592 2500 2594
f 2593 2501 2497
f 2596 2501 2593
f 2598 2597 2504
f 2598 2504 2503
f 2499 2504 2595
f 2595 2504 2597
f 2596 2505 2501
f 2599 2505 2596
f 2507 2600 2508
f 2600 2601 2508
f 2601 2503 2508
f 2601 2598 2503
f 2599 2509 2505
f 2602 2509 2599
f 2511 2603 2510
f 2603 2604 2510
f 2510 2604 2507
f 2604 2605 2507
f 2605 2600 2507
f 2600 2605 2601
f 2602 2512 2509
f 2606 2512 2602
f 2514 2607 2603
f 2514 2603 2511
f 2604 2603 2608
f 2608 2603 2607
f 2606 2515 2512
f 2609 2515 2606
f 2517 2610 2607
f 2517 2607 2514
f 2608 2607 2611
f 2611 2607 2610
f 2609 2518 2515
f 2612 2518 2609
f 2521 2613 2610
f 2521 2610 2517
f 2611 2610 2614
f 2614 2610 2613
f 2612 2522 2518
f 2615 2522 2612
f 2524 2616 2525
f 2613 2521 2525
f 2616 2613 2525
f 2617 2613 2616
f 2614 2613 2618
f 2618 2613 2617
f 2615 2526 2522
f 2619 2526 2615
f 2529 2620 2616
f 2529 2616 2524
f 2616 2621 2617
f 2616 2620 2621
f 2618 2617 2622
f 2622 2617 2621
f 2619 2530 2526
f 2623 2530 2619
f 2533 2624 2620
f 2533 2620 2529
f 2620 2625 2621
f 2620 2624 2625
f 2622 2621 2626
f 2626 2621 2625
f 2623 2534 2530
f 2627 2534 2623
f 2537 2628 2624
f 2537 2624 2533
f 2624 2629 2625
f 2624 2628 2629
f 2626 2625 2630
f 2630 2625 2629
f 2627 2538 2534
f 2631 2538 2627
f 2541 2632 2628
f 2541 2628 2537
f 2628 2633 2629
f 2628 2632 2633
f 2630 2629 2634
f 2634 2629 2633
f 2631 2542 2538
f 2635 2542 2631
f 2545 2636 2632
f 2545 2632 2541
f 2632 2637 2633
f 2632 2636 2637
f 2634 2633 2638
f 2638 2633 2637
f 2635 2546 2542
f 2639 2546 2635
f 2549 2640 2636
f 2549 2636 2545
f 2636 2641 2637
f 2636 2640 2641
f 2638 2637 2642
f 2642 2637 2641
f 2639 2550 2546
f 2643 2550 2639
f 2552 2644 2640
f 2552 2640 2549
f 2640 2645 2641
f 2640 2644 2645
f 2642 2641 2646
f 2646 2641 2645
f 2643 2553 2550
f 2647 2553 2643
f 2555 2644 2552
f 2644 2555 2557
f 2648 2644 2557
f 2645 2644 2648
f 2646 2645 2649
f 2649 2645 2648
f 2647 2558 2553
f 2650 2558 2647
f 2560 2651 2648
f 2560 2648 2557
f 2649 2648 2652
f 2652 2648 2651
f 2650 2561 2558
f 2653 2561 2650
f 2563 2654 2651
f 2563 2651 2560
f 2652 2651 2655
f 2655 2651 2654
f 2653 2564 2561
f 2656 2564 2653
f 2565 2657 2654
f 2565 2654 2563
f 2655 2654 2658
f 2658 2654 2657
f 2656 2566 2564
f 2659 2566 2656
f 2567 2657 2565
f 2661 2660 2569
f 2569 2660 2567
f 2660 2658 2567
f 2658 2657 2567
f 2661 2662 2660
f 2659 2570 2566
f 2663 2570 2659
f 2571 2661 2569
f 2571 2573 2661
f 2573 2662 2661
f 2573 2664 2662
f 2663 2574 2570
f 2665 2574 2663
f 2666 2664 2573
f 2666 2573 2575
f 2575 2577 2666
f 2666 2577 2667
f 2665 2578 2574
f 2668 2578 2665
f 2669 2667 2577
f 2669 2577 2579
f 2579 2580 2669
f 2669 2580 2670
f 2668 2581 2578
f 2671 2581 2668
f 2672 2670 2580
f 2672 2580 2582
f 2582 2583 2672
f 2672 2583 2673
f 2671 2584 2581
f 2674 2584 2671
f 2675 2673 2583
f 2675 2583 2585
f 2676 2585 2586
f 2676 2675 2585
f 2586 2584 2674
f 2586 2674 2676
f 2588 2677 2587
f 2587 2677 2678
f 2679 2587 2678
f 2589 2587 2679
f 2590 2589 2679
f 2590 2679 2680
f 2682 2681 2591
f 2682 2591 2592
f 2588 2591 2677
f 2591 2683 2677
f 2591 2681 2683
f 2677 2683 2678
f 2680 2593 2590
f 2684 2593 2680
f 2595 2685 2594
f 2685 2686 2594
f 2686 2592 2594
f 2686 2682 2592
f 2684 2596 2593
f 2687 2596 2684
f 2598 2688 2597
f 2688 2689 2597
f 2597 2689 2595
f 2689 2690 2595
f 2690 2685 2595
f 2685 2690 2686
f 2687 2599 2596
f 2691 2599 2687
f 2601 2692 2688
f 2601 2688 2598
f 2689 2688 2693
f 2693 2688 2692
f 2691 2602 2599
f 2694 2602 2691
f 2604 2695 2605
f 2695 2696 2605
f 2605 2696 2601
f 2696 2697 2601
f 2697 2692 2601
f 2692 2697 2693
f 2694 2606 2602
f 2698 2606 2694
f 2608 2699 2695
f 2608 2695 2604
f 2696 2695 2700
f 2700 2695 2699
f 2698 2609 2606
f 2701 2609 2698
f 2611 2702 2699
f 2611 2699 2608
f 2700 2699 2703
f 2703 2699 2702
f 2701 2612 2609
f 2704 2612 2701
f 2614 2705 2702
f 2614 2702 2611
f 2703 2702 2706
f 2706 2702 2705
f 2704 2615 2612
f 2707 2615 2704
f 2618 2708 2705
f 2618 2705 2614
f 2706 2705 2709
f 2709 2705 2708
f 2707 2619 2615
f 2710 2619 2707
f 2622 2711 2708
f 2622 2708 2618
f 2709 2708 2712
f 2712 2708 2711
f 2710 2623 2619
f 2713 2623 2710
f 2626 2714 2711
f 2626 2711 2622
f 2712 2711 2715
f 2715 2711 2714
f 2713 2627 2623
f 2716 2627 2713
f 2630 2717 2714
f 2630 2714 2626
f 2715 2714 2718
f 2718 2714 2717
f 2716 2631 2627
f 2719 2631 2716
f 2634 2720 2717
f 2634 2717 2630
f 2718 2717 2721
f 2721 2717 2720
f 2719 2635 2631
f 2722 2635 2719
f 2638 2723 2720
f 2638 2720 2634
f 2721 2720 2724
f 2724 2720 2723
f 2722 2639 2635
f 2725 2639 2722
f 2642 2726 2723
f 2642 2723 2638
f 2724 2723 2727
f 2727 2723 2726
f 2725 2643 2639
f 2728 2643 2725
f 2646 2729 2726
f 2646 2726 2642
f 2727 2726 2730
f 2730 2726 2729
f 2728 2647 2643
f 2731 2647 2728
f 2649 2732 2729
f 2649 2729 2646
f 2730 2729 2733
f 2733 2729 2732
f 2731 2650 2647
f 2734 2650 2731
f 2652 2735 2732
f 2652 2732 2649
f 2733 2732 2736
f 2736 2732 2735
f 2734 2653 2650
f 2737 2653 2734
f 2655 2738 2735
f 2655 2735 2652
f 2736 2735 2739
f 2739 2735 2738
f 2737 2656 2653
f 2740 2656 2737
f 2658 2741 2738
f 2658 2738 2655
f 2739 2738 2742
f 2742 2738 2741
f 2740 2659 2656
f 2743 2659 2740
f 2660 2741 2658
f 2745 2744 2662
f 2662 2744 2660
f 2744 2742 2660
f 2742 2741 2660
f 2745 2746 2744
f 2743 2663 2659
f 2747 2663 2743
f 2664 2748 2745
f 2664 2745 2662
f 2746 2745 2749
f 2749 2745 2748
f 2747 2665 2663
f 2750 2665 2747
f 2666 2748 2664
f 2752 2751 2667
f 2667 2751 2666
f 2751 2749 2666
f 2749 2748 2666
f 2752 2753 2751
f 2750 2668 2665
f 2754 2668 2750
f 2669 2752 2667
f 2669 2670 2752
f 2670 2753 2752
f 2670 2755 2753
f 2754 2671 2668
f 2756 2671 2754
f 2757 2755 2670
f 2757 2670 2672
f 2759 2758 2673
f 2758 2672 2673
f 2758 2757 2672
f 2759 2760 2758
f 2756 2674 2671
f 2761 2674 2756
f 2675 2759 2673
f 2762 2760 2759
f 2675 2762 2759
f 2676 2762 2675
f 2676 2674 2761
f 2676 2761 2762
f 2764 2763 2679
f 2764 2679 2678
f 2680 2679 2763
f 2680 2763 2765
f 2682 2766 2681
f 2681 2766 2767
f 2768 2681 2767
f 2683 2681 2768
f 2678 2683 2764
f 2764 2683 2768
f 2765 2684 2680
f 2769 2684 2765
f 2771 2770 2766
f 2682 2771 2766
f 2686 2771 2682
f 2766 2770 2767
f 2769 2687 2684
f 2772 2687 2769
f 2689 2773 2690
f 2773 2774 2690
f 2774 2686 2690
f 2774 2771 2686
f 2772 2691 2687
f 2775 2691 2772
f 2777 2776 2773
f 2689 2777 2773
f 2693 2777 2689
f 2773 2776 2774
f 2775 2694 2691
f 2778 2694 2775
f 2696 2779 2697
f 2779 2780 2697
f 2780 2693 2697
f 2780 2777 2693
f 2778 2698 2694
f 2781 2698 2778
f 2700 2782 2779
f 2700 2779 2696
f 2780 2779 2783
f 2783 2779 2782
f 2781 2701 2698
f 2784 2701 2781
f 2703 2785 2782
f 2703 2782 2700
f 2783 2782 2786
f 2786 2782 2785
f 2784 2704 2701
f 2787 2704 2784
f 2706 2788 2785
f 2706 2785 2703
f 2786 2785 2789
f 2789 2785 2788
f 2787 2707 2704
f 2790 2707 2787
f 2709 2791 2788
f 2709 2788 2706
f 2789 2788 2792
f 2792 2788 2791
f 2790 2710 2707
f 2793 2710 2790
f 2712 2794 2791
f 2712 2791 2709
f 2792 2791 2795
f 2795 2791 2794
f 2793 2713 2710
f 2796 2713 2793
f 2715 2797 2794
f 2715 2794 2712
f 2795 2794 2798
f 2798 2794 2797
f 2796 2716 2713
f 2799 2716 2796
f 2718 2800 2797
f 2718 2797 2715
f 2798 2797 2801
f 2801 2797 2800
f 2799 2719 2716
f 2802 2719 2799
f 2721 2803 2800
f 2721 2800 2718
f 2801 2800 2804
f 2804 2800 2803
f 2802 2722 2719
f 2805 2722 2802
f 2724 2806 2803
f 2724 2803 2721
f 2804 2803 2807
f 2807 2803 2806
f 2805 2725 2722
f 2808 2725 2805
f 2727 2809 2806
f 2727 2806 2724
f 2807 2806 2810
f 2810 2806 2809
f 2808 2728 2725
f 2811 2728 2808
f 2730 2812 2809
f 2730 2809 2727
f 2810 2809 2813
f 2813 2809 2812
f 2811 2731 2728
f 2814 2731 2811
f 2733 2815 2812
f 2733 2812 2730
f 2813 2812 2816
f 2816 2812 2815
f 2814 2734 2731
f 2817 2734 2814
f 2736 2818 2815
f 2736 2815 2733
f 2816 2815 2819
f 2819 2815 2818
f 2817 2737 2734
f 2820 2737 2817
f 2739 2821 2818
f 2739 2818 2736
f 2819 2818 2822
f 2822 2818 2821
f 2820 2740 2737
f 2823 2740 2820
f 2742 2824 2821
f 2742 2821 2739
f 2822 2821 2825
f 2825 2821 2824
f 2823 2743 2740
f 2826 2743 2823
f 2744 2824 2742
f 2744 2746 2824
f 2746 2825 2824
f 2746 2827 2825
f 2826 2747 2743
f 2828 2747 2826
f 2749 2830 2829
f 2827 2749 2829
f 2746 2749 2827
f 2830 2831 2829
f 2828 2750 2747
f 2832 2750 2828
f 2751 2830 2749
f 2751 2753 2830
f 2753 2831 2830
f 2753 2833 2831
f 2832 2754 2750
f 2834 2754 2832
f 2755 2836 2835
f 2833 2755 2835
f 2753 2755 2833
f 2836 2837 2835
f 2834 2756 2754
f 2838 2756 2834
f 2757 2836 2755
f 2839 2837 2836
f 2757 2839 2836
f 2758 2839 2757
f 2758 2760 2839
f 2839 2760 2840
f 2838 2761 2756
f 2841 2761 2838
f 2842 2840 2760
f 2842 2760 2762
f 2762 2761 2841
f 2762 2841 2842
f 2844 2843 2763
f 2844 2763 2764
f 2765 2763 2843
f 2765 2843 2845
f 2767 2846 2768
f 2846 2847 2768
f 2847 2764 2768
f 2847 2844 2764
f 2845 2769 2765
f 2848 2769 2845
f 2771 2849 2770
f 2849 2850 2770
f 2770 2850 2767
f 2850 2851 2767
f 2851 2846 2767
f 2846 2851 2847
f 2848 2772 2769
f 2852 2772 2848
f 2774 2853 2849
f 2774 2849 2771
f 2850 2849 2854
f 2854 2849 2853
f 2852 2775 2772
f 2855 2775 2852
f 2777 2856 2776
f 2856 2857 2776
f 2776 2857 2774
f 2857 2858 2774
f 2858 2853 2774
f 2853 2858 2854
f 2855 2778 2775
f 2859 2778 2855
f 2780 2860 2856
f 2780 2856 2777
f 2857 2856 2861
f 2861 2856 2860
f 2859 2781 2778
f 2862 2781 2859
f 2783 2863 2860
f 2783 2860 2780
f 2861 2860 2864
f 2864 2860 2863
f 2862 2784 2781
f 2865 2784 2862
f 2786 2866 2863
f 2786 2863 2783
f 2864 2863 2867
f 2867 2863 2866
f 2865 2787 2784
f 2868 2787 2865
f 2789 2869 2866
f 2789 2866 2786
f 2867 2866 2870
f 2870 2866 2869
f 2868 2790 2787
f 2871 2790 2868
f 2792 2872 2869
f 2792 2869 2789
f 2870 2869 2873
f 2873 2869 2872
f 2871 2793 2790
f 2874 2793 2871
f 2795 2875 2872
f 2795 2872 2792
f 2873 2872 2876
f 2876 2872 2875
f 2874 2796 2793
f 2877 2796 2874
f 2798 2878 2875
f 2798 2875 2795
f 2876 2875 2879
f 2879 2875 2878
f 2877 2799 2796
f 2880 2799 2877
f 2801 2881 2878
f 2801 2878 2798
f 2879 2878 2882
f 2882 2878 2881
f 2880 2802 2799
f 2883 2802 2880
f 2804 2884 2881
f 2804 2881 2801
f 2882 2881 2885
f 2885 2881 2884
f 2883 2805 2802
f 2886 2805 2883
f 2807 2887 2884
f 2807 2884 2804
f 2885 2884 2888
f 2888 2884 2887
f 2886 2808 2805
f 2889 2808 2886
f 2810 2890 2887
f 2810 2887 2807
f 2888 2887 2891
f 2891 2887 2890
f 2889 2811 2808
f 2892 2811 2889
f 2813 2893 2890
f 2813 2890 2810
f 2891 2890 2894
f 2894 2890 2893
f 2892 2814 2811
f 2895 2814 2892
f 2816 2896 2893
f 2816 2893 2813
f 2894 2893 2897
f 2897 2893 2896
f 2895 2817 2814
f 2898 2817 2895
f 2819 2899 2896
f 2819 2896 2816
f 2897 2896 2900
f 2900 2896 2899
f 2898 2820 2817
f 2901 2820 2898
f 2822 2902 2899
f 2822 2899 2819
f 2900 2899 2903
f 2903 2899 2902
f 2901 2823 2820
f 2904 2823 2901
f 2825 2905 2902
f 2825 2902 2822
f 2903 2902 2906
f 2906 2902 2905
f 2904 2826 2823
f 2907 2826 2904
f 2827 2908 2905
f 2827 2905 2825
f 2906 2905 2909
f 2909 2905 2908
f 2907 2828 2826
f 2910 2828 2907
f 2829 2908 2827
f 2912 2911 2831
f 2831 2911 2829
f 2911 2909 2829
f 2909 2908 2829
f 2912 2913 2911
f 2910 2832 2828
f 2914 2832 2910
f 2833 2915 2912
f 2833 2912 2831
f 2913 2912 2916
f 2916 2912 2915
f 2914 2834 2832
f 2917 2834 2914
f 2835 2915 2833
f 2919 2918 2837
f 2837 2918 2835
f 2918 2916 2835
f 2916 2915 2835
f 2919 2920 2918
f 2917 2838 2834
f 2921 2838 2917
f 2839 2919 2837
f 2839 2840 2919
f 2840 2920 2919
f 2840 2922 2920
f 2921 2841 2838
f 2923 2841 2921
f 2924 2922 2840
f 2924 2840 2842
f 2842 2841 2923
f 2842 2923 2924
f 2844 2925 2843
f 2925 2845 2843
f 2927 2926 2925
f 2844 2927 2925
f 2847 2927 2844
f 2845 2925 2926
f 2928 2845 2926
f 2848 2845 2928
f 2850 2929 2851
f 2929 2930 2851
f 2930 2847 2851
f 2930 2927 2847
f 2928 2852 2848
f 2931 2852 2928
f 2854 2932 2929
f 2854 2929 2850
f 2930 2929 2933
f 2933 2929 2932
f 2931 2855 2852
f 2934 2855 2931
f 2857 2935 2858
f 2935 2936 2858
f 2858 2936 2854
f 2936 2937 2854
f 2937 2932 2854
f 2932 2937 2933
f 2934 2859 2855
f 2938 2859 2934
f 2861 2939 2935
f 2861 2935 2857
f 2936 2935 2940
f 2940 2935 2939
f 2938 2862 2859
f 2941 2862 2938
f 2864 2942 2939
f 2864 2939 2861
f 2940 2939 2943
f 2943 2939 2942
f 2941 2865 2862
f 2944 2865 2941
f 2867 2945 2942
f 2867 2942 2864
f 2943 2942 2946
f 2946 2942 2945
f 2944 2868 2865
f 2947 2868 2944
f 2870 2948 2945
f 2870 2945 2867
f 2946 2945 2949
f 2949 2945 2948
f 2947 2871 2868
f 2950 2871 2947
f 2873 2951 2948
f 2873 2948 2870
f 2949 2948 2952
f 2952 2948 2951
f 2950 2874 2871
f 2953 2874 2950
f 2876 2954 2951
f 2876 2951 2873
f 2952 2951 2955
f 2955 2951 2954
f 2953 2877 2874
f 2956 2877 2953
f 2879 2957 2954
f 2879 2954 2876
f 2955 2954 2958
f 2958 2954 2957
f 2956 2880 2877
f 2959 2880 2956
f 2882 2960 2957
f 2882 2957 2879
f 2958 2957 2961
f 2961 2957 2960
f 2959 2883 2880
f 2962 2883 2959
f 2885 2963 2960
f 2885 2960 2882
f 2961 2960 2964
f 2964 2960 2963
f 2962 2886 2883
f 2965 2886 2962
f 2888 2966 2963
f 2888 2963 2885
f 2964 2963 2967
f 2967 2963 2966
f 2965 2889 2886
f 2968 2889 2965
f 2891 2969 2966
f 2891 2966 2888
f 2967 2966 2970
f 2970 2966 2969
f 2968 2892 2889
f 2971 2892 2968
f 2894 2972 2969
f 2894 2969 2891
f 2970 2969 2973
f 2973 2969 2972
f 2971 2895 2892
f 2974 2895 2971
f 2897 2975 2972
f 2897 2972 2894
f 2973 2972 2976
f 2976 2972 2975
f 2974 2898 2895
f 2977 2898 2974
f 2900 2978 2975
f 2900 2975 2897
f 2976 2975 2979
f 2979 2975 2978
f 2977 2901 2898
f 2980 2901 2977
f 2903 2981 2978
f 2903 2978 2900
f 2979 2978 2982
f 2982 2978 2981
f 2980 2904 2901
f 2983 2904 2980
f 2906 2984 2981
f 2906 2981 2903
f 2982 2981 2985
f 2985 2981 2984
f 2983 2907 2904
f 2986 2907 2983
f 2909 2987 2984
f 2909 2984 2906
f 2985 2984 2988
f 2988 2984 2987
f 2986 2910 2907
f 2989 2910 2986
f 2911 2987 2909
f 2991 2990 2913
f 2913 2990 2911
f 2990 2988 2911
f 2988 2987 2911
f 2991 2992 2990
f 2989 2914 2910
f 2993 2914 2989
f 2916 2994 2991
f 2916 2991 2913
f 2992 2991 2995
f 2995 2991 2994
f 2993 2917 2914
f 2996 2917 2993
f 2918 2994 2916
f 2918 2920 2994
f 2920 2995 2994
f 2920 2997 2995
f 2996 2921 2917
f 2998 2921 2996
f 2922 3000 2999
f 2997 2922 2999
f 2920 2922 2997
f 2998 2999 3000
f 2923 2998 3000
f 2921 2998 2923
f 2924 3000 2922
f 3000 2924 2923
f 2927 3001 2926
f 3001 2928 2926
f 2930 3002 3001
f 2930 3001 2927
f 3002 2931 2928
f 3002 2928 3001
f 3004 3003 3002
f 2930 3004 3002
f 2933 3004 2930
f 2931 3002 3003
f 3005 2931 3003
f 2934 2931 3005
f 2936 3006 2937
f 3006 3007 2937
f 3007 2933 2937
f 3007 3004 2933
f 3005 2938 2934
f 3008 2938 3005
f 2940 3009 3006
f 2940 3006 2936
f 3007 3006 3010
f 3010 3006 3009
f 3008 2941 2938
f 3011 2941 3008
f 2943 3012 3009
f 2943 3009 2940
f 3010 3009 3013
f 3013 3009 3012
f 3011 2944 2941
f 3014 2944 3011
f 2946 3015 3012
f 2946 3012 2943
f 3013 3012 3016
f 3016 3012 3015
f 3014 2947 2944
f 3017 2947 3014
f 2949 3018 3015
f 2949 3015 2946
f 3016 3015 3019
f 3019 3015 3018
f 3017 2950 2947
f 3020 2950 3017
f 2952 3021 3018
f 2952 3018 2949
f 3019 3018 3022
f 3022 3018 3021
f 3020 2953 2950
f 3023 2953 3020
f 2955 3024 3021
f 2955 3021 2952
f 3022 3021 3025
f 3025 3021 3024
f 3023 2956 2953
f 3026 2956 3023
f 2958 3027 3024
f 2958 3024 2955
f 3025 3024 3028
f 3028 3024 3027
f 3026 2959 2956
f 3029 2959 3026
f 2961 3030 3027
f 2961 3027 2958
f 3028 3027 3031
f 3031 3027 3030
f 3029 2962 2959
f 3032 2962 3029
f 2964 3033 3030
f 2964 3030 2961
f 3031 3030 3034
f 3034 3030 3033
f 3032 2965 2962
f 3035 2965 3032
f 2967 3036 3033
f 2967 3033 2964
f 3034 3033 3037
f 3037 3033 3036
f 3035 2968 2965
f 3038 2968 3035
f 2970 3039 3036
f 2970 3036 2967
f 3037 3036 3040
f 3040 3036 3039
f 3038 2971 2968
f 3041 2971 3038
f 2973 3042 3039
f 2973 3039 2970
f 3040 3039 3043
f 3043 3039 3042
f 3041 2974 2971
f 3044 2974 3041
f 2976 3045 3042
f 2976 3042 2973
f 3043 3042 3046
f 3046 3042 3045
f 3044 2977 2974
f 3047 2977 3044
f 2979 3048 3045
f 2979 3045 2976
f 3046 3045 3049
f 3049 3045 3048
f 3047 2980 2977
f 3050 2980 3047
f 2982 3051 3048
f 2982 3048 2979
f 3049 3048 3052
f 3052 3048 3051
f 3050 2983 2980
f 3053 2983 3050
f 2985 3054 3051
f 2985 3051 2982
f 3052 3051 3055
f 3055 3051 3054
f 3053 2986 2983
f 3056 2986 3053
f 2988 3057 3054
f 2988 3054 2985
f 3055 3054 3058
f 3058 3054 3057
f 3056 2989 2986
f 3059 2989 3056
f 2990 3057 2988
f 2990 2992 3057
f 2992 3058 3057
f 2992 3060 3058
f 3059 2993 2989
f 3061 2993 3059
f 2995 3063 3062
f 3060 2995 3062
f 2992 2995 3060
f 3061 3062 3063
f 2996 3061 3063
f 2993 3061 2996
f 2997 3064 3063
f 2997 3063 2995
f 3064 2998 2996
f 3064 2996 3063
f 2999 3064 2997
f 3064 2999 2998
f 3004 3065 3003
f 3065 3005 3003
f 3007 3066 3065
f 3007 3065 3004
f 3066 3008 3005
f 3066 3005 3065
f 3010 3067 3066
f 3010 3066 3007
f 3067 3011 3008
f 3067 3008 3066
f 3013 3068 3067
f 3013 3067 3010
f 3068 3014 3011
f 3068 3011 3067
f 3016 3069 3068
f 3016 3068 3013
f 3069 3017 3014
f 3069 3014 3068
f 3019 3070 3069
f 3019 3069 3016
f 3070 3020 3017
f 3070 3017 3069
f 3022 3071 3070
f 3022 3070 3019
f 3071 3023 3020
f 3071 3020 3070
f 3025 3072 3071
f 3025 3071 3022
f 3072 3026 3023
f 3072 3023 3071
f 3028 3073 3072
f 3028 3072 3025
f 3073 3029 3026
f 3073 3026 3072
f 3031 3074 3073
f 3031 3073 3028
f 3074 3032 3029
f 3074 3029 3073
f 3034 3075 3074
f 3034 3074 3031
f 3075 3035 3032
f 3075 3032 3074
f 3037 3076 3075
f 3037 3075 3034
f 3076 3038 3035
f 3076 3035 3075
f 3040 3077 3076
f 3040 3076 3037
f 3077 3041 3038
f 3077 3038 3076
f 3043 3078 3077
f 3043 3077 3040
f 3078 3044 3041
f 3078 3041 3077
f 3046 3079 3078
f 3046 3078 3043
f 3079 3047 3044
f 3079 3044 3078
f 3049 3080 3079
f 3049 3079 3046
f 3080 3050 3047
f 3080 3047 3079
f 3052 3081 3080
f 3052 3080 3049
f 3081 3053 3050
f 3081 3050 3080
f 3055 3082 3081
f 3055 3081 3052
f 3082 3056 3053
f 3082 3053 3081
f 3058 3083 3082
f 3058 3082 3055
f 3083 3059 3056
f 3083 3056 3082
f 3060 3084 3083
f 3060 3083 3058
f 3084 3061 3059
f 3084 3059 3083
f 3062 3084 3060
f 3084 3062 3061
