solid labcem
  facet normal -0.9022790789604187 -0.2080812156200409 -0.3776170015335083
    outer loop
      vertex 3.0 10.0 10.60838794708252
      vertex 3.0 9.289319038391113 11.0
      vertex 2.83610463142395 10.0 11.0
    endloop
  endfacet
  facet normal -0.9744237065315247 -0.22471901774406433 0.0
    outer loop
      vertex 3.0 9.289319038391113 12.0
      vertex 2.83610463142395 10.0 12.0
      vertex 2.83610463142395 10.0 11.0
    endloop
  endfacet
  facet normal -0.9744237065315247 -0.22471901774406433 -0.0
    outer loop
      vertex 3.0 9.289319038391113 12.0
      vertex 2.83610463142395 10.0 11.0
      vertex 3.0 9.289319038391113 11.0
    endloop
  endfacet
  facet normal -0.9022790789604187 -0.2080812156200409 0.3776170015335083
    outer loop
      vertex 3.0 10.0 12.39161205291748
      vertex 2.83610463142395 10.0 12.0
      vertex 3.0 9.289319038391113 12.0
    endloop
  endfacet
  facet normal -0.9173916578292847 -0.10479160398244858 -0.3839418292045593
    outer loop
      vertex 3.0 10.0 10.60838794708252
      vertex 2.83610463142395 10.0 11.0
      vertex 2.721876859664917 11.0 11.0
    endloop
  endfacet
  facet normal -0.9133136868476868 -0.09934492409229279 -0.39495399594306946
    outer loop
      vertex 3.0 10.0 10.60838794708252
      vertex 2.721876859664917 11.0 11.0
      vertex 3.0 11.0 10.356852531433105
    endloop
  endfacet
  facet normal -0.9935391545295715 -0.11348976194858551 0.0
    outer loop
      vertex 2.721876859664917 11.0 12.0
      vertex 2.83610463142395 10.0 11.0
      vertex 2.83610463142395 10.0 12.0
    endloop
  endfacet
  facet normal -0.9935391545295715 -0.11348976194858551 0.0
    outer loop
      vertex 2.721876859664917 11.0 11.0
      vertex 2.83610463142395 10.0 11.0
      vertex 2.721876859664917 11.0 12.0
    endloop
  endfacet
  facet normal -0.9181514978408813 -0.0966549664735794 0.38425981998443604
    outer loop
      vertex 2.83610463142395 10.0 12.0
      vertex 3.0 10.0 12.39161205291748
      vertex 3.0 11.0 12.643147468566895
    endloop
  endfacet
  facet normal -0.9128507971763611 -0.10427290946245193 0.3947538435459137
    outer loop
      vertex 2.83610463142395 10.0 12.0
      vertex 3.0 11.0 12.643147468566895
      vertex 2.721876859664917 11.0 12.0
    endloop
  endfacet
  facet normal -0.9178542494773865 0.0 -0.39691752195358276
    outer loop
      vertex 3.0 11.0 10.356852531433105
      vertex 2.721876859664917 11.0 11.0
      vertex 2.721876859664917 12.0 11.0
    endloop
  endfacet
  facet normal -0.9178542494773865 0.0 -0.39691752195358276
    outer loop
      vertex 3.0 11.0 10.356852531433105
      vertex 2.721876859664917 12.0 11.0
      vertex 3.0 12.0 10.356852531433105
    endloop
  endfacet
  facet normal -1.0 -0.0 0.0
    outer loop
      vertex 2.721876859664917 12.0 12.0
      vertex 2.721876859664917 11.0 11.0
      vertex 2.721876859664917 11.0 12.0
    endloop
  endfacet
  facet normal -1.0 0.0 0.0
    outer loop
      vertex 2.721876859664917 12.0 11.0
      vertex 2.721876859664917 11.0 11.0
      vertex 2.721876859664917 12.0 12.0
    endloop
  endfacet
  facet normal -0.9178542494773865 0.0 0.39691752195358276
    outer loop
      vertex 2.721876859664917 11.0 12.0
      vertex 3.0 11.0 12.643147468566895
      vertex 3.0 12.0 12.643147468566895
    endloop
  endfacet
  facet normal -0.9178542494773865 0.0 0.39691752195358276
    outer loop
      vertex 2.721876859664917 11.0 12.0
      vertex 3.0 12.0 12.643147468566895
      vertex 2.721876859664917 12.0 12.0
    endloop
  endfacet
  facet normal -0.9128507971763611 0.10427290946245193 -0.3947538435459137
    outer loop
      vertex 3.0 12.0 10.356852531433105
      vertex 2.721876859664917 12.0 11.0
      vertex 2.83610463142395 13.0 11.0
    endloop
  endfacet
  facet normal -0.9181514978408813 0.09665495157241821 -0.38425981998443604
    outer loop
      vertex 3.0 12.0 10.356852531433105
      vertex 2.83610463142395 13.0 11.0
      vertex 3.0 13.0 10.60838794708252
    endloop
  endfacet
  facet normal -0.9935391545295715 0.11348976194858551 0.0
    outer loop
      vertex 2.83610463142395 13.0 12.0
      vertex 2.721876859664917 12.0 11.0
      vertex 2.721876859664917 12.0 12.0
    endloop
  endfacet
  facet normal -0.9935391545295715 0.11348976194858551 0.0
    outer loop
      vertex 2.83610463142395 13.0 11.0
      vertex 2.721876859664917 12.0 11.0
      vertex 2.83610463142395 13.0 12.0
    endloop
  endfacet
  facet normal -0.9133136868476868 0.09934492409229279 0.39495399594306946
    outer loop
      vertex 2.721876859664917 12.0 12.0
      vertex 3.0 12.0 12.643147468566895
      vertex 3.0 13.0 12.39161205291748
    endloop
  endfacet
  facet normal -0.9173916578292847 0.10479160398244858 0.3839418292045593
    outer loop
      vertex 2.721876859664917 12.0 12.0
      vertex 3.0 13.0 12.39161205291748
      vertex 2.83610463142395 13.0 12.0
    endloop
  endfacet
  facet normal -0.9022790789604187 0.2080812156200409 -0.3776170015335083
    outer loop
      vertex 3.0 13.710680961608887 11.0
      vertex 3.0 13.0 10.60838794708252
      vertex 2.83610463142395 13.0 11.0
    endloop
  endfacet
  facet normal -0.9744237065315247 0.22471901774406433 0.0
    outer loop
      vertex 3.0 13.710680961608887 11.0
      vertex 2.83610463142395 13.0 11.0
      vertex 2.83610463142395 13.0 12.0
    endloop
  endfacet
  facet normal -0.9744237065315247 0.22471901774406433 0.0
    outer loop
      vertex 3.0 13.710680961608887 11.0
      vertex 2.83610463142395 13.0 12.0
      vertex 3.0 13.710680961608887 12.0
    endloop
  endfacet
  facet normal -0.9022790789604187 0.2080812156200409 0.3776170015335083
    outer loop
      vertex 3.0 13.710680961608887 12.0
      vertex 2.83610463142395 13.0 12.0
      vertex 3.0 13.0 12.39161205291748
    endloop
  endfacet
  facet normal -0.7882763147354126 -0.5004281401634216 -0.3580392003059387
    outer loop
      vertex 4.0 7.0 10.880563735961914
      vertex 4.0 6.914547443389893 11.0
      vertex 3.945751428604126 7.0 11.0
    endloop
  endfacet
  facet normal -0.8442442417144775 -0.5359587073326111 0.0
    outer loop
      vertex 4.0 6.914547443389893 12.0
      vertex 3.945751428604126 7.0 12.0
      vertex 3.945751428604126 7.0 11.0
    endloop
  endfacet
  facet normal -0.8442442417144775 -0.5359587073326111 -0.0
    outer loop
      vertex 4.0 6.914547443389893 12.0
      vertex 3.945751428604126 7.0 11.0
      vertex 4.0 6.914547443389893 11.0
    endloop
  endfacet
  facet normal -0.7882763147354126 -0.5004281401634216 0.3580392003059387
    outer loop
      vertex 4.0 7.0 12.119436264038086
      vertex 3.945751428604126 7.0 12.0
      vertex 4.0 6.914547443389893 12.0
    endloop
  endfacet
  facet normal -0.6813248991966248 -0.3393901586532593 -0.6485450267791748
    outer loop
      vertex 4.0 8.0 9.947417259216309
      vertex 4.0 7.899518966674805 10.0
      vertex 3.9499471187591553 8.0 10.0
    endloop
  endfacet
  facet normal -0.8145791292190552 -0.4057684540748596 -0.4145031273365021
    outer loop
      vertex 3.9499471187591553 8.0 10.0
      vertex 4.0 7.899518966674805 10.0
      vertex 4.0 7.0 10.880563735961914
    endloop
  endfacet
  facet normal -0.8425072431564331 -0.37913623452186584 -0.38267114758491516
    outer loop
      vertex 3.945751428604126 7.0 11.0
      vertex 3.9499471187591553 8.0 10.0
      vertex 4.0 7.0 10.880563735961914
    endloop
  endfacet
  facet normal -0.8107060194015503 -0.4122738540172577 -0.4156753420829773
    outer loop
      vertex 3.4372146129608154 8.0 11.0
      vertex 3.9499471187591553 8.0 10.0
      vertex 3.945751428604126 7.0 11.0
    endloop
  endfacet
  facet normal -0.8913626670837402 -0.453290730714798 0.0
    outer loop
      vertex 3.4372146129608154 8.0 12.0
      vertex 3.945751428604126 7.0 11.0
      vertex 3.945751428604126 7.0 12.0
    endloop
  endfacet
  facet normal -0.8913626670837402 -0.453290730714798 0.0
    outer loop
      vertex 3.4372146129608154 8.0 11.0
      vertex 3.945751428604126 7.0 11.0
      vertex 3.4372146129608154 8.0 12.0
    endloop
  endfacet
  facet normal -0.843949019908905 -0.37524834275245667 0.3833260238170624
    outer loop
      vertex 3.945751428604126 7.0 12.0
      vertex 4.0 7.0 12.119436264038086
      vertex 4.0 7.899518966674805 13.0
    endloop
  endfacet
  facet normal -0.8163686990737915 -0.40665990114212036 0.41008511185646057
    outer loop
      vertex 3.9499471187591553 8.0 13.0
      vertex 3.945751428604126 7.0 12.0
      vertex 4.0 7.899518966674805 13.0
    endloop
  endfacet
  facet normal -0.8107060194015503 -0.4122738540172577 0.4156753420829773
    outer loop
      vertex 3.4372146129608154 8.0 12.0
      vertex 3.945751428604126 7.0 12.0
      vertex 3.9499471187591553 8.0 13.0
    endloop
  endfacet
  facet normal -0.6813248991966248 -0.3393901586532593 0.6485450267791748
    outer loop
      vertex 4.0 8.0 13.052582740783691
      vertex 3.9499471187591553 8.0 13.0
      vertex 4.0 7.899518966674805 13.0
    endloop
  endfacet
  facet normal -0.7000576257705688 -0.2566351592540741 -0.6663764715194702
    outer loop
      vertex 4.0 8.0 9.947417259216309
      vertex 3.9499471187591553 8.0 10.0
      vertex 3.583355665206909 9.0 10.0
    endloop
  endfacet
  facet normal -0.6658763885498047 -0.24029414355754852 -0.7063053846359253
    outer loop
      vertex 4.0 8.0 9.947417259216309
      vertex 3.583355665206909 9.0 10.0
      vertex 4.0 9.0 9.60720443725586
    endloop
  endfacet
  facet normal -0.845852792263031 -0.3105490505695343 -0.4336962103843689
    outer loop
      vertex 3.0700714588165283 9.0 11.0
      vertex 3.9499471187591553 8.0 10.0
      vertex 3.4372146129608154 8.0 11.0
    endloop
  endfacet
  facet normal -0.84580397605896 -0.31006452441215515 -0.43413785099983215
    outer loop
      vertex 3.583355665206909 9.0 10.0
      vertex 3.9499471187591553 8.0 10.0
      vertex 3.0700714588165283 9.0 11.0
    endloop
  endfacet
  facet normal -0.9387316107749939 -0.34464889764785767 0.0
    outer loop
      vertex 3.0700714588165283 9.0 12.0
      vertex 3.4372146129608154 8.0 11.0
      vertex 3.4372146129608154 8.0 12.0
    endloop
  endfacet
  facet normal -0.9387316107749939 -0.34464889764785767 0.0
    outer loop
      vertex 3.0700714588165283 9.0 11.0
      vertex 3.4372146129608154 8.0 11.0
      vertex 3.0700714588165283 9.0 12.0
    endloop
  endfacet
  facet normal -0.8459752798080444 -0.310127317905426 0.43375903367996216
    outer loop
      vertex 3.583355665206909 9.0 13.0
      vertex 3.4372146129608154 8.0 12.0
      vertex 3.9499471187591553 8.0 13.0
    endloop
  endfacet
  facet normal -0.8456815481185913 -0.31048619747161865 0.4340749979019165
    outer loop
      vertex 3.0700714588165283 9.0 12.0
      vertex 3.4372146129608154 8.0 12.0
      vertex 3.583355665206909 9.0 13.0
    endloop
  endfacet
  facet normal -0.7051761150360107 -0.228367418050766 0.671248733997345
    outer loop
      vertex 3.9499471187591553 8.0 13.0
      vertex 4.0 8.0 13.052582740783691
      vertex 4.0 9.0 13.39279556274414
    endloop
  endfacet
  facet normal -0.6652626991271973 -0.24387961626052856 0.7056544423103333
    outer loop
      vertex 3.9499471187591553 8.0 13.0
      vertex 4.0 9.0 13.39279556274414
      vertex 3.583355665206909 9.0 13.0
    endloop
  endfacet
  facet normal -0.6763908863067627 -0.16658073663711548 -0.7174582481384277
    outer loop
      vertex 4.0 9.0 9.60720443725586
      vertex 3.583355665206909 9.0 10.0
      vertex 3.3370769023895264 10.0 10.0
    endloop
  endfacet
  facet normal -0.6477231383323669 -0.1348544955253601 -0.7498459219932556
    outer loop
      vertex 4.0 9.0 9.60720443725586
      vertex 3.3370769023895264 10.0 10.0
      vertex 4.0 10.0 9.427361488342285
    endloop
  endfacet
  facet normal -0.8450999855995178 -0.25801077485084534 -0.4682270288467407
    outer loop
      vertex 3.0 10.0 10.60838794708252
      vertex 3.3370769023895264 10.0 10.0
      vertex 3.0 9.289319038391113 11.0
    endloop
  endfacet
  facet normal -0.8710673451423645 -0.21096765995025635 -0.44354739785194397
    outer loop
      vertex 3.3370769023895264 10.0 10.0
      vertex 3.0700714588165283 9.0 11.0
      vertex 3.0 9.289319038391113 11.0
    endloop
  endfacet
  facet normal -0.8690351843833923 -0.21402490139007568 -0.44606202840805054
    outer loop
      vertex 3.3370769023895264 10.0 10.0
      vertex 3.583355665206909 9.0 10.0
      vertex 3.0700714588165283 9.0 11.0
    endloop
  endfacet
  facet normal -0.9719012975692749 -0.23538906872272491 0.0
    outer loop
      vertex 3.0 9.289319038391113 11.0
      vertex 3.0700714588165283 9.0 11.0
      vertex 3.0 9.289319038391113 12.0
    endloop
  endfacet
  facet normal -0.9719012975692749 -0.23538906872272491 0.0
    outer loop
      vertex 3.0 9.289319038391113 12.0
      vertex 3.0700714588165283 9.0 11.0
      vertex 3.0700714588165283 9.0 12.0
    endloop
  endfacet
  facet normal -0.8937697410583496 -0.2164660394191742 0.392833411693573
    outer loop
      vertex 3.0 9.289319038391113 12.0
      vertex 3.0700714588165283 9.0 12.0
      vertex 3.0 10.0 12.39161205291748
    endloop
  endfacet
  facet normal -0.8483827710151672 -0.24352304637432098 0.47004586458206177
    outer loop
      vertex 3.0700714588165283 9.0 12.0
      vertex 3.3370769023895264 10.0 13.0
      vertex 3.0 10.0 12.39161205291748
    endloop
  endfacet
  facet normal -0.8690351843833923 -0.21402490139007568 0.44606202840805054
    outer loop
      vertex 3.0700714588165283 9.0 12.0
      vertex 3.583355665206909 9.0 13.0
      vertex 3.3370769023895264 10.0 13.0
    endloop
  endfacet
  facet normal -0.6801764965057373 -0.12975198030471802 0.721473753452301
    outer loop
      vertex 3.583355665206909 9.0 13.0
      vertex 4.0 9.0 13.39279556274414
      vertex 4.0 10.0 13.572638511657715
    endloop
  endfacet
  facet normal -0.6453843116760254 -0.15894444286823273 0.7471383213996887
    outer loop
      vertex 3.583355665206909 9.0 13.0
      vertex 4.0 10.0 13.572638511657715
      vertex 3.3370769023895264 10.0 13.0
    endloop
  endfacet
  facet normal -0.6514793634414673 -0.08225315809249878 -0.7541943192481995
    outer loop
      vertex 4.0 10.0 9.427361488342285
      vertex 3.3370769023895264 10.0 10.0
      vertex 3.2108209133148193 11.0 10.0
    endloop
  endfacet
  facet normal -0.6337505578994751 -0.05845175310969353 -0.771325945854187
    outer loop
      vertex 4.0 10.0 9.427361488342285
      vertex 3.2108209133148193 11.0 10.0
      vertex 4.0 11.0 9.351580619812012
    endloop
  endfacet
  facet normal -0.8540142178535461 -0.1269080489873886 -0.5045335292816162
    outer loop
      vertex 3.0 11.0 10.356852531433105
      vertex 3.2108209133148193 11.0 10.0
      vertex 3.0 10.0 10.60838794708252
    endloop
  endfacet
  facet normal -0.8694300651550293 -0.1097707599401474 -0.4817070960998535
    outer loop
      vertex 3.0 10.0 10.60838794708252
      vertex 3.2108209133148193 11.0 10.0
      vertex 3.3370769023895264 10.0 10.0
    endloop
  endfacet
  facet normal -0.855933427810669 -0.10806672275066376 0.5056673288345337
    outer loop
      vertex 3.2108209133148193 11.0 13.0
      vertex 3.0 11.0 12.643147468566895
      vertex 3.3370769023895264 10.0 13.0
    endloop
  endfacet
  facet normal -0.8682882785797119 -0.12100726366043091 0.4810744822025299
    outer loop
      vertex 3.3370769023895264 10.0 13.0
      vertex 3.0 11.0 12.643147468566895
      vertex 3.0 10.0 12.39161205291748
    endloop
  endfacet
  facet normal -0.6526221632957458 -0.057253748178482056 0.755517303943634
    outer loop
      vertex 3.3370769023895264 10.0 13.0
      vertex 4.0 10.0 13.572638511657715
      vertex 4.0 11.0 13.648419380187988
    endloop
  endfacet
  facet normal -0.6328065395355225 -0.07989561557769775 0.7701770067214966
    outer loop
      vertex 3.3370769023895264 10.0 13.0
      vertex 4.0 11.0 13.648419380187988
      vertex 3.2108209133148193 11.0 13.0
    endloop
  endfacet
  facet normal -0.634835958480835 0.0 -0.772646963596344
    outer loop
      vertex 4.0 11.0 9.351580619812012
      vertex 3.2108209133148193 11.0 10.0
      vertex 3.2108209133148193 12.0 10.0
    endloop
  endfacet
  facet normal -0.634835958480835 0.0 -0.772646963596344
    outer loop
      vertex 4.0 11.0 9.351580619812012
      vertex 3.2108209133148193 12.0 10.0
      vertex 4.0 12.0 9.351580619812012
    endloop
  endfacet
  facet normal -0.8609756827354431 -0.0 -0.5086461901664734
    outer loop
      vertex 3.0 12.0 10.356852531433105
      vertex 3.2108209133148193 12.0 10.0
      vertex 3.0 11.0 10.356852531433105
    endloop
  endfacet
  facet normal -0.8609756827354431 0.0 -0.5086461901664734
    outer loop
      vertex 3.0 11.0 10.356852531433105
      vertex 3.2108209133148193 12.0 10.0
      vertex 3.2108209133148193 11.0 10.0
    endloop
  endfacet
  facet normal -0.8609756827354431 0.0 0.5086461901664734
    outer loop
      vertex 3.2108209133148193 12.0 13.0
      vertex 3.0 12.0 12.643147468566895
      vertex 3.2108209133148193 11.0 13.0
    endloop
  endfacet
  facet normal -0.8609756827354431 0.0 0.5086461901664734
    outer loop
      vertex 3.2108209133148193 11.0 13.0
      vertex 3.0 12.0 12.643147468566895
      vertex 3.0 11.0 12.643147468566895
    endloop
  endfacet
  facet normal -0.634835958480835 0.0 0.772646963596344
    outer loop
      vertex 3.2108209133148193 11.0 13.0
      vertex 4.0 11.0 13.648419380187988
      vertex 4.0 12.0 13.648419380187988
    endloop
  endfacet
  facet normal -0.634835958480835 0.0 0.772646963596344
    outer loop
      vertex 3.2108209133148193 11.0 13.0
      vertex 4.0 12.0 13.648419380187988
      vertex 3.2108209133148193 12.0 13.0
    endloop
  endfacet
  facet normal -0.6328065395355225 0.07989558577537537 -0.7701770067214966
    outer loop
      vertex 4.0 12.0 9.351580619812012
      vertex 3.2108209133148193 12.0 10.0
      vertex 3.3370769023895264 13.0 10.0
    endloop
  endfacet
  facet normal -0.6526221632957458 0.05725375562906265 -0.755517303943634
    outer loop
      vertex 4.0 12.0 9.351580619812012
      vertex 3.3370769023895264 13.0 10.0
      vertex 4.0 13.0 9.427361488342285
    endloop
  endfacet
  facet normal -0.8682882785797119 0.1210072711110115 -0.4810744822025299
    outer loop
      vertex 3.0 13.0 10.60838794708252
      vertex 3.3370769023895264 13.0 10.0
      vertex 3.0 12.0 10.356852531433105
    endloop
  endfacet
  facet normal -0.855933427810669 0.10806672275066376 -0.5056673288345337
    outer loop
      vertex 3.0 12.0 10.356852531433105
      vertex 3.3370769023895264 13.0 10.0
      vertex 3.2108209133148193 12.0 10.0
    endloop
  endfacet
  facet normal -0.8694300651550293 0.1097707599401474 0.4817070960998535
    outer loop
      vertex 3.3370769023895264 13.0 13.0
      vertex 3.0 13.0 12.39161205291748
      vertex 3.2108209133148193 12.0 13.0
    endloop
  endfacet
  facet normal -0.8540142178535461 0.12690803408622742 0.5045335292816162
    outer loop
      vertex 3.2108209133148193 12.0 13.0
      vertex 3.0 13.0 12.39161205291748
      vertex 3.0 12.0 12.643147468566895
    endloop
  endfacet
  facet normal -0.6337505578994751 0.05845172330737114 0.771325945854187
    outer loop
      vertex 3.2108209133148193 12.0 13.0
      vertex 4.0 12.0 13.648419380187988
      vertex 4.0 13.0 13.572638511657715
    endloop
  endfacet
  facet normal -0.6514793634414673 0.08225316554307938 0.7541943192481995
    outer loop
      vertex 3.2108209133148193 12.0 13.0
      vertex 4.0 13.0 13.572638511657715
      vertex 3.3370769023895264 13.0 13.0
    endloop
  endfacet
  facet normal -0.6453843116760254 0.15894447267055511 -0.7471383213996887
    outer loop
      vertex 4.0 13.0 9.427361488342285
      vertex 3.3370769023895264 13.0 10.0
      vertex 3.583355665206909 14.0 10.0
    endloop
  endfacet
  facet normal -0.6801764965057373 0.12975198030471802 -0.721473753452301
    outer loop
      vertex 4.0 13.0 9.427361488342285
      vertex 3.583355665206909 14.0 10.0
      vertex 4.0 14.0 9.60720443725586
    endloop
  endfacet
  facet normal -0.8937697410583496 0.2164660394191742 -0.392833411693573
    outer loop
      vertex 3.0 13.710680961608887 11.0
      vertex 3.0700714588165283 14.0 11.0
      vertex 3.0 13.0 10.60838794708252
    endloop
  endfacet
  facet normal -0.8483827710151672 0.24352304637432098 -0.47004586458206177
    outer loop
      vertex 3.0700714588165283 14.0 11.0
      vertex 3.3370769023895264 13.0 10.0
      vertex 3.0 13.0 10.60838794708252
    endloop
  endfacet
  facet normal -0.8690351843833923 0.21402490139007568 -0.44606202840805054
    outer loop
      vertex 3.0700714588165283 14.0 11.0
      vertex 3.583355665206909 14.0 10.0
      vertex 3.3370769023895264 13.0 10.0
    endloop
  endfacet
  facet normal -0.9719012975692749 0.23538906872272491 0.0
    outer loop
      vertex 3.0 13.710680961608887 12.0
      vertex 3.0700714588165283 14.0 12.0
      vertex 3.0 13.710680961608887 11.0
    endloop
  endfacet
  facet normal -0.9719012975692749 0.23538906872272491 0.0
    outer loop
      vertex 3.0 13.710680961608887 11.0
      vertex 3.0700714588165283 14.0 12.0
      vertex 3.0700714588165283 14.0 11.0
    endloop
  endfacet
  facet normal -0.8450999855995178 0.25801077485084534 0.4682270288467407
    outer loop
      vertex 3.0 13.0 12.39161205291748
      vertex 3.3370769023895264 13.0 13.0
      vertex 3.0 13.710680961608887 12.0
    endloop
  endfacet
  facet normal -0.8710673451423645 0.21096765995025635 0.44354739785194397
    outer loop
      vertex 3.3370769023895264 13.0 13.0
      vertex 3.0700714588165283 14.0 12.0
      vertex 3.0 13.710680961608887 12.0
    endloop
  endfacet
  facet normal -0.8690351843833923 0.21402490139007568 0.44606202840805054
    outer loop
      vertex 3.3370769023895264 13.0 13.0
      vertex 3.583355665206909 14.0 13.0
      vertex 3.0700714588165283 14.0 12.0
    endloop
  endfacet
  facet normal -0.6477231383323669 0.1348544955253601 0.7498459219932556
    outer loop
      vertex 3.3370769023895264 13.0 13.0
      vertex 4.0 13.0 13.572638511657715
      vertex 4.0 14.0 13.39279556274414
    endloop
  endfacet
  facet normal -0.6763908863067627 0.1665807068347931 0.7174582481384277
    outer loop
      vertex 3.3370769023895264 13.0 13.0
      vertex 4.0 14.0 13.39279556274414
      vertex 3.583355665206909 14.0 13.0
    endloop
  endfacet
  facet normal -0.6652626991271973 0.24387961626052856 -0.7056544423103333
    outer loop
      vertex 4.0 14.0 9.60720443725586
      vertex 3.583355665206909 14.0 10.0
      vertex 3.9499471187591553 15.0 10.0
    endloop
  endfacet
  facet normal -0.7051761150360107 0.228367418050766 -0.671248733997345
    outer loop
      vertex 4.0 14.0 9.60720443725586
      vertex 3.9499471187591553 15.0 10.0
      vertex 4.0 15.0 9.947417259216309
    endloop
  endfacet
  facet normal -0.8456815481185913 0.31048619747161865 -0.4340749979019165
    outer loop
      vertex 3.4372146129608154 15.0 11.0
      vertex 3.583355665206909 14.0 10.0
      vertex 3.0700714588165283 14.0 11.0
    endloop
  endfacet
  facet normal -0.8459752798080444 0.310127317905426 -0.43375903367996216
    outer loop
      vertex 3.9499471187591553 15.0 10.0
      vertex 3.583355665206909 14.0 10.0
      vertex 3.4372146129608154 15.0 11.0
    endloop
  endfacet
  facet normal -0.9387316107749939 0.34464889764785767 0.0
    outer loop
      vertex 3.4372146129608154 15.0 12.0
      vertex 3.0700714588165283 14.0 11.0
      vertex 3.0700714588165283 14.0 12.0
    endloop
  endfacet
  facet normal -0.9387316107749939 0.34464889764785767 0.0
    outer loop
      vertex 3.4372146129608154 15.0 11.0
      vertex 3.0700714588165283 14.0 11.0
      vertex 3.4372146129608154 15.0 12.0
    endloop
  endfacet
  facet normal -0.84580397605896 0.31006452441215515 0.43413785099983215
    outer loop
      vertex 3.9499471187591553 15.0 13.0
      vertex 3.0700714588165283 14.0 12.0
      vertex 3.583355665206909 14.0 13.0
    endloop
  endfacet
  facet normal -0.845852792263031 0.3105490505695343 0.4336962103843689
    outer loop
      vertex 3.4372146129608154 15.0 12.0
      vertex 3.0700714588165283 14.0 12.0
      vertex 3.9499471187591553 15.0 13.0
    endloop
  endfacet
  facet normal -0.6658763885498047 0.24029414355754852 0.7063053846359253
    outer loop
      vertex 3.583355665206909 14.0 13.0
      vertex 4.0 14.0 13.39279556274414
      vertex 4.0 15.0 13.052582740783691
    endloop
  endfacet
  facet normal -0.7000576257705688 0.2566351592540741 0.6663764715194702
    outer loop
      vertex 3.583355665206909 14.0 13.0
      vertex 4.0 15.0 13.052582740783691
      vertex 3.9499471187591553 15.0 13.0
    endloop
  endfacet
  facet normal -0.6813248991966248 0.3393901586532593 -0.6485450267791748
    outer loop
      vertex 4.0 15.100481033325195 10.0
      vertex 4.0 15.0 9.947417259216309
      vertex 3.9499471187591553 15.0 10.0
    endloop
  endfacet
  facet normal -0.843949019908905 0.37524834275245667 -0.3833260238170624
    outer loop
      vertex 3.945751428604126 16.0 11.0
      vertex 4.0 16.0 10.880563735961914
      vertex 4.0 15.100481033325195 10.0
    endloop
  endfacet
  facet normal -0.8163686990737915 0.40665990114212036 -0.41008511185646057
    outer loop
      vertex 3.9499471187591553 15.0 10.0
      vertex 3.945751428604126 16.0 11.0
      vertex 4.0 15.100481033325195 10.0
    endloop
  endfacet
  facet normal -0.8107060194015503 0.4122738540172577 -0.4156753420829773
    outer loop
      vertex 3.4372146129608154 15.0 11.0
      vertex 3.945751428604126 16.0 11.0
      vertex 3.9499471187591553 15.0 10.0
    endloop
  endfacet
  facet normal -0.8913626670837402 0.453290730714798 0.0
    outer loop
      vertex 3.945751428604126 16.0 12.0
      vertex 3.4372146129608154 15.0 11.0
      vertex 3.4372146129608154 15.0 12.0
    endloop
  endfacet
  facet normal -0.8913626670837402 0.453290730714798 0.0
    outer loop
      vertex 3.945751428604126 16.0 11.0
      vertex 3.4372146129608154 15.0 11.0
      vertex 3.945751428604126 16.0 12.0
    endloop
  endfacet
  facet normal -0.8145791292190552 0.4057684540748596 0.4145031273365021
    outer loop
      vertex 3.9499471187591553 15.0 13.0
      vertex 4.0 15.100481033325195 13.0
      vertex 4.0 16.0 12.119436264038086
    endloop
  endfacet
  facet normal -0.8425072431564331 0.37913623452186584 0.38267114758491516
    outer loop
      vertex 3.945751428604126 16.0 12.0
      vertex 3.9499471187591553 15.0 13.0
      vertex 4.0 16.0 12.119436264038086
    endloop
  endfacet
  facet normal -0.8107060194015503 0.4122738540172577 0.4156753420829773
    outer loop
      vertex 3.4372146129608154 15.0 12.0
      vertex 3.9499471187591553 15.0 13.0
      vertex 3.945751428604126 16.0 12.0
    endloop
  endfacet
  facet normal -0.6813248991966248 0.3393901586532593 0.6485450267791748
    outer loop
      vertex 4.0 15.100481033325195 13.0
      vertex 3.9499471187591553 15.0 13.0
      vertex 4.0 15.0 13.052582740783691
    endloop
  endfacet
  facet normal -0.7882774472236633 0.5004260540008545 -0.3580397367477417
    outer loop
      vertex 4.0 16.085453033447266 11.0
      vertex 4.0 16.0 10.880563735961914
      vertex 3.945751428604126 16.0 11.0
    endloop
  endfacet
  facet normal -0.8442455530166626 0.5359565615653992 0.0
    outer loop
      vertex 4.0 16.085453033447266 11.0
      vertex 3.945751428604126 16.0 11.0
      vertex 3.945751428604126 16.0 12.0
    endloop
  endfacet
  facet normal -0.8442455530166626 0.5359565615653992 0.0
    outer loop
      vertex 4.0 16.085453033447266 11.0
      vertex 3.945751428604126 16.0 12.0
      vertex 4.0 16.085453033447266 12.0
    endloop
  endfacet
  facet normal -0.7882774472236633 0.5004260540008545 0.3580397367477417
    outer loop
      vertex 4.0 16.085453033447266 12.0
      vertex 3.945751428604126 16.0 12.0
      vertex 4.0 16.0 12.119436264038086
    endloop
  endfacet
  facet normal -0.6992407441139221 -0.6025378108024597 -0.3847213685512543
    outer loop
      vertex 5.0 6.0 10.356852531433105
      vertex 5.0 5.589349269866943 11.0
      vertex 4.646141052246094 6.0 11.0
    endloop
  endfacet
  facet normal -0.7575470209121704 -0.6527805328369141 0.0
    outer loop
      vertex 5.0 5.589349269866943 12.0
      vertex 4.646141052246094 6.0 12.0
      vertex 4.646141052246094 6.0 11.0
    endloop
  endfacet
  facet normal -0.7575470209121704 -0.6527805328369141 -0.0
    outer loop
      vertex 5.0 5.589349269866943 12.0
      vertex 4.646141052246094 6.0 11.0
      vertex 5.0 5.589349269866943 11.0
    endloop
  endfacet
  facet normal -0.6992407441139221 -0.6025378108024597 0.3847213685512543
    outer loop
      vertex 5.0 6.0 12.643147468566895
      vertex 4.646141052246094 6.0 12.0
      vertex 5.0 5.589349269866943 12.0
    endloop
  endfacet
  facet normal -0.5792784094810486 -0.41016238927841187 -0.7044169902801514
    outer loop
      vertex 5.0 7.0 9.60720443725586
      vertex 5.0 6.325408935546875 10.0
      vertex 4.522350788116455 7.0 10.0
    endloop
  endfacet
  facet normal -0.7220202684402466 -0.5112318396568298 -0.4661853015422821
    outer loop
      vertex 4.522350788116455 7.0 10.0
      vertex 5.0 6.325408935546875 10.0
      vertex 5.0 6.0 10.356852531433105
    endloop
  endfacet
  facet normal -0.7544258832931519 -0.5084747672080994 -0.41508421301841736
    outer loop
      vertex 4.522350788116455 7.0 10.0
      vertex 5.0 6.0 10.356852531433105
      vertex 4.646141052246094 6.0 11.0
    endloop
  endfacet
  facet normal -0.7320631742477417 -0.5248824954032898 -0.43426018953323364
    outer loop
      vertex 4.0 7.0 10.880563735961914
      vertex 4.522350788116455 7.0 10.0
      vertex 4.646141052246094 6.0 11.0
    endloop
  endfacet
  facet normal -0.7549201846122742 -0.533362090587616 -0.38160231709480286
    outer loop
      vertex 4.0 6.914547443389893 11.0
      vertex 4.0 7.0 10.880563735961914
      vertex 4.646141052246094 6.0 11.0
    endloop
  endfacet
  facet normal -0.8167245388031006 -0.5770277380943298 0.0
    outer loop
      vertex 4.0 6.914547443389893 11.0
      vertex 4.646141052246094 6.0 11.0
      vertex 4.0 6.914547443389893 12.0
    endloop
  endfacet
  facet normal -0.8167245388031006 -0.5770277380943298 0.0
    outer loop
      vertex 4.0 6.914547443389893 12.0
      vertex 4.646141052246094 6.0 11.0
      vertex 4.646141052246094 6.0 12.0
    endloop
  endfacet
  facet normal -0.7345731854438782 -0.5201200246810913 0.4357491433620453
    outer loop
      vertex 5.0 6.325408935546875 13.0
      vertex 4.522350788116455 7.0 13.0
      vertex 4.0 7.0 12.119436264038086
    endloop
  endfacet
  facet normal -0.7277189493179321 -0.5578082799911499 0.39909273386001587
    outer loop
      vertex 5.0 6.325408935546875 13.0
      vertex 4.0 7.0 12.119436264038086
      vertex 4.0 6.914547443389893 12.0
    endloop
  endfacet
  facet normal -0.7426983118057251 -0.49479418992996216 0.4511960446834564
    outer loop
      vertex 5.0 6.0 12.643147468566895
      vertex 5.0 6.325408935546875 13.0
      vertex 4.0 6.914547443389893 12.0
    endloop
  endfacet
  facet normal -0.7449667453765869 -0.5263298153877258 0.40987977385520935
    outer loop
      vertex 4.646141052246094 6.0 12.0
      vertex 5.0 6.0 12.643147468566895
      vertex 4.0 6.914547443389893 12.0
    endloop
  endfacet
  facet normal -0.5792784094810486 -0.41016238927841187 0.7044169902801514
    outer loop
      vertex 5.0 7.0 13.39279556274414
      vertex 4.522350788116455 7.0 13.0
      vertex 5.0 6.325408935546875 13.0
    endloop
  endfacet
  facet normal -0.5959216356277466 -0.34605175256729126 -0.7246555685997009
    outer loop
      vertex 5.0 7.0 9.60720443725586
      vertex 4.522350788116455 7.0 10.0
      vertex 4.0 7.899518966674805 10.0
    endloop
  endfacet
  facet normal -0.6076440215110779 -0.3682429790496826 -0.7036802768707275
    outer loop
      vertex 4.0 8.0 9.947417259216309
      vertex 5.0 7.0 9.60720443725586
      vertex 4.0 7.899518966674805 10.0
    endloop
  endfacet
  facet normal -0.5332556366920471 -0.2593052089214325 -0.8052324652671814
    outer loop
      vertex 5.0 8.0 9.285179138183594
      vertex 5.0 7.0 9.60720443725586
      vertex 4.0 8.0 9.947417259216309
    endloop
  endfacet
  facet normal -0.7694358229637146 -0.4468114674091339 -0.4564296305179596
    outer loop
      vertex 4.0 7.899518966674805 10.0
      vertex 4.522350788116455 7.0 10.0
      vertex 4.0 7.0 10.880563735961914
    endloop
  endfacet
  facet normal -0.7694358229637146 -0.4468114674091339 0.4564296305179596
    outer loop
      vertex 4.522350788116455 7.0 13.0
      vertex 4.0 7.899518966674805 13.0
      vertex 4.0 7.0 12.119436264038086
    endloop
  endfacet
  facet normal -0.6239559650421143 -0.3623313009738922 0.6923835277557373
    outer loop
      vertex 4.0 8.0 13.052582740783691
      vertex 4.0 7.899518966674805 13.0
      vertex 4.522350788116455 7.0 13.0
    endloop
  endfacet
  facet normal -0.5952322483062744 -0.3489803075790405 0.7238172292709351
    outer loop
      vertex 5.0 7.0 13.39279556274414
      vertex 4.0 8.0 13.052582740783691
      vertex 4.522350788116455 7.0 13.0
    endloop
  endfacet
  facet normal -0.5332556366920471 -0.2593052089214325 0.8052324652671814
    outer loop
      vertex 5.0 8.0 13.714820861816406
      vertex 4.0 8.0 13.052582740783691
      vertex 5.0 7.0 13.39279556274414
    endloop
  endfacet
  facet normal -0.5311854481697083 -0.27288690209388733 -0.8021064400672913
    outer loop
      vertex 4.0 9.0 9.60720443725586
      vertex 5.0 8.0 9.285179138183594
      vertex 4.0 8.0 9.947417259216309
    endloop
  endfacet
  facet normal -0.41858184337615967 -0.1290949434041977 -0.8989570736885071
    outer loop
      vertex 4.0 9.0 9.60720443725586
      vertex 5.0 9.0 9.141573905944824
      vertex 5.0 8.0 9.285179138183594
    endloop
  endfacet
  facet normal -0.5311854481697083 -0.27288690209388733 0.8021064400672913
    outer loop
      vertex 5.0 8.0 13.714820861816406
      vertex 4.0 9.0 13.39279556274414
      vertex 4.0 8.0 13.052582740783691
    endloop
  endfacet
  facet normal -0.41858184337615967 -0.1290949434041977 0.8989570736885071
    outer loop
      vertex 5.0 9.0 13.858426094055176
      vertex 4.0 9.0 13.39279556274414
      vertex 5.0 8.0 13.714820861816406
    endloop
  endfacet
  facet normal -0.4166134297847748 -0.16091081500053406 -0.8947296142578125
    outer loop
      vertex 4.0 10.0 9.427361488342285
      vertex 5.0 9.0 9.141573905944824
      vertex 4.0 9.0 9.60720443725586
    endloop
  endfacet
  facet normal -0.31783798336982727 -0.04720594733953476 -0.9469691514968872
    outer loop
      vertex 4.0 10.0 9.427361488342285
      vertex 5.0 10.0 9.091724395751953
      vertex 5.0 9.0 9.141573905944824
    endloop
  endfacet
  facet normal -0.4166134297847748 -0.16091081500053406 0.8947296142578125
    outer loop
      vertex 5.0 9.0 13.858426094055176
      vertex 4.0 10.0 13.572638511657715
      vertex 4.0 9.0 13.39279556274414
    endloop
  endfacet
  facet normal -0.31783798336982727 -0.04720594733953476 0.9469691514968872
    outer loop
      vertex 5.0 10.0 13.908275604248047
      vertex 4.0 10.0 13.572638511657715
      vertex 5.0 9.0 13.858426094055176
    endloop
  endfacet
  facet normal -0.31737473607063293 -0.07165755331516266 -0.9455889463424683
    outer loop
      vertex 4.0 11.0 9.351580619812012
      vertex 5.0 10.0 9.091724395751953
      vertex 4.0 10.0 9.427361488342285
    endloop
  endfacet
  facet normal -0.26134154200553894 -0.010531165637075901 -0.9651889801025391
    outer loop
      vertex 4.0 11.0 9.351580619812012
      vertex 5.0 11.0 9.08081340789795
      vertex 5.0 10.0 9.091724395751953
    endloop
  endfacet
  facet normal -0.31737473607063293 -0.07165755331516266 0.9455889463424683
    outer loop
      vertex 5.0 10.0 13.908275604248047
      vertex 4.0 11.0 13.648419380187988
      vertex 4.0 10.0 13.572638511657715
    endloop
  endfacet
  facet normal -0.26134154200553894 -0.010531165637075901 0.9651889801025391
    outer loop
      vertex 5.0 11.0 13.91918659210205
      vertex 4.0 11.0 13.648419380187988
      vertex 5.0 10.0 13.908275604248047
    endloop
  endfacet
  facet normal -0.26135602593421936 -0.0 -0.9652425050735474
    outer loop
      vertex 4.0 12.0 9.351580619812012
      vertex 5.0 11.0 9.08081340789795
      vertex 4.0 11.0 9.351580619812012
    endloop
  endfacet
  facet normal -0.26135602593421936 0.0 -0.9652425050735474
    outer loop
      vertex 4.0 12.0 9.351580619812012
      vertex 5.0 12.0 9.08081340789795
      vertex 5.0 11.0 9.08081340789795
    endloop
  endfacet
  facet normal -0.26135602593421936 0.0 0.9652425050735474
    outer loop
      vertex 5.0 11.0 13.91918659210205
      vertex 4.0 12.0 13.648419380187988
      vertex 4.0 11.0 13.648419380187988
    endloop
  endfacet
  facet normal -0.26135602593421936 0.0 0.9652425050735474
    outer loop
      vertex 5.0 12.0 13.91918659210205
      vertex 4.0 12.0 13.648419380187988
      vertex 5.0 11.0 13.91918659210205
    endloop
  endfacet
  facet normal -0.2606596052646637 0.07295200973749161 -0.9626705050468445
    outer loop
      vertex 4.0 13.0 9.427361488342285
      vertex 5.0 12.0 9.08081340789795
      vertex 4.0 12.0 9.351580619812012
    endloop
  endfacet
  facet normal -0.31817567348480225 0.010343346744775772 -0.9479753375053406
    outer loop
      vertex 4.0 13.0 9.427361488342285
      vertex 5.0 13.0 9.091724395751953
      vertex 5.0 12.0 9.08081340789795
    endloop
  endfacet
  facet normal -0.2606596052646637 0.07295200973749161 0.9626705050468445
    outer loop
      vertex 5.0 12.0 13.91918659210205
      vertex 4.0 13.0 13.572638511657715
      vertex 4.0 12.0 13.648419380187988
    endloop
  endfacet
  facet normal -0.31817567348480225 0.010343346744775772 0.9479753375053406
    outer loop
      vertex 5.0 13.0 13.908275604248047
      vertex 4.0 13.0 13.572638511657715
      vertex 5.0 12.0 13.91918659210205
    endloop
  endfacet
  facet normal -0.3136664032936096 0.1680704951286316 -0.934540331363678
    outer loop
      vertex 4.0 14.0 9.60720443725586
      vertex 5.0 13.0 9.091724395751953
      vertex 4.0 13.0 9.427361488342285
    endloop
  endfacet
  facet normal -0.4216836094856262 0.04514463618397713 -0.9056184887886047
    outer loop
      vertex 4.0 14.0 9.60720443725586
      vertex 5.0 14.0 9.141573905944824
      vertex 5.0 13.0 9.091724395751953
    endloop
  endfacet
  facet normal -0.3136664032936096 0.1680704951286316 0.934540331363678
    outer loop
      vertex 5.0 13.0 13.908275604248047
      vertex 4.0 14.0 13.39279556274414
      vertex 4.0 13.0 13.572638511657715
    endloop
  endfacet
  facet normal -0.4216836094856262 0.04514463618397713 0.9056184887886047
    outer loop
      vertex 5.0 14.0 13.858426094055176
      vertex 4.0 14.0 13.39279556274414
      vertex 5.0 13.0 13.908275604248047
    endloop
  endfacet
  facet normal -0.4033654034137726 0.29471880197525024 -0.866277813911438
    outer loop
      vertex 4.0 15.0 9.947417259216309
      vertex 5.0 14.0 9.141573905944824
      vertex 4.0 14.0 9.60720443725586
    endloop
  endfacet
  facet normal -0.5482258200645447 0.11888185143470764 -0.8278378844261169
    outer loop
      vertex 4.0 15.0 9.947417259216309
      vertex 5.0 15.0 9.285179138183594
      vertex 5.0 14.0 9.141573905944824
    endloop
  endfacet
  facet normal -0.4033654034137726 0.29471880197525024 0.866277813911438
    outer loop
      vertex 5.0 14.0 13.858426094055176
      vertex 4.0 15.0 13.052582740783691
      vertex 4.0 14.0 13.39279556274414
    endloop
  endfacet
  facet normal -0.5482258200645447 0.11888185143470764 0.8278378844261169
    outer loop
      vertex 5.0 15.0 13.714820861816406
      vertex 4.0 15.0 13.052582740783691
      vertex 5.0 14.0 13.858426094055176
    endloop
  endfacet
  facet normal -0.6239559650421143 0.3623313009738922 -0.6923835277557373
    outer loop
      vertex 4.0 15.0 9.947417259216309
      vertex 4.0 15.100481033325195 10.0
      vertex 4.522350788116455 16.0 10.0
    endloop
  endfacet
  facet normal -0.5952322483062744 0.3489803075790405 -0.7238172292709351
    outer loop
      vertex 5.0 16.0 9.60720443725586
      vertex 4.0 15.0 9.947417259216309
      vertex 4.522350788116455 16.0 10.0
    endloop
  endfacet
  facet normal -0.5332556366920471 0.2593052089214325 -0.8052324652671814
    outer loop
      vertex 5.0 15.0 9.285179138183594
      vertex 4.0 15.0 9.947417259216309
      vertex 5.0 16.0 9.60720443725586
    endloop
  endfacet
  facet normal -0.7694358229637146 0.4468114674091339 -0.4564296305179596
    outer loop
      vertex 4.0 16.0 10.880563735961914
      vertex 4.522350788116455 16.0 10.0
      vertex 4.0 15.100481033325195 10.0
    endloop
  endfacet
  facet normal -0.7694358229637146 0.4468114674091339 0.4564296305179596
    outer loop
      vertex 4.522350788116455 16.0 13.0
      vertex 4.0 16.0 12.119436264038086
      vertex 4.0 15.100481033325195 13.0
    endloop
  endfacet
  facet normal -0.5959216356277466 0.34605175256729126 0.7246555685997009
    outer loop
      vertex 5.0 16.0 13.39279556274414
      vertex 4.522350788116455 16.0 13.0
      vertex 4.0 15.100481033325195 13.0
    endloop
  endfacet
  facet normal -0.6076440215110779 0.3682429790496826 0.7036802768707275
    outer loop
      vertex 4.0 15.0 13.052582740783691
      vertex 5.0 16.0 13.39279556274414
      vertex 4.0 15.100481033325195 13.0
    endloop
  endfacet
  facet normal -0.5332556366920471 0.2593052089214325 0.8052324652671814
    outer loop
      vertex 5.0 15.0 13.714820861816406
      vertex 5.0 16.0 13.39279556274414
      vertex 4.0 15.0 13.052582740783691
    endloop
  endfacet
  facet normal -0.5792784094810486 0.41016238927841187 -0.7044169902801514
    outer loop
      vertex 5.0 16.674591064453125 10.0
      vertex 5.0 16.0 9.60720443725586
      vertex 4.522350788116455 16.0 10.0
    endloop
  endfacet
  facet normal -0.774573564529419 0.4673493206501007 -0.42616942524909973
    outer loop
      vertex 5.0 17.0 10.356852531433105
      vertex 5.0 16.674591064453125 10.0
      vertex 4.646141052246094 17.0 11.0
    endloop
  endfacet
  facet normal -0.7372207641601562 0.5208574533462524 -0.43036386370658875
    outer loop
      vertex 4.646141052246094 17.0 11.0
      vertex 5.0 16.674591064453125 10.0
      vertex 4.0 16.085453033447266 11.0
    endloop
  endfacet
  facet normal -0.7369961142539978 0.5218355655670166 -0.4295629560947418
    outer loop
      vertex 5.0 16.674591064453125 10.0
      vertex 4.522350788116455 16.0 10.0
      vertex 4.0 16.085453033447266 11.0
    endloop
  endfacet
  facet normal -0.7002595663070679 0.5805894732475281 -0.41539427638053894
    outer loop
      vertex 4.522350788116455 16.0 10.0
      vertex 4.0 16.0 10.880563735961914
      vertex 4.0 16.085453033447266 11.0
    endloop
  endfacet
  facet normal -0.8167243599891663 0.5770279169082642 0.0
    outer loop
      vertex 4.0 16.085453033447266 12.0
      vertex 4.646141052246094 17.0 12.0
      vertex 4.0 16.085453033447266 11.0
    endloop
  endfacet
  facet normal -0.8167243599891663 0.5770279169082642 0.0
    outer loop
      vertex 4.0 16.085453033447266 11.0
      vertex 4.646141052246094 17.0 12.0
      vertex 4.646141052246094 17.0 11.0
    endloop
  endfacet
  facet normal -0.7449666261672974 0.5263300538063049 0.4098797142505646
    outer loop
      vertex 5.0 17.0 12.643147468566895
      vertex 4.646141052246094 17.0 12.0
      vertex 4.0 16.085453033447266 12.0
    endloop
  endfacet
  facet normal -0.745349645614624 0.5421909689903259 0.38792121410369873
    outer loop
      vertex 5.0 17.0 12.643147468566895
      vertex 4.0 16.085453033447266 12.0
      vertex 4.0 16.0 12.119436264038086
    endloop
  endfacet
  facet normal -0.7374255061149597 0.4990816116333008 0.4551056921482086
    outer loop
      vertex 5.0 16.674591064453125 13.0
      vertex 5.0 17.0 12.643147468566895
      vertex 4.0 16.0 12.119436264038086
    endloop
  endfacet
  facet normal -0.7345731854438782 0.5201200246810913 0.4357491433620453
    outer loop
      vertex 4.522350788116455 16.0 13.0
      vertex 5.0 16.674591064453125 13.0
      vertex 4.0 16.0 12.119436264038086
    endloop
  endfacet
  facet normal -0.5792784094810486 0.41016238927841187 0.7044169902801514
    outer loop
      vertex 5.0 16.674591064453125 13.0
      vertex 4.522350788116455 16.0 13.0
      vertex 5.0 16.0 13.39279556274414
    endloop
  endfacet
  facet normal -0.6992404460906982 0.6025382876396179 -0.3847212493419647
    outer loop
      vertex 5.0 17.4106502532959 11.0
      vertex 5.0 17.0 10.356852531433105
      vertex 4.646141052246094 17.0 11.0
    endloop
  endfacet
  facet normal -0.7575467228889465 0.6527810096740723 0.0
    outer loop
      vertex 5.0 17.4106502532959 11.0
      vertex 4.646141052246094 17.0 11.0
      vertex 4.646141052246094 17.0 12.0
    endloop
  endfacet
  facet normal -0.7575467228889465 0.6527810096740723 0.0
    outer loop
      vertex 5.0 17.4106502532959 11.0
      vertex 4.646141052246094 17.0 12.0
      vertex 5.0 17.4106502532959 12.0
    endloop
  endfacet
  facet normal -0.6992404460906982 0.6025382876396179 0.3847212493419647
    outer loop
      vertex 5.0 17.4106502532959 12.0
      vertex 4.646141052246094 17.0 12.0
      vertex 5.0 17.0 12.643147468566895
    endloop
  endfacet
  facet normal -0.6025378108024597 -0.6992407441139221 -0.3847213685512543
    outer loop
      vertex 6.0 5.0 10.356852531433105
      vertex 6.0 4.646141052246094 11.0
      vertex 5.589349269866943 5.0 11.0
    endloop
  endfacet
  facet normal -0.6527805328369141 -0.7575470209121704 0.0
    outer loop
      vertex 6.0 4.646141052246094 12.0
      vertex 5.589349269866943 5.0 12.0
      vertex 5.589349269866943 5.0 11.0
    endloop
  endfacet
  facet normal -0.6527805328369141 -0.7575470209121704 -0.0
    outer loop
      vertex 6.0 4.646141052246094 12.0
      vertex 5.589349269866943 5.0 11.0
      vertex 6.0 4.646141052246094 11.0
    endloop
  endfacet
  facet normal -0.6025378108024597 -0.6992407441139221 0.3847213685512543
    outer loop
      vertex 6.0 5.0 12.643147468566895
      vertex 5.589349269866943 5.0 12.0
      vertex 6.0 4.646141052246094 12.0
    endloop
  endfacet
  facet normal -0.48681917786598206 -0.48681917786598206 -0.7252683043479919
    outer loop
      vertex 6.0 6.0 9.512565612792969
      vertex 6.0 5.273815155029297 10.0
      vertex 5.273815155029297 6.0 10.0
    endloop
  endfacet
  facet normal -0.6215186715126038 -0.6215186715126038 -0.47689515352249146
    outer loop
      vertex 5.273815155029297 6.0 10.0
      vertex 6.0 5.273815155029297 10.0
      vertex 6.0 5.0 10.356852531433105
    endloop
  endfacet
  facet normal -0.6568339467048645 -0.6266430616378784 -0.419389545917511
    outer loop
      vertex 5.273815155029297 6.0 10.0
      vertex 6.0 5.0 10.356852531433105
      vertex 5.589349269866943 5.0 11.0
    endloop
  endfacet
  facet normal -0.6017873287200928 -0.6516395807266235 -0.4617551565170288
    outer loop
      vertex 5.0 6.0 10.356852531433105
      vertex 5.273815155029297 6.0 10.0
      vertex 5.589349269866943 5.0 11.0
    endloop
  endfacet
  facet normal -0.6444662809371948 -0.6444662809371948 -0.41149279475212097
    outer loop
      vertex 5.0 5.589349269866943 11.0
      vertex 5.0 6.0 10.356852531433105
      vertex 5.589349269866943 5.0 11.0
    endloop
  endfacet
  facet normal -0.7071067690849304 -0.7071067690849304 0.0
    outer loop
      vertex 5.0 5.589349269866943 11.0
      vertex 5.589349269866943 5.0 11.0
      vertex 5.0 5.589349269866943 12.0
    endloop
  endfacet
  facet normal -0.7071067690849304 -0.7071067690849304 0.0
    outer loop
      vertex 5.0 5.589349269866943 12.0
      vertex 5.589349269866943 5.0 11.0
      vertex 5.589349269866943 5.0 12.0
    endloop
  endfacet
  facet normal -0.6215186715126038 -0.6215186715126038 0.47689515352249146
    outer loop
      vertex 6.0 5.273815155029297 13.0
      vertex 5.273815155029297 6.0 13.0
      vertex 5.0 6.0 12.643147468566895
    endloop
  endfacet
  facet normal -0.6266430616378784 -0.6568339467048645 0.419389545917511
    outer loop
      vertex 6.0 5.273815155029297 13.0
      vertex 5.0 6.0 12.643147468566895
      vertex 5.0 5.589349269866943 12.0
    endloop
  endfacet
  facet normal -0.6516395807266235 -0.6017873287200928 0.4617551565170288
    outer loop
      vertex 6.0 5.0 12.643147468566895
      vertex 6.0 5.273815155029297 13.0
      vertex 5.0 5.589349269866943 12.0
    endloop
  endfacet
  facet normal -0.6444662809371948 -0.6444662809371948 0.41149279475212097
    outer loop
      vertex 5.589349269866943 5.0 12.0
      vertex 6.0 5.0 12.643147468566895
      vertex 5.0 5.589349269866943 12.0
    endloop
  endfacet
  facet normal -0.48681917786598206 -0.48681917786598206 0.7252683043479919
    outer loop
      vertex 6.0 6.0 13.487434387207031
      vertex 5.273815155029297 6.0 13.0
      vertex 6.0 5.273815155029297 13.0
    endloop
  endfacet
  facet normal -0.5045890808105469 -0.4245862364768982 -0.7517421841621399
    outer loop
      vertex 6.0 6.0 9.512565612792969
      vertex 5.273815155029297 6.0 10.0
      vertex 5.0 6.325408935546875 10.0
    endloop
  endfacet
  facet normal -0.504925549030304 -0.4343319833278656 -0.7459261417388916
    outer loop
      vertex 5.0 7.0 9.60720443725586
      vertex 6.0 6.0 9.512565612792969
      vertex 5.0 6.325408935546875 10.0
    endloop
  endfacet
  facet normal -0.375517338514328 -0.2922804057598114 -0.8795219659805298
    outer loop
      vertex 6.0 7.0 9.180248260498047
      vertex 6.0 6.0 9.512565612792969
      vertex 5.0 7.0 9.60720443725586
    endloop
  endfacet
  facet normal -0.6598402261734009 -0.5552221536636353 -0.5062994956970215
    outer loop
      vertex 5.0 6.325408935546875 10.0
      vertex 5.273815155029297 6.0 10.0
      vertex 5.0 6.0 10.356852531433105
    endloop
  endfacet
  facet normal -0.6598402261734009 -0.5552221536636353 0.5062994956970215
    outer loop
      vertex 5.273815155029297 6.0 13.0
      vertex 5.0 6.325408935546875 13.0
      vertex 5.0 6.0 12.643147468566895
    endloop
  endfacet
  facet normal -0.513232946395874 -0.4318595826625824 0.7416800260543823
    outer loop
      vertex 5.0 7.0 13.39279556274414
      vertex 5.0 6.325408935546875 13.0
      vertex 5.273815155029297 6.0 13.0
    endloop
  endfacet
  facet normal -0.5026822686195374 -0.43180713057518005 0.7489013075828552
    outer loop
      vertex 6.0 6.0 13.487434387207031
      vertex 5.0 7.0 13.39279556274414
      vertex 5.273815155029297 6.0 13.0
    endloop
  endfacet
  facet normal -0.375517338514328 -0.2922804057598114 0.8795219659805298
    outer loop
      vertex 6.0 7.0 13.819751739501953
      vertex 5.0 7.0 13.39279556274414
      vertex 6.0 6.0 13.487434387207031
    endloop
  endfacet
  facet normal -0.37649932503700256 -0.283968985080719 -0.8818219304084778
    outer loop
      vertex 5.0 8.0 9.285179138183594
      vertex 6.0 7.0 9.180248260498047
      vertex 5.0 7.0 9.60720443725586
    endloop
  endfacet
  facet normal -0.19928376376628876 -0.09696220606565475 -0.9751330018043518
    outer loop
      vertex 5.0 8.0 9.285179138183594
      vertex 6.0 8.0 9.08081340789795
      vertex 6.0 7.0 9.180248260498047
    endloop
  endfacet
  facet normal -0.37649932503700256 -0.283968985080719 0.8818219304084778
    outer loop
      vertex 6.0 7.0 13.819751739501953
      vertex 5.0 8.0 13.714820861816406
      vertex 5.0 7.0 13.39279556274414
    endloop
  endfacet
  facet normal -0.19928376376628876 -0.09696220606565475 0.9751330018043518
    outer loop
      vertex 6.0 8.0 13.91918659210205
      vertex 5.0 8.0 13.714820861816406
      vertex 6.0 7.0 13.819751739501953
    endloop
  endfacet
  facet normal -0.19827434420585632 -0.13932488858699799 -0.9701936841011047
    outer loop
      vertex 5.0 9.0 9.141573905944824
      vertex 6.0 8.0 9.08081340789795
      vertex 5.0 8.0 9.285179138183594
    endloop
  endfacet
  facet normal -0.031244993209838867 0.029459457844495773 -0.999077558517456
    outer loop
      vertex 5.0 9.0 9.141573905944824
      vertex 6.0 9.0 9.110300064086914
      vertex 6.0 8.0 9.08081340789795
    endloop
  endfacet
  facet normal -0.19827434420585632 -0.13932488858699799 0.9701936841011047
    outer loop
      vertex 6.0 8.0 13.91918659210205
      vertex 5.0 9.0 13.858426094055176
      vertex 5.0 8.0 13.714820861816406
    endloop
  endfacet
  facet normal -0.031244993209838867 0.029459457844495773 0.999077558517456
    outer loop
      vertex 6.0 9.0 13.889699935913086
      vertex 5.0 9.0 13.858426094055176
      vertex 6.0 8.0 13.91918659210205
    endloop
  endfacet
  facet normal -0.031219832599163055 -0.04976342245936394 -0.9982730150222778
    outer loop
      vertex 5.0 10.0 9.091724395751953
      vertex 6.0 9.0 9.110300064086914
      vertex 5.0 9.0 9.141573905944824
    endloop
  endfacet
  facet normal 0.10132739692926407 0.08291162550449371 -0.9913921356201172
    outer loop
      vertex 5.0 10.0 9.091724395751953
      vertex 6.0 10.0 9.193931579589844
      vertex 6.0 9.0 9.110300064086914
    endloop
  endfacet
  facet normal -0.031219832599163055 -0.04976342245936394 0.9982730150222778
    outer loop
      vertex 6.0 9.0 13.889699935913086
      vertex 5.0 10.0 13.908275604248047
      vertex 5.0 9.0 13.858426094055176
    endloop
  endfacet
  facet normal 0.10132739692926407 0.08291162550449371 0.9913921356201172
    outer loop
      vertex 6.0 10.0 13.806068420410156
      vertex 5.0 10.0 13.908275604248047
      vertex 6.0 9.0 13.889699935913086
    endloop
  endfacet
  facet normal 0.1016714945435524 -0.010853800922632217 -0.9947587847709656
    outer loop
      vertex 5.0 11.0 9.08081340789795
      vertex 6.0 10.0 9.193931579589844
      vertex 5.0 10.0 9.091724395751953
    endloop
  endfacet
  facet normal 0.1769607812166214 0.0658775195479393 -0.9820107817649841
    outer loop
      vertex 5.0 11.0 9.08081340789795
      vertex 6.0 11.0 9.261015892028809
      vertex 6.0 10.0 9.193931579589844
    endloop
  endfacet
  facet normal 0.1016714945435524 -0.010853800922632217 0.9947587847709656
    outer loop
      vertex 6.0 10.0 13.806068420410156
      vertex 5.0 11.0 13.91918659210205
      vertex 5.0 10.0 13.908275604248047
    endloop
  endfacet
  facet normal 0.1769607812166214 0.0658775195479393 0.9820107817649841
    outer loop
      vertex 6.0 11.0 13.738984107971191
      vertex 5.0 11.0 13.91918659210205
      vertex 6.0 10.0 13.806068420410156
    endloop
  endfacet
  facet normal 0.17734602093696594 0.0 -0.9841485619544983
    outer loop
      vertex 5.0 12.0 9.08081340789795
      vertex 6.0 11.0 9.261015892028809
      vertex 5.0 11.0 9.08081340789795
    endloop
  endfacet
  facet normal 0.17734602093696594 0.0 -0.9841485619544983
    outer loop
      vertex 5.0 12.0 9.08081340789795
      vertex 6.0 12.0 9.261015892028809
      vertex 6.0 11.0 9.261015892028809
    endloop
  endfacet
  facet normal 0.17734602093696594 0.0 0.9841485619544983
    outer loop
      vertex 6.0 11.0 13.738984107971191
      vertex 5.0 12.0 13.91918659210205
      vertex 5.0 11.0 13.91918659210205
    endloop
  endfacet
  facet normal 0.17734602093696594 0.0 0.9841485619544983
    outer loop
      vertex 6.0 12.0 13.738984107971191
      vertex 5.0 12.0 13.91918659210205
      vertex 6.0 11.0 13.738984107971191
    endloop
  endfacet
  facet normal 0.17733579874038696 0.010737414471805096 -0.9840918779373169
    outer loop
      vertex 5.0 13.0 9.091724395751953
      vertex 6.0 12.0 9.261015892028809
      vertex 5.0 12.0 9.08081340789795
    endloop
  endfacet
  facet normal 0.1014518141746521 -0.06658852100372314 -0.992609441280365
    outer loop
      vertex 5.0 13.0 9.091724395751953
      vertex 6.0 13.0 9.193931579589844
      vertex 6.0 12.0 9.261015892028809
    endloop
  endfacet
  facet normal 0.17733579874038696 0.010737414471805096 0.9840918779373169
    outer loop
      vertex 6.0 12.0 13.738984107971191
      vertex 5.0 13.0 13.908275604248047
      vertex 5.0 12.0 13.91918659210205
    endloop
  endfacet
  facet normal 0.1014518141746521 -0.06658852100372314 0.992609441280365
    outer loop
      vertex 6.0 13.0 13.806068420410156
      vertex 5.0 13.0 13.908275604248047
      vertex 6.0 12.0 13.738984107971191
    endloop
  endfacet
  facet normal 0.10155269503593445 0.04953029751777649 -0.9935964345932007
    outer loop
      vertex 5.0 14.0 9.141573905944824
      vertex 6.0 13.0 9.193931579589844
      vertex 5.0 13.0 9.091724395751953
    endloop
  endfacet
  facet normal -0.03114992007613182 -0.08330012857913971 -0.996037483215332
    outer loop
      vertex 5.0 14.0 9.141573905944824
      vertex 6.0 14.0 9.110300064086914
      vertex 6.0 13.0 9.193931579589844
    endloop
  endfacet
  facet normal 0.10155269503593445 0.04953029751777649 0.9935964345932007
    outer loop
      vertex 6.0 13.0 13.806068420410156
      vertex 5.0 14.0 13.858426094055176
      vertex 5.0 13.0 13.908275604248047
    endloop
  endfacet
  facet normal -0.03114992007613182 -0.08330012857913971 0.996037483215332
    outer loop
      vertex 6.0 14.0 13.889699935913086
      vertex 5.0 14.0 13.858426094055176
      vertex 6.0 13.0 13.806068420410156
    endloop
  endfacet
  facet normal -0.030941452831029892 0.1420789361000061 -0.989371657371521
    outer loop
      vertex 5.0 15.0 9.285179138183594
      vertex 6.0 14.0 9.110300064086914
      vertex 5.0 14.0 9.141573905944824
    endloop
  endfacet
  facet normal -0.2001437097787857 -0.028877487406134605 -0.9793409109115601
    outer loop
      vertex 5.0 15.0 9.285179138183594
      vertex 6.0 15.0 9.08081340789795
      vertex 6.0 14.0 9.110300064086914
    endloop
  endfacet
  facet normal -0.030941452831029892 0.1420789361000061 0.989371657371521
    outer loop
      vertex 6.0 14.0 13.889699935913086
      vertex 5.0 15.0 13.714820861816406
      vertex 5.0 14.0 13.858426094055176
    endloop
  endfacet
  facet normal -0.2001437097787857 -0.028877487406134605 0.9793409109115601
    outer loop
      vertex 6.0 15.0 13.91918659210205
      vertex 5.0 15.0 13.714820861816406
      vertex 6.0 14.0 13.889699935913086
    endloop
  endfacet
  facet normal -0.19094885885715485 0.3008839190006256 -0.9343487024307251
    outer loop
      vertex 5.0 16.0 9.60720443725586
      vertex 6.0 15.0 9.08081340789795
      vertex 5.0 15.0 9.285179138183594
    endloop
  endfacet
  facet normal -0.39103224873542786 0.09106843918561935 -0.9158604145050049
    outer loop
      vertex 5.0 16.0 9.60720443725586
      vertex 6.0 16.0 9.180248260498047
      vertex 6.0 15.0 9.08081340789795
    endloop
  endfacet
  facet normal -0.19094885885715485 0.3008839190006256 0.9343487024307251
    outer loop
      vertex 6.0 15.0 13.91918659210205
      vertex 5.0 16.0 13.39279556274414
      vertex 5.0 15.0 13.714820861816406
    endloop
  endfacet
  facet normal -0.39103224873542786 0.09106843918561935 0.9158604145050049
    outer loop
      vertex 6.0 16.0 13.819751739501953
      vertex 5.0 16.0 13.39279556274414
      vertex 6.0 15.0 13.91918659210205
    endloop
  endfacet
  facet normal -0.513232946395874 0.4318595826625824 -0.7416800260543823
    outer loop
      vertex 5.0 16.0 9.60720443725586
      vertex 5.0 16.674591064453125 10.0
      vertex 5.273815155029297 17.0 10.0
    endloop
  endfacet
  facet normal -0.5026822686195374 0.43180713057518005 -0.7489013075828552
    outer loop
      vertex 6.0 17.0 9.512565612792969
      vertex 5.0 16.0 9.60720443725586
      vertex 5.273815155029297 17.0 10.0
    endloop
  endfacet
  facet normal -0.375517338514328 0.2922804057598114 -0.8795219659805298
    outer loop
      vertex 6.0 16.0 9.180248260498047
      vertex 5.0 16.0 9.60720443725586
      vertex 6.0 17.0 9.512565612792969
    endloop
  endfacet
  facet normal -0.6598402261734009 0.5552221536636353 -0.5062994956970215
    outer loop
      vertex 5.0 17.0 10.356852531433105
      vertex 5.273815155029297 17.0 10.0
      vertex 5.0 16.674591064453125 10.0
    endloop
  endfacet
  facet normal -0.6598402261734009 0.5552221536636353 0.5062994956970215
    outer loop
      vertex 5.273815155029297 17.0 13.0
      vertex 5.0 17.0 12.643147468566895
      vertex 5.0 16.674591064453125 13.0
    endloop
  endfacet
  facet normal -0.5045890808105469 0.4245862364768982 0.7517421841621399
    outer loop
      vertex 6.0 17.0 13.487434387207031
      vertex 5.273815155029297 17.0 13.0
      vertex 5.0 16.674591064453125 13.0
    endloop
  endfacet
  facet normal -0.504925549030304 0.4343319833278656 0.7459261417388916
    outer loop
      vertex 5.0 16.0 13.39279556274414
      vertex 6.0 17.0 13.487434387207031
      vertex 5.0 16.674591064453125 13.0
    endloop
  endfacet
  facet normal -0.375517338514328 0.2922804057598114 0.8795219659805298
    outer loop
      vertex 6.0 16.0 13.819751739501953
      vertex 6.0 17.0 13.487434387207031
      vertex 5.0 16.0 13.39279556274414
    endloop
  endfacet
  facet normal -0.48681917786598206 0.48681917786598206 -0.7252683043479919
    outer loop
      vertex 6.0 17.726184844970703 10.0
      vertex 6.0 17.0 9.512565612792969
      vertex 5.273815155029297 17.0 10.0
    endloop
  endfacet
  facet normal -0.6900438666343689 0.5742090940475464 -0.4405941963195801
    outer loop
      vertex 6.0 18.0 10.356852531433105
      vertex 6.0 17.726184844970703 10.0
      vertex 5.589349269866943 18.0 11.0
    endloop
  endfacet
  facet normal -0.6364791393280029 0.6364786028862 -0.435648113489151
    outer loop
      vertex 5.589349269866943 18.0 11.0
      vertex 6.0 17.726184844970703 10.0
      vertex 5.0 17.4106502532959 11.0
    endloop
  endfacet
  facet normal -0.6364790201187134 0.6364790201187134 -0.4356478452682495
    outer loop
      vertex 6.0 17.726184844970703 10.0
      vertex 5.273815155029297 17.0 10.0
      vertex 5.0 17.4106502532959 11.0
    endloop
  endfacet
  facet normal -0.5742087364196777 0.6900443434715271 -0.4405939280986786
    outer loop
      vertex 5.273815155029297 17.0 10.0
      vertex 5.0 17.0 10.356852531433105
      vertex 5.0 17.4106502532959 11.0
    endloop
  endfacet
  facet normal -0.7071070671081543 0.7071065306663513 0.0
    outer loop
      vertex 5.0 17.4106502532959 12.0
      vertex 5.589349269866943 18.0 12.0
      vertex 5.0 17.4106502532959 11.0
    endloop
  endfacet
  facet normal -0.7071070671081543 0.7071065306663513 0.0
    outer loop
      vertex 5.0 17.4106502532959 11.0
      vertex 5.589349269866943 18.0 12.0
      vertex 5.589349269866943 18.0 11.0
    endloop
  endfacet
  facet normal -0.6444665193557739 0.644465982913971 0.4114929139614105
    outer loop
      vertex 6.0 18.0 12.643147468566895
      vertex 5.589349269866943 18.0 12.0
      vertex 5.0 17.4106502532959 12.0
    endloop
  endfacet
  facet normal -0.6444664001464844 0.6444664001464844 0.41149240732192993
    outer loop
      vertex 6.0 18.0 12.643147468566895
      vertex 5.0 17.4106502532959 12.0
      vertex 5.0 17.0 12.643147468566895
    endloop
  endfacet
  facet normal -0.6215186715126038 0.6215186715126038 0.47689515352249146
    outer loop
      vertex 6.0 17.726184844970703 13.0
      vertex 6.0 18.0 12.643147468566895
      vertex 5.0 17.0 12.643147468566895
    endloop
  endfacet
  facet normal -0.6215187311172485 0.6215187311172485 0.47689512372016907
    outer loop
      vertex 5.273815155029297 17.0 13.0
      vertex 6.0 17.726184844970703 13.0
      vertex 5.0 17.0 12.643147468566895
    endloop
  endfacet
  facet normal -0.48681917786598206 0.48681917786598206 0.7252683043479919
    outer loop
      vertex 6.0 17.726184844970703 13.0
      vertex 5.273815155029297 17.0 13.0
      vertex 6.0 17.0 13.487434387207031
    endloop
  endfacet
  facet normal -0.6025378108024597 0.6992407441139221 -0.3847213685512543
    outer loop
      vertex 6.0 18.353858947753906 11.0
      vertex 6.0 18.0 10.356852531433105
      vertex 5.589349269866943 18.0 11.0
    endloop
  endfacet
  facet normal -0.6527805328369141 0.7575470209121704 0.0
    outer loop
      vertex 6.0 18.353858947753906 11.0
      vertex 5.589349269866943 18.0 11.0
      vertex 5.589349269866943 18.0 12.0
    endloop
  endfacet
  facet normal -0.6527805328369141 0.7575470209121704 0.0
    outer loop
      vertex 6.0 18.353858947753906 11.0
      vertex 5.589349269866943 18.0 12.0
      vertex 6.0 18.353858947753906 12.0
    endloop
  endfacet
  facet normal -0.6025378108024597 0.6992407441139221 0.3847213685512543
    outer loop
      vertex 6.0 18.353858947753906 12.0
      vertex 5.589349269866943 18.0 12.0
      vertex 6.0 18.0 12.643147468566895
    endloop
  endfacet
  facet normal -0.5004281401634216 -0.7882763147354126 -0.3580392003059387
    outer loop
      vertex 7.0 4.0 10.880563735961914
      vertex 7.0 3.945751428604126 11.0
      vertex 6.914547443389893 4.0 11.0
    endloop
  endfacet
  facet normal -0.5359587073326111 -0.8442442417144775 0.0
    outer loop
      vertex 7.0 3.945751428604126 12.0
      vertex 6.914547443389893 4.0 12.0
      vertex 6.914547443389893 4.0 11.0
    endloop
  endfacet
  facet normal -0.5359587073326111 -0.8442442417144775 -0.0
    outer loop
      vertex 7.0 3.945751428604126 12.0
      vertex 6.914547443389893 4.0 11.0
      vertex 7.0 3.945751428604126 11.0
    endloop
  endfacet
  facet normal -0.5004281401634216 -0.7882763147354126 0.3580392003059387
    outer loop
      vertex 7.0 4.0 12.119436264038086
      vertex 6.914547443389893 4.0 12.0
      vertex 7.0 3.945751428604126 12.0
    endloop
  endfacet
  facet normal -0.41016238927841187 -0.5792784094810486 -0.7044169902801514
    outer loop
      vertex 7.0 5.0 9.60720443725586
      vertex 7.0 4.522350788116455 10.0
      vertex 6.325408935546875 5.0 10.0
    endloop
  endfacet
  facet normal -0.5201200246810913 -0.7345731854438782 -0.4357491433620453
    outer loop
      vertex 6.325408935546875 5.0 10.0
      vertex 7.0 4.522350788116455 10.0
      vertex 7.0 4.0 10.880563735961914
    endloop
  endfacet
  facet normal -0.5578082799911499 -0.7277189493179321 -0.39909273386001587
    outer loop
      vertex 6.325408935546875 5.0 10.0
      vertex 7.0 4.0 10.880563735961914
      vertex 6.914547443389893 4.0 11.0
    endloop
  endfacet
  facet normal -0.49479418992996216 -0.7426983118057251 -0.4511960446834564
    outer loop
      vertex 6.0 5.0 10.356852531433105
      vertex 6.325408935546875 5.0 10.0
      vertex 6.914547443389893 4.0 11.0
    endloop
  endfacet
  facet normal -0.5263298153877258 -0.7449667453765869 -0.40987977385520935
    outer loop
      vertex 6.0 4.646141052246094 11.0
      vertex 6.0 5.0 10.356852531433105
      vertex 6.914547443389893 4.0 11.0
    endloop
  endfacet
  facet normal -0.5770277380943298 -0.8167245388031006 0.0
    outer loop
      vertex 6.0 4.646141052246094 11.0
      vertex 6.914547443389893 4.0 11.0
      vertex 6.0 4.646141052246094 12.0
    endloop
  endfacet
  facet normal -0.5770277380943298 -0.8167245388031006 0.0
    outer loop
      vertex 6.0 4.646141052246094 12.0
      vertex 6.914547443389893 4.0 11.0
      vertex 6.914547443389893 4.0 12.0
    endloop
  endfacet
  facet normal -0.5112318396568298 -0.7220202684402466 0.4661853015422821
    outer loop
      vertex 7.0 4.522350788116455 13.0
      vertex 6.325408935546875 5.0 13.0
      vertex 6.0 5.0 12.643147468566895
    endloop
  endfacet
  facet normal -0.5084747672080994 -0.7544258832931519 0.41508421301841736
    outer loop
      vertex 7.0 4.522350788116455 13.0
      vertex 6.0 5.0 12.643147468566895
      vertex 6.0 4.646141052246094 12.0
    endloop
  endfacet
  facet normal -0.5248824954032898 -0.7320631742477417 0.43426018953323364
    outer loop
      vertex 7.0 4.0 12.119436264038086
      vertex 7.0 4.522350788116455 13.0
      vertex 6.0 4.646141052246094 12.0
    endloop
  endfacet
  facet normal -0.533362090587616 -0.7549201846122742 0.38160231709480286
    outer loop
      vertex 6.914547443389893 4.0 12.0
      vertex 7.0 4.0 12.119436264038086
      vertex 6.0 4.646141052246094 12.0
    endloop
  endfacet
  facet normal -0.41016238927841187 -0.5792784094810486 0.7044169902801514
    outer loop
      vertex 7.0 5.0 13.39279556274414
      vertex 6.325408935546875 5.0 13.0
      vertex 7.0 4.522350788116455 13.0
    endloop
  endfacet
  facet normal -0.4318595826625824 -0.513232946395874 -0.7416800260543823
    outer loop
      vertex 7.0 5.0 9.60720443725586
      vertex 6.325408935546875 5.0 10.0
      vertex 6.0 5.273815155029297 10.0
    endloop
  endfacet
  facet normal -0.43180713057518005 -0.5026822686195374 -0.7489013075828552
    outer loop
      vertex 6.0 6.0 9.512565612792969
      vertex 7.0 5.0 9.60720443725586
      vertex 6.0 5.273815155029297 10.0
    endloop
  endfacet
  facet normal -0.2922804057598114 -0.375517338514328 -0.8795219659805298
    outer loop
      vertex 7.0 6.0 9.180248260498047
      vertex 7.0 5.0 9.60720443725586
      vertex 6.0 6.0 9.512565612792969
    endloop
  endfacet
  facet normal -0.5552221536636353 -0.6598402261734009 -0.5062994956970215
    outer loop
      vertex 6.0 5.273815155029297 10.0
      vertex 6.325408935546875 5.0 10.0
      vertex 6.0 5.0 10.356852531433105
    endloop
  endfacet
  facet normal -0.5552221536636353 -0.6598402261734009 0.5062994956970215
    outer loop
      vertex 6.325408935546875 5.0 13.0
      vertex 6.0 5.273815155029297 13.0
      vertex 6.0 5.0 12.643147468566895
    endloop
  endfacet
  facet normal -0.4245862364768982 -0.5045890808105469 0.7517421841621399
    outer loop
      vertex 6.0 6.0 13.487434387207031
      vertex 6.0 5.273815155029297 13.0
      vertex 6.325408935546875 5.0 13.0
    endloop
  endfacet
  facet normal -0.4343319833278656 -0.504925549030304 0.7459261417388916
    outer loop
      vertex 7.0 5.0 13.39279556274414
      vertex 6.0 6.0 13.487434387207031
      vertex 6.325408935546875 5.0 13.0
    endloop
  endfacet
  facet normal -0.2922804057598114 -0.375517338514328 0.8795219659805298
    outer loop
      vertex 7.0 6.0 13.819751739501953
      vertex 6.0 6.0 13.487434387207031
      vertex 7.0 5.0 13.39279556274414
    endloop
  endfacet
  facet normal -0.30075880885124207 -0.30075880885124207 -0.9050349593162537
    outer loop
      vertex 6.0 7.0 9.180248260498047
      vertex 7.0 6.0 9.180248260498047
      vertex 6.0 6.0 9.512565612792969
    endloop
  endfacet
  facet normal -0.09951310604810715 -0.09951310604810715 -0.9900475740432739
    outer loop
      vertex 6.0 7.0 9.180248260498047
      vertex 7.0 7.0 9.079734802246094
      vertex 7.0 6.0 9.180248260498047
    endloop
  endfacet
  facet normal -0.30075880885124207 -0.30075880885124207 0.9050349593162537
    outer loop
      vertex 7.0 6.0 13.819751739501953
      vertex 6.0 7.0 13.819751739501953
      vertex 6.0 6.0 13.487434387207031
    endloop
  endfacet
  facet normal -0.09951310604810715 -0.09951310604810715 0.9900475740432739
    outer loop
      vertex 7.0 7.0 13.920265197753906
      vertex 6.0 7.0 13.819751739501953
      vertex 7.0 6.0 13.819751739501953
    endloop
  endfacet
  facet normal -0.0995236337184906 -0.09845565259456635 -0.9901522994041443
    outer loop
      vertex 6.0 8.0 9.08081340789795
      vertex 7.0 7.0 9.079734802246094
      vertex 6.0 7.0 9.180248260498047
    endloop
  endfacet
  facet normal 0.11168460547924042 0.11274953931570053 -0.9873268008232117
    outer loop
      vertex 6.0 8.0 9.08081340789795
      vertex 7.0 8.0 9.193931579589844
      vertex 7.0 7.0 9.079734802246094
    endloop
  endfacet
  facet normal -0.0995236337184906 -0.09845565259456635 0.9901522994041443
    outer loop
      vertex 7.0 7.0 13.920265197753906
      vertex 6.0 8.0 13.91918659210205
      vertex 6.0 7.0 13.819751739501953
    endloop
  endfacet
  facet normal 0.11168460547924042 0.11274953931570053 0.9873268008232117
    outer loop
      vertex 7.0 8.0 13.806068420410156
      vertex 6.0 8.0 13.91918659210205
      vertex 7.0 7.0 13.920265197753906
    endloop
  endfacet
  facet normal 0.11235310882329941 0.029287226498126984 -0.9932366013526917
    outer loop
      vertex 6.0 9.0 9.110300064086914
      vertex 7.0 8.0 9.193931579589844
      vertex 6.0 8.0 9.08081340789795
    endloop
  endfacet
  facet normal 0.32123419642448425 0.24472540616989136 -0.9148322343826294
    outer loop
      vertex 6.0 9.0 9.110300064086914
      vertex 7.0 9.0 9.461440086364746
      vertex 7.0 8.0 9.193931579589844
    endloop
  endfacet
  facet normal 0.11235310882329941 0.029287226498126984 0.9932366013526917
    outer loop
      vertex 7.0 8.0 13.806068420410156
      vertex 6.0 9.0 13.889699935913086
      vertex 6.0 8.0 13.91918659210205
    endloop
  endfacet
  facet normal 0.32123419642448425 0.24472540616989136 0.9148322343826294
    outer loop
      vertex 7.0 9.0 13.538559913635254
      vertex 6.0 9.0 13.889699935913086
      vertex 7.0 8.0 13.806068420410156
    endloop
  endfacet
  facet normal 0.3302818536758423 0.07866369187831879 -0.9405986666679382
    outer loop
      vertex 6.0 10.0 9.193931579589844
      vertex 7.0 9.0 9.461440086364746
      vertex 6.0 9.0 9.110300064086914
    endloop
  endfacet
  facet normal 0.48720449209213257 0.26457157731056213 -0.8322461247444153
    outer loop
      vertex 6.0 10.0 9.193931579589844
      vertex 7.0 10.0 9.779340744018555
      vertex 7.0 9.0 9.461440086364746
    endloop
  endfacet
  facet normal 0.3302818536758423 0.07866369187831879 0.9405986666679382
    outer loop
      vertex 7.0 9.0 13.538559913635254
      vertex 6.0 10.0 13.806068420410156
      vertex 6.0 9.0 13.889699935913086
    endloop
  endfacet
  facet normal 0.48720449209213257 0.26457157731056213 0.8322461247444153
    outer loop
      vertex 7.0 10.0 13.220659255981445
      vertex 6.0 10.0 13.806068420410156
      vertex 7.0 9.0 13.538559913635254
    endloop
  endfacet
  facet normal 0.5043625235557556 0.05779686197638512 -0.8615555763244629
    outer loop
      vertex 6.0 11.0 9.261015892028809
      vertex 7.0 10.0 9.779340744018555
      vertex 6.0 10.0 9.193931579589844
    endloop
  endfacet
  facet normal 0.5837356448173523 0.17249155044555664 -0.7934100031852722
    outer loop
      vertex 6.0 11.0 9.261015892028809
      vertex 7.0 11.0 9.996746063232422
      vertex 7.0 10.0 9.779340744018555
    endloop
  endfacet
  facet normal 0.5043625235557556 0.05779686197638512 0.8615555763244629
    outer loop
      vertex 7.0 10.0 13.220659255981445
      vertex 6.0 11.0 13.738984107971191
      vertex 6.0 10.0 13.806068420410156
    endloop
  endfacet
  facet normal 0.5837356448173523 0.17249155044555664 0.7934100031852722
    outer loop
      vertex 7.0 11.0 13.003253936767578
      vertex 6.0 11.0 13.738984107971191
      vertex 7.0 10.0 13.220659255981445
    endloop
  endfacet
  facet normal 0.5926184058189392 0.0 -0.805483341217041
    outer loop
      vertex 6.0 12.0 9.261015892028809
      vertex 7.0 11.0 9.996746063232422
      vertex 6.0 11.0 9.261015892028809
    endloop
  endfacet
  facet normal 0.5926184058189392 0.0 -0.805483341217041
    outer loop
      vertex 6.0 12.0 9.261015892028809
      vertex 7.0 12.0 9.996746063232422
      vertex 7.0 11.0 9.996746063232422
    endloop
  endfacet
  facet normal 0.5926184058189392 0.0 0.805483341217041
    outer loop
      vertex 7.0 11.0 13.003253936767578
      vertex 6.0 12.0 13.738984107971191
      vertex 6.0 11.0 13.738984107971191
    endloop
  endfacet
  facet normal 0.5926184058189392 0.0 0.805483341217041
    outer loop
      vertex 7.0 12.0 13.003253936767578
      vertex 6.0 12.0 13.738984107971191
      vertex 7.0 11.0 13.003253936767578
    endloop
  endfacet
  facet normal 0.5917550921440125 -0.05395658314228058 -0.8043099641799927
    outer loop
      vertex 6.0 13.0 9.193931579589844
      vertex 7.0 12.0 9.996746063232422
      vertex 6.0 12.0 9.261015892028809
    endloop
  endfacet
  facet normal 0.4965430796146393 -0.18440283834934235 -0.8481983542442322
    outer loop
      vertex 6.0 13.0 9.193931579589844
      vertex 7.0 13.0 9.779340744018555
      vertex 7.0 12.0 9.996746063232422
    endloop
  endfacet
  facet normal 0.5917550921440125 -0.05395658314228058 0.8043099641799927
    outer loop
      vertex 7.0 12.0 13.003253936767578
      vertex 6.0 13.0 13.806068420410156
      vertex 6.0 12.0 13.738984107971191
    endloop
  endfacet
  facet normal 0.4965430796146393 -0.18440283834934235 0.8481983542442322
    outer loop
      vertex 7.0 13.0 13.220659255981445
      vertex 6.0 13.0 13.806068420410156
      vertex 7.0 12.0 13.003253936767578
    endloop
  endfacet
  facet normal 0.5038962960243225 -0.0719865933060646 -0.8607591986656189
    outer loop
      vertex 6.0 14.0 9.110300064086914
      vertex 7.0 13.0 9.779340744018555
      vertex 6.0 13.0 9.193931579589844
    endloop
  endfacet
  facet normal 0.3173407018184662 -0.28730082511901855 -0.9037440419197083
    outer loop
      vertex 6.0 14.0 9.110300064086914
      vertex 7.0 14.0 9.461440086364746
      vertex 7.0 13.0 9.779340744018555
    endloop
  endfacet
  facet normal 0.5038962960243225 -0.0719865933060646 0.8607591986656189
    outer loop
      vertex 7.0 13.0 13.220659255981445
      vertex 6.0 14.0 13.889699935913086
      vertex 6.0 13.0 13.806068420410156
    endloop
  endfacet
  facet normal 0.3173407018184662 -0.28730082511901855 0.9037440419197083
    outer loop
      vertex 7.0 14.0 13.538559913635254
      vertex 6.0 14.0 13.889699935913086
      vertex 7.0 13.0 13.220659255981445
    endloop
  endfacet
  facet normal 0.3311803638935089 -0.027810560539364815 -0.9431574940681458
    outer loop
      vertex 6.0 15.0 9.08081340789795
      vertex 7.0 14.0 9.461440086364746
      vertex 6.0 14.0 9.110300064086914
    endloop
  endfacet
  facet normal 0.10862913727760315 -0.256892591714859 -0.9603155851364136
    outer loop
      vertex 6.0 15.0 9.08081340789795
      vertex 7.0 15.0 9.193931579589844
      vertex 7.0 14.0 9.461440086364746
    endloop
  endfacet
  facet normal 0.3311803638935089 -0.027810560539364815 0.9431574940681458
    outer loop
      vertex 7.0 14.0 13.538559913635254
      vertex 6.0 15.0 13.91918659210205
      vertex 6.0 14.0 13.889699935913086
    endloop
  endfacet
  facet normal 0.10862913727760315 -0.256892591714859 0.9603155851364136
    outer loop
      vertex 7.0 15.0 13.806068420410156
      vertex 6.0 15.0 13.91918659210205
      vertex 7.0 14.0 13.538559913635254
    endloop
  endfacet
  facet normal 0.11185666173696518 0.0983259379863739 -0.9888478517532349
    outer loop
      vertex 6.0 16.0 9.180248260498047
      vertex 7.0 15.0 9.193931579589844
      vertex 6.0 15.0 9.08081340789795
    endloop
  endfacet
  facet normal -0.09937012940645218 -0.11289780586957932 -0.988625168800354
    outer loop
      vertex 6.0 16.0 9.180248260498047
      vertex 7.0 16.0 9.079734802246094
      vertex 7.0 15.0 9.193931579589844
    endloop
  endfacet
  facet normal 0.11185666173696518 0.0983259379863739 0.9888478517532349
    outer loop
      vertex 7.0 15.0 13.806068420410156
      vertex 6.0 16.0 13.819751739501953
      vertex 6.0 15.0 13.91918659210205
    endloop
  endfacet
  facet normal -0.09937012940645218 -0.11289780586957932 0.988625168800354
    outer loop
      vertex 7.0 16.0 13.920265197753906
      vertex 6.0 16.0 13.819751739501953
      vertex 7.0 15.0 13.806068420410156
    endloop
  endfacet
  facet normal -0.0949534997344017 0.3139350414276123 -0.9446844458580017
    outer loop
      vertex 6.0 17.0 9.512565612792969
      vertex 7.0 16.0 9.079734802246094
      vertex 6.0 16.0 9.180248260498047
    endloop
  endfacet
  facet normal -0.3139350414276123 0.0949534997344017 -0.9446844458580017
    outer loop
      vertex 6.0 17.0 9.512565612792969
      vertex 7.0 17.0 9.180248260498047
      vertex 7.0 16.0 9.079734802246094
    endloop
  endfacet
  facet normal -0.0949534997344017 0.3139350414276123 0.9446844458580017
    outer loop
      vertex 7.0 16.0 13.920265197753906
      vertex 6.0 17.0 13.487434387207031
      vertex 6.0 16.0 13.819751739501953
    endloop
  endfacet
  facet normal -0.3139350414276123 0.0949534997344017 0.9446844458580017
    outer loop
      vertex 7.0 17.0 13.819751739501953
      vertex 6.0 17.0 13.487434387207031
      vertex 7.0 16.0 13.920265197753906
    endloop
  endfacet
  facet normal -0.4245862364768982 0.5045890808105469 -0.7517421841621399
    outer loop
      vertex 6.0 17.0 9.512565612792969
      vertex 6.0 17.726184844970703 10.0
      vertex 6.325408935546875 18.0 10.0
    endloop
  endfacet
  facet normal -0.4343319833278656 0.504925549030304 -0.7459261417388916
    outer loop
      vertex 7.0 18.0 9.60720443725586
      vertex 6.0 17.0 9.512565612792969
      vertex 6.325408935546875 18.0 10.0
    endloop
  endfacet
  facet normal -0.2922804057598114 0.375517338514328 -0.8795219659805298
    outer loop
      vertex 7.0 17.0 9.180248260498047
      vertex 6.0 17.0 9.512565612792969
      vertex 7.0 18.0 9.60720443725586
    endloop
  endfacet
  facet normal -0.5552221536636353 0.6598402261734009 -0.5062994956970215
    outer loop
      vertex 6.0 18.0 10.356852531433105
      vertex 6.325408935546875 18.0 10.0
      vertex 6.0 17.726184844970703 10.0
    endloop
  endfacet
  facet normal -0.5552221536636353 0.6598402261734009 0.5062994956970215
    outer loop
      vertex 6.325408935546875 18.0 13.0
      vertex 6.0 18.0 12.643147468566895
      vertex 6.0 17.726184844970703 13.0
    endloop
  endfacet
  facet normal -0.4318595826625824 0.513232946395874 0.7416800260543823
    outer loop
      vertex 7.0 18.0 13.39279556274414
      vertex 6.325408935546875 18.0 13.0
      vertex 6.0 17.726184844970703 13.0
    endloop
  endfacet
  facet normal -0.43180713057518005 0.5026822686195374 0.7489013075828552
    outer loop
      vertex 6.0 17.0 13.487434387207031
      vertex 7.0 18.0 13.39279556274414
      vertex 6.0 17.726184844970703 13.0
    endloop
  endfacet
  facet normal -0.2922804057598114 0.375517338514328 0.8795219659805298
    outer loop
      vertex 7.0 17.0 13.819751739501953
      vertex 7.0 18.0 13.39279556274414
      vertex 6.0 17.0 13.487434387207031
    endloop
  endfacet
  facet normal -0.4101625084877014 0.5792780518531799 -0.7044172286987305
    outer loop
      vertex 7.0 18.477649688720703 10.0
      vertex 7.0 18.0 9.60720443725586
      vertex 6.325408935546875 18.0 10.0
    endloop
  endfacet
  facet normal -0.5805914402008057 0.7002585530281067 -0.41539329290390015
    outer loop
      vertex 7.0 19.0 10.880563735961914
      vertex 7.0 18.477649688720703 10.0
      vertex 6.914547443389893 19.0 11.0
    endloop
  endfacet
  facet normal -0.5210292935371399 0.7374643683433533 -0.4297380745410919
    outer loop
      vertex 6.914547443389893 19.0 11.0
      vertex 7.0 18.477649688720703 10.0
      vertex 6.0 18.353858947753906 11.0
    endloop
  endfacet
  facet normal -0.5216027498245239 0.7366665601730347 -0.4304102659225464
    outer loop
      vertex 7.0 18.477649688720703 10.0
      vertex 6.325408935546875 18.0 10.0
      vertex 6.0 18.353858947753906 11.0
    endloop
  endfacet
  facet normal -0.4673493206501007 0.774573564529419 -0.42616942524909973
    outer loop
      vertex 6.325408935546875 18.0 10.0
      vertex 6.0 18.0 10.356852531433105
      vertex 6.0 18.353858947753906 11.0
    endloop
  endfacet
  facet normal -0.5770277380943298 0.8167245388031006 0.0
    outer loop
      vertex 6.0 18.353858947753906 12.0
      vertex 6.914547443389893 19.0 12.0
      vertex 6.0 18.353858947753906 11.0
    endloop
  endfacet
  facet normal -0.5770277380943298 0.8167245388031006 0.0
    outer loop
      vertex 6.0 18.353858947753906 11.0
      vertex 6.914547443389893 19.0 12.0
      vertex 6.914547443389893 19.0 11.0
    endloop
  endfacet
  facet normal -0.533362090587616 0.7549201846122742 0.38160231709480286
    outer loop
      vertex 7.0 19.0 12.119436264038086
      vertex 6.914547443389893 19.0 12.0
      vertex 6.0 18.353858947753906 12.0
    endloop
  endfacet
  facet normal -0.5291970372200012 0.7434059381484985 0.4090210199356079
    outer loop
      vertex 7.0 19.0 12.119436264038086
      vertex 6.0 18.353858947753906 12.0
      vertex 6.0 18.0 12.643147468566895
    endloop
  endfacet
  facet normal -0.5099794864654541 0.7398141622543335 0.43885767459869385
    outer loop
      vertex 7.0 18.477649688720703 13.0
      vertex 7.0 19.0 12.119436264038086
      vertex 6.0 18.0 12.643147468566895
    endloop
  endfacet
  facet normal -0.5112320780754089 0.7220199704170227 0.4661855697631836
    outer loop
      vertex 6.325408935546875 18.0 13.0
      vertex 7.0 18.477649688720703 13.0
      vertex 6.0 18.0 12.643147468566895
    endloop
  endfacet
  facet normal -0.4101625084877014 0.5792780518531799 0.7044172286987305
    outer loop
      vertex 7.0 18.477649688720703 13.0
      vertex 6.325408935546875 18.0 13.0
      vertex 7.0 18.0 13.39279556274414
    endloop
  endfacet
  facet normal -0.5004295110702515 0.7882750630378723 -0.3580402135848999
    outer loop
      vertex 7.0 19.054248809814453 11.0
      vertex 7.0 19.0 10.880563735961914
      vertex 6.914547443389893 19.0 11.0
    endloop
  endfacet
  facet normal -0.5359603762626648 0.8442431092262268 0.0
    outer loop
      vertex 7.0 19.054248809814453 11.0
      vertex 6.914547443389893 19.0 11.0
      vertex 6.914547443389893 19.0 12.0
    endloop
  endfacet
  facet normal -0.5359603762626648 0.8442431092262268 0.0
    outer loop
      vertex 7.0 19.054248809814453 11.0
      vertex 6.914547443389893 19.0 12.0
      vertex 7.0 19.054248809814453 12.0
    endloop
  endfacet
  facet normal -0.5004295110702515 0.7882750630378723 0.3580402135848999
    outer loop
      vertex 7.0 19.054248809814453 12.0
      vertex 6.914547443389893 19.0 12.0
      vertex 7.0 19.0 12.119436264038086
    endloop
  endfacet
  facet normal -0.3393901586532593 -0.6813248991966248 -0.6485450267791748
    outer loop
      vertex 8.0 4.0 9.947417259216309
      vertex 8.0 3.9499471187591553 10.0
      vertex 7.899518966674805 4.0 10.0
    endloop
  endfacet
  facet normal -0.37524834275245667 -0.843949019908905 -0.3833260238170624
    outer loop
      vertex 7.0 3.945751428604126 11.0
      vertex 7.0 4.0 10.880563735961914
      vertex 7.899518966674805 4.0 10.0
    endloop
  endfacet
  facet normal -0.40665990114212036 -0.8163686990737915 -0.41008511185646057
    outer loop
      vertex 8.0 3.9499471187591553 10.0
      vertex 7.0 3.945751428604126 11.0
      vertex 7.899518966674805 4.0 10.0
    endloop
  endfacet
  facet normal -0.4122738540172577 -0.8107060194015503 -0.4156753420829773
    outer loop
      vertex 8.0 3.4372146129608154 11.0
      vertex 7.0 3.945751428604126 11.0
      vertex 8.0 3.9499471187591553 10.0
    endloop
  endfacet
  facet normal -0.453290730714798 -0.8913626670837402 0.0
    outer loop
      vertex 7.0 3.945751428604126 11.0
      vertex 8.0 3.4372146129608154 12.0
      vertex 7.0 3.945751428604126 12.0
    endloop
  endfacet
  facet normal -0.453290730714798 -0.8913626670837402 0.0
    outer loop
      vertex 8.0 3.4372146129608154 11.0
      vertex 8.0 3.4372146129608154 12.0
      vertex 7.0 3.945751428604126 11.0
    endloop
  endfacet
  facet normal -0.4057684540748596 -0.8145791292190552 0.4145031273365021
    outer loop
      vertex 8.0 3.9499471187591553 13.0
      vertex 7.899518966674805 4.0 13.0
      vertex 7.0 4.0 12.119436264038086
    endloop
  endfacet
  facet normal -0.37913623452186584 -0.8425072431564331 0.38267114758491516
    outer loop
      vertex 7.0 3.945751428604126 12.0
      vertex 8.0 3.9499471187591553 13.0
      vertex 7.0 4.0 12.119436264038086
    endloop
  endfacet
  facet normal -0.4122738540172577 -0.8107060194015503 0.4156753420829773
    outer loop
      vertex 8.0 3.4372146129608154 12.0
      vertex 8.0 3.9499471187591553 13.0
      vertex 7.0 3.945751428604126 12.0
    endloop
  endfacet
  facet normal -0.3393901586532593 -0.6813248991966248 0.6485450267791748
    outer loop
      vertex 8.0 4.0 13.052582740783691
      vertex 7.899518966674805 4.0 13.0
      vertex 8.0 3.9499471187591553 13.0
    endloop
  endfacet
  facet normal -0.3623313009738922 -0.6239559650421143 -0.6923835277557373
    outer loop
      vertex 8.0 4.0 9.947417259216309
      vertex 7.899518966674805 4.0 10.0
      vertex 7.0 4.522350788116455 10.0
    endloop
  endfacet
  facet normal -0.3489803075790405 -0.5952322483062744 -0.7238172292709351
    outer loop
      vertex 7.0 5.0 9.60720443725586
      vertex 8.0 4.0 9.947417259216309
      vertex 7.0 4.522350788116455 10.0
    endloop
  endfacet
  facet normal -0.2593052089214325 -0.5332556366920471 -0.8052324652671814
    outer loop
      vertex 8.0 5.0 9.285179138183594
      vertex 8.0 4.0 9.947417259216309
      vertex 7.0 5.0 9.60720443725586
    endloop
  endfacet
  facet normal -0.4468114674091339 -0.7694358229637146 -0.4564296305179596
    outer loop
      vertex 7.0 4.522350788116455 10.0
      vertex 7.899518966674805 4.0 10.0
      vertex 7.0 4.0 10.880563735961914
    endloop
  endfacet
  facet normal -0.4468114674091339 -0.7694358229637146 0.4564296305179596
    outer loop
      vertex 7.899518966674805 4.0 13.0
      vertex 7.0 4.522350788116455 13.0
      vertex 7.0 4.0 12.119436264038086
    endloop
  endfacet
  facet normal -0.34605175256729126 -0.5959216356277466 0.7246555685997009
    outer loop
      vertex 7.0 5.0 13.39279556274414
      vertex 7.0 4.522350788116455 13.0
      vertex 7.899518966674805 4.0 13.0
    endloop
  endfacet
  facet normal -0.3682429790496826 -0.6076440215110779 0.7036802768707275
    outer loop
      vertex 8.0 4.0 13.052582740783691
      vertex 7.0 5.0 13.39279556274414
      vertex 7.899518966674805 4.0 13.0
    endloop
  endfacet
  facet normal -0.2593052089214325 -0.5332556366920471 0.8052324652671814
    outer loop
      vertex 8.0 5.0 13.714820861816406
      vertex 7.0 5.0 13.39279556274414
      vertex 8.0 4.0 13.052582740783691
    endloop
  endfacet
  facet normal -0.283968985080719 -0.37649932503700256 -0.8818219304084778
    outer loop
      vertex 7.0 6.0 9.180248260498047
      vertex 8.0 5.0 9.285179138183594
      vertex 7.0 5.0 9.60720443725586
    endloop
  endfacet
  facet normal -0.09696220606565475 -0.19928376376628876 -0.9751330018043518
    outer loop
      vertex 7.0 6.0 9.180248260498047
      vertex 8.0 6.0 9.08081340789795
      vertex 8.0 5.0 9.285179138183594
    endloop
  endfacet
  facet normal -0.283968985080719 -0.37649932503700256 0.8818219304084778
    outer loop
      vertex 8.0 5.0 13.714820861816406
      vertex 7.0 6.0 13.819751739501953
      vertex 7.0 5.0 13.39279556274414
    endloop
  endfacet
  facet normal -0.09696220606565475 -0.19928376376628876 0.9751330018043518
    outer loop
      vertex 8.0 6.0 13.91918659210205
      vertex 7.0 6.0 13.819751739501953
      vertex 8.0 5.0 13.714820861816406
    endloop
  endfacet
  facet normal -0.09845565259456635 -0.0995236337184906 -0.9901522994041443
    outer loop
      vertex 7.0 7.0 9.079734802246094
      vertex 8.0 6.0 9.08081340789795
      vertex 7.0 6.0 9.180248260498047
    endloop
  endfacet
  facet normal 0.11274953931570053 0.11168460547924042 -0.9873268008232117
    outer loop
      vertex 7.0 7.0 9.079734802246094
      vertex 8.0 7.0 9.193931579589844
      vertex 8.0 6.0 9.08081340789795
    endloop
  endfacet
  facet normal -0.09845565259456635 -0.0995236337184906 0.9901522994041443
    outer loop
      vertex 8.0 6.0 13.91918659210205
      vertex 7.0 7.0 13.920265197753906
      vertex 7.0 6.0 13.819751739501953
    endloop
  endfacet
  facet normal 0.11274953931570053 0.11168460547924042 0.9873268008232117
    outer loop
      vertex 8.0 7.0 13.806068420410156
      vertex 7.0 7.0 13.920265197753906
      vertex 8.0 6.0 13.91918659210205
    endloop
  endfacet
  facet normal 0.1127360612154007 0.1127360612154007 -0.9872087836265564
    outer loop
      vertex 7.0 8.0 9.193931579589844
      vertex 8.0 7.0 9.193931579589844
      vertex 7.0 7.0 9.079734802246094
    endloop
  endfacet
  facet normal 0.35414978861808777 0.35414978861808777 -0.8655378818511963
    outer loop
      vertex 7.0 8.0 9.193931579589844
      vertex 8.0 8.0 9.60309886932373
      vertex 8.0 7.0 9.193931579589844
    endloop
  endfacet
  facet normal 0.1127360612154007 0.1127360612154007 0.9872087836265564
    outer loop
      vertex 8.0 7.0 13.806068420410156
      vertex 7.0 8.0 13.806068420410156
      vertex 7.0 7.0 13.920265197753906
    endloop
  endfacet
  facet normal 0.35414978861808777 0.35414978861808777 0.8655378818511963
    outer loop
      vertex 8.0 8.0 13.39690113067627
      vertex 7.0 8.0 13.806068420410156
      vertex 8.0 7.0 13.806068420410156
    endloop
  endfacet
  facet normal 0.5434392094612122 0.42801713943481445 -0.7221323847770691
    outer loop
      vertex 7.0 9.0 9.461440086364746
      vertex 7.715648651123047 9.0 10.0
      vertex 8.0 8.638968467712402 10.0
    endloop
  endfacet
  facet normal 0.5437986850738525 0.4428127706050873 -0.712881326675415
    outer loop
      vertex 8.0 8.0 9.60309886932373
      vertex 7.0 9.0 9.461440086364746
      vertex 8.0 8.638968467712402 10.0
    endloop
  endfacet
  facet normal 0.36759448051452637 0.24032871425151825 -0.8983965516090393
    outer loop
      vertex 7.0 8.0 9.193931579589844
      vertex 7.0 9.0 9.461440086364746
      vertex 8.0 8.0 9.60309886932373
    endloop
  endfacet
  facet normal 0.6965804100036621 0.5486323237419128 -0.46236172318458557
    outer loop
      vertex 7.715648651123047 9.0 10.0
      vertex 8.0 9.0 10.42839527130127
      vertex 8.0 8.638968467712402 10.0
    endloop
  endfacet
  facet normal 0.6965804100036621 0.5486323237419128 0.46236172318458557
    outer loop
      vertex 8.0 8.638968467712402 13.0
      vertex 8.0 9.0 12.57160472869873
      vertex 7.715648651123047 9.0 13.0
    endloop
  endfacet
  facet normal 0.5565819144248962 0.43836838006973267 0.7057263255119324
    outer loop
      vertex 8.0 8.0 13.39690113067627
      vertex 8.0 8.638968467712402 13.0
      vertex 7.715648651123047 9.0 13.0
    endloop
  endfacet
  facet normal 0.5403656363487244 0.4386478364467621 0.7180481553077698
    outer loop
      vertex 7.0 9.0 13.538559913635254
      vertex 8.0 8.0 13.39690113067627
      vertex 7.715648651123047 9.0 13.0
    endloop
  endfacet
  facet normal 0.36759448051452637 0.24032871425151825 0.8983965516090393
    outer loop
      vertex 7.0 8.0 13.806068420410156
      vertex 8.0 8.0 13.39690113067627
      vertex 7.0 9.0 13.538559913635254
    endloop
  endfacet
  facet normal 0.6686580181121826 0.3316759765148163 -0.6654979586601257
    outer loop
      vertex 7.0 10.0 9.779340744018555
      vertex 7.219616413116455 10.0 10.0
      vertex 7.715648651123047 9.0 10.0
    endloop
  endfacet
  facet normal 0.5827947854995728 0.24619142711162567 -0.7744288444519043
    outer loop
      vertex 7.0 10.0 9.779340744018555
      vertex 7.715648651123047 9.0 10.0
      vertex 7.0 9.0 9.461440086364746
    endloop
  endfacet
  facet normal 0.7023604512214661 0.5379116535186768 -0.46619829535484314
    outer loop
      vertex 8.0 9.0 10.42839527130127
      vertex 7.715648651123047 9.0 10.0
      vertex 8.0 9.495399475097656 11.0
    endloop
  endfacet
  facet normal 0.795468270778656 0.4217667877674103 -0.43513551354408264
    outer loop
      vertex 7.715648651123047 9.0 10.0
      vertex 7.732454776763916 10.0 11.0
      vertex 8.0 9.495399475097656 11.0
    endloop
  endfacet
  facet normal 0.8140442371368408 0.40379220247268677 -0.4174731373786926
    outer loop
      vertex 7.715648651123047 9.0 10.0
      vertex 7.219616413116455 10.0 10.0
      vertex 7.732454776763916 10.0 11.0
    endloop
  endfacet
  facet normal 0.8834954500198364 0.46843981742858887 0.0
    outer loop
      vertex 7.732454776763916 10.0 12.0
      vertex 8.0 9.495399475097656 12.0
      vertex 7.732454776763916 10.0 11.0
    endloop
  endfacet
  facet normal 0.8834954500198364 0.46843981742858887 0.0
    outer loop
      vertex 7.732454776763916 10.0 11.0
      vertex 8.0 9.495399475097656 12.0
      vertex 8.0 9.495399475097656 11.0
    endloop
  endfacet
  facet normal 0.8186036944389343 0.43403345346450806 0.3761689364910126
    outer loop
      vertex 8.0 9.495399475097656 12.0
      vertex 7.732454776763916 10.0 12.0
      vertex 8.0 9.0 12.57160472869873
    endloop
  endfacet
  facet normal 0.7334082126617432 0.4744807481765747 0.4868065118789673
    outer loop
      vertex 7.732454776763916 10.0 12.0
      vertex 7.715648651123047 9.0 13.0
      vertex 8.0 9.0 12.57160472869873
    endloop
  endfacet
  facet normal 0.8140442371368408 0.40379220247268677 0.4174731373786926
    outer loop
      vertex 7.732454776763916 10.0 12.0
      vertex 7.219616413116455 10.0 13.0
      vertex 7.715648651123047 9.0 13.0
    endloop
  endfacet
  facet normal 0.6916022896766663 0.21882174909114838 0.6883337497711182
    outer loop
      vertex 7.219616413116455 10.0 13.0
      vertex 7.0 10.0 13.220659255981445
      vertex 7.0 9.0 13.538559913635254
    endloop
  endfacet
  facet normal 0.5762174129486084 0.28582239151000977 0.7656886577606201
    outer loop
      vertex 7.219616413116455 10.0 13.0
      vertex 7.0 9.0 13.538559913635254
      vertex 7.715648651123047 9.0 13.0
    endloop
  endfacet
  facet normal 0.748124897480011 0.16220682859420776 -0.6434268951416016
    outer loop
      vertex 7.0 11.0 9.996746063232422
      vertex 7.002798557281494 11.0 10.0
      vertex 7.219616413116455 10.0 10.0
    endloop
  endfacet
  facet normal 0.7005884051322937 0.15159182250499725 -0.6972774267196655
    outer loop
      vertex 7.0 11.0 9.996746063232422
      vertex 7.219616413116455 10.0 10.0
      vertex 7.0 10.0 9.779340744018555
    endloop
  endfacet
  facet normal 0.8669894337654114 0.22502800822257996 -0.4446254372596741
    outer loop
      vertex 7.219616413116455 10.0 10.0
      vertex 7.472903728485107 11.0 11.0
      vertex 7.732454776763916 10.0 11.0
    endloop
  endfacet
  facet normal 0.8880529999732971 0.19254574179649353 -0.4174782931804657
    outer loop
      vertex 7.219616413116455 10.0 10.0
      vertex 7.002798557281494 11.0 10.0
      vertex 7.472903728485107 11.0 11.0
    endloop
  endfacet
  facet normal 0.9679282307624817 0.2512267827987671 -0.0
    outer loop
      vertex 7.732454776763916 10.0 11.0
      vertex 7.472903728485107 11.0 12.0
      vertex 7.732454776763916 10.0 12.0
    endloop
  endfacet
  facet normal 0.9679282307624817 0.2512267827987671 0.0
    outer loop
      vertex 7.732454776763916 10.0 11.0
      vertex 7.472903728485107 11.0 11.0
      vertex 7.472903728485107 11.0 12.0
    endloop
  endfacet
  facet normal 0.8736996650695801 0.18943369388580322 0.44806671142578125
    outer loop
      vertex 7.732454776763916 10.0 12.0
      vertex 7.002798557281494 11.0 13.0
      vertex 7.219616413116455 10.0 13.0
    endloop
  endfacet
  facet normal 0.8810091614723206 0.22866685688495636 0.41416695713996887
    outer loop
      vertex 7.732454776763916 10.0 12.0
      vertex 7.472903728485107 11.0 12.0
      vertex 7.002798557281494 11.0 13.0
    endloop
  endfacet
  facet normal 0.7506601810455322 0.14035846292972565 0.6456073522567749
    outer loop
      vertex 7.002798557281494 11.0 13.0
      vertex 7.0 11.0 13.003253936767578
      vertex 7.0 10.0 13.220659255981445
    endloop
  endfacet
  facet normal 0.7005556225776672 0.15189297497272491 0.6972447633743286
    outer loop
      vertex 7.002798557281494 11.0 13.0
      vertex 7.0 10.0 13.220659255981445
      vertex 7.219616413116455 10.0 13.0
    endloop
  endfacet
  facet normal 0.7581654787063599 0.0 -0.6520622968673706
    outer loop
      vertex 7.0 12.0 9.996746063232422
      vertex 7.002798557281494 12.0 10.0
      vertex 7.002798557281494 11.0 10.0
    endloop
  endfacet
  facet normal 0.7581654787063599 0.0 -0.6520622968673706
    outer loop
      vertex 7.0 12.0 9.996746063232422
      vertex 7.002798557281494 11.0 10.0
      vertex 7.0 11.0 9.996746063232422
    endloop
  endfacet
  facet normal 0.9049870371818542 0.0 -0.42543908953666687
    outer loop
      vertex 7.002798557281494 11.0 10.0
      vertex 7.472903728485107 12.0 11.0
      vertex 7.472903728485107 11.0 11.0
    endloop
  endfacet
  facet normal 0.9049870371818542 0.0 -0.42543908953666687
    outer loop
      vertex 7.002798557281494 11.0 10.0
      vertex 7.002798557281494 12.0 10.0
      vertex 7.472903728485107 12.0 11.0
    endloop
  endfacet
  facet normal 1.0 0.0 0.0
    outer loop
      vertex 7.472903728485107 11.0 11.0
      vertex 7.472903728485107 12.0 12.0
      vertex 7.472903728485107 11.0 12.0
    endloop
  endfacet
  facet normal 1.0 0.0 0.0
    outer loop
      vertex 7.472903728485107 11.0 11.0
      vertex 7.472903728485107 12.0 11.0
      vertex 7.472903728485107 12.0 12.0
    endloop
  endfacet
  facet normal 0.9049870371818542 0.0 0.42543908953666687
    outer loop
      vertex 7.472903728485107 11.0 12.0
      vertex 7.002798557281494 12.0 13.0
      vertex 7.002798557281494 11.0 13.0
    endloop
  endfacet
  facet normal 0.9049870371818542 -0.0 0.42543908953666687
    outer loop
      vertex 7.472903728485107 11.0 12.0
      vertex 7.472903728485107 12.0 12.0
      vertex 7.002798557281494 12.0 13.0
    endloop
  endfacet
  facet normal 0.7581654787063599 0.0 0.6520622968673706
    outer loop
      vertex 7.002798557281494 12.0 13.0
      vertex 7.0 12.0 13.003253936767578
      vertex 7.0 11.0 13.003253936767578
    endloop
  endfacet
  facet normal 0.7581654787063599 0.0 0.6520622968673706
    outer loop
      vertex 7.002798557281494 12.0 13.0
      vertex 7.0 11.0 13.003253936767578
      vertex 7.002798557281494 11.0 13.0
    endloop
  endfacet
  facet normal 0.7005556225776672 -0.15189297497272491 -0.6972447633743286
    outer loop
      vertex 7.0 13.0 9.779340744018555
      vertex 7.219616413116455 13.0 10.0
      vertex 7.002798557281494 12.0 10.0
    endloop
  endfacet
  facet normal 0.7506601810455322 -0.14035846292972565 -0.6456073522567749
    outer loop
      vertex 7.0 13.0 9.779340744018555
      vertex 7.002798557281494 12.0 10.0
      vertex 7.0 12.0 9.996746063232422
    endloop
  endfacet
  facet normal 0.8810091614723206 -0.22866685688495636 -0.41416695713996887
    outer loop
      vertex 7.002798557281494 12.0 10.0
      vertex 7.732454776763916 13.0 11.0
      vertex 7.472903728485107 12.0 11.0
    endloop
  endfacet
  facet normal 0.8736996650695801 -0.18943369388580322 -0.44806671142578125
    outer loop
      vertex 7.002798557281494 12.0 10.0
      vertex 7.219616413116455 13.0 10.0
      vertex 7.732454776763916 13.0 11.0
    endloop
  endfacet
  facet normal 0.9679282307624817 -0.2512267827987671 0.0
    outer loop
      vertex 7.472903728485107 12.0 11.0
      vertex 7.732454776763916 13.0 12.0
      vertex 7.472903728485107 12.0 12.0
    endloop
  endfacet
  facet normal 0.9679282307624817 -0.2512267827987671 0.0
    outer loop
      vertex 7.472903728485107 12.0 11.0
      vertex 7.732454776763916 13.0 11.0
      vertex 7.732454776763916 13.0 12.0
    endloop
  endfacet
  facet normal 0.8880529999732971 -0.19254574179649353 0.4174782931804657
    outer loop
      vertex 7.472903728485107 12.0 12.0
      vertex 7.219616413116455 13.0 13.0
      vertex 7.002798557281494 12.0 13.0
    endloop
  endfacet
  facet normal 0.8669894337654114 -0.22502800822257996 0.4446254372596741
    outer loop
      vertex 7.472903728485107 12.0 12.0
      vertex 7.732454776763916 13.0 12.0
      vertex 7.219616413116455 13.0 13.0
    endloop
  endfacet
  facet normal 0.7005884051322937 -0.15159182250499725 0.6972774267196655
    outer loop
      vertex 7.219616413116455 13.0 13.0
      vertex 7.0 13.0 13.220659255981445
      vertex 7.0 12.0 13.003253936767578
    endloop
  endfacet
  facet normal 0.748124897480011 -0.16220684349536896 0.6434268951416016
    outer loop
      vertex 7.219616413116455 13.0 13.0
      vertex 7.0 12.0 13.003253936767578
      vertex 7.002798557281494 12.0 13.0
    endloop
  endfacet
  facet normal 0.5762174129486084 -0.28582239151000977 -0.7656886577606201
    outer loop
      vertex 7.0 14.0 9.461440086364746
      vertex 7.715648651123047 14.0 10.0
      vertex 7.219616413116455 13.0 10.0
    endloop
  endfacet
  facet normal 0.6916022896766663 -0.21882174909114838 -0.6883337497711182
    outer loop
      vertex 7.0 14.0 9.461440086364746
      vertex 7.219616413116455 13.0 10.0
      vertex 7.0 13.0 9.779340744018555
    endloop
  endfacet
  facet normal 0.8186036944389343 -0.43403345346450806 -0.3761689364910126
    outer loop
      vertex 8.0 13.504600524902344 11.0
      vertex 7.732454776763916 13.0 11.0
      vertex 8.0 14.0 10.42839527130127
    endloop
  endfacet
  facet normal 0.7334082126617432 -0.4744807481765747 -0.4868065118789673
    outer loop
      vertex 7.732454776763916 13.0 11.0
      vertex 7.715648651123047 14.0 10.0
      vertex 8.0 14.0 10.42839527130127
    endloop
  endfacet
  facet normal 0.8140442371368408 -0.40379220247268677 -0.4174731373786926
    outer loop
      vertex 7.732454776763916 13.0 11.0
      vertex 7.219616413116455 13.0 10.0
      vertex 7.715648651123047 14.0 10.0
    endloop
  endfacet
  facet normal 0.8834954500198364 -0.46843981742858887 0.0
    outer loop
      vertex 7.732454776763916 13.0 11.0
      vertex 8.0 13.504600524902344 11.0
      vertex 7.732454776763916 13.0 12.0
    endloop
  endfacet
  facet normal 0.8834954500198364 -0.46843981742858887 0.0
    outer loop
      vertex 7.732454776763916 13.0 12.0
      vertex 8.0 13.504600524902344 11.0
      vertex 8.0 13.504600524902344 12.0
    endloop
  endfacet
  facet normal 0.7023604512214661 -0.5379116535186768 0.46619829535484314
    outer loop
      vertex 8.0 14.0 12.57160472869873
      vertex 7.715648651123047 14.0 13.0
      vertex 8.0 13.504600524902344 12.0
    endloop
  endfacet
  facet normal 0.795468270778656 -0.4217667877674103 0.43513551354408264
    outer loop
      vertex 7.715648651123047 14.0 13.0
      vertex 7.732454776763916 13.0 12.0
      vertex 8.0 13.504600524902344 12.0
    endloop
  endfacet
  facet normal 0.8140442371368408 -0.40379220247268677 0.4174731373786926
    outer loop
      vertex 7.715648651123047 14.0 13.0
      vertex 7.219616413116455 13.0 13.0
      vertex 7.732454776763916 13.0 12.0
    endloop
  endfacet
  facet normal 0.5827947854995728 -0.24619141221046448 0.7744288444519043
    outer loop
      vertex 7.715648651123047 14.0 13.0
      vertex 7.0 14.0 13.538559913635254
      vertex 7.0 13.0 13.220659255981445
    endloop
  endfacet
  facet normal 0.6686580181121826 -0.3316759467124939 0.6654979586601257
    outer loop
      vertex 7.715648651123047 14.0 13.0
      vertex 7.0 13.0 13.220659255981445
      vertex 7.219616413116455 13.0 13.0
    endloop
  endfacet
  facet normal 0.5565819144248962 -0.43836838006973267 -0.7057263255119324
    outer loop
      vertex 8.0 15.0 9.60309886932373
      vertex 8.0 14.361031532287598 10.0
      vertex 7.715648651123047 14.0 10.0
    endloop
  endfacet
  facet normal 0.5403656363487244 -0.4386478364467621 -0.7180481553077698
    outer loop
      vertex 7.0 14.0 9.461440086364746
      vertex 8.0 15.0 9.60309886932373
      vertex 7.715648651123047 14.0 10.0
    endloop
  endfacet
  facet normal 0.36759448051452637 -0.24032871425151825 -0.8983965516090393
    outer loop
      vertex 7.0 15.0 9.193931579589844
      vertex 8.0 15.0 9.60309886932373
      vertex 7.0 14.0 9.461440086364746
    endloop
  endfacet
  facet normal 0.6965804100036621 -0.5486323237419128 -0.46236172318458557
    outer loop
      vertex 7.715648651123047 14.0 10.0
      vertex 8.0 14.361031532287598 10.0
      vertex 8.0 14.0 10.42839527130127
    endloop
  endfacet
  facet normal 0.6965804100036621 -0.5486323237419128 0.46236172318458557
    outer loop
      vertex 8.0 14.0 12.57160472869873
      vertex 8.0 14.361031532287598 13.0
      vertex 7.715648651123047 14.0 13.0
    endloop
  endfacet
  facet normal 0.5434392094612122 -0.42801713943481445 0.7221323847770691
    outer loop
      vertex 7.0 14.0 13.538559913635254
      vertex 7.715648651123047 14.0 13.0
      vertex 8.0 14.361031532287598 13.0
    endloop
  endfacet
  facet normal 0.5437986850738525 -0.4428127706050873 0.712881326675415
    outer loop
      vertex 8.0 15.0 13.39690113067627
      vertex 7.0 14.0 13.538559913635254
      vertex 8.0 14.361031532287598 13.0
    endloop
  endfacet
  facet normal 0.36759448051452637 -0.24032871425151825 0.8983965516090393
    outer loop
      vertex 7.0 15.0 13.806068420410156
      vertex 7.0 14.0 13.538559913635254
      vertex 8.0 15.0 13.39690113067627
    endloop
  endfacet
  facet normal 0.3765958249568939 -0.10510622709989548 -0.9203957319259644
    outer loop
      vertex 7.0 16.0 9.079734802246094
      vertex 8.0 15.0 9.60309886932373
      vertex 7.0 15.0 9.193931579589844
    endloop
  endfacet
  facet normal 0.10510622709989548 -0.3765958249568939 -0.9203957319259644
    outer loop
      vertex 7.0 16.0 9.079734802246094
      vertex 8.0 16.0 9.193931579589844
      vertex 8.0 15.0 9.60309886932373
    endloop
  endfacet
  facet normal 0.3765958249568939 -0.10510622709989548 0.9203957319259644
    outer loop
      vertex 8.0 15.0 13.39690113067627
      vertex 7.0 16.0 13.920265197753906
      vertex 7.0 15.0 13.806068420410156
    endloop
  endfacet
  facet normal 0.10510622709989548 -0.3765958249568939 0.9203957319259644
    outer loop
      vertex 8.0 16.0 13.806068420410156
      vertex 7.0 16.0 13.920265197753906
      vertex 8.0 15.0 13.39690113067627
    endloop
  endfacet
  facet normal 0.11289780586957932 0.09937012940645218 -0.988625168800354
    outer loop
      vertex 7.0 17.0 9.180248260498047
      vertex 8.0 16.0 9.193931579589844
      vertex 7.0 16.0 9.079734802246094
    endloop
  endfacet
  facet normal -0.0983259379863739 -0.11185666173696518 -0.9888478517532349
    outer loop
      vertex 7.0 17.0 9.180248260498047
      vertex 8.0 17.0 9.08081340789795
      vertex 8.0 16.0 9.193931579589844
    endloop
  endfacet
  facet normal 0.11289780586957932 0.09937012940645218 0.988625168800354
    outer loop
      vertex 8.0 16.0 13.806068420410156
      vertex 7.0 17.0 13.819751739501953
      vertex 7.0 16.0 13.920265197753906
    endloop
  endfacet
  facet normal -0.0983259379863739 -0.11185666173696518 0.9888478517532349
    outer loop
      vertex 8.0 17.0 13.91918659210205
      vertex 7.0 17.0 13.819751739501953
      vertex 8.0 16.0 13.806068420410156
    endloop
  endfacet
  facet normal -0.09106843918561935 0.39103224873542786 -0.9158604145050049
    outer loop
      vertex 7.0 18.0 9.60720443725586
      vertex 8.0 17.0 9.08081340789795
      vertex 7.0 17.0 9.180248260498047
    endloop
  endfacet
  facet normal -0.3008839190006256 0.19094885885715485 -0.9343487024307251
    outer loop
      vertex 7.0 18.0 9.60720443725586
      vertex 8.0 18.0 9.285179138183594
      vertex 8.0 17.0 9.08081340789795
    endloop
  endfacet
  facet normal -0.09106843918561935 0.39103224873542786 0.9158604145050049
    outer loop
      vertex 8.0 17.0 13.91918659210205
      vertex 7.0 18.0 13.39279556274414
      vertex 7.0 17.0 13.819751739501953
    endloop
  endfacet
  facet normal -0.3008839190006256 0.19094885885715485 0.9343487024307251
    outer loop
      vertex 8.0 18.0 13.714820861816406
      vertex 7.0 18.0 13.39279556274414
      vertex 8.0 17.0 13.91918659210205
    endloop
  endfacet
  facet normal -0.34605127573013306 0.5959213376045227 -0.7246559262275696
    outer loop
      vertex 7.0 18.0 9.60720443725586
      vertex 7.0 18.477649688720703 10.0
      vertex 7.899518966674805 19.0 10.0
    endloop
  endfacet
  facet normal -0.3682429790496826 0.6076440215110779 -0.7036802768707275
    outer loop
      vertex 8.0 19.0 9.947417259216309
      vertex 7.0 18.0 9.60720443725586
      vertex 7.899518966674805 19.0 10.0
    endloop
  endfacet
  facet normal -0.2593052089214325 0.5332556366920471 -0.8052324652671814
    outer loop
      vertex 8.0 18.0 9.285179138183594
      vertex 7.0 18.0 9.60720443725586
      vertex 8.0 19.0 9.947417259216309
    endloop
  endfacet
  facet normal -0.4468112289905548 0.7694360613822937 -0.4564293622970581
    outer loop
      vertex 7.0 19.0 10.880563735961914
      vertex 7.899518966674805 19.0 10.0
      vertex 7.0 18.477649688720703 10.0
    endloop
  endfacet
  facet normal -0.4468112289905548 0.7694360613822937 0.4564293622970581
    outer loop
      vertex 7.899518966674805 19.0 13.0
      vertex 7.0 19.0 12.119436264038086
      vertex 7.0 18.477649688720703 13.0
    endloop
  endfacet
  facet normal -0.36233121156692505 0.6239563226699829 0.692383348941803
    outer loop
      vertex 8.0 19.0 13.052582740783691
      vertex 7.899518966674805 19.0 13.0
      vertex 7.0 18.477649688720703 13.0
    endloop
  endfacet
  facet normal -0.3489799201488495 0.5952319502830505 0.7238176465034485
    outer loop
      vertex 7.0 18.0 13.39279556274414
      vertex 8.0 19.0 13.052582740783691
      vertex 7.0 18.477649688720703 13.0
    endloop
  endfacet
  facet normal -0.2593052089214325 0.5332556366920471 0.8052324652671814
    outer loop
      vertex 8.0 18.0 13.714820861816406
      vertex 8.0 19.0 13.052582740783691
      vertex 7.0 18.0 13.39279556274414
    endloop
  endfacet
  facet normal -0.339389443397522 0.6813266277313232 -0.6485435962677002
    outer loop
      vertex 8.0 19.050052642822266 10.0
      vertex 8.0 19.0 9.947417259216309
      vertex 7.899518966674805 19.0 10.0
    endloop
  endfacet
  facet normal -0.40576717257499695 0.8145803809165955 -0.41450178623199463
    outer loop
      vertex 8.0 19.050052642822266 10.0
      vertex 7.899518966674805 19.0 10.0
      vertex 7.0 19.0 10.880563735961914
    endloop
  endfacet
  facet normal -0.3791370987892151 0.8425062298774719 -0.38267239928245544
    outer loop
      vertex 7.0 19.054248809814453 11.0
      vertex 8.0 19.050052642822266 10.0
      vertex 7.0 19.0 10.880563735961914
    endloop
  endfacet
  facet normal -0.4122740626335144 0.8107056617736816 -0.41567590832710266
    outer loop
      vertex 8.0 19.562786102294922 11.0
      vertex 8.0 19.050052642822266 10.0
      vertex 7.0 19.054248809814453 11.0
    endloop
  endfacet
  facet normal -0.45329105854034424 0.8913624882698059 0.0
    outer loop
      vertex 8.0 19.562786102294922 12.0
      vertex 7.0 19.054248809814453 11.0
      vertex 7.0 19.054248809814453 12.0
    endloop
  endfacet
  facet normal -0.45329105854034424 0.8913624882698059 0.0
    outer loop
      vertex 8.0 19.562786102294922 12.0
      vertex 8.0 19.562786102294922 11.0
      vertex 7.0 19.054248809814453 11.0
    endloop
  endfacet
  facet normal -0.3752495050430298 0.8439479470252991 0.3833272457122803
    outer loop
      vertex 7.0 19.054248809814453 12.0
      vertex 7.0 19.0 12.119436264038086
      vertex 7.899518966674805 19.0 13.0
    endloop
  endfacet
  facet normal -0.4066585600376129 0.816369891166687 0.41008418798446655
    outer loop
      vertex 8.0 19.050052642822266 13.0
      vertex 7.0 19.054248809814453 12.0
      vertex 7.899518966674805 19.0 13.0
    endloop
  endfacet
  facet normal -0.4122740626335144 0.8107056617736816 0.41567590832710266
    outer loop
      vertex 8.0 19.562786102294922 12.0
      vertex 7.0 19.054248809814453 12.0
      vertex 8.0 19.050052642822266 13.0
    endloop
  endfacet
  facet normal -0.339389443397522 0.6813266277313232 0.6485435962677002
    outer loop
      vertex 8.0 19.050052642822266 13.0
      vertex 7.899518966674805 19.0 13.0
      vertex 8.0 19.0 13.052582740783691
    endloop
  endfacet
  facet normal -0.24387961626052856 -0.6652626991271973 -0.7056544423103333
    outer loop
      vertex 9.0 4.0 9.60720443725586
      vertex 9.0 3.583355665206909 10.0
      vertex 8.0 3.9499471187591553 10.0
    endloop
  endfacet
  facet normal -0.228367418050766 -0.7051761150360107 -0.671248733997345
    outer loop
      vertex 9.0 4.0 9.60720443725586
      vertex 8.0 3.9499471187591553 10.0
      vertex 8.0 4.0 9.947417259216309
    endloop
  endfacet
  facet normal -0.3105490505695343 -0.845852792263031 -0.4336962103843689
    outer loop
      vertex 8.0 3.9499471187591553 10.0
      vertex 9.0 3.0700714588165283 11.0
      vertex 8.0 3.4372146129608154 11.0
    endloop
  endfacet
  facet normal -0.31006452441215515 -0.84580397605896 -0.43413785099983215
    outer loop
      vertex 9.0 3.583355665206909 10.0
      vertex 9.0 3.0700714588165283 11.0
      vertex 8.0 3.9499471187591553 10.0
    endloop
  endfacet
  facet normal -0.34464889764785767 -0.9387316107749939 0.0
    outer loop
      vertex 8.0 3.4372146129608154 11.0
      vertex 9.0 3.0700714588165283 12.0
      vertex 8.0 3.4372146129608154 12.0
    endloop
  endfacet
  facet normal -0.34464889764785767 -0.9387316107749939 0.0
    outer loop
      vertex 9.0 3.0700714588165283 11.0
      vertex 9.0 3.0700714588165283 12.0
      vertex 8.0 3.4372146129608154 11.0
    endloop
  endfacet
  facet normal -0.310127317905426 -0.8459752798080444 0.43375903367996216
    outer loop
      vertex 8.0 3.4372146129608154 12.0
      vertex 9.0 3.583355665206909 13.0
      vertex 8.0 3.9499471187591553 13.0
    endloop
  endfacet
  facet normal -0.31048619747161865 -0.8456815481185913 0.4340749979019165
    outer loop
      vertex 9.0 3.0700714588165283 12.0
      vertex 9.0 3.583355665206909 13.0
      vertex 8.0 3.4372146129608154 12.0
    endloop
  endfacet
  facet normal -0.2566351592540741 -0.7000576257705688 0.6663764715194702
    outer loop
      vertex 8.0 4.0 13.052582740783691
      vertex 8.0 3.9499471187591553 13.0
      vertex 9.0 3.583355665206909 13.0
    endloop
  endfacet
  facet normal -0.24029414355754852 -0.6658763885498047 0.7063053846359253
    outer loop
      vertex 8.0 4.0 13.052582740783691
      vertex 9.0 3.583355665206909 13.0
      vertex 9.0 4.0 13.39279556274414
    endloop
  endfacet
  facet normal -0.27288690209388733 -0.5311854481697083 -0.8021064400672913
    outer loop
      vertex 8.0 5.0 9.285179138183594
      vertex 9.0 4.0 9.60720443725586
      vertex 8.0 4.0 9.947417259216309
    endloop
  endfacet
  facet normal -0.1290949434041977 -0.41858184337615967 -0.8989570736885071
    outer loop
      vertex 8.0 5.0 9.285179138183594
      vertex 9.0 5.0 9.141573905944824
      vertex 9.0 4.0 9.60720443725586
    endloop
  endfacet
  facet normal -0.27288690209388733 -0.5311854481697083 0.8021064400672913
    outer loop
      vertex 9.0 4.0 13.39279556274414
      vertex 8.0 5.0 13.714820861816406
      vertex 8.0 4.0 13.052582740783691
    endloop
  endfacet
  facet normal -0.1290949434041977 -0.41858184337615967 0.8989570736885071
    outer loop
      vertex 9.0 5.0 13.858426094055176
      vertex 8.0 5.0 13.714820861816406
      vertex 9.0 4.0 13.39279556274414
    endloop
  endfacet
  facet normal -0.13932488858699799 -0.19827434420585632 -0.9701936841011047
    outer loop
      vertex 8.0 6.0 9.08081340789795
      vertex 9.0 5.0 9.141573905944824
      vertex 8.0 5.0 9.285179138183594
    endloop
  endfacet
  facet normal 0.029459457844495773 -0.031244993209838867 -0.999077558517456
    outer loop
      vertex 8.0 6.0 9.08081340789795
      vertex 9.0 6.0 9.110300064086914
      vertex 9.0 5.0 9.141573905944824
    endloop
  endfacet
  facet normal -0.13932488858699799 -0.19827434420585632 0.9701936841011047
    outer loop
      vertex 9.0 5.0 13.858426094055176
      vertex 8.0 6.0 13.91918659210205
      vertex 8.0 5.0 13.714820861816406
    endloop
  endfacet
  facet normal 0.029459457844495773 -0.031244993209838867 0.999077558517456
    outer loop
      vertex 9.0 6.0 13.889699935913086
      vertex 8.0 6.0 13.91918659210205
      vertex 9.0 5.0 13.858426094055176
    endloop
  endfacet
  facet normal 0.029287226498126984 0.11235310882329941 -0.9932366013526917
    outer loop
      vertex 8.0 7.0 9.193931579589844
      vertex 9.0 6.0 9.110300064086914
      vertex 8.0 6.0 9.08081340789795
    endloop
  endfacet
  facet normal 0.24472540616989136 0.32123419642448425 -0.9148322343826294
    outer loop
      vertex 8.0 7.0 9.193931579589844
      vertex 9.0 7.0 9.461440086364746
      vertex 9.0 6.0 9.110300064086914
    endloop
  endfacet
  facet normal 0.029287226498126984 0.11235310882329941 0.9932366013526917
    outer loop
      vertex 9.0 6.0 13.889699935913086
      vertex 8.0 7.0 13.806068420410156
      vertex 8.0 6.0 13.91918659210205
    endloop
  endfacet
  facet normal 0.24472540616989136 0.32123419642448425 0.9148322343826294
    outer loop
      vertex 9.0 7.0 13.538559913635254
      vertex 8.0 7.0 13.806068420410156
      vertex 9.0 6.0 13.889699935913086
    endloop
  endfacet
  facet normal 0.43836838006973267 0.5565819144248962 -0.7057263255119324
    outer loop
      vertex 8.0 8.0 9.60309886932373
      vertex 8.638968467712402 8.0 10.0
      vertex 9.0 7.715648651123047 10.0
    endloop
  endfacet
  facet normal 0.4386478364467621 0.5403656363487244 -0.7180481553077698
    outer loop
      vertex 9.0 7.0 9.461440086364746
      vertex 8.0 8.0 9.60309886932373
      vertex 9.0 7.715648651123047 10.0
    endloop
  endfacet
  facet normal 0.24032871425151825 0.36759448051452637 -0.8983965516090393
    outer loop
      vertex 8.0 7.0 9.193931579589844
      vertex 8.0 8.0 9.60309886932373
      vertex 9.0 7.0 9.461440086364746
    endloop
  endfacet
  facet normal 0.5486323237419128 0.6965804100036621 -0.46236172318458557
    outer loop
      vertex 8.638968467712402 8.0 10.0
      vertex 9.0 8.0 10.42839527130127
      vertex 9.0 7.715648651123047 10.0
    endloop
  endfacet
  facet normal 0.5486323237419128 0.6965804100036621 0.46236172318458557
    outer loop
      vertex 9.0 7.715648651123047 13.0
      vertex 9.0 8.0 12.57160472869873
      vertex 8.638968467712402 8.0 13.0
    endloop
  endfacet
  facet normal 0.42801713943481445 0.5434392094612122 0.7221323847770691
    outer loop
      vertex 9.0 7.0 13.538559913635254
      vertex 9.0 7.715648651123047 13.0
      vertex 8.638968467712402 8.0 13.0
    endloop
  endfacet
  facet normal 0.4428127706050873 0.5437986850738525 0.712881326675415
    outer loop
      vertex 8.0 8.0 13.39690113067627
      vertex 9.0 7.0 13.538559913635254
      vertex 8.638968467712402 8.0 13.0
    endloop
  endfacet
  facet normal 0.24032871425151825 0.36759448051452637 0.8983965516090393
    outer loop
      vertex 8.0 7.0 13.806068420410156
      vertex 9.0 7.0 13.538559913635254
      vertex 8.0 8.0 13.39690113067627
    endloop
  endfacet
  facet normal 0.4666707217693329 0.4666707217693329 -0.7512900829315186
    outer loop
      vertex 8.0 8.638968467712402 10.0
      vertex 8.638968467712402 8.0 10.0
      vertex 8.0 8.0 9.60309886932373
    endloop
  endfacet
  facet normal 0.657877504825592 0.657877504825592 -0.3665983974933624
    outer loop
      vertex 8.318523406982422 9.0 11.0
      vertex 9.0 8.318523406982422 11.0
      vertex 8.0 9.0 10.42839527130127
    endloop
  endfacet
  facet normal 0.6646019816398621 0.5713573694229126 -0.4815133213996887
    outer loop
      vertex 8.0 9.0 10.42839527130127
      vertex 9.0 8.318523406982422 11.0
      vertex 8.0 8.638968467712402 10.0
    endloop
  endfacet
  facet normal 0.6084423065185547 0.693231999874115 -0.3862994909286499
    outer loop
      vertex 9.0 8.318523406982422 11.0
      vertex 9.0 8.0 10.42839527130127
      vertex 8.0 8.638968467712402 10.0
    endloop
  endfacet
  facet normal 0.607430636882782 0.6074305772781372 -0.5119141340255737
    outer loop
      vertex 9.0 8.0 10.42839527130127
      vertex 8.638968467712402 8.0 10.0
      vertex 8.0 8.638968467712402 10.0
    endloop
  endfacet
  facet normal 0.7071068286895752 0.7071068286895752 0.0
    outer loop
      vertex 8.318523406982422 9.0 12.0
      vertex 9.0 8.318523406982422 12.0
      vertex 8.318523406982422 9.0 11.0
    endloop
  endfacet
  facet normal 0.7071068286895752 0.7071068286895752 0.0
    outer loop
      vertex 8.318523406982422 9.0 11.0
      vertex 9.0 8.318523406982422 12.0
      vertex 9.0 8.318523406982422 11.0
    endloop
  endfacet
  facet normal 0.657877504825592 0.657877504825592 0.3665983974933624
    outer loop
      vertex 9.0 8.318523406982422 12.0
      vertex 8.318523406982422 9.0 12.0
      vertex 9.0 8.0 12.57160472869873
    endloop
  endfacet
  facet normal 0.5713573694229126 0.6646019816398621 0.4815133213996887
    outer loop
      vertex 9.0 8.0 12.57160472869873
      vertex 8.318523406982422 9.0 12.0
      vertex 8.638968467712402 8.0 13.0
    endloop
  endfacet
  facet normal 0.693231999874115 0.6084423065185547 0.3862994909286499
    outer loop
      vertex 8.318523406982422 9.0 12.0
      vertex 8.0 9.0 12.57160472869873
      vertex 8.638968467712402 8.0 13.0
    endloop
  endfacet
  facet normal 0.6074305772781372 0.607430636882782 0.5119141340255737
    outer loop
      vertex 8.0 9.0 12.57160472869873
      vertex 8.0 8.638968467712402 13.0
      vertex 8.638968467712402 8.0 13.0
    endloop
  endfacet
  facet normal 0.4666707217693329 0.4666707217693329 0.7512900829315186
    outer loop
      vertex 8.638968467712402 8.0 13.0
      vertex 8.0 8.638968467712402 13.0
      vertex 8.0 8.0 13.39690113067627
    endloop
  endfacet
  facet normal 0.7616249918937683 0.4896964430809021 -0.4244110584259033
    outer loop
      vertex 8.0 9.495399475097656 11.0
      vertex 8.318523406982422 9.0 11.0
      vertex 8.0 9.0 10.42839527130127
    endloop
  endfacet
  facet normal 0.8411380648612976 0.5408204197883606 0.0
    outer loop
      vertex 8.318523406982422 9.0 11.0
      vertex 8.0 9.495399475097656 11.0
      vertex 8.0 9.495399475097656 12.0
    endloop
  endfacet
  facet normal 0.8411380648612976 0.5408204197883606 -0.0
    outer loop
      vertex 8.318523406982422 9.0 11.0
      vertex 8.0 9.495399475097656 12.0
      vertex 8.318523406982422 9.0 12.0
    endloop
  endfacet
  facet normal 0.7616249918937683 0.4896964430809021 0.4244110584259033
    outer loop
      vertex 8.318523406982422 9.0 12.0
      vertex 8.0 9.495399475097656 12.0
      vertex 8.0 9.0 12.57160472869873
    endloop
  endfacet
  facet normal 0.7616249918937683 -0.4896964430809021 -0.4244110584259033
    outer loop
      vertex 8.0 14.0 10.42839527130127
      vertex 8.318523406982422 14.0 11.0
      vertex 8.0 13.504600524902344 11.0
    endloop
  endfacet
  facet normal 0.8411380648612976 -0.5408204197883606 0.0
    outer loop
      vertex 8.318523406982422 14.0 12.0
      vertex 8.0 13.504600524902344 12.0
      vertex 8.0 13.504600524902344 11.0
    endloop
  endfacet
  facet normal 0.8411380648612976 -0.5408204197883606 0.0
    outer loop
      vertex 8.318523406982422 14.0 12.0
      vertex 8.0 13.504600524902344 11.0
      vertex 8.318523406982422 14.0 11.0
    endloop
  endfacet
  facet normal 0.7616249918937683 -0.4896964430809021 0.4244110584259033
    outer loop
      vertex 8.318523406982422 14.0 12.0
      vertex 8.0 14.0 12.57160472869873
      vertex 8.0 13.504600524902344 12.0
    endloop
  endfacet
  facet normal 0.4666707217693329 -0.4666707217693329 -0.7512900829315186
    outer loop
      vertex 8.0 15.0 9.60309886932373
      vertex 8.638968467712402 15.0 10.0
      vertex 8.0 14.361031532287598 10.0
    endloop
  endfacet
  facet normal 0.607430636882782 -0.607430636882782 -0.5119141340255737
    outer loop
      vertex 8.638968467712402 15.0 10.0
      vertex 9.0 15.0 10.42839527130127
      vertex 8.0 14.361031532287598 10.0
    endloop
  endfacet
  facet normal 0.607430636882782 -0.607430636882782 -0.5119141340255737
    outer loop
      vertex 8.0 14.361031532287598 10.0
      vertex 9.0 15.0 10.42839527130127
      vertex 8.0 14.0 10.42839527130127
    endloop
  endfacet
  facet normal 0.657877504825592 -0.657877504825592 -0.3665983974933624
    outer loop
      vertex 9.0 15.0 10.42839527130127
      vertex 9.0 14.681476593017578 11.0
      vertex 8.0 14.0 10.42839527130127
    endloop
  endfacet
  facet normal 0.657877504825592 -0.657877504825592 -0.3665984272956848
    outer loop
      vertex 9.0 14.681476593017578 11.0
      vertex 8.318523406982422 14.0 11.0
      vertex 8.0 14.0 10.42839527130127
    endloop
  endfacet
  facet normal 0.7071068286895752 -0.7071068286895752 0.0
    outer loop
      vertex 8.318523406982422 14.0 11.0
      vertex 9.0 14.681476593017578 11.0
      vertex 8.318523406982422 14.0 12.0
    endloop
  endfacet
  facet normal 0.7071068286895752 -0.7071068286895752 0.0
    outer loop
      vertex 8.318523406982422 14.0 12.0
      vertex 9.0 14.681476593017578 11.0
      vertex 9.0 14.681476593017578 12.0
    endloop
  endfacet
  facet normal 0.5001586675643921 -0.7564194798469543 0.42151033878326416
    outer loop
      vertex 9.0 14.681476593017578 12.0
      vertex 9.0 15.0 12.57160472869873
      vertex 8.638968467712402 15.0 13.0
    endloop
  endfacet
  facet normal 0.637344241142273 -0.637344241142273 0.43311041593551636
    outer loop
      vertex 9.0 14.681476593017578 12.0
      vertex 8.638968467712402 15.0 13.0
      vertex 8.0 14.361031532287598 13.0
    endloop
  endfacet
  facet normal 0.637344241142273 -0.637344241142273 0.43311041593551636
    outer loop
      vertex 8.318523406982422 14.0 12.0
      vertex 9.0 14.681476593017578 12.0
      vertex 8.0 14.361031532287598 13.0
    endloop
  endfacet
  facet normal 0.7564194798469543 -0.5001586675643921 0.42151033878326416
    outer loop
      vertex 8.0 14.0 12.57160472869873
      vertex 8.318523406982422 14.0 12.0
      vertex 8.0 14.361031532287598 13.0
    endloop
  endfacet
  facet normal 0.4666707217693329 -0.4666707217693329 0.7512900829315186
    outer loop
      vertex 8.638968467712402 15.0 13.0
      vertex 8.0 15.0 13.39690113067627
      vertex 8.0 14.361031532287598 13.0
    endloop
  endfacet
  facet normal 0.42801713943481445 -0.5434392094612122 -0.7221323847770691
    outer loop
      vertex 9.0 16.0 9.461440086364746
      vertex 9.0 15.284351348876953 10.0
      vertex 8.638968467712402 15.0 10.0
    endloop
  endfacet
  facet normal 0.4428127706050873 -0.5437986850738525 -0.712881326675415
    outer loop
      vertex 8.0 15.0 9.60309886932373
      vertex 9.0 16.0 9.461440086364746
      vertex 8.638968467712402 15.0 10.0
    endloop
  endfacet
  facet normal 0.24032871425151825 -0.36759448051452637 -0.8983965516090393
    outer loop
      vertex 8.0 16.0 9.193931579589844
      vertex 9.0 16.0 9.461440086364746
      vertex 8.0 15.0 9.60309886932373
    endloop
  endfacet
  facet normal 0.5486323237419128 -0.6965804100036621 -0.46236172318458557
    outer loop
      vertex 8.638968467712402 15.0 10.0
      vertex 9.0 15.284351348876953 10.0
      vertex 9.0 15.0 10.42839527130127
    endloop
  endfacet
  facet normal 0.5486323237419128 -0.6965804100036621 0.46236172318458557
    outer loop
      vertex 9.0 15.0 12.57160472869873
      vertex 9.0 15.284351348876953 13.0
      vertex 8.638968467712402 15.0 13.0
    endloop
  endfacet
  facet normal 0.43836838006973267 -0.5565819144248962 0.7057263255119324
    outer loop
      vertex 8.0 15.0 13.39690113067627
      vertex 8.638968467712402 15.0 13.0
      vertex 9.0 15.284351348876953 13.0
    endloop
  endfacet
  facet normal 0.4386478364467621 -0.5403656363487244 0.7180481553077698
    outer loop
      vertex 9.0 16.0 13.538559913635254
      vertex 8.0 15.0 13.39690113067627
      vertex 9.0 15.284351348876953 13.0
    endloop
  endfacet
  facet normal 0.24032871425151825 -0.36759448051452637 0.8983965516090393
    outer loop
      vertex 8.0 16.0 13.806068420410156
      vertex 8.0 15.0 13.39690113067627
      vertex 9.0 16.0 13.538559913635254
    endloop
  endfacet
  facet normal 0.256892591714859 -0.10862913727760315 -0.9603155851364136
    outer loop
      vertex 8.0 17.0 9.08081340789795
      vertex 9.0 16.0 9.461440086364746
      vertex 8.0 16.0 9.193931579589844
    endloop
  endfacet
  facet normal 0.027810560539364815 -0.3311803638935089 -0.9431574940681458
    outer loop
      vertex 8.0 17.0 9.08081340789795
      vertex 9.0 17.0 9.110300064086914
      vertex 9.0 16.0 9.461440086364746
    endloop
  endfacet
  facet normal 0.256892591714859 -0.10862913727760315 0.9603155851364136
    outer loop
      vertex 9.0 16.0 13.538559913635254
      vertex 8.0 17.0 13.91918659210205
      vertex 8.0 16.0 13.806068420410156
    endloop
  endfacet
  facet normal 0.027810560539364815 -0.3311803638935089 0.9431574940681458
    outer loop
      vertex 9.0 17.0 13.889699935913086
      vertex 8.0 17.0 13.91918659210205
      vertex 9.0 16.0 13.538559913635254
    endloop
  endfacet
  facet normal 0.028877487406134605 0.2001437097787857 -0.9793409109115601
    outer loop
      vertex 8.0 18.0 9.285179138183594
      vertex 9.0 17.0 9.110300064086914
      vertex 8.0 17.0 9.08081340789795
    endloop
  endfacet
  facet normal -0.1420789361000061 0.030941452831029892 -0.989371657371521
    outer loop
      vertex 8.0 18.0 9.285179138183594
      vertex 9.0 18.0 9.141573905944824
      vertex 9.0 17.0 9.110300064086914
    endloop
  endfacet
  facet normal 0.028877487406134605 0.2001437097787857 0.9793409109115601
    outer loop
      vertex 9.0 17.0 13.889699935913086
      vertex 8.0 18.0 13.714820861816406
      vertex 8.0 17.0 13.91918659210205
    endloop
  endfacet
  facet normal -0.1420789361000061 0.030941452831029892 0.989371657371521
    outer loop
      vertex 9.0 18.0 13.858426094055176
      vertex 8.0 18.0 13.714820861816406
      vertex 9.0 17.0 13.889699935913086
    endloop
  endfacet
  facet normal -0.11888185143470764 0.5482258200645447 -0.8278378844261169
    outer loop
      vertex 8.0 19.0 9.947417259216309
      vertex 9.0 18.0 9.141573905944824
      vertex 8.0 18.0 9.285179138183594
    endloop
  endfacet
  facet normal -0.29471880197525024 0.4033654034137726 -0.866277813911438
    outer loop
      vertex 8.0 19.0 9.947417259216309
      vertex 9.0 19.0 9.60720443725586
      vertex 9.0 18.0 9.141573905944824
    endloop
  endfacet
  facet normal -0.11888185143470764 0.5482258200645447 0.8278378844261169
    outer loop
      vertex 9.0 18.0 13.858426094055176
      vertex 8.0 19.0 13.052582740783691
      vertex 8.0 18.0 13.714820861816406
    endloop
  endfacet
  facet normal -0.29471880197525024 0.4033654034137726 0.866277813911438
    outer loop
      vertex 9.0 19.0 13.39279556274414
      vertex 8.0 19.0 13.052582740783691
      vertex 9.0 18.0 13.858426094055176
    endloop
  endfacet
  facet normal -0.24029432237148285 0.6658757925033569 -0.7063059210777283
    outer loop
      vertex 9.0 19.416645050048828 10.0
      vertex 9.0 19.0 9.60720443725586
      vertex 8.0 19.0 9.947417259216309
    endloop
  endfacet
  facet normal -0.2566363215446472 0.7000590562820435 -0.6663746237754822
    outer loop
      vertex 9.0 19.416645050048828 10.0
      vertex 8.0 19.0 9.947417259216309
      vertex 8.0 19.050052642822266 10.0
    endloop
  endfacet
  facet normal -0.3105478584766388 0.845852792263031 -0.43369701504707336
    outer loop
      vertex 9.0 19.929927825927734 11.0
      vertex 8.0 19.050052642822266 10.0
      vertex 8.0 19.562786102294922 11.0
    endloop
  endfacet
  facet normal -0.3100653886795044 0.8458041548728943 -0.4341367185115814
    outer loop
      vertex 9.0 19.929927825927734 11.0
      vertex 9.0 19.416645050048828 10.0
      vertex 8.0 19.050052642822266 10.0
    endloop
  endfacet
  facet normal -0.34464773535728455 0.9387321472167969 0.0
    outer loop
      vertex 9.0 19.929927825927734 12.0
      vertex 8.0 19.562786102294922 11.0
      vertex 8.0 19.562786102294922 12.0
    endloop
  endfacet
  facet normal -0.34464773535728455 0.9387321472167969 0.0
    outer loop
      vertex 9.0 19.929927825927734 12.0
      vertex 9.0 19.929927825927734 11.0
      vertex 8.0 19.562786102294922 11.0
    endloop
  endfacet
  facet normal -0.3101279139518738 0.8459747433662415 0.43375957012176514
    outer loop
      vertex 9.0 19.416645050048828 13.0
      vertex 8.0 19.562786102294922 12.0
      vertex 8.0 19.050052642822266 13.0
    endloop
  endfacet
  facet normal -0.31048527359962463 0.8456823229789734 0.43407416343688965
    outer loop
      vertex 9.0 19.416645050048828 13.0
      vertex 9.0 19.929927825927734 12.0
      vertex 8.0 19.562786102294922 12.0
    endloop
  endfacet
  facet normal -0.228366881608963 0.7051778435707092 0.671247124671936
    outer loop
      vertex 8.0 19.050052642822266 13.0
      vertex 8.0 19.0 13.052582740783691
      vertex 9.0 19.0 13.39279556274414
    endloop
  endfacet
  facet normal -0.2438800036907196 0.6652620434761047 0.7056549787521362
    outer loop
      vertex 8.0 19.050052642822266 13.0
      vertex 9.0 19.0 13.39279556274414
      vertex 9.0 19.416645050048828 13.0
    endloop
  endfacet
  facet normal -0.2080812156200409 -0.9022790789604187 -0.3776170015335083
    outer loop
      vertex 10.0 3.0 10.60838794708252
      vertex 10.0 2.83610463142395 11.0
      vertex 9.289319038391113 3.0 11.0
    endloop
  endfacet
  facet normal -0.22471901774406433 -0.9744237065315247 0.0
    outer loop
      vertex 10.0 2.83610463142395 12.0
      vertex 9.289319038391113 3.0 12.0
      vertex 9.289319038391113 3.0 11.0
    endloop
  endfacet
  facet normal -0.22471901774406433 -0.9744237065315247 -0.0
    outer loop
      vertex 10.0 2.83610463142395 12.0
      vertex 9.289319038391113 3.0 11.0
      vertex 10.0 2.83610463142395 11.0
    endloop
  endfacet
  facet normal -0.2080812156200409 -0.9022790789604187 0.3776170015335083
    outer loop
      vertex 10.0 3.0 12.39161205291748
      vertex 9.289319038391113 3.0 12.0
      vertex 10.0 2.83610463142395 12.0
    endloop
  endfacet
  facet normal -0.15894447267055511 -0.6453843116760254 -0.7471383213996887
    outer loop
      vertex 10.0 4.0 9.427361488342285
      vertex 10.0 3.3370769023895264 10.0
      vertex 9.0 3.583355665206909 10.0
    endloop
  endfacet
  facet normal -0.12975198030471802 -0.6801764965057373 -0.721473753452301
    outer loop
      vertex 10.0 4.0 9.427361488342285
      vertex 9.0 3.583355665206909 10.0
      vertex 9.0 4.0 9.60720443725586
    endloop
  endfacet
  facet normal -0.2164660394191742 -0.8937697410583496 -0.392833411693573
    outer loop
      vertex 9.289319038391113 3.0 11.0
      vertex 9.0 3.0700714588165283 11.0
      vertex 10.0 3.0 10.60838794708252
    endloop
  endfacet
  facet normal -0.24352304637432098 -0.8483827710151672 -0.47004586458206177
    outer loop
      vertex 9.0 3.0700714588165283 11.0
      vertex 10.0 3.3370769023895264 10.0
      vertex 10.0 3.0 10.60838794708252
    endloop
  endfacet
  facet normal -0.21402490139007568 -0.8690351843833923 -0.44606202840805054
    outer loop
      vertex 9.0 3.0700714588165283 11.0
      vertex 9.0 3.583355665206909 10.0
      vertex 10.0 3.3370769023895264 10.0
    endloop
  endfacet
  facet normal -0.23538906872272491 -0.9719012975692749 0.0
    outer loop
      vertex 9.0 3.0700714588165283 11.0
      vertex 9.289319038391113 3.0 11.0
      vertex 9.0 3.0700714588165283 12.0
    endloop
  endfacet
  facet normal -0.23538906872272491 -0.9719012975692749 0.0
    outer loop
      vertex 9.0 3.0700714588165283 12.0
      vertex 9.289319038391113 3.0 11.0
      vertex 9.289319038391113 3.0 12.0
    endloop
  endfacet
  facet normal -0.25801077485084534 -0.8450999855995178 0.4682270288467407
    outer loop
      vertex 10.0 3.0 12.39161205291748
      vertex 10.0 3.3370769023895264 13.0
      vertex 9.289319038391113 3.0 12.0
    endloop
  endfacet
  facet normal -0.21096765995025635 -0.8710673451423645 0.44354739785194397
    outer loop
      vertex 10.0 3.3370769023895264 13.0
      vertex 9.0 3.0700714588165283 12.0
      vertex 9.289319038391113 3.0 12.0
    endloop
  endfacet
  facet normal -0.21402490139007568 -0.8690351843833923 0.44606202840805054
    outer loop
      vertex 10.0 3.3370769023895264 13.0
      vertex 9.0 3.583355665206909 13.0
      vertex 9.0 3.0700714588165283 12.0
    endloop
  endfacet
  facet normal -0.16658073663711548 -0.6763908863067627 0.7174582481384277
    outer loop
      vertex 9.0 4.0 13.39279556274414
      vertex 9.0 3.583355665206909 13.0
      vertex 10.0 3.3370769023895264 13.0
    endloop
  endfacet
  facet normal -0.1348544955253601 -0.6477231383323669 0.7498459219932556
    outer loop
      vertex 9.0 4.0 13.39279556274414
      vertex 10.0 3.3370769023895264 13.0
      vertex 10.0 4.0 13.572638511657715
    endloop
  endfacet
  facet normal -0.16091081500053406 -0.4166134297847748 -0.8947296142578125
    outer loop
      vertex 9.0 5.0 9.141573905944824
      vertex 10.0 4.0 9.427361488342285
      vertex 9.0 4.0 9.60720443725586
    endloop
  endfacet
  facet normal -0.04720594733953476 -0.31783798336982727 -0.9469691514968872
    outer loop
      vertex 9.0 5.0 9.141573905944824
      vertex 10.0 5.0 9.091724395751953
      vertex 10.0 4.0 9.427361488342285
    endloop
  endfacet
  facet normal -0.16091081500053406 -0.4166134297847748 0.8947296142578125
    outer loop
      vertex 10.0 4.0 13.572638511657715
      vertex 9.0 5.0 13.858426094055176
      vertex 9.0 4.0 13.39279556274414
    endloop
  endfacet
  facet normal -0.04720594733953476 -0.31783798336982727 0.9469691514968872
    outer loop
      vertex 10.0 5.0 13.908275604248047
      vertex 9.0 5.0 13.858426094055176
      vertex 10.0 4.0 13.572638511657715
    endloop
  endfacet
  facet normal -0.04976342245936394 -0.031219832599163055 -0.9982730150222778
    outer loop
      vertex 9.0 6.0 9.110300064086914
      vertex 10.0 5.0 9.091724395751953
      vertex 9.0 5.0 9.141573905944824
    endloop
  endfacet
  facet normal 0.08291162550449371 0.10132739692926407 -0.9913921356201172
    outer loop
      vertex 9.0 6.0 9.110300064086914
      vertex 10.0 6.0 9.193931579589844
      vertex 10.0 5.0 9.091724395751953
    endloop
  endfacet
  facet normal -0.04976342245936394 -0.031219832599163055 0.9982730150222778
    outer loop
      vertex 10.0 5.0 13.908275604248047
      vertex 9.0 6.0 13.889699935913086
      vertex 9.0 5.0 13.858426094055176
    endloop
  endfacet
  facet normal 0.08291162550449371 0.10132739692926407 0.9913921356201172
    outer loop
      vertex 10.0 6.0 13.806068420410156
      vertex 9.0 6.0 13.889699935913086
      vertex 10.0 5.0 13.908275604248047
    endloop
  endfacet
  facet normal 0.07866369187831879 0.3302818536758423 -0.9405986666679382
    outer loop
      vertex 9.0 7.0 9.461440086364746
      vertex 10.0 6.0 9.193931579589844
      vertex 9.0 6.0 9.110300064086914
    endloop
  endfacet
  facet normal 0.26457157731056213 0.48720449209213257 -0.8322461247444153
    outer loop
      vertex 9.0 7.0 9.461440086364746
      vertex 10.0 7.0 9.779340744018555
      vertex 10.0 6.0 9.193931579589844
    endloop
  endfacet
  facet normal 0.07866369187831879 0.3302818536758423 0.9405986666679382
    outer loop
      vertex 10.0 6.0 13.806068420410156
      vertex 9.0 7.0 13.538559913635254
      vertex 9.0 6.0 13.889699935913086
    endloop
  endfacet
  facet normal 0.26457157731056213 0.48720449209213257 0.8322461247444153
    outer loop
      vertex 10.0 7.0 13.220659255981445
      vertex 9.0 7.0 13.538559913635254
      vertex 10.0 6.0 13.806068420410156
    endloop
  endfacet
  facet normal 0.21882174909114838 0.6916022896766663 -0.6883337497711182
    outer loop
      vertex 10.0 7.219616413116455 10.0
      vertex 10.0 7.0 9.779340744018555
      vertex 9.0 7.0 9.461440086364746
    endloop
  endfacet
  facet normal 0.28582239151000977 0.5762174129486084 -0.7656886577606201
    outer loop
      vertex 10.0 7.219616413116455 10.0
      vertex 9.0 7.0 9.461440086364746
      vertex 9.0 7.715648651123047 10.0
    endloop
  endfacet
  facet normal 0.43403345346450806 0.8186036944389343 -0.3761689364910126
    outer loop
      vertex 9.495399475097656 8.0 11.0
      vertex 10.0 7.732454776763916 11.0
      vertex 9.0 8.0 10.42839527130127
    endloop
  endfacet
  facet normal 0.4744807481765747 0.7334082126617432 -0.4868065118789673
    outer loop
      vertex 10.0 7.732454776763916 11.0
      vertex 9.0 7.715648651123047 10.0
      vertex 9.0 8.0 10.42839527130127
    endloop
  endfacet
  facet normal 0.40379220247268677 0.8140442371368408 -0.4174731373786926
    outer loop
      vertex 10.0 7.732454776763916 11.0
      vertex 10.0 7.219616413116455 10.0
      vertex 9.0 7.715648651123047 10.0
    endloop
  endfacet
  facet normal 0.46843981742858887 0.8834954500198364 0.0
    outer loop
      vertex 9.495399475097656 8.0 12.0
      vertex 10.0 7.732454776763916 12.0
      vertex 9.495399475097656 8.0 11.0
    endloop
  endfacet
  facet normal 0.46843981742858887 0.8834954500198364 0.0
    outer loop
      vertex 9.495399475097656 8.0 11.0
      vertex 10.0 7.732454776763916 12.0
      vertex 10.0 7.732454776763916 11.0
    endloop
  endfacet
  facet normal 0.5379116535186768 0.7023604512214661 0.46619829535484314
    outer loop
      vertex 9.0 8.0 12.57160472869873
      vertex 9.0 7.715648651123047 13.0
      vertex 9.495399475097656 8.0 12.0
    endloop
  endfacet
  facet normal 0.4217667877674103 0.795468270778656 0.43513551354408264
    outer loop
      vertex 9.0 7.715648651123047 13.0
      vertex 10.0 7.732454776763916 12.0
      vertex 9.495399475097656 8.0 12.0
    endloop
  endfacet
  facet normal 0.40379220247268677 0.8140442371368408 0.4174731373786926
    outer loop
      vertex 9.0 7.715648651123047 13.0
      vertex 10.0 7.219616413116455 13.0
      vertex 10.0 7.732454776763916 12.0
    endloop
  endfacet
  facet normal 0.24619141221046448 0.5827947854995728 0.7744288444519043
    outer loop
      vertex 9.0 7.715648651123047 13.0
      vertex 9.0 7.0 13.538559913635254
      vertex 10.0 7.0 13.220659255981445
    endloop
  endfacet
  facet normal 0.3316759467124939 0.6686580181121826 0.6654979586601257
    outer loop
      vertex 9.0 7.715648651123047 13.0
      vertex 10.0 7.0 13.220659255981445
      vertex 10.0 7.219616413116455 13.0
    endloop
  endfacet
  facet normal 0.4896964430809021 0.7616249918937683 -0.4244110584259033
    outer loop
      vertex 9.0 8.318523406982422 11.0
      vertex 9.495399475097656 8.0 11.0
      vertex 9.0 8.0 10.42839527130127
    endloop
  endfacet
  facet normal 0.5408204197883606 0.8411380648612976 0.0
    outer loop
      vertex 9.495399475097656 8.0 11.0
      vertex 9.0 8.318523406982422 11.0
      vertex 9.0 8.318523406982422 12.0
    endloop
  endfacet
  facet normal 0.5408204197883606 0.8411380648612976 -0.0
    outer loop
      vertex 9.495399475097656 8.0 11.0
      vertex 9.0 8.318523406982422 12.0
      vertex 9.495399475097656 8.0 12.0
    endloop
  endfacet
  facet normal 0.4896964430809021 0.7616249918937683 0.4244110584259033
    outer loop
      vertex 9.495399475097656 8.0 12.0
      vertex 9.0 8.318523406982422 12.0
      vertex 9.0 8.0 12.57160472869873
    endloop
  endfacet
  facet normal 0.4896964430809021 -0.7616249918937683 -0.4244110584259033
    outer loop
      vertex 9.0 15.0 10.42839527130127
      vertex 9.495399475097656 15.0 11.0
      vertex 9.0 14.681476593017578 11.0
    endloop
  endfacet
  facet normal 0.5408204197883606 -0.8411380648612976 0.0
    outer loop
      vertex 9.495399475097656 15.0 12.0
      vertex 9.0 14.681476593017578 12.0
      vertex 9.0 14.681476593017578 11.0
    endloop
  endfacet
  facet normal 0.5408204197883606 -0.8411380648612976 0.0
    outer loop
      vertex 9.495399475097656 15.0 12.0
      vertex 9.0 14.681476593017578 11.0
      vertex 9.495399475097656 15.0 11.0
    endloop
  endfacet
  facet normal 0.4896964430809021 -0.7616249918937683 0.4244110584259033
    outer loop
      vertex 9.495399475097656 15.0 12.0
      vertex 9.0 15.0 12.57160472869873
      vertex 9.0 14.681476593017578 12.0
    endloop
  endfacet
  facet normal 0.33167535066604614 -0.6686574220657349 -0.6654987931251526
    outer loop
      vertex 10.0 16.0 9.779340744018555
      vertex 10.0 15.780383110046387 10.0
      vertex 9.0 15.284351348876953 10.0
    endloop
  endfacet
  facet normal 0.24619142711162567 -0.5827947854995728 -0.7744288444519043
    outer loop
      vertex 10.0 16.0 9.779340744018555
      vertex 9.0 15.284351348876953 10.0
      vertex 9.0 16.0 9.461440086364746
    endloop
  endfacet
  facet normal 0.5379116535186768 -0.7023604512214661 -0.46619829535484314
    outer loop
      vertex 9.0 15.0 10.42839527130127
      vertex 9.0 15.284351348876953 10.0
      vertex 9.495399475097656 15.0 11.0
    endloop
  endfacet
  facet normal 0.42176735401153564 -0.7954679131507874 -0.43513569235801697
    outer loop
      vertex 9.0 15.284351348876953 10.0
      vertex 10.0 15.267545700073242 11.0
      vertex 9.495399475097656 15.0 11.0
    endloop
  endfacet
  facet normal 0.40379199385643005 -0.8140446543693542 -0.4174725413322449
    outer loop
      vertex 9.0 15.284351348876953 10.0
      vertex 10.0 15.780383110046387 10.0
      vertex 10.0 15.267545700073242 11.0
    endloop
  endfacet
  facet normal 0.4684404730796814 -0.8834950923919678 0.0
    outer loop
      vertex 9.495399475097656 15.0 11.0
      vertex 10.0 15.267545700073242 11.0
      vertex 9.495399475097656 15.0 12.0
    endloop
  endfacet
  facet normal 0.4684404730796814 -0.8834950923919678 0.0
    outer loop
      vertex 9.495399475097656 15.0 12.0
      vertex 10.0 15.267545700073242 11.0
      vertex 10.0 15.267545700073242 12.0
    endloop
  endfacet
  facet normal 0.43403396010398865 -0.8186031579971313 0.3761693835258484
    outer loop
      vertex 9.495399475097656 15.0 12.0
      vertex 10.0 15.267545700073242 12.0
      vertex 9.0 15.0 12.57160472869873
    endloop
  endfacet
  facet normal 0.4744810163974762 -0.7334080338478088 0.4868064224720001
    outer loop
      vertex 10.0 15.267545700073242 12.0
      vertex 9.0 15.284351348876953 13.0
      vertex 9.0 15.0 12.57160472869873
    endloop
  endfacet
  facet normal 0.40379199385643005 -0.8140446543693542 0.4174725413322449
    outer loop
      vertex 10.0 15.267545700073242 12.0
      vertex 10.0 15.780383110046387 13.0
      vertex 9.0 15.284351348876953 13.0
    endloop
  endfacet
  facet normal 0.2858221232891083 -0.5762174129486084 0.7656886577606201
    outer loop
      vertex 9.0 16.0 13.538559913635254
      vertex 9.0 15.284351348876953 13.0
      vertex 10.0 15.780383110046387 13.0
    endloop
  endfacet
  facet normal 0.2188219577074051 -0.6916015148162842 0.6883344650268555
    outer loop
      vertex 9.0 16.0 13.538559913635254
      vertex 10.0 15.780383110046387 13.0
      vertex 10.0 16.0 13.220659255981445
    endloop
  endfacet
  facet normal 0.28730082511901855 -0.3173407018184662 -0.9037440419197083
    outer loop
      vertex 9.0 17.0 9.110300064086914
      vertex 10.0 16.0 9.779340744018555
      vertex 9.0 16.0 9.461440086364746
    endloop
  endfacet
  facet normal 0.0719865933060646 -0.5038962960243225 -0.8607591986656189
    outer loop
      vertex 9.0 17.0 9.110300064086914
      vertex 10.0 17.0 9.193931579589844
      vertex 10.0 16.0 9.779340744018555
    endloop
  endfacet
  facet normal 0.28730082511901855 -0.3173407018184662 0.9037440419197083
    outer loop
      vertex 10.0 16.0 13.220659255981445
      vertex 9.0 17.0 13.889699935913086
      vertex 9.0 16.0 13.538559913635254
    endloop
  endfacet
  facet normal 0.0719865933060646 -0.5038962960243225 0.8607591986656189
    outer loop
      vertex 10.0 17.0 13.806068420410156
      vertex 9.0 17.0 13.889699935913086
      vertex 10.0 16.0 13.220659255981445
    endloop
  endfacet
  facet normal 0.08330012857913971 0.03114992007613182 -0.996037483215332
    outer loop
      vertex 9.0 18.0 9.141573905944824
      vertex 10.0 17.0 9.193931579589844
      vertex 9.0 17.0 9.110300064086914
    endloop
  endfacet
  facet normal -0.04953029751777649 -0.10155269503593445 -0.9935964345932007
    outer loop
      vertex 9.0 18.0 9.141573905944824
      vertex 10.0 18.0 9.091724395751953
      vertex 10.0 17.0 9.193931579589844
    endloop
  endfacet
  facet normal 0.08330012857913971 0.03114992007613182 0.996037483215332
    outer loop
      vertex 10.0 17.0 13.806068420410156
      vertex 9.0 18.0 13.858426094055176
      vertex 9.0 17.0 13.889699935913086
    endloop
  endfacet
  facet normal -0.04953029751777649 -0.10155269503593445 0.9935964345932007
    outer loop
      vertex 10.0 18.0 13.908275604248047
      vertex 9.0 18.0 13.858426094055176
      vertex 10.0 17.0 13.806068420410156
    endloop
  endfacet
  facet normal -0.04514463618397713 0.4216836094856262 -0.9056184887886047
    outer loop
      vertex 9.0 19.0 9.60720443725586
      vertex 10.0 18.0 9.091724395751953
      vertex 9.0 18.0 9.141573905944824
    endloop
  endfacet
  facet normal -0.1680704951286316 0.3136664032936096 -0.934540331363678
    outer loop
      vertex 9.0 19.0 9.60720443725586
      vertex 10.0 19.0 9.427361488342285
      vertex 10.0 18.0 9.091724395751953
    endloop
  endfacet
  facet normal -0.04514463618397713 0.4216836094856262 0.9056184887886047
    outer loop
      vertex 10.0 18.0 13.908275604248047
      vertex 9.0 19.0 13.39279556274414
      vertex 9.0 18.0 13.858426094055176
    endloop
  endfacet
  facet normal -0.1680704951286316 0.3136664032936096 0.934540331363678
    outer loop
      vertex 10.0 19.0 13.572638511657715
      vertex 9.0 19.0 13.39279556274414
      vertex 10.0 18.0 13.908275604248047
    endloop
  endfacet
  facet normal -0.13485455513000488 0.6477227807044983 -0.7498462796211243
    outer loop
      vertex 10.0 19.66292381286621 10.0
      vertex 10.0 19.0 9.427361488342285
      vertex 9.0 19.0 9.60720443725586
    endloop
  endfacet
  facet normal -0.16658055782318115 0.6763902306556702 -0.7174588441848755
    outer loop
      vertex 10.0 19.66292381286621 10.0
      vertex 9.0 19.0 9.60720443725586
      vertex 9.0 19.416645050048828 10.0
    endloop
  endfacet
  facet normal -0.2580103874206543 0.845100462436676 -0.4682263135910034
    outer loop
      vertex 10.0 20.0 10.60838794708252
      vertex 10.0 19.66292381286621 10.0
      vertex 9.289319038391113 20.0 11.0
    endloop
  endfacet
  facet normal -0.21096962690353394 0.8710665702819824 -0.44354790449142456
    outer loop
      vertex 10.0 19.66292381286621 10.0
      vertex 9.0 19.929927825927734 11.0
      vertex 9.289319038391113 20.0 11.0
    endloop
  endfacet
  facet normal -0.21402502059936523 0.8690356016159058 -0.44606101512908936
    outer loop
      vertex 10.0 19.66292381286621 10.0
      vertex 9.0 19.416645050048828 10.0
      vertex 9.0 19.929927825927734 11.0
    endloop
  endfacet
  facet normal -0.23539133369922638 0.9719007015228271 0.0
    outer loop
      vertex 9.0 19.929927825927734 12.0
      vertex 9.289319038391113 20.0 12.0
      vertex 9.0 19.929927825927734 11.0
    endloop
  endfacet
  facet normal -0.23539133369922638 0.9719007015228271 0.0
    outer loop
      vertex 9.0 19.929927825927734 11.0
      vertex 9.289319038391113 20.0 12.0
      vertex 9.289319038391113 20.0 11.0
    endloop
  endfacet
  facet normal -0.21646782755851746 0.8937679529190063 0.39283666014671326
    outer loop
      vertex 9.289319038391113 20.0 12.0
      vertex 9.0 19.929927825927734 12.0
      vertex 10.0 20.0 12.39161205291748
    endloop
  endfacet
  facet normal -0.24352335929870605 0.8483831286430359 0.4700450599193573
    outer loop
      vertex 9.0 19.929927825927734 12.0
      vertex 10.0 19.66292381286621 13.0
      vertex 10.0 20.0 12.39161205291748
    endloop
  endfacet
  facet normal -0.21402502059936523 0.8690356016159058 0.44606101512908936
    outer loop
      vertex 9.0 19.929927825927734 12.0
      vertex 9.0 19.416645050048828 13.0
      vertex 10.0 19.66292381286621 13.0
    endloop
  endfacet
  facet normal -0.12975208461284637 0.6801759004592896 0.7214743494987488
    outer loop
      vertex 9.0 19.416645050048828 13.0
      vertex 9.0 19.0 13.39279556274414
      vertex 10.0 19.0 13.572638511657715
    endloop
  endfacet
  facet normal -0.15894435346126556 0.6453839540481567 0.7471386790275574
    outer loop
      vertex 9.0 19.416645050048828 13.0
      vertex 10.0 19.0 13.572638511657715
      vertex 10.0 19.66292381286621 13.0
    endloop
  endfacet
  facet normal -0.2080805003643036 0.9022798538208008 -0.37761569023132324
    outer loop
      vertex 10.0 20.163894653320312 11.0
      vertex 10.0 20.0 10.60838794708252
      vertex 9.289319038391113 20.0 11.0
    endloop
  endfacet
  facet normal -0.22471807897090912 0.9744238257408142 0.0
    outer loop
      vertex 10.0 20.163894653320312 11.0
      vertex 9.289319038391113 20.0 11.0
      vertex 9.289319038391113 20.0 12.0
    endloop
  endfacet
  facet normal -0.22471807897090912 0.9744238257408142 0.0
    outer loop
      vertex 10.0 20.163894653320312 11.0
      vertex 9.289319038391113 20.0 12.0
      vertex 10.0 20.163894653320312 12.0
    endloop
  endfacet
  facet normal -0.2080805003643036 0.9022798538208008 0.37761569023132324
    outer loop
      vertex 10.0 20.163894653320312 12.0
      vertex 9.289319038391113 20.0 12.0
      vertex 10.0 20.0 12.39161205291748
    endloop
  endfacet
  facet normal -0.10427290946245193 -0.9128507971763611 -0.3947538435459137
    outer loop
      vertex 11.0 3.0 10.356852531433105
      vertex 11.0 2.721876859664917 11.0
      vertex 10.0 2.83610463142395 11.0
    endloop
  endfacet
  facet normal -0.09665495157241821 -0.9181514978408813 -0.38425981998443604
    outer loop
      vertex 11.0 3.0 10.356852531433105
      vertex 10.0 2.83610463142395 11.0
      vertex 10.0 3.0 10.60838794708252
    endloop
  endfacet
  facet normal -0.11348976194858551 -0.9935391545295715 0.0
    outer loop
      vertex 10.0 2.83610463142395 11.0
      vertex 11.0 2.721876859664917 12.0
      vertex 10.0 2.83610463142395 12.0
    endloop
  endfacet
  facet normal -0.11348976194858551 -0.9935391545295715 0.0
    outer loop
      vertex 11.0 2.721876859664917 11.0
      vertex 11.0 2.721876859664917 12.0
      vertex 10.0 2.83610463142395 11.0
    endloop
  endfacet
  facet normal -0.10479160398244858 -0.9173916578292847 0.3839418292045593
    outer loop
      vertex 10.0 3.0 12.39161205291748
      vertex 10.0 2.83610463142395 12.0
      vertex 11.0 2.721876859664917 12.0
    endloop
  endfacet
  facet normal -0.09934492409229279 -0.9133136868476868 0.39495399594306946
    outer loop
      vertex 10.0 3.0 12.39161205291748
      vertex 11.0 2.721876859664917 12.0
      vertex 11.0 3.0 12.643147468566895
    endloop
  endfacet
  facet normal -0.07989558577537537 -0.6328065395355225 -0.7701770067214966
    outer loop
      vertex 11.0 4.0 9.351580619812012
      vertex 11.0 3.2108209133148193 10.0
      vertex 10.0 3.3370769023895264 10.0
    endloop
  endfacet
  facet normal -0.05725375562906265 -0.6526221632957458 -0.755517303943634
    outer loop
      vertex 11.0 4.0 9.351580619812012
      vertex 10.0 3.3370769023895264 10.0
      vertex 10.0 4.0 9.427361488342285
    endloop
  endfacet
  facet normal -0.1210072711110115 -0.8682882785797119 -0.4810744822025299
    outer loop
      vertex 10.0 3.0 10.60838794708252
      vertex 10.0 3.3370769023895264 10.0
      vertex 11.0 3.0 10.356852531433105
    endloop
  endfacet
  facet normal -0.10806672275066376 -0.855933427810669 -0.5056673288345337
    outer loop
      vertex 11.0 3.0 10.356852531433105
      vertex 10.0 3.3370769023895264 10.0
      vertex 11.0 3.2108209133148193 10.0
    endloop
  endfacet
  facet normal -0.1269080489873886 -0.8540142178535461 0.5045335292816162
    outer loop
      vertex 11.0 3.0 12.643147468566895
      vertex 11.0 3.2108209133148193 13.0
      vertex 10.0 3.0 12.39161205291748
    endloop
  endfacet
  facet normal -0.1097707599401474 -0.8694300651550293 0.4817070960998535
    outer loop
      vertex 10.0 3.0 12.39161205291748
      vertex 11.0 3.2108209133148193 13.0
      vertex 10.0 3.3370769023895264 13.0
    endloop
  endfacet
  facet normal -0.08225315809249878 -0.6514793634414673 0.7541943192481995
    outer loop
      vertex 10.0 4.0 13.572638511657715
      vertex 10.0 3.3370769023895264 13.0
      vertex 11.0 3.2108209133148193 13.0
    endloop
  endfacet
  facet normal -0.05845175310969353 -0.6337505578994751 0.771325945854187
    outer loop
      vertex 10.0 4.0 13.572638511657715
      vertex 11.0 3.2108209133148193 13.0
      vertex 11.0 4.0 13.648419380187988
    endloop
  endfacet
  facet normal -0.07165755331516266 -0.31737473607063293 -0.9455889463424683
    outer loop
      vertex 10.0 5.0 9.091724395751953
      vertex 11.0 4.0 9.351580619812012
      vertex 10.0 4.0 9.427361488342285
    endloop
  endfacet
  facet normal -0.010531165637075901 -0.26134154200553894 -0.9651889801025391
    outer loop
      vertex 10.0 5.0 9.091724395751953
      vertex 11.0 5.0 9.08081340789795
      vertex 11.0 4.0 9.351580619812012
    endloop
  endfacet
  facet normal -0.07165755331516266 -0.31737473607063293 0.9455889463424683
    outer loop
      vertex 11.0 4.0 13.648419380187988
      vertex 10.0 5.0 13.908275604248047
      vertex 10.0 4.0 13.572638511657715
    endloop
  endfacet
  facet normal -0.010531165637075901 -0.26134154200553894 0.9651889801025391
    outer loop
      vertex 11.0 5.0 13.91918659210205
      vertex 10.0 5.0 13.908275604248047
      vertex 11.0 4.0 13.648419380187988
    endloop
  endfacet
  facet normal -0.010853800922632217 0.1016714945435524 -0.9947587847709656
    outer loop
      vertex 10.0 6.0 9.193931579589844
      vertex 11.0 5.0 9.08081340789795
      vertex 10.0 5.0 9.091724395751953
    endloop
  endfacet
  facet normal 0.0658775195479393 0.1769607812166214 -0.9820107817649841
    outer loop
      vertex 10.0 6.0 9.193931579589844
      vertex 11.0 6.0 9.261015892028809
      vertex 11.0 5.0 9.08081340789795
    endloop
  endfacet
  facet normal -0.010853800922632217 0.1016714945435524 0.9947587847709656
    outer loop
      vertex 11.0 5.0 13.91918659210205
      vertex 10.0 6.0 13.806068420410156
      vertex 10.0 5.0 13.908275604248047
    endloop
  endfacet
  facet normal 0.0658775195479393 0.1769607812166214 0.9820107817649841
    outer loop
      vertex 11.0 6.0 13.738984107971191
      vertex 10.0 6.0 13.806068420410156
      vertex 11.0 5.0 13.91918659210205
    endloop
  endfacet
  facet normal 0.05779686197638512 0.5043625235557556 -0.8615555763244629
    outer loop
      vertex 10.0 7.0 9.779340744018555
      vertex 11.0 6.0 9.261015892028809
      vertex 10.0 6.0 9.193931579589844
    endloop
  endfacet
  facet normal 0.17249155044555664 0.5837356448173523 -0.7934100031852722
    outer loop
      vertex 10.0 7.0 9.779340744018555
      vertex 11.0 7.0 9.996746063232422
      vertex 11.0 6.0 9.261015892028809
    endloop
  endfacet
  facet normal 0.05779686197638512 0.5043625235557556 0.8615555763244629
    outer loop
      vertex 11.0 6.0 13.738984107971191
      vertex 10.0 7.0 13.220659255981445
      vertex 10.0 6.0 13.806068420410156
    endloop
  endfacet
  facet normal 0.17249155044555664 0.5837356448173523 0.7934100031852722
    outer loop
      vertex 11.0 7.0 13.003253936767578
      vertex 10.0 7.0 13.220659255981445
      vertex 11.0 6.0 13.738984107971191
    endloop
  endfacet
  facet normal 0.14035846292972565 0.7506601810455322 -0.6456073522567749
    outer loop
      vertex 11.0 7.002798557281494 10.0
      vertex 11.0 7.0 9.996746063232422
      vertex 10.0 7.0 9.779340744018555
    endloop
  endfacet
  facet normal 0.15189297497272491 0.7005556225776672 -0.6972447633743286
    outer loop
      vertex 11.0 7.002798557281494 10.0
      vertex 10.0 7.0 9.779340744018555
      vertex 10.0 7.219616413116455 10.0
    endloop
  endfacet
  facet normal 0.22502800822257996 0.8669894337654114 -0.4446254372596741
    outer loop
      vertex 11.0 7.472903728485107 11.0
      vertex 10.0 7.219616413116455 10.0
      vertex 10.0 7.732454776763916 11.0
    endloop
  endfacet
  facet normal 0.19254574179649353 0.8880529999732971 -0.4174782931804657
    outer loop
      vertex 11.0 7.472903728485107 11.0
      vertex 11.0 7.002798557281494 10.0
      vertex 10.0 7.219616413116455 10.0
    endloop
  endfacet
  facet normal 0.2512267827987671 0.9679282307624817 0.0
    outer loop
      vertex 11.0 7.472903728485107 12.0
      vertex 10.0 7.732454776763916 11.0
      vertex 10.0 7.732454776763916 12.0
    endloop
  endfacet
  facet normal 0.2512267827987671 0.9679282307624817 0.0
    outer loop
      vertex 11.0 7.472903728485107 12.0
      vertex 11.0 7.472903728485107 11.0
      vertex 10.0 7.732454776763916 11.0
    endloop
  endfacet
  facet normal 0.18943369388580322 0.8736996650695801 0.44806671142578125
    outer loop
      vertex 11.0 7.002798557281494 13.0
      vertex 10.0 7.732454776763916 12.0
      vertex 10.0 7.219616413116455 13.0
    endloop
  endfacet
  facet normal 0.22866685688495636 0.8810091614723206 0.41416695713996887
    outer loop
      vertex 11.0 7.002798557281494 13.0
      vertex 11.0 7.472903728485107 12.0
      vertex 10.0 7.732454776763916 12.0
    endloop
  endfacet
  facet normal 0.15159182250499725 0.7005884051322937 0.6972774267196655
    outer loop
      vertex 10.0 7.219616413116455 13.0
      vertex 10.0 7.0 13.220659255981445
      vertex 11.0 7.0 13.003253936767578
    endloop
  endfacet
  facet normal 0.16220684349536896 0.748124897480011 0.6434268951416016
    outer loop
      vertex 10.0 7.219616413116455 13.0
      vertex 11.0 7.0 13.003253936767578
      vertex 11.0 7.002798557281494 13.0
    endloop
  endfacet
  facet normal 0.16221895813941956 -0.7481775283813477 -0.6433625221252441
    outer loop
      vertex 11.0 16.0 9.996746063232422
      vertex 11.0 15.997201919555664 10.0
      vertex 10.0 15.780383110046387 10.0
    endloop
  endfacet
  facet normal 0.1515919715166092 -0.7005876302719116 -0.6972781419754028
    outer loop
      vertex 11.0 16.0 9.996746063232422
      vertex 10.0 15.780383110046387 10.0
      vertex 10.0 16.0 9.779340744018555
    endloop
  endfacet
  facet normal 0.22502808272838593 -0.8669896721839905 -0.44462475180625916
    outer loop
      vertex 10.0 15.780383110046387 10.0
      vertex 11.0 15.52709674835205 11.0
      vertex 10.0 15.267545700073242 11.0
    endloop
  endfacet
  facet normal 0.192546546459198 -0.8880528211593628 -0.41747820377349854
    outer loop
      vertex 11.0 15.997201919555664 10.0
      vertex 11.0 15.52709674835205 11.0
      vertex 10.0 15.780383110046387 10.0
    endloop
  endfacet
  facet normal 0.2512267827987671 -0.9679282307624817 0.0
    outer loop
      vertex 10.0 15.267545700073242 11.0
      vertex 11.0 15.52709674835205 12.0
      vertex 10.0 15.267545700073242 12.0
    endloop
  endfacet
  facet normal 0.2512267827987671 -0.9679282307624817 0.0
    outer loop
      vertex 11.0 15.52709674835205 11.0
      vertex 11.0 15.52709674835205 12.0
      vertex 10.0 15.267545700073242 11.0
    endloop
  endfacet
  facet normal 0.18943455815315247 -0.8736998438835144 0.44806596636772156
    outer loop
      vertex 10.0 15.267545700073242 12.0
      vertex 11.0 15.997201919555664 13.0
      vertex 10.0 15.780383110046387 13.0
    endloop
  endfacet
  facet normal 0.22866685688495636 -0.8810091614723206 0.41416695713996887
    outer loop
      vertex 11.0 15.52709674835205 12.0
      vertex 11.0 15.997201919555664 13.0
      vertex 10.0 15.267545700073242 12.0
    endloop
  endfacet
  facet normal 0.1518934667110443 -0.7005548477172852 0.6972454786300659
    outer loop
      vertex 10.0 16.0 13.220659255981445
      vertex 10.0 15.780383110046387 13.0
      vertex 11.0 15.997201919555664 13.0
    endloop
  endfacet
  facet normal 0.14034497737884521 -0.750715970993042 0.6455453038215637
    outer loop
      vertex 10.0 16.0 13.220659255981445
      vertex 11.0 15.997201919555664 13.0
      vertex 11.0 16.0 13.003253936767578
    endloop
  endfacet
  facet normal 0.18440283834934235 -0.4965430796146393 -0.8481983542442322
    outer loop
      vertex 10.0 17.0 9.193931579589844
      vertex 11.0 16.0 9.996746063232422
      vertex 10.0 16.0 9.779340744018555
    endloop
  endfacet
  facet normal 0.05395658314228058 -0.5917550921440125 -0.8043099641799927
    outer loop
      vertex 10.0 17.0 9.193931579589844
      vertex 11.0 17.0 9.261015892028809
      vertex 11.0 16.0 9.996746063232422
    endloop
  endfacet
  facet normal 0.18440283834934235 -0.4965430796146393 0.8481983542442322
    outer loop
      vertex 11.0 16.0 13.003253936767578
      vertex 10.0 17.0 13.806068420410156
      vertex 10.0 16.0 13.220659255981445
    endloop
  endfacet
  facet normal 0.05395658314228058 -0.5917550921440125 0.8043099641799927
    outer loop
      vertex 11.0 17.0 13.738984107971191
      vertex 10.0 17.0 13.806068420410156
      vertex 11.0 16.0 13.003253936767578
    endloop
  endfacet
  facet normal 0.06658852100372314 -0.1014518141746521 -0.992609441280365
    outer loop
      vertex 10.0 18.0 9.091724395751953
      vertex 11.0 17.0 9.261015892028809
      vertex 10.0 17.0 9.193931579589844
    endloop
  endfacet
  facet normal -0.010737414471805096 -0.17733579874038696 -0.9840918779373169
    outer loop
      vertex 10.0 18.0 9.091724395751953
      vertex 11.0 18.0 9.08081340789795
      vertex 11.0 17.0 9.261015892028809
    endloop
  endfacet
  facet normal 0.06658852100372314 -0.1014518141746521 0.992609441280365
    outer loop
      vertex 11.0 17.0 13.738984107971191
      vertex 10.0 18.0 13.908275604248047
      vertex 10.0 17.0 13.806068420410156
    endloop
  endfacet
  facet normal -0.010737414471805096 -0.17733579874038696 0.9840918779373169
    outer loop
      vertex 11.0 18.0 13.91918659210205
      vertex 10.0 18.0 13.908275604248047
      vertex 11.0 17.0 13.738984107971191
    endloop
  endfacet
  facet normal -0.010343346744775772 0.31817567348480225 -0.9479753375053406
    outer loop
      vertex 10.0 19.0 9.427361488342285
      vertex 11.0 18.0 9.08081340789795
      vertex 10.0 18.0 9.091724395751953
    endloop
  endfacet
  facet normal -0.07295200973749161 0.2606596052646637 -0.9626705050468445
    outer loop
      vertex 10.0 19.0 9.427361488342285
      vertex 11.0 19.0 9.351580619812012
      vertex 11.0 18.0 9.08081340789795
    endloop
  endfacet
  facet normal -0.010343346744775772 0.31817567348480225 0.9479753375053406
    outer loop
      vertex 11.0 18.0 13.91918659210205
      vertex 10.0 19.0 13.572638511657715
      vertex 10.0 18.0 13.908275604248047
    endloop
  endfacet
  facet normal -0.07295200973749161 0.2606596052646637 0.9626705050468445
    outer loop
      vertex 11.0 19.0 13.648419380187988
      vertex 10.0 19.0 13.572638511657715
      vertex 11.0 18.0 13.91918659210205
    endloop
  endfacet
  facet normal -0.058451756834983826 0.6337506175041199 -0.7713258266448975
    outer loop
      vertex 11.0 19.7891788482666 10.0
      vertex 11.0 19.0 9.351580619812012
      vertex 10.0 19.0 9.427361488342285
    endloop
  endfacet
  facet normal -0.08225250244140625 0.6514789462089539 -0.7541946768760681
    outer loop
      vertex 11.0 19.7891788482666 10.0
      vertex 10.0 19.0 9.427361488342285
      vertex 10.0 19.66292381286621 10.0
    endloop
  endfacet
  facet normal -0.10976999253034592 0.8694306015968323 -0.4817063808441162
    outer loop
      vertex 10.0 19.66292381286621 10.0
      vertex 10.0 20.0 10.60838794708252
      vertex 11.0 19.7891788482666 10.0
    endloop
  endfacet
  facet normal -0.12690815329551697 0.854013979434967 -0.5045339465141296
    outer loop
      vertex 11.0 19.7891788482666 10.0
      vertex 10.0 20.0 10.60838794708252
      vertex 11.0 20.0 10.356852531433105
    endloop
  endfacet
  facet normal -0.1080658882856369 0.8559333086013794 0.5056678056716919
    outer loop
      vertex 11.0 19.7891788482666 13.0
      vertex 11.0 20.0 12.643147468566895
      vertex 10.0 19.66292381286621 13.0
    endloop
  endfacet
  facet normal -0.12100707739591599 0.8682886958122253 0.4810737073421478
    outer loop
      vertex 10.0 19.66292381286621 13.0
      vertex 11.0 20.0 12.643147468566895
      vertex 10.0 20.0 12.39161205291748
    endloop
  endfacet
  facet normal -0.05725377798080444 0.6526216864585876 0.7555176019668579
    outer loop
      vertex 10.0 19.66292381286621 13.0
      vertex 10.0 19.0 13.572638511657715
      vertex 11.0 19.0 13.648419380187988
    endloop
  endfacet
  facet normal -0.0798950269818306 0.632806658744812 0.7701769471168518
    outer loop
      vertex 10.0 19.66292381286621 13.0
      vertex 11.0 19.0 13.648419380187988
      vertex 11.0 19.7891788482666 13.0
    endloop
  endfacet
  facet normal -0.0993451401591301 0.9133133292198181 -0.3949548602104187
    outer loop
      vertex 11.0 20.27812385559082 11.0
      vertex 11.0 20.0 10.356852531433105
      vertex 10.0 20.0 10.60838794708252
    endloop
  endfacet
  facet normal -0.10479296743869781 0.9173921346664429 -0.38394033908843994
    outer loop
      vertex 11.0 20.27812385559082 11.0
      vertex 10.0 20.0 10.60838794708252
      vertex 10.0 20.163894653320312 11.0
    endloop
  endfacet
  facet normal -0.11349117010831833 0.993539035320282 0.0
    outer loop
      vertex 11.0 20.27812385559082 12.0
      vertex 10.0 20.163894653320312 11.0
      vertex 10.0 20.163894653320312 12.0
    endloop
  endfacet
  facet normal -0.11349117010831833 0.993539035320282 0.0
    outer loop
      vertex 11.0 20.27812385559082 12.0
      vertex 11.0 20.27812385559082 11.0
      vertex 10.0 20.163894653320312 11.0
    endloop
  endfacet
  facet normal -0.09665459394454956 0.9181521534919739 0.3842584192752838
    outer loop
      vertex 10.0 20.163894653320312 12.0
      vertex 10.0 20.0 12.39161205291748
      vertex 11.0 20.0 12.643147468566895
    endloop
  endfacet
  facet normal -0.10427415370941162 0.9128502607345581 0.3947546184062958
    outer loop
      vertex 10.0 20.163894653320312 12.0
      vertex 11.0 20.0 12.643147468566895
      vertex 11.0 20.27812385559082 12.0
    endloop
  endfacet
  facet normal 0.0 -0.9178542494773865 -0.39691752195358276
    outer loop
      vertex 12.0 3.0 10.356852531433105
      vertex 12.0 2.721876859664917 11.0
      vertex 11.0 2.721876859664917 11.0
    endloop
  endfacet
  facet normal -0.0 -0.9178542494773865 -0.39691752195358276
    outer loop
      vertex 12.0 3.0 10.356852531433105
      vertex 11.0 2.721876859664917 11.0
      vertex 11.0 3.0 10.356852531433105
    endloop
  endfacet
  facet normal 0.0 -1.0 0.0
    outer loop
      vertex 11.0 2.721876859664917 11.0
      vertex 12.0 2.721876859664917 12.0
      vertex 11.0 2.721876859664917 12.0
    endloop
  endfacet
  facet normal 0.0 -1.0 0.0
    outer loop
      vertex 12.0 2.721876859664917 11.0
      vertex 12.0 2.721876859664917 12.0
      vertex 11.0 2.721876859664917 11.0
    endloop
  endfacet
  facet normal 0.0 -0.9178542494773865 0.39691752195358276
    outer loop
      vertex 11.0 3.0 12.643147468566895
      vertex 11.0 2.721876859664917 12.0
      vertex 12.0 2.721876859664917 12.0
    endloop
  endfacet
  facet normal 0.0 -0.9178542494773865 0.39691752195358276
    outer loop
      vertex 11.0 3.0 12.643147468566895
      vertex 12.0 2.721876859664917 12.0
      vertex 12.0 3.0 12.643147468566895
    endloop
  endfacet
  facet normal 0.0 -0.634835958480835 -0.772646963596344
    outer loop
      vertex 12.0 4.0 9.351580619812012
      vertex 12.0 3.2108209133148193 10.0
      vertex 11.0 3.2108209133148193 10.0
    endloop
  endfacet
  facet normal -0.0 -0.634835958480835 -0.772646963596344
    outer loop
      vertex 12.0 4.0 9.351580619812012
      vertex 11.0 3.2108209133148193 10.0
      vertex 11.0 4.0 9.351580619812012
    endloop
  endfacet
  facet normal 0.0 -0.8609756827354431 -0.5086461901664734
    outer loop
      vertex 11.0 3.0 10.356852531433105
      vertex 11.0 3.2108209133148193 10.0
      vertex 12.0 3.0 10.356852531433105
    endloop
  endfacet
  facet normal 0.0 -0.8609756827354431 -0.5086461901664734
    outer loop
      vertex 12.0 3.0 10.356852531433105
      vertex 11.0 3.2108209133148193 10.0
      vertex 12.0 3.2108209133148193 10.0
    endloop
  endfacet
  facet normal 0.0 -0.8609756827354431 0.5086461901664734
    outer loop
      vertex 12.0 3.0 12.643147468566895
      vertex 12.0 3.2108209133148193 13.0
      vertex 11.0 3.0 12.643147468566895
    endloop
  endfacet
  facet normal 0.0 -0.8609756827354431 0.5086461901664734
    outer loop
      vertex 11.0 3.0 12.643147468566895
      vertex 12.0 3.2108209133148193 13.0
      vertex 11.0 3.2108209133148193 13.0
    endloop
  endfacet
  facet normal 0.0 -0.634835958480835 0.772646963596344
    outer loop
      vertex 11.0 4.0 13.648419380187988
      vertex 11.0 3.2108209133148193 13.0
      vertex 12.0 3.2108209133148193 13.0
    endloop
  endfacet
  facet normal 0.0 -0.634835958480835 0.772646963596344
    outer loop
      vertex 11.0 4.0 13.648419380187988
      vertex 12.0 3.2108209133148193 13.0
      vertex 12.0 4.0 13.648419380187988
    endloop
  endfacet
  facet normal 0.0 -0.26135602593421936 -0.9652425050735474
    outer loop
      vertex 11.0 5.0 9.08081340789795
      vertex 12.0 4.0 9.351580619812012
      vertex 11.0 4.0 9.351580619812012
    endloop
  endfacet
  facet normal 0.0 -0.26135602593421936 -0.9652425050735474
    outer loop
      vertex 11.0 5.0 9.08081340789795
      vertex 12.0 5.0 9.08081340789795
      vertex 12.0 4.0 9.351580619812012
    endloop
  endfacet
  facet normal 0.0 -0.26135602593421936 0.9652425050735474
    outer loop
      vertex 12.0 4.0 13.648419380187988
      vertex 11.0 5.0 13.91918659210205
      vertex 11.0 4.0 13.648419380187988
    endloop
  endfacet
  facet normal 0.0 -0.26135602593421936 0.9652425050735474
    outer loop
      vertex 12.0 5.0 13.91918659210205
      vertex 11.0 5.0 13.91918659210205
      vertex 12.0 4.0 13.648419380187988
    endloop
  endfacet
  facet normal 0.0 0.17734602093696594 -0.9841485619544983
    outer loop
      vertex 11.0 6.0 9.261015892028809
      vertex 12.0 5.0 9.08081340789795
      vertex 11.0 5.0 9.08081340789795
    endloop
  endfacet
  facet normal 0.0 0.17734602093696594 -0.9841485619544983
    outer loop
      vertex 11.0 6.0 9.261015892028809
      vertex 12.0 6.0 9.261015892028809
      vertex 12.0 5.0 9.08081340789795
    endloop
  endfacet
  facet normal 0.0 0.17734602093696594 0.9841485619544983
    outer loop
      vertex 12.0 5.0 13.91918659210205
      vertex 11.0 6.0 13.738984107971191
      vertex 11.0 5.0 13.91918659210205
    endloop
  endfacet
  facet normal 0.0 0.17734602093696594 0.9841485619544983
    outer loop
      vertex 12.0 6.0 13.738984107971191
      vertex 11.0 6.0 13.738984107971191
      vertex 12.0 5.0 13.91918659210205
    endloop
  endfacet
  facet normal 0.0 0.5926184058189392 -0.805483341217041
    outer loop
      vertex 11.0 7.0 9.996746063232422
      vertex 12.0 6.0 9.261015892028809
      vertex 11.0 6.0 9.261015892028809
    endloop
  endfacet
  facet normal 0.0 0.5926184058189392 -0.805483341217041
    outer loop
      vertex 11.0 7.0 9.996746063232422
      vertex 12.0 7.0 9.996746063232422
      vertex 12.0 6.0 9.261015892028809
    endloop
  endfacet
  facet normal 0.0 0.5926184058189392 0.805483341217041
    outer loop
      vertex 12.0 6.0 13.738984107971191
      vertex 11.0 7.0 13.003253936767578
      vertex 11.0 6.0 13.738984107971191
    endloop
  endfacet
  facet normal 0.0 0.5926184058189392 0.805483341217041
    outer loop
      vertex 12.0 7.0 13.003253936767578
      vertex 11.0 7.0 13.003253936767578
      vertex 12.0 6.0 13.738984107971191
    endloop
  endfacet
  facet normal 0.0 0.7581654787063599 -0.6520622968673706
    outer loop
      vertex 12.0 7.002798557281494 10.0
      vertex 12.0 7.0 9.996746063232422
      vertex 11.0 7.0 9.996746063232422
    endloop
  endfacet
  facet normal 0.0 0.7581654787063599 -0.6520622968673706
    outer loop
      vertex 12.0 7.002798557281494 10.0
      vertex 11.0 7.0 9.996746063232422
      vertex 11.0 7.002798557281494 10.0
    endloop
  endfacet
  facet normal 0.0 0.9049870371818542 -0.42543908953666687
    outer loop
      vertex 12.0 7.472903728485107 11.0
      vertex 11.0 7.002798557281494 10.0
      vertex 11.0 7.472903728485107 11.0
    endloop
  endfacet
  facet normal 0.0 0.9049870371818542 -0.42543908953666687
    outer loop
      vertex 12.0 7.472903728485107 11.0
      vertex 12.0 7.002798557281494 10.0
      vertex 11.0 7.002798557281494 10.0
    endloop
  endfacet
  facet normal 0.0 1.0 0.0
    outer loop
      vertex 12.0 7.472903728485107 12.0
      vertex 11.0 7.472903728485107 11.0
      vertex 11.0 7.472903728485107 12.0
    endloop
  endfacet
  facet normal 0.0 1.0 0.0
    outer loop
      vertex 12.0 7.472903728485107 12.0
      vertex 12.0 7.472903728485107 11.0
      vertex 11.0 7.472903728485107 11.0
    endloop
  endfacet
  facet normal 0.0 0.9049870371818542 0.42543908953666687
    outer loop
      vertex 12.0 7.002798557281494 13.0
      vertex 11.0 7.472903728485107 12.0
      vertex 11.0 7.002798557281494 13.0
    endloop
  endfacet
  facet normal 0.0 0.9049870371818542 0.42543908953666687
    outer loop
      vertex 12.0 7.002798557281494 13.0
      vertex 12.0 7.472903728485107 12.0
      vertex 11.0 7.472903728485107 12.0
    endloop
  endfacet
  facet normal 0.0 0.7581654787063599 0.6520622968673706
    outer loop
      vertex 11.0 7.002798557281494 13.0
      vertex 11.0 7.0 13.003253936767578
      vertex 12.0 7.0 13.003253936767578
    endloop
  endfacet
  facet normal -0.0 0.7581654787063599 0.6520622968673706
    outer loop
      vertex 11.0 7.002798557281494 13.0
      vertex 12.0 7.0 13.003253936767578
      vertex 12.0 7.002798557281494 13.0
    endloop
  endfacet
  facet normal 0.0 -0.7582203149795532 -0.6519984006881714
    outer loop
      vertex 12.0 16.0 9.996746063232422
      vertex 12.0 15.997201919555664 10.0
      vertex 11.0 15.997201919555664 10.0
    endloop
  endfacet
  facet normal -0.0 -0.7582203149795532 -0.6519984006881714
    outer loop
      vertex 12.0 16.0 9.996746063232422
      vertex 11.0 15.997201919555664 10.0
      vertex 11.0 16.0 9.996746063232422
    endloop
  endfacet
  facet normal 0.0 -0.9049870371818542 -0.42543908953666687
    outer loop
      vertex 11.0 15.997201919555664 10.0
      vertex 12.0 15.52709674835205 11.0
      vertex 11.0 15.52709674835205 11.0
    endloop
  endfacet
  facet normal -0.0 -0.9049870371818542 -0.42543908953666687
    outer loop
      vertex 12.0 15.997201919555664 10.0
      vertex 12.0 15.52709674835205 11.0
      vertex 11.0 15.997201919555664 10.0
    endloop
  endfacet
  facet normal 0.0 -1.0 0.0
    outer loop
      vertex 11.0 15.52709674835205 11.0
      vertex 12.0 15.52709674835205 12.0
      vertex 11.0 15.52709674835205 12.0
    endloop
  endfacet
  facet normal 0.0 -1.0 0.0
    outer loop
      vertex 12.0 15.52709674835205 11.0
      vertex 12.0 15.52709674835205 12.0
      vertex 11.0 15.52709674835205 11.0
    endloop
  endfacet
  facet normal 0.0 -0.9049870371818542 0.42543908953666687
    outer loop
      vertex 11.0 15.52709674835205 12.0
      vertex 12.0 15.997201919555664 13.0
      vertex 11.0 15.997201919555664 13.0
    endloop
  endfacet
  facet normal 0.0 -0.9049870371818542 0.42543908953666687
    outer loop
      vertex 12.0 15.52709674835205 12.0
      vertex 12.0 15.997201919555664 13.0
      vertex 11.0 15.52709674835205 12.0
    endloop
  endfacet
  facet normal 0.0 -0.7582203149795532 0.6519984006881714
    outer loop
      vertex 11.0 16.0 13.003253936767578
      vertex 11.0 15.997201919555664 13.0
      vertex 12.0 15.997201919555664 13.0
    endloop
  endfacet
  facet normal 0.0 -0.7582203149795532 0.6519984006881714
    outer loop
      vertex 11.0 16.0 13.003253936767578
      vertex 12.0 15.997201919555664 13.0
      vertex 12.0 16.0 13.003253936767578
    endloop
  endfacet
  facet normal 0.0 -0.5926184058189392 -0.805483341217041
    outer loop
      vertex 11.0 17.0 9.261015892028809
      vertex 12.0 16.0 9.996746063232422
      vertex 11.0 16.0 9.996746063232422
    endloop
  endfacet
  facet normal 0.0 -0.5926184058189392 -0.805483341217041
    outer loop
      vertex 11.0 17.0 9.261015892028809
      vertex 12.0 17.0 9.261015892028809
      vertex 12.0 16.0 9.996746063232422
    endloop
  endfacet
  facet normal 0.0 -0.5926184058189392 0.805483341217041
    outer loop
      vertex 12.0 16.0 13.003253936767578
      vertex 11.0 17.0 13.738984107971191
      vertex 11.0 16.0 13.003253936767578
    endloop
  endfacet
  facet normal 0.0 -0.5926184058189392 0.805483341217041
    outer loop
      vertex 12.0 17.0 13.738984107971191
      vertex 11.0 17.0 13.738984107971191
      vertex 12.0 16.0 13.003253936767578
    endloop
  endfacet
  facet normal 0.0 -0.17734602093696594 -0.9841485619544983
    outer loop
      vertex 11.0 18.0 9.08081340789795
      vertex 12.0 17.0 9.261015892028809
      vertex 11.0 17.0 9.261015892028809
    endloop
  endfacet
  facet normal 0.0 -0.17734602093696594 -0.9841485619544983
    outer loop
      vertex 11.0 18.0 9.08081340789795
      vertex 12.0 18.0 9.08081340789795
      vertex 12.0 17.0 9.261015892028809
    endloop
  endfacet
  facet normal 0.0 -0.17734602093696594 0.9841485619544983
    outer loop
      vertex 12.0 17.0 13.738984107971191
      vertex 11.0 18.0 13.91918659210205
      vertex 11.0 17.0 13.738984107971191
    endloop
  endfacet
  facet normal 0.0 -0.17734602093696594 0.9841485619544983
    outer loop
      vertex 12.0 18.0 13.91918659210205
      vertex 11.0 18.0 13.91918659210205
      vertex 12.0 17.0 13.738984107971191
    endloop
  endfacet
  facet normal 0.0 0.26135602593421936 -0.9652425050735474
    outer loop
      vertex 11.0 19.0 9.351580619812012
      vertex 12.0 18.0 9.08081340789795
      vertex 11.0 18.0 9.08081340789795
    endloop
  endfacet
  facet normal 0.0 0.26135602593421936 -0.9652425050735474
    outer loop
      vertex 11.0 19.0 9.351580619812012
      vertex 12.0 19.0 9.351580619812012
      vertex 12.0 18.0 9.08081340789795
    endloop
  endfacet
  facet normal 0.0 0.26135602593421936 0.9652425050735474
    outer loop
      vertex 12.0 18.0 13.91918659210205
      vertex 11.0 19.0 13.648419380187988
      vertex 11.0 18.0 13.91918659210205
    endloop
  endfacet
  facet normal 0.0 0.26135602593421936 0.9652425050735474
    outer loop
      vertex 12.0 19.0 13.648419380187988
      vertex 11.0 19.0 13.648419380187988
      vertex 12.0 18.0 13.91918659210205
    endloop
  endfacet
  facet normal 0.0 0.6348360180854797 -0.7726467847824097
    outer loop
      vertex 12.0 19.7891788482666 10.0
      vertex 12.0 19.0 9.351580619812012
      vertex 11.0 19.0 9.351580619812012
    endloop
  endfacet
  facet normal 0.0 0.6348360180854797 -0.7726467847824097
    outer loop
      vertex 12.0 19.7891788482666 10.0
      vertex 11.0 19.0 9.351580619812012
      vertex 11.0 19.7891788482666 10.0
    endloop
  endfacet
  facet normal 0.0 0.8609753847122192 -0.5086466073989868
    outer loop
      vertex 11.0 19.7891788482666 10.0
      vertex 11.0 20.0 10.356852531433105
      vertex 12.0 19.7891788482666 10.0
    endloop
  endfacet
  facet normal 0.0 0.8609753847122192 -0.5086466073989868
    outer loop
      vertex 12.0 19.7891788482666 10.0
      vertex 11.0 20.0 10.356852531433105
      vertex 12.0 20.0 10.356852531433105
    endloop
  endfacet
  facet normal 0.0 0.8609753847122192 0.5086466073989868
    outer loop
      vertex 12.0 19.7891788482666 13.0
      vertex 12.0 20.0 12.643147468566895
      vertex 11.0 19.7891788482666 13.0
    endloop
  endfacet
  facet normal 0.0 0.8609753847122192 0.5086466073989868
    outer loop
      vertex 11.0 19.7891788482666 13.0
      vertex 12.0 20.0 12.643147468566895
      vertex 11.0 20.0 12.643147468566895
    endloop
  endfacet
  facet normal 0.0 0.6348360180854797 0.7726467847824097
    outer loop
      vertex 11.0 19.7891788482666 13.0
      vertex 11.0 19.0 13.648419380187988
      vertex 12.0 19.0 13.648419380187988
    endloop
  endfacet
  facet normal -0.0 0.6348360180854797 0.7726467847824097
    outer loop
      vertex 11.0 19.7891788482666 13.0
      vertex 12.0 19.0 13.648419380187988
      vertex 12.0 19.7891788482666 13.0
    endloop
  endfacet
  facet normal 0.0 0.9178538918495178 -0.396918386220932
    outer loop
      vertex 12.0 20.27812385559082 11.0
      vertex 12.0 20.0 10.356852531433105
      vertex 11.0 20.0 10.356852531433105
    endloop
  endfacet
  facet normal 0.0 0.9178538918495178 -0.396918386220932
    outer loop
      vertex 12.0 20.27812385559082 11.0
      vertex 11.0 20.0 10.356852531433105
      vertex 11.0 20.27812385559082 11.0
    endloop
  endfacet
  facet normal 0.0 1.0 0.0
    outer loop
      vertex 12.0 20.27812385559082 12.0
      vertex 11.0 20.27812385559082 11.0
      vertex 11.0 20.27812385559082 12.0
    endloop
  endfacet
  facet normal 0.0 1.0 0.0
    outer loop
      vertex 12.0 20.27812385559082 12.0
      vertex 12.0 20.27812385559082 11.0
      vertex 11.0 20.27812385559082 11.0
    endloop
  endfacet
  facet normal 0.0 0.9178538918495178 0.396918386220932
    outer loop
      vertex 11.0 20.27812385559082 12.0
      vertex 11.0 20.0 12.643147468566895
      vertex 12.0 20.0 12.643147468566895
    endloop
  endfacet
  facet normal -0.0 0.9178538918495178 0.396918386220932
    outer loop
      vertex 11.0 20.27812385559082 12.0
      vertex 12.0 20.0 12.643147468566895
      vertex 12.0 20.27812385559082 12.0
    endloop
  endfacet
  facet normal 0.10479160398244858 -0.9173916578292847 -0.3839418292045593
    outer loop
      vertex 13.0 3.0 10.60838794708252
      vertex 13.0 2.83610463142395 11.0
      vertex 12.0 2.721876859664917 11.0
    endloop
  endfacet
  facet normal 0.09934492409229279 -0.9133136868476868 -0.39495399594306946
    outer loop
      vertex 13.0 3.0 10.60838794708252
      vertex 12.0 2.721876859664917 11.0
      vertex 12.0 3.0 10.356852531433105
    endloop
  endfacet
  facet normal 0.11348976194858551 -0.9935391545295715 0.0
    outer loop
      vertex 12.0 2.721876859664917 11.0
      vertex 13.0 2.83610463142395 12.0
      vertex 12.0 2.721876859664917 12.0
    endloop
  endfacet
  facet normal 0.11348976194858551 -0.9935391545295715 0.0
    outer loop
      vertex 13.0 2.83610463142395 11.0
      vertex 13.0 2.83610463142395 12.0
      vertex 12.0 2.721876859664917 11.0
    endloop
  endfacet
  facet normal 0.10427290946245193 -0.9128507971763611 0.3947538435459137
    outer loop
      vertex 12.0 3.0 12.643147468566895
      vertex 12.0 2.721876859664917 12.0
      vertex 13.0 2.83610463142395 12.0
    endloop
  endfacet
  facet normal 0.09665495157241821 -0.9181514978408813 0.38425981998443604
    outer loop
      vertex 12.0 3.0 12.643147468566895
      vertex 13.0 2.83610463142395 12.0
      vertex 13.0 3.0 12.39161205291748
    endloop
  endfacet
  facet normal 0.08225315809249878 -0.6514793634414673 -0.7541943192481995
    outer loop
      vertex 13.0 4.0 9.427361488342285
      vertex 13.0 3.3370769023895264 10.0
      vertex 12.0 3.2108209133148193 10.0
    endloop
  endfacet
  facet normal 0.05845175310969353 -0.6337505578994751 -0.771325945854187
    outer loop
      vertex 13.0 4.0 9.427361488342285
      vertex 12.0 3.2108209133148193 10.0
      vertex 12.0 4.0 9.351580619812012
    endloop
  endfacet
  facet normal 0.1269080489873886 -0.8540142178535461 -0.5045335292816162
    outer loop
      vertex 12.0 3.0 10.356852531433105
      vertex 12.0 3.2108209133148193 10.0
      vertex 13.0 3.0 10.60838794708252
    endloop
  endfacet
  facet normal 0.1097707599401474 -0.8694300651550293 -0.4817070960998535
    outer loop
      vertex 13.0 3.0 10.60838794708252
      vertex 12.0 3.2108209133148193 10.0
      vertex 13.0 3.3370769023895264 10.0
    endloop
  endfacet
  facet normal 0.1210072711110115 -0.8682882785797119 0.4810744822025299
    outer loop
      vertex 13.0 3.0 12.39161205291748
      vertex 13.0 3.3370769023895264 13.0
      vertex 12.0 3.0 12.643147468566895
    endloop
  endfacet
  facet normal 0.10806672275066376 -0.855933427810669 0.5056673288345337
    outer loop
      vertex 12.0 3.0 12.643147468566895
      vertex 13.0 3.3370769023895264 13.0
      vertex 12.0 3.2108209133148193 13.0
    endloop
  endfacet
  facet normal 0.07989558577537537 -0.6328065395355225 0.7701770067214966
    outer loop
      vertex 12.0 4.0 13.648419380187988
      vertex 12.0 3.2108209133148193 13.0
      vertex 13.0 3.3370769023895264 13.0
    endloop
  endfacet
  facet normal 0.05725375562906265 -0.6526221632957458 0.755517303943634
    outer loop
      vertex 12.0 4.0 13.648419380187988
      vertex 13.0 3.3370769023895264 13.0
      vertex 13.0 4.0 13.572638511657715
    endloop
  endfacet
  facet normal 0.07295200973749161 -0.2606596052646637 -0.9626705050468445
    outer loop
      vertex 12.0 5.0 9.08081340789795
      vertex 13.0 4.0 9.427361488342285
      vertex 12.0 4.0 9.351580619812012
    endloop
  endfacet
  facet normal 0.010343346744775772 -0.31817567348480225 -0.9479753375053406
    outer loop
      vertex 12.0 5.0 9.08081340789795
      vertex 13.0 5.0 9.091724395751953
      vertex 13.0 4.0 9.427361488342285
    endloop
  endfacet
  facet normal 0.07295200973749161 -0.2606596052646637 0.9626705050468445
    outer loop
      vertex 13.0 4.0 13.572638511657715
      vertex 12.0 5.0 13.91918659210205
      vertex 12.0 4.0 13.648419380187988
    endloop
  endfacet
  facet normal 0.010343346744775772 -0.31817567348480225 0.9479753375053406
    outer loop
      vertex 13.0 5.0 13.908275604248047
      vertex 12.0 5.0 13.91918659210205
      vertex 13.0 4.0 13.572638511657715
    endloop
  endfacet
  facet normal 0.010737414471805096 0.17733579874038696 -0.9840918779373169
    outer loop
      vertex 12.0 6.0 9.261015892028809
      vertex 13.0 5.0 9.091724395751953
      vertex 12.0 5.0 9.08081340789795
    endloop
  endfacet
  facet normal -0.06658852100372314 0.1014518141746521 -0.992609441280365
    outer loop
      vertex 12.0 6.0 9.261015892028809
      vertex 13.0 6.0 9.193931579589844
      vertex 13.0 5.0 9.091724395751953
    endloop
  endfacet
  facet normal 0.010737414471805096 0.17733579874038696 0.9840918779373169
    outer loop
      vertex 13.0 5.0 13.908275604248047
      vertex 12.0 6.0 13.738984107971191
      vertex 12.0 5.0 13.91918659210205
    endloop
  endfacet
  facet normal -0.06658852100372314 0.1014518141746521 0.992609441280365
    outer loop
      vertex 13.0 6.0 13.806068420410156
      vertex 12.0 6.0 13.738984107971191
      vertex 13.0 5.0 13.908275604248047
    endloop
  endfacet
  facet normal -0.05395658314228058 0.5917550921440125 -0.8043099641799927
    outer loop
      vertex 12.0 7.0 9.996746063232422
      vertex 13.0 6.0 9.193931579589844
      vertex 12.0 6.0 9.261015892028809
    endloop
  endfacet
  facet normal -0.18440283834934235 0.4965430796146393 -0.8481983542442322
    outer loop
      vertex 12.0 7.0 9.996746063232422
      vertex 13.0 7.0 9.779340744018555
      vertex 13.0 6.0 9.193931579589844
    endloop
  endfacet
  facet normal -0.05395658314228058 0.5917550921440125 0.8043099641799927
    outer loop
      vertex 13.0 6.0 13.806068420410156
      vertex 12.0 7.0 13.003253936767578
      vertex 12.0 6.0 13.738984107971191
    endloop
  endfacet
  facet normal -0.18440283834934235 0.4965430796146393 0.8481983542442322
    outer loop
      vertex 13.0 7.0 13.220659255981445
      vertex 12.0 7.0 13.003253936767578
      vertex 13.0 6.0 13.806068420410156
    endloop
  endfacet
  facet normal -0.15159182250499725 0.7005884051322937 -0.6972774267196655
    outer loop
      vertex 13.0 7.219616413116455 10.0
      vertex 13.0 7.0 9.779340744018555
      vertex 12.0 7.0 9.996746063232422
    endloop
  endfacet
  facet normal -0.16220684349536896 0.748124897480011 -0.6434268951416016
    outer loop
      vertex 13.0 7.219616413116455 10.0
      vertex 12.0 7.0 9.996746063232422
      vertex 12.0 7.002798557281494 10.0
    endloop
  endfacet
  facet normal -0.22866685688495636 0.8810091614723206 -0.41416695713996887
    outer loop
      vertex 13.0 7.732454776763916 11.0
      vertex 12.0 7.002798557281494 10.0
      vertex 12.0 7.472903728485107 11.0
    endloop
  endfacet
  facet normal -0.18943369388580322 0.8736996650695801 -0.44806671142578125
    outer loop
      vertex 13.0 7.732454776763916 11.0
      vertex 13.0 7.219616413116455 10.0
      vertex 12.0 7.002798557281494 10.0
    endloop
  endfacet
  facet normal -0.2512267827987671 0.9679282307624817 0.0
    outer loop
      vertex 13.0 7.732454776763916 12.0
      vertex 12.0 7.472903728485107 11.0
      vertex 12.0 7.472903728485107 12.0
    endloop
  endfacet
  facet normal -0.2512267827987671 0.9679282307624817 0.0
    outer loop
      vertex 13.0 7.732454776763916 12.0
      vertex 13.0 7.732454776763916 11.0
      vertex 12.0 7.472903728485107 11.0
    endloop
  endfacet
  facet normal -0.19254574179649353 0.8880529999732971 0.4174782931804657
    outer loop
      vertex 13.0 7.219616413116455 13.0
      vertex 12.0 7.472903728485107 12.0
      vertex 12.0 7.002798557281494 13.0
    endloop
  endfacet
  facet normal -0.22502800822257996 0.8669894337654114 0.4446254372596741
    outer loop
      vertex 13.0 7.219616413116455 13.0
      vertex 13.0 7.732454776763916 12.0
      vertex 12.0 7.472903728485107 12.0
    endloop
  endfacet
  facet normal -0.14035846292972565 0.7506601810455322 0.6456073522567749
    outer loop
      vertex 12.0 7.002798557281494 13.0
      vertex 12.0 7.0 13.003253936767578
      vertex 13.0 7.0 13.220659255981445
    endloop
  endfacet
  facet normal -0.15189297497272491 0.7005556225776672 0.6972447633743286
    outer loop
      vertex 12.0 7.002798557281494 13.0
      vertex 13.0 7.0 13.220659255981445
      vertex 13.0 7.219616413116455 13.0
    endloop
  endfacet
  facet normal -0.1518934667110443 -0.7005548477172852 -0.6972454786300659
    outer loop
      vertex 13.0 16.0 9.779340744018555
      vertex 13.0 15.780383110046387 10.0
      vertex 12.0 15.997201919555664 10.0
    endloop
  endfacet
  facet normal -0.14034497737884521 -0.750715970993042 -0.6455453038215637
    outer loop
      vertex 13.0 16.0 9.779340744018555
      vertex 12.0 15.997201919555664 10.0
      vertex 12.0 16.0 9.996746063232422
    endloop
  endfacet
  facet normal -0.22866685688495636 -0.8810091614723206 -0.41416695713996887
    outer loop
      vertex 12.0 15.997201919555664 10.0
      vertex 13.0 15.267545700073242 11.0
      vertex 12.0 15.52709674835205 11.0
    endloop
  endfacet
  facet normal -0.18943455815315247 -0.8736998438835144 -0.44806596636772156
    outer loop
      vertex 13.0 15.780383110046387 10.0
      vertex 13.0 15.267545700073242 11.0
      vertex 12.0 15.997201919555664 10.0
    endloop
  endfacet
  facet normal -0.2512267827987671 -0.9679282307624817 0.0
    outer loop
      vertex 12.0 15.52709674835205 11.0
      vertex 13.0 15.267545700073242 12.0
      vertex 12.0 15.52709674835205 12.0
    endloop
  endfacet
  facet normal -0.2512267827987671 -0.9679282307624817 0.0
    outer loop
      vertex 13.0 15.267545700073242 11.0
      vertex 13.0 15.267545700073242 12.0
      vertex 12.0 15.52709674835205 11.0
    endloop
  endfacet
  facet normal -0.192546546459198 -0.8880528211593628 0.41747820377349854
    outer loop
      vertex 12.0 15.52709674835205 12.0
      vertex 13.0 15.780383110046387 13.0
      vertex 12.0 15.997201919555664 13.0
    endloop
  endfacet
  facet normal -0.22502808272838593 -0.8669896721839905 0.44462475180625916
    outer loop
      vertex 13.0 15.267545700073242 12.0
      vertex 13.0 15.780383110046387 13.0
      vertex 12.0 15.52709674835205 12.0
    endloop
  endfacet
  facet normal -0.16221895813941956 -0.7481775283813477 0.6433625221252441
    outer loop
      vertex 12.0 16.0 13.003253936767578
      vertex 12.0 15.997201919555664 13.0
      vertex 13.0 15.780383110046387 13.0
    endloop
  endfacet
  facet normal -0.1515919715166092 -0.7005876302719116 0.6972781419754028
    outer loop
      vertex 12.0 16.0 13.003253936767578
      vertex 13.0 15.780383110046387 13.0
      vertex 13.0 16.0 13.220659255981445
    endloop
  endfacet
  facet normal -0.17249155044555664 -0.5837356448173523 -0.7934100031852722
    outer loop
      vertex 12.0 17.0 9.261015892028809
      vertex 13.0 16.0 9.779340744018555
      vertex 12.0 16.0 9.996746063232422
    endloop
  endfacet
  facet normal -0.05779686197638512 -0.5043625235557556 -0.8615555763244629
    outer loop
      vertex 12.0 17.0 9.261015892028809
      vertex 13.0 17.0 9.193931579589844
      vertex 13.0 16.0 9.779340744018555
    endloop
  endfacet
  facet normal -0.17249155044555664 -0.5837356448173523 0.7934100031852722
    outer loop
      vertex 13.0 16.0 13.220659255981445
      vertex 12.0 17.0 13.738984107971191
      vertex 12.0 16.0 13.003253936767578
    endloop
  endfacet
  facet normal -0.05779686197638512 -0.5043625235557556 0.8615555763244629
    outer loop
      vertex 13.0 17.0 13.806068420410156
      vertex 12.0 17.0 13.738984107971191
      vertex 13.0 16.0 13.220659255981445
    endloop
  endfacet
  facet normal -0.0658775195479393 -0.1769607812166214 -0.9820107817649841
    outer loop
      vertex 12.0 18.0 9.08081340789795
      vertex 13.0 17.0 9.193931579589844
      vertex 12.0 17.0 9.261015892028809
    endloop
  endfacet
  facet normal 0.010853800922632217 -0.1016714945435524 -0.9947587847709656
    outer loop
      vertex 12.0 18.0 9.08081340789795
      vertex 13.0 18.0 9.091724395751953
      vertex 13.0 17.0 9.193931579589844
    endloop
  endfacet
  facet normal -0.0658775195479393 -0.1769607812166214 0.9820107817649841
    outer loop
      vertex 13.0 17.0 13.806068420410156
      vertex 12.0 18.0 13.91918659210205
      vertex 12.0 17.0 13.738984107971191
    endloop
  endfacet
  facet normal 0.010853800922632217 -0.1016714945435524 0.9947587847709656
    outer loop
      vertex 13.0 18.0 13.908275604248047
      vertex 12.0 18.0 13.91918659210205
      vertex 13.0 17.0 13.806068420410156
    endloop
  endfacet
  facet normal 0.010531165637075901 0.26134154200553894 -0.9651889801025391
    outer loop
      vertex 12.0 19.0 9.351580619812012
      vertex 13.0 18.0 9.091724395751953
      vertex 12.0 18.0 9.08081340789795
    endloop
  endfacet
  facet normal 0.07165755331516266 0.31737473607063293 -0.9455889463424683
    outer loop
      vertex 12.0 19.0 9.351580619812012
      vertex 13.0 19.0 9.427361488342285
      vertex 13.0 18.0 9.091724395751953
    endloop
  endfacet
  facet normal 0.010531165637075901 0.26134154200553894 0.9651889801025391
    outer loop
      vertex 13.0 18.0 13.908275604248047
      vertex 12.0 19.0 13.648419380187988
      vertex 12.0 18.0 13.91918659210205
    endloop
  endfacet
  facet normal 0.07165755331516266 0.31737473607063293 0.9455889463424683
    outer loop
      vertex 13.0 19.0 13.572638511657715
      vertex 12.0 19.0 13.648419380187988
      vertex 13.0 18.0 13.908275604248047
    endloop
  endfacet
  facet normal 0.05725377798080444 0.6526216864585876 -0.7555176019668579
    outer loop
      vertex 13.0 19.66292381286621 10.0
      vertex 13.0 19.0 9.427361488342285
      vertex 12.0 19.0 9.351580619812012
    endloop
  endfacet
  facet normal 0.0798950269818306 0.632806658744812 -0.7701769471168518
    outer loop
      vertex 13.0 19.66292381286621 10.0
      vertex 12.0 19.0 9.351580619812012
      vertex 12.0 19.7891788482666 10.0
    endloop
  endfacet
  facet normal 0.1080658882856369 0.8559333086013794 -0.5056678056716919
    outer loop
      vertex 12.0 19.7891788482666 10.0
      vertex 12.0 20.0 10.356852531433105
      vertex 13.0 19.66292381286621 10.0
    endloop
  endfacet
  facet normal 0.12100707739591599 0.8682886958122253 -0.4810737073421478
    outer loop
      vertex 13.0 19.66292381286621 10.0
      vertex 12.0 20.0 10.356852531433105
      vertex 13.0 20.0 10.60838794708252
    endloop
  endfacet
  facet normal 0.10976999253034592 0.8694306015968323 0.4817063808441162
    outer loop
      vertex 13.0 19.66292381286621 13.0
      vertex 13.0 20.0 12.39161205291748
      vertex 12.0 19.7891788482666 13.0
    endloop
  endfacet
  facet normal 0.12690815329551697 0.854013979434967 0.5045339465141296
    outer loop
      vertex 12.0 19.7891788482666 13.0
      vertex 13.0 20.0 12.39161205291748
      vertex 12.0 20.0 12.643147468566895
    endloop
  endfacet
  facet normal 0.058451756834983826 0.6337506175041199 0.7713258266448975
    outer loop
      vertex 12.0 19.7891788482666 13.0
      vertex 12.0 19.0 13.648419380187988
      vertex 13.0 19.0 13.572638511657715
    endloop
  endfacet
  facet normal 0.08225250244140625 0.6514789462089539 0.7541946768760681
    outer loop
      vertex 12.0 19.7891788482666 13.0
      vertex 13.0 19.0 13.572638511657715
      vertex 13.0 19.66292381286621 13.0
    endloop
  endfacet
  facet normal 0.09665459394454956 0.9181521534919739 -0.3842584192752838
    outer loop
      vertex 13.0 20.163894653320312 11.0
      vertex 13.0 20.0 10.60838794708252
      vertex 12.0 20.0 10.356852531433105
    endloop
  endfacet
  facet normal 0.10427415370941162 0.9128502607345581 -0.3947546184062958
    outer loop
      vertex 13.0 20.163894653320312 11.0
      vertex 12.0 20.0 10.356852531433105
      vertex 12.0 20.27812385559082 11.0
    endloop
  endfacet
  facet normal 0.11349117010831833 0.993539035320282 0.0
    outer loop
      vertex 13.0 20.163894653320312 12.0
      vertex 12.0 20.27812385559082 11.0
      vertex 12.0 20.27812385559082 12.0
    endloop
  endfacet
  facet normal 0.11349117010831833 0.993539035320282 0.0
    outer loop
      vertex 13.0 20.163894653320312 12.0
      vertex 13.0 20.163894653320312 11.0
      vertex 12.0 20.27812385559082 11.0
    endloop
  endfacet
  facet normal 0.0993451401591301 0.9133133292198181 0.3949548602104187
    outer loop
      vertex 12.0 20.27812385559082 12.0
      vertex 12.0 20.0 12.643147468566895
      vertex 13.0 20.0 12.39161205291748
    endloop
  endfacet
  facet normal 0.10479296743869781 0.9173921346664429 0.38394033908843994
    outer loop
      vertex 12.0 20.27812385559082 12.0
      vertex 13.0 20.0 12.39161205291748
      vertex 13.0 20.163894653320312 12.0
    endloop
  endfacet
  facet normal 0.2080812156200409 -0.9022790789604187 -0.3776170015335083
    outer loop
      vertex 13.0 3.0 10.60838794708252
      vertex 13.710680961608887 3.0 11.0
      vertex 13.0 2.83610463142395 11.0
    endloop
  endfacet
  facet normal 0.22471901774406433 -0.9744237065315247 0.0
    outer loop
      vertex 13.710680961608887 3.0 12.0
      vertex 13.0 2.83610463142395 12.0
      vertex 13.0 2.83610463142395 11.0
    endloop
  endfacet
  facet normal 0.22471901774406433 -0.9744237065315247 0.0
    outer loop
      vertex 13.710680961608887 3.0 12.0
      vertex 13.0 2.83610463142395 11.0
      vertex 13.710680961608887 3.0 11.0
    endloop
  endfacet
  facet normal 0.2080812156200409 -0.9022790789604187 0.3776170015335083
    outer loop
      vertex 13.710680961608887 3.0 12.0
      vertex 13.0 3.0 12.39161205291748
      vertex 13.0 2.83610463142395 12.0
    endloop
  endfacet
  facet normal 0.16658073663711548 -0.6763908863067627 -0.7174582481384277
    outer loop
      vertex 14.0 4.0 9.60720443725586
      vertex 14.0 3.583355665206909 10.0
      vertex 13.0 3.3370769023895264 10.0
    endloop
  endfacet
  facet normal 0.1348544955253601 -0.6477231383323669 -0.7498459219932556
    outer loop
      vertex 14.0 4.0 9.60720443725586
      vertex 13.0 3.3370769023895264 10.0
      vertex 13.0 4.0 9.427361488342285
    endloop
  endfacet
  facet normal 0.25801077485084534 -0.8450999855995178 -0.4682270288467407
    outer loop
      vertex 13.0 3.0 10.60838794708252
      vertex 13.0 3.3370769023895264 10.0
      vertex 13.710680961608887 3.0 11.0
    endloop
  endfacet
  facet normal 0.21096765995025635 -0.8710673451423645 -0.44354739785194397
    outer loop
      vertex 13.0 3.3370769023895264 10.0
      vertex 14.0 3.0700714588165283 11.0
      vertex 13.710680961608887 3.0 11.0
    endloop
  endfacet
  facet normal 0.21402490139007568 -0.8690351843833923 -0.44606202840805054
    outer loop
      vertex 13.0 3.3370769023895264 10.0
      vertex 14.0 3.583355665206909 10.0
      vertex 14.0 3.0700714588165283 11.0
    endloop
  endfacet
  facet normal 0.23538906872272491 -0.9719012975692749 0.0
    outer loop
      vertex 13.710680961608887 3.0 11.0
      vertex 14.0 3.0700714588165283 11.0
      vertex 13.710680961608887 3.0 12.0
    endloop
  endfacet
  facet normal 0.23538906872272491 -0.9719012975692749 0.0
    outer loop
      vertex 13.710680961608887 3.0 12.0
      vertex 14.0 3.0700714588165283 11.0
      vertex 14.0 3.0700714588165283 12.0
    endloop
  endfacet
  facet normal 0.2164660394191742 -0.8937697410583496 0.392833411693573
    outer loop
      vertex 13.710680961608887 3.0 12.0
      vertex 14.0 3.0700714588165283 12.0
      vertex 13.0 3.0 12.39161205291748
    endloop
  endfacet
  facet normal 0.24352304637432098 -0.8483827710151672 0.47004586458206177
    outer loop
      vertex 14.0 3.0700714588165283 12.0
      vertex 13.0 3.3370769023895264 13.0
      vertex 13.0 3.0 12.39161205291748
    endloop
  endfacet
  facet normal 0.21402490139007568 -0.8690351843833923 0.44606202840805054
    outer loop
      vertex 14.0 3.0700714588165283 12.0
      vertex 14.0 3.583355665206909 13.0
      vertex 13.0 3.3370769023895264 13.0
    endloop
  endfacet
  facet normal 0.15894447267055511 -0.6453843116760254 0.7471383213996887
    outer loop
      vertex 13.0 4.0 13.572638511657715
      vertex 13.0 3.3370769023895264 13.0
      vertex 14.0 3.583355665206909 13.0
    endloop
  endfacet
  facet normal 0.12975198030471802 -0.6801764965057373 0.721473753452301
    outer loop
      vertex 13.0 4.0 13.572638511657715
      vertex 14.0 3.583355665206909 13.0
      vertex 14.0 4.0 13.39279556274414
    endloop
  endfacet
  facet normal 0.1680704951286316 -0.3136664032936096 -0.934540331363678
    outer loop
      vertex 13.0 5.0 9.091724395751953
      vertex 14.0 4.0 9.60720443725586
      vertex 13.0 4.0 9.427361488342285
    endloop
  endfacet
  facet normal 0.04514463618397713 -0.4216836094856262 -0.9056184887886047
    outer loop
      vertex 13.0 5.0 9.091724395751953
      vertex 14.0 5.0 9.141573905944824
      vertex 14.0 4.0 9.60720443725586
    endloop
  endfacet
  facet normal 0.1680704951286316 -0.3136664032936096 0.934540331363678
    outer loop
      vertex 14.0 4.0 13.39279556274414
      vertex 13.0 5.0 13.908275604248047
      vertex 13.0 4.0 13.572638511657715
    endloop
  endfacet
  facet normal 0.04514463618397713 -0.4216836094856262 0.9056184887886047
    outer loop
      vertex 14.0 5.0 13.858426094055176
      vertex 13.0 5.0 13.908275604248047
      vertex 14.0 4.0 13.39279556274414
    endloop
  endfacet
  facet normal 0.04953029751777649 0.10155269503593445 -0.9935964345932007
    outer loop
      vertex 13.0 6.0 9.193931579589844
      vertex 14.0 5.0 9.141573905944824
      vertex 13.0 5.0 9.091724395751953
    endloop
  endfacet
  facet normal -0.08330012857913971 -0.03114992007613182 -0.996037483215332
    outer loop
      vertex 13.0 6.0 9.193931579589844
      vertex 14.0 6.0 9.110300064086914
      vertex 14.0 5.0 9.141573905944824
    endloop
  endfacet
  facet normal 0.04953029751777649 0.10155269503593445 0.9935964345932007
    outer loop
      vertex 14.0 5.0 13.858426094055176
      vertex 13.0 6.0 13.806068420410156
      vertex 13.0 5.0 13.908275604248047
    endloop
  endfacet
  facet normal -0.08330012857913971 -0.03114992007613182 0.996037483215332
    outer loop
      vertex 14.0 6.0 13.889699935913086
      vertex 13.0 6.0 13.806068420410156
      vertex 14.0 5.0 13.858426094055176
    endloop
  endfacet
  facet normal -0.0719865933060646 0.5038962960243225 -0.8607591986656189
    outer loop
      vertex 13.0 7.0 9.779340744018555
      vertex 14.0 6.0 9.110300064086914
      vertex 13.0 6.0 9.193931579589844
    endloop
  endfacet
  facet normal -0.28730082511901855 0.3173407018184662 -0.9037440419197083
    outer loop
      vertex 13.0 7.0 9.779340744018555
      vertex 14.0 7.0 9.461440086364746
      vertex 14.0 6.0 9.110300064086914
    endloop
  endfacet
  facet normal -0.0719865933060646 0.5038962960243225 0.8607591986656189
    outer loop
      vertex 14.0 6.0 13.889699935913086
      vertex 13.0 7.0 13.220659255981445
      vertex 13.0 6.0 13.806068420410156
    endloop
  endfacet
  facet normal -0.28730082511901855 0.3173407018184662 0.9037440419197083
    outer loop
      vertex 14.0 7.0 13.538559913635254
      vertex 13.0 7.0 13.220659255981445
      vertex 14.0 6.0 13.889699935913086
    endloop
  endfacet
  facet normal -0.24619141221046448 0.5827947854995728 -0.7744288444519043
    outer loop
      vertex 14.0 7.715648651123047 10.0
      vertex 14.0 7.0 9.461440086364746
      vertex 13.0 7.0 9.779340744018555
    endloop
  endfacet
  facet normal -0.3316759467124939 0.6686580181121826 -0.6654979586601257
    outer loop
      vertex 14.0 7.715648651123047 10.0
      vertex 13.0 7.0 9.779340744018555
      vertex 13.0 7.219616413116455 10.0
    endloop
  endfacet
  facet normal -0.5379116535186768 0.7023604512214661 -0.46619829535484314
    outer loop
      vertex 14.0 8.0 10.42839527130127
      vertex 14.0 7.715648651123047 10.0
      vertex 13.504600524902344 8.0 11.0
    endloop
  endfacet
  facet normal -0.4217667877674103 0.795468270778656 -0.43513551354408264
    outer loop
      vertex 14.0 7.715648651123047 10.0
      vertex 13.0 7.732454776763916 11.0
      vertex 13.504600524902344 8.0 11.0
    endloop
  endfacet
  facet normal -0.40379220247268677 0.8140442371368408 -0.4174731373786926
    outer loop
      vertex 14.0 7.715648651123047 10.0
      vertex 13.0 7.219616413116455 10.0
      vertex 13.0 7.732454776763916 11.0
    endloop
  endfacet
  facet normal -0.46843981742858887 0.8834954500198364 0.0
    outer loop
      vertex 13.0 7.732454776763916 12.0
      vertex 13.504600524902344 8.0 12.0
      vertex 13.0 7.732454776763916 11.0
    endloop
  endfacet
  facet normal -0.46843981742858887 0.8834954500198364 0.0
    outer loop
      vertex 13.0 7.732454776763916 11.0
      vertex 13.504600524902344 8.0 12.0
      vertex 13.504600524902344 8.0 11.0
    endloop
  endfacet
  facet normal -0.43403345346450806 0.8186036944389343 0.3761689364910126
    outer loop
      vertex 13.504600524902344 8.0 12.0
      vertex 13.0 7.732454776763916 12.0
      vertex 14.0 8.0 12.57160472869873
    endloop
  endfacet
  facet normal -0.4744807481765747 0.7334082126617432 0.4868065118789673
    outer loop
      vertex 13.0 7.732454776763916 12.0
      vertex 14.0 7.715648651123047 13.0
      vertex 14.0 8.0 12.57160472869873
    endloop
  endfacet
  facet normal -0.40379220247268677 0.8140442371368408 0.4174731373786926
    outer loop
      vertex 13.0 7.732454776763916 12.0
      vertex 13.0 7.219616413116455 13.0
      vertex 14.0 7.715648651123047 13.0
    endloop
  endfacet
  facet normal -0.21882174909114838 0.6916022896766663 0.6883337497711182
    outer loop
      vertex 13.0 7.219616413116455 13.0
      vertex 13.0 7.0 13.220659255981445
      vertex 14.0 7.0 13.538559913635254
    endloop
  endfacet
  facet normal -0.28582239151000977 0.5762174129486084 0.7656886577606201
    outer loop
      vertex 13.0 7.219616413116455 13.0
      vertex 14.0 7.0 13.538559913635254
      vertex 14.0 7.715648651123047 13.0
    endloop
  endfacet
  facet normal -0.4896964430809021 0.7616249918937683 -0.4244110584259033
    outer loop
      vertex 14.0 8.318523406982422 11.0
      vertex 14.0 8.0 10.42839527130127
      vertex 13.504600524902344 8.0 11.0
    endloop
  endfacet
  facet normal -0.5408204197883606 0.8411380648612976 0.0
    outer loop
      vertex 14.0 8.318523406982422 11.0
      vertex 13.504600524902344 8.0 11.0
      vertex 13.504600524902344 8.0 12.0
    endloop
  endfacet
  facet normal -0.5408204197883606 0.8411380648612976 0.0
    outer loop
      vertex 14.0 8.318523406982422 11.0
      vertex 13.504600524902344 8.0 12.0
      vertex 14.0 8.318523406982422 12.0
    endloop
  endfacet
  facet normal -0.4896964430809021 0.7616249918937683 0.4244110584259033
    outer loop
      vertex 14.0 8.318523406982422 12.0
      vertex 13.504600524902344 8.0 12.0
      vertex 14.0 8.0 12.57160472869873
    endloop
  endfacet
  facet normal -0.4896964430809021 -0.7616249918937683 -0.4244110584259033
    outer loop
      vertex 14.0 15.0 10.42839527130127
      vertex 14.0 14.681476593017578 11.0
      vertex 13.504600524902344 15.0 11.0
    endloop
  endfacet
  facet normal -0.5408204197883606 -0.8411380648612976 0.0
    outer loop
      vertex 14.0 14.681476593017578 12.0
      vertex 13.504600524902344 15.0 12.0
      vertex 13.504600524902344 15.0 11.0
    endloop
  endfacet
  facet normal -0.5408204197883606 -0.8411380648612976 -0.0
    outer loop
      vertex 14.0 14.681476593017578 12.0
      vertex 13.504600524902344 15.0 11.0
      vertex 14.0 14.681476593017578 11.0
    endloop
  endfacet
  facet normal -0.4896964430809021 -0.7616249918937683 0.4244110584259033
    outer loop
      vertex 14.0 15.0 12.57160472869873
      vertex 13.504600524902344 15.0 12.0
      vertex 14.0 14.681476593017578 12.0
    endloop
  endfacet
  facet normal -0.2858221232891083 -0.5762174129486084 -0.7656886577606201
    outer loop
      vertex 14.0 16.0 9.461440086364746
      vertex 14.0 15.284351348876953 10.0
      vertex 13.0 15.780383110046387 10.0
    endloop
  endfacet
  facet normal -0.2188219577074051 -0.6916015148162842 -0.6883344650268555
    outer loop
      vertex 14.0 16.0 9.461440086364746
      vertex 13.0 15.780383110046387 10.0
      vertex 13.0 16.0 9.779340744018555
    endloop
  endfacet
  facet normal -0.43403396010398865 -0.8186031579971313 -0.3761693835258484
    outer loop
      vertex 13.504600524902344 15.0 11.0
      vertex 13.0 15.267545700073242 11.0
      vertex 14.0 15.0 10.42839527130127
    endloop
  endfacet
  facet normal -0.4744810163974762 -0.7334080338478088 -0.4868064224720001
    outer loop
      vertex 13.0 15.267545700073242 11.0
      vertex 14.0 15.284351348876953 10.0
      vertex 14.0 15.0 10.42839527130127
    endloop
  endfacet
  facet normal -0.40379199385643005 -0.8140446543693542 -0.4174725413322449
    outer loop
      vertex 13.0 15.267545700073242 11.0
      vertex 13.0 15.780383110046387 10.0
      vertex 14.0 15.284351348876953 10.0
    endloop
  endfacet
  facet normal -0.4684404730796814 -0.8834950923919678 0.0
    outer loop
      vertex 13.0 15.267545700073242 11.0
      vertex 13.504600524902344 15.0 11.0
      vertex 13.0 15.267545700073242 12.0
    endloop
  endfacet
  facet normal -0.4684404730796814 -0.8834950923919678 0.0
    outer loop
      vertex 13.0 15.267545700073242 12.0
      vertex 13.504600524902344 15.0 11.0
      vertex 13.504600524902344 15.0 12.0
    endloop
  endfacet
  facet normal -0.5379116535186768 -0.7023604512214661 0.46619829535484314
    outer loop
      vertex 14.0 15.0 12.57160472869873
      vertex 14.0 15.284351348876953 13.0
      vertex 13.504600524902344 15.0 12.0
    endloop
  endfacet
  facet normal -0.42176735401153564 -0.7954679131507874 0.43513569235801697
    outer loop
      vertex 14.0 15.284351348876953 13.0
      vertex 13.0 15.267545700073242 12.0
      vertex 13.504600524902344 15.0 12.0
    endloop
  endfacet
  facet normal -0.40379199385643005 -0.8140446543693542 0.4174725413322449
    outer loop
      vertex 14.0 15.284351348876953 13.0
      vertex 13.0 15.780383110046387 13.0
      vertex 13.0 15.267545700073242 12.0
    endloop
  endfacet
  facet normal -0.33167535066604614 -0.6686574220657349 0.6654987931251526
    outer loop
      vertex 13.0 16.0 13.220659255981445
      vertex 13.0 15.780383110046387 13.0
      vertex 14.0 15.284351348876953 13.0
    endloop
  endfacet
  facet normal -0.24619142711162567 -0.5827947854995728 0.7744288444519043
    outer loop
      vertex 13.0 16.0 13.220659255981445
      vertex 14.0 15.284351348876953 13.0
      vertex 14.0 16.0 13.538559913635254
    endloop
  endfacet
  facet normal -0.26457157731056213 -0.48720449209213257 -0.8322461247444153
    outer loop
      vertex 13.0 17.0 9.193931579589844
      vertex 14.0 16.0 9.461440086364746
      vertex 13.0 16.0 9.779340744018555
    endloop
  endfacet
  facet normal -0.07866369187831879 -0.3302818536758423 -0.9405986666679382
    outer loop
      vertex 13.0 17.0 9.193931579589844
      vertex 14.0 17.0 9.110300064086914
      vertex 14.0 16.0 9.461440086364746
    endloop
  endfacet
  facet normal -0.26457157731056213 -0.48720449209213257 0.8322461247444153
    outer loop
      vertex 14.0 16.0 13.538559913635254
      vertex 13.0 17.0 13.806068420410156
      vertex 13.0 16.0 13.220659255981445
    endloop
  endfacet
  facet normal -0.07866369187831879 -0.3302818536758423 0.9405986666679382
    outer loop
      vertex 14.0 17.0 13.889699935913086
      vertex 13.0 17.0 13.806068420410156
      vertex 14.0 16.0 13.538559913635254
    endloop
  endfacet
  facet normal -0.08291162550449371 -0.10132739692926407 -0.9913921356201172
    outer loop
      vertex 13.0 18.0 9.091724395751953
      vertex 14.0 17.0 9.110300064086914
      vertex 13.0 17.0 9.193931579589844
    endloop
  endfacet
  facet normal 0.04976342245936394 0.031219832599163055 -0.9982730150222778
    outer loop
      vertex 13.0 18.0 9.091724395751953
      vertex 14.0 18.0 9.141573905944824
      vertex 14.0 17.0 9.110300064086914
    endloop
  endfacet
  facet normal -0.08291162550449371 -0.10132739692926407 0.9913921356201172
    outer loop
      vertex 14.0 17.0 13.889699935913086
      vertex 13.0 18.0 13.908275604248047
      vertex 13.0 17.0 13.806068420410156
    endloop
  endfacet
  facet normal 0.04976342245936394 0.031219832599163055 0.9982730150222778
    outer loop
      vertex 14.0 18.0 13.858426094055176
      vertex 13.0 18.0 13.908275604248047
      vertex 14.0 17.0 13.889699935913086
    endloop
  endfacet
  facet normal 0.04720594733953476 0.31783798336982727 -0.9469691514968872
    outer loop
      vertex 13.0 19.0 9.427361488342285
      vertex 14.0 18.0 9.141573905944824
      vertex 13.0 18.0 9.091724395751953
    endloop
  endfacet
  facet normal 0.16091081500053406 0.4166134297847748 -0.8947296142578125
    outer loop
      vertex 13.0 19.0 9.427361488342285
      vertex 14.0 19.0 9.60720443725586
      vertex 14.0 18.0 9.141573905944824
    endloop
  endfacet
  facet normal 0.04720594733953476 0.31783798336982727 0.9469691514968872
    outer loop
      vertex 14.0 18.0 13.858426094055176
      vertex 13.0 19.0 13.572638511657715
      vertex 13.0 18.0 13.908275604248047
    endloop
  endfacet
  facet normal 0.16091081500053406 0.4166134297847748 0.8947296142578125
    outer loop
      vertex 14.0 19.0 13.39279556274414
      vertex 13.0 19.0 13.572638511657715
      vertex 14.0 18.0 13.858426094055176
    endloop
  endfacet
  facet normal 0.12975208461284637 0.6801759004592896 -0.7214743494987488
    outer loop
      vertex 14.0 19.416645050048828 10.0
      vertex 14.0 19.0 9.60720443725586
      vertex 13.0 19.0 9.427361488342285
    endloop
  endfacet
  facet normal 0.15894435346126556 0.6453839540481567 -0.7471386790275574
    outer loop
      vertex 14.0 19.416645050048828 10.0
      vertex 13.0 19.0 9.427361488342285
      vertex 13.0 19.66292381286621 10.0
    endloop
  endfacet
  facet normal 0.21646782755851746 0.8937679529190063 -0.39283666014671326
    outer loop
      vertex 13.710680961608887 20.0 11.0
      vertex 14.0 19.929927825927734 11.0
      vertex 13.0 20.0 10.60838794708252
    endloop
  endfacet
  facet normal 0.24352335929870605 0.8483831286430359 -0.4700450599193573
    outer loop
      vertex 14.0 19.929927825927734 11.0
      vertex 13.0 19.66292381286621 10.0
      vertex 13.0 20.0 10.60838794708252
    endloop
  endfacet
  facet normal 0.21402502059936523 0.8690356016159058 -0.44606101512908936
    outer loop
      vertex 14.0 19.929927825927734 11.0
      vertex 14.0 19.416645050048828 10.0
      vertex 13.0 19.66292381286621 10.0
    endloop
  endfacet
  facet normal 0.23539133369922638 0.9719007015228271 0.0
    outer loop
      vertex 13.710680961608887 20.0 12.0
      vertex 14.0 19.929927825927734 12.0
      vertex 13.710680961608887 20.0 11.0
    endloop
  endfacet
  facet normal 0.23539133369922638 0.9719007015228271 0.0
    outer loop
      vertex 13.710680961608887 20.0 11.0
      vertex 14.0 19.929927825927734 12.0
      vertex 14.0 19.929927825927734 11.0
    endloop
  endfacet
  facet normal 0.2580103874206543 0.845100462436676 0.4682263135910034
    outer loop
      vertex 13.0 20.0 12.39161205291748
      vertex 13.0 19.66292381286621 13.0
      vertex 13.710680961608887 20.0 12.0
    endloop
  endfacet
  facet normal 0.21096962690353394 0.8710665702819824 0.44354790449142456
    outer loop
      vertex 13.0 19.66292381286621 13.0
      vertex 14.0 19.929927825927734 12.0
      vertex 13.710680961608887 20.0 12.0
    endloop
  endfacet
  facet normal 0.21402502059936523 0.8690356016159058 0.44606101512908936
    outer loop
      vertex 13.0 19.66292381286621 13.0
      vertex 14.0 19.416645050048828 13.0
      vertex 14.0 19.929927825927734 12.0
    endloop
  endfacet
  facet normal 0.13485455513000488 0.6477227807044983 0.7498462796211243
    outer loop
      vertex 13.0 19.66292381286621 13.0
      vertex 13.0 19.0 13.572638511657715
      vertex 14.0 19.0 13.39279556274414
    endloop
  endfacet
  facet normal 0.16658055782318115 0.6763902306556702 0.7174588441848755
    outer loop
      vertex 13.0 19.66292381286621 13.0
      vertex 14.0 19.0 13.39279556274414
      vertex 14.0 19.416645050048828 13.0
    endloop
  endfacet
  facet normal 0.2080805003643036 0.9022798538208008 -0.37761569023132324
    outer loop
      vertex 13.0 20.163894653320312 11.0
      vertex 13.710680961608887 20.0 11.0
      vertex 13.0 20.0 10.60838794708252
    endloop
  endfacet
  facet normal 0.22471807897090912 0.9744238257408142 0.0
    outer loop
      vertex 13.710680961608887 20.0 11.0
      vertex 13.0 20.163894653320312 11.0
      vertex 13.0 20.163894653320312 12.0
    endloop
  endfacet
  facet normal 0.22471807897090912 0.9744238257408142 -0.0
    outer loop
      vertex 13.710680961608887 20.0 11.0
      vertex 13.0 20.163894653320312 12.0
      vertex 13.710680961608887 20.0 12.0
    endloop
  endfacet
  facet normal 0.2080805003643036 0.9022798538208008 0.37761569023132324
    outer loop
      vertex 13.710680961608887 20.0 12.0
      vertex 13.0 20.163894653320312 12.0
      vertex 13.0 20.0 12.39161205291748
    endloop
  endfacet
  facet normal 0.2566351592540741 -0.7000576257705688 -0.6663764715194702
    outer loop
      vertex 15.0 4.0 9.947417259216309
      vertex 15.0 3.9499471187591553 10.0
      vertex 14.0 3.583355665206909 10.0
    endloop
  endfacet
  facet normal 0.24029414355754852 -0.6658763885498047 -0.7063053846359253
    outer loop
      vertex 15.0 4.0 9.947417259216309
      vertex 14.0 3.583355665206909 10.0
      vertex 14.0 4.0 9.60720443725586
    endloop
  endfacet
  facet normal 0.31048619747161865 -0.8456815481185913 -0.4340749979019165
    outer loop
      vertex 14.0 3.583355665206909 10.0
      vertex 15.0 3.4372146129608154 11.0
      vertex 14.0 3.0700714588165283 11.0
    endloop
  endfacet
  facet normal 0.310127317905426 -0.8459752798080444 -0.43375903367996216
    outer loop
      vertex 15.0 3.9499471187591553 10.0
      vertex 15.0 3.4372146129608154 11.0
      vertex 14.0 3.583355665206909 10.0
    endloop
  endfacet
  facet normal 0.34464889764785767 -0.9387316107749939 0.0
    outer loop
      vertex 14.0 3.0700714588165283 11.0
      vertex 15.0 3.4372146129608154 12.0
      vertex 14.0 3.0700714588165283 12.0
    endloop
  endfacet
  facet normal 0.34464889764785767 -0.9387316107749939 0.0
    outer loop
      vertex 15.0 3.4372146129608154 11.0
      vertex 15.0 3.4372146129608154 12.0
      vertex 14.0 3.0700714588165283 11.0
    endloop
  endfacet
  facet normal 0.31006452441215515 -0.84580397605896 0.43413785099983215
    outer loop
      vertex 14.0 3.0700714588165283 12.0
      vertex 15.0 3.9499471187591553 13.0
      vertex 14.0 3.583355665206909 13.0
    endloop
  endfacet
  facet normal 0.3105490505695343 -0.845852792263031 0.4336962103843689
    outer loop
      vertex 15.0 3.4372146129608154 12.0
      vertex 15.0 3.9499471187591553 13.0
      vertex 14.0 3.0700714588165283 12.0
    endloop
  endfacet
  facet normal 0.24387961626052856 -0.6652626991271973 0.7056544423103333
    outer loop
      vertex 14.0 4.0 13.39279556274414
      vertex 14.0 3.583355665206909 13.0
      vertex 15.0 3.9499471187591553 13.0
    endloop
  endfacet
  facet normal 0.228367418050766 -0.7051761150360107 0.671248733997345
    outer loop
      vertex 14.0 4.0 13.39279556274414
      vertex 15.0 3.9499471187591553 13.0
      vertex 15.0 4.0 13.052582740783691
    endloop
  endfacet
  facet normal 0.29471880197525024 -0.4033654034137726 -0.866277813911438
    outer loop
      vertex 14.0 5.0 9.141573905944824
      vertex 15.0 4.0 9.947417259216309
      vertex 14.0 4.0 9.60720443725586
    endloop
  endfacet
  facet normal 0.11888185143470764 -0.5482258200645447 -0.8278378844261169
    outer loop
      vertex 14.0 5.0 9.141573905944824
      vertex 15.0 5.0 9.285179138183594
      vertex 15.0 4.0 9.947417259216309
    endloop
  endfacet
  facet normal 0.29471880197525024 -0.4033654034137726 0.866277813911438
    outer loop
      vertex 15.0 4.0 13.052582740783691
      vertex 14.0 5.0 13.858426094055176
      vertex 14.0 4.0 13.39279556274414
    endloop
  endfacet
  facet normal 0.11888185143470764 -0.5482258200645447 0.8278378844261169
    outer loop
      vertex 15.0 5.0 13.714820861816406
      vertex 14.0 5.0 13.858426094055176
      vertex 15.0 4.0 13.052582740783691
    endloop
  endfacet
  facet normal 0.1420789361000061 -0.030941452831029892 -0.989371657371521
    outer loop
      vertex 14.0 6.0 9.110300064086914
      vertex 15.0 5.0 9.285179138183594
      vertex 14.0 5.0 9.141573905944824
    endloop
  endfacet
  facet normal -0.028877487406134605 -0.2001437097787857 -0.9793409109115601
    outer loop
      vertex 14.0 6.0 9.110300064086914
      vertex 15.0 6.0 9.08081340789795
      vertex 15.0 5.0 9.285179138183594
    endloop
  endfacet
  facet normal 0.1420789361000061 -0.030941452831029892 0.989371657371521
    outer loop
      vertex 15.0 5.0 13.714820861816406
      vertex 14.0 6.0 13.889699935913086
      vertex 14.0 5.0 13.858426094055176
    endloop
  endfacet
  facet normal -0.028877487406134605 -0.2001437097787857 0.9793409109115601
    outer loop
      vertex 15.0 6.0 13.91918659210205
      vertex 14.0 6.0 13.889699935913086
      vertex 15.0 5.0 13.714820861816406
    endloop
  endfacet
  facet normal -0.027810560539364815 0.3311803638935089 -0.9431574940681458
    outer loop
      vertex 14.0 7.0 9.461440086364746
      vertex 15.0 6.0 9.08081340789795
      vertex 14.0 6.0 9.110300064086914
    endloop
  endfacet
  facet normal -0.256892591714859 0.10862913727760315 -0.9603155851364136
    outer loop
      vertex 14.0 7.0 9.461440086364746
      vertex 15.0 7.0 9.193931579589844
      vertex 15.0 6.0 9.08081340789795
    endloop
  endfacet
  facet normal -0.027810560539364815 0.3311803638935089 0.9431574940681458
    outer loop
      vertex 15.0 6.0 13.91918659210205
      vertex 14.0 7.0 13.538559913635254
      vertex 14.0 6.0 13.889699935913086
    endloop
  endfacet
  facet normal -0.256892591714859 0.10862913727760315 0.9603155851364136
    outer loop
      vertex 15.0 7.0 13.806068420410156
      vertex 14.0 7.0 13.538559913635254
      vertex 15.0 6.0 13.91918659210205
    endloop
  endfacet
  facet normal -0.42801713943481445 0.5434392094612122 -0.7221323847770691
    outer loop
      vertex 14.0 7.0 9.461440086364746
      vertex 14.0 7.715648651123047 10.0
      vertex 14.361031532287598 8.0 10.0
    endloop
  endfacet
  facet normal -0.4428127706050873 0.5437986850738525 -0.712881326675415
    outer loop
      vertex 15.0 8.0 9.60309886932373
      vertex 14.0 7.0 9.461440086364746
      vertex 14.361031532287598 8.0 10.0
    endloop
  endfacet
  facet normal -0.24032871425151825 0.36759448051452637 -0.8983965516090393
    outer loop
      vertex 15.0 7.0 9.193931579589844
      vertex 14.0 7.0 9.461440086364746
      vertex 15.0 8.0 9.60309886932373
    endloop
  endfacet
  facet normal -0.5486323237419128 0.6965804100036621 -0.46236172318458557
    outer loop
      vertex 14.0 8.0 10.42839527130127
      vertex 14.361031532287598 8.0 10.0
      vertex 14.0 7.715648651123047 10.0
    endloop
  endfacet
  facet normal -0.5486323237419128 0.6965804100036621 0.46236172318458557
    outer loop
      vertex 14.361031532287598 8.0 13.0
      vertex 14.0 8.0 12.57160472869873
      vertex 14.0 7.715648651123047 13.0
    endloop
  endfacet
  facet normal -0.43836838006973267 0.5565819144248962 0.7057263255119324
    outer loop
      vertex 15.0 8.0 13.39690113067627
      vertex 14.361031532287598 8.0 13.0
      vertex 14.0 7.715648651123047 13.0
    endloop
  endfacet
  facet normal -0.4386478364467621 0.5403656363487244 0.7180481553077698
    outer loop
      vertex 14.0 7.0 13.538559913635254
      vertex 15.0 8.0 13.39690113067627
      vertex 14.0 7.715648651123047 13.0
    endloop
  endfacet
  facet normal -0.24032871425151825 0.36759448051452637 0.8983965516090393
    outer loop
      vertex 15.0 7.0 13.806068420410156
      vertex 15.0 8.0 13.39690113067627
      vertex 14.0 7.0 13.538559913635254
    endloop
  endfacet
  facet normal -0.4666707217693329 0.4666707217693329 -0.7512900829315186
    outer loop
      vertex 15.0 8.638968467712402 10.0
      vertex 15.0 8.0 9.60309886932373
      vertex 14.361031532287598 8.0 10.0
    endloop
  endfacet
  facet normal -0.7564194798469543 0.5001586675643921 -0.42151033878326416
    outer loop
      vertex 15.0 9.0 10.42839527130127
      vertex 15.0 8.638968467712402 10.0
      vertex 14.681476593017578 9.0 11.0
    endloop
  endfacet
  facet normal -0.637344241142273 0.637344241142273 -0.43311041593551636
    outer loop
      vertex 14.681476593017578 9.0 11.0
      vertex 15.0 8.638968467712402 10.0
      vertex 14.0 8.318523406982422 11.0
    endloop
  endfacet
  facet normal -0.637344241142273 0.637344241142273 -0.43311041593551636
    outer loop
      vertex 15.0 8.638968467712402 10.0
      vertex 14.361031532287598 8.0 10.0
      vertex 14.0 8.318523406982422 11.0
    endloop
  endfacet
  facet normal -0.5001586675643921 0.7564194798469543 -0.42151033878326416
    outer loop
      vertex 14.361031532287598 8.0 10.0
      vertex 14.0 8.0 10.42839527130127
      vertex 14.0 8.318523406982422 11.0
    endloop
  endfacet
  facet normal -0.7071068286895752 0.7071068286895752 0.0
    outer loop
      vertex 14.0 8.318523406982422 12.0
      vertex 14.681476593017578 9.0 12.0
      vertex 14.0 8.318523406982422 11.0
    endloop
  endfacet
  facet normal -0.7071068286895752 0.7071068286895752 0.0
    outer loop
      vertex 14.0 8.318523406982422 11.0
      vertex 14.681476593017578 9.0 12.0
      vertex 14.681476593017578 9.0 11.0
    endloop
  endfacet
  facet normal -0.657877504825592 0.657877504825592 0.3665983974933624
    outer loop
      vertex 15.0 9.0 12.57160472869873
      vertex 14.681476593017578 9.0 12.0
      vertex 14.0 8.318523406982422 12.0
    endloop
  endfacet
  facet normal -0.657877504825592 0.657877504825592 0.3665983974933624
    outer loop
      vertex 15.0 9.0 12.57160472869873
      vertex 14.0 8.318523406982422 12.0
      vertex 14.0 8.0 12.57160472869873
    endloop
  endfacet
  facet normal -0.607430636882782 0.607430636882782 0.5119141340255737
    outer loop
      vertex 15.0 8.638968467712402 13.0
      vertex 15.0 9.0 12.57160472869873
      vertex 14.0 8.0 12.57160472869873
    endloop
  endfacet
  facet normal -0.607430636882782 0.607430636882782 0.5119141340255737
    outer loop
      vertex 14.361031532287598 8.0 13.0
      vertex 15.0 8.638968467712402 13.0
      vertex 14.0 8.0 12.57160472869873
    endloop
  endfacet
  facet normal -0.4666707217693329 0.4666707217693329 0.7512900829315186
    outer loop
      vertex 15.0 8.638968467712402 13.0
      vertex 14.361031532287598 8.0 13.0
      vertex 15.0 8.0 13.39690113067627
    endloop
  endfacet
  facet normal -0.7616249918937683 0.4896964430809021 -0.4244110584259033
    outer loop
      vertex 15.0 9.495399475097656 11.0
      vertex 15.0 9.0 10.42839527130127
      vertex 14.681476593017578 9.0 11.0
    endloop
  endfacet
  facet normal -0.8411380648612976 0.5408204197883606 0.0
    outer loop
      vertex 15.0 9.495399475097656 11.0
      vertex 14.681476593017578 9.0 11.0
      vertex 14.681476593017578 9.0 12.0
    endloop
  endfacet
  facet normal -0.8411380648612976 0.5408204197883606 0.0
    outer loop
      vertex 15.0 9.495399475097656 11.0
      vertex 14.681476593017578 9.0 12.0
      vertex 15.0 9.495399475097656 12.0
    endloop
  endfacet
  facet normal -0.7616249918937683 0.4896964430809021 0.4244110584259033
    outer loop
      vertex 15.0 9.495399475097656 12.0
      vertex 14.681476593017578 9.0 12.0
      vertex 15.0 9.0 12.57160472869873
    endloop
  endfacet
  facet normal -0.7616249918937683 -0.4896964430809021 -0.4244110584259033
    outer loop
      vertex 15.0 14.0 10.42839527130127
      vertex 15.0 13.504600524902344 11.0
      vertex 14.681476593017578 14.0 11.0
    endloop
  endfacet
  facet normal -0.8411380648612976 -0.5408204197883606 0.0
    outer loop
      vertex 15.0 13.504600524902344 12.0
      vertex 14.681476593017578 14.0 12.0
      vertex 14.681476593017578 14.0 11.0
    endloop
  endfacet
  facet normal -0.8411380648612976 -0.5408204197883606 -0.0
    outer loop
      vertex 15.0 13.504600524902344 12.0
      vertex 14.681476593017578 14.0 11.0
      vertex 15.0 13.504600524902344 11.0
    endloop
  endfacet
  facet normal -0.7616249918937683 -0.4896964430809021 0.4244110584259033
    outer loop
      vertex 15.0 14.0 12.57160472869873
      vertex 14.681476593017578 14.0 12.0
      vertex 15.0 13.504600524902344 12.0
    endloop
  endfacet
  facet normal -0.4666707217693329 -0.4666707217693329 -0.7512900829315186
    outer loop
      vertex 15.0 15.0 9.60309886932373
      vertex 15.0 14.361031532287598 10.0
      vertex 14.361031532287598 15.0 10.0
    endloop
  endfacet
  facet normal -0.607430636882782 -0.607430636882782 -0.5119141340255737
    outer loop
      vertex 14.361031532287598 15.0 10.0
      vertex 15.0 14.361031532287598 10.0
      vertex 15.0 14.0 10.42839527130127
    endloop
  endfacet
  facet normal -0.693231999874115 -0.6084423065185547 -0.3862994909286499
    outer loop
      vertex 14.361031532287598 15.0 10.0
      vertex 15.0 14.0 10.42839527130127
      vertex 14.681476593017578 14.0 11.0
    endloop
  endfacet
  facet normal -0.5713573694229126 -0.6646019816398621 -0.4815133213996887
    outer loop
      vertex 14.0 15.0 10.42839527130127
      vertex 14.361031532287598 15.0 10.0
      vertex 14.681476593017578 14.0 11.0
    endloop
  endfacet
  facet normal -0.657877504825592 -0.657877504825592 -0.3665983974933624
    outer loop
      vertex 14.0 14.681476593017578 11.0
      vertex 14.0 15.0 10.42839527130127
      vertex 14.681476593017578 14.0 11.0
    endloop
  endfacet
  facet normal -0.7071068286895752 -0.7071068286895752 0.0
    outer loop
      vertex 14.0 14.681476593017578 11.0
      vertex 14.681476593017578 14.0 11.0
      vertex 14.0 14.681476593017578 12.0
    endloop
  endfacet
  facet normal -0.7071068286895752 -0.7071068286895752 0.0
    outer loop
      vertex 14.0 14.681476593017578 12.0
      vertex 14.681476593017578 14.0 11.0
      vertex 14.681476593017578 14.0 12.0
    endloop
  endfacet
  facet normal -0.607430636882782 -0.607430636882782 0.5119141340255737
    outer loop
      vertex 15.0 14.361031532287598 13.0
      vertex 14.361031532287598 15.0 13.0
      vertex 14.0 15.0 12.57160472869873
    endloop
  endfacet
  facet normal -0.6084423065185547 -0.693231999874115 0.3862994909286499
    outer loop
      vertex 15.0 14.361031532287598 13.0
      vertex 14.0 15.0 12.57160472869873
      vertex 14.0 14.681476593017578 12.0
    endloop
  endfacet
  facet normal -0.6646019816398621 -0.5713573694229126 0.4815133213996887
    outer loop
      vertex 15.0 14.0 12.57160472869873
      vertex 15.0 14.361031532287598 13.0
      vertex 14.0 14.681476593017578 12.0
    endloop
  endfacet
  facet normal -0.657877504825592 -0.657877504825592 0.3665983974933624
    outer loop
      vertex 14.681476593017578 14.0 12.0
      vertex 15.0 14.0 12.57160472869873
      vertex 14.0 14.681476593017578 12.0
    endloop
  endfacet
  facet normal -0.4666707217693329 -0.4666707217693329 0.7512900829315186
    outer loop
      vertex 15.0 15.0 13.39690113067627
      vertex 14.361031532287598 15.0 13.0
      vertex 15.0 14.361031532287598 13.0
    endloop
  endfacet
  facet normal -0.43836838006973267 -0.5565819144248962 -0.7057263255119324
    outer loop
      vertex 15.0 15.0 9.60309886932373
      vertex 14.361031532287598 15.0 10.0
      vertex 14.0 15.284351348876953 10.0
    endloop
  endfacet
  facet normal -0.4386478364467621 -0.5403656363487244 -0.7180481553077698
    outer loop
      vertex 14.0 16.0 9.461440086364746
      vertex 15.0 15.0 9.60309886932373
      vertex 14.0 15.284351348876953 10.0
    endloop
  endfacet
  facet normal -0.24032871425151825 -0.36759448051452637 -0.8983965516090393
    outer loop
      vertex 15.0 16.0 9.193931579589844
      vertex 15.0 15.0 9.60309886932373
      vertex 14.0 16.0 9.461440086364746
    endloop
  endfacet
  facet normal -0.5486323237419128 -0.6965804100036621 -0.46236172318458557
    outer loop
      vertex 14.0 15.284351348876953 10.0
      vertex 14.361031532287598 15.0 10.0
      vertex 14.0 15.0 10.42839527130127
    endloop
  endfacet
  facet normal -0.5486323237419128 -0.6965804100036621 0.46236172318458557
    outer loop
      vertex 14.361031532287598 15.0 13.0
      vertex 14.0 15.284351348876953 13.0
      vertex 14.0 15.0 12.57160472869873
    endloop
  endfacet
  facet normal -0.42801713943481445 -0.5434392094612122 0.7221323847770691
    outer loop
      vertex 14.0 16.0 13.538559913635254
      vertex 14.0 15.284351348876953 13.0
      vertex 14.361031532287598 15.0 13.0
    endloop
  endfacet
  facet normal -0.4428127706050873 -0.5437986850738525 0.712881326675415
    outer loop
      vertex 15.0 15.0 13.39690113067627
      vertex 14.0 16.0 13.538559913635254
      vertex 14.361031532287598 15.0 13.0
    endloop
  endfacet
  facet normal -0.24032871425151825 -0.36759448051452637 0.8983965516090393
    outer loop
      vertex 15.0 16.0 13.806068420410156
      vertex 14.0 16.0 13.538559913635254
      vertex 15.0 15.0 13.39690113067627
    endloop
  endfacet
  facet normal -0.24472540616989136 -0.32123419642448425 -0.9148322343826294
    outer loop
      vertex 14.0 17.0 9.110300064086914
      vertex 15.0 16.0 9.193931579589844
      vertex 14.0 16.0 9.461440086364746
    endloop
  endfacet
  facet normal -0.029287226498126984 -0.11235310882329941 -0.9932366013526917
    outer loop
      vertex 14.0 17.0 9.110300064086914
      vertex 15.0 17.0 9.08081340789795
      vertex 15.0 16.0 9.193931579589844
    endloop
  endfacet
  facet normal -0.24472540616989136 -0.32123419642448425 0.9148322343826294
    outer loop
      vertex 15.0 16.0 13.806068420410156
      vertex 14.0 17.0 13.889699935913086
      vertex 14.0 16.0 13.538559913635254
    endloop
  endfacet
  facet normal -0.029287226498126984 -0.11235310882329941 0.9932366013526917
    outer loop
      vertex 15.0 17.0 13.91918659210205
      vertex 14.0 17.0 13.889699935913086
      vertex 15.0 16.0 13.806068420410156
    endloop
  endfacet
  facet normal -0.029459457844495773 0.031244993209838867 -0.999077558517456
    outer loop
      vertex 14.0 18.0 9.141573905944824
      vertex 15.0 17.0 9.08081340789795
      vertex 14.0 17.0 9.110300064086914
    endloop
  endfacet
  facet normal 0.13932488858699799 0.19827434420585632 -0.9701936841011047
    outer loop
      vertex 14.0 18.0 9.141573905944824
      vertex 15.0 18.0 9.285179138183594
      vertex 15.0 17.0 9.08081340789795
    endloop
  endfacet
  facet normal -0.029459457844495773 0.031244993209838867 0.999077558517456
    outer loop
      vertex 15.0 17.0 13.91918659210205
      vertex 14.0 18.0 13.858426094055176
      vertex 14.0 17.0 13.889699935913086
    endloop
  endfacet
  facet normal 0.13932488858699799 0.19827434420585632 0.9701936841011047
    outer loop
      vertex 15.0 18.0 13.714820861816406
      vertex 14.0 18.0 13.858426094055176
      vertex 15.0 17.0 13.91918659210205
    endloop
  endfacet
  facet normal 0.1290949434041977 0.41858184337615967 -0.8989570736885071
    outer loop
      vertex 14.0 19.0 9.60720443725586
      vertex 15.0 18.0 9.285179138183594
      vertex 14.0 18.0 9.141573905944824
    endloop
  endfacet
  facet normal 0.27288690209388733 0.5311854481697083 -0.8021064400672913
    outer loop
      vertex 14.0 19.0 9.60720443725586
      vertex 15.0 19.0 9.947417259216309
      vertex 15.0 18.0 9.285179138183594
    endloop
  endfacet
  facet normal 0.1290949434041977 0.41858184337615967 0.8989570736885071
    outer loop
      vertex 15.0 18.0 13.714820861816406
      vertex 14.0 19.0 13.39279556274414
      vertex 14.0 18.0 13.858426094055176
    endloop
  endfacet
  facet normal 0.27288690209388733 0.5311854481697083 0.8021064400672913
    outer loop
      vertex 15.0 19.0 13.052582740783691
      vertex 14.0 19.0 13.39279556274414
      vertex 15.0 18.0 13.714820861816406
    endloop
  endfacet
  facet normal 0.228366881608963 0.7051778435707092 -0.671247124671936
    outer loop
      vertex 15.0 19.050052642822266 10.0
      vertex 15.0 19.0 9.947417259216309
      vertex 14.0 19.0 9.60720443725586
    endloop
  endfacet
  facet normal 0.2438800036907196 0.6652620434761047 -0.7056549787521362
    outer loop
      vertex 15.0 19.050052642822266 10.0
      vertex 14.0 19.0 9.60720443725586
      vertex 14.0 19.416645050048828 10.0
    endloop
  endfacet
  facet normal 0.31048527359962463 0.8456823229789734 -0.43407416343688965
    outer loop
      vertex 15.0 19.562786102294922 11.0
      vertex 14.0 19.416645050048828 10.0
      vertex 14.0 19.929927825927734 11.0
    endloop
  endfacet
  facet normal 0.3101279139518738 0.8459747433662415 -0.43375957012176514
    outer loop
      vertex 15.0 19.562786102294922 11.0
      vertex 15.0 19.050052642822266 10.0
      vertex 14.0 19.416645050048828 10.0
    endloop
  endfacet
  facet normal 0.34464773535728455 0.9387321472167969 0.0
    outer loop
      vertex 15.0 19.562786102294922 12.0
      vertex 14.0 19.929927825927734 11.0
      vertex 14.0 19.929927825927734 12.0
    endloop
  endfacet
  facet normal 0.34464773535728455 0.9387321472167969 0.0
    outer loop
      vertex 15.0 19.562786102294922 12.0
      vertex 15.0 19.562786102294922 11.0
      vertex 14.0 19.929927825927734 11.0
    endloop
  endfacet
  facet normal 0.3100653886795044 0.8458041548728943 0.4341367185115814
    outer loop
      vertex 15.0 19.050052642822266 13.0
      vertex 14.0 19.929927825927734 12.0
      vertex 14.0 19.416645050048828 13.0
    endloop
  endfacet
  facet normal 0.3105478584766388 0.845852792263031 0.43369701504707336
    outer loop
      vertex 15.0 19.050052642822266 13.0
      vertex 15.0 19.562786102294922 12.0
      vertex 14.0 19.929927825927734 12.0
    endloop
  endfacet
  facet normal 0.24029432237148285 0.6658757925033569 0.7063059210777283
    outer loop
      vertex 14.0 19.416645050048828 13.0
      vertex 14.0 19.0 13.39279556274414
      vertex 15.0 19.0 13.052582740783691
    endloop
  endfacet
  facet normal 0.2566363215446472 0.7000590562820435 0.6663746237754822
    outer loop
      vertex 14.0 19.416645050048828 13.0
      vertex 15.0 19.0 13.052582740783691
      vertex 15.0 19.050052642822266 13.0
    endloop
  endfacet
  facet normal 0.3393901586532593 -0.6813248991966248 -0.6485450267791748
    outer loop
      vertex 15.0 4.0 9.947417259216309
      vertex 15.100481033325195 4.0 10.0
      vertex 15.0 3.9499471187591553 10.0
    endloop
  endfacet
  facet normal 0.4057684540748596 -0.8145791292190552 -0.4145031273365021
    outer loop
      vertex 15.0 3.9499471187591553 10.0
      vertex 15.100481033325195 4.0 10.0
      vertex 16.0 4.0 10.880563735961914
    endloop
  endfacet
  facet normal 0.37913623452186584 -0.8425072431564331 -0.38267114758491516
    outer loop
      vertex 16.0 3.945751428604126 11.0
      vertex 15.0 3.9499471187591553 10.0
      vertex 16.0 4.0 10.880563735961914
    endloop
  endfacet
  facet normal 0.4122738540172577 -0.8107060194015503 -0.4156753420829773
    outer loop
      vertex 15.0 3.4372146129608154 11.0
      vertex 15.0 3.9499471187591553 10.0
      vertex 16.0 3.945751428604126 11.0
    endloop
  endfacet
  facet normal 0.453290730714798 -0.8913626670837402 0.0
    outer loop
      vertex 15.0 3.4372146129608154 11.0
      vertex 16.0 3.945751428604126 12.0
      vertex 15.0 3.4372146129608154 12.0
    endloop
  endfacet
  facet normal 0.453290730714798 -0.8913626670837402 0.0
    outer loop
      vertex 16.0 3.945751428604126 11.0
      vertex 16.0 3.945751428604126 12.0
      vertex 15.0 3.4372146129608154 11.0
    endloop
  endfacet
  facet normal 0.37524834275245667 -0.843949019908905 0.3833260238170624
    outer loop
      vertex 16.0 3.945751428604126 12.0
      vertex 16.0 4.0 12.119436264038086
      vertex 15.100481033325195 4.0 13.0
    endloop
  endfacet
  facet normal 0.40665990114212036 -0.8163686990737915 0.41008511185646057
    outer loop
      vertex 15.0 3.9499471187591553 13.0
      vertex 16.0 3.945751428604126 12.0
      vertex 15.100481033325195 4.0 13.0
    endloop
  endfacet
  facet normal 0.4122738540172577 -0.8107060194015503 0.4156753420829773
    outer loop
      vertex 15.0 3.4372146129608154 12.0
      vertex 16.0 3.945751428604126 12.0
      vertex 15.0 3.9499471187591553 13.0
    endloop
  endfacet
  facet normal 0.3393901586532593 -0.6813248991966248 0.6485450267791748
    outer loop
      vertex 15.100481033325195 4.0 13.0
      vertex 15.0 4.0 13.052582740783691
      vertex 15.0 3.9499471187591553 13.0
    endloop
  endfacet
  facet normal 0.34605175256729126 -0.5959216356277466 -0.7246555685997009
    outer loop
      vertex 16.0 5.0 9.60720443725586
      vertex 16.0 4.522350788116455 10.0
      vertex 15.100481033325195 4.0 10.0
    endloop
  endfacet
  facet normal 0.3682429790496826 -0.6076440215110779 -0.7036802768707275
    outer loop
      vertex 15.0 4.0 9.947417259216309
      vertex 16.0 5.0 9.60720443725586
      vertex 15.100481033325195 4.0 10.0
    endloop
  endfacet
  facet normal 0.2593052089214325 -0.5332556366920471 -0.8052324652671814
    outer loop
      vertex 15.0 5.0 9.285179138183594
      vertex 16.0 5.0 9.60720443725586
      vertex 15.0 4.0 9.947417259216309
    endloop
  endfacet
  facet normal 0.4468114674091339 -0.7694358229637146 -0.4564296305179596
    outer loop
      vertex 15.100481033325195 4.0 10.0
      vertex 16.0 4.522350788116455 10.0
      vertex 16.0 4.0 10.880563735961914
    endloop
  endfacet
  facet normal 0.4468114674091339 -0.7694358229637146 0.4564296305179596
    outer loop
      vertex 16.0 4.0 12.119436264038086
      vertex 16.0 4.522350788116455 13.0
      vertex 15.100481033325195 4.0 13.0
    endloop
  endfacet
  facet normal 0.3623313009738922 -0.6239559650421143 0.6923835277557373
    outer loop
      vertex 15.0 4.0 13.052582740783691
      vertex 15.100481033325195 4.0 13.0
      vertex 16.0 4.522350788116455 13.0
    endloop
  endfacet
  facet normal 0.3489803075790405 -0.5952322483062744 0.7238172292709351
    outer loop
      vertex 16.0 5.0 13.39279556274414
      vertex 15.0 4.0 13.052582740783691
      vertex 16.0 4.522350788116455 13.0
    endloop
  endfacet
  facet normal 0.2593052089214325 -0.5332556366920471 0.8052324652671814
    outer loop
      vertex 15.0 5.0 13.714820861816406
      vertex 15.0 4.0 13.052582740783691
      vertex 16.0 5.0 13.39279556274414
    endloop
  endfacet
  facet normal 0.3008839190006256 -0.19094885885715485 -0.9343487024307251
    outer loop
      vertex 15.0 6.0 9.08081340789795
      vertex 16.0 5.0 9.60720443725586
      vertex 15.0 5.0 9.285179138183594
    endloop
  endfacet
  facet normal 0.09106843918561935 -0.39103224873542786 -0.9158604145050049
    outer loop
      vertex 15.0 6.0 9.08081340789795
      vertex 16.0 6.0 9.180248260498047
      vertex 16.0 5.0 9.60720443725586
    endloop
  endfacet
  facet normal 0.3008839190006256 -0.19094885885715485 0.9343487024307251
    outer loop
      vertex 16.0 5.0 13.39279556274414
      vertex 15.0 6.0 13.91918659210205
      vertex 15.0 5.0 13.714820861816406
    endloop
  endfacet
  facet normal 0.09106843918561935 -0.39103224873542786 0.9158604145050049
    outer loop
      vertex 16.0 6.0 13.819751739501953
      vertex 15.0 6.0 13.91918659210205
      vertex 16.0 5.0 13.39279556274414
    endloop
  endfacet
  facet normal 0.0983259379863739 0.11185666173696518 -0.9888478517532349
    outer loop
      vertex 15.0 7.0 9.193931579589844
      vertex 16.0 6.0 9.180248260498047
      vertex 15.0 6.0 9.08081340789795
    endloop
  endfacet
  facet normal -0.11289780586957932 -0.09937012940645218 -0.988625168800354
    outer loop
      vertex 15.0 7.0 9.193931579589844
      vertex 16.0 7.0 9.079734802246094
      vertex 16.0 6.0 9.180248260498047
    endloop
  endfacet
  facet normal 0.0983259379863739 0.11185666173696518 0.9888478517532349
    outer loop
      vertex 16.0 6.0 13.819751739501953
      vertex 15.0 7.0 13.806068420410156
      vertex 15.0 6.0 13.91918659210205
    endloop
  endfacet
  facet normal -0.11289780586957932 -0.09937012940645218 0.988625168800354
    outer loop
      vertex 16.0 7.0 13.920265197753906
      vertex 15.0 7.0 13.806068420410156
      vertex 16.0 6.0 13.819751739501953
    endloop
  endfacet
  facet normal -0.10510622709989548 0.3765958249568939 -0.9203957319259644
    outer loop
      vertex 15.0 8.0 9.60309886932373
      vertex 16.0 7.0 9.079734802246094
      vertex 15.0 7.0 9.193931579589844
    endloop
  endfacet
  facet normal -0.3765958249568939 0.10510622709989548 -0.9203957319259644
    outer loop
      vertex 15.0 8.0 9.60309886932373
      vertex 16.0 8.0 9.193931579589844
      vertex 16.0 7.0 9.079734802246094
    endloop
  endfacet
  facet normal -0.10510622709989548 0.3765958249568939 0.9203957319259644
    outer loop
      vertex 16.0 7.0 13.920265197753906
      vertex 15.0 8.0 13.39690113067627
      vertex 15.0 7.0 13.806068420410156
    endloop
  endfacet
  facet normal -0.3765958249568939 0.10510622709989548 0.9203957319259644
    outer loop
      vertex 16.0 8.0 13.806068420410156
      vertex 15.0 8.0 13.39690113067627
      vertex 16.0 7.0 13.920265197753906
    endloop
  endfacet
  facet normal -0.5565819144248962 0.43836838006973267 -0.7057263255119324
    outer loop
      vertex 15.0 8.0 9.60309886932373
      vertex 15.0 8.638968467712402 10.0
      vertex 15.284351348876953 9.0 10.0
    endloop
  endfacet
  facet normal -0.5403656363487244 0.4386478364467621 -0.7180481553077698
    outer loop
      vertex 16.0 9.0 9.461440086364746
      vertex 15.0 8.0 9.60309886932373
      vertex 15.284351348876953 9.0 10.0
    endloop
  endfacet
  facet normal -0.36759448051452637 0.24032871425151825 -0.8983965516090393
    outer loop
      vertex 16.0 8.0 9.193931579589844
      vertex 15.0 8.0 9.60309886932373
      vertex 16.0 9.0 9.461440086364746
    endloop
  endfacet
  facet normal -0.6965804100036621 0.5486323237419128 -0.46236172318458557
    outer loop
      vertex 15.0 9.0 10.42839527130127
      vertex 15.284351348876953 9.0 10.0
      vertex 15.0 8.638968467712402 10.0
    endloop
  endfacet
  facet normal -0.6965804100036621 0.5486323237419128 0.46236172318458557
    outer loop
      vertex 15.284351348876953 9.0 13.0
      vertex 15.0 9.0 12.57160472869873
      vertex 15.0 8.638968467712402 13.0
    endloop
  endfacet
  facet normal -0.5434392094612122 0.42801713943481445 0.7221323847770691
    outer loop
      vertex 16.0 9.0 13.538559913635254
      vertex 15.284351348876953 9.0 13.0
      vertex 15.0 8.638968467712402 13.0
    endloop
  endfacet
  facet normal -0.5437986850738525 0.4428127706050873 0.712881326675415
    outer loop
      vertex 15.0 8.0 13.39690113067627
      vertex 16.0 9.0 13.538559913635254
      vertex 15.0 8.638968467712402 13.0
    endloop
  endfacet
  facet normal -0.36759448051452637 0.24032871425151825 0.8983965516090393
    outer loop
      vertex 16.0 8.0 13.806068420410156
      vertex 16.0 9.0 13.538559913635254
      vertex 15.0 8.0 13.39690113067627
    endloop
  endfacet
  facet normal -0.5762174129486084 0.2858221232891083 -0.7656886577606201
    outer loop
      vertex 16.0 9.0 9.461440086364746
      vertex 15.284351348876953 9.0 10.0
      vertex 15.780383110046387 10.0 10.0
    endloop
  endfacet
  facet normal -0.6916015148162842 0.2188219577074051 -0.6883344650268555
    outer loop
      vertex 16.0 9.0 9.461440086364746
      vertex 15.780383110046387 10.0 10.0
      vertex 16.0 10.0 9.779340744018555
    endloop
  endfacet
  facet normal -0.8186031579971313 0.43403396010398865 -0.3761693835258484
    outer loop
      vertex 15.0 9.495399475097656 11.0
      vertex 15.267545700073242 10.0 11.0
      vertex 15.0 9.0 10.42839527130127
    endloop
  endfacet
  facet normal -0.7334080338478088 0.4744810163974762 -0.4868064224720001
    outer loop
      vertex 15.267545700073242 10.0 11.0
      vertex 15.284351348876953 9.0 10.0
      vertex 15.0 9.0 10.42839527130127
    endloop
  endfacet
  facet normal -0.8140446543693542 0.40379199385643005 -0.4174725413322449
    outer loop
      vertex 15.267545700073242 10.0 11.0
      vertex 15.780383110046387 10.0 10.0
      vertex 15.284351348876953 9.0 10.0
    endloop
  endfacet
  facet normal -0.8834950923919678 0.4684404730796814 0.0
    outer loop
      vertex 15.0 9.495399475097656 12.0
      vertex 15.267545700073242 10.0 12.0
      vertex 15.0 9.495399475097656 11.0
    endloop
  endfacet
  facet normal -0.8834950923919678 0.4684404730796814 0.0
    outer loop
      vertex 15.0 9.495399475097656 11.0
      vertex 15.267545700073242 10.0 12.0
      vertex 15.267545700073242 10.0 11.0
    endloop
  endfacet
  facet normal -0.7023604512214661 0.5379116535186768 0.46619829535484314
    outer loop
      vertex 15.0 9.0 12.57160472869873
      vertex 15.284351348876953 9.0 13.0
      vertex 15.0 9.495399475097656 12.0
    endloop
  endfacet
  facet normal -0.7954679131507874 0.42176735401153564 0.43513569235801697
    outer loop
      vertex 15.284351348876953 9.0 13.0
      vertex 15.267545700073242 10.0 12.0
      vertex 15.0 9.495399475097656 12.0
    endloop
  endfacet
  facet normal -0.8140446543693542 0.40379199385643005 0.4174725413322449
    outer loop
      vertex 15.284351348876953 9.0 13.0
      vertex 15.780383110046387 10.0 13.0
      vertex 15.267545700073242 10.0 12.0
    endloop
  endfacet
  facet normal -0.5827947854995728 0.24619141221046448 0.7744288444519043
    outer loop
      vertex 15.284351348876953 9.0 13.0
      vertex 16.0 9.0 13.538559913635254
      vertex 16.0 10.0 13.220659255981445
    endloop
  endfacet
  facet normal -0.6686574220657349 0.33167532086372375 0.6654987931251526
    outer loop
      vertex 15.284351348876953 9.0 13.0
      vertex 16.0 10.0 13.220659255981445
      vertex 15.780383110046387 10.0 13.0
    endloop
  endfacet
  facet normal -0.7005548477172852 0.1518934667110443 -0.6972454786300659
    outer loop
      vertex 16.0 10.0 9.779340744018555
      vertex 15.780383110046387 10.0 10.0
      vertex 15.997201919555664 11.0 10.0
    endloop
  endfacet
  facet normal -0.750715970993042 0.14034497737884521 -0.6455453038215637
    outer loop
      vertex 16.0 10.0 9.779340744018555
      vertex 15.997201919555664 11.0 10.0
      vertex 16.0 11.0 9.996746063232422
    endloop
  endfacet
  facet normal -0.8669896721839905 0.22502808272838593 -0.44462475180625916
    outer loop
      vertex 15.52709674835205 11.0 11.0
      vertex 15.780383110046387 10.0 10.0
      vertex 15.267545700073242 10.0 11.0
    endloop
  endfacet
  facet normal -0.8880528211593628 0.192546546459198 -0.41747820377349854
    outer loop
      vertex 15.997201919555664 11.0 10.0
      vertex 15.780383110046387 10.0 10.0
      vertex 15.52709674835205 11.0 11.0
    endloop
  endfacet
  facet normal -0.9679282307624817 0.2512267827987671 0.0
    outer loop
      vertex 15.52709674835205 11.0 12.0
      vertex 15.267545700073242 10.0 11.0
      vertex 15.267545700073242 10.0 12.0
    endloop
  endfacet
  facet normal -0.9679282307624817 0.2512267827987671 0.0
    outer loop
      vertex 15.52709674835205 11.0 11.0
      vertex 15.267545700073242 10.0 11.0
      vertex 15.52709674835205 11.0 12.0
    endloop
  endfacet
  facet normal -0.8736998438835144 0.18943455815315247 0.44806596636772156
    outer loop
      vertex 15.997201919555664 11.0 13.0
      vertex 15.267545700073242 10.0 12.0
      vertex 15.780383110046387 10.0 13.0
    endloop
  endfacet
  facet normal -0.8810091614723206 0.22866685688495636 0.41416695713996887
    outer loop
      vertex 15.52709674835205 11.0 12.0
      vertex 15.267545700073242 10.0 12.0
      vertex 15.997201919555664 11.0 13.0
    endloop
  endfacet
  facet normal -0.7005876302719116 0.1515919715166092 0.6972781419754028
    outer loop
      vertex 15.780383110046387 10.0 13.0
      vertex 16.0 10.0 13.220659255981445
      vertex 16.0 11.0 13.003253936767578
    endloop
  endfacet
  facet normal -0.7481775283813477 0.16221895813941956 0.6433625221252441
    outer loop
      vertex 15.780383110046387 10.0 13.0
      vertex 16.0 11.0 13.003253936767578
      vertex 15.997201919555664 11.0 13.0
    endloop
  endfacet
  facet normal -0.7582203149795532 0.0 -0.6519984006881714
    outer loop
      vertex 16.0 11.0 9.996746063232422
      vertex 15.997201919555664 11.0 10.0
      vertex 15.997201919555664 12.0 10.0
    endloop
  endfacet
  facet normal -0.7582203149795532 0.0 -0.6519984006881714
    outer loop
      vertex 16.0 11.0 9.996746063232422
      vertex 15.997201919555664 12.0 10.0
      vertex 16.0 12.0 9.996746063232422
    endloop
  endfacet
  facet normal -0.9049870371818542 -0.0 -0.42543908953666687
    outer loop
      vertex 15.52709674835205 12.0 11.0
      vertex 15.997201919555664 11.0 10.0
      vertex 15.52709674835205 11.0 11.0
    endloop
  endfacet
  facet normal -0.9049870371818542 -0.0 -0.42543908953666687
    outer loop
      vertex 15.997201919555664 12.0 10.0
      vertex 15.997201919555664 11.0 10.0
      vertex 15.52709674835205 12.0 11.0
    endloop
  endfacet
  facet normal -1.0 -0.0 0.0
    outer loop
      vertex 15.52709674835205 12.0 12.0
      vertex 15.52709674835205 11.0 11.0
      vertex 15.52709674835205 11.0 12.0
    endloop
  endfacet
  facet normal -1.0 0.0 0.0
    outer loop
      vertex 15.52709674835205 12.0 11.0
      vertex 15.52709674835205 11.0 11.0
      vertex 15.52709674835205 12.0 12.0
    endloop
  endfacet
  facet normal -0.9049870371818542 0.0 0.42543908953666687
    outer loop
      vertex 15.997201919555664 12.0 13.0
      vertex 15.52709674835205 11.0 12.0
      vertex 15.997201919555664 11.0 13.0
    endloop
  endfacet
  facet normal -0.9049870371818542 0.0 0.42543908953666687
    outer loop
      vertex 15.52709674835205 12.0 12.0
      vertex 15.52709674835205 11.0 12.0
      vertex 15.997201919555664 12.0 13.0
    endloop
  endfacet
  facet normal -0.7582203149795532 0.0 0.6519984006881714
    outer loop
      vertex 15.997201919555664 11.0 13.0
      vertex 16.0 11.0 13.003253936767578
      vertex 16.0 12.0 13.003253936767578
    endloop
  endfacet
  facet normal -0.7582203149795532 0.0 0.6519984006881714
    outer loop
      vertex 15.997201919555664 11.0 13.0
      vertex 16.0 12.0 13.003253936767578
      vertex 15.997201919555664 12.0 13.0
    endloop
  endfacet
  facet normal -0.7481775283813477 -0.16221895813941956 -0.6433625221252441
    outer loop
      vertex 16.0 12.0 9.996746063232422
      vertex 15.997201919555664 12.0 10.0
      vertex 15.780383110046387 13.0 10.0
    endloop
  endfacet
  facet normal -0.7005876302719116 -0.1515919715166092 -0.6972781419754028
    outer loop
      vertex 16.0 12.0 9.996746063232422
      vertex 15.780383110046387 13.0 10.0
      vertex 16.0 13.0 9.779340744018555
    endloop
  endfacet
  facet normal -0.8810091614723206 -0.22866685688495636 -0.41416695713996887
    outer loop
      vertex 15.267545700073242 13.0 11.0
      vertex 15.997201919555664 12.0 10.0
      vertex 15.52709674835205 12.0 11.0
    endloop
  endfacet
  facet normal -0.8736998438835144 -0.18943455815315247 -0.44806596636772156
    outer loop
      vertex 15.780383110046387 13.0 10.0
      vertex 15.997201919555664 12.0 10.0
      vertex 15.267545700073242 13.0 11.0
    endloop
  endfacet
  facet normal -0.9679282307624817 -0.2512267827987671 0.0
    outer loop
      vertex 15.267545700073242 13.0 12.0
      vertex 15.52709674835205 12.0 11.0
      vertex 15.52709674835205 12.0 12.0
    endloop
  endfacet
  facet normal -0.9679282307624817 -0.2512267827987671 0.0
    outer loop
      vertex 15.267545700073242 13.0 11.0
      vertex 15.52709674835205 12.0 11.0
      vertex 15.267545700073242 13.0 12.0
    endloop
  endfacet
  facet normal -0.8880528211593628 -0.192546546459198 0.41747820377349854
    outer loop
      vertex 15.780383110046387 13.0 13.0
      vertex 15.52709674835205 12.0 12.0
      vertex 15.997201919555664 12.0 13.0
    endloop
  endfacet
  facet normal -0.8669896721839905 -0.22502808272838593 0.44462475180625916
    outer loop
      vertex 15.267545700073242 13.0 12.0
      vertex 15.52709674835205 12.0 12.0
      vertex 15.780383110046387 13.0 13.0
    endloop
  endfacet
  facet normal -0.750715970993042 -0.14034497737884521 0.6455453038215637
    outer loop
      vertex 15.997201919555664 12.0 13.0
      vertex 16.0 12.0 13.003253936767578
      vertex 16.0 13.0 13.220659255981445
    endloop
  endfacet
  facet normal -0.7005548477172852 -0.1518934667110443 0.6972454786300659
    outer loop
      vertex 15.997201919555664 12.0 13.0
      vertex 16.0 13.0 13.220659255981445
      vertex 15.780383110046387 13.0 13.0
    endloop
  endfacet
  facet normal -0.6686574220657349 -0.33167535066604614 -0.6654987931251526
    outer loop
      vertex 16.0 13.0 9.779340744018555
      vertex 15.780383110046387 13.0 10.0
      vertex 15.284351348876953 14.0 10.0
    endloop
  endfacet
  facet normal -0.5827947854995728 -0.24619142711162567 -0.7744288444519043
    outer loop
      vertex 16.0 13.0 9.779340744018555
      vertex 15.284351348876953 14.0 10.0
      vertex 16.0 14.0 9.461440086364746
    endloop
  endfacet
  facet normal -0.7023604512214661 -0.5379116535186768 -0.46619829535484314
    outer loop
      vertex 15.0 14.0 10.42839527130127
      vertex 15.284351348876953 14.0 10.0
      vertex 15.0 13.504600524902344 11.0
    endloop
  endfacet
  facet normal -0.7954679131507874 -0.42176735401153564 -0.43513569235801697
    outer loop
      vertex 15.284351348876953 14.0 10.0
      vertex 15.267545700073242 13.0 11.0
      vertex 15.0 13.504600524902344 11.0
    endloop
  endfacet
  facet normal -0.8140446543693542 -0.40379199385643005 -0.4174725413322449
    outer loop
      vertex 15.284351348876953 14.0 10.0
      vertex 15.780383110046387 13.0 10.0
      vertex 15.267545700073242 13.0 11.0
    endloop
  endfacet
  facet normal -0.8834950923919678 -0.4684404730796814 0.0
    outer loop
      vertex 15.0 13.504600524902344 11.0
      vertex 15.267545700073242 13.0 11.0
      vertex 15.0 13.504600524902344 12.0
    endloop
  endfacet
  facet normal -0.8834950923919678 -0.4684404730796814 0.0
    outer loop
      vertex 15.0 13.504600524902344 12.0
      vertex 15.267545700073242 13.0 11.0
      vertex 15.267545700073242 13.0 12.0
    endloop
  endfacet
  facet normal -0.8186031579971313 -0.43403396010398865 0.3761693835258484
    outer loop
      vertex 15.0 13.504600524902344 12.0
      vertex 15.267545700073242 13.0 12.0
      vertex 15.0 14.0 12.57160472869873
    endloop
  endfacet
  facet normal -0.7334080338478088 -0.4744810163974762 0.4868064224720001
    outer loop
      vertex 15.267545700073242 13.0 12.0
      vertex 15.284351348876953 14.0 13.0
      vertex 15.0 14.0 12.57160472869873
    endloop
  endfacet
  facet normal -0.8140446543693542 -0.40379199385643005 0.4174725413322449
    outer loop
      vertex 15.267545700073242 13.0 12.0
      vertex 15.780383110046387 13.0 13.0
      vertex 15.284351348876953 14.0 13.0
    endloop
  endfacet
  facet normal -0.6916015148162842 -0.21882198750972748 0.6883344650268555
    outer loop
      vertex 15.780383110046387 13.0 13.0
      vertex 16.0 13.0 13.220659255981445
      vertex 16.0 14.0 13.538559913635254
    endloop
  endfacet
  facet normal -0.5762174129486084 -0.28582215309143066 0.7656886577606201
    outer loop
      vertex 15.780383110046387 13.0 13.0
      vertex 16.0 14.0 13.538559913635254
      vertex 15.284351348876953 14.0 13.0
    endloop
  endfacet
  facet normal -0.5434392094612122 -0.42801713943481445 -0.7221323847770691
    outer loop
      vertex 16.0 14.0 9.461440086364746
      vertex 15.284351348876953 14.0 10.0
      vertex 15.0 14.361031532287598 10.0
    endloop
  endfacet
  facet normal -0.5437986850738525 -0.4428127706050873 -0.712881326675415
    outer loop
      vertex 15.0 15.0 9.60309886932373
      vertex 16.0 14.0 9.461440086364746
      vertex 15.0 14.361031532287598 10.0
    endloop
  endfacet
  facet normal -0.36759448051452637 -0.24032871425151825 -0.8983965516090393
    outer loop
      vertex 16.0 15.0 9.193931579589844
      vertex 16.0 14.0 9.461440086364746
      vertex 15.0 15.0 9.60309886932373
    endloop
  endfacet
  facet normal -0.6965804100036621 -0.5486323237419128 -0.46236172318458557
    outer loop
      vertex 15.0 14.361031532287598 10.0
      vertex 15.284351348876953 14.0 10.0
      vertex 15.0 14.0 10.42839527130127
    endloop
  endfacet
  facet normal -0.6965804100036621 -0.5486323237419128 0.46236172318458557
    outer loop
      vertex 15.284351348876953 14.0 13.0
      vertex 15.0 14.361031532287598 13.0
      vertex 15.0 14.0 12.57160472869873
    endloop
  endfacet
  facet normal -0.5565819144248962 -0.43836838006973267 0.7057263255119324
    outer loop
      vertex 15.0 15.0 13.39690113067627
      vertex 15.0 14.361031532287598 13.0
      vertex 15.284351348876953 14.0 13.0
    endloop
  endfacet
  facet normal -0.5403656363487244 -0.4386478364467621 0.7180481553077698
    outer loop
      vertex 16.0 14.0 13.538559913635254
      vertex 15.0 15.0 13.39690113067627
      vertex 15.284351348876953 14.0 13.0
    endloop
  endfacet
  facet normal -0.36759448051452637 -0.24032871425151825 0.8983965516090393
    outer loop
      vertex 16.0 15.0 13.806068420410156
      vertex 15.0 15.0 13.39690113067627
      vertex 16.0 14.0 13.538559913635254
    endloop
  endfacet
  facet normal -0.35414978861808777 -0.35414978861808777 -0.8655378818511963
    outer loop
      vertex 15.0 16.0 9.193931579589844
      vertex 16.0 15.0 9.193931579589844
      vertex 15.0 15.0 9.60309886932373
    endloop
  endfacet
  facet normal -0.1127360612154007 -0.1127360612154007 -0.9872087836265564
    outer loop
      vertex 15.0 16.0 9.193931579589844
      vertex 16.0 16.0 9.079734802246094
      vertex 16.0 15.0 9.193931579589844
    endloop
  endfacet
  facet normal -0.35414978861808777 -0.35414978861808777 0.8655378818511963
    outer loop
      vertex 16.0 15.0 13.806068420410156
      vertex 15.0 16.0 13.806068420410156
      vertex 15.0 15.0 13.39690113067627
    endloop
  endfacet
  facet normal -0.1127360612154007 -0.1127360612154007 0.9872087836265564
    outer loop
      vertex 16.0 16.0 13.920265197753906
      vertex 15.0 16.0 13.806068420410156
      vertex 16.0 15.0 13.806068420410156
    endloop
  endfacet
  facet normal -0.11274953931570053 -0.11168460547924042 -0.9873268008232117
    outer loop
      vertex 15.0 17.0 9.08081340789795
      vertex 16.0 16.0 9.079734802246094
      vertex 15.0 16.0 9.193931579589844
    endloop
  endfacet
  facet normal 0.09845565259456635 0.0995236337184906 -0.9901522994041443
    outer loop
      vertex 15.0 17.0 9.08081340789795
      vertex 16.0 17.0 9.180248260498047
      vertex 16.0 16.0 9.079734802246094
    endloop
  endfacet
  facet normal -0.11274953931570053 -0.11168460547924042 0.9873268008232117
    outer loop
      vertex 16.0 16.0 13.920265197753906
      vertex 15.0 17.0 13.91918659210205
      vertex 15.0 16.0 13.806068420410156
    endloop
  endfacet
  facet normal 0.09845565259456635 0.0995236337184906 0.9901522994041443
    outer loop
      vertex 16.0 17.0 13.819751739501953
      vertex 15.0 17.0 13.91918659210205
      vertex 16.0 16.0 13.920265197753906
    endloop
  endfacet
  facet normal 0.09696220606565475 0.19928376376628876 -0.9751330018043518
    outer loop
      vertex 15.0 18.0 9.285179138183594
      vertex 16.0 17.0 9.180248260498047
      vertex 15.0 17.0 9.08081340789795
    endloop
  endfacet
  facet normal 0.283968985080719 0.37649932503700256 -0.8818219304084778
    outer loop
      vertex 15.0 18.0 9.285179138183594
      vertex 16.0 18.0 9.60720443725586
      vertex 16.0 17.0 9.180248260498047
    endloop
  endfacet
  facet normal 0.09696220606565475 0.19928376376628876 0.9751330018043518
    outer loop
      vertex 16.0 17.0 13.819751739501953
      vertex 15.0 18.0 13.714820861816406
      vertex 15.0 17.0 13.91918659210205
    endloop
  endfacet
  facet normal 0.283968985080719 0.37649932503700256 0.8818219304084778
    outer loop
      vertex 16.0 18.0 13.39279556274414
      vertex 15.0 18.0 13.714820861816406
      vertex 16.0 17.0 13.819751739501953
    endloop
  endfacet
  facet normal 0.36233121156692505 0.6239563226699829 -0.692383348941803
    outer loop
      vertex 15.0 19.0 9.947417259216309
      vertex 15.100481033325195 19.0 10.0
      vertex 16.0 18.477649688720703 10.0
    endloop
  endfacet
  facet normal 0.3489799201488495 0.5952319502830505 -0.7238176465034485
    outer loop
      vertex 16.0 18.0 9.60720443725586
      vertex 15.0 19.0 9.947417259216309
      vertex 16.0 18.477649688720703 10.0
    endloop
  endfacet
  facet normal 0.2593052089214325 0.5332556366920471 -0.8052324652671814
    outer loop
      vertex 15.0 18.0 9.285179138183594
      vertex 15.0 19.0 9.947417259216309
      vertex 16.0 18.0 9.60720443725586
    endloop
  endfacet
  facet normal 0.4468112289905548 0.7694360613822937 -0.4564293622970581
    outer loop
      vertex 15.100481033325195 19.0 10.0
      vertex 16.0 19.0 10.880563735961914
      vertex 16.0 18.477649688720703 10.0
    endloop
  endfacet
  facet normal 0.4468112289905548 0.7694360613822937 0.4564293622970581
    outer loop
      vertex 16.0 18.477649688720703 13.0
      vertex 16.0 19.0 12.119436264038086
      vertex 15.100481033325195 19.0 13.0
    endloop
  endfacet
  facet normal 0.34605127573013306 0.5959213376045227 0.7246559262275696
    outer loop
      vertex 16.0 18.0 13.39279556274414
      vertex 16.0 18.477649688720703 13.0
      vertex 15.100481033325195 19.0 13.0
    endloop
  endfacet
  facet normal 0.3682429790496826 0.6076440215110779 0.7036802768707275
    outer loop
      vertex 15.0 19.0 13.052582740783691
      vertex 16.0 18.0 13.39279556274414
      vertex 15.100481033325195 19.0 13.0
    endloop
  endfacet
  facet normal 0.2593052089214325 0.5332556366920471 0.8052324652671814
    outer loop
      vertex 15.0 18.0 13.714820861816406
      vertex 16.0 18.0 13.39279556274414
      vertex 15.0 19.0 13.052582740783691
    endloop
  endfacet
  facet normal 0.339389443397522 0.6813266277313232 -0.6485435962677002
    outer loop
      vertex 15.0 19.050052642822266 10.0
      vertex 15.100481033325195 19.0 10.0
      vertex 15.0 19.0 9.947417259216309
    endloop
  endfacet
  facet normal 0.3752495050430298 0.8439479470252991 -0.3833272457122803
    outer loop
      vertex 16.0 19.054248809814453 11.0
      vertex 16.0 19.0 10.880563735961914
      vertex 15.100481033325195 19.0 10.0
    endloop
  endfacet
  facet normal 0.4066585600376129 0.816369891166687 -0.41008418798446655
    outer loop
      vertex 15.0 19.050052642822266 10.0
      vertex 16.0 19.054248809814453 11.0
      vertex 15.100481033325195 19.0 10.0
    endloop
  endfacet
  facet normal 0.4122740626335144 0.8107056617736816 -0.41567590832710266
    outer loop
      vertex 15.0 19.562786102294922 11.0
      vertex 16.0 19.054248809814453 11.0
      vertex 15.0 19.050052642822266 10.0
    endloop
  endfacet
  facet normal 0.45329105854034424 0.8913624882698059 0.0
    outer loop
      vertex 16.0 19.054248809814453 12.0
      vertex 15.0 19.562786102294922 11.0
      vertex 15.0 19.562786102294922 12.0
    endloop
  endfacet
  facet normal 0.45329105854034424 0.8913624882698059 0.0
    outer loop
      vertex 16.0 19.054248809814453 12.0
      vertex 16.0 19.054248809814453 11.0
      vertex 15.0 19.562786102294922 11.0
    endloop
  endfacet
  facet normal 0.40576717257499695 0.8145803809165955 0.41450178623199463
    outer loop
      vertex 15.0 19.050052642822266 13.0
      vertex 15.100481033325195 19.0 13.0
      vertex 16.0 19.0 12.119436264038086
    endloop
  endfacet
  facet normal 0.3791370987892151 0.8425062298774719 0.38267239928245544
    outer loop
      vertex 16.0 19.054248809814453 12.0
      vertex 15.0 19.050052642822266 13.0
      vertex 16.0 19.0 12.119436264038086
    endloop
  endfacet
  facet normal 0.4122740626335144 0.8107056617736816 0.41567590832710266
    outer loop
      vertex 15.0 19.562786102294922 12.0
      vertex 15.0 19.050052642822266 13.0
      vertex 16.0 19.054248809814453 12.0
    endloop
  endfacet
  facet normal 0.339389443397522 0.6813266277313232 0.6485435962677002
    outer loop
      vertex 15.100481033325195 19.0 13.0
      vertex 15.0 19.050052642822266 13.0
      vertex 15.0 19.0 13.052582740783691
    endloop
  endfacet
  facet normal 0.5004260540008545 -0.7882774472236633 -0.3580397367477417
    outer loop
      vertex 16.0 4.0 10.880563735961914
      vertex 16.085453033447266 4.0 11.0
      vertex 16.0 3.945751428604126 11.0
    endloop
  endfacet
  facet normal 0.5359565615653992 -0.8442455530166626 0.0
    outer loop
      vertex 16.085453033447266 4.0 12.0
      vertex 16.0 3.945751428604126 12.0
      vertex 16.0 3.945751428604126 11.0
    endloop
  endfacet
  facet normal 0.5359565615653992 -0.8442455530166626 0.0
    outer loop
      vertex 16.085453033447266 4.0 12.0
      vertex 16.0 3.945751428604126 11.0
      vertex 16.085453033447266 4.0 11.0
    endloop
  endfacet
  facet normal 0.5004260540008545 -0.7882774472236633 0.3580397367477417
    outer loop
      vertex 16.085453033447266 4.0 12.0
      vertex 16.0 4.0 12.119436264038086
      vertex 16.0 3.945751428604126 12.0
    endloop
  endfacet
  facet normal 0.41016238927841187 -0.5792784094810486 -0.7044169902801514
    outer loop
      vertex 16.0 5.0 9.60720443725586
      vertex 16.674591064453125 5.0 10.0
      vertex 16.0 4.522350788116455 10.0
    endloop
  endfacet
  facet normal 0.5112318396568298 -0.7220202684402466 -0.4661852717399597
    outer loop
      vertex 16.674591064453125 5.0 10.0
      vertex 17.0 5.0 10.356852531433105
      vertex 16.0 4.522350788116455 10.0
    endloop
  endfacet
  facet normal 0.5099791884422302 -0.7398141026496887 -0.4388580322265625
    outer loop
      vertex 16.0 4.522350788116455 10.0
      vertex 17.0 5.0 10.356852531433105
      vertex 16.0 4.0 10.880563735961914
    endloop
  endfacet
  facet normal 0.5291970372200012 -0.7434059381484985 -0.4090210199356079
    outer loop
      vertex 17.0 5.0 10.356852531433105
      vertex 17.0 4.646141052246094 11.0
      vertex 16.0 4.0 10.880563735961914
    endloop
  endfacet
  facet normal 0.5333618521690369 -0.7549194097518921 -0.3816041648387909
    outer loop
      vertex 17.0 4.646141052246094 11.0
      vertex 16.085453033447266 4.0 11.0
      vertex 16.0 4.0 10.880563735961914
    endloop
  endfacet
  facet normal 0.5770279169082642 -0.8167243599891663 0.0
    outer loop
      vertex 16.085453033447266 4.0 11.0
      vertex 17.0 4.646141052246094 11.0
      vertex 16.085453033447266 4.0 12.0
    endloop
  endfacet
  facet normal 0.5770279169082642 -0.8167243599891663 0.0
    outer loop
      vertex 16.085453033447266 4.0 12.0
      vertex 17.0 4.646141052246094 11.0
      vertex 17.0 4.646141052246094 12.0
    endloop
  endfacet
  facet normal 0.4673493206501007 -0.774573564529419 0.42616942524909973
    outer loop
      vertex 17.0 4.646141052246094 12.0
      vertex 17.0 5.0 12.643147468566895
      vertex 16.674591064453125 5.0 13.0
    endloop
  endfacet
  facet normal 0.5216023921966553 -0.7366667985916138 0.430410236120224
    outer loop
      vertex 17.0 4.646141052246094 12.0
      vertex 16.674591064453125 5.0 13.0
      vertex 16.0 4.522350788116455 13.0
    endloop
  endfacet
  facet normal 0.5210293531417847 -0.7374640703201294 0.42973849177360535
    outer loop
      vertex 16.085453033447266 4.0 12.0
      vertex 17.0 4.646141052246094 12.0
      vertex 16.0 4.522350788116455 13.0
    endloop
  endfacet
  facet normal 0.5805895328521729 -0.7002595067024231 0.41539424657821655
    outer loop
      vertex 16.0 4.0 12.119436264038086
      vertex 16.085453033447266 4.0 12.0
      vertex 16.0 4.522350788116455 13.0
    endloop
  endfacet
  facet normal 0.41016238927841187 -0.5792784094810486 0.7044169902801514
    outer loop
      vertex 16.674591064453125 5.0 13.0
      vertex 16.0 5.0 13.39279556274414
      vertex 16.0 4.522350788116455 13.0
    endloop
  endfacet
  facet normal 0.4245862364768982 -0.5045890808105469 -0.7517421841621399
    outer loop
      vertex 17.0 6.0 9.512565612792969
      vertex 17.0 5.273815155029297 10.0
      vertex 16.674591064453125 5.0 10.0
    endloop
  endfacet
  facet normal 0.4343319833278656 -0.504925549030304 -0.7459261417388916
    outer loop
      vertex 16.0 5.0 9.60720443725586
      vertex 17.0 6.0 9.512565612792969
      vertex 16.674591064453125 5.0 10.0
    endloop
  endfacet
  facet normal 0.2922804057598114 -0.375517338514328 -0.8795219659805298
    outer loop
      vertex 16.0 6.0 9.180248260498047
      vertex 17.0 6.0 9.512565612792969
      vertex 16.0 5.0 9.60720443725586
    endloop
  endfacet
  facet normal 0.5552221536636353 -0.6598402261734009 -0.5062994956970215
    outer loop
      vertex 16.674591064453125 5.0 10.0
      vertex 17.0 5.273815155029297 10.0
      vertex 17.0 5.0 10.356852531433105
    endloop
  endfacet
  facet normal 0.5552221536636353 -0.6598402261734009 0.5062994956970215
    outer loop
      vertex 17.0 5.0 12.643147468566895
      vertex 17.0 5.273815155029297 13.0
      vertex 16.674591064453125 5.0 13.0
    endloop
  endfacet
  facet normal 0.4318595826625824 -0.513232946395874 0.7416800260543823
    outer loop
      vertex 16.0 5.0 13.39279556274414
      vertex 16.674591064453125 5.0 13.0
      vertex 17.0 5.273815155029297 13.0
    endloop
  endfacet
  facet normal 0.43180713057518005 -0.5026822686195374 0.7489013075828552
    outer loop
      vertex 17.0 6.0 13.487434387207031
      vertex 16.0 5.0 13.39279556274414
      vertex 17.0 5.273815155029297 13.0
    endloop
  endfacet
  facet normal 0.2922804057598114 -0.375517338514328 0.8795219659805298
    outer loop
      vertex 16.0 6.0 13.819751739501953
      vertex 16.0 5.0 13.39279556274414
      vertex 17.0 6.0 13.487434387207031
    endloop
  endfacet
  facet normal 0.3139350414276123 -0.0949534997344017 -0.9446844458580017
    outer loop
      vertex 16.0 7.0 9.079734802246094
      vertex 17.0 6.0 9.512565612792969
      vertex 16.0 6.0 9.180248260498047
    endloop
  endfacet
  facet normal 0.0949534997344017 -0.3139350414276123 -0.9446844458580017
    outer loop
      vertex 16.0 7.0 9.079734802246094
      vertex 17.0 7.0 9.180248260498047
      vertex 17.0 6.0 9.512565612792969
    endloop
  endfacet
  facet normal 0.3139350414276123 -0.0949534997344017 0.9446844458580017
    outer loop
      vertex 17.0 6.0 13.487434387207031
      vertex 16.0 7.0 13.920265197753906
      vertex 16.0 6.0 13.819751739501953
    endloop
  endfacet
  facet normal 0.0949534997344017 -0.3139350414276123 0.9446844458580017
    outer loop
      vertex 17.0 7.0 13.819751739501953
      vertex 16.0 7.0 13.920265197753906
      vertex 17.0 6.0 13.487434387207031
    endloop
  endfacet
  facet normal 0.09937012940645218 0.11289780586957932 -0.988625168800354
    outer loop
      vertex 16.0 8.0 9.193931579589844
      vertex 17.0 7.0 9.180248260498047
      vertex 16.0 7.0 9.079734802246094
    endloop
  endfacet
  facet normal -0.11185666173696518 -0.0983259379863739 -0.9888478517532349
    outer loop
      vertex 16.0 8.0 9.193931579589844
      vertex 17.0 8.0 9.08081340789795
      vertex 17.0 7.0 9.180248260498047
    endloop
  endfacet
  facet normal 0.09937012940645218 0.11289780586957932 0.988625168800354
    outer loop
      vertex 17.0 7.0 13.819751739501953
      vertex 16.0 8.0 13.806068420410156
      vertex 16.0 7.0 13.920265197753906
    endloop
  endfacet
  facet normal -0.11185666173696518 -0.0983259379863739 0.9888478517532349
    outer loop
      vertex 17.0 8.0 13.91918659210205
      vertex 16.0 8.0 13.806068420410156
      vertex 17.0 7.0 13.819751739501953
    endloop
  endfacet
  facet normal -0.10862913727760315 0.256892591714859 -0.9603155851364136
    outer loop
      vertex 16.0 9.0 9.461440086364746
      vertex 17.0 8.0 9.08081340789795
      vertex 16.0 8.0 9.193931579589844
    endloop
  endfacet
  facet normal -0.3311803638935089 0.027810560539364815 -0.9431574940681458
    outer loop
      vertex 16.0 9.0 9.461440086364746
      vertex 17.0 9.0 9.110300064086914
      vertex 17.0 8.0 9.08081340789795
    endloop
  endfacet
  facet normal -0.10862913727760315 0.256892591714859 0.9603155851364136
    outer loop
      vertex 17.0 8.0 13.91918659210205
      vertex 16.0 9.0 13.538559913635254
      vertex 16.0 8.0 13.806068420410156
    endloop
  endfacet
  facet normal -0.3311803638935089 0.027810560539364815 0.9431574940681458
    outer loop
      vertex 17.0 9.0 13.889699935913086
      vertex 16.0 9.0 13.538559913635254
      vertex 17.0 8.0 13.91918659210205
    endloop
  endfacet
  facet normal -0.3173407018184662 0.28730082511901855 -0.9037440419197083
    outer loop
      vertex 16.0 10.0 9.779340744018555
      vertex 17.0 9.0 9.110300064086914
      vertex 16.0 9.0 9.461440086364746
    endloop
  endfacet
  facet normal -0.5038962960243225 0.0719865933060646 -0.8607591986656189
    outer loop
      vertex 16.0 10.0 9.779340744018555
      vertex 17.0 10.0 9.193931579589844
      vertex 17.0 9.0 9.110300064086914
    endloop
  endfacet
  facet normal -0.3173407018184662 0.28730082511901855 0.9037440419197083
    outer loop
      vertex 17.0 9.0 13.889699935913086
      vertex 16.0 10.0 13.220659255981445
      vertex 16.0 9.0 13.538559913635254
    endloop
  endfacet
  facet normal -0.5038962960243225 0.0719865933060646 0.8607591986656189
    outer loop
      vertex 17.0 10.0 13.806068420410156
      vertex 16.0 10.0 13.220659255981445
      vertex 17.0 9.0 13.889699935913086
    endloop
  endfacet
  facet normal -0.4965430796146393 0.18440283834934235 -0.8481983542442322
    outer loop
      vertex 16.0 11.0 9.996746063232422
      vertex 17.0 10.0 9.193931579589844
      vertex 16.0 10.0 9.779340744018555
    endloop
  endfacet
  facet normal -0.5917550921440125 0.05395658314228058 -0.8043099641799927
    outer loop
      vertex 16.0 11.0 9.996746063232422
      vertex 17.0 11.0 9.261015892028809
      vertex 17.0 10.0 9.193931579589844
    endloop
  endfacet
  facet normal -0.4965430796146393 0.18440283834934235 0.8481983542442322
    outer loop
      vertex 17.0 10.0 13.806068420410156
      vertex 16.0 11.0 13.003253936767578
      vertex 16.0 10.0 13.220659255981445
    endloop
  endfacet
  facet normal -0.5917550921440125 0.05395658314228058 0.8043099641799927
    outer loop
      vertex 17.0 11.0 13.738984107971191
      vertex 16.0 11.0 13.003253936767578
      vertex 17.0 10.0 13.806068420410156
    endloop
  endfacet
  facet normal -0.5926184058189392 -0.0 -0.805483341217041
    outer loop
      vertex 16.0 12.0 9.996746063232422
      vertex 17.0 11.0 9.261015892028809
      vertex 16.0 11.0 9.996746063232422
    endloop
  endfacet
  facet normal -0.5926184058189392 0.0 -0.805483341217041
    outer loop
      vertex 16.0 12.0 9.996746063232422
      vertex 17.0 12.0 9.261015892028809
      vertex 17.0 11.0 9.261015892028809
    endloop
  endfacet
  facet normal -0.5926184058189392 0.0 0.805483341217041
    outer loop
      vertex 17.0 11.0 13.738984107971191
      vertex 16.0 12.0 13.003253936767578
      vertex 16.0 11.0 13.003253936767578
    endloop
  endfacet
  facet normal -0.5926184058189392 0.0 0.805483341217041
    outer loop
      vertex 17.0 12.0 13.738984107971191
      vertex 16.0 12.0 13.003253936767578
      vertex 17.0 11.0 13.738984107971191
    endloop
  endfacet
  facet normal -0.5837356448173523 -0.17249155044555664 -0.7934100031852722
    outer loop
      vertex 16.0 13.0 9.779340744018555
      vertex 17.0 12.0 9.261015892028809
      vertex 16.0 12.0 9.996746063232422
    endloop
  endfacet
  facet normal -0.5043625235557556 -0.05779686197638512 -0.8615555763244629
    outer loop
      vertex 16.0 13.0 9.779340744018555
      vertex 17.0 13.0 9.193931579589844
      vertex 17.0 12.0 9.261015892028809
    endloop
  endfacet
  facet normal -0.5837356448173523 -0.17249155044555664 0.7934100031852722
    outer loop
      vertex 17.0 12.0 13.738984107971191
      vertex 16.0 13.0 13.220659255981445
      vertex 16.0 12.0 13.003253936767578
    endloop
  endfacet
  facet normal -0.5043625235557556 -0.05779686197638512 0.8615555763244629
    outer loop
      vertex 17.0 13.0 13.806068420410156
      vertex 16.0 13.0 13.220659255981445
      vertex 17.0 12.0 13.738984107971191
    endloop
  endfacet
  facet normal -0.48720449209213257 -0.26457157731056213 -0.8322461247444153
    outer loop
      vertex 16.0 14.0 9.461440086364746
      vertex 17.0 13.0 9.193931579589844
      vertex 16.0 13.0 9.779340744018555
    endloop
  endfacet
  facet normal -0.3302818536758423 -0.07866369187831879 -0.9405986666679382
    outer loop
      vertex 16.0 14.0 9.461440086364746
      vertex 17.0 14.0 9.110300064086914
      vertex 17.0 13.0 9.193931579589844
    endloop
  endfacet
  facet normal -0.48720449209213257 -0.26457157731056213 0.8322461247444153
    outer loop
      vertex 17.0 13.0 13.806068420410156
      vertex 16.0 14.0 13.538559913635254
      vertex 16.0 13.0 13.220659255981445
    endloop
  endfacet
  facet normal -0.3302818536758423 -0.07866369187831879 0.9405986666679382
    outer loop
      vertex 17.0 14.0 13.889699935913086
      vertex 16.0 14.0 13.538559913635254
      vertex 17.0 13.0 13.806068420410156
    endloop
  endfacet
  facet normal -0.32123419642448425 -0.24472540616989136 -0.9148322343826294
    outer loop
      vertex 16.0 15.0 9.193931579589844
      vertex 17.0 14.0 9.110300064086914
      vertex 16.0 14.0 9.461440086364746
    endloop
  endfacet
  facet normal -0.11235310882329941 -0.029287226498126984 -0.9932366013526917
    outer loop
      vertex 16.0 15.0 9.193931579589844
      vertex 17.0 15.0 9.08081340789795
      vertex 17.0 14.0 9.110300064086914
    endloop
  endfacet
  facet normal -0.32123419642448425 -0.24472540616989136 0.9148322343826294
    outer loop
      vertex 17.0 14.0 13.889699935913086
      vertex 16.0 15.0 13.806068420410156
      vertex 16.0 14.0 13.538559913635254
    endloop
  endfacet
  facet normal -0.11235310882329941 -0.029287226498126984 0.9932366013526917
    outer loop
      vertex 17.0 15.0 13.91918659210205
      vertex 16.0 15.0 13.806068420410156
      vertex 17.0 14.0 13.889699935913086
    endloop
  endfacet
  facet normal -0.11168460547924042 -0.11274953931570053 -0.9873268008232117
    outer loop
      vertex 16.0 16.0 9.079734802246094
      vertex 17.0 15.0 9.08081340789795
      vertex 16.0 15.0 9.193931579589844
    endloop
  endfacet
  facet normal 0.0995236337184906 0.09845565259456635 -0.9901522994041443
    outer loop
      vertex 16.0 16.0 9.079734802246094
      vertex 17.0 16.0 9.180248260498047
      vertex 17.0 15.0 9.08081340789795
    endloop
  endfacet
  facet normal -0.11168460547924042 -0.11274953931570053 0.9873268008232117
    outer loop
      vertex 17.0 15.0 13.91918659210205
      vertex 16.0 16.0 13.920265197753906
      vertex 16.0 15.0 13.806068420410156
    endloop
  endfacet
  facet normal 0.0995236337184906 0.09845565259456635 0.9901522994041443
    outer loop
      vertex 17.0 16.0 13.819751739501953
      vertex 16.0 16.0 13.920265197753906
      vertex 17.0 15.0 13.91918659210205
    endloop
  endfacet
  facet normal 0.09951310604810715 0.09951310604810715 -0.9900475740432739
    outer loop
      vertex 16.0 17.0 9.180248260498047
      vertex 17.0 16.0 9.180248260498047
      vertex 16.0 16.0 9.079734802246094
    endloop
  endfacet
  facet normal 0.30075880885124207 0.30075880885124207 -0.9050349593162537
    outer loop
      vertex 16.0 17.0 9.180248260498047
      vertex 17.0 17.0 9.512565612792969
      vertex 17.0 16.0 9.180248260498047
    endloop
  endfacet
  facet normal 0.09951310604810715 0.09951310604810715 0.9900475740432739
    outer loop
      vertex 17.0 16.0 13.819751739501953
      vertex 16.0 17.0 13.819751739501953
      vertex 16.0 16.0 13.920265197753906
    endloop
  endfacet
  facet normal 0.30075880885124207 0.30075880885124207 0.9050349593162537
    outer loop
      vertex 17.0 17.0 13.487434387207031
      vertex 16.0 17.0 13.819751739501953
      vertex 17.0 16.0 13.819751739501953
    endloop
  endfacet
  facet normal 0.4318595826625824 0.513232946395874 -0.7416800260543823
    outer loop
      vertex 16.0 18.0 9.60720443725586
      vertex 16.674591064453125 18.0 10.0
      vertex 17.0 17.726184844970703 10.0
    endloop
  endfacet
  facet normal 0.43180713057518005 0.5026822686195374 -0.7489013075828552
    outer loop
      vertex 17.0 17.0 9.512565612792969
      vertex 16.0 18.0 9.60720443725586
      vertex 17.0 17.726184844970703 10.0
    endloop
  endfacet
  facet normal 0.2922804057598114 0.375517338514328 -0.8795219659805298
    outer loop
      vertex 16.0 17.0 9.180248260498047
      vertex 16.0 18.0 9.60720443725586
      vertex 17.0 17.0 9.512565612792969
    endloop
  endfacet
  facet normal 0.5552221536636353 0.6598402261734009 -0.5062994956970215
    outer loop
      vertex 16.674591064453125 18.0 10.0
      vertex 17.0 18.0 10.356852531433105
      vertex 17.0 17.726184844970703 10.0
    endloop
  endfacet
  facet normal 0.5552221536636353 0.6598402261734009 0.5062994956970215
    outer loop
      vertex 17.0 17.726184844970703 13.0
      vertex 17.0 18.0 12.643147468566895
      vertex 16.674591064453125 18.0 13.0
    endloop
  endfacet
  facet normal 0.4245862364768982 0.5045890808105469 0.7517421841621399
    outer loop
      vertex 17.0 17.0 13.487434387207031
      vertex 17.0 17.726184844970703 13.0
      vertex 16.674591064453125 18.0 13.0
    endloop
  endfacet
  facet normal 0.4343319833278656 0.504925549030304 0.7459261417388916
    outer loop
      vertex 16.0 18.0 13.39279556274414
      vertex 17.0 17.0 13.487434387207031
      vertex 16.674591064453125 18.0 13.0
    endloop
  endfacet
  facet normal 0.2922804057598114 0.375517338514328 0.8795219659805298
    outer loop
      vertex 16.0 17.0 13.819751739501953
      vertex 17.0 17.0 13.487434387207031
      vertex 16.0 18.0 13.39279556274414
    endloop
  endfacet
  facet normal 0.4101625084877014 0.5792780518531799 -0.7044172286987305
    outer loop
      vertex 16.0 18.477649688720703 10.0
      vertex 16.674591064453125 18.0 10.0
      vertex 16.0 18.0 9.60720443725586
    endloop
  endfacet
  facet normal 0.5333618521690369 0.7549194097518921 -0.38160425424575806
    outer loop
      vertex 16.085453033447266 19.0 11.0
      vertex 17.0 18.353858947753906 11.0
      vertex 16.0 19.0 10.880563735961914
    endloop
  endfacet
  facet normal 0.5248825550079346 0.7320632934570312 -0.4342598617076874
    outer loop
      vertex 16.0 19.0 10.880563735961914
      vertex 17.0 18.353858947753906 11.0
      vertex 16.0 18.477649688720703 10.0
    endloop
  endfacet
  facet normal 0.5084750652313232 0.7544257640838623 -0.4150841236114502
    outer loop
      vertex 17.0 18.353858947753906 11.0
      vertex 17.0 18.0 10.356852531433105
      vertex 16.0 18.477649688720703 10.0
    endloop
  endfacet
  facet normal 0.5112320780754089 0.7220199704170227 -0.4661855697631836
    outer loop
      vertex 17.0 18.0 10.356852531433105
      vertex 16.674591064453125 18.0 10.0
      vertex 16.0 18.477649688720703 10.0
    endloop
  endfacet
  facet normal 0.5770279169082642 0.8167243599891663 0.0
    outer loop
      vertex 16.085453033447266 19.0 12.0
      vertex 17.0 18.353858947753906 12.0
      vertex 16.085453033447266 19.0 11.0
    endloop
  endfacet
  facet normal 0.5770279169082642 0.8167243599891663 0.0
    outer loop
      vertex 16.085453033447266 19.0 11.0
      vertex 17.0 18.353858947753906 12.0
      vertex 17.0 18.353858947753906 11.0
    endloop
  endfacet
  facet normal 0.5263299942016602 0.7449666261672974 0.4098797142505646
    outer loop
      vertex 17.0 18.353858947753906 12.0
      vertex 16.085453033447266 19.0 12.0
      vertex 17.0 18.0 12.643147468566895
    endloop
  endfacet
  facet normal 0.49479424953460693 0.7426981925964355 0.4511961042881012
    outer loop
      vertex 17.0 18.0 12.643147468566895
      vertex 16.085453033447266 19.0 12.0
      vertex 16.674591064453125 18.0 13.0
    endloop
  endfacet
  facet normal 0.5578069686889648 0.7277193069458008 0.39909401535987854
    outer loop
      vertex 16.085453033447266 19.0 12.0
      vertex 16.0 19.0 12.119436264038086
      vertex 16.674591064453125 18.0 13.0
    endloop
  endfacet
  facet normal 0.5201205015182495 0.7345731258392334 0.43574872612953186
    outer loop
      vertex 16.0 19.0 12.119436264038086
      vertex 16.0 18.477649688720703 13.0
      vertex 16.674591064453125 18.0 13.0
    endloop
  endfacet
  facet normal 0.4101625084877014 0.5792780518531799 0.7044172286987305
    outer loop
      vertex 16.674591064453125 18.0 13.0
      vertex 16.0 18.477649688720703 13.0
      vertex 16.0 18.0 13.39279556274414
    endloop
  endfacet
  facet normal 0.5004274249076843 0.788276195526123 -0.3580406904220581
    outer loop
      vertex 16.0 19.054248809814453 11.0
      vertex 16.085453033447266 19.0 11.0
      vertex 16.0 19.0 10.880563735961914
    endloop
  endfacet
  facet normal 0.5359582304954529 0.8442444801330566 0.0
    outer loop
      vertex 16.085453033447266 19.0 11.0
      vertex 16.0 19.054248809814453 11.0
      vertex 16.0 19.054248809814453 12.0
    endloop
  endfacet
  facet normal 0.5359582304954529 0.8442444801330566 -0.0
    outer loop
      vertex 16.085453033447266 19.0 11.0
      vertex 16.0 19.054248809814453 12.0
      vertex 16.085453033447266 19.0 12.0
    endloop
  endfacet
  facet normal 0.5004274249076843 0.788276195526123 0.3580406904220581
    outer loop
      vertex 16.085453033447266 19.0 12.0
      vertex 16.0 19.054248809814453 12.0
      vertex 16.0 19.0 12.119436264038086
    endloop
  endfacet
  facet normal 0.6025382876396179 -0.6992404460906982 -0.3847212493419647
    outer loop
      vertex 17.0 5.0 10.356852531433105
      vertex 17.4106502532959 5.0 11.0
      vertex 17.0 4.646141052246094 11.0
    endloop
  endfacet
  facet normal 0.6527810096740723 -0.7575467228889465 0.0
    outer loop
      vertex 17.4106502532959 5.0 12.0
      vertex 17.0 4.646141052246094 12.0
      vertex 17.0 4.646141052246094 11.0
    endloop
  endfacet
  facet normal 0.6527810096740723 -0.7575467228889465 0.0
    outer loop
      vertex 17.4106502532959 5.0 12.0
      vertex 17.0 4.646141052246094 11.0
      vertex 17.4106502532959 5.0 11.0
    endloop
  endfacet
  facet normal 0.6025382876396179 -0.6992404460906982 0.3847212493419647
    outer loop
      vertex 17.4106502532959 5.0 12.0
      vertex 17.0 5.0 12.643147468566895
      vertex 17.0 4.646141052246094 12.0
    endloop
  endfacet
  facet normal 0.48681917786598206 -0.48681917786598206 -0.7252683043479919
    outer loop
      vertex 17.0 6.0 9.512565612792969
      vertex 17.726184844970703 6.0 10.0
      vertex 17.0 5.273815155029297 10.0
    endloop
  endfacet
  facet normal 0.6215187311172485 -0.6215187311172485 -0.47689512372016907
    outer loop
      vertex 17.726184844970703 6.0 10.0
      vertex 18.0 6.0 10.356852531433105
      vertex 17.0 5.273815155029297 10.0
    endloop
  endfacet
  facet normal 0.6215186715126038 -0.6215186715126038 -0.47689515352249146
    outer loop
      vertex 17.0 5.273815155029297 10.0
      vertex 18.0 6.0 10.356852531433105
      vertex 17.0 5.0 10.356852531433105
    endloop
  endfacet
  facet normal 0.6444662809371948 -0.6444662809371948 -0.41149282455444336
    outer loop
      vertex 18.0 6.0 10.356852531433105
      vertex 18.0 5.589349269866943 11.0
      vertex 17.0 5.0 10.356852531433105
    endloop
  endfacet
  facet normal 0.64446622133255 -0.644466757774353 -0.4114922881126404
    outer loop
      vertex 18.0 5.589349269866943 11.0
      vertex 17.4106502532959 5.0 11.0
      vertex 17.0 5.0 10.356852531433105
    endloop
  endfacet
  facet normal 0.7071065306663513 -0.7071070671081543 0.0
    outer loop
      vertex 17.4106502532959 5.0 11.0
      vertex 18.0 5.589349269866943 11.0
      vertex 17.4106502532959 5.0 12.0
    endloop
  endfacet
  facet normal 0.7071065306663513 -0.7071070671081543 0.0
    outer loop
      vertex 17.4106502532959 5.0 12.0
      vertex 18.0 5.589349269866943 11.0
      vertex 18.0 5.589349269866943 12.0
    endloop
  endfacet
  facet normal 0.5742090344429016 -0.6900438666343689 0.4405941963195801
    outer loop
      vertex 18.0 5.589349269866943 12.0
      vertex 18.0 6.0 12.643147468566895
      vertex 17.726184844970703 6.0 13.0
    endloop
  endfacet
  facet normal 0.6364789009094238 -0.6364789009094238 0.4356480836868286
    outer loop
      vertex 18.0 5.589349269866943 12.0
      vertex 17.726184844970703 6.0 13.0
      vertex 17.0 5.273815155029297 13.0
    endloop
  endfacet
  facet normal 0.6364787220954895 -0.6364792585372925 0.4356478154659271
    outer loop
      vertex 17.4106502532959 5.0 12.0
      vertex 18.0 5.589349269866943 12.0
      vertex 17.0 5.273815155029297 13.0
    endloop
  endfacet
  facet normal 0.6900443434715271 -0.5742087960243225 0.44059398770332336
    outer loop
      vertex 17.0 5.0 12.643147468566895
      vertex 17.4106502532959 5.0 12.0
      vertex 17.0 5.273815155029297 13.0
    endloop
  endfacet
  facet normal 0.48681917786598206 -0.48681917786598206 0.7252683043479919
    outer loop
      vertex 17.726184844970703 6.0 13.0
      vertex 17.0 6.0 13.487434387207031
      vertex 17.0 5.273815155029297 13.0
    endloop
  endfacet
  facet normal 0.513232946395874 -0.4318595826625824 -0.7416800260543823
    outer loop
      vertex 18.0 7.0 9.60720443725586
      vertex 18.0 6.325408935546875 10.0
      vertex 17.726184844970703 6.0 10.0
    endloop
  endfacet
  facet normal 0.5026822686195374 -0.43180713057518005 -0.7489013075828552
    outer loop
      vertex 17.0 6.0 9.512565612792969
      vertex 18.0 7.0 9.60720443725586
      vertex 17.726184844970703 6.0 10.0
    endloop
  endfacet
  facet normal 0.375517338514328 -0.2922804057598114 -0.8795219659805298
    outer loop
      vertex 17.0 7.0 9.180248260498047
      vertex 18.0 7.0 9.60720443725586
      vertex 17.0 6.0 9.512565612792969
    endloop
  endfacet
  facet normal 0.6598402261734009 -0.5552221536636353 -0.5062994956970215
    outer loop
      vertex 17.726184844970703 6.0 10.0
      vertex 18.0 6.325408935546875 10.0
      vertex 18.0 6.0 10.356852531433105
    endloop
  endfacet
  facet normal 0.6598402261734009 -0.5552221536636353 0.5062994956970215
    outer loop
      vertex 18.0 6.0 12.643147468566895
      vertex 18.0 6.325408935546875 13.0
      vertex 17.726184844970703 6.0 13.0
    endloop
  endfacet
  facet normal 0.5045890808105469 -0.4245862364768982 0.7517421841621399
    outer loop
      vertex 17.0 6.0 13.487434387207031
      vertex 17.726184844970703 6.0 13.0
      vertex 18.0 6.325408935546875 13.0
    endloop
  endfacet
  facet normal 0.504925549030304 -0.4343319833278656 0.7459261417388916
    outer loop
      vertex 18.0 7.0 13.39279556274414
      vertex 17.0 6.0 13.487434387207031
      vertex 18.0 6.325408935546875 13.0
    endloop
  endfacet
  facet normal 0.375517338514328 -0.2922804057598114 0.8795219659805298
    outer loop
      vertex 17.0 7.0 13.819751739501953
      vertex 17.0 6.0 13.487434387207031
      vertex 18.0 7.0 13.39279556274414
    endloop
  endfacet
  facet normal 0.39103224873542786 -0.09106843918561935 -0.9158604145050049
    outer loop
      vertex 17.0 8.0 9.08081340789795
      vertex 18.0 7.0 9.60720443725586
      vertex 17.0 7.0 9.180248260498047
    endloop
  endfacet
  facet normal 0.19094885885715485 -0.3008839190006256 -0.9343487024307251
    outer loop
      vertex 17.0 8.0 9.08081340789795
      vertex 18.0 8.0 9.285179138183594
      vertex 18.0 7.0 9.60720443725586
    endloop
  endfacet
  facet normal 0.39103224873542786 -0.09106843918561935 0.9158604145050049
    outer loop
      vertex 18.0 7.0 13.39279556274414
      vertex 17.0 8.0 13.91918659210205
      vertex 17.0 7.0 13.819751739501953
    endloop
  endfacet
  facet normal 0.19094885885715485 -0.3008839190006256 0.9343487024307251
    outer loop
      vertex 18.0 8.0 13.714820861816406
      vertex 17.0 8.0 13.91918659210205
      vertex 18.0 7.0 13.39279556274414
    endloop
  endfacet
  facet normal 0.2001437097787857 0.028877487406134605 -0.9793409109115601
    outer loop
      vertex 17.0 9.0 9.110300064086914
      vertex 18.0 8.0 9.285179138183594
      vertex 17.0 8.0 9.08081340789795
    endloop
  endfacet
  facet normal 0.030941452831029892 -0.1420789361000061 -0.989371657371521
    outer loop
      vertex 17.0 9.0 9.110300064086914
      vertex 18.0 9.0 9.141573905944824
      vertex 18.0 8.0 9.285179138183594
    endloop
  endfacet
  facet normal 0.2001437097787857 0.028877487406134605 0.9793409109115601
    outer loop
      vertex 18.0 8.0 13.714820861816406
      vertex 17.0 9.0 13.889699935913086
      vertex 17.0 8.0 13.91918659210205
    endloop
  endfacet
  facet normal 0.030941452831029892 -0.1420789361000061 0.989371657371521
    outer loop
      vertex 18.0 9.0 13.858426094055176
      vertex 17.0 9.0 13.889699935913086
      vertex 18.0 8.0 13.714820861816406
    endloop
  endfacet
  facet normal 0.03114992007613182 0.08330012857913971 -0.996037483215332
    outer loop
      vertex 17.0 10.0 9.193931579589844
      vertex 18.0 9.0 9.141573905944824
      vertex 17.0 9.0 9.110300064086914
    endloop
  endfacet
  facet normal -0.10155269503593445 -0.04953029751777649 -0.9935964345932007
    outer loop
      vertex 17.0 10.0 9.193931579589844
      vertex 18.0 10.0 9.091724395751953
      vertex 18.0 9.0 9.141573905944824
    endloop
  endfacet
  facet normal 0.03114992007613182 0.08330012857913971 0.996037483215332
    outer loop
      vertex 18.0 9.0 13.858426094055176
      vertex 17.0 10.0 13.806068420410156
      vertex 17.0 9.0 13.889699935913086
    endloop
  endfacet
  facet normal -0.10155269503593445 -0.04953029751777649 0.9935964345932007
    outer loop
      vertex 18.0 10.0 13.908275604248047
      vertex 17.0 10.0 13.806068420410156
      vertex 18.0 9.0 13.858426094055176
    endloop
  endfacet
  facet normal -0.1014518141746521 0.06658852100372314 -0.992609441280365
    outer loop
      vertex 17.0 11.0 9.261015892028809
      vertex 18.0 10.0 9.091724395751953
      vertex 17.0 10.0 9.193931579589844
    endloop
  endfacet
  facet normal -0.17733579874038696 -0.010737414471805096 -0.9840918779373169
    outer loop
      vertex 17.0 11.0 9.261015892028809
      vertex 18.0 11.0 9.08081340789795
      vertex 18.0 10.0 9.091724395751953
    endloop
  endfacet
  facet normal -0.1014518141746521 0.06658852100372314 0.992609441280365
    outer loop
      vertex 18.0 10.0 13.908275604248047
      vertex 17.0 11.0 13.738984107971191
      vertex 17.0 10.0 13.806068420410156
    endloop
  endfacet
  facet normal -0.17733579874038696 -0.010737414471805096 0.9840918779373169
    outer loop
      vertex 18.0 11.0 13.91918659210205
      vertex 17.0 11.0 13.738984107971191
      vertex 18.0 10.0 13.908275604248047
    endloop
  endfacet
  facet normal -0.17734602093696594 -0.0 -0.9841485619544983
    outer loop
      vertex 17.0 12.0 9.261015892028809
      vertex 18.0 11.0 9.08081340789795
      vertex 17.0 11.0 9.261015892028809
    endloop
  endfacet
  facet normal -0.17734602093696594 0.0 -0.9841485619544983
    outer loop
      vertex 17.0 12.0 9.261015892028809
      vertex 18.0 12.0 9.08081340789795
      vertex 18.0 11.0 9.08081340789795
    endloop
  endfacet
  facet normal -0.17734602093696594 0.0 0.9841485619544983
    outer loop
      vertex 18.0 11.0 13.91918659210205
      vertex 17.0 12.0 13.738984107971191
      vertex 17.0 11.0 13.738984107971191
    endloop
  endfacet
  facet normal -0.17734602093696594 0.0 0.9841485619544983
    outer loop
      vertex 18.0 12.0 13.91918659210205
      vertex 17.0 12.0 13.738984107971191
      vertex 18.0 11.0 13.91918659210205
    endloop
  endfacet
  facet normal -0.1769607812166214 -0.0658775195479393 -0.9820107817649841
    outer loop
      vertex 17.0 13.0 9.193931579589844
      vertex 18.0 12.0 9.08081340789795
      vertex 17.0 12.0 9.261015892028809
    endloop
  endfacet
  facet normal -0.1016714945435524 0.010853800922632217 -0.9947587847709656
    outer loop
      vertex 17.0 13.0 9.193931579589844
      vertex 18.0 13.0 9.091724395751953
      vertex 18.0 12.0 9.08081340789795
    endloop
  endfacet
  facet normal -0.1769607812166214 -0.0658775195479393 0.9820107817649841
    outer loop
      vertex 18.0 12.0 13.91918659210205
      vertex 17.0 13.0 13.806068420410156
      vertex 17.0 12.0 13.738984107971191
    endloop
  endfacet
  facet normal -0.1016714945435524 0.010853800922632217 0.9947587847709656
    outer loop
      vertex 18.0 13.0 13.908275604248047
      vertex 17.0 13.0 13.806068420410156
      vertex 18.0 12.0 13.91918659210205
    endloop
  endfacet
  facet normal -0.10132739692926407 -0.08291162550449371 -0.9913921356201172
    outer loop
      vertex 17.0 14.0 9.110300064086914
      vertex 18.0 13.0 9.091724395751953
      vertex 17.0 13.0 9.193931579589844
    endloop
  endfacet
  facet normal 0.031219832599163055 0.04976342245936394 -0.9982730150222778
    outer loop
      vertex 17.0 14.0 9.110300064086914
      vertex 18.0 14.0 9.141573905944824
      vertex 18.0 13.0 9.091724395751953
    endloop
  endfacet
  facet normal -0.10132739692926407 -0.08291162550449371 0.9913921356201172
    outer loop
      vertex 18.0 13.0 13.908275604248047
      vertex 17.0 14.0 13.889699935913086
      vertex 17.0 13.0 13.806068420410156
    endloop
  endfacet
  facet normal 0.031219832599163055 0.04976342245936394 0.9982730150222778
    outer loop
      vertex 18.0 14.0 13.858426094055176
      vertex 17.0 14.0 13.889699935913086
      vertex 18.0 13.0 13.908275604248047
    endloop
  endfacet
  facet normal 0.031244993209838867 -0.029459457844495773 -0.999077558517456
    outer loop
      vertex 17.0 15.0 9.08081340789795
      vertex 18.0 14.0 9.141573905944824
      vertex 17.0 14.0 9.110300064086914
    endloop
  endfacet
  facet normal 0.19827434420585632 0.13932488858699799 -0.9701936841011047
    outer loop
      vertex 17.0 15.0 9.08081340789795
      vertex 18.0 15.0 9.285179138183594
      vertex 18.0 14.0 9.141573905944824
    endloop
  endfacet
  facet normal 0.031244993209838867 -0.029459457844495773 0.999077558517456
    outer loop
      vertex 18.0 14.0 13.858426094055176
      vertex 17.0 15.0 13.91918659210205
      vertex 17.0 14.0 13.889699935913086
    endloop
  endfacet
  facet normal 0.19827434420585632 0.13932488858699799 0.9701936841011047
    outer loop
      vertex 18.0 15.0 13.714820861816406
      vertex 17.0 15.0 13.91918659210205
      vertex 18.0 14.0 13.858426094055176
    endloop
  endfacet
  facet normal 0.19928376376628876 0.09696220606565475 -0.9751330018043518
    outer loop
      vertex 17.0 16.0 9.180248260498047
      vertex 18.0 15.0 9.285179138183594
      vertex 17.0 15.0 9.08081340789795
    endloop
  endfacet
  facet normal 0.37649932503700256 0.283968985080719 -0.8818219304084778
    outer loop
      vertex 17.0 16.0 9.180248260498047
      vertex 18.0 16.0 9.60720443725586
      vertex 18.0 15.0 9.285179138183594
    endloop
  endfacet
  facet normal 0.19928376376628876 0.09696220606565475 0.9751330018043518
    outer loop
      vertex 18.0 15.0 13.714820861816406
      vertex 17.0 16.0 13.819751739501953
      vertex 17.0 15.0 13.91918659210205
    endloop
  endfacet
  facet normal 0.37649932503700256 0.283968985080719 0.8818219304084778
    outer loop
      vertex 18.0 16.0 13.39279556274414
      vertex 17.0 16.0 13.819751739501953
      vertex 18.0 15.0 13.714820861816406
    endloop
  endfacet
  facet normal 0.5045890808105469 0.4245862364768982 -0.7517421841621399
    outer loop
      vertex 17.0 17.0 9.512565612792969
      vertex 17.726184844970703 17.0 10.0
      vertex 18.0 16.674591064453125 10.0
    endloop
  endfacet
  facet normal 0.504925549030304 0.4343319833278656 -0.7459261417388916
    outer loop
      vertex 18.0 16.0 9.60720443725586
      vertex 17.0 17.0 9.512565612792969
      vertex 18.0 16.674591064453125 10.0
    endloop
  endfacet
  facet normal 0.375517338514328 0.2922804057598114 -0.8795219659805298
    outer loop
      vertex 17.0 16.0 9.180248260498047
      vertex 17.0 17.0 9.512565612792969
      vertex 18.0 16.0 9.60720443725586
    endloop
  endfacet
  facet normal 0.6598402261734009 0.5552221536636353 -0.5062994956970215
    outer loop
      vertex 17.726184844970703 17.0 10.0
      vertex 18.0 17.0 10.356852531433105
      vertex 18.0 16.674591064453125 10.0
    endloop
  endfacet
  facet normal 0.6598402261734009 0.5552221536636353 0.5062994956970215
    outer loop
      vertex 18.0 16.674591064453125 13.0
      vertex 18.0 17.0 12.643147468566895
      vertex 17.726184844970703 17.0 13.0
    endloop
  endfacet
  facet normal 0.513232946395874 0.4318595826625824 0.7416800260543823
    outer loop
      vertex 18.0 16.0 13.39279556274414
      vertex 18.0 16.674591064453125 13.0
      vertex 17.726184844970703 17.0 13.0
    endloop
  endfacet
  facet normal 0.5026822686195374 0.43180713057518005 0.7489013075828552
    outer loop
      vertex 17.0 17.0 13.487434387207031
      vertex 18.0 16.0 13.39279556274414
      vertex 17.726184844970703 17.0 13.0
    endloop
  endfacet
  facet normal 0.375517338514328 0.2922804057598114 0.8795219659805298
    outer loop
      vertex 17.0 16.0 13.819751739501953
      vertex 18.0 16.0 13.39279556274414
      vertex 17.0 17.0 13.487434387207031
    endloop
  endfacet
  facet normal 0.48681917786598206 0.48681917786598206 -0.7252683043479919
    outer loop
      vertex 17.0 17.726184844970703 10.0
      vertex 17.726184844970703 17.0 10.0
      vertex 17.0 17.0 9.512565612792969
    endloop
  endfacet
  facet normal 0.6444664597511292 0.6444664597511292 -0.41149240732192993
    outer loop
      vertex 17.4106502532959 18.0 11.0
      vertex 18.0 17.4106502532959 11.0
      vertex 17.0 18.0 10.356852531433105
    endloop
  endfacet
  facet normal 0.6516396999359131 0.6017872095108032 -0.46175503730773926
    outer loop
      vertex 17.0 18.0 10.356852531433105
      vertex 18.0 17.4106502532959 11.0
      vertex 17.0 17.726184844970703 10.0
    endloop
  endfacet
  facet normal 0.6266431212425232 0.6568341851234436 -0.4193892180919647
    outer loop
      vertex 18.0 17.4106502532959 11.0
      vertex 18.0 17.0 10.356852531433105
      vertex 17.0 17.726184844970703 10.0
    endloop
  endfacet
  facet normal 0.6215187311172485 0.6215187311172485 -0.47689512372016907
    outer loop
      vertex 18.0 17.0 10.356852531433105
      vertex 17.726184844970703 17.0 10.0
      vertex 17.0 17.726184844970703 10.0
    endloop
  endfacet
  facet normal 0.7071067690849304 0.7071067690849304 0.0
    outer loop
      vertex 17.4106502532959 18.0 12.0
      vertex 18.0 17.4106502532959 12.0
      vertex 17.4106502532959 18.0 11.0
    endloop
  endfacet
  facet normal 0.7071067690849304 0.7071067690849304 0.0
    outer loop
      vertex 17.4106502532959 18.0 11.0
      vertex 18.0 17.4106502532959 12.0
      vertex 18.0 17.4106502532959 11.0
    endloop
  endfacet
  facet normal 0.6444664597511292 0.6444664597511292 0.41149240732192993
    outer loop
      vertex 18.0 17.4106502532959 12.0
      vertex 17.4106502532959 18.0 12.0
      vertex 18.0 17.0 12.643147468566895
    endloop
  endfacet
  facet normal 0.6017872095108032 0.6516396999359131 0.46175503730773926
    outer loop
      vertex 18.0 17.0 12.643147468566895
      vertex 17.4106502532959 18.0 12.0
      vertex 17.726184844970703 17.0 13.0
    endloop
  endfacet
  facet normal 0.6568341851234436 0.6266431212425232 0.4193892180919647
    outer loop
      vertex 17.4106502532959 18.0 12.0
      vertex 17.0 18.0 12.643147468566895
      vertex 17.726184844970703 17.0 13.0
    endloop
  endfacet
  facet normal 0.6215187311172485 0.6215187311172485 0.47689512372016907
    outer loop
      vertex 17.0 18.0 12.643147468566895
      vertex 17.0 17.726184844970703 13.0
      vertex 17.726184844970703 17.0 13.0
    endloop
  endfacet
  facet normal 0.48681917786598206 0.48681917786598206 0.7252683043479919
    outer loop
      vertex 17.726184844970703 17.0 13.0
      vertex 17.0 17.726184844970703 13.0
      vertex 17.0 17.0 13.487434387207031
    endloop
  endfacet
  facet normal 0.6025382876396179 0.6992404460906982 -0.3847212493419647
    outer loop
      vertex 17.0 18.353858947753906 11.0
      vertex 17.4106502532959 18.0 11.0
      vertex 17.0 18.0 10.356852531433105
    endloop
  endfacet
  facet normal 0.6527810096740723 0.7575467228889465 0.0
    outer loop
      vertex 17.4106502532959 18.0 11.0
      vertex 17.0 18.353858947753906 11.0
      vertex 17.0 18.353858947753906 12.0
    endloop
  endfacet
  facet normal 0.6527810096740723 0.7575467228889465 -0.0
    outer loop
      vertex 17.4106502532959 18.0 11.0
      vertex 17.0 18.353858947753906 12.0
      vertex 17.4106502532959 18.0 12.0
    endloop
  endfacet
  facet normal 0.6025382876396179 0.6992404460906982 0.3847212493419647
    outer loop
      vertex 17.4106502532959 18.0 12.0
      vertex 17.0 18.353858947753906 12.0
      vertex 17.0 18.0 12.643147468566895
    endloop
  endfacet
  facet normal 0.6992407441139221 -0.6025378108024597 -0.3847213685512543
    outer loop
      vertex 18.0 6.0 10.356852531433105
      vertex 18.353858947753906 6.0 11.0
      vertex 18.0 5.589349269866943 11.0
    endloop
  endfacet
  facet normal 0.7575470209121704 -0.6527805328369141 0.0
    outer loop
      vertex 18.353858947753906 6.0 12.0
      vertex 18.0 5.589349269866943 12.0
      vertex 18.0 5.589349269866943 11.0
    endloop
  endfacet
  facet normal 0.7575470209121704 -0.6527805328369141 0.0
    outer loop
      vertex 18.353858947753906 6.0 12.0
      vertex 18.0 5.589349269866943 11.0
      vertex 18.353858947753906 6.0 11.0
    endloop
  endfacet
  facet normal 0.6992407441139221 -0.6025378108024597 0.3847213685512543
    outer loop
      vertex 18.353858947753906 6.0 12.0
      vertex 18.0 6.0 12.643147468566895
      vertex 18.0 5.589349269866943 12.0
    endloop
  endfacet
  facet normal 0.5792780518531799 -0.4101625084877014 -0.7044172286987305
    outer loop
      vertex 18.0 7.0 9.60720443725586
      vertex 18.477649688720703 7.0 10.0
      vertex 18.0 6.325408935546875 10.0
    endloop
  endfacet
  facet normal 0.7345731258392334 -0.5201205015182495 -0.43574872612953186
    outer loop
      vertex 18.477649688720703 7.0 10.0
      vertex 19.0 7.0 10.880563735961914
      vertex 18.0 6.325408935546875 10.0
    endloop
  endfacet
  facet normal 0.7374255061149597 -0.4990816116333008 -0.4551056921482086
    outer loop
      vertex 18.0 6.325408935546875 10.0
      vertex 19.0 7.0 10.880563735961914
      vertex 18.0 6.0 10.356852531433105
    endloop
  endfacet
  facet normal 0.7453497648239136 -0.5421918630599976 -0.38791969418525696
    outer loop
      vertex 19.0 7.0 10.880563735961914
      vertex 19.0 6.914547443389893 11.0
      vertex 18.0 6.0 10.356852531433105
    endloop
  endfacet
  facet normal 0.7449667453765869 -0.5263298153877258 -0.40987977385520935
    outer loop
      vertex 19.0 6.914547443389893 11.0
      vertex 18.353858947753906 6.0 11.0
      vertex 18.0 6.0 10.356852531433105
    endloop
  endfacet
  facet normal 0.8167245388031006 -0.5770277380943298 0.0
    outer loop
      vertex 18.353858947753906 6.0 11.0
      vertex 19.0 6.914547443389893 11.0
      vertex 18.353858947753906 6.0 12.0
    endloop
  endfacet
  facet normal 0.8167245388031006 -0.5770277380943298 0.0
    outer loop
      vertex 18.353858947753906 6.0 12.0
      vertex 19.0 6.914547443389893 11.0
      vertex 19.0 6.914547443389893 12.0
    endloop
  endfacet
  facet normal 0.7002585530281067 -0.5805914402008057 0.41539329290390015
    outer loop
      vertex 19.0 6.914547443389893 12.0
      vertex 19.0 7.0 12.119436264038086
      vertex 18.477649688720703 7.0 13.0
    endloop
  endfacet
  facet normal 0.7369961142539978 -0.5218360424041748 0.42956236004829407
    outer loop
      vertex 19.0 6.914547443389893 12.0
      vertex 18.477649688720703 7.0 13.0
      vertex 18.0 6.325408935546875 13.0
    endloop
  endfacet
  facet normal 0.7372208833694458 -0.5208572745323181 0.43036383390426636
    outer loop
      vertex 18.353858947753906 6.0 12.0
      vertex 19.0 6.914547443389893 12.0
      vertex 18.0 6.325408935546875 13.0
    endloop
  endfacet
  facet normal 0.774573564529419 -0.4673493206501007 0.42616942524909973
    outer loop
      vertex 18.0 6.0 12.643147468566895
      vertex 18.353858947753906 6.0 12.0
      vertex 18.0 6.325408935546875 13.0
    endloop
  endfacet
  facet normal 0.5792780518531799 -0.4101625084877014 0.7044172286987305
    outer loop
      vertex 18.477649688720703 7.0 13.0
      vertex 18.0 7.0 13.39279556274414
      vertex 18.0 6.325408935546875 13.0
    endloop
  endfacet
  facet normal 0.6239563226699829 -0.36233121156692505 -0.692383348941803
    outer loop
      vertex 19.0 8.0 9.947417259216309
      vertex 19.0 7.899518966674805 10.0
      vertex 18.477649688720703 7.0 10.0
    endloop
  endfacet
  facet normal 0.5952319502830505 -0.3489799201488495 -0.7238176465034485
    outer loop
      vertex 18.0 7.0 9.60720443725586
      vertex 19.0 8.0 9.947417259216309
      vertex 18.477649688720703 7.0 10.0
    endloop
  endfacet
  facet normal 0.5332556366920471 -0.2593052089214325 -0.8052324652671814
    outer loop
      vertex 18.0 8.0 9.285179138183594
      vertex 19.0 8.0 9.947417259216309
      vertex 18.0 7.0 9.60720443725586
    endloop
  endfacet
  facet normal 0.7694360613822937 -0.4468112289905548 -0.4564293622970581
    outer loop
      vertex 18.477649688720703 7.0 10.0
      vertex 19.0 7.899518966674805 10.0
      vertex 19.0 7.0 10.880563735961914
    endloop
  endfacet
  facet normal 0.7694360613822937 -0.4468112289905548 0.4564293622970581
    outer loop
      vertex 19.0 7.0 12.119436264038086
      vertex 19.0 7.899518966674805 13.0
      vertex 18.477649688720703 7.0 13.0
    endloop
  endfacet
  facet normal 0.5959213376045227 -0.34605127573013306 0.7246559262275696
    outer loop
      vertex 18.0 7.0 13.39279556274414
      vertex 18.477649688720703 7.0 13.0
      vertex 19.0 7.899518966674805 13.0
    endloop
  endfacet
  facet normal 0.6076440215110779 -0.3682429790496826 0.7036802768707275
    outer loop
      vertex 19.0 8.0 13.052582740783691
      vertex 18.0 7.0 13.39279556274414
      vertex 19.0 7.899518966674805 13.0
    endloop
  endfacet
  facet normal 0.5332556366920471 -0.2593052089214325 0.8052324652671814
    outer loop
      vertex 18.0 8.0 13.714820861816406
      vertex 18.0 7.0 13.39279556274414
      vertex 19.0 8.0 13.052582740783691
    endloop
  endfacet
  facet normal 0.5482258200645447 -0.11888185143470764 -0.8278378844261169
    outer loop
      vertex 18.0 9.0 9.141573905944824
      vertex 19.0 8.0 9.947417259216309
      vertex 18.0 8.0 9.285179138183594
    endloop
  endfacet
  facet normal 0.4033654034137726 -0.29471880197525024 -0.866277813911438
    outer loop
      vertex 18.0 9.0 9.141573905944824
      vertex 19.0 9.0 9.60720443725586
      vertex 19.0 8.0 9.947417259216309
    endloop
  endfacet
  facet normal 0.5482258200645447 -0.11888185143470764 0.8278378844261169
    outer loop
      vertex 19.0 8.0 13.052582740783691
      vertex 18.0 9.0 13.858426094055176
      vertex 18.0 8.0 13.714820861816406
    endloop
  endfacet
  facet normal 0.4033654034137726 -0.29471880197525024 0.866277813911438
    outer loop
      vertex 19.0 9.0 13.39279556274414
      vertex 18.0 9.0 13.858426094055176
      vertex 19.0 8.0 13.052582740783691
    endloop
  endfacet
  facet normal 0.4216836094856262 -0.04514463618397713 -0.9056184887886047
    outer loop
      vertex 18.0 10.0 9.091724395751953
      vertex 19.0 9.0 9.60720443725586
      vertex 18.0 9.0 9.141573905944824
    endloop
  endfacet
  facet normal 0.3136664032936096 -0.1680704951286316 -0.934540331363678
    outer loop
      vertex 18.0 10.0 9.091724395751953
      vertex 19.0 10.0 9.427361488342285
      vertex 19.0 9.0 9.60720443725586
    endloop
  endfacet
  facet normal 0.4216836094856262 -0.04514463618397713 0.9056184887886047
    outer loop
      vertex 19.0 9.0 13.39279556274414
      vertex 18.0 10.0 13.908275604248047
      vertex 18.0 9.0 13.858426094055176
    endloop
  endfacet
  facet normal 0.3136664032936096 -0.1680704951286316 0.934540331363678
    outer loop
      vertex 19.0 10.0 13.572638511657715
      vertex 18.0 10.0 13.908275604248047
      vertex 19.0 9.0 13.39279556274414
    endloop
  endfacet
  facet normal 0.31817567348480225 -0.010343346744775772 -0.9479753375053406
    outer loop
      vertex 18.0 11.0 9.08081340789795
      vertex 19.0 10.0 9.427361488342285
      vertex 18.0 10.0 9.091724395751953
    endloop
  endfacet
  facet normal 0.2606596052646637 -0.07295200973749161 -0.9626705050468445
    outer loop
      vertex 18.0 11.0 9.08081340789795
      vertex 19.0 11.0 9.351580619812012
      vertex 19.0 10.0 9.427361488342285
    endloop
  endfacet
  facet normal 0.31817567348480225 -0.010343346744775772 0.9479753375053406
    outer loop
      vertex 19.0 10.0 13.572638511657715
      vertex 18.0 11.0 13.91918659210205
      vertex 18.0 10.0 13.908275604248047
    endloop
  endfacet
  facet normal 0.2606596052646637 -0.07295200973749161 0.9626705050468445
    outer loop
      vertex 19.0 11.0 13.648419380187988
      vertex 18.0 11.0 13.91918659210205
      vertex 19.0 10.0 13.572638511657715
    endloop
  endfacet
  facet normal 0.26135602593421936 0.0 -0.9652425050735474
    outer loop
      vertex 18.0 12.0 9.08081340789795
      vertex 19.0 11.0 9.351580619812012
      vertex 18.0 11.0 9.08081340789795
    endloop
  endfacet
  facet normal 0.26135602593421936 0.0 -0.9652425050735474
    outer loop
      vertex 18.0 12.0 9.08081340789795
      vertex 19.0 12.0 9.351580619812012
      vertex 19.0 11.0 9.351580619812012
    endloop
  endfacet
  facet normal 0.26135602593421936 0.0 0.9652425050735474
    outer loop
      vertex 19.0 11.0 13.648419380187988
      vertex 18.0 12.0 13.91918659210205
      vertex 18.0 11.0 13.91918659210205
    endloop
  endfacet
  facet normal 0.26135602593421936 0.0 0.9652425050735474
    outer loop
      vertex 19.0 12.0 13.648419380187988
      vertex 18.0 12.0 13.91918659210205
      vertex 19.0 11.0 13.648419380187988
    endloop
  endfacet
  facet normal 0.26134154200553894 0.010531165637075901 -0.9651889801025391
    outer loop
      vertex 18.0 13.0 9.091724395751953
      vertex 19.0 12.0 9.351580619812012
      vertex 18.0 12.0 9.08081340789795
    endloop
  endfacet
  facet normal 0.31737473607063293 0.07165755331516266 -0.9455889463424683
    outer loop
      vertex 18.0 13.0 9.091724395751953
      vertex 19.0 13.0 9.427361488342285
      vertex 19.0 12.0 9.351580619812012
    endloop
  endfacet
  facet normal 0.26134154200553894 0.010531165637075901 0.9651889801025391
    outer loop
      vertex 19.0 12.0 13.648419380187988
      vertex 18.0 13.0 13.908275604248047
      vertex 18.0 12.0 13.91918659210205
    endloop
  endfacet
  facet normal 0.31737473607063293 0.07165755331516266 0.9455889463424683
    outer loop
      vertex 19.0 13.0 13.572638511657715
      vertex 18.0 13.0 13.908275604248047
      vertex 19.0 12.0 13.648419380187988
    endloop
  endfacet
  facet normal 0.31783798336982727 0.04720594733953476 -0.9469691514968872
    outer loop
      vertex 18.0 14.0 9.141573905944824
      vertex 19.0 13.0 9.427361488342285
      vertex 18.0 13.0 9.091724395751953
    endloop
  endfacet
  facet normal 0.4166134297847748 0.16091081500053406 -0.8947296142578125
    outer loop
      vertex 18.0 14.0 9.141573905944824
      vertex 19.0 14.0 9.60720443725586
      vertex 19.0 13.0 9.427361488342285
    endloop
  endfacet
  facet normal 0.31783798336982727 0.04720594733953476 0.9469691514968872
    outer loop
      vertex 19.0 13.0 13.572638511657715
      vertex 18.0 14.0 13.858426094055176
      vertex 18.0 13.0 13.908275604248047
    endloop
  endfacet
  facet normal 0.4166134297847748 0.16091081500053406 0.8947296142578125
    outer loop
      vertex 19.0 14.0 13.39279556274414
      vertex 18.0 14.0 13.858426094055176
      vertex 19.0 13.0 13.572638511657715
    endloop
  endfacet
  facet normal 0.41858184337615967 0.1290949434041977 -0.8989570736885071
    outer loop
      vertex 18.0 15.0 9.285179138183594
      vertex 19.0 14.0 9.60720443725586
      vertex 18.0 14.0 9.141573905944824
    endloop
  endfacet
  facet normal 0.5311854481697083 0.27288690209388733 -0.8021064400672913
    outer loop
      vertex 18.0 15.0 9.285179138183594
      vertex 19.0 15.0 9.947417259216309
      vertex 19.0 14.0 9.60720443725586
    endloop
  endfacet
  facet normal 0.41858184337615967 0.1290949434041977 0.8989570736885071
    outer loop
      vertex 19.0 14.0 13.39279556274414
      vertex 18.0 15.0 13.714820861816406
      vertex 18.0 14.0 13.858426094055176
    endloop
  endfacet
  facet normal 0.5311854481697083 0.27288690209388733 0.8021064400672913
    outer loop
      vertex 19.0 15.0 13.052582740783691
      vertex 18.0 15.0 13.714820861816406
      vertex 19.0 14.0 13.39279556274414
    endloop
  endfacet
  facet normal 0.5959213376045227 0.34605127573013306 -0.7246559262275696
    outer loop
      vertex 18.0 16.0 9.60720443725586
      vertex 18.477649688720703 16.0 10.0
      vertex 19.0 15.100481033325195 10.0
    endloop
  endfacet
  facet normal 0.6076440215110779 0.3682429790496826 -0.7036802768707275
    outer loop
      vertex 19.0 15.0 9.947417259216309
      vertex 18.0 16.0 9.60720443725586
      vertex 19.0 15.100481033325195 10.0
    endloop
  endfacet
  facet normal 0.5332556366920471 0.2593052089214325 -0.8052324652671814
    outer loop
      vertex 18.0 15.0 9.285179138183594
      vertex 18.0 16.0 9.60720443725586
      vertex 19.0 15.0 9.947417259216309
    endloop
  endfacet
  facet normal 0.7694360613822937 0.4468112289905548 -0.4564293622970581
    outer loop
      vertex 18.477649688720703 16.0 10.0
      vertex 19.0 16.0 10.880563735961914
      vertex 19.0 15.100481033325195 10.0
    endloop
  endfacet
  facet normal 0.7694360613822937 0.4468112289905548 0.4564293622970581
    outer loop
      vertex 19.0 15.100481033325195 13.0
      vertex 19.0 16.0 12.119436264038086
      vertex 18.477649688720703 16.0 13.0
    endloop
  endfacet
  facet normal 0.6239563226699829 0.36233121156692505 0.692383348941803
    outer loop
      vertex 19.0 15.0 13.052582740783691
      vertex 19.0 15.100481033325195 13.0
      vertex 18.477649688720703 16.0 13.0
    endloop
  endfacet
  facet normal 0.5952319502830505 0.3489799201488495 0.7238176465034485
    outer loop
      vertex 18.0 16.0 13.39279556274414
      vertex 19.0 15.0 13.052582740783691
      vertex 18.477649688720703 16.0 13.0
    endloop
  endfacet
  facet normal 0.5332556366920471 0.2593052089214325 0.8052324652671814
    outer loop
      vertex 18.0 15.0 13.714820861816406
      vertex 19.0 15.0 13.052582740783691
      vertex 18.0 16.0 13.39279556274414
    endloop
  endfacet
  facet normal 0.5792780518531799 0.4101625084877014 -0.7044172286987305
    outer loop
      vertex 18.0 16.674591064453125 10.0
      vertex 18.477649688720703 16.0 10.0
      vertex 18.0 16.0 9.60720443725586
    endloop
  endfacet
  facet normal 0.7449666261672974 0.5263299942016602 -0.4098797142505646
    outer loop
      vertex 18.353858947753906 17.0 11.0
      vertex 19.0 16.085453033447266 11.0
      vertex 18.0 17.0 10.356852531433105
    endloop
  endfacet
  facet normal 0.7426981925964355 0.49479424953460693 -0.4511961042881012
    outer loop
      vertex 18.0 17.0 10.356852531433105
      vertex 19.0 16.085453033447266 11.0
      vertex 18.0 16.674591064453125 10.0
    endloop
  endfacet
  facet normal 0.7277193069458008 0.5578069686889648 -0.39909401535987854
    outer loop
      vertex 19.0 16.085453033447266 11.0
      vertex 19.0 16.0 10.880563735961914
      vertex 18.0 16.674591064453125 10.0
    endloop
  endfacet
  facet normal 0.7345731258392334 0.5201205015182495 -0.43574872612953186
    outer loop
      vertex 19.0 16.0 10.880563735961914
      vertex 18.477649688720703 16.0 10.0
      vertex 18.0 16.674591064453125 10.0
    endloop
  endfacet
  facet normal 0.8167243599891663 0.5770279169082642 0.0
    outer loop
      vertex 18.353858947753906 17.0 12.0
      vertex 19.0 16.085453033447266 12.0
      vertex 18.353858947753906 17.0 11.0
    endloop
  endfacet
  facet normal 0.8167243599891663 0.5770279169082642 0.0
    outer loop
      vertex 18.353858947753906 17.0 11.0
      vertex 19.0 16.085453033447266 12.0
      vertex 19.0 16.085453033447266 11.0
    endloop
  endfacet
  facet normal 0.7549194097518921 0.5333618521690369 0.38160425424575806
    outer loop
      vertex 19.0 16.085453033447266 12.0
      vertex 18.353858947753906 17.0 12.0
      vertex 19.0 16.0 12.119436264038086
    endloop
  endfacet
  facet normal 0.7320632934570312 0.5248825550079346 0.4342598617076874
    outer loop
      vertex 19.0 16.0 12.119436264038086
      vertex 18.353858947753906 17.0 12.0
      vertex 18.477649688720703 16.0 13.0
    endloop
  endfacet
  facet normal 0.7544257640838623 0.5084750652313232 0.4150841236114502
    outer loop
      vertex 18.353858947753906 17.0 12.0
      vertex 18.0 17.0 12.643147468566895
      vertex 18.477649688720703 16.0 13.0
    endloop
  endfacet
  facet normal 0.7220199704170227 0.5112320780754089 0.4661855697631836
    outer loop
      vertex 18.0 17.0 12.643147468566895
      vertex 18.0 16.674591064453125 13.0
      vertex 18.477649688720703 16.0 13.0
    endloop
  endfacet
  facet normal 0.5792780518531799 0.4101625084877014 0.7044172286987305
    outer loop
      vertex 18.477649688720703 16.0 13.0
      vertex 18.0 16.674591064453125 13.0
      vertex 18.0 16.0 13.39279556274414
    endloop
  endfacet
  facet normal 0.6992404460906982 0.6025382876396179 -0.3847212493419647
    outer loop
      vertex 18.0 17.4106502532959 11.0
      vertex 18.353858947753906 17.0 11.0
      vertex 18.0 17.0 10.356852531433105
    endloop
  endfacet
  facet normal 0.7575467228889465 0.6527810096740723 0.0
    outer loop
      vertex 18.353858947753906 17.0 11.0
      vertex 18.0 17.4106502532959 11.0
      vertex 18.0 17.4106502532959 12.0
    endloop
  endfacet
  facet normal 0.7575467228889465 0.6527810096740723 -0.0
    outer loop
      vertex 18.353858947753906 17.0 11.0
      vertex 18.0 17.4106502532959 12.0
      vertex 18.353858947753906 17.0 12.0
    endloop
  endfacet
  facet normal 0.6992404460906982 0.6025382876396179 0.3847212493419647
    outer loop
      vertex 18.353858947753906 17.0 12.0
      vertex 18.0 17.4106502532959 12.0
      vertex 18.0 17.0 12.643147468566895
    endloop
  endfacet
  facet normal 0.7882750630378723 -0.5004295110702515 -0.3580402135848999
    outer loop
      vertex 19.0 7.0 10.880563735961914
      vertex 19.054248809814453 7.0 11.0
      vertex 19.0 6.914547443389893 11.0
    endloop
  endfacet
  facet normal 0.8442431092262268 -0.5359603762626648 0.0
    outer loop
      vertex 19.054248809814453 7.0 12.0
      vertex 19.0 6.914547443389893 12.0
      vertex 19.0 6.914547443389893 11.0
    endloop
  endfacet
  facet normal 0.8442431092262268 -0.5359603762626648 0.0
    outer loop
      vertex 19.054248809814453 7.0 12.0
      vertex 19.0 6.914547443389893 11.0
      vertex 19.054248809814453 7.0 11.0
    endloop
  endfacet
  facet normal 0.7882750630378723 -0.5004295110702515 0.3580402135848999
    outer loop
      vertex 19.054248809814453 7.0 12.0
      vertex 19.0 7.0 12.119436264038086
      vertex 19.0 6.914547443389893 12.0
    endloop
  endfacet
  facet normal 0.6813266277313232 -0.339389443397522 -0.6485435962677002
    outer loop
      vertex 19.0 8.0 9.947417259216309
      vertex 19.050052642822266 8.0 10.0
      vertex 19.0 7.899518966674805 10.0
    endloop
  endfacet
  facet normal 0.8439479470252991 -0.3752495050430298 -0.3833272457122803
    outer loop
      vertex 19.054248809814453 7.0 11.0
      vertex 19.0 7.0 10.880563735961914
      vertex 19.0 7.899518966674805 10.0
    endloop
  endfacet
  facet normal 0.816369891166687 -0.4066585600376129 -0.41008418798446655
    outer loop
      vertex 19.050052642822266 8.0 10.0
      vertex 19.054248809814453 7.0 11.0
      vertex 19.0 7.899518966674805 10.0
    endloop
  endfacet
  facet normal 0.8107056617736816 -0.4122740626335144 -0.41567590832710266
    outer loop
      vertex 19.562786102294922 8.0 11.0
      vertex 19.054248809814453 7.0 11.0
      vertex 19.050052642822266 8.0 10.0
    endloop
  endfacet
  facet normal 0.8913624882698059 -0.45329105854034424 0.0
    outer loop
      vertex 19.054248809814453 7.0 11.0
      vertex 19.562786102294922 8.0 12.0
      vertex 19.054248809814453 7.0 12.0
    endloop
  endfacet
  facet normal 0.8913624882698059 -0.45329105854034424 0.0
    outer loop
      vertex 19.054248809814453 7.0 11.0
      vertex 19.562786102294922 8.0 11.0
      vertex 19.562786102294922 8.0 12.0
    endloop
  endfacet
  facet normal 0.8145803809165955 -0.40576717257499695 0.41450178623199463
    outer loop
      vertex 19.050052642822266 8.0 13.0
      vertex 19.0 7.899518966674805 13.0
      vertex 19.0 7.0 12.119436264038086
    endloop
  endfacet
  facet normal 0.8425062298774719 -0.3791370987892151 0.38267239928245544
    outer loop
      vertex 19.054248809814453 7.0 12.0
      vertex 19.050052642822266 8.0 13.0
      vertex 19.0 7.0 12.119436264038086
    endloop
  endfacet
  facet normal 0.8107056617736816 -0.4122740626335144 0.41567590832710266
    outer loop
      vertex 19.562786102294922 8.0 12.0
      vertex 19.050052642822266 8.0 13.0
      vertex 19.054248809814453 7.0 12.0
    endloop
  endfacet
  facet normal 0.6813266277313232 -0.339389443397522 0.6485435962677002
    outer loop
      vertex 19.050052642822266 8.0 13.0
      vertex 19.0 8.0 13.052582740783691
      vertex 19.0 7.899518966674805 13.0
    endloop
  endfacet
  facet normal 0.6652620434761047 -0.2438800036907196 -0.7056549787521362
    outer loop
      vertex 19.0 9.0 9.60720443725586
      vertex 19.416645050048828 9.0 10.0
      vertex 19.050052642822266 8.0 10.0
    endloop
  endfacet
  facet normal 0.7051778435707092 -0.228366881608963 -0.671247124671936
    outer loop
      vertex 19.0 9.0 9.60720443725586
      vertex 19.050052642822266 8.0 10.0
      vertex 19.0 8.0 9.947417259216309
    endloop
  endfacet
  facet normal 0.845852792263031 -0.3105478584766388 -0.43369701504707336
    outer loop
      vertex 19.050052642822266 8.0 10.0
      vertex 19.929927825927734 9.0 11.0
      vertex 19.562786102294922 8.0 11.0
    endloop
  endfacet
  facet normal 0.8458041548728943 -0.3100653886795044 -0.4341367185115814
    outer loop
      vertex 19.050052642822266 8.0 10.0
      vertex 19.416645050048828 9.0 10.0
      vertex 19.929927825927734 9.0 11.0
    endloop
  endfacet
  facet normal 0.9387321472167969 -0.34464773535728455 0.0
    outer loop
      vertex 19.562786102294922 8.0 11.0
      vertex 19.929927825927734 9.0 12.0
      vertex 19.562786102294922 8.0 12.0
    endloop
  endfacet
  facet normal 0.9387321472167969 -0.34464773535728455 0.0
    outer loop
      vertex 19.562786102294922 8.0 11.0
      vertex 19.929927825927734 9.0 11.0
      vertex 19.929927825927734 9.0 12.0
    endloop
  endfacet
  facet normal 0.8459747433662415 -0.3101279139518738 0.43375957012176514
    outer loop
      vertex 19.562786102294922 8.0 12.0
      vertex 19.416645050048828 9.0 13.0
      vertex 19.050052642822266 8.0 13.0
    endloop
  endfacet
  facet normal 0.8456823229789734 -0.31048527359962463 0.43407416343688965
    outer loop
      vertex 19.562786102294922 8.0 12.0
      vertex 19.929927825927734 9.0 12.0
      vertex 19.416645050048828 9.0 13.0
    endloop
  endfacet
  facet normal 0.6658757925033569 -0.24029432237148285 0.7063059210777283
    outer loop
      vertex 19.416645050048828 9.0 13.0
      vertex 19.0 9.0 13.39279556274414
      vertex 19.0 8.0 13.052582740783691
    endloop
  endfacet
  facet normal 0.7000590562820435 -0.2566363215446472 0.6663746237754822
    outer loop
      vertex 19.416645050048828 9.0 13.0
      vertex 19.0 8.0 13.052582740783691
      vertex 19.050052642822266 8.0 13.0
    endloop
  endfacet
  facet normal 0.6453839540481567 -0.15894433856010437 -0.7471386790275574
    outer loop
      vertex 19.0 10.0 9.427361488342285
      vertex 19.66292381286621 10.0 10.0
      vertex 19.416645050048828 9.0 10.0
    endloop
  endfacet
  facet normal 0.6801759004592896 -0.12975206971168518 -0.7214743494987488
    outer loop
      vertex 19.0 10.0 9.427361488342285
      vertex 19.416645050048828 9.0 10.0
      vertex 19.0 9.0 9.60720443725586
    endloop
  endfacet
  facet normal 0.8937679529190063 -0.21646782755851746 -0.39283666014671326
    outer loop
      vertex 20.0 9.289319038391113 11.0
      vertex 19.929927825927734 9.0 11.0
      vertex 20.0 10.0 10.60838794708252
    endloop
  endfacet
  facet normal 0.8483831286430359 -0.24352335929870605 -0.4700450599193573
    outer loop
      vertex 19.929927825927734 9.0 11.0
      vertex 19.66292381286621 10.0 10.0
      vertex 20.0 10.0 10.60838794708252
    endloop
  endfacet
  facet normal 0.8690356016159058 -0.21402502059936523 -0.44606101512908936
    outer loop
      vertex 19.929927825927734 9.0 11.0
      vertex 19.416645050048828 9.0 10.0
      vertex 19.66292381286621 10.0 10.0
    endloop
  endfacet
  facet normal 0.9719007015228271 -0.23539133369922638 0.0
    outer loop
      vertex 19.929927825927734 9.0 11.0
      vertex 20.0 9.289319038391113 11.0
      vertex 19.929927825927734 9.0 12.0
    endloop
  endfacet
  facet normal 0.9719007015228271 -0.23539133369922638 0.0
    outer loop
      vertex 19.929927825927734 9.0 12.0
      vertex 20.0 9.289319038391113 11.0
      vertex 20.0 9.289319038391113 12.0
    endloop
  endfacet
  facet normal 0.845100462436676 -0.2580103874206543 0.4682263135910034
    outer loop
      vertex 20.0 10.0 12.39161205291748
      vertex 19.66292381286621 10.0 13.0
      vertex 20.0 9.289319038391113 12.0
    endloop
  endfacet
  facet normal 0.8710665702819824 -0.21096962690353394 0.44354790449142456
    outer loop
      vertex 19.66292381286621 10.0 13.0
      vertex 19.929927825927734 9.0 12.0
      vertex 20.0 9.289319038391113 12.0
    endloop
  endfacet
  facet normal 0.8690356016159058 -0.21402502059936523 0.44606101512908936
    outer loop
      vertex 19.66292381286621 10.0 13.0
      vertex 19.416645050048828 9.0 13.0
      vertex 19.929927825927734 9.0 12.0
    endloop
  endfacet
  facet normal 0.6477227807044983 -0.13485455513000488 0.7498462796211243
    outer loop
      vertex 19.66292381286621 10.0 13.0
      vertex 19.0 10.0 13.572638511657715
      vertex 19.0 9.0 13.39279556274414
    endloop
  endfacet
  facet normal 0.6763902306556702 -0.16658055782318115 0.7174588441848755
    outer loop
      vertex 19.66292381286621 10.0 13.0
      vertex 19.0 9.0 13.39279556274414
      vertex 19.416645050048828 9.0 13.0
    endloop
  endfacet
  facet normal 0.632806658744812 -0.07989504933357239 -0.7701769471168518
    outer loop
      vertex 19.0 11.0 9.351580619812012
      vertex 19.7891788482666 11.0 10.0
      vertex 19.66292381286621 10.0 10.0
    endloop
  endfacet
  facet normal 0.6526216864585876 -0.05725378170609474 -0.7555176019668579
    outer loop
      vertex 19.0 11.0 9.351580619812012
      vertex 19.66292381286621 10.0 10.0
      vertex 19.0 10.0 9.427361488342285
    endloop
  endfacet
  facet normal 0.8682886958122253 -0.12100707739591599 -0.4810737073421478
    outer loop
      vertex 20.0 10.0 10.60838794708252
      vertex 19.66292381286621 10.0 10.0
      vertex 20.0 11.0 10.356852531433105
    endloop
  endfacet
  facet normal 0.8559333086013794 -0.1080658882856369 -0.5056678056716919
    outer loop
      vertex 20.0 11.0 10.356852531433105
      vertex 19.66292381286621 10.0 10.0
      vertex 19.7891788482666 11.0 10.0
    endloop
  endfacet
  facet normal 0.8694306015968323 -0.10976999253034592 0.4817063808441162
    outer loop
      vertex 19.66292381286621 10.0 13.0
      vertex 20.0 10.0 12.39161205291748
      vertex 19.7891788482666 11.0 13.0
    endloop
  endfacet
  facet normal 0.854013979434967 -0.12690815329551697 0.5045339465141296
    outer loop
      vertex 19.7891788482666 11.0 13.0
      vertex 20.0 10.0 12.39161205291748
      vertex 20.0 11.0 12.643147468566895
    endloop
  endfacet
  facet normal 0.6337506175041199 -0.058451756834983826 0.7713258266448975
    outer loop
      vertex 19.7891788482666 11.0 13.0
      vertex 19.0 11.0 13.648419380187988
      vertex 19.0 10.0 13.572638511657715
    endloop
  endfacet
  facet normal 0.6514789462089539 -0.08225250244140625 0.7541946768760681
    outer loop
      vertex 19.7891788482666 11.0 13.0
      vertex 19.0 10.0 13.572638511657715
      vertex 19.66292381286621 10.0 13.0
    endloop
  endfacet
  facet normal 0.6348360180854797 0.0 -0.7726467847824097
    outer loop
      vertex 19.0 12.0 9.351580619812012
      vertex 19.7891788482666 12.0 10.0
      vertex 19.7891788482666 11.0 10.0
    endloop
  endfacet
  facet normal 0.6348360180854797 0.0 -0.7726467847824097
    outer loop
      vertex 19.0 12.0 9.351580619812012
      vertex 19.7891788482666 11.0 10.0
      vertex 19.0 11.0 9.351580619812012
    endloop
  endfacet
  facet normal 0.8609753847122192 0.0 -0.5086466073989868
    outer loop
      vertex 20.0 11.0 10.356852531433105
      vertex 19.7891788482666 11.0 10.0
      vertex 20.0 12.0 10.356852531433105
    endloop
  endfacet
  facet normal 0.8609753847122192 0.0 -0.5086466073989868
    outer loop
      vertex 20.0 12.0 10.356852531433105
      vertex 19.7891788482666 11.0 10.0
      vertex 19.7891788482666 12.0 10.0
    endloop
  endfacet
  facet normal 0.8609753847122192 -0.0 0.5086466073989868
    outer loop
      vertex 19.7891788482666 11.0 13.0
      vertex 20.0 11.0 12.643147468566895
      vertex 19.7891788482666 12.0 13.0
    endloop
  endfacet
  facet normal 0.8609753847122192 0.0 0.5086466073989868
    outer loop
      vertex 19.7891788482666 12.0 13.0
      vertex 20.0 11.0 12.643147468566895
      vertex 20.0 12.0 12.643147468566895
    endloop
  endfacet
  facet normal 0.6348360180854797 0.0 0.7726467847824097
    outer loop
      vertex 19.7891788482666 12.0 13.0
      vertex 19.0 12.0 13.648419380187988
      vertex 19.0 11.0 13.648419380187988
    endloop
  endfacet
  facet normal 0.6348360180854797 0.0 0.7726467847824097
    outer loop
      vertex 19.7891788482666 12.0 13.0
      vertex 19.0 11.0 13.648419380187988
      vertex 19.7891788482666 11.0 13.0
    endloop
  endfacet
  facet normal 0.6514789462089539 0.08225250244140625 -0.7541946768760681
    outer loop
      vertex 19.0 13.0 9.427361488342285
      vertex 19.66292381286621 13.0 10.0
      vertex 19.7891788482666 12.0 10.0
    endloop
  endfacet
  facet normal 0.6337506175041199 0.05845174193382263 -0.7713258266448975
    outer loop
      vertex 19.0 13.0 9.427361488342285
      vertex 19.7891788482666 12.0 10.0
      vertex 19.0 12.0 9.351580619812012
    endloop
  endfacet
  facet normal 0.854013979434967 0.12690815329551697 -0.5045339465141296
    outer loop
      vertex 20.0 12.0 10.356852531433105
      vertex 19.7891788482666 12.0 10.0
      vertex 20.0 13.0 10.60838794708252
    endloop
  endfacet
  facet normal 0.8694306015968323 0.10976999253034592 -0.4817063808441162
    outer loop
      vertex 20.0 13.0 10.60838794708252
      vertex 19.7891788482666 12.0 10.0
      vertex 19.66292381286621 13.0 10.0
    endloop
  endfacet
  facet normal 0.8559333086013794 0.1080658882856369 0.5056678056716919
    outer loop
      vertex 19.7891788482666 12.0 13.0
      vertex 20.0 12.0 12.643147468566895
      vertex 19.66292381286621 13.0 13.0
    endloop
  endfacet
  facet normal 0.8682886958122253 0.12100707739591599 0.4810737073421478
    outer loop
      vertex 19.66292381286621 13.0 13.0
      vertex 20.0 12.0 12.643147468566895
      vertex 20.0 13.0 12.39161205291748
    endloop
  endfacet
  facet normal 0.6526216864585876 0.05725377798080444 0.7555176019668579
    outer loop
      vertex 19.66292381286621 13.0 13.0
      vertex 19.0 13.0 13.572638511657715
      vertex 19.0 12.0 13.648419380187988
    endloop
  endfacet
  facet normal 0.632806658744812 0.0798950269818306 0.7701769471168518
    outer loop
      vertex 19.66292381286621 13.0 13.0
      vertex 19.0 12.0 13.648419380187988
      vertex 19.7891788482666 12.0 13.0
    endloop
  endfacet
  facet normal 0.6763902306556702 0.16658055782318115 -0.7174588441848755
    outer loop
      vertex 19.0 14.0 9.60720443725586
      vertex 19.416645050048828 14.0 10.0
      vertex 19.66292381286621 13.0 10.0
    endloop
  endfacet
  facet normal 0.6477227807044983 0.13485455513000488 -0.7498462796211243
    outer loop
      vertex 19.0 14.0 9.60720443725586
      vertex 19.66292381286621 13.0 10.0
      vertex 19.0 13.0 9.427361488342285
    endloop
  endfacet
  facet normal 0.845100462436676 0.2580103874206543 -0.4682263135910034
    outer loop
      vertex 20.0 13.0 10.60838794708252
      vertex 19.66292381286621 13.0 10.0
      vertex 20.0 13.710680961608887 11.0
    endloop
  endfacet
  facet normal 0.8710665702819824 0.21096962690353394 -0.44354790449142456
    outer loop
      vertex 19.66292381286621 13.0 10.0
      vertex 19.929927825927734 14.0 11.0
      vertex 20.0 13.710680961608887 11.0
    endloop
  endfacet
  facet normal 0.8690356016159058 0.21402502059936523 -0.44606101512908936
    outer loop
      vertex 19.66292381286621 13.0 10.0
      vertex 19.416645050048828 14.0 10.0
      vertex 19.929927825927734 14.0 11.0
    endloop
  endfacet
  facet normal 0.9719007015228271 0.23539133369922638 0.0
    outer loop
      vertex 19.929927825927734 14.0 12.0
      vertex 20.0 13.710680961608887 12.0
      vertex 19.929927825927734 14.0 11.0
    endloop
  endfacet
  facet normal 0.9719007015228271 0.23539133369922638 0.0
    outer loop
      vertex 19.929927825927734 14.0 11.0
      vertex 20.0 13.710680961608887 12.0
      vertex 20.0 13.710680961608887 11.0
    endloop
  endfacet
  facet normal 0.8937679529190063 0.21646782755851746 0.39283666014671326
    outer loop
      vertex 20.0 13.710680961608887 12.0
      vertex 19.929927825927734 14.0 12.0
      vertex 20.0 13.0 12.39161205291748
    endloop
  endfacet
  facet normal 0.8483831286430359 0.24352335929870605 0.4700450599193573
    outer loop
      vertex 19.929927825927734 14.0 12.0
      vertex 19.66292381286621 13.0 13.0
      vertex 20.0 13.0 12.39161205291748
    endloop
  endfacet
  facet normal 0.8690356016159058 0.21402502059936523 0.44606101512908936
    outer loop
      vertex 19.929927825927734 14.0 12.0
      vertex 19.416645050048828 14.0 13.0
      vertex 19.66292381286621 13.0 13.0
    endloop
  endfacet
  facet normal 0.6801759004592896 0.12975208461284637 0.7214743494987488
    outer loop
      vertex 19.416645050048828 14.0 13.0
      vertex 19.0 14.0 13.39279556274414
      vertex 19.0 13.0 13.572638511657715
    endloop
  endfacet
  facet normal 0.6453839540481567 0.15894435346126556 0.7471386790275574
    outer loop
      vertex 19.416645050048828 14.0 13.0
      vertex 19.0 13.0 13.572638511657715
      vertex 19.66292381286621 13.0 13.0
    endloop
  endfacet
  facet normal 0.7000590562820435 0.2566363513469696 -0.6663746237754822
    outer loop
      vertex 19.0 15.0 9.947417259216309
      vertex 19.050052642822266 15.0 10.0
      vertex 19.416645050048828 14.0 10.0
    endloop
  endfacet
  facet normal 0.6658757925033569 0.24029432237148285 -0.7063059210777283
    outer loop
      vertex 19.0 15.0 9.947417259216309
      vertex 19.416645050048828 14.0 10.0
      vertex 19.0 14.0 9.60720443725586
    endloop
  endfacet
  facet normal 0.8456823229789734 0.31048527359962463 -0.43407416343688965
    outer loop
      vertex 19.416645050048828 14.0 10.0
      vertex 19.562786102294922 15.0 11.0
      vertex 19.929927825927734 14.0 11.0
    endloop
  endfacet
  facet normal 0.8459747433662415 0.3101279139518738 -0.43375957012176514
    outer loop
      vertex 19.416645050048828 14.0 10.0
      vertex 19.050052642822266 15.0 10.0
      vertex 19.562786102294922 15.0 11.0
    endloop
  endfacet
  facet normal 0.9387321472167969 0.34464773535728455 -0.0
    outer loop
      vertex 19.929927825927734 14.0 11.0
      vertex 19.562786102294922 15.0 12.0
      vertex 19.929927825927734 14.0 12.0
    endloop
  endfacet
  facet normal 0.9387321472167969 0.34464773535728455 0.0
    outer loop
      vertex 19.929927825927734 14.0 11.0
      vertex 19.562786102294922 15.0 11.0
      vertex 19.562786102294922 15.0 12.0
    endloop
  endfacet
  facet normal 0.8458041548728943 0.3100653886795044 0.4341367185115814
    outer loop
      vertex 19.929927825927734 14.0 12.0
      vertex 19.050052642822266 15.0 13.0
      vertex 19.416645050048828 14.0 13.0
    endloop
  endfacet
  facet normal 0.845852792263031 0.3105478584766388 0.43369701504707336
    outer loop
      vertex 19.929927825927734 14.0 12.0
      vertex 19.562786102294922 15.0 12.0
      vertex 19.050052642822266 15.0 13.0
    endloop
  endfacet
  facet normal 0.7051778435707092 0.228366881608963 0.671247124671936
    outer loop
      vertex 19.050052642822266 15.0 13.0
      vertex 19.0 15.0 13.052582740783691
      vertex 19.0 14.0 13.39279556274414
    endloop
  endfacet
  facet normal 0.6652620434761047 0.2438800036907196 0.7056549787521362
    outer loop
      vertex 19.050052642822266 15.0 13.0
      vertex 19.0 14.0 13.39279556274414
      vertex 19.416645050048828 14.0 13.0
    endloop
  endfacet
  facet normal 0.6813266277313232 0.339389443397522 -0.6485435962677002
    outer loop
      vertex 19.0 15.100481033325195 10.0
      vertex 19.050052642822266 15.0 10.0
      vertex 19.0 15.0 9.947417259216309
    endloop
  endfacet
  facet normal 0.8145803809165955 0.40576717257499695 -0.41450178623199463
    outer loop
      vertex 19.050052642822266 15.0 10.0
      vertex 19.0 15.100481033325195 10.0
      vertex 19.0 16.0 10.880563735961914
    endloop
  endfacet
  facet normal 0.8425062298774719 0.3791370987892151 -0.38267239928245544
    outer loop
      vertex 19.054248809814453 16.0 11.0
      vertex 19.050052642822266 15.0 10.0
      vertex 19.0 16.0 10.880563735961914
    endloop
  endfacet
  facet normal 0.8107056617736816 0.4122740626335144 -0.41567590832710266
    outer loop
      vertex 19.562786102294922 15.0 11.0
      vertex 19.050052642822266 15.0 10.0
      vertex 19.054248809814453 16.0 11.0
    endloop
  endfacet
  facet normal 0.8913624882698059 0.45329105854034424 -0.0
    outer loop
      vertex 19.562786102294922 15.0 11.0
      vertex 19.054248809814453 16.0 12.0
      vertex 19.562786102294922 15.0 12.0
    endloop
  endfacet
  facet normal 0.8913624882698059 0.45329105854034424 0.0
    outer loop
      vertex 19.562786102294922 15.0 11.0
      vertex 19.054248809814453 16.0 11.0
      vertex 19.054248809814453 16.0 12.0
    endloop
  endfacet
  facet normal 0.8439479470252991 0.3752495050430298 0.3833272457122803
    outer loop
      vertex 19.054248809814453 16.0 12.0
      vertex 19.0 16.0 12.119436264038086
      vertex 19.0 15.100481033325195 13.0
    endloop
  endfacet
  facet normal 0.816369891166687 0.4066585600376129 0.41008418798446655
    outer loop
      vertex 19.050052642822266 15.0 13.0
      vertex 19.054248809814453 16.0 12.0
      vertex 19.0 15.100481033325195 13.0
    endloop
  endfacet
  facet normal 0.8107056617736816 0.4122740626335144 0.41567590832710266
    outer loop
      vertex 19.562786102294922 15.0 12.0
      vertex 19.054248809814453 16.0 12.0
      vertex 19.050052642822266 15.0 13.0
    endloop
  endfacet
  facet normal 0.6813266277313232 0.339389443397522 0.6485435962677002
    outer loop
      vertex 19.050052642822266 15.0 13.0
      vertex 19.0 15.100481033325195 13.0
      vertex 19.0 15.0 13.052582740783691
    endloop
  endfacet
  facet normal 0.788276195526123 0.5004274249076843 -0.3580406904220581
    outer loop
      vertex 19.0 16.085453033447266 11.0
      vertex 19.054248809814453 16.0 11.0
      vertex 19.0 16.0 10.880563735961914
    endloop
  endfacet
  facet normal 0.8442444801330566 0.5359582304954529 0.0
    outer loop
      vertex 19.054248809814453 16.0 11.0
      vertex 19.0 16.085453033447266 11.0
      vertex 19.0 16.085453033447266 12.0
    endloop
  endfacet
  facet normal 0.8442444801330566 0.5359582304954529 -0.0
    outer loop
      vertex 19.054248809814453 16.0 11.0
      vertex 19.0 16.085453033447266 12.0
      vertex 19.054248809814453 16.0 12.0
    endloop
  endfacet
  facet normal 0.788276195526123 0.5004274249076843 0.3580406904220581
    outer loop
      vertex 19.054248809814453 16.0 12.0
      vertex 19.0 16.085453033447266 12.0
      vertex 19.0 16.0 12.119436264038086
    endloop
  endfacet
  facet normal 0.9022798538208008 -0.2080805003643036 -0.37761569023132324
    outer loop
      vertex 20.0 10.0 10.60838794708252
      vertex 20.163894653320312 10.0 11.0
      vertex 20.0 9.289319038391113 11.0
    endloop
  endfacet
  facet normal 0.9744238257408142 -0.22471807897090912 0.0
    outer loop
      vertex 20.163894653320312 10.0 12.0
      vertex 20.0 9.289319038391113 12.0
      vertex 20.0 9.289319038391113 11.0
    endloop
  endfacet
  facet normal 0.9744238257408142 -0.22471807897090912 0.0
    outer loop
      vertex 20.163894653320312 10.0 12.0
      vertex 20.0 9.289319038391113 11.0
      vertex 20.163894653320312 10.0 11.0
    endloop
  endfacet
  facet normal 0.9022798538208008 -0.2080805003643036 0.37761569023132324
    outer loop
      vertex 20.163894653320312 10.0 12.0
      vertex 20.0 10.0 12.39161205291748
      vertex 20.0 9.289319038391113 12.0
    endloop
  endfacet
  facet normal 0.9128502607345581 -0.10427416115999222 -0.3947546184062958
    outer loop
      vertex 20.0 11.0 10.356852531433105
      vertex 20.27812385559082 11.0 11.0
      vertex 20.163894653320312 10.0 11.0
    endloop
  endfacet
  facet normal 0.9181521534919739 -0.09665460139513016 -0.3842584192752838
    outer loop
      vertex 20.0 11.0 10.356852531433105
      vertex 20.163894653320312 10.0 11.0
      vertex 20.0 10.0 10.60838794708252
    endloop
  endfacet
  facet normal 0.993539035320282 -0.11349117010831833 0.0
    outer loop
      vertex 20.163894653320312 10.0 11.0
      vertex 20.27812385559082 11.0 12.0
      vertex 20.163894653320312 10.0 12.0
    endloop
  endfacet
  facet normal 0.993539035320282 -0.11349117010831833 0.0
    outer loop
      vertex 20.163894653320312 10.0 11.0
      vertex 20.27812385559082 11.0 11.0
      vertex 20.27812385559082 11.0 12.0
    endloop
  endfacet
  facet normal 0.9133133292198181 -0.0993451401591301 0.3949548602104187
    outer loop
      vertex 20.27812385559082 11.0 12.0
      vertex 20.0 11.0 12.643147468566895
      vertex 20.0 10.0 12.39161205291748
    endloop
  endfacet
  facet normal 0.9173921346664429 -0.10479296743869781 0.38394033908843994
    outer loop
      vertex 20.27812385559082 11.0 12.0
      vertex 20.0 10.0 12.39161205291748
      vertex 20.163894653320312 10.0 12.0
    endloop
  endfacet
  facet normal 0.9178538918495178 0.0 -0.396918386220932
    outer loop
      vertex 20.0 12.0 10.356852531433105
      vertex 20.27812385559082 12.0 11.0
      vertex 20.27812385559082 11.0 11.0
    endloop
  endfacet
  facet normal 0.9178538918495178 0.0 -0.396918386220932
    outer loop
      vertex 20.0 12.0 10.356852531433105
      vertex 20.27812385559082 11.0 11.0
      vertex 20.0 11.0 10.356852531433105
    endloop
  endfacet
  facet normal 1.0 0.0 0.0
    outer loop
      vertex 20.27812385559082 11.0 11.0
      vertex 20.27812385559082 12.0 12.0
      vertex 20.27812385559082 11.0 12.0
    endloop
  endfacet
  facet normal 1.0 0.0 0.0
    outer loop
      vertex 20.27812385559082 11.0 11.0
      vertex 20.27812385559082 12.0 11.0
      vertex 20.27812385559082 12.0 12.0
    endloop
  endfacet
  facet normal 0.9178538918495178 0.0 0.396918386220932
    outer loop
      vertex 20.27812385559082 12.0 12.0
      vertex 20.0 12.0 12.643147468566895
      vertex 20.0 11.0 12.643147468566895
    endloop
  endfacet
  facet normal 0.9178538918495178 0.0 0.396918386220932
    outer loop
      vertex 20.27812385559082 12.0 12.0
      vertex 20.0 11.0 12.643147468566895
      vertex 20.27812385559082 11.0 12.0
    endloop
  endfacet
  facet normal 0.9173921346664429 0.10479296743869781 -0.38394033908843994
    outer loop
      vertex 20.0 13.0 10.60838794708252
      vertex 20.163894653320312 13.0 11.0
      vertex 20.27812385559082 12.0 11.0
    endloop
  endfacet
  facet normal 0.9133133292198181 0.0993451401591301 -0.3949548602104187
    outer loop
      vertex 20.0 13.0 10.60838794708252
      vertex 20.27812385559082 12.0 11.0
      vertex 20.0 12.0 10.356852531433105
    endloop
  endfacet
  facet normal 0.993539035320282 0.11349117010831833 -0.0
    outer loop
      vertex 20.27812385559082 12.0 11.0
      vertex 20.163894653320312 13.0 12.0
      vertex 20.27812385559082 12.0 12.0
    endloop
  endfacet
  facet normal 0.993539035320282 0.11349117010831833 0.0
    outer loop
      vertex 20.27812385559082 12.0 11.0
      vertex 20.163894653320312 13.0 11.0
      vertex 20.163894653320312 13.0 12.0
    endloop
  endfacet
  facet normal 0.9181521534919739 0.09665459394454956 0.3842584192752838
    outer loop
      vertex 20.163894653320312 13.0 12.0
      vertex 20.0 13.0 12.39161205291748
      vertex 20.0 12.0 12.643147468566895
    endloop
  endfacet
  facet normal 0.9128502607345581 0.10427415370941162 0.3947546184062958
    outer loop
      vertex 20.163894653320312 13.0 12.0
      vertex 20.0 12.0 12.643147468566895
      vertex 20.27812385559082 12.0 12.0
    endloop
  endfacet
  facet normal 0.9022798538208008 0.2080805003643036 -0.37761569023132324
    outer loop
      vertex 20.0 13.710680961608887 11.0
      vertex 20.163894653320312 13.0 11.0
      vertex 20.0 13.0 10.60838794708252
    endloop
  endfacet
  facet normal 0.9744238257408142 0.22471807897090912 0.0
    outer loop
      vertex 20.163894653320312 13.0 11.0
      vertex 20.0 13.710680961608887 11.0
      vertex 20.0 13.710680961608887 12.0
    endloop
  endfacet
  facet normal 0.9744238257408142 0.22471807897090912 -0.0
    outer loop
      vertex 20.163894653320312 13.0 11.0
      vertex 20.0 13.710680961608887 12.0
      vertex 20.163894653320312 13.0 12.0
    endloop
  endfacet
  facet normal 0.9022798538208008 0.2080805003643036 0.37761569023132324
    outer loop
      vertex 20.163894653320312 13.0 12.0
      vertex 20.0 13.710680961608887 12.0
      vertex 20.0 13.0 12.39161205291748
    endloop
  endfacet
endsolid labcem
