solid labcem
  facet normal -0.4611842632293701 -0.23663325607776642 -0.855168879032135
    outer loop
      vertex 4.0 8.0 13.900077819824219
      vertex 4.0 7.638891220092773 14.0
      vertex 3.8147153854370117 8.0 14.0
    endloop
  endfacet
  facet normal -0.8708418607711792 -0.4468282461166382 0.20488788187503815
    outer loop
      vertex 4.0 8.0 14.787521362304688
      vertex 3.8147153854370117 8.0 14.0
      vertex 4.0 7.638891220092773 14.0
    endloop
  endfacet
  facet normal -0.4677141308784485 -0.17051026225090027 -0.8672772645950317
    outer loop
      vertex 4.0 8.0 13.900077819824219
      vertex 3.8147153854370117 8.0 14.0
      vertex 3.4501545429229736 9.0 14.0
    endloop
  endfacet
  facet normal -0.4761977791786194 -0.1757424920797348 -0.8615975379943848
    outer loop
      vertex 4.0 8.0 13.900077819824219
      vertex 3.4501545429229736 9.0 14.0
      vertex 4.0 9.0 13.696105003356934
    endloop
  endfacet
  facet normal -0.9729938507080078 -0.029627548530697823 0.2289217859506607
    outer loop
      vertex 3.8147153854370117 8.0 14.0
      vertex 4.0 8.0 14.787521362304688
      vertex 4.0 9.0 14.916943550109863
    endloop
  endfacet
  facet normal -0.8185495734214783 -0.29841113090515137 0.4908434748649597
    outer loop
      vertex 3.8147153854370117 8.0 14.0
      vertex 4.0 9.0 14.916943550109863
      vertex 3.4501545429229736 9.0 14.0
    endloop
  endfacet
  facet normal -0.4818613529205322 -0.08772790431976318 -0.8718448281288147
    outer loop
      vertex 4.0 9.0 13.696105003356934
      vertex 3.4501545429229736 9.0 14.0
      vertex 3.268094062805176 10.0 14.0
    endloop
  endfacet
  facet normal -0.4402956962585449 -0.049822475761175156 -0.8964694142341614
    outer loop
      vertex 4.0 9.0 13.696105003356934
      vertex 3.268094062805176 10.0 14.0
      vertex 4.0 10.0 13.640528678894043
    endloop
  endfacet
  facet normal -0.8576251864433289 0.0 0.5142751932144165
    outer loop
      vertex 3.4501545429229736 9.0 14.0
      vertex 4.0 9.0 14.916943550109863
      vertex 4.0 10.0 14.916943550109863
    endloop
  endfacet
  facet normal -0.773760199546814 -0.14087115228176117 0.6176167726516724
    outer loop
      vertex 3.4501545429229736 9.0 14.0
      vertex 4.0 10.0 14.916943550109863
      vertex 3.268094062805176 10.0 14.0
    endloop
  endfacet
  facet normal -0.43989863991737366 -0.06542667746543884 -0.895660936832428
    outer loop
      vertex 4.0 10.0 13.640528678894043
      vertex 3.268094062805176 10.0 14.0
      vertex 3.1193628311157227 11.0 14.0
    endloop
  endfacet
  facet normal -0.41046056151390076 -0.033899273723363876 -0.9112480878829956
    outer loop
      vertex 4.0 10.0 13.640528678894043
      vertex 3.1193628311157227 11.0 14.0
      vertex 4.0 11.0 13.603327751159668
    endloop
  endfacet
  facet normal -0.7815539240837097 0.0 0.6238377094268799
    outer loop
      vertex 3.268094062805176 10.0 14.0
      vertex 4.0 10.0 14.916943550109863
      vertex 4.0 11.0 14.916943550109863
    endloop
  endfacet
  facet normal -0.7171271443367004 -0.10665920376777649 0.6887325048446655
    outer loop
      vertex 3.268094062805176 10.0 14.0
      vertex 4.0 11.0 14.916943550109863
      vertex 3.1193628311157227 11.0 14.0
    endloop
  endfacet
  facet normal -0.4106965959072113 0.0 -0.9117720723152161
    outer loop
      vertex 4.0 11.0 13.603327751159668
      vertex 3.1193628311157227 11.0 14.0
      vertex 3.1193628311157227 12.0 14.0
    endloop
  endfacet
  facet normal -0.4106965959072113 0.0 -0.9117720723152161
    outer loop
      vertex 4.0 11.0 13.603327751159668
      vertex 3.1193628311157227 12.0 14.0
      vertex 4.0 12.0 13.603327751159668
    endloop
  endfacet
  facet normal -0.7212414145469666 0.0 0.6926838159561157
    outer loop
      vertex 3.1193628311157227 11.0 14.0
      vertex 4.0 11.0 14.916943550109863
      vertex 4.0 12.0 14.916943550109863
    endloop
  endfacet
  facet normal -0.7212414145469666 0.0 0.6926838159561157
    outer loop
      vertex 3.1193628311157227 11.0 14.0
      vertex 4.0 12.0 14.916943550109863
      vertex 3.1193628311157227 12.0 14.0
    endloop
  endfacet
  facet normal -0.40993252396583557 0.0609697587788105 -0.9100757837295532
    outer loop
      vertex 4.0 12.0 13.603327751159668
      vertex 3.1193628311157227 12.0 14.0
      vertex 3.268094062805176 13.0 14.0
    endloop
  endfacet
  facet normal -0.44059765338897705 0.033372364938259125 -0.8970841765403748
    outer loop
      vertex 4.0 12.0 13.603327751159668
      vertex 3.268094062805176 13.0 14.0
      vertex 4.0 13.0 13.640528678894043
    endloop
  endfacet
  facet normal -0.7212414145469666 0.0 0.6926838159561157
    outer loop
      vertex 3.1193628311157227 12.0 14.0
      vertex 4.0 12.0 14.916943550109863
      vertex 4.0 13.0 14.916943550109863
    endloop
  endfacet
  facet normal -0.7763266563415527 0.11546400934457779 0.619665265083313
    outer loop
      vertex 3.1193628311157227 12.0 14.0
      vertex 4.0 13.0 14.916943550109863
      vertex 3.268094062805176 13.0 14.0
    endloop
  endfacet
  facet normal -0.4394301176071167 0.08000286668539047 -0.8947070240974426
    outer loop
      vertex 4.0 13.0 13.640528678894043
      vertex 3.268094062805176 13.0 14.0
      vertex 3.4501545429229736 14.0 14.0
    endloop
  endfacet
  facet normal -0.48315519094467163 0.04858403280377388 -0.8741858005523682
    outer loop
      vertex 4.0 13.0 13.640528678894043
      vertex 3.4501545429229736 14.0 14.0
      vertex 4.0 14.0 13.696105003356934
    endloop
  endfacet
  facet normal -0.7815539240837097 0.0 0.6238377094268799
    outer loop
      vertex 3.268094062805176 13.0 14.0
      vertex 4.0 13.0 14.916943550109863
      vertex 4.0 14.0 14.916943550109863
    endloop
  endfacet
  facet normal -0.847358226776123 0.1542704552412033 0.5081186294555664
    outer loop
      vertex 3.268094062805176 13.0 14.0
      vertex 4.0 14.0 14.916943550109863
      vertex 3.4501545429229736 14.0 14.0
    endloop
  endfacet
  facet normal -0.4763757884502411 0.17366798222064972 -0.861919641494751
    outer loop
      vertex 4.0 14.0 13.696105003356934
      vertex 3.4501545429229736 14.0 14.0
      vertex 3.8147153854370117 15.0 14.0
    endloop
  endfacet
  facet normal -0.4671957790851593 0.17670492827892303 -0.8663160800933838
    outer loop
      vertex 4.0 14.0 13.696105003356934
      vertex 3.8147153854370117 15.0 14.0
      vertex 4.0 15.0 13.900077819824219
    endloop
  endfacet
  facet normal -0.8557318449020386 0.06641170382499695 0.5131398439407349
    outer loop
      vertex 3.4501545429229736 14.0 14.0
      vertex 4.0 14.0 14.916943550109863
      vertex 4.0 15.0 14.787521362304688
    endloop
  endfacet
  facet normal -0.9173696637153625 0.3344370722770691 0.21583476662635803
    outer loop
      vertex 3.4501545429229736 14.0 14.0
      vertex 4.0 15.0 14.787521362304688
      vertex 3.8147153854370117 15.0 14.0
    endloop
  endfacet
  facet normal -0.4611842632293701 0.23663325607776642 -0.855168879032135
    outer loop
      vertex 4.0 15.361108779907227 14.0
      vertex 4.0 15.0 13.900077819824219
      vertex 3.8147153854370117 15.0 14.0
    endloop
  endfacet
  facet normal -0.8708418607711792 0.4468282461166382 0.20488788187503815
    outer loop
      vertex 4.0 15.361108779907227 14.0
      vertex 3.8147153854370117 15.0 14.0
      vertex 4.0 15.0 14.787521362304688
    endloop
  endfacet
  facet normal -0.41633105278015137 -0.29659298062324524 -0.859477162361145
    outer loop
      vertex 5.0 7.0 13.696105003356934
      vertex 5.0 6.119362831115723 14.0
      vertex 4.372636795043945 7.0 14.0
    endloop
  endfacet
  facet normal -0.7114555239677429 -0.5068387389183044 0.48677048087120056
    outer loop
      vertex 5.0 7.0 14.916943550109863
      vertex 4.372636795043945 7.0 14.0
      vertex 5.0 6.119362831115723 14.0
    endloop
  endfacet
  facet normal -0.42250293493270874 -0.24642716348171234 -0.8722183704376221
    outer loop
      vertex 5.0 7.0 13.696105003356934
      vertex 4.372636795043945 7.0 14.0
      vertex 4.0 7.638891220092773 14.0
    endloop
  endfacet
  facet normal -0.4203554689884186 -0.24198168516159058 -0.874497652053833
    outer loop
      vertex 4.0 8.0 13.900077819824219
      vertex 5.0 7.0 13.696105003356934
      vertex 4.0 7.638891220092773 14.0
    endloop
  endfacet
  facet normal -0.3220404088497162 -0.13078556954860687 -0.9376486539840698
    outer loop
      vertex 5.0 8.0 13.556622505187988
      vertex 5.0 7.0 13.696105003356934
      vertex 4.0 8.0 13.900077819824219
    endloop
  endfacet
  facet normal -0.8416405320167542 -0.4908914864063263 0.2250925898551941
    outer loop
      vertex 4.0 8.0 14.787521362304688
      vertex 4.0 7.638891220092773 14.0
      vertex 4.372636795043945 7.0 14.0
    endloop
  endfacet
  facet normal -0.6595442295074463 -0.6011420488357544 0.4512532949447632
    outer loop
      vertex 5.0 7.0 14.916943550109863
      vertex 4.0 8.0 14.787521362304688
      vertex 4.372636795043945 7.0 14.0
    endloop
  endfacet
  facet normal -0.12835170328617096 0.0 0.9917287230491638
    outer loop
      vertex 5.0 8.0 14.916943550109863
      vertex 4.0 8.0 14.787521362304688
      vertex 5.0 7.0 14.916943550109863
    endloop
  endfacet
  facet normal -0.3189498484134674 -0.18941940367221832 -0.9286502003669739
    outer loop
      vertex 4.0 9.0 13.696105003356934
      vertex 5.0 8.0 13.556622505187988
      vertex 4.0 8.0 13.900077819824219
    endloop
  endfacet
  facet normal -0.35838642716407776 -0.23226363956928253 -0.904219388961792
    outer loop
      vertex 4.0 9.0 13.696105003356934
      vertex 5.0 9.0 13.299756050109863
      vertex 5.0 8.0 13.556622505187988
    endloop
  endfacet
  facet normal -0.12730734050273895 -0.12730734050273895 0.9836592674255371
    outer loop
      vertex 5.0 8.0 14.916943550109863
      vertex 4.0 9.0 14.916943550109863
      vertex 4.0 8.0 14.787521362304688
    endloop
  endfacet
  facet normal 0.0 0.0 1.0
    outer loop
      vertex 5.0 9.0 14.916943550109863
      vertex 4.0 9.0 14.916943550109863
      vertex 5.0 8.0 14.916943550109863
    endloop
  endfacet
  facet normal -0.5817449688911438 -0.17455479502677917 -0.7944201827049255
    outer loop
      vertex 5.0 10.0 12.942347526550293
      vertex 5.0 9.737616539001465 13.0
      vertex 4.921270847320557 10.0 13.0
    endloop
  endfacet
  facet normal -0.7820160388946533 -0.23464685678482056 -0.5774008631706238
    outer loop
      vertex 5.0 9.737616539001465 13.0
      vertex 5.0 9.0 13.299756050109863
      vertex 4.921270847320557 10.0 13.0
    endloop
  endfacet
  facet normal -0.5481064915657043 -0.27946171164512634 -0.7883402705192566
    outer loop
      vertex 5.0 9.0 13.299756050109863
      vertex 4.0 10.0 13.640528678894043
      vertex 4.921270847320557 10.0 13.0
    endloop
  endfacet
  facet normal -0.3679720163345337 -0.051597293466329575 -0.9284041523933411
    outer loop
      vertex 5.0 9.0 13.299756050109863
      vertex 4.0 9.0 13.696105003356934
      vertex 4.0 10.0 13.640528678894043
    endloop
  endfacet
  facet normal 0.0 0.0 1.0
    outer loop
      vertex 5.0 9.0 14.916943550109863
      vertex 4.0 10.0 14.916943550109863
      vertex 4.0 9.0 14.916943550109863
    endloop
  endfacet
  facet normal 0.0 0.0 1.0
    outer loop
      vertex 5.0 10.0 14.916943550109863
      vertex 4.0 10.0 14.916943550109863
      vertex 5.0 9.0 14.916943550109863
    endloop
  endfacet
  facet normal -0.5884948968887329 -0.08854451775550842 -0.8036377429962158
    outer loop
      vertex 5.0 10.0 12.942347526550293
      vertex 4.921270847320557 10.0 13.0
      vertex 4.770811557769775 11.0 13.0
    endloop
  endfacet
  facet normal -0.596041202545166 -0.09060916304588318 -0.7978250980377197
    outer loop
      vertex 5.0 10.0 12.942347526550293
      vertex 4.770811557769775 11.0 13.0
      vertex 5.0 11.0 12.828777313232422
    endloop
  endfacet
  facet normal -0.6160971522331238 -0.02928180620074272 -0.7871257066726685
    outer loop
      vertex 4.0 11.0 13.603327751159668
      vertex 4.770811557769775 11.0 13.0
      vertex 4.0 10.0 13.640528678894043
    endloop
  endfacet
  facet normal -0.5687569975852966 -0.08557478338479996 -0.8180418014526367
    outer loop
      vertex 4.0 10.0 13.640528678894043
      vertex 4.770811557769775 11.0 13.0
      vertex 4.921270847320557 10.0 13.0
    endloop
  endfacet
  facet normal 0.0 0.0 1.0
    outer loop
      vertex 5.0 10.0 14.916943550109863
      vertex 4.0 11.0 14.916943550109863
      vertex 4.0 10.0 14.916943550109863
    endloop
  endfacet
  facet normal 0.0 0.0 1.0
    outer loop
      vertex 5.0 11.0 14.916943550109863
      vertex 4.0 11.0 14.916943550109863
      vertex 5.0 10.0 14.916943550109863
    endloop
  endfacet
  facet normal -0.5985031127929688 0.0 -0.8011204600334167
    outer loop
      vertex 5.0 11.0 12.828777313232422
      vertex 4.770811557769775 11.0 13.0
      vertex 4.770811557769775 12.0 13.0
    endloop
  endfacet
  facet normal -0.5985031127929688 0.0 -0.8011204600334167
    outer loop
      vertex 5.0 11.0 12.828777313232422
      vertex 4.770811557769775 12.0 13.0
      vertex 5.0 12.0 12.828777313232422
    endloop
  endfacet
  facet normal -0.6163614392280579 -0.0 -0.7874634265899658
    outer loop
      vertex 4.0 12.0 13.603327751159668
      vertex 4.770811557769775 12.0 13.0
      vertex 4.0 11.0 13.603327751159668
    endloop
  endfacet
  facet normal -0.6163614392280579 0.0 -0.7874634265899658
    outer loop
      vertex 4.0 11.0 13.603327751159668
      vertex 4.770811557769775 12.0 13.0
      vertex 4.770811557769775 11.0 13.0
    endloop
  endfacet
  facet normal 0.0 0.0 1.0
    outer loop
      vertex 5.0 11.0 14.916943550109863
      vertex 4.0 12.0 14.916943550109863
      vertex 4.0 11.0 14.916943550109863
    endloop
  endfacet
  facet normal 0.0 0.0 1.0
    outer loop
      vertex 5.0 12.0 14.916943550109863
      vertex 4.0 12.0 14.916943550109863
      vertex 5.0 11.0 14.916943550109863
    endloop
  endfacet
  facet normal -0.596091091632843 0.08968744426965714 -0.7978919148445129
    outer loop
      vertex 5.0 12.0 12.828777313232422
      vertex 4.770811557769775 12.0 13.0
      vertex 4.921270847320557 13.0 13.0
    endloop
  endfacet
  facet normal -0.588350772857666 0.09124695509672165 -0.8034409284591675
    outer loop
      vertex 5.0 12.0 12.828777313232422
      vertex 4.921270847320557 13.0 13.0
      vertex 5.0 13.0 12.942347526550293
    endloop
  endfacet
  facet normal -0.5705848932266235 0.030529718846082687 -0.8206709027290344
    outer loop
      vertex 4.0 13.0 13.640528678894043
      vertex 4.921270847320557 13.0 13.0
      vertex 4.0 12.0 13.603327751159668
    endloop
  endfacet
  facet normal -0.6137279868125916 0.09234107285737991 -0.7840988636016846
    outer loop
      vertex 4.0 12.0 13.603327751159668
      vertex 4.921270847320557 13.0 13.0
      vertex 4.770811557769775 12.0 13.0
    endloop
  endfacet
  facet normal 0.0 0.0 1.0
    outer loop
      vertex 5.0 12.0 14.916943550109863
      vertex 4.0 13.0 14.916943550109863
      vertex 4.0 12.0 14.916943550109863
    endloop
  endfacet
  facet normal 0.0 0.0 1.0
    outer loop
      vertex 5.0 13.0 14.916943550109863
      vertex 4.0 13.0 14.916943550109863
      vertex 5.0 12.0 14.916943550109863
    endloop
  endfacet
  facet normal -0.5817449688911438 0.17455479502677917 -0.7944201827049255
    outer loop
      vertex 5.0 13.262383460998535 13.0
      vertex 5.0 13.0 12.942347526550293
      vertex 4.921270847320557 13.0 13.0
    endloop
  endfacet
  facet normal -0.562656819820404 0.16882731020450592 -0.8092679381370544
    outer loop
      vertex 4.921270847320557 13.0 13.0
      vertex 4.0 13.0 13.640528678894043
      vertex 5.0 13.262383460998535 13.0
    endloop
  endfacet
  facet normal -0.5691410899162292 0.30956026911735535 -0.7617419958114624
    outer loop
      vertex 4.0 13.0 13.640528678894043
      vertex 5.0 14.0 13.299756050109863
      vertex 5.0 13.262383460998535 13.0
    endloop
  endfacet
  facet normal -0.3679720163345337 0.051597293466329575 -0.9284041523933411
    outer loop
      vertex 4.0 13.0 13.640528678894043
      vertex 4.0 14.0 13.696105003356934
      vertex 5.0 14.0 13.299756050109863
    endloop
  endfacet
  facet normal 0.0 0.0 1.0
    outer loop
      vertex 5.0 13.0 14.916943550109863
      vertex 4.0 14.0 14.916943550109863
      vertex 4.0 13.0 14.916943550109863
    endloop
  endfacet
  facet normal 0.0 0.0 1.0
    outer loop
      vertex 5.0 14.0 14.916943550109863
      vertex 4.0 14.0 14.916943550109863
      vertex 5.0 13.0 14.916943550109863
    endloop
  endfacet
  facet normal -0.36201196908950806 0.18630199134349823 -0.9133667945861816
    outer loop
      vertex 4.0 15.0 13.900077819824219
      vertex 5.0 14.0 13.299756050109863
      vertex 4.0 14.0 13.696105003356934
    endloop
  endfacet
  facet normal -0.31564944982528687 0.23607073724269867 -0.9190407395362854
    outer loop
      vertex 4.0 15.0 13.900077819824219
      vertex 5.0 15.0 13.556622505187988
      vertex 5.0 14.0 13.299756050109863
    endloop
  endfacet
  facet normal 0.0 0.12835170328617096 0.9917287230491638
    outer loop
      vertex 5.0 14.0 14.916943550109863
      vertex 4.0 15.0 14.787521362304688
      vertex 4.0 14.0 14.916943550109863
    endloop
  endfacet
  facet normal -0.12835170328617096 0.0 0.9917287230491638
    outer loop
      vertex 5.0 15.0 14.916943550109863
      vertex 4.0 15.0 14.787521362304688
      vertex 5.0 14.0 14.916943550109863
    endloop
  endfacet
  facet normal -0.41583290696144104 0.24253681302070618 -0.8765037655830383
    outer loop
      vertex 4.0 15.0 13.900077819824219
      vertex 4.0 15.361108779907227 14.0
      vertex 4.372636795043945 16.0 14.0
    endloop
  endfacet
  facet normal -0.4226932227611542 0.2447042614221573 -0.8726111650466919
    outer loop
      vertex 5.0 16.0 13.696105003356934
      vertex 4.0 15.0 13.900077819824219
      vertex 4.372636795043945 16.0 14.0
    endloop
  endfacet
  facet normal -0.3220404088497162 0.13078556954860687 -0.9376486539840698
    outer loop
      vertex 5.0 15.0 13.556622505187988
      vertex 4.0 15.0 13.900077819824219
      vertex 5.0 16.0 13.696105003356934
    endloop
  endfacet
  facet normal -0.7436429858207703 0.43373382091522217 0.5087927579879761
    outer loop
      vertex 5.0 16.0 14.916943550109863
      vertex 4.372636795043945 16.0 14.0
      vertex 4.0 15.361108779907227 14.0
    endloop
  endfacet
  facet normal -0.6936325430870056 0.6547749042510986 0.3002394437789917
    outer loop
      vertex 4.0 15.0 14.787521362304688
      vertex 5.0 16.0 14.916943550109863
      vertex 4.0 15.361108779907227 14.0
    endloop
  endfacet
  facet normal -0.12835170328617096 0.0 0.9917287230491638
    outer loop
      vertex 5.0 15.0 14.916943550109863
      vertex 5.0 16.0 14.916943550109863
      vertex 4.0 15.0 14.787521362304688
    endloop
  endfacet
  facet normal -0.41633111238479614 0.2965933084487915 -0.8594771027565002
    outer loop
      vertex 5.0 16.88063621520996 14.0
      vertex 5.0 16.0 13.696105003356934
      vertex 4.372636795043945 16.0 14.0
    endloop
  endfacet
  facet normal -0.7114553451538086 0.5068391561508179 0.48677030205726624
    outer loop
      vertex 5.0 16.88063621520996 14.0
      vertex 4.372636795043945 16.0 14.0
      vertex 5.0 16.0 14.916943550109863
    endloop
  endfacet
  facet normal -0.3304232358932495 -0.3304232358932495 -0.8841046094894409
    outer loop
      vertex 6.0 6.0 13.670872688293457
      vertex 6.0 5.119362831115723 14.0
      vertex 5.119362831115723 6.0 14.0
    endloop
  endfacet
  facet normal -0.5849676132202148 -0.5849676132202148 0.5618058443069458
    outer loop
      vertex 6.0 6.0 14.916943550109863
      vertex 5.119362831115723 6.0 14.0
      vertex 6.0 5.119362831115723 14.0
    endloop
  endfacet
  facet normal -0.3304232358932495 -0.3304232656955719 -0.8841046690940857
    outer loop
      vertex 6.0 6.0 13.670872688293457
      vertex 5.119362831115723 6.0 14.0
      vertex 5.0 6.119362831115723 14.0
    endloop
  endfacet
  facet normal -0.33040130138397217 -0.30788877606391907 -0.8922104239463806
    outer loop
      vertex 5.0 7.0 13.696105003356934
      vertex 6.0 6.0 13.670872688293457
      vertex 5.0 6.119362831115723 14.0
    endloop
  endfacet
  facet normal -0.2627998888492584 -0.23921456933021545 -0.9347259998321533
    outer loop
      vertex 6.0 7.0 13.414953231811523
      vertex 6.0 6.0 13.670872688293457
      vertex 5.0 7.0 13.696105003356934
    endloop
  endfacet
  facet normal -0.5849676132202148 -0.5849676728248596 0.5618058443069458
    outer loop
      vertex 5.0 7.0 14.916943550109863
      vertex 5.0 6.119362831115723 14.0
      vertex 5.119362831115723 6.0 14.0
    endloop
  endfacet
  facet normal -0.5849676132202148 -0.5849676132202148 0.561805784702301
    outer loop
      vertex 6.0 6.0 14.916943550109863
      vertex 5.0 7.0 14.916943550109863
      vertex 5.119362831115723 6.0 14.0
    endloop
  endfacet
  facet normal 0.0 0.0 1.0
    outer loop
      vertex 6.0 7.0 14.916943550109863
      vertex 5.0 7.0 14.916943550109863
      vertex 6.0 6.0 14.916943550109863
    endloop
  endfacet
  facet normal -0.5093231797218323 -0.3464282155036926 -0.7877672910690308
    outer loop
      vertex 6.0 8.0 12.828777313232422
      vertex 6.0 7.610644817352295 13.0
      vertex 5.735170841217041 8.0 13.0
    endloop
  endfacet
  facet normal -0.6369913220405579 -0.43326476216316223 -0.637592077255249
    outer loop
      vertex 6.0 7.610644817352295 13.0
      vertex 6.0 7.0 13.414953231811523
      vertex 5.735170841217041 8.0 13.0
    endloop
  endfacet
  facet normal -0.5419101715087891 -0.44051188230514526 -0.7157391905784607
    outer loop
      vertex 6.0 7.0 13.414953231811523
      vertex 5.0 8.0 13.556622505187988
      vertex 5.735170841217041 8.0 13.0
    endloop
  endfacet
  facet normal -0.2682504653930664 -0.13308201730251312 -0.9541126489639282
    outer loop
      vertex 6.0 7.0 13.414953231811523
      vertex 5.0 7.0 13.696105003356934
      vertex 5.0 8.0 13.556622505187988
    endloop
  endfacet
  facet normal 0.0 0.0 1.0
    outer loop
      vertex 6.0 7.0 14.916943550109863
      vertex 5.0 8.0 14.916943550109863
      vertex 5.0 7.0 14.916943550109863
    endloop
  endfacet
  facet normal 0.0 0.0 1.0
    outer loop
      vertex 6.0 8.0 14.916943550109863
      vertex 5.0 8.0 14.916943550109863
      vertex 6.0 7.0 14.916943550109863
    endloop
  endfacet
  facet normal -0.5283799171447754 -0.23006467521190643 -0.8172422647476196
    outer loop
      vertex 6.0 8.0 12.828777313232422
      vertex 5.735170841217041 8.0 13.0
      vertex 5.299755573272705 9.0 13.0
    endloop
  endfacet
  facet normal -0.5230605602264404 -0.22554026544094086 -0.8219119310379028
    outer loop
      vertex 6.0 8.0 12.828777313232422
      vertex 5.299755573272705 9.0 13.0
      vertex 6.0 9.0 12.554368019104004
    endloop
  endfacet
  facet normal -0.6957244277000427 -0.17870798707008362 -0.6957233548164368
    outer loop
      vertex 5.0 9.0 13.299756050109863
      vertex 5.299755573272705 9.0 13.0
      vertex 5.0 8.0 13.556622505187988
    endloop
  endfacet
  facet normal -0.5838056206703186 -0.254197895526886 -0.7710735201835632
    outer loop
      vertex 5.0 8.0 13.556622505187988
      vertex 5.299755573272705 9.0 13.0
      vertex 5.735170841217041 8.0 13.0
    endloop
  endfacet
  facet normal 0.0 0.0 1.0
    outer loop
      vertex 6.0 8.0 14.916943550109863
      vertex 5.0 9.0 14.916943550109863
      vertex 5.0 8.0 14.916943550109863
    endloop
  endfacet
  facet normal 0.0 0.0 1.0
    outer loop
      vertex 6.0 9.0 14.916943550109863
      vertex 5.0 9.0 14.916943550109863
      vertex 6.0 8.0 14.916943550109863
    endloop
  endfacet
  facet normal -0.5245537757873535 -0.21317030489444733 -0.8242582678794861
    outer loop
      vertex 6.0 9.0 12.554368019104004
      vertex 5.299755573272705 9.0 13.0
      vertex 5.0 9.737616539001465 13.0
    endloop
  endfacet
  facet normal -0.5104092359542847 -0.18454694747924805 -0.8398957252502441
    outer loop
      vertex 5.0 10.0 12.942347526550293
      vertex 6.0 9.0 12.554368019104004
      vertex 5.0 9.737616539001465 13.0
    endloop
  endfacet
  facet normal -0.49450039863586426 -0.1632811427116394 -0.853702962398529
    outer loop
      vertex 6.0 10.0 12.363105773925781
      vertex 6.0 9.0 12.554368019104004
      vertex 5.0 10.0 12.942347526550293
    endloop
  endfacet
  facet normal -0.6796049475669861 -0.27618059515953064 -0.6796038746833801
    outer loop
      vertex 5.0 9.737616539001465 13.0
      vertex 5.299755573272705 9.0 13.0
      vertex 5.0 9.0 13.299756050109863
    endloop
  endfacet
  facet normal 0.0 0.0 1.0
    outer loop
      vertex 6.0 9.0 14.916943550109863
      vertex 5.0 10.0 14.916943550109863
      vertex 5.0 9.0 14.916943550109863
    endloop
  endfacet
  facet normal 0.0 0.0 1.0
    outer loop
      vertex 6.0 10.0 14.916943550109863
      vertex 5.0 10.0 14.916943550109863
      vertex 6.0 9.0 14.916943550109863
    endloop
  endfacet
  facet normal -0.49882403016090393 -0.09780295193195343 -0.8611672520637512
    outer loop
      vertex 5.0 11.0 12.828777313232422
      vertex 6.0 10.0 12.363105773925781
      vertex 5.0 10.0 12.942347526550293
    endloop
  endfacet
  facet normal -0.538628101348877 -0.15278419852256775 -0.8285751938819885
    outer loop
      vertex 5.0 11.0 12.828777313232422
      vertex 6.0 11.0 12.178711891174316
      vertex 6.0 10.0 12.363105773925781
    endloop
  endfacet
  facet normal 0.0 0.0 1.0
    outer loop
      vertex 6.0 10.0 14.916943550109863
      vertex 5.0 11.0 14.916943550109863
      vertex 5.0 10.0 14.916943550109863
    endloop
  endfacet
  facet normal 0.0 0.0 1.0
    outer loop
      vertex 6.0 11.0 14.916943550109863
      vertex 5.0 11.0 14.916943550109863
      vertex 6.0 10.0 14.916943550109863
    endloop
  endfacet
  facet normal -0.5450268983840942 -0.0 -0.8384185433387756
    outer loop
      vertex 5.0 12.0 12.828777313232422
      vertex 6.0 11.0 12.178711891174316
      vertex 5.0 11.0 12.828777313232422
    endloop
  endfacet
  facet normal -0.5450268983840942 0.0 -0.8384185433387756
    outer loop
      vertex 5.0 12.0 12.828777313232422
      vertex 6.0 12.0 12.178711891174316
      vertex 6.0 11.0 12.178711891174316
    endloop
  endfacet
  facet normal 0.0 0.0 1.0
    outer loop
      vertex 6.0 11.0 14.916943550109863
      vertex 5.0 12.0 14.916943550109863
      vertex 5.0 11.0 14.916943550109863
    endloop
  endfacet
  facet normal 0.0 0.0 1.0
    outer loop
      vertex 6.0 12.0 14.916943550109863
      vertex 5.0 12.0 14.916943550109863
      vertex 6.0 11.0 14.916943550109863
    endloop
  endfacet
  facet normal -0.5425727963447571 0.09479062259197235 -0.8346433639526367
    outer loop
      vertex 5.0 13.0 12.942347526550293
      vertex 6.0 12.0 12.178711891174316
      vertex 5.0 12.0 12.828777313232422
    endloop
  endfacet
  facet normal -0.49496597051620483 0.15756581723690033 -0.8545067310333252
    outer loop
      vertex 5.0 13.0 12.942347526550293
      vertex 6.0 13.0 12.363105773925781
      vertex 6.0 12.0 12.178711891174316
    endloop
  endfacet
  facet normal 0.0 0.0 1.0
    outer loop
      vertex 6.0 12.0 14.916943550109863
      vertex 5.0 13.0 14.916943550109863
      vertex 5.0 12.0 14.916943550109863
    endloop
  endfacet
  facet normal 0.0 0.0 1.0
    outer loop
      vertex 6.0 13.0 14.916943550109863
      vertex 5.0 13.0 14.916943550109863
      vertex 6.0 12.0 14.916943550109863
    endloop
  endfacet
  facet normal -0.4669731557369232 0.1897704303264618 -0.8636685013771057
    outer loop
      vertex 5.0 13.0 12.942347526550293
      vertex 5.0 13.262383460998535 13.0
      vertex 5.299755573272705 14.0 13.0
    endloop
  endfacet
  facet normal -0.5254783034324646 0.20511934161186218 -0.8257110118865967
    outer loop
      vertex 6.0 14.0 12.554368019104004
      vertex 5.0 13.0 12.942347526550293
      vertex 5.299755573272705 14.0 13.0
    endloop
  endfacet
  facet normal -0.49450039863586426 0.1632811427116394 -0.853702962398529
    outer loop
      vertex 6.0 13.0 12.363105773925781
      vertex 5.0 13.0 12.942347526550293
      vertex 6.0 14.0 12.554368019104004
    endloop
  endfacet
  facet normal -0.6796049475669861 0.27618059515953064 -0.6796038746833801
    outer loop
      vertex 5.0 14.0 13.299756050109863
      vertex 5.299755573272705 14.0 13.0
      vertex 5.0 13.262383460998535 13.0
    endloop
  endfacet
  facet normal 0.0 0.0 1.0
    outer loop
      vertex 6.0 13.0 14.916943550109863
      vertex 5.0 14.0 14.916943550109863
      vertex 5.0 13.0 14.916943550109863
    endloop
  endfacet
  facet normal 0.0 0.0 1.0
    outer loop
      vertex 6.0 14.0 14.916943550109863
      vertex 5.0 14.0 14.916943550109863
      vertex 6.0 13.0 14.916943550109863
    endloop
  endfacet
  facet normal -0.5227989554405212 0.22763465344905853 -0.8215008974075317
    outer loop
      vertex 6.0 14.0 12.554368019104004
      vertex 5.299755573272705 14.0 13.0
      vertex 5.735170841217041 15.0 13.0
    endloop
  endfacet
  facet normal -0.5290781855583191 0.22455522418022156 -0.8183222413063049
    outer loop
      vertex 6.0 14.0 12.554368019104004
      vertex 5.735170841217041 15.0 13.0
      vertex 6.0 15.0 12.828777313232422
    endloop
  endfacet
  facet normal -0.5913605093955994 0.20062601566314697 -0.7810518145561218
    outer loop
      vertex 5.0 15.0 13.556622505187988
      vertex 5.735170841217041 15.0 13.0
      vertex 5.0 14.0 13.299756050109863
    endloop
  endfacet
  facet normal -0.675801694393158 0.2942543625831604 -0.675800621509552
    outer loop
      vertex 5.0 14.0 13.299756050109863
      vertex 5.735170841217041 15.0 13.0
      vertex 5.299755573272705 14.0 13.0
    endloop
  endfacet
  facet normal 0.0 0.0 1.0
    outer loop
      vertex 6.0 14.0 14.916943550109863
      vertex 5.0 15.0 14.916943550109863
      vertex 5.0 14.0 14.916943550109863
    endloop
  endfacet
  facet normal 0.0 0.0 1.0
    outer loop
      vertex 6.0 15.0 14.916943550109863
      vertex 5.0 15.0 14.916943550109863
      vertex 6.0 14.0 14.916943550109863
    endloop
  endfacet
  facet normal -0.5093231201171875 0.34642863273620605 -0.787767231464386
    outer loop
      vertex 6.0 15.389354705810547 13.0
      vertex 6.0 15.0 12.828777313232422
      vertex 5.735170841217041 15.0 13.0
    endloop
  endfacet
  facet normal -0.5584002137184143 0.3798096179962158 -0.7375187873840332
    outer loop
      vertex 5.735170841217041 15.0 13.0
      vertex 5.0 15.0 13.556622505187988
      vertex 6.0 15.389354705810547 13.0
    endloop
  endfacet
  facet normal -0.5618693232536316 0.4649386405944824 -0.6842038035392761
    outer loop
      vertex 5.0 15.0 13.556622505187988
      vertex 6.0 16.0 13.414953231811523
      vertex 6.0 15.389354705810547 13.0
    endloop
  endfacet
  facet normal -0.2682504653930664 0.13308201730251312 -0.9541126489639282
    outer loop
      vertex 5.0 15.0 13.556622505187988
      vertex 5.0 16.0 13.696105003356934
      vertex 6.0 16.0 13.414953231811523
    endloop
  endfacet
  facet normal 0.0 0.0 1.0
    outer loop
      vertex 6.0 15.0 14.916943550109863
      vertex 5.0 16.0 14.916943550109863
      vertex 5.0 15.0 14.916943550109863
    endloop
  endfacet
  facet normal 0.0 0.0 1.0
    outer loop
      vertex 6.0 16.0 14.916943550109863
      vertex 5.0 16.0 14.916943550109863
      vertex 6.0 15.0 14.916943550109863
    endloop
  endfacet
  facet normal -0.3101274073123932 0.3101250231266022 -0.898689866065979
    outer loop
      vertex 5.0 16.0 13.696105003356934
      vertex 5.0 16.88063621520996 14.0
      vertex 5.119362831115723 17.0 14.0
    endloop
  endfacet
  facet normal -0.33280202746391296 0.3103334307670593 -0.890469491481781
    outer loop
      vertex 6.0 17.0 13.670872688293457
      vertex 5.0 16.0 13.696105003356934
      vertex 5.119362831115723 17.0 14.0
    endloop
  endfacet
  facet normal -0.2627998888492584 0.23921456933021545 -0.9347259998321533
    outer loop
      vertex 6.0 16.0 13.414953231811523
      vertex 5.0 16.0 13.696105003356934
      vertex 6.0 17.0 13.670872688293457
    endloop
  endfacet
  facet normal -0.5849692225456238 0.5849645137786865 0.56180739402771
    outer loop
      vertex 6.0 17.0 14.916943550109863
      vertex 5.119362831115723 17.0 14.0
      vertex 5.0 16.88063621520996 14.0
    endloop
  endfacet
  facet normal -0.584967851638794 0.584967851638794 0.5618054270744324
    outer loop
      vertex 5.0 16.0 14.916943550109863
      vertex 6.0 17.0 14.916943550109863
      vertex 5.0 16.88063621520996 14.0
    endloop
  endfacet
  facet normal 0.0 -0.0 1.0
    outer loop
      vertex 6.0 16.0 14.916943550109863
      vertex 6.0 17.0 14.916943550109863
      vertex 5.0 16.0 14.916943550109863
    endloop
  endfacet
  facet normal -0.3304232060909271 0.3304235339164734 -0.8841044902801514
    outer loop
      vertex 6.0 17.88063621520996 14.0
      vertex 6.0 17.0 13.670872688293457
      vertex 5.119362831115723 17.0 14.0
    endloop
  endfacet
  facet normal -0.5849673748016357 0.5849680304527283 0.5618056058883667
    outer loop
      vertex 6.0 17.88063621520996 14.0
      vertex 5.119362831115723 17.0 14.0
      vertex 6.0 17.0 14.916943550109863
    endloop
  endfacet
  facet normal -0.29659298062324524 -0.41633105278015137 -0.859477162361145
    outer loop
      vertex 7.0 5.0 13.696105003356934
      vertex 7.0 4.372636795043945 14.0
      vertex 6.119362831115723 5.0 14.0
    endloop
  endfacet
  facet normal -0.5068387389183044 -0.7114555239677429 0.48677048087120056
    outer loop
      vertex 7.0 5.0 14.916943550109863
      vertex 6.119362831115723 5.0 14.0
      vertex 7.0 4.372636795043945 14.0
    endloop
  endfacet
  facet normal -0.3101249933242798 -0.31012508273124695 -0.8986907005310059
    outer loop
      vertex 7.0 5.0 13.696105003356934
      vertex 6.119362831115723 5.0 14.0
      vertex 6.0 5.119362831115723 14.0
    endloop
  endfacet
  facet normal -0.3103334307670593 -0.33280202746391296 -0.890469491481781
    outer loop
      vertex 6.0 6.0 13.670872688293457
      vertex 7.0 5.0 13.696105003356934
      vertex 6.0 5.119362831115723 14.0
    endloop
  endfacet
  facet normal -0.23921456933021545 -0.2627998888492584 -0.9347259998321533
    outer loop
      vertex 7.0 6.0 13.414953231811523
      vertex 7.0 5.0 13.696105003356934
      vertex 6.0 6.0 13.670872688293457
    endloop
  endfacet
  facet normal -0.5849676132202148 -0.5849676728248596 0.5618058443069458
    outer loop
      vertex 6.0 6.0 14.916943550109863
      vertex 6.0 5.119362831115723 14.0
      vertex 6.119362831115723 5.0 14.0
    endloop
  endfacet
  facet normal -0.5849676132202148 -0.5849676132202148 0.561805784702301
    outer loop
      vertex 7.0 5.0 14.916943550109863
      vertex 6.0 6.0 14.916943550109863
      vertex 6.119362831115723 5.0 14.0
    endloop
  endfacet
  facet normal 0.0 0.0 1.0
    outer loop
      vertex 7.0 6.0 14.916943550109863
      vertex 6.0 6.0 14.916943550109863
      vertex 7.0 5.0 14.916943550109863
    endloop
  endfacet
  facet normal -0.43708565831184387 -0.43708565831184387 -0.7860739231109619
    outer loop
      vertex 7.0 7.0 12.712501525878906
      vertex 7.0 6.482950210571289 13.0
      vertex 6.482950210571289 7.0 13.0
    endloop
  endfacet
  facet normal -0.5459848642349243 -0.5459848642349243 -0.6354535222053528
    outer loop
      vertex 7.0 6.482950210571289 13.0
      vertex 7.0 6.0 13.414953231811523
      vertex 6.482950210571289 7.0 13.0
    endloop
  endfacet
  facet normal -0.5459848642349243 -0.5459848642349243 -0.6354535222053528
    outer loop
      vertex 7.0 6.0 13.414953231811523
      vertex 6.0 7.0 13.414953231811523
      vertex 6.482950210571289 7.0 13.0
    endloop
  endfacet
  facet normal -0.2406434416770935 -0.2406434416770935 -0.9403092861175537
    outer loop
      vertex 7.0 6.0 13.414953231811523
      vertex 6.0 6.0 13.670872688293457
      vertex 6.0 7.0 13.414953231811523
    endloop
  endfacet
  facet normal 0.0 0.0 1.0
    outer loop
      vertex 7.0 6.0 14.916943550109863
      vertex 6.0 7.0 14.916943550109863
      vertex 6.0 6.0 14.916943550109863
    endloop
  endfacet
  facet normal 0.0 0.0 1.0
    outer loop
      vertex 7.0 7.0 14.916943550109863
      vertex 6.0 7.0 14.916943550109863
      vertex 7.0 6.0 14.916943550109863
    endloop
  endfacet
  facet normal -0.45361390709877014 -0.35875675082206726 -0.8157989978790283
    outer loop
      vertex 7.0 7.0 12.712501525878906
      vertex 6.482950210571289 7.0 13.0
      vertex 6.0 7.610644817352295 13.0
    endloop
  endfacet
  facet normal -0.4536135196685791 -0.3587557375431061 -0.8157996535301208
    outer loop
      vertex 6.0 8.0 12.828777313232422
      vertex 7.0 7.0 12.712501525878906
      vertex 6.0 7.610644817352295 13.0
    endloop
  endfacet
  facet normal -0.40244001150131226 -0.3019528090953827 -0.8642143607139587
    outer loop
      vertex 7.0 8.0 12.363105773925781
      vertex 7.0 7.0 12.712501525878906
      vertex 6.0 8.0 12.828777313232422
    endloop
  endfacet
  facet normal -0.5792760848999023 -0.45814117789268494 -0.674200177192688
    outer loop
      vertex 6.0 7.610644817352295 13.0
      vertex 6.482950210571289 7.0 13.0
      vertex 6.0 7.0 13.414953231811523
    endloop
  endfacet
  facet normal 0.0 0.0 1.0
    outer loop
      vertex 7.0 7.0 14.916943550109863
      vertex 6.0 8.0 14.916943550109863
      vertex 6.0 7.0 14.916943550109863
    endloop
  endfacet
  facet normal 0.0 0.0 1.0
    outer loop
      vertex 7.0 8.0 14.916943550109863
      vertex 6.0 8.0 14.916943550109863
      vertex 7.0 7.0 14.916943550109863
    endloop
  endfacet
  facet normal -0.6016941666603088 -0.3723524808883667 -0.7066241502761841
    outer loop
      vertex 7.0 9.0 11.747637748718262
      vertex 7.0 8.521084785461426 12.0
      vertex 6.703628063201904 9.0 12.0
    endloop
  endfacet
  facet normal -0.6785855293273926 -0.419935941696167 -0.6026404500007629
    outer loop
      vertex 7.0 8.521084785461426 12.0
      vertex 7.0 8.0 12.363105773925781
      vertex 6.703628063201904 9.0 12.0
    endloop
  endfacet
  facet normal -0.5603851079940796 -0.424346923828125 -0.7112652063369751
    outer loop
      vertex 7.0 8.0 12.363105773925781
      vertex 6.0 9.0 12.554368019104004
      vertex 6.703628063201904 9.0 12.0
    endloop
  endfacet
  facet normal -0.40965962409973145 -0.2414027899503708 -0.879718005657196
    outer loop
      vertex 7.0 8.0 12.363105773925781
      vertex 6.0 8.0 12.828777313232422
      vertex 6.0 9.0 12.554368019104004
    endloop
  endfacet
  facet normal 0.0 0.0 1.0
    outer loop
      vertex 7.0 8.0 14.916943550109863
      vertex 6.0 9.0 14.916943550109863
      vertex 6.0 8.0 14.916943550109863
    endloop
  endfacet
  facet normal 0.0 0.0 1.0
    outer loop
      vertex 7.0 9.0 14.916943550109863
      vertex 6.0 9.0 14.916943550109863
      vertex 7.0 8.0 14.916943550109863
    endloop
  endfacet
  facet normal -0.6330699920654297 -0.2155744433403015 -0.743471622467041
    outer loop
      vertex 7.0 9.0 11.747637748718262
      vertex 6.703628063201904 9.0 12.0
      vertex 6.363105773925781 10.0 12.0
    endloop
  endfacet
  facet normal -0.6493299007415771 -0.2306726574897766 -0.7246797680854797
    outer loop
      vertex 7.0 9.0 11.747637748718262
      vertex 6.363105773925781 10.0 12.0
      vertex 7.0 10.0 11.429327964782715
    endloop
  endfacet
  facet normal -0.7007274627685547 -0.13402271270751953 -0.7007274627685547
    outer loop
      vertex 6.0 10.0 12.363105773925781
      vertex 6.363105773925781 10.0 12.0
      vertex 6.0 9.0 12.554368019104004
    endloop
  endfacet
  facet normal -0.6055675745010376 -0.20620925724506378 -0.768612802028656
    outer loop
      vertex 6.0 9.0 12.554368019104004
      vertex 6.363105773925781 10.0 12.0
      vertex 6.703628063201904 9.0 12.0
    endloop
  endfacet
  facet normal 0.0 0.0 1.0
    outer loop
      vertex 7.0 9.0 14.916943550109863
      vertex 6.0 10.0 14.916943550109863
      vertex 6.0 9.0 14.916943550109863
    endloop
  endfacet
  facet normal 0.0 0.0 1.0
    outer loop
      vertex 7.0 10.0 14.916943550109863
      vertex 6.0 10.0 14.916943550109863
      vertex 7.0 9.0 14.916943550109863
    endloop
  endfacet
  facet normal -0.6623312830924988 -0.12212985754013062 -0.7391898036003113
    outer loop
      vertex 7.0 10.0 11.429327964782715
      vertex 6.363105773925781 10.0 12.0
      vertex 6.178711891174316 11.0 12.0
    endloop
  endfacet
  facet normal -0.6703712344169617 -0.13408540189266205 -0.7298105955123901
    outer loop
      vertex 7.0 10.0 11.429327964782715
      vertex 6.178711891174316 11.0 12.0
      vertex 7.0 11.0 11.245601654052734
    endloop
  endfacet
  facet normal -0.7011717557907104 -0.12929177284240723 -0.7011717557907104
    outer loop
      vertex 6.0 11.0 12.178711891174316
      vertex 6.178711891174316 11.0 12.0
      vertex 6.0 10.0 12.363105773925781
    endloop
  endfacet
  facet normal -0.7011716961860657 -0.12929178774356842 -0.7011716961860657
    outer loop
      vertex 6.0 10.0 12.363105773925781
      vertex 6.178711891174316 11.0 12.0
      vertex 6.363105773925781 10.0 12.0
    endloop
  endfacet
  facet normal 0.0 0.0 1.0
    outer loop
      vertex 7.0 10.0 14.916943550109863
      vertex 6.0 11.0 14.916943550109863
      vertex 6.0 10.0 14.916943550109863
    endloop
  endfacet
  facet normal 0.0 0.0 1.0
    outer loop
      vertex 7.0 11.0 14.916943550109863
      vertex 6.0 11.0 14.916943550109863
      vertex 7.0 10.0 14.916943550109863
    endloop
  endfacet
  facet normal -0.6764799356460571 0.0 -0.7364609241485596
    outer loop
      vertex 7.0 11.0 11.245601654052734
      vertex 6.178711891174316 11.0 12.0
      vertex 6.178711891174316 12.0 12.0
    endloop
  endfacet
  facet normal -0.6764799356460571 0.0 -0.7364609241485596
    outer loop
      vertex 7.0 11.0 11.245601654052734
      vertex 6.178711891174316 12.0 12.0
      vertex 7.0 12.0 11.245601654052734
    endloop
  endfacet
  facet normal -0.7071067690849304 -0.0 -0.7071067690849304
    outer loop
      vertex 6.0 12.0 12.178711891174316
      vertex 6.178711891174316 12.0 12.0
      vertex 6.0 11.0 12.178711891174316
    endloop
  endfacet
  facet normal -0.7071067690849304 0.0 -0.7071067690849304
    outer loop
      vertex 6.0 11.0 12.178711891174316
      vertex 6.178711891174316 12.0 12.0
      vertex 6.178711891174316 11.0 12.0
    endloop
  endfacet
  facet normal 0.0 0.0 1.0
    outer loop
      vertex 7.0 11.0 14.916943550109863
      vertex 6.0 12.0 14.916943550109863
      vertex 6.0 11.0 14.916943550109863
    endloop
  endfacet
  facet normal 0.0 0.0 1.0
    outer loop
      vertex 7.0 12.0 14.916943550109863
      vertex 6.0 12.0 14.916943550109863
      vertex 7.0 11.0 14.916943550109863
    endloop
  endfacet
  facet normal -0.671277642250061 0.12377947568893433 -0.7307974100112915
    outer loop
      vertex 7.0 12.0 11.245601654052734
      vertex 6.178711891174316 12.0 12.0
      vertex 6.363105773925781 13.0 12.0
    endloop
  endfacet
  facet normal -0.6611658930778503 0.13556967675685883 -0.7378892302513123
    outer loop
      vertex 7.0 12.0 11.245601654052734
      vertex 6.363105773925781 13.0 12.0
      vertex 7.0 13.0 11.429327964782715
    endloop
  endfacet
  facet normal -0.7011716961860657 0.12929178774356842 -0.7011716961860657
    outer loop
      vertex 6.0 13.0 12.363105773925781
      vertex 6.363105773925781 13.0 12.0
      vertex 6.0 12.0 12.178711891174316
    endloop
  endfacet
  facet normal -0.7011717557907104 0.12929175794124603 -0.7011717557907104
    outer loop
      vertex 6.0 12.0 12.178711891174316
      vertex 6.363105773925781 13.0 12.0
      vertex 6.178711891174316 12.0 12.0
    endloop
  endfacet
  facet normal 0.0 0.0 1.0
    outer loop
      vertex 7.0 12.0 14.916943550109863
      vertex 6.0 13.0 14.916943550109863
      vertex 6.0 12.0 14.916943550109863
    endloop
  endfacet
  facet normal 0.0 0.0 1.0
    outer loop
      vertex 7.0 13.0 14.916943550109863
      vertex 6.0 13.0 14.916943550109863
      vertex 7.0 12.0 14.916943550109863
    endloop
  endfacet
  facet normal -0.650736927986145 0.22159041464328766 -0.7262500524520874
    outer loop
      vertex 7.0 13.0 11.429327964782715
      vertex 6.363105773925781 13.0 12.0
      vertex 6.703628063201904 14.0 12.0
    endloop
  endfacet
  facet normal -0.6300738453865051 0.23553429543972015 -0.7399530410766602
    outer loop
      vertex 7.0 13.0 11.429327964782715
      vertex 6.703628063201904 14.0 12.0
      vertex 7.0 14.0 11.747637748718262
    endloop
  endfacet
  facet normal -0.6120002865791321 0.14856819808483124 -0.776777446269989
    outer loop
      vertex 6.0 14.0 12.554368019104004
      vertex 6.703628063201904 14.0 12.0
      vertex 6.0 13.0 12.363105773925781
    endloop
  endfacet
  facet normal -0.687458872795105 0.23409506678581238 -0.687458872795105
    outer loop
      vertex 6.0 13.0 12.363105773925781
      vertex 6.703628063201904 14.0 12.0
      vertex 6.363105773925781 13.0 12.0
    endloop
  endfacet
  facet normal 0.0 0.0 1.0
    outer loop
      vertex 7.0 13.0 14.916943550109863
      vertex 6.0 14.0 14.916943550109863
      vertex 6.0 13.0 14.916943550109863
    endloop
  endfacet
  facet normal 0.0 0.0 1.0
    outer loop
      vertex 7.0 14.0 14.916943550109863
      vertex 6.0 14.0 14.916943550109863
      vertex 7.0 13.0 14.916943550109863
    endloop
  endfacet
  facet normal -0.6016941666603088 0.3723524808883667 -0.7066241502761841
    outer loop
      vertex 7.0 14.478915214538574 12.0
      vertex 7.0 14.0 11.747637748718262
      vertex 6.703628063201904 14.0 12.0
    endloop
  endfacet
  facet normal -0.5779340267181396 0.3576487600803375 -0.7335391044616699
    outer loop
      vertex 6.703628063201904 14.0 12.0
      vertex 6.0 14.0 12.554368019104004
      vertex 7.0 14.478915214538574 12.0
    endloop
  endfacet
  facet normal -0.5888918042182922 0.46206578612327576 -0.6631000638008118
    outer loop
      vertex 6.0 14.0 12.554368019104004
      vertex 7.0 15.0 12.363105773925781
      vertex 7.0 14.478915214538574 12.0
    endloop
  endfacet
  facet normal -0.40965962409973145 0.2414027899503708 -0.879718005657196
    outer loop
      vertex 6.0 14.0 12.554368019104004
      vertex 6.0 15.0 12.828777313232422
      vertex 7.0 15.0 12.363105773925781
    endloop
  endfacet
  facet normal 0.0 0.0 1.0
    outer loop
      vertex 7.0 14.0 14.916943550109863
      vertex 6.0 15.0 14.916943550109863
      vertex 6.0 14.0 14.916943550109863
    endloop
  endfacet
  facet normal 0.0 0.0 1.0
    outer loop
      vertex 7.0 15.0 14.916943550109863
      vertex 6.0 15.0 14.916943550109863
      vertex 7.0 14.0 14.916943550109863
    endloop
  endfacet
  facet normal -0.4536135196685791 0.3587561547756195 -0.8157995343208313
    outer loop
      vertex 6.0 15.0 12.828777313232422
      vertex 6.0 15.389354705810547 13.0
      vertex 6.482950210571289 16.0 13.0
    endloop
  endfacet
  facet normal -0.4536139965057373 0.35875630378723145 -0.8157991766929626
    outer loop
      vertex 7.0 16.0 12.712501525878906
      vertex 6.0 15.0 12.828777313232422
      vertex 6.482950210571289 16.0 13.0
    endloop
  endfacet
  facet normal -0.40244001150131226 0.3019528090953827 -0.8642143607139587
    outer loop
      vertex 7.0 15.0 12.363105773925781
      vertex 6.0 15.0 12.828777313232422
      vertex 7.0 16.0 12.712501525878906
    endloop
  endfacet
  facet normal -0.5792762041091919 0.45814087986946106 -0.6742002367973328
    outer loop
      vertex 6.0 16.0 13.414953231811523
      vertex 6.482950210571289 16.0 13.0
      vertex 6.0 15.389354705810547 13.0
    endloop
  endfacet
  facet normal 0.0 0.0 1.0
    outer loop
      vertex 7.0 15.0 14.916943550109863
      vertex 6.0 16.0 14.916943550109863
      vertex 6.0 15.0 14.916943550109863
    endloop
  endfacet
  facet normal 0.0 0.0 1.0
    outer loop
      vertex 7.0 16.0 14.916943550109863
      vertex 6.0 16.0 14.916943550109863
      vertex 7.0 15.0 14.916943550109863
    endloop
  endfacet
  facet normal -0.43708565831184387 0.43708565831184387 -0.7860739231109619
    outer loop
      vertex 7.0 16.51704978942871 13.0
      vertex 7.0 16.0 12.712501525878906
      vertex 6.482950210571289 16.0 13.0
    endloop
  endfacet
  facet normal -0.5459848642349243 0.5459848642349243 -0.6354535222053528
    outer loop
      vertex 6.482950210571289 16.0 13.0
      vertex 6.0 16.0 13.414953231811523
      vertex 7.0 16.51704978942871 13.0
    endloop
  endfacet
  facet normal -0.5459848642349243 0.5459848642349243 -0.6354535222053528
    outer loop
      vertex 6.0 16.0 13.414953231811523
      vertex 7.0 17.0 13.414953231811523
      vertex 7.0 16.51704978942871 13.0
    endloop
  endfacet
  facet normal -0.2406434416770935 0.2406434416770935 -0.9403092861175537
    outer loop
      vertex 6.0 16.0 13.414953231811523
      vertex 6.0 17.0 13.670872688293457
      vertex 7.0 17.0 13.414953231811523
    endloop
  endfacet
  facet normal 0.0 0.0 1.0
    outer loop
      vertex 7.0 16.0 14.916943550109863
      vertex 6.0 17.0 14.916943550109863
      vertex 6.0 16.0 14.916943550109863
    endloop
  endfacet
  facet normal 0.0 0.0 1.0
    outer loop
      vertex 7.0 17.0 14.916943550109863
      vertex 6.0 17.0 14.916943550109863
      vertex 7.0 16.0 14.916943550109863
    endloop
  endfacet
  facet normal -0.3304257392883301 0.3304232060909271 -0.8841036558151245
    outer loop
      vertex 6.0 17.0 13.670872688293457
      vertex 6.0 17.88063621520996 14.0
      vertex 6.119362831115723 18.0 14.0
    endloop
  endfacet
  facet normal -0.30788877606391907 0.33040130138397217 -0.8922104239463806
    outer loop
      vertex 7.0 18.0 13.696105003356934
      vertex 6.0 17.0 13.670872688293457
      vertex 6.119362831115723 18.0 14.0
    endloop
  endfacet
  facet normal -0.23921456933021545 0.2627998888492584 -0.9347259998321533
    outer loop
      vertex 7.0 17.0 13.414953231811523
      vertex 6.0 17.0 13.670872688293457
      vertex 7.0 18.0 13.696105003356934
    endloop
  endfacet
  facet normal -0.5849692225456238 0.5849645137786865 0.56180739402771
    outer loop
      vertex 7.0 18.0 14.916943550109863
      vertex 6.119362831115723 18.0 14.0
      vertex 6.0 17.88063621520996 14.0
    endloop
  endfacet
  facet normal -0.584967851638794 0.584967851638794 0.5618054270744324
    outer loop
      vertex 6.0 17.0 14.916943550109863
      vertex 7.0 18.0 14.916943550109863
      vertex 6.0 17.88063621520996 14.0
    endloop
  endfacet
  facet normal 0.0 -0.0 1.0
    outer loop
      vertex 7.0 17.0 14.916943550109863
      vertex 7.0 18.0 14.916943550109863
      vertex 6.0 17.0 14.916943550109863
    endloop
  endfacet
  facet normal -0.29659298062324524 0.41633105278015137 -0.859477162361145
    outer loop
      vertex 7.0 18.627363204956055 14.0
      vertex 7.0 18.0 13.696105003356934
      vertex 6.119362831115723 18.0 14.0
    endloop
  endfacet
  facet normal -0.5068387389183044 0.7114555239677429 0.48677048087120056
    outer loop
      vertex 7.0 18.627363204956055 14.0
      vertex 6.119362831115723 18.0 14.0
      vertex 7.0 18.0 14.916943550109863
    endloop
  endfacet
  facet normal -0.23663325607776642 -0.4611842632293701 -0.855168879032135
    outer loop
      vertex 8.0 4.0 13.900077819824219
      vertex 8.0 3.8147153854370117 14.0
      vertex 7.638891220092773 4.0 14.0
    endloop
  endfacet
  facet normal -0.4468282461166382 -0.8708418607711792 0.20488788187503815
    outer loop
      vertex 8.0 4.0 14.787521362304688
      vertex 7.638891220092773 4.0 14.0
      vertex 8.0 3.8147153854370117 14.0
    endloop
  endfacet
  facet normal -0.24253681302070618 -0.41583290696144104 -0.8765037655830383
    outer loop
      vertex 8.0 4.0 13.900077819824219
      vertex 7.638891220092773 4.0 14.0
      vertex 7.0 4.372636795043945 14.0
    endloop
  endfacet
  facet normal -0.2447042614221573 -0.4226932227611542 -0.8726111650466919
    outer loop
      vertex 7.0 5.0 13.696105003356934
      vertex 8.0 4.0 13.900077819824219
      vertex 7.0 4.372636795043945 14.0
    endloop
  endfacet
  facet normal -0.13078556954860687 -0.3220404088497162 -0.9376486539840698
    outer loop
      vertex 8.0 5.0 13.556622505187988
      vertex 8.0 4.0 13.900077819824219
      vertex 7.0 5.0 13.696105003356934
    endloop
  endfacet
  facet normal -0.43373382091522217 -0.7436429858207703 0.5087927579879761
    outer loop
      vertex 7.0 5.0 14.916943550109863
      vertex 7.0 4.372636795043945 14.0
      vertex 7.638891220092773 4.0 14.0
    endloop
  endfacet
  facet normal -0.6547749042510986 -0.6936325430870056 0.3002394437789917
    outer loop
      vertex 8.0 4.0 14.787521362304688
      vertex 7.0 5.0 14.916943550109863
      vertex 7.638891220092773 4.0 14.0
    endloop
  endfacet
  facet normal 0.0 -0.12835170328617096 0.9917287230491638
    outer loop
      vertex 8.0 5.0 14.916943550109863
      vertex 7.0 5.0 14.916943550109863
      vertex 8.0 4.0 14.787521362304688
    endloop
  endfacet
  facet normal -0.3464282155036926 -0.5093231797218323 -0.7877672910690308
    outer loop
      vertex 8.0 6.0 12.828777313232422
      vertex 8.0 5.735170841217041 13.0
      vertex 7.610644817352295 6.0 13.0
    endloop
  endfacet
  facet normal -0.3798092007637024 -0.5584002733230591 -0.7375189065933228
    outer loop
      vertex 8.0 5.735170841217041 13.0
      vertex 8.0 5.0 13.556622505187988
      vertex 7.610644817352295 6.0 13.0
    endloop
  endfacet
  facet normal -0.46493884921073914 -0.5618694424629211 -0.6842036247253418
    outer loop
      vertex 8.0 5.0 13.556622505187988
      vertex 7.0 6.0 13.414953231811523
      vertex 7.610644817352295 6.0 13.0
    endloop
  endfacet
  facet normal -0.13308201730251312 -0.2682504653930664 -0.9541126489639282
    outer loop
      vertex 8.0 5.0 13.556622505187988
      vertex 7.0 5.0 13.696105003356934
      vertex 7.0 6.0 13.414953231811523
    endloop
  endfacet
  facet normal 0.0 0.0 1.0
    outer loop
      vertex 8.0 5.0 14.916943550109863
      vertex 7.0 6.0 14.916943550109863
      vertex 7.0 5.0 14.916943550109863
    endloop
  endfacet
  facet normal 0.0 0.0 1.0
    outer loop
      vertex 8.0 6.0 14.916943550109863
      vertex 7.0 6.0 14.916943550109863
      vertex 8.0 5.0 14.916943550109863
    endloop
  endfacet
  facet normal -0.358755886554718 -0.4536128640174866 -0.8157999515533447
    outer loop
      vertex 8.0 6.0 12.828777313232422
      vertex 7.610644817352295 6.0 13.0
      vertex 7.0 6.482950210571289 13.0
    endloop
  endfacet
  facet normal -0.35875630378723145 -0.4536139965057373 -0.8157991766929626
    outer loop
      vertex 7.0 7.0 12.712501525878906
      vertex 8.0 6.0 12.828777313232422
      vertex 7.0 6.482950210571289 13.0
    endloop
  endfacet
  facet normal -0.3019528090953827 -0.40244001150131226 -0.8642143607139587
    outer loop
      vertex 8.0 7.0 12.363105773925781
      vertex 8.0 6.0 12.828777313232422
      vertex 7.0 7.0 12.712501525878906
    endloop
  endfacet
  facet normal -0.45814117789268494 -0.5792760848999023 -0.674200177192688
    outer loop
      vertex 7.0 6.482950210571289 13.0
      vertex 7.610644817352295 6.0 13.0
      vertex 7.0 6.0 13.414953231811523
    endloop
  endfacet
  facet normal 0.0 0.0 1.0
    outer loop
      vertex 8.0 6.0 14.916943550109863
      vertex 7.0 7.0 14.916943550109863
      vertex 7.0 6.0 14.916943550109863
    endloop
  endfacet
  facet normal 0.0 0.0 1.0
    outer loop
      vertex 8.0 7.0 14.916943550109863
      vertex 7.0 7.0 14.916943550109863
      vertex 8.0 6.0 14.916943550109863
    endloop
  endfacet
  facet normal -0.5029968619346619 -0.5029968619346619 -0.7028430700302124
    outer loop
      vertex 8.0 8.0 11.55892276763916
      vertex 8.0 7.383677959442139 12.0
      vertex 7.383677959442139 8.0 12.0
    endloop
  endfacet
  facet normal -0.566454291343689 -0.566454291343689 -0.5985474586486816
    outer loop
      vertex 8.0 7.383677959442139 12.0
      vertex 8.0 7.0 12.363105773925781
      vertex 7.383677959442139 8.0 12.0
    endloop
  endfacet
  facet normal -0.566454291343689 -0.566454291343689 -0.5985474586486816
    outer loop
      vertex 8.0 7.0 12.363105773925781
      vertex 7.0 8.0 12.363105773925781
      vertex 7.383677959442139 8.0 12.0
    endloop
  endfacet
  facet normal -0.3132423162460327 -0.3132423162460327 -0.8965258002281189
    outer loop
      vertex 8.0 7.0 12.363105773925781
      vertex 7.0 7.0 12.712501525878906
      vertex 7.0 8.0 12.363105773925781
    endloop
  endfacet
  facet normal 0.0 0.0 1.0
    outer loop
      vertex 8.0 7.0 14.916943550109863
      vertex 7.0 8.0 14.916943550109863
      vertex 7.0 7.0 14.916943550109863
    endloop
  endfacet
  facet normal 0.0 0.0 1.0
    outer loop
      vertex 8.0 8.0 14.916943550109863
      vertex 7.0 8.0 14.916943550109863
      vertex 8.0 7.0 14.916943550109863
    endloop
  endfacet
  facet normal -0.6278842687606812 -0.4809968173503876 -0.6118851900100708
    outer loop
      vertex 8.0 9.0 10.92490291595459
      vertex 8.0 8.904467582702637 11.0
      vertex 7.926816463470459 9.0 11.0
    endloop
  endfacet
  facet normal -0.5658109784126282 -0.433445006608963 -0.7014152407646179
    outer loop
      vertex 7.926816463470459 9.0 11.0
      vertex 8.0 8.904467582702637 11.0
      vertex 8.0 8.0 11.55892276763916
    endloop
  endfacet
  facet normal -0.5211381912231445 -0.44514185190200806 -0.7281920909881592
    outer loop
      vertex 7.926816463470459 9.0 11.0
      vertex 8.0 8.0 11.55892276763916
      vertex 7.383677959442139 8.0 12.0
    endloop
  endfacet
  facet normal -0.5752545595169067 -0.4006770849227905 -0.7131199836730957
    outer loop
      vertex 7.0 9.0 11.747637748718262
      vertex 7.926816463470459 9.0 11.0
      vertex 7.383677959442139 8.0 12.0
    endloop
  endfacet
  facet normal -0.5349336862564087 -0.39387497305870056 -0.7474680542945862
    outer loop
      vertex 7.0 8.521084785461426 12.0
      vertex 7.0 9.0 11.747637748718262
      vertex 7.383677959442139 8.0 12.0
    endloop
  endfacet
  facet normal -0.6132927536964417 -0.4515712559223175 -0.6480395793914795
    outer loop
      vertex 7.0 8.521084785461426 12.0
      vertex 7.383677959442139 8.0 12.0
      vertex 7.0 8.0 12.363105773925781
    endloop
  endfacet
  facet normal 0.0 0.0 1.0
    outer loop
      vertex 8.0 8.0 14.916943550109863
      vertex 7.0 9.0 14.916943550109863
      vertex 7.0 8.0 14.916943550109863
    endloop
  endfacet
  facet normal 0.0 0.0 1.0
    outer loop
      vertex 8.0 9.0 14.916943550109863
      vertex 7.0 9.0 14.916943550109863
      vertex 8.0 8.0 14.916943550109863
    endloop
  endfacet
  facet normal -0.6746319532394409 -0.33562198281288147 -0.6574416756629944
    outer loop
      vertex 8.0 9.0 10.92490291595459
      vertex 7.926816463470459 9.0 11.0
      vertex 7.429327487945557 10.0 11.0
    endloop
  endfacet
  facet normal -0.7034013271331787 -0.35517510771751404 -0.6156924962997437
    outer loop
      vertex 8.0 9.0 10.92490291595459
      vertex 7.429327487945557 10.0 11.0
      vertex 8.0 10.0 10.348031997680664
    endloop
  endfacet
  facet normal -0.6898490190505981 -0.21958544850349426 -0.6898482441902161
    outer loop
      vertex 7.0 10.0 11.429327964782715
      vertex 7.429327487945557 10.0 11.0
      vertex 7.0 9.0 11.747637748718262
    endloop
  endfacet
  facet normal -0.5993020534515381 -0.29814612865448 -0.7429306507110596
    outer loop
      vertex 7.0 9.0 11.747637748718262
      vertex 7.429327487945557 10.0 11.0
      vertex 7.926816463470459 9.0 11.0
    endloop
  endfacet
  facet normal 0.0 0.0 1.0
    outer loop
      vertex 8.0 9.0 14.916943550109863
      vertex 7.0 10.0 14.916943550109863
      vertex 7.0 9.0 14.916943550109863
    endloop
  endfacet
  facet normal 0.0 0.0 1.0
    outer loop
      vertex 8.0 10.0 14.916943550109863
      vertex 7.0 10.0 14.916943550109863
      vertex 8.0 9.0 14.916943550109863
    endloop
  endfacet
  facet normal -0.8157596588134766 -0.22391828894615173 -0.5332885384559631
    outer loop
      vertex 8.0 11.0 9.996129035949707
      vertex 8.0 10.9907808303833 10.0
      vertex 7.997469425201416 11.0 10.0
    endloop
  endfacet
  facet normal -0.7701505422592163 -0.21139904856681824 -0.6018127799034119
    outer loop
      vertex 7.997469425201416 11.0 10.0
      vertex 8.0 10.9907808303833 10.0
      vertex 8.0 10.0 10.348031997680664
    endloop
  endfacet
  facet normal -0.7331342697143555 -0.22519364953041077 -0.6417179703712463
    outer loop
      vertex 7.429327487945557 10.0 11.0
      vertex 7.997469425201416 11.0 10.0
      vertex 8.0 10.0 10.348031997680664
    endloop
  endfacet
  facet normal -0.7908018827438354 -0.14529035985469818 -0.5945780873298645
    outer loop
      vertex 7.245602130889893 11.0 11.0
      vertex 7.997469425201416 11.0 10.0
      vertex 7.429327487945557 10.0 11.0
    endloop
  endfacet
  facet normal -0.7012134194374084 -0.12883161008358002 -0.7012147903442383
    outer loop
      vertex 7.0 11.0 11.245601654052734
      vertex 7.245602130889893 11.0 11.0
      vertex 7.0 10.0 11.429327964782715
    endloop
  endfacet
  facet normal -0.7012145519256592 -0.1288308948278427 -0.7012137770652771
    outer loop
      vertex 7.0 10.0 11.429327964782715
      vertex 7.245602130889893 11.0 11.0
      vertex 7.429327487945557 10.0 11.0
    endloop
  endfacet
  facet normal 0.0 0.0 1.0
    outer loop
      vertex 8.0 10.0 14.916943550109863
      vertex 7.0 11.0 14.916943550109863
      vertex 7.0 10.0 14.916943550109863
    endloop
  endfacet
  facet normal 0.0 0.0 1.0
    outer loop
      vertex 8.0 11.0 14.916943550109863
      vertex 7.0 11.0 14.916943550109863
      vertex 8.0 10.0 14.916943550109863
    endloop
  endfacet
  facet normal -0.8370132446289062 0.0 -0.5471826791763306
    outer loop
      vertex 8.0 11.0 9.996129035949707
      vertex 7.997469425201416 11.0 10.0
      vertex 7.997469425201416 12.0 10.0
    endloop
  endfacet
  facet normal -0.8370132446289062 0.0 -0.5471826791763306
    outer loop
      vertex 8.0 11.0 9.996129035949707
      vertex 7.997469425201416 12.0 10.0
      vertex 8.0 12.0 9.996129035949707
    endloop
  endfacet
  facet normal -0.7992830276489258 -0.0 -0.6009547710418701
    outer loop
      vertex 7.245602130889893 12.0 11.0
      vertex 7.997469425201416 11.0 10.0
      vertex 7.245602130889893 11.0 11.0
    endloop
  endfacet
  facet normal -0.7992830276489258 -0.0 -0.6009547710418701
    outer loop
      vertex 7.997469425201416 12.0 10.0
      vertex 7.997469425201416 11.0 10.0
      vertex 7.245602130889893 12.0 11.0
    endloop
  endfacet
  facet normal -0.7071061134338379 -0.0 -0.7071074843406677
    outer loop
      vertex 7.0 12.0 11.245601654052734
      vertex 7.245602130889893 12.0 11.0
      vertex 7.0 11.0 11.245601654052734
    endloop
  endfacet
  facet normal -0.7071061134338379 0.0 -0.7071074843406677
    outer loop
      vertex 7.0 11.0 11.245601654052734
      vertex 7.245602130889893 12.0 11.0
      vertex 7.245602130889893 11.0 11.0
    endloop
  endfacet
  facet normal 0.0 0.0 1.0
    outer loop
      vertex 8.0 11.0 14.916943550109863
      vertex 7.0 12.0 14.916943550109863
      vertex 7.0 11.0 14.916943550109863
    endloop
  endfacet
  facet normal 0.0 0.0 1.0
    outer loop
      vertex 8.0 12.0 14.916943550109863
      vertex 7.0 12.0 14.916943550109863
      vertex 8.0 11.0 14.916943550109863
    endloop
  endfacet
  facet normal -0.8157596588134766 0.22391828894615173 -0.5332885384559631
    outer loop
      vertex 8.0 12.0092191696167 10.0
      vertex 8.0 12.0 9.996129035949707
      vertex 7.997469425201416 12.0 10.0
    endloop
  endfacet
  facet normal -0.7330974340438843 0.22540521621704102 -0.6416857242584229
    outer loop
      vertex 7.429327487945557 13.0 11.0
      vertex 8.0 13.0 10.348031997680664
      vertex 8.0 12.0092191696167 10.0
    endloop
  endfacet
  facet normal -0.7484027147293091 0.20542946457862854 -0.6306284070014954
    outer loop
      vertex 7.997469425201416 12.0 10.0
      vertex 7.429327487945557 13.0 11.0
      vertex 8.0 12.0092191696167 10.0
    endloop
  endfacet
  facet normal -0.7908018827438354 0.14529035985469818 -0.5945780873298645
    outer loop
      vertex 7.245602130889893 12.0 11.0
      vertex 7.429327487945557 13.0 11.0
      vertex 7.997469425201416 12.0 10.0
    endloop
  endfacet
  facet normal -0.7012144923210144 0.1288314014673233 -0.7012137174606323
    outer loop
      vertex 7.0 13.0 11.429327964782715
      vertex 7.429327487945557 13.0 11.0
      vertex 7.0 12.0 11.245601654052734
    endloop
  endfacet
  facet normal -0.7012134790420532 0.1288307160139084 -0.7012148499488831
    outer loop
      vertex 7.0 12.0 11.245601654052734
      vertex 7.429327487945557 13.0 11.0
      vertex 7.245602130889893 12.0 11.0
    endloop
  endfacet
  facet normal 0.0 0.0 1.0
    outer loop
      vertex 8.0 12.0 14.916943550109863
      vertex 7.0 13.0 14.916943550109863
      vertex 7.0 12.0 14.916943550109863
    endloop
  endfacet
  facet normal 0.0 0.0 1.0
    outer loop
      vertex 8.0 13.0 14.916943550109863
      vertex 7.0 13.0 14.916943550109863
      vertex 8.0 12.0 14.916943550109863
    endloop
  endfacet
  facet normal -0.7047045826911926 0.3505827486515045 -0.6168332099914551
    outer loop
      vertex 8.0 13.0 10.348031997680664
      vertex 7.429327487945557 13.0 11.0
      vertex 7.926816463470459 14.0 11.0
    endloop
  endfacet
  facet normal -0.6643493175506592 0.37347835302352905 -0.6474210023880005
    outer loop
      vertex 8.0 13.0 10.348031997680664
      vertex 7.926816463470459 14.0 11.0
      vertex 8.0 14.0 10.92490291595459
    endloop
  endfacet
  facet normal -0.6094319224357605 0.24047929048538208 -0.7554882168769836
    outer loop
      vertex 7.0 14.0 11.747637748718262
      vertex 7.926816463470459 14.0 11.0
      vertex 7.0 13.0 11.429327964782715
    endloop
  endfacet
  facet normal -0.6670383810997009 0.3318442702293396 -0.6670376658439636
    outer loop
      vertex 7.0 13.0 11.429327964782715
      vertex 7.926816463470459 14.0 11.0
      vertex 7.429327487945557 13.0 11.0
    endloop
  endfacet
  facet normal 0.0 0.0 1.0
    outer loop
      vertex 8.0 13.0 14.916943550109863
      vertex 7.0 14.0 14.916943550109863
      vertex 7.0 13.0 14.916943550109863
    endloop
  endfacet
  facet normal 0.0 0.0 1.0
    outer loop
      vertex 8.0 14.0 14.916943550109863
      vertex 7.0 14.0 14.916943550109863
      vertex 8.0 13.0 14.916943550109863
    endloop
  endfacet
  facet normal -0.6278842687606812 0.4809968173503876 -0.6118851900100708
    outer loop
      vertex 8.0 14.095532417297363 11.0
      vertex 8.0 14.0 10.92490291595459
      vertex 7.926816463470459 14.0 11.0
    endloop
  endfacet
  facet normal -0.5200105905532837 0.44901829957962036 -0.7266165018081665
    outer loop
      vertex 8.0 15.0 11.55892276763916
      vertex 8.0 14.095532417297363 11.0
      vertex 7.383677959442139 15.0 12.0
    endloop
  endfacet
  facet normal -0.5602080821990967 0.41248470544815063 -0.7183476090431213
    outer loop
      vertex 7.383677959442139 15.0 12.0
      vertex 8.0 14.095532417297363 11.0
      vertex 7.0 14.478915214538574 12.0
    endloop
  endfacet
  facet normal -0.5538070201873779 0.42424923181533813 -0.7164568305015564
    outer loop
      vertex 8.0 14.095532417297363 11.0
      vertex 7.926816463470459 14.0 11.0
      vertex 7.0 14.478915214538574 12.0
    endloop
  endfacet
  facet normal -0.5808978080749512 0.37946179509162903 -0.7201156616210938
    outer loop
      vertex 7.926816463470459 14.0 11.0
      vertex 7.0 14.0 11.747637748718262
      vertex 7.0 14.478915214538574 12.0
    endloop
  endfacet
  facet normal -0.6132927536964417 0.4515712559223175 -0.6480395793914795
    outer loop
      vertex 7.0 15.0 12.363105773925781
      vertex 7.383677959442139 15.0 12.0
      vertex 7.0 14.478915214538574 12.0
    endloop
  endfacet
  facet normal 0.0 0.0 1.0
    outer loop
      vertex 8.0 14.0 14.916943550109863
      vertex 7.0 15.0 14.916943550109863
      vertex 7.0 14.0 14.916943550109863
    endloop
  endfacet
  facet normal 0.0 0.0 1.0
    outer loop
      vertex 8.0 15.0 14.916943550109863
      vertex 7.0 15.0 14.916943550109863
      vertex 8.0 14.0 14.916943550109863
    endloop
  endfacet
  facet normal -0.5029967427253723 0.5029971599578857 -0.7028428912162781
    outer loop
      vertex 8.0 15.616321563720703 12.0
      vertex 8.0 15.0 11.55892276763916
      vertex 7.383677959442139 15.0 12.0
    endloop
  endfacet
  facet normal -0.5664541721343994 0.5664545893669128 -0.5985472798347473
    outer loop
      vertex 7.383677959442139 15.0 12.0
      vertex 7.0 15.0 12.363105773925781
      vertex 8.0 15.616321563720703 12.0
    endloop
  endfacet
  facet normal -0.5664540529251099 0.5664540529251099 -0.5985479354858398
    outer loop
      vertex 7.0 15.0 12.363105773925781
      vertex 8.0 16.0 12.363105773925781
      vertex 8.0 15.616321563720703 12.0
    endloop
  endfacet
  facet normal -0.3132423162460327 0.3132423162460327 -0.8965258002281189
    outer loop
      vertex 7.0 15.0 12.363105773925781
      vertex 7.0 16.0 12.712501525878906
      vertex 8.0 16.0 12.363105773925781
    endloop
  endfacet
  facet normal 0.0 0.0 1.0
    outer loop
      vertex 8.0 15.0 14.916943550109863
      vertex 7.0 16.0 14.916943550109863
      vertex 7.0 15.0 14.916943550109863
    endloop
  endfacet
  facet normal 0.0 0.0 1.0
    outer loop
      vertex 8.0 16.0 14.916943550109863
      vertex 7.0 16.0 14.916943550109863
      vertex 8.0 15.0 14.916943550109863
    endloop
  endfacet
  facet normal -0.35875675082206726 0.45361390709877014 -0.8157989978790283
    outer loop
      vertex 7.0 16.0 12.712501525878906
      vertex 7.0 16.51704978942871 13.0
      vertex 7.610644817352295 17.0 13.0
    endloop
  endfacet
  facet normal -0.3587557375431061 0.4536135196685791 -0.8157996535301208
    outer loop
      vertex 8.0 17.0 12.828777313232422
      vertex 7.0 16.0 12.712501525878906
      vertex 7.610644817352295 17.0 13.0
    endloop
  endfacet
  facet normal -0.3019528090953827 0.40244001150131226 -0.8642143607139587
    outer loop
      vertex 8.0 16.0 12.363105773925781
      vertex 7.0 16.0 12.712501525878906
      vertex 8.0 17.0 12.828777313232422
    endloop
  endfacet
  facet normal -0.45814117789268494 0.5792760848999023 -0.674200177192688
    outer loop
      vertex 7.0 17.0 13.414953231811523
      vertex 7.610644817352295 17.0 13.0
      vertex 7.0 16.51704978942871 13.0
    endloop
  endfacet
  facet normal 0.0 0.0 1.0
    outer loop
      vertex 8.0 16.0 14.916943550109863
      vertex 7.0 17.0 14.916943550109863
      vertex 7.0 16.0 14.916943550109863
    endloop
  endfacet
  facet normal 0.0 0.0 1.0
    outer loop
      vertex 8.0 17.0 14.916943550109863
      vertex 7.0 17.0 14.916943550109863
      vertex 8.0 16.0 14.916943550109863
    endloop
  endfacet
  facet normal -0.34642842411994934 0.5093225240707397 -0.7877677083015442
    outer loop
      vertex 8.0 17.264829635620117 13.0
      vertex 8.0 17.0 12.828777313232422
      vertex 7.610644817352295 17.0 13.0
    endloop
  endfacet
  facet normal -0.4332651197910309 0.6369906663894653 -0.6375925540924072
    outer loop
      vertex 7.610644817352295 17.0 13.0
      vertex 7.0 17.0 13.414953231811523
      vertex 8.0 17.264829635620117 13.0
    endloop
  endfacet
  facet normal -0.44051212072372437 0.5419103503227234 -0.7157389521598816
    outer loop
      vertex 7.0 17.0 13.414953231811523
      vertex 8.0 18.0 13.556622505187988
      vertex 8.0 17.264829635620117 13.0
    endloop
  endfacet
  facet normal -0.13308201730251312 0.2682504653930664 -0.9541126489639282
    outer loop
      vertex 7.0 17.0 13.414953231811523
      vertex 7.0 18.0 13.696105003356934
      vertex 8.0 18.0 13.556622505187988
    endloop
  endfacet
  facet normal 0.0 0.0 1.0
    outer loop
      vertex 8.0 17.0 14.916943550109863
      vertex 7.0 18.0 14.916943550109863
      vertex 7.0 17.0 14.916943550109863
    endloop
  endfacet
  facet normal 0.0 0.0 1.0
    outer loop
      vertex 8.0 18.0 14.916943550109863
      vertex 7.0 18.0 14.916943550109863
      vertex 8.0 17.0 14.916943550109863
    endloop
  endfacet
  facet normal -0.24642716348171234 0.42250293493270874 -0.8722183704376221
    outer loop
      vertex 7.0 18.0 13.696105003356934
      vertex 7.0 18.627363204956055 14.0
      vertex 7.638891220092773 19.0 14.0
    endloop
  endfacet
  facet normal -0.24198168516159058 0.4203554689884186 -0.874497652053833
    outer loop
      vertex 8.0 19.0 13.900077819824219
      vertex 7.0 18.0 13.696105003356934
      vertex 7.638891220092773 19.0 14.0
    endloop
  endfacet
  facet normal -0.13078556954860687 0.3220404088497162 -0.9376486539840698
    outer loop
      vertex 8.0 18.0 13.556622505187988
      vertex 7.0 18.0 13.696105003356934
      vertex 8.0 19.0 13.900077819824219
    endloop
  endfacet
  facet normal -0.4908914864063263 0.8416405320167542 0.2250925898551941
    outer loop
      vertex 8.0 19.0 14.787521362304688
      vertex 7.638891220092773 19.0 14.0
      vertex 7.0 18.627363204956055 14.0
    endloop
  endfacet
  facet normal -0.6011420488357544 0.6595442295074463 0.4512532949447632
    outer loop
      vertex 7.0 18.0 14.916943550109863
      vertex 8.0 19.0 14.787521362304688
      vertex 7.0 18.627363204956055 14.0
    endloop
  endfacet
  facet normal 0.0 0.12835170328617096 0.9917287230491638
    outer loop
      vertex 8.0 18.0 14.916943550109863
      vertex 8.0 19.0 14.787521362304688
      vertex 7.0 18.0 14.916943550109863
    endloop
  endfacet
  facet normal -0.23663298785686493 0.46118611097335815 -0.8551679253578186
    outer loop
      vertex 8.0 19.185283660888672 14.0
      vertex 8.0 19.0 13.900077819824219
      vertex 7.638891220092773 19.0 14.0
    endloop
  endfacet
  facet normal -0.4468264877796173 0.8708429336547852 0.20488709211349487
    outer loop
      vertex 8.0 19.185283660888672 14.0
      vertex 7.638891220092773 19.0 14.0
      vertex 8.0 19.0 14.787521362304688
    endloop
  endfacet
  facet normal -0.17366798222064972 -0.4763757884502411 -0.861919641494751
    outer loop
      vertex 9.0 4.0 13.696105003356934
      vertex 9.0 3.4501545429229736 14.0
      vertex 8.0 3.8147153854370117 14.0
    endloop
  endfacet
  facet normal -0.17670492827892303 -0.4671957790851593 -0.8663160800933838
    outer loop
      vertex 9.0 4.0 13.696105003356934
      vertex 8.0 3.8147153854370117 14.0
      vertex 8.0 4.0 13.900077819824219
    endloop
  endfacet
  facet normal -0.3344370722770691 -0.9173696637153625 0.21583476662635803
    outer loop
      vertex 8.0 4.0 14.787521362304688
      vertex 8.0 3.8147153854370117 14.0
      vertex 9.0 3.4501545429229736 14.0
    endloop
  endfacet
  facet normal -0.06641168147325516 -0.8557318449020386 0.5131398439407349
    outer loop
      vertex 8.0 4.0 14.787521362304688
      vertex 9.0 3.4501545429229736 14.0
      vertex 9.0 4.0 14.916943550109863
    endloop
  endfacet
  facet normal -0.18941940367221832 -0.3189498484134674 -0.9286502003669739
    outer loop
      vertex 8.0 5.0 13.556622505187988
      vertex 9.0 4.0 13.696105003356934
      vertex 8.0 4.0 13.900077819824219
    endloop
  endfacet
  facet normal -0.23226363956928253 -0.35838642716407776 -0.904219388961792
    outer loop
      vertex 8.0 5.0 13.556622505187988
      vertex 9.0 5.0 13.299756050109863
      vertex 9.0 4.0 13.696105003356934
    endloop
  endfacet
  facet normal -0.12730734050273895 -0.12730734050273895 0.9836592674255371
    outer loop
      vertex 9.0 4.0 14.916943550109863
      vertex 8.0 5.0 14.916943550109863
      vertex 8.0 4.0 14.787521362304688
    endloop
  endfacet
  facet normal 0.0 0.0 1.0
    outer loop
      vertex 9.0 5.0 14.916943550109863
      vertex 8.0 5.0 14.916943550109863
      vertex 9.0 4.0 14.916943550109863
    endloop
  endfacet
  facet normal -0.22763465344905853 -0.5227989554405212 -0.8215008974075317
    outer loop
      vertex 9.0 6.0 12.554368019104004
      vertex 9.0 5.299755573272705 13.0
      vertex 8.0 5.735170841217041 13.0
    endloop
  endfacet
  facet normal -0.22455522418022156 -0.5290781855583191 -0.8183222413063049
    outer loop
      vertex 9.0 6.0 12.554368019104004
      vertex 8.0 5.735170841217041 13.0
      vertex 8.0 6.0 12.828777313232422
    endloop
  endfacet
  facet normal -0.20062601566314697 -0.5913605093955994 -0.7810518145561218
    outer loop
      vertex 8.0 5.0 13.556622505187988
      vertex 8.0 5.735170841217041 13.0
      vertex 9.0 5.0 13.299756050109863
    endloop
  endfacet
  facet normal -0.2942543625831604 -0.675801694393158 -0.675800621509552
    outer loop
      vertex 9.0 5.0 13.299756050109863
      vertex 8.0 5.735170841217041 13.0
      vertex 9.0 5.299755573272705 13.0
    endloop
  endfacet
  facet normal 0.0 0.0 1.0
    outer loop
      vertex 9.0 5.0 14.916943550109863
      vertex 8.0 6.0 14.916943550109863
      vertex 8.0 5.0 14.916943550109863
    endloop
  endfacet
  facet normal 0.0 0.0 1.0
    outer loop
      vertex 9.0 6.0 14.916943550109863
      vertex 8.0 6.0 14.916943550109863
      vertex 9.0 5.0 14.916943550109863
    endloop
  endfacet
  facet normal -0.3723524808883667 -0.6016941666603088 -0.7066241502761841
    outer loop
      vertex 9.0 7.0 11.747637748718262
      vertex 9.0 6.703628063201904 12.0
      vertex 8.521084785461426 7.0 12.0
    endloop
  endfacet
  facet normal -0.3576487600803375 -0.5779340267181396 -0.7335391044616699
    outer loop
      vertex 9.0 6.703628063201904 12.0
      vertex 9.0 6.0 12.554368019104004
      vertex 8.521084785461426 7.0 12.0
    endloop
  endfacet
  facet normal -0.46206578612327576 -0.5888918042182922 -0.6631000638008118
    outer loop
      vertex 9.0 6.0 12.554368019104004
      vertex 8.0 7.0 12.363105773925781
      vertex 8.521084785461426 7.0 12.0
    endloop
  endfacet
  facet normal -0.2414027899503708 -0.40965962409973145 -0.879718005657196
    outer loop
      vertex 9.0 6.0 12.554368019104004
      vertex 8.0 6.0 12.828777313232422
      vertex 8.0 7.0 12.363105773925781
    endloop
  endfacet
  facet normal 0.0 0.0 1.0
    outer loop
      vertex 9.0 6.0 14.916943550109863
      vertex 8.0 7.0 14.916943550109863
      vertex 8.0 6.0 14.916943550109863
    endloop
  endfacet
  facet normal 0.0 0.0 1.0
    outer loop
      vertex 9.0 7.0 14.916943550109863
      vertex 8.0 7.0 14.916943550109863
      vertex 9.0 6.0 14.916943550109863
    endloop
  endfacet
  facet normal -0.4809968173503876 -0.6278842687606812 -0.6118851900100708
    outer loop
      vertex 9.0 8.0 10.92490291595459
      vertex 9.0 7.926816463470459 11.0
      vertex 8.904467582702637 8.0 11.0
    endloop
  endfacet
  facet normal -0.43344563245773315 -0.565811812877655 -0.701414167881012
    outer loop
      vertex 8.904467582702637 8.0 11.0
      vertex 9.0 7.926816463470459 11.0
      vertex 9.0 7.0 11.747637748718262
    endloop
  endfacet
  facet normal -0.3808419704437256 -0.5767266750335693 -0.7227349281311035
    outer loop
      vertex 8.904467582702637 8.0 11.0
      vertex 9.0 7.0 11.747637748718262
      vertex 8.521084785461426 7.0 12.0
    endloop
  endfacet
  facet normal -0.44092944264411926 -0.5444820523262024 -0.7135268449783325
    outer loop
      vertex 8.0 8.0 11.55892276763916
      vertex 8.904467582702637 8.0 11.0
      vertex 8.521084785461426 7.0 12.0
    endloop
  endfacet
  facet normal -0.39387479424476624 -0.5349334478378296 -0.7474682927131653
    outer loop
      vertex 8.0 7.383677959442139 12.0
      vertex 8.0 8.0 11.55892276763916
      vertex 8.521084785461426 7.0 12.0
    endloop
  endfacet
  facet normal -0.4515712559223175 -0.6132927536964417 -0.6480395793914795
    outer loop
      vertex 8.0 7.383677959442139 12.0
      vertex 8.521084785461426 7.0 12.0
      vertex 8.0 7.0 12.363105773925781
    endloop
  endfacet
  facet normal 0.0 0.0 1.0
    outer loop
      vertex 9.0 7.0 14.916943550109863
      vertex 8.0 8.0 14.916943550109863
      vertex 8.0 7.0 14.916943550109863
    endloop
  endfacet
  facet normal 0.0 0.0 1.0
    outer loop
      vertex 9.0 8.0 14.916943550109863
      vertex 8.0 8.0 14.916943550109863
      vertex 9.0 7.0 14.916943550109863
    endloop
  endfacet
  facet normal -0.6065802574157715 -0.6065802574157715 -0.5139269232749939
    outer loop
      vertex 9.0 9.0 9.996129035949707
      vertex 9.0 8.996720314025879 10.0
      vertex 8.996720314025879 9.0 10.0
    endloop
  endfacet
  facet normal -0.5624259114265442 -0.5624259114265442 -0.6060974597930908
    outer loop
      vertex 8.996720314025879 9.0 10.0
      vertex 9.0 8.996720314025879 10.0
      vertex 9.0 8.0 10.92490291595459
    endloop
  endfacet
  facet normal -0.4993530809879303 -0.5891698002815247 -0.6352364420890808
    outer loop
      vertex 8.996720314025879 9.0 10.0
      vertex 9.0 8.0 10.92490291595459
      vertex 8.904467582702637 8.0 11.0
    endloop
  endfacet
  facet normal -0.5650230050086975 -0.5567713379859924 -0.6088962554931641
    outer loop
      vertex 8.0 9.0 10.92490291595459
      vertex 8.996720314025879 9.0 10.0
      vertex 8.904467582702637 8.0 11.0
    endloop
  endfacet
  facet normal -0.525712788105011 -0.525712788105011 -0.6687692403793335
    outer loop
      vertex 8.0 8.904467582702637 11.0
      vertex 8.0 9.0 10.92490291595459
      vertex 8.904467582702637 8.0 11.0
    endloop
  endfacet
  facet normal -0.46530860662460327 -0.46530860662460327 -0.7529780268669128
    outer loop
      vertex 8.0 8.904467582702637 11.0
      vertex 8.904467582702637 8.0 11.0
      vertex 8.0 8.0 11.55892276763916
    endloop
  endfacet
  facet normal 0.0 0.0 1.0
    outer loop
      vertex 9.0 8.0 14.916943550109863
      vertex 8.0 9.0 14.916943550109863
      vertex 8.0 8.0 14.916943550109863
    endloop
  endfacet
  facet normal 0.0 0.0 1.0
    outer loop
      vertex 9.0 9.0 14.916943550109863
      vertex 8.0 9.0 14.916943550109863
      vertex 9.0 8.0 14.916943550109863
    endloop
  endfacet
  facet normal -0.6838041543960571 -0.44357576966285706 -0.5793551206588745
    outer loop
      vertex 9.0 9.0 9.996129035949707
      vertex 8.996720314025879 9.0 10.0
      vertex 8.348031997680664 10.0 10.0
    endloop
  endfacet
  facet normal -0.7270865440368652 -0.4721076488494873 -0.4984571635723114
    outer loop
      vertex 9.0 9.0 9.996129035949707
      vertex 8.348031997680664 10.0 10.0
      vertex 9.0 10.0 9.048991203308105
    endloop
  endfacet
  facet normal -0.6547313332557678 -0.3776954710483551 -0.6547313332557678
    outer loop
      vertex 8.0 10.0 10.348031997680664
      vertex 8.348031997680664 10.0 10.0
      vertex 8.0 9.0 10.92490291595459
    endloop
  endfacet
  facet normal -0.622316837310791 -0.4036896228790283 -0.6706388592720032
    outer loop
      vertex 8.0 9.0 10.92490291595459
      vertex 8.348031997680664 10.0 10.0
      vertex 8.996720314025879 9.0 10.0
    endloop
  endfacet
  facet normal 0.0 0.0 1.0
    outer loop
      vertex 9.0 9.0 14.916943550109863
      vertex 8.0 10.0 14.916943550109863
      vertex 8.0 9.0 14.916943550109863
    endloop
  endfacet
  facet normal 0.0 0.0 1.0
    outer loop
      vertex 9.0 10.0 14.916943550109863
      vertex 8.0 10.0 14.916943550109863
      vertex 9.0 9.0 14.916943550109863
    endloop
  endfacet
  facet normal -0.8801860809326172 -0.3266837000846863 -0.34431135654449463
    outer loop
      vertex 9.0 11.0 8.118708610534668
      vertex 9.0 10.071154594421387 9.0
      vertex 8.655256271362305 11.0 9.0
    endloop
  endfacet
  facet normal -0.8367274403572083 -0.3105538487434387 -0.45104721188545227
    outer loop
      vertex 8.655256271362305 11.0 9.0
      vertex 9.0 10.071154594421387 9.0
      vertex 9.0 10.0 9.048991203308105
    endloop
  endfacet
  facet normal -0.7873483896255493 -0.29787740111351013 -0.5397699475288391
    outer loop
      vertex 8.655256271362305 11.0 9.0
      vertex 9.0 10.0 9.048991203308105
      vertex 8.348031997680664 10.0 10.0
    endloop
  endfacet
  facet normal -0.8017698526382446 -0.2810831367969513 -0.5274062752723694
    outer loop
      vertex 8.0 11.0 9.996129035949707
      vertex 8.655256271362305 11.0 9.0
      vertex 8.348031997680664 10.0 10.0
    endloop
  endfacet
  facet normal -0.7405825257301331 -0.26014474034309387 -0.6195662021636963
    outer loop
      vertex 8.0 10.9907808303833 10.0
      vertex 8.0 11.0 9.996129035949707
      vertex 8.348031997680664 10.0 10.0
    endloop
  endfacet
  facet normal -0.6862542629241943 -0.24106083810329437 -0.6862542629241943
    outer loop
      vertex 8.0 10.9907808303833 10.0
      vertex 8.348031997680664 10.0 10.0
      vertex 8.0 10.0 10.348031997680664
    endloop
  endfacet
  facet normal 0.0 0.0 1.0
    outer loop
      vertex 9.0 10.0 14.916943550109863
      vertex 8.0 11.0 14.916943550109863
      vertex 8.0 10.0 14.916943550109863
    endloop
  endfacet
  facet normal 0.0 0.0 1.0
    outer loop
      vertex 9.0 11.0 14.916943550109863
      vertex 8.0 11.0 14.916943550109863
      vertex 9.0 10.0 14.916943550109863
    endloop
  endfacet
  facet normal -0.9312819838523865 0.0 -0.36429905891418457
    outer loop
      vertex 9.0 11.0 8.118708610534668
      vertex 8.655256271362305 11.0 9.0
      vertex 8.655256271362305 12.0 9.0
    endloop
  endfacet
  facet normal -0.9312819838523865 0.0 -0.36429905891418457
    outer loop
      vertex 9.0 11.0 8.118708610534668
      vertex 8.655256271362305 12.0 9.0
      vertex 9.0 12.0 8.118708610534668
    endloop
  endfacet
  facet normal -0.8354524374008179 -0.0 -0.5495628118515015
    outer loop
      vertex 8.0 12.0 9.996129035949707
      vertex 8.655256271362305 12.0 9.0
      vertex 8.0 11.0 9.996129035949707
    endloop
  endfacet
  facet normal -0.8354524374008179 0.0 -0.5495628118515015
    outer loop
      vertex 8.0 11.0 9.996129035949707
      vertex 8.655256271362305 12.0 9.0
      vertex 8.655256271362305 11.0 9.0
    endloop
  endfacet
  facet normal 0.0 0.0 1.0
    outer loop
      vertex 9.0 11.0 14.916943550109863
      vertex 8.0 12.0 14.916943550109863
      vertex 8.0 11.0 14.916943550109863
    endloop
  endfacet
  facet normal 0.0 0.0 1.0
    outer loop
      vertex 9.0 12.0 14.916943550109863
      vertex 8.0 12.0 14.916943550109863
      vertex 9.0 11.0 14.916943550109863
    endloop
  endfacet
  facet normal -0.8801860809326172 0.3266837000846863 -0.34431135654449463
    outer loop
      vertex 9.0 12.928845405578613 9.0
      vertex 9.0 12.0 8.118708610534668
      vertex 8.655256271362305 12.0 9.0
    endloop
  endfacet
  facet normal -0.7685980200767517 0.3627907335758209 -0.5269154906272888
    outer loop
      vertex 9.0 13.0 9.048991203308105
      vertex 9.0 12.928845405578613 9.0
      vertex 8.348031997680664 13.0 10.0
    endloop
  endfacet
  facet normal -0.795137345790863 0.2793082296848297 -0.5382781624794006
    outer loop
      vertex 8.348031997680664 13.0 10.0
      vertex 9.0 12.928845405578613 9.0
      vertex 8.0 12.0092191696167 10.0
    endloop
  endfacet
  facet normal -0.7976776361465454 0.2960604131221771 -0.5254127383232117
    outer loop
      vertex 9.0 12.928845405578613 9.0
      vertex 8.655256271362305 12.0 9.0
      vertex 8.0 12.0092191696167 10.0
    endloop
  endfacet
  facet normal -0.8140605688095093 0.2248433381319046 -0.5354911684989929
    outer loop
      vertex 8.655256271362305 12.0 9.0
      vertex 8.0 12.0 9.996129035949707
      vertex 8.0 12.0092191696167 10.0
    endloop
  endfacet
  facet normal -0.6862542629241943 0.24106083810329437 -0.6862542629241943
    outer loop
      vertex 8.0 13.0 10.348031997680664
      vertex 8.348031997680664 13.0 10.0
      vertex 8.0 12.0092191696167 10.0
    endloop
  endfacet
  facet normal 0.0 0.0 1.0
    outer loop
      vertex 9.0 12.0 14.916943550109863
      vertex 8.0 13.0 14.916943550109863
      vertex 8.0 12.0 14.916943550109863
    endloop
  endfacet
  facet normal 0.0 0.0 1.0
    outer loop
      vertex 9.0 13.0 14.916943550109863
      vertex 8.0 13.0 14.916943550109863
      vertex 9.0 12.0 14.916943550109863
    endloop
  endfacet
  facet normal -0.7272427678108215 0.47175389528274536 -0.4985642731189728
    outer loop
      vertex 9.0 13.0 9.048991203308105
      vertex 8.348031997680664 13.0 10.0
      vertex 8.996720314025879 14.0 10.0
    endloop
  endfacet
  facet normal -0.6506980061531067 0.522162675857544 -0.551305890083313
    outer loop
      vertex 9.0 13.0 9.048991203308105
      vertex 8.996720314025879 14.0 10.0
      vertex 9.0 14.0 9.996129035949707
    endloop
  endfacet
  facet normal -0.6264954805374146 0.38946977257728577 -0.6751419901847839
    outer loop
      vertex 8.0 14.0 10.92490291595459
      vertex 8.996720314025879 14.0 10.0
      vertex 8.0 13.0 10.348031997680664
    endloop
  endfacet
  facet normal -0.6427185535430908 0.41692402958869934 -0.6427185535430908
    outer loop
      vertex 8.0 13.0 10.348031997680664
      vertex 8.996720314025879 14.0 10.0
      vertex 8.348031997680664 13.0 10.0
    endloop
  endfacet
  facet normal 0.0 0.0 1.0
    outer loop
      vertex 9.0 13.0 14.916943550109863
      vertex 8.0 14.0 14.916943550109863
      vertex 8.0 13.0 14.916943550109863
    endloop
  endfacet
  facet normal 0.0 0.0 1.0
    outer loop
      vertex 9.0 14.0 14.916943550109863
      vertex 8.0 14.0 14.916943550109863
      vertex 9.0 13.0 14.916943550109863
    endloop
  endfacet
  facet normal -0.6065802574157715 0.6065802574157715 -0.5139269232749939
    outer loop
      vertex 9.0 14.003279685974121 10.0
      vertex 9.0 14.0 9.996129035949707
      vertex 8.996720314025879 14.0 10.0
    endloop
  endfacet
  facet normal -0.4992661774158478 0.5893627405166626 -0.6351258754730225
    outer loop
      vertex 9.0 15.0 10.92490291595459
      vertex 9.0 14.003279685974121 10.0
      vertex 8.904467582702637 15.0 11.0
    endloop
  endfacet
  facet normal -0.5596280097961426 0.5596280097961426 -0.6112552285194397
    outer loop
      vertex 8.904467582702637 15.0 11.0
      vertex 9.0 14.003279685974121 10.0
      vertex 8.0 14.095532417297363 11.0
    endloop
  endfacet
  facet normal -0.5596280097961426 0.5596280097961426 -0.6112552285194397
    outer loop
      vertex 9.0 14.003279685974121 10.0
      vertex 8.996720314025879 14.0 10.0
      vertex 8.0 14.095532417297363 11.0
    endloop
  endfacet
  facet normal -0.5893627405166626 0.49926623702049255 -0.6351258754730225
    outer loop
      vertex 8.996720314025879 14.0 10.0
      vertex 8.0 14.0 10.92490291595459
      vertex 8.0 14.095532417297363 11.0
    endloop
  endfacet
  facet normal -0.46530860662460327 0.46530860662460327 -0.7529780268669128
    outer loop
      vertex 8.0 15.0 11.55892276763916
      vertex 8.904467582702637 15.0 11.0
      vertex 8.0 14.095532417297363 11.0
    endloop
  endfacet
  facet normal 0.0 0.0 1.0
    outer loop
      vertex 9.0 14.0 14.916943550109863
      vertex 8.0 15.0 14.916943550109863
      vertex 8.0 14.0 14.916943550109863
    endloop
  endfacet
  facet normal 0.0 0.0 1.0
    outer loop
      vertex 9.0 15.0 14.916943550109863
      vertex 8.0 15.0 14.916943550109863
      vertex 9.0 14.0 14.916943550109863
    endloop
  endfacet
  facet normal -0.4809955656528473 0.6278867125511169 -0.6118835806846619
    outer loop
      vertex 9.0 15.073183059692383 11.0
      vertex 9.0 15.0 10.92490291595459
      vertex 8.904467582702637 15.0 11.0
    endloop
  endfacet
  facet normal -0.37946179509162903 0.5808975696563721 -0.7201157212257385
    outer loop
      vertex 9.0 16.0 11.747637748718262
      vertex 9.0 15.073183059692383 11.0
      vertex 8.521084785461426 16.0 12.0
    endloop
  endfacet
  facet normal -0.4129570722579956 0.5608489513397217 -0.71757572889328
    outer loop
      vertex 8.521084785461426 16.0 12.0
      vertex 9.0 15.073183059692383 11.0
      vertex 8.0 15.616321563720703 12.0
    endloop
  endfacet
  facet normal -0.42164644598960876 0.5504129528999329 -0.7205969095230103
    outer loop
      vertex 9.0 15.073183059692383 11.0
      vertex 8.904467582702637 15.0 11.0
      vertex 8.0 15.616321563720703 12.0
    endloop
  endfacet
  facet normal -0.4490182101726532 0.5200108885765076 -0.7266163229942322
    outer loop
      vertex 8.904467582702637 15.0 11.0
      vertex 8.0 15.0 11.55892276763916
      vertex 8.0 15.616321563720703 12.0
    endloop
  endfacet
  facet normal -0.4515714943408966 0.6132922768592834 -0.6480399370193481
    outer loop
      vertex 8.0 16.0 12.363105773925781
      vertex 8.521084785461426 16.0 12.0
      vertex 8.0 15.616321563720703 12.0
    endloop
  endfacet
  facet normal 0.0 0.0 1.0
    outer loop
      vertex 9.0 15.0 14.916943550109863
      vertex 8.0 16.0 14.916943550109863
      vertex 8.0 15.0 14.916943550109863
    endloop
  endfacet
  facet normal 0.0 0.0 1.0
    outer loop
      vertex 9.0 16.0 14.916943550109863
      vertex 8.0 16.0 14.916943550109863
      vertex 9.0 15.0 14.916943550109863
    endloop
  endfacet
  facet normal -0.37235227227211 0.6016948223114014 -0.7066237926483154
    outer loop
      vertex 9.0 16.296371459960938 12.0
      vertex 9.0 16.0 11.747637748718262
      vertex 8.521084785461426 16.0 12.0
    endloop
  endfacet
  facet normal -0.4199356138706207 0.6785860657691956 -0.6026399731636047
    outer loop
      vertex 8.521084785461426 16.0 12.0
      vertex 8.0 16.0 12.363105773925781
      vertex 9.0 16.296371459960938 12.0
    endloop
  endfacet
  facet normal -0.4243467152118683 0.5603849291801453 -0.711265504360199
    outer loop
      vertex 8.0 16.0 12.363105773925781
      vertex 9.0 17.0 12.554368019104004
      vertex 9.0 16.296371459960938 12.0
    endloop
  endfacet
  facet normal -0.2414027899503708 0.40965962409973145 -0.879718005657196
    outer loop
      vertex 8.0 16.0 12.363105773925781
      vertex 8.0 17.0 12.828777313232422
      vertex 9.0 17.0 12.554368019104004
    endloop
  endfacet
  facet normal 0.0 0.0 1.0
    outer loop
      vertex 9.0 16.0 14.916943550109863
      vertex 8.0 17.0 14.916943550109863
      vertex 8.0 16.0 14.916943550109863
    endloop
  endfacet
  facet normal 0.0 0.0 1.0
    outer loop
      vertex 9.0 17.0 14.916943550109863
      vertex 8.0 17.0 14.916943550109863
      vertex 9.0 16.0 14.916943550109863
    endloop
  endfacet
  facet normal -0.22554033994674683 0.5230603218078613 -0.8219121098518372
    outer loop
      vertex 9.0 17.700244903564453 13.0
      vertex 9.0 17.0 12.554368019104004
      vertex 8.0 17.0 12.828777313232422
    endloop
  endfacet
  facet normal -0.23006442189216614 0.5283793210983276 -0.8172427415847778
    outer loop
      vertex 9.0 17.700244903564453 13.0
      vertex 8.0 17.0 12.828777313232422
      vertex 8.0 17.264829635620117 13.0
    endloop
  endfacet
  facet normal -0.25419798493385315 0.5838058590888977 -0.7710733413696289
    outer loop
      vertex 8.0 17.264829635620117 13.0
      vertex 8.0 18.0 13.556622505187988
      vertex 9.0 17.700244903564453 13.0
    endloop
  endfacet
  facet normal -0.17870785295963287 0.6957250237464905 -0.6957228183746338
    outer loop
      vertex 9.0 17.700244903564453 13.0
      vertex 8.0 18.0 13.556622505187988
      vertex 9.0 18.0 13.299756050109863
    endloop
  endfacet
  facet normal 0.0 0.0 1.0
    outer loop
      vertex 9.0 17.0 14.916943550109863
      vertex 8.0 18.0 14.916943550109863
      vertex 8.0 17.0 14.916943550109863
    endloop
  endfacet
  facet normal 0.0 0.0 1.0
    outer loop
      vertex 9.0 18.0 14.916943550109863
      vertex 8.0 18.0 14.916943550109863
      vertex 9.0 17.0 14.916943550109863
    endloop
  endfacet
  facet normal -0.23607073724269867 0.31564944982528687 -0.9190407395362854
    outer loop
      vertex 8.0 19.0 13.900077819824219
      vertex 9.0 18.0 13.299756050109863
      vertex 8.0 18.0 13.556622505187988
    endloop
  endfacet
  facet normal -0.18630199134349823 0.36201196908950806 -0.9133667945861816
    outer loop
      vertex 8.0 19.0 13.900077819824219
      vertex 9.0 19.0 13.696105003356934
      vertex 9.0 18.0 13.299756050109863
    endloop
  endfacet
  facet normal 0.0 0.12835170328617096 0.9917287230491638
    outer loop
      vertex 9.0 18.0 14.916943550109863
      vertex 8.0 19.0 14.787521362304688
      vertex 8.0 18.0 14.916943550109863
    endloop
  endfacet
  facet normal -0.12835170328617096 0.0 0.9917287230491638
    outer loop
      vertex 9.0 19.0 14.916943550109863
      vertex 8.0 19.0 14.787521362304688
      vertex 9.0 18.0 14.916943550109863
    endloop
  endfacet
  facet normal -0.17574241757392883 0.4761982262134552 -0.8615972399711609
    outer loop
      vertex 9.0 19.54984474182129 14.0
      vertex 9.0 19.0 13.696105003356934
      vertex 8.0 19.0 13.900077819824219
    endloop
  endfacet
  facet normal -0.17051100730895996 0.46771591901779175 -0.8672760725021362
    outer loop
      vertex 9.0 19.54984474182129 14.0
      vertex 8.0 19.0 13.900077819824219
      vertex 8.0 19.185283660888672 14.0
    endloop
  endfacet
  facet normal -0.02962740696966648 0.9729940891265869 0.22892065346240997
    outer loop
      vertex 8.0 19.185283660888672 14.0
      vertex 8.0 19.0 14.787521362304688
      vertex 9.0 19.0 14.916943550109863
    endloop
  endfacet
  facet normal -0.29841136932373047 0.8185497522354126 0.49084293842315674
    outer loop
      vertex 8.0 19.185283660888672 14.0
      vertex 9.0 19.0 14.916943550109863
      vertex 9.0 19.54984474182129 14.0
    endloop
  endfacet
  facet normal -0.08000286668539047 -0.4394301176071167 -0.8947070240974426
    outer loop
      vertex 10.0 4.0 13.640528678894043
      vertex 10.0 3.268094062805176 14.0
      vertex 9.0 3.4501545429229736 14.0
    endloop
  endfacet
  facet normal -0.04858403280377388 -0.48315519094467163 -0.8741858005523682
    outer loop
      vertex 10.0 4.0 13.640528678894043
      vertex 9.0 3.4501545429229736 14.0
      vertex 9.0 4.0 13.696105003356934
    endloop
  endfacet
  facet normal -0.15427042543888092 -0.8473583459854126 0.5081186890602112
    outer loop
      vertex 9.0 4.0 14.916943550109863
      vertex 9.0 3.4501545429229736 14.0
      vertex 10.0 3.268094062805176 14.0
    endloop
  endfacet
  facet normal 0.0 -0.7815539240837097 0.6238377094268799
    outer loop
      vertex 9.0 4.0 14.916943550109863
      vertex 10.0 3.268094062805176 14.0
      vertex 10.0 4.0 14.916943550109863
    endloop
  endfacet
  facet normal -0.17455479502677917 -0.5817449688911438 -0.7944201827049255
    outer loop
      vertex 10.0 5.0 12.942347526550293
      vertex 10.0 4.921270847320557 13.0
      vertex 9.737616539001465 5.0 13.0
    endloop
  endfacet
  facet normal -0.16882731020450592 -0.562656819820404 -0.8092679381370544
    outer loop
      vertex 10.0 4.921270847320557 13.0
      vertex 10.0 4.0 13.640528678894043
      vertex 9.737616539001465 5.0 13.0
    endloop
  endfacet
  facet normal -0.30956026911735535 -0.5691410899162292 -0.7617419958114624
    outer loop
      vertex 10.0 4.0 13.640528678894043
      vertex 9.0 5.0 13.299756050109863
      vertex 9.737616539001465 5.0 13.0
    endloop
  endfacet
  facet normal -0.051597293466329575 -0.3679720163345337 -0.9284041523933411
    outer loop
      vertex 10.0 4.0 13.640528678894043
      vertex 9.0 4.0 13.696105003356934
      vertex 9.0 5.0 13.299756050109863
    endloop
  endfacet
  facet normal 0.0 0.0 1.0
    outer loop
      vertex 10.0 4.0 14.916943550109863
      vertex 9.0 5.0 14.916943550109863
      vertex 9.0 4.0 14.916943550109863
    endloop
  endfacet
  facet normal 0.0 0.0 1.0
    outer loop
      vertex 10.0 5.0 14.916943550109863
      vertex 9.0 5.0 14.916943550109863
      vertex 10.0 4.0 14.916943550109863
    endloop
  endfacet
  facet normal -0.1897704303264618 -0.4669731557369232 -0.8636685013771057
    outer loop
      vertex 10.0 5.0 12.942347526550293
      vertex 9.737616539001465 5.0 13.0
      vertex 9.0 5.299755573272705 13.0
    endloop
  endfacet
  facet normal -0.20511934161186218 -0.5254783034324646 -0.8257110118865967
    outer loop
      vertex 9.0 6.0 12.554368019104004
      vertex 10.0 5.0 12.942347526550293
      vertex 9.0 5.299755573272705 13.0
    endloop
  endfacet
  facet normal -0.1632811427116394 -0.49450039863586426 -0.853702962398529
    outer loop
      vertex 10.0 6.0 12.363105773925781
      vertex 10.0 5.0 12.942347526550293
      vertex 9.0 6.0 12.554368019104004
    endloop
  endfacet
  facet normal -0.27618059515953064 -0.6796049475669861 -0.6796038746833801
    outer loop
      vertex 9.0 5.299755573272705 13.0
      vertex 9.737616539001465 5.0 13.0
      vertex 9.0 5.0 13.299756050109863
    endloop
  endfacet
  facet normal 0.0 0.0 1.0
    outer loop
      vertex 10.0 5.0 14.916943550109863
      vertex 9.0 6.0 14.916943550109863
      vertex 9.0 5.0 14.916943550109863
    endloop
  endfacet
  facet normal 0.0 0.0 1.0
    outer loop
      vertex 10.0 6.0 14.916943550109863
      vertex 9.0 6.0 14.916943550109863
      vertex 10.0 5.0 14.916943550109863
    endloop
  endfacet
  facet normal -0.22159041464328766 -0.650736927986145 -0.7262500524520874
    outer loop
      vertex 10.0 7.0 11.429327964782715
      vertex 10.0 6.363105773925781 12.0
      vertex 9.0 6.703628063201904 12.0
    endloop
  endfacet
  facet normal -0.23553429543972015 -0.6300738453865051 -0.7399530410766602
    outer loop
      vertex 10.0 7.0 11.429327964782715
      vertex 9.0 6.703628063201904 12.0
      vertex 9.0 7.0 11.747637748718262
    endloop
  endfacet
  facet normal -0.14856819808483124 -0.6120002865791321 -0.776777446269989
    outer loop
      vertex 9.0 6.0 12.554368019104004
      vertex 9.0 6.703628063201904 12.0
      vertex 10.0 6.0 12.363105773925781
    endloop
  endfacet
  facet normal -0.23409506678581238 -0.687458872795105 -0.687458872795105
    outer loop
      vertex 10.0 6.0 12.363105773925781
      vertex 9.0 6.703628063201904 12.0
      vertex 10.0 6.363105773925781 12.0
    endloop
  endfacet
  facet normal 0.0 0.0 1.0
    outer loop
      vertex 10.0 6.0 14.916943550109863
      vertex 9.0 7.0 14.916943550109863
      vertex 9.0 6.0 14.916943550109863
    endloop
  endfacet
  facet normal 0.0 0.0 1.0
    outer loop
      vertex 10.0 7.0 14.916943550109863
      vertex 9.0 7.0 14.916943550109863
      vertex 10.0 6.0 14.916943550109863
    endloop
  endfacet
  facet normal -0.3505827486515045 -0.7047045826911926 -0.6168332099914551
    outer loop
      vertex 10.0 8.0 10.348031997680664
      vertex 10.0 7.429327487945557 11.0
      vertex 9.0 7.926816463470459 11.0
    endloop
  endfacet
  facet normal -0.37347835302352905 -0.6643493175506592 -0.6474210023880005
    outer loop
      vertex 10.0 8.0 10.348031997680664
      vertex 9.0 7.926816463470459 11.0
      vertex 9.0 8.0 10.92490291595459
    endloop
  endfacet
  facet normal -0.24047929048538208 -0.6094319224357605 -0.7554882168769836
    outer loop
      vertex 9.0 7.0 11.747637748718262
      vertex 9.0 7.926816463470459 11.0
      vertex 10.0 7.0 11.429327964782715
    endloop
  endfacet
  facet normal -0.3318442702293396 -0.6670383810997009 -0.6670376658439636
    outer loop
      vertex 10.0 7.0 11.429327964782715
      vertex 9.0 7.926816463470459 11.0
      vertex 10.0 7.429327487945557 11.0
    endloop
  endfacet
  facet normal 0.0 0.0 1.0
    outer loop
      vertex 10.0 7.0 14.916943550109863
      vertex 9.0 8.0 14.916943550109863
      vertex 9.0 7.0 14.916943550109863
    endloop
  endfacet
  facet normal 0.0 0.0 1.0
    outer loop
      vertex 10.0 8.0 14.916943550109863
      vertex 9.0 8.0 14.916943550109863
      vertex 10.0 7.0 14.916943550109863
    endloop
  endfacet
  facet normal -0.47175389528274536 -0.7272427678108215 -0.4985642731189728
    outer loop
      vertex 10.0 9.0 9.048991203308105
      vertex 10.0 8.348031997680664 10.0
      vertex 9.0 8.996720314025879 10.0
    endloop
  endfacet
  facet normal -0.522162675857544 -0.6506980061531067 -0.551305890083313
    outer loop
      vertex 10.0 9.0 9.048991203308105
      vertex 9.0 8.996720314025879 10.0
      vertex 9.0 9.0 9.996129035949707
    endloop
  endfacet
  facet normal -0.38946977257728577 -0.6264954805374146 -0.6751419901847839
    outer loop
      vertex 9.0 8.0 10.92490291595459
      vertex 9.0 8.996720314025879 10.0
      vertex 10.0 8.0 10.348031997680664
    endloop
  endfacet
  facet normal -0.41692402958869934 -0.6427185535430908 -0.6427185535430908
    outer loop
      vertex 10.0 8.0 10.348031997680664
      vertex 9.0 8.996720314025879 10.0
      vertex 10.0 8.348031997680664 10.0
    endloop
  endfacet
  facet normal 0.0 0.0 1.0
    outer loop
      vertex 10.0 8.0 14.916943550109863
      vertex 9.0 9.0 14.916943550109863
      vertex 9.0 8.0 14.916943550109863
    endloop
  endfacet
  facet normal 0.0 0.0 1.0
    outer loop
      vertex 10.0 9.0 14.916943550109863
      vertex 9.0 9.0 14.916943550109863
      vertex 10.0 8.0 14.916943550109863
    endloop
  endfacet
  facet normal -0.5702027082443237 -0.5702027082443237 -0.5913862586021423
    outer loop
      vertex 10.0 10.0 8.083056449890137
      vertex 10.0 9.048991203308105 9.0
      vertex 9.048991203308105 10.0 9.0
    endloop
  endfacet
  facet normal -0.5773503184318542 -0.5773503184318542 -0.5773503184318542
    outer loop
      vertex 10.0 9.048991203308105 9.0
      vertex 10.0 9.0 9.048991203308105
      vertex 9.048991203308105 10.0 9.0
    endloop
  endfacet
  facet normal -0.5773502588272095 -0.5773502588272095 -0.5773502588272095
    outer loop
      vertex 10.0 9.0 9.048991203308105
      vertex 9.0 10.0 9.048991203308105
      vertex 9.048991203308105 10.0 9.0
    endloop
  endfacet
  facet normal -0.5666163563728333 -0.5666163563728333 -0.5982406139373779
    outer loop
      vertex 10.0 9.0 9.048991203308105
      vertex 9.0 9.0 9.996129035949707
      vertex 9.0 10.0 9.048991203308105
    endloop
  endfacet
  facet normal 0.0 0.0 1.0
    outer loop
      vertex 10.0 9.0 14.916943550109863
      vertex 9.0 10.0 14.916943550109863
      vertex 9.0 9.0 14.916943550109863
    endloop
  endfacet
  facet normal 0.0 0.0 1.0
    outer loop
      vertex 10.0 10.0 14.916943550109863
      vertex 9.0 10.0 14.916943550109863
      vertex 10.0 9.0 14.916943550109863
    endloop
  endfacet
  facet normal -0.6262564063072205 -0.431188702583313 -0.6495223641395569
    outer loop
      vertex 10.0 10.0 8.083056449890137
      vertex 9.048991203308105 10.0 9.0
      vertex 9.0 10.071154594421387 9.0
    endloop
  endfacet
  facet normal -0.5811684131622314 -0.5601213574409485 -0.5903452038764954
    outer loop
      vertex 9.0 11.0 8.118708610534668
      vertex 10.0 10.0 8.083056449890137
      vertex 9.0 10.071154594421387 9.0
    endloop
  endfacet
  facet normal -0.0356295220553875 -0.0 -0.9993650317192078
    outer loop
      vertex 10.0 11.0 8.083056449890137
      vertex 10.0 10.0 8.083056449890137
      vertex 9.0 11.0 8.118708610534668
    endloop
  endfacet
  facet normal -0.6357628703117371 -0.43773403763771057 -0.6357628703117371
    outer loop
      vertex 9.0 10.071154594421387 9.0
      vertex 9.048991203308105 10.0 9.0
      vertex 9.0 10.0 9.048991203308105
    endloop
  endfacet
  facet normal 0.0 0.0 1.0
    outer loop
      vertex 10.0 10.0 14.916943550109863
      vertex 9.0 11.0 14.916943550109863
      vertex 9.0 10.0 14.916943550109863
    endloop
  endfacet
  facet normal 0.0 0.0 1.0
    outer loop
      vertex 10.0 11.0 14.916943550109863
      vertex 9.0 11.0 14.916943550109863
      vertex 10.0 10.0 14.916943550109863
    endloop
  endfacet
  facet normal -0.0356295220553875 -0.0 -0.9993650317192078
    outer loop
      vertex 9.0 12.0 8.118708610534668
      vertex 10.0 11.0 8.083056449890137
      vertex 9.0 11.0 8.118708610534668
    endloop
  endfacet
  facet normal -0.0356295220553875 0.0 -0.9993650317192078
    outer loop
      vertex 9.0 12.0 8.118708610534668
      vertex 10.0 12.0 8.083056449890137
      vertex 10.0 11.0 8.083056449890137
    endloop
  endfacet
  facet normal 0.0 0.0 1.0
    outer loop
      vertex 10.0 11.0 14.916943550109863
      vertex 9.0 12.0 14.916943550109863
      vertex 9.0 11.0 14.916943550109863
    endloop
  endfacet
  facet normal 0.0 0.0 1.0
    outer loop
      vertex 10.0 12.0 14.916943550109863
      vertex 9.0 12.0 14.916943550109863
      vertex 10.0 11.0 14.916943550109863
    endloop
  endfacet
  facet normal -0.7069914937019348 0.4867759644985199 -0.513042151927948
    outer loop
      vertex 9.0 12.0 8.118708610534668
      vertex 9.0 12.928845405578613 9.0
      vertex 9.048991203308105 13.0 9.0
    endloop
  endfacet
  facet normal -0.5770525932312012 0.5557150840759277 -0.5984905958175659
    outer loop
      vertex 10.0 13.0 8.083056449890137
      vertex 9.0 12.0 8.118708610534668
      vertex 9.048991203308105 13.0 9.0
    endloop
  endfacet
  facet normal -0.0356295220553875 0.0 -0.9993650317192078
    outer loop
      vertex 10.0 12.0 8.083056449890137
      vertex 9.0 12.0 8.118708610534668
      vertex 10.0 13.0 8.083056449890137
    endloop
  endfacet
  facet normal -0.6357628703117371 0.43773403763771057 -0.6357628703117371
    outer loop
      vertex 9.0 13.0 9.048991203308105
      vertex 9.048991203308105 13.0 9.0
      vertex 9.0 12.928845405578613 9.0
    endloop
  endfacet
  facet normal 0.0 0.0 1.0
    outer loop
      vertex 10.0 12.0 14.916943550109863
      vertex 9.0 13.0 14.916943550109863
      vertex 9.0 12.0 14.916943550109863
    endloop
  endfacet
  facet normal 0.0 0.0 1.0
    outer loop
      vertex 10.0 13.0 14.916943550109863
      vertex 9.0 13.0 14.916943550109863
      vertex 10.0 12.0 14.916943550109863
    endloop
  endfacet
  facet normal -0.5702027082443237 0.5702027082443237 -0.5913862586021423
    outer loop
      vertex 10.0 13.951008796691895 9.0
      vertex 10.0 13.0 8.083056449890137
      vertex 9.048991203308105 13.0 9.0
    endloop
  endfacet
  facet normal -0.5773503184318542 0.5773503184318542 -0.5773503184318542
    outer loop
      vertex 9.048991203308105 13.0 9.0
      vertex 9.0 13.0 9.048991203308105
      vertex 10.0 13.951008796691895 9.0
    endloop
  endfacet
  facet normal -0.5773502588272095 0.5773502588272095 -0.5773502588272095
    outer loop
      vertex 9.0 13.0 9.048991203308105
      vertex 10.0 14.0 9.048991203308105
      vertex 10.0 13.951008796691895 9.0
    endloop
  endfacet
  facet normal -0.5666163563728333 0.5666163563728333 -0.5982406139373779
    outer loop
      vertex 9.0 13.0 9.048991203308105
      vertex 9.0 14.0 9.996129035949707
      vertex 10.0 14.0 9.048991203308105
    endloop
  endfacet
  facet normal 0.0 0.0 1.0
    outer loop
      vertex 10.0 13.0 14.916943550109863
      vertex 9.0 14.0 14.916943550109863
      vertex 9.0 13.0 14.916943550109863
    endloop
  endfacet
  facet normal 0.0 0.0 1.0
    outer loop
      vertex 10.0 14.0 14.916943550109863
      vertex 9.0 14.0 14.916943550109863
      vertex 10.0 13.0 14.916943550109863
    endloop
  endfacet
  facet normal -0.4721076488494873 0.7270865440368652 -0.4984571635723114
    outer loop
      vertex 10.0 14.651968002319336 10.0
      vertex 10.0 14.0 9.048991203308105
      vertex 9.0 14.0 9.996129035949707
    endloop
  endfacet
  facet normal -0.44357576966285706 0.6838041543960571 -0.5793551206588745
    outer loop
      vertex 10.0 14.651968002319336 10.0
      vertex 9.0 14.0 9.996129035949707
      vertex 9.0 14.003279685974121 10.0
    endloop
  endfacet
  facet normal -0.4036896824836731 0.622316837310791 -0.6706388592720032
    outer loop
      vertex 9.0 14.003279685974121 10.0
      vertex 9.0 15.0 10.92490291595459
      vertex 10.0 14.651968002319336 10.0
    endloop
  endfacet
  facet normal -0.3776954710483551 0.6547313332557678 -0.6547313332557678
    outer loop
      vertex 10.0 14.651968002319336 10.0
      vertex 9.0 15.0 10.92490291595459
      vertex 10.0 15.0 10.348031997680664
    endloop
  endfacet
  facet normal 0.0 0.0 1.0
    outer loop
      vertex 10.0 14.0 14.916943550109863
      vertex 9.0 15.0 14.916943550109863
      vertex 9.0 14.0 14.916943550109863
    endloop
  endfacet
  facet normal 0.0 0.0 1.0
    outer loop
      vertex 10.0 15.0 14.916943550109863
      vertex 9.0 15.0 14.916943550109863
      vertex 10.0 14.0 14.916943550109863
    endloop
  endfacet
  facet normal -0.3551749587059021 0.7034016251564026 -0.6156921982765198
    outer loop
      vertex 10.0 15.570672035217285 11.0
      vertex 10.0 15.0 10.348031997680664
      vertex 9.0 15.0 10.92490291595459
    endloop
  endfacet
  facet normal -0.3356229066848755 0.6746338605880737 -0.6574392318725586
    outer loop
      vertex 10.0 15.570672035217285 11.0
      vertex 9.0 15.0 10.92490291595459
      vertex 9.0 15.073183059692383 11.0
    endloop
  endfacet
  facet normal -0.2981460690498352 0.5993018746376038 -0.7429308295249939
    outer loop
      vertex 9.0 15.073183059692383 11.0
      vertex 9.0 16.0 11.747637748718262
      vertex 10.0 15.570672035217285 11.0
    endloop
  endfacet
  facet normal -0.2195855677127838 0.6898486018180847 -0.6898486018180847
    outer loop
      vertex 10.0 15.570672035217285 11.0
      vertex 9.0 16.0 11.747637748718262
      vertex 10.0 16.0 11.429327964782715
    endloop
  endfacet
  facet normal 0.0 0.0 1.0
    outer loop
      vertex 10.0 15.0 14.916943550109863
      vertex 9.0 16.0 14.916943550109863
      vertex 9.0 15.0 14.916943550109863
    endloop
  endfacet
  facet normal 0.0 0.0 1.0
    outer loop
      vertex 10.0 16.0 14.916943550109863
      vertex 9.0 16.0 14.916943550109863
      vertex 10.0 15.0 14.916943550109863
    endloop
  endfacet
  facet normal -0.23067264258861542 0.6493299007415771 -0.7246797680854797
    outer loop
      vertex 10.0 16.63689422607422 12.0
      vertex 10.0 16.0 11.429327964782715
      vertex 9.0 16.0 11.747637748718262
    endloop
  endfacet
  facet normal -0.21557492017745972 0.6330705285072327 -0.743471086025238
    outer loop
      vertex 10.0 16.63689422607422 12.0
      vertex 9.0 16.0 11.747637748718262
      vertex 9.0 16.296371459960938 12.0
    endloop
  endfacet
  facet normal -0.2062094509601593 0.6055672764778137 -0.7686129212379456
    outer loop
      vertex 9.0 16.296371459960938 12.0
      vertex 9.0 17.0 12.554368019104004
      vertex 10.0 16.63689422607422 12.0
    endloop
  endfacet
  facet normal -0.13402271270751953 0.7007274627685547 -0.7007274627685547
    outer loop
      vertex 10.0 16.63689422607422 12.0
      vertex 9.0 17.0 12.554368019104004
      vertex 10.0 17.0 12.363105773925781
    endloop
  endfacet
  facet normal 0.0 0.0 1.0
    outer loop
      vertex 10.0 16.0 14.916943550109863
      vertex 9.0 17.0 14.916943550109863
      vertex 9.0 16.0 14.916943550109863
    endloop
  endfacet
  facet normal 0.0 0.0 1.0
    outer loop
      vertex 10.0 17.0 14.916943550109863
      vertex 9.0 17.0 14.916943550109863
      vertex 10.0 16.0 14.916943550109863
    endloop
  endfacet
  facet normal -0.21316984295845032 0.5245535969734192 -0.82425856590271
    outer loop
      vertex 9.0 17.0 12.554368019104004
      vertex 9.0 17.700244903564453 13.0
      vertex 9.737616539001465 18.0 13.0
    endloop
  endfacet
  facet normal -0.18454694747924805 0.5104092359542847 -0.8398957252502441
    outer loop
      vertex 10.0 18.0 12.942347526550293
      vertex 9.0 17.0 12.554368019104004
      vertex 9.737616539001465 18.0 13.0
    endloop
  endfacet
  facet normal -0.1632811427116394 0.49450039863586426 -0.853702962398529
    outer loop
      vertex 10.0 17.0 12.363105773925781
      vertex 9.0 17.0 12.554368019104004
      vertex 10.0 18.0 12.942347526550293
    endloop
  endfacet
  facet normal -0.2761803865432739 0.6796054840087891 -0.6796033382415771
    outer loop
      vertex 9.0 18.0 13.299756050109863
      vertex 9.737616539001465 18.0 13.0
      vertex 9.0 17.700244903564453 13.0
    endloop
  endfacet
  facet normal 0.0 0.0 1.0
    outer loop
      vertex 10.0 17.0 14.916943550109863
      vertex 9.0 18.0 14.916943550109863
      vertex 9.0 17.0 14.916943550109863
    endloop
  endfacet
  facet normal 0.0 0.0 1.0
    outer loop
      vertex 10.0 18.0 14.916943550109863
      vertex 9.0 18.0 14.916943550109863
      vertex 10.0 17.0 14.916943550109863
    endloop
  endfacet
  facet normal -0.17455513775348663 0.5817426443099976 -0.7944217920303345
    outer loop
      vertex 10.0 18.0787296295166 13.0
      vertex 10.0 18.0 12.942347526550293
      vertex 9.737616539001465 18.0 13.0
    endloop
  endfacet
  facet normal -0.2346477210521698 0.7820141315460205 -0.5774030089378357
    outer loop
      vertex 9.737616539001465 18.0 13.0
      vertex 9.0 18.0 13.299756050109863
      vertex 10.0 18.0787296295166 13.0
    endloop
  endfacet
  facet normal -0.27946195006370544 0.5481066703796387 -0.7883400917053223
    outer loop
      vertex 9.0 18.0 13.299756050109863
      vertex 10.0 19.0 13.640528678894043
      vertex 10.0 18.0787296295166 13.0
    endloop
  endfacet
  facet normal -0.051597293466329575 0.3679720163345337 -0.9284041523933411
    outer loop
      vertex 9.0 18.0 13.299756050109863
      vertex 9.0 19.0 13.696105003356934
      vertex 10.0 19.0 13.640528678894043
    endloop
  endfacet
  facet normal 0.0 0.0 1.0
    outer loop
      vertex 10.0 18.0 14.916943550109863
      vertex 9.0 19.0 14.916943550109863
      vertex 9.0 18.0 14.916943550109863
    endloop
  endfacet
  facet normal 0.0 0.0 1.0
    outer loop
      vertex 10.0 19.0 14.916943550109863
      vertex 9.0 19.0 14.916943550109863
      vertex 10.0 18.0 14.916943550109863
    endloop
  endfacet
  facet normal -0.04982248693704605 0.4402962028980255 -0.896469235420227
    outer loop
      vertex 10.0 19.731904983520508 14.0
      vertex 10.0 19.0 13.640528678894043
      vertex 9.0 19.0 13.696105003356934
    endloop
  endfacet
  facet normal -0.08772788941860199 0.4818618595600128 -0.8718445897102356
    outer loop
      vertex 10.0 19.731904983520508 14.0
      vertex 9.0 19.0 13.696105003356934
      vertex 9.0 19.54984474182129 14.0
    endloop
  endfacet
  facet normal 0.0 0.8576254844665527 0.5142747163772583
    outer loop
      vertex 9.0 19.54984474182129 14.0
      vertex 9.0 19.0 14.916943550109863
      vertex 10.0 19.0 14.916943550109863
    endloop
  endfacet
  facet normal -0.1408710479736328 0.7737606167793274 0.6176162362098694
    outer loop
      vertex 9.0 19.54984474182129 14.0
      vertex 10.0 19.0 14.916943550109863
      vertex 10.0 19.731904983520508 14.0
    endloop
  endfacet
  facet normal -0.0609697587788105 -0.40993252396583557 -0.9100757837295532
    outer loop
      vertex 11.0 4.0 13.603327751159668
      vertex 11.0 3.1193628311157227 14.0
      vertex 10.0 3.268094062805176 14.0
    endloop
  endfacet
  facet normal -0.033372364938259125 -0.44059765338897705 -0.8970841765403748
    outer loop
      vertex 11.0 4.0 13.603327751159668
      vertex 10.0 3.268094062805176 14.0
      vertex 10.0 4.0 13.640528678894043
    endloop
  endfacet
  facet normal -0.11546403914690018 -0.7763266563415527 0.619665265083313
    outer loop
      vertex 10.0 4.0 14.916943550109863
      vertex 10.0 3.268094062805176 14.0
      vertex 11.0 3.1193628311157227 14.0
    endloop
  endfacet
  facet normal 0.0 -0.7212414145469666 0.6926838159561157
    outer loop
      vertex 10.0 4.0 14.916943550109863
      vertex 11.0 3.1193628311157227 14.0
      vertex 11.0 4.0 14.916943550109863
    endloop
  endfacet
  facet normal -0.08968744426965714 -0.596091091632843 -0.7978919148445129
    outer loop
      vertex 11.0 5.0 12.828777313232422
      vertex 11.0 4.770811557769775 13.0
      vertex 10.0 4.921270847320557 13.0
    endloop
  endfacet
  facet normal -0.09124695509672165 -0.588350772857666 -0.8034409284591675
    outer loop
      vertex 11.0 5.0 12.828777313232422
      vertex 10.0 4.921270847320557 13.0
      vertex 10.0 5.0 12.942347526550293
    endloop
  endfacet
  facet normal -0.030529718846082687 -0.5705848932266235 -0.8206709027290344
    outer loop
      vertex 10.0 4.0 13.640528678894043
      vertex 10.0 4.921270847320557 13.0
      vertex 11.0 4.0 13.603327751159668
    endloop
  endfacet
  facet normal -0.09234107285737991 -0.6137279868125916 -0.7840988636016846
    outer loop
      vertex 11.0 4.0 13.603327751159668
      vertex 10.0 4.921270847320557 13.0
      vertex 11.0 4.770811557769775 13.0
    endloop
  endfacet
  facet normal 0.0 0.0 1.0
    outer loop
      vertex 11.0 4.0 14.916943550109863
      vertex 10.0 5.0 14.916943550109863
      vertex 10.0 4.0 14.916943550109863
    endloop
  endfacet
  facet normal 0.0 0.0 1.0
    outer loop
      vertex 11.0 5.0 14.916943550109863
      vertex 10.0 5.0 14.916943550109863
      vertex 11.0 4.0 14.916943550109863
    endloop
  endfacet
  facet normal -0.09780295193195343 -0.49882403016090393 -0.8611672520637512
    outer loop
      vertex 10.0 6.0 12.363105773925781
      vertex 11.0 5.0 12.828777313232422
      vertex 10.0 5.0 12.942347526550293
    endloop
  endfacet
  facet normal -0.15278419852256775 -0.538628101348877 -0.8285751938819885
    outer loop
      vertex 10.0 6.0 12.363105773925781
      vertex 11.0 6.0 12.178711891174316
      vertex 11.0 5.0 12.828777313232422
    endloop
  endfacet
  facet normal 0.0 0.0 1.0
    outer loop
      vertex 11.0 5.0 14.916943550109863
      vertex 10.0 6.0 14.916943550109863
      vertex 10.0 5.0 14.916943550109863
    endloop
  endfacet
  facet normal 0.0 0.0 1.0
    outer loop
      vertex 11.0 6.0 14.916943550109863
      vertex 10.0 6.0 14.916943550109863
      vertex 11.0 5.0 14.916943550109863
    endloop
  endfacet
  facet normal -0.12377947568893433 -0.671277642250061 -0.7307974100112915
    outer loop
      vertex 11.0 7.0 11.245601654052734
      vertex 11.0 6.178711891174316 12.0
      vertex 10.0 6.363105773925781 12.0
    endloop
  endfacet
  facet normal -0.13556967675685883 -0.6611658930778503 -0.7378892302513123
    outer loop
      vertex 11.0 7.0 11.245601654052734
      vertex 10.0 6.363105773925781 12.0
      vertex 10.0 7.0 11.429327964782715
    endloop
  endfacet
  facet normal -0.12929178774356842 -0.7011716961860657 -0.7011716961860657
    outer loop
      vertex 10.0 6.0 12.363105773925781
      vertex 10.0 6.363105773925781 12.0
      vertex 11.0 6.0 12.178711891174316
    endloop
  endfacet
  facet normal -0.12929175794124603 -0.7011717557907104 -0.7011717557907104
    outer loop
      vertex 11.0 6.0 12.178711891174316
      vertex 10.0 6.363105773925781 12.0
      vertex 11.0 6.178711891174316 12.0
    endloop
  endfacet
  facet normal 0.0 0.0 1.0
    outer loop
      vertex 11.0 6.0 14.916943550109863
      vertex 10.0 7.0 14.916943550109863
      vertex 10.0 6.0 14.916943550109863
    endloop
  endfacet
  facet normal 0.0 0.0 1.0
    outer loop
      vertex 11.0 7.0 14.916943550109863
      vertex 10.0 7.0 14.916943550109863
      vertex 11.0 6.0 14.916943550109863
    endloop
  endfacet
  facet normal -0.22391828894615173 -0.8157596588134766 -0.5332885384559631
    outer loop
      vertex 11.0 8.0 9.996129035949707
      vertex 11.0 7.997469425201416 10.0
      vertex 10.9907808303833 8.0 10.0
    endloop
  endfacet
  facet normal -0.22540521621704102 -0.7330974340438843 -0.6416857242584229
    outer loop
      vertex 10.0 7.429327487945557 11.0
      vertex 10.0 8.0 10.348031997680664
      vertex 10.9907808303833 8.0 10.0
    endloop
  endfacet
  facet normal -0.20542946457862854 -0.7484027147293091 -0.6306284070014954
    outer loop
      vertex 11.0 7.997469425201416 10.0
      vertex 10.0 7.429327487945557 11.0
      vertex 10.9907808303833 8.0 10.0
    endloop
  endfacet
  facet normal -0.14529035985469818 -0.7908018827438354 -0.5945780873298645
    outer loop
      vertex 11.0 7.245602130889893 11.0
      vertex 10.0 7.429327487945557 11.0
      vertex 11.0 7.997469425201416 10.0
    endloop
  endfacet
  facet normal -0.1288314014673233 -0.7012144923210144 -0.7012137174606323
    outer loop
      vertex 10.0 7.0 11.429327964782715
      vertex 10.0 7.429327487945557 11.0
      vertex 11.0 7.0 11.245601654052734
    endloop
  endfacet
  facet normal -0.1288307160139084 -0.7012134790420532 -0.7012148499488831
    outer loop
      vertex 11.0 7.0 11.245601654052734
      vertex 10.0 7.429327487945557 11.0
      vertex 11.0 7.245602130889893 11.0
    endloop
  endfacet
  facet normal 0.0 0.0 1.0
    outer loop
      vertex 11.0 7.0 14.916943550109863
      vertex 10.0 8.0 14.916943550109863
      vertex 10.0 7.0 14.916943550109863
    endloop
  endfacet
  facet normal 0.0 0.0 1.0
    outer loop
      vertex 11.0 8.0 14.916943550109863
      vertex 10.0 8.0 14.916943550109863
      vertex 11.0 7.0 14.916943550109863
    endloop
  endfacet
  facet normal -0.3266837000846863 -0.8801860809326172 -0.34431135654449463
    outer loop
      vertex 11.0 9.0 8.118708610534668
      vertex 11.0 8.655256271362305 9.0
      vertex 10.071154594421387 9.0 9.0
    endloop
  endfacet
  facet normal -0.2961690425872803 -0.7979702949523926 -0.5249069333076477
    outer loop
      vertex 10.071154594421387 9.0 9.0
      vertex 11.0 8.655256271362305 9.0
      vertex 11.0 8.0 9.996129035949707
    endloop
  endfacet
  facet normal -0.2385668158531189 -0.7875673174858093 -0.568175733089447
    outer loop
      vertex 10.071154594421387 9.0 9.0
      vertex 11.0 8.0 9.996129035949707
      vertex 10.9907808303833 8.0 10.0
    endloop
  endfacet
  facet normal -0.3383336365222931 -0.8025347590446472 -0.49139419198036194
    outer loop
      vertex 10.0 9.0 9.048991203308105
      vertex 10.071154594421387 9.0 9.0
      vertex 10.9907808303833 8.0 10.0
    endloop
  endfacet
  facet normal -0.2782803475856781 -0.7922111749649048 -0.5431036353111267
    outer loop
      vertex 10.0 8.348031997680664 10.0
      vertex 10.0 9.0 9.048991203308105
      vertex 10.9907808303833 8.0 10.0
    endloop
  endfacet
  facet normal -0.24106083810329437 -0.6862542629241943 -0.6862542629241943
    outer loop
      vertex 10.0 8.348031997680664 10.0
      vertex 10.9907808303833 8.0 10.0
      vertex 10.0 8.0 10.348031997680664
    endloop
  endfacet
  facet normal 0.0 0.0 1.0
    outer loop
      vertex 11.0 8.0 14.916943550109863
      vertex 10.0 9.0 14.916943550109863
      vertex 10.0 8.0 14.916943550109863
    endloop
  endfacet
  facet normal 0.0 0.0 1.0
    outer loop
      vertex 11.0 9.0 14.916943550109863
      vertex 10.0 9.0 14.916943550109863
      vertex 11.0 8.0 14.916943550109863
    endloop
  endfacet
  facet normal -0.4867759644985199 -0.7069914937019348 -0.513042151927948
    outer loop
      vertex 11.0 9.0 8.118708610534668
      vertex 10.071154594421387 9.0 9.0
      vertex 10.0 9.048991203308105 9.0
    endloop
  endfacet
  facet normal -0.5557150840759277 -0.5770525932312012 -0.5984905958175659
    outer loop
      vertex 10.0 10.0 8.083056449890137
      vertex 11.0 9.0 8.118708610534668
      vertex 10.0 9.048991203308105 9.0
    endloop
  endfacet
  facet normal -0.0 -0.0356295220553875 -0.9993650317192078
    outer loop
      vertex 11.0 10.0 8.083056449890137
      vertex 11.0 9.0 8.118708610534668
      vertex 10.0 10.0 8.083056449890137
    endloop
  endfacet
  facet normal -0.43773403763771057 -0.6357628703117371 -0.6357628703117371
    outer loop
      vertex 10.0 9.048991203308105 9.0
      vertex 10.071154594421387 9.0 9.0
      vertex 10.0 9.0 9.048991203308105
    endloop
  endfacet
  facet normal 0.0 0.0 1.0
    outer loop
      vertex 11.0 9.0 14.916943550109863
      vertex 10.0 10.0 14.916943550109863
      vertex 10.0 9.0 14.916943550109863
    endloop
  endfacet
  facet normal 0.0 0.0 1.0
    outer loop
      vertex 11.0 10.0 14.916943550109863
      vertex 10.0 10.0 14.916943550109863
      vertex 11.0 9.0 14.916943550109863
    endloop
  endfacet
  facet normal 0.0 0.0 -1.0
    outer loop
      vertex 10.0 11.0 8.083056449890137
      vertex 11.0 10.0 8.083056449890137
      vertex 10.0 10.0 8.083056449890137
    endloop
  endfacet
  facet normal 0.0 0.0 -1.0
    outer loop
      vertex 10.0 11.0 8.083056449890137
      vertex 11.0 11.0 8.083056449890137
      vertex 11.0 10.0 8.083056449890137
    endloop
  endfacet
  facet normal 0.0 0.0 1.0
    outer loop
      vertex 11.0 10.0 14.916943550109863
      vertex 10.0 11.0 14.916943550109863
      vertex 10.0 10.0 14.916943550109863
    endloop
  endfacet
  facet normal 0.0 0.0 1.0
    outer loop
      vertex 11.0 11.0 14.916943550109863
      vertex 10.0 11.0 14.916943550109863
      vertex 11.0 10.0 14.916943550109863
    endloop
  endfacet
  facet normal 0.0 0.0 -1.0
    outer loop
      vertex 10.0 12.0 8.083056449890137
      vertex 11.0 11.0 8.083056449890137
      vertex 10.0 11.0 8.083056449890137
    endloop
  endfacet
  facet normal 0.0 0.0 -1.0
    outer loop
      vertex 10.0 12.0 8.083056449890137
      vertex 11.0 12.0 8.083056449890137
      vertex 11.0 11.0 8.083056449890137
    endloop
  endfacet
  facet normal 0.0 0.0 1.0
    outer loop
      vertex 11.0 11.0 14.916943550109863
      vertex 10.0 12.0 14.916943550109863
      vertex 10.0 11.0 14.916943550109863
    endloop
  endfacet
  facet normal 0.0 0.0 1.0
    outer loop
      vertex 11.0 12.0 14.916943550109863
      vertex 10.0 12.0 14.916943550109863
      vertex 11.0 11.0 14.916943550109863
    endloop
  endfacet
  facet normal 0.0 0.0 -1.0
    outer loop
      vertex 10.0 13.0 8.083056449890137
      vertex 11.0 12.0 8.083056449890137
      vertex 10.0 12.0 8.083056449890137
    endloop
  endfacet
  facet normal 0.0 0.0 -1.0
    outer loop
      vertex 10.0 13.0 8.083056449890137
      vertex 11.0 13.0 8.083056449890137
      vertex 11.0 12.0 8.083056449890137
    endloop
  endfacet
  facet normal 0.0 0.0 1.0
    outer loop
      vertex 11.0 12.0 14.916943550109863
      vertex 10.0 13.0 14.916943550109863
      vertex 10.0 12.0 14.916943550109863
    endloop
  endfacet
  facet normal 0.0 0.0 1.0
    outer loop
      vertex 11.0 13.0 14.916943550109863
      vertex 10.0 13.0 14.916943550109863
      vertex 11.0 12.0 14.916943550109863
    endloop
  endfacet
  facet normal -0.431188702583313 0.6262564063072205 -0.6495223641395569
    outer loop
      vertex 10.0 13.0 8.083056449890137
      vertex 10.0 13.951008796691895 9.0
      vertex 10.071154594421387 14.0 9.0
    endloop
  endfacet
  facet normal -0.5601213574409485 0.5811684131622314 -0.5903452038764954
    outer loop
      vertex 11.0 14.0 8.118708610534668
      vertex 10.0 13.0 8.083056449890137
      vertex 10.071154594421387 14.0 9.0
    endloop
  endfacet
  facet normal 0.0 0.0356295220553875 -0.9993650317192078
    outer loop
      vertex 11.0 13.0 8.083056449890137
      vertex 10.0 13.0 8.083056449890137
      vertex 11.0 14.0 8.118708610534668
    endloop
  endfacet
  facet normal -0.43773403763771057 0.6357628703117371 -0.6357628703117371
    outer loop
      vertex 10.0 14.0 9.048991203308105
      vertex 10.071154594421387 14.0 9.0
      vertex 10.0 13.951008796691895 9.0
    endloop
  endfacet
  facet normal 0.0 0.0 1.0
    outer loop
      vertex 11.0 13.0 14.916943550109863
      vertex 10.0 14.0 14.916943550109863
      vertex 10.0 13.0 14.916943550109863
    endloop
  endfacet
  facet normal 0.0 0.0 1.0
    outer loop
      vertex 11.0 14.0 14.916943550109863
      vertex 10.0 14.0 14.916943550109863
      vertex 11.0 13.0 14.916943550109863
    endloop
  endfacet
  facet normal -0.3266837000846863 0.8801860809326172 -0.34431135654449463
    outer loop
      vertex 11.0 14.344743728637695 9.0
      vertex 11.0 14.0 8.118708610534668
      vertex 10.071154594421387 14.0 9.0
    endloop
  endfacet
  facet normal -0.22484317421913147 0.814060628414154 -0.5354912281036377
    outer loop
      vertex 11.0 15.0 9.996129035949707
      vertex 11.0 14.344743728637695 9.0
      vertex 10.9907808303833 15.0 10.0
    endloop
  endfacet
  facet normal -0.28151166439056396 0.8014101386070251 -0.5277243256568909
    outer loop
      vertex 10.9907808303833 15.0 10.0
      vertex 11.0 14.344743728637695 9.0
      vertex 10.0 14.651968002319336 10.0
    endloop
  endfacet
  facet normal -0.2936103045940399 0.7910763025283813 -0.536648154258728
    outer loop
      vertex 11.0 14.344743728637695 9.0
      vertex 10.071154594421387 14.0 9.0
      vertex 10.0 14.651968002319336 10.0
    endloop
  endfacet
  facet normal -0.3627907335758209 0.7685980200767517 -0.5269154906272888
    outer loop
      vertex 10.071154594421387 14.0 9.0
      vertex 10.0 14.0 9.048991203308105
      vertex 10.0 14.651968002319336 10.0
    endloop
  endfacet
  facet normal -0.24106083810329437 0.6862542629241943 -0.6862542629241943
    outer loop
      vertex 10.0 15.0 10.348031997680664
      vertex 10.9907808303833 15.0 10.0
      vertex 10.0 14.651968002319336 10.0
    endloop
  endfacet
  facet normal 0.0 0.0 1.0
    outer loop
      vertex 11.0 14.0 14.916943550109863
      vertex 10.0 15.0 14.916943550109863
      vertex 10.0 14.0 14.916943550109863
    endloop
  endfacet
  facet normal 0.0 0.0 1.0
    outer loop
      vertex 11.0 15.0 14.916943550109863
      vertex 10.0 15.0 14.916943550109863
      vertex 11.0 14.0 14.916943550109863
    endloop
  endfacet
  facet normal -0.22394640743732452 0.8157082796096802 -0.5333554744720459
    outer loop
      vertex 11.0 15.002531051635742 10.0
      vertex 11.0 15.0 9.996129035949707
      vertex 10.9907808303833 15.0 10.0
    endloop
  endfacet
  facet normal -0.21142266690731049 0.7700915336608887 -0.6018800735473633
    outer loop
      vertex 11.0 15.002531051635742 10.0
      vertex 10.9907808303833 15.0 10.0
      vertex 10.0 15.0 10.348031997680664
    endloop
  endfacet
  facet normal -0.22519385814666748 0.7331345081329346 -0.6417176723480225
    outer loop
      vertex 10.0 15.570672035217285 11.0
      vertex 11.0 15.002531051635742 10.0
      vertex 10.0 15.0 10.348031997680664
    endloop
  endfacet
  facet normal -0.14529109001159668 0.7908018231391907 -0.5945780277252197
    outer loop
      vertex 11.0 15.754398345947266 11.0
      vertex 11.0 15.002531051635742 10.0
      vertex 10.0 15.570672035217285 11.0
    endloop
  endfacet
  facet normal -0.12883147597312927 0.701214075088501 -0.701214075088501
    outer loop
      vertex 10.0 15.570672035217285 11.0
      vertex 10.0 16.0 11.429327964782715
      vertex 11.0 15.754398345947266 11.0
    endloop
  endfacet
  facet normal -0.12883147597312927 0.701214075088501 -0.701214075088501
    outer loop
      vertex 11.0 15.754398345947266 11.0
      vertex 10.0 16.0 11.429327964782715
      vertex 11.0 16.0 11.245601654052734
    endloop
  endfacet
  facet normal 0.0 0.0 1.0
    outer loop
      vertex 11.0 15.0 14.916943550109863
      vertex 10.0 16.0 14.916943550109863
      vertex 10.0 15.0 14.916943550109863
    endloop
  endfacet
  facet normal 0.0 0.0 1.0
    outer loop
      vertex 11.0 16.0 14.916943550109863
      vertex 10.0 16.0 14.916943550109863
      vertex 11.0 15.0 14.916943550109863
    endloop
  endfacet
  facet normal -0.1340855062007904 0.6703708171844482 -0.7298110127449036
    outer loop
      vertex 11.0 16.8212890625 12.0
      vertex 11.0 16.0 11.245601654052734
      vertex 10.0 16.0 11.429327964782715
    endloop
  endfacet
  facet normal -0.12213045358657837 0.662331223487854 -0.7391898036003113
    outer loop
      vertex 11.0 16.8212890625 12.0
      vertex 10.0 16.0 11.429327964782715
      vertex 10.0 16.63689422607422 12.0
    endloop
  endfacet
  facet normal -0.12929244339466095 0.7011716961860657 -0.7011716961860657
    outer loop
      vertex 10.0 16.63689422607422 12.0
      vertex 10.0 17.0 12.363105773925781
      vertex 11.0 16.8212890625 12.0
    endloop
  endfacet
  facet normal -0.12929144501686096 0.7011736631393433 -0.7011699080467224
    outer loop
      vertex 11.0 16.8212890625 12.0
      vertex 10.0 17.0 12.363105773925781
      vertex 11.0 17.0 12.178711891174316
    endloop
  endfacet
  facet normal 0.0 0.0 1.0
    outer loop
      vertex 11.0 16.0 14.916943550109863
      vertex 10.0 17.0 14.916943550109863
      vertex 10.0 16.0 14.916943550109863
    endloop
  endfacet
  facet normal 0.0 0.0 1.0
    outer loop
      vertex 11.0 17.0 14.916943550109863
      vertex 10.0 17.0 14.916943550109863
      vertex 11.0 16.0 14.916943550109863
    endloop
  endfacet
  facet normal -0.15756581723690033 0.49496597051620483 -0.8545067310333252
    outer loop
      vertex 10.0 18.0 12.942347526550293
      vertex 11.0 17.0 12.178711891174316
      vertex 10.0 17.0 12.363105773925781
    endloop
  endfacet
  facet normal -0.09479062259197235 0.5425727963447571 -0.8346433639526367
    outer loop
      vertex 10.0 18.0 12.942347526550293
      vertex 11.0 18.0 12.828777313232422
      vertex 11.0 17.0 12.178711891174316
    endloop
  endfacet
  facet normal 0.0 0.0 1.0
    outer loop
      vertex 11.0 17.0 14.916943550109863
      vertex 10.0 18.0 14.916943550109863
      vertex 10.0 17.0 14.916943550109863
    endloop
  endfacet
  facet normal 0.0 0.0 1.0
    outer loop
      vertex 11.0 18.0 14.916943550109863
      vertex 10.0 18.0 14.916943550109863
      vertex 11.0 17.0 14.916943550109863
    endloop
  endfacet
  facet normal -0.09060923010110855 0.5960404276847839 -0.7978256940841675
    outer loop
      vertex 11.0 18.229188919067383 13.0
      vertex 11.0 18.0 12.828777313232422
      vertex 10.0 18.0 12.942347526550293
    endloop
  endfacet
  facet normal -0.08854417502880096 0.5884925723075867 -0.8036394715309143
    outer loop
      vertex 11.0 18.229188919067383 13.0
      vertex 10.0 18.0 12.942347526550293
      vertex 10.0 18.0787296295166 13.0
    endloop
  endfacet
  facet normal -0.08557481318712234 0.5687572360038757 -0.8180417418479919
    outer loop
      vertex 10.0 18.0787296295166 13.0
      vertex 10.0 19.0 13.640528678894043
      vertex 11.0 18.229188919067383 13.0
    endloop
  endfacet
  facet normal -0.02928181365132332 0.6160973906517029 -0.7871255278587341
    outer loop
      vertex 11.0 18.229188919067383 13.0
      vertex 10.0 19.0 13.640528678894043
      vertex 11.0 19.0 13.603327751159668
    endloop
  endfacet
  facet normal 0.0 0.0 1.0
    outer loop
      vertex 11.0 18.0 14.916943550109863
      vertex 10.0 19.0 14.916943550109863
      vertex 10.0 18.0 14.916943550109863
    endloop
  endfacet
  facet normal 0.0 0.0 1.0
    outer loop
      vertex 11.0 19.0 14.916943550109863
      vertex 10.0 19.0 14.916943550109863
      vertex 11.0 18.0 14.916943550109863
    endloop
  endfacet
  facet normal -0.03389928489923477 0.4104609191417694 -0.9112478494644165
    outer loop
      vertex 11.0 19.88063621520996 14.0
      vertex 11.0 19.0 13.603327751159668
      vertex 10.0 19.0 13.640528678894043
    endloop
  endfacet
  facet normal -0.06542673707008362 0.43989911675453186 -0.8956607580184937
    outer loop
      vertex 11.0 19.88063621520996 14.0
      vertex 10.0 19.0 13.640528678894043
      vertex 10.0 19.731904983520508 14.0
    endloop
  endfacet
  facet normal 0.0 0.7815542817115784 0.6238371729850769
    outer loop
      vertex 10.0 19.731904983520508 14.0
      vertex 10.0 19.0 14.916943550109863
      vertex 11.0 19.0 14.916943550109863
    endloop
  endfacet
  facet normal -0.10665926337242126 0.7171275615692139 0.6887321472167969
    outer loop
      vertex 10.0 19.731904983520508 14.0
      vertex 11.0 19.0 14.916943550109863
      vertex 11.0 19.88063621520996 14.0
    endloop
  endfacet
  facet normal 0.0 -0.4106965959072113 -0.9117720723152161
    outer loop
      vertex 12.0 4.0 13.603327751159668
      vertex 12.0 3.1193628311157227 14.0
      vertex 11.0 3.1193628311157227 14.0
    endloop
  endfacet
  facet normal -0.0 -0.4106965959072113 -0.9117720723152161
    outer loop
      vertex 12.0 4.0 13.603327751159668
      vertex 11.0 3.1193628311157227 14.0
      vertex 11.0 4.0 13.603327751159668
    endloop
  endfacet
  facet normal 0.0 -0.7212414145469666 0.6926838159561157
    outer loop
      vertex 11.0 4.0 14.916943550109863
      vertex 11.0 3.1193628311157227 14.0
      vertex 12.0 3.1193628311157227 14.0
    endloop
  endfacet
  facet normal 0.0 -0.7212414145469666 0.6926838159561157
    outer loop
      vertex 11.0 4.0 14.916943550109863
      vertex 12.0 3.1193628311157227 14.0
      vertex 12.0 4.0 14.916943550109863
    endloop
  endfacet
  facet normal 0.0 -0.5985031127929688 -0.8011204600334167
    outer loop
      vertex 12.0 5.0 12.828777313232422
      vertex 12.0 4.770811557769775 13.0
      vertex 11.0 4.770811557769775 13.0
    endloop
  endfacet
  facet normal -0.0 -0.5985031127929688 -0.8011204600334167
    outer loop
      vertex 12.0 5.0 12.828777313232422
      vertex 11.0 4.770811557769775 13.0
      vertex 11.0 5.0 12.828777313232422
    endloop
  endfacet
  facet normal 0.0 -0.6163614392280579 -0.7874634265899658
    outer loop
      vertex 11.0 4.0 13.603327751159668
      vertex 11.0 4.770811557769775 13.0
      vertex 12.0 4.0 13.603327751159668
    endloop
  endfacet
  facet normal 0.0 -0.6163614392280579 -0.7874634265899658
    outer loop
      vertex 12.0 4.0 13.603327751159668
      vertex 11.0 4.770811557769775 13.0
      vertex 12.0 4.770811557769775 13.0
    endloop
  endfacet
  facet normal 0.0 0.0 1.0
    outer loop
      vertex 12.0 4.0 14.916943550109863
      vertex 11.0 5.0 14.916943550109863
      vertex 11.0 4.0 14.916943550109863
    endloop
  endfacet
  facet normal 0.0 0.0 1.0
    outer loop
      vertex 12.0 5.0 14.916943550109863
      vertex 11.0 5.0 14.916943550109863
      vertex 12.0 4.0 14.916943550109863
    endloop
  endfacet
  facet normal 0.0 -0.5450268983840942 -0.8384185433387756
    outer loop
      vertex 11.0 6.0 12.178711891174316
      vertex 12.0 5.0 12.828777313232422
      vertex 11.0 5.0 12.828777313232422
    endloop
  endfacet
  facet normal 0.0 -0.5450268983840942 -0.8384185433387756
    outer loop
      vertex 11.0 6.0 12.178711891174316
      vertex 12.0 6.0 12.178711891174316
      vertex 12.0 5.0 12.828777313232422
    endloop
  endfacet
  facet normal 0.0 0.0 1.0
    outer loop
      vertex 12.0 5.0 14.916943550109863
      vertex 11.0 6.0 14.916943550109863
      vertex 11.0 5.0 14.916943550109863
    endloop
  endfacet
  facet normal 0.0 0.0 1.0
    outer loop
      vertex 12.0 6.0 14.916943550109863
      vertex 11.0 6.0 14.916943550109863
      vertex 12.0 5.0 14.916943550109863
    endloop
  endfacet
  facet normal 0.0 -0.6764799356460571 -0.7364609241485596
    outer loop
      vertex 12.0 7.0 11.245601654052734
      vertex 12.0 6.178711891174316 12.0
      vertex 11.0 6.178711891174316 12.0
    endloop
  endfacet
  facet normal -0.0 -0.6764799356460571 -0.7364609241485596
    outer loop
      vertex 12.0 7.0 11.245601654052734
      vertex 11.0 6.178711891174316 12.0
      vertex 11.0 7.0 11.245601654052734
    endloop
  endfacet
  facet normal 0.0 -0.7071067690849304 -0.7071067690849304
    outer loop
      vertex 11.0 6.0 12.178711891174316
      vertex 11.0 6.178711891174316 12.0
      vertex 12.0 6.0 12.178711891174316
    endloop
  endfacet
  facet normal 0.0 -0.7071067690849304 -0.7071067690849304
    outer loop
      vertex 12.0 6.0 12.178711891174316
      vertex 11.0 6.178711891174316 12.0
      vertex 12.0 6.178711891174316 12.0
    endloop
  endfacet
  facet normal 0.0 0.0 1.0
    outer loop
      vertex 12.0 6.0 14.916943550109863
      vertex 11.0 7.0 14.916943550109863
      vertex 11.0 6.0 14.916943550109863
    endloop
  endfacet
  facet normal 0.0 0.0 1.0
    outer loop
      vertex 12.0 7.0 14.916943550109863
      vertex 11.0 7.0 14.916943550109863
      vertex 12.0 6.0 14.916943550109863
    endloop
  endfacet
  facet normal 0.0 -0.8370132446289062 -0.5471826791763306
    outer loop
      vertex 12.0 8.0 9.996129035949707
      vertex 12.0 7.997469425201416 10.0
      vertex 11.0 7.997469425201416 10.0
    endloop
  endfacet
  facet normal -0.0 -0.8370132446289062 -0.5471826791763306
    outer loop
      vertex 12.0 8.0 9.996129035949707
      vertex 11.0 7.997469425201416 10.0
      vertex 11.0 8.0 9.996129035949707
    endloop
  endfacet
  facet normal 0.0 -0.7992830276489258 -0.6009547710418701
    outer loop
      vertex 11.0 7.997469425201416 10.0
      vertex 12.0 7.245602130889893 11.0
      vertex 11.0 7.245602130889893 11.0
    endloop
  endfacet
  facet normal -0.0 -0.7992830276489258 -0.6009547710418701
    outer loop
      vertex 12.0 7.997469425201416 10.0
      vertex 12.0 7.245602130889893 11.0
      vertex 11.0 7.997469425201416 10.0
    endloop
  endfacet
  facet normal 0.0 -0.7071061134338379 -0.7071074843406677
    outer loop
      vertex 11.0 7.0 11.245601654052734
      vertex 11.0 7.245602130889893 11.0
      vertex 12.0 7.0 11.245601654052734
    endloop
  endfacet
  facet normal 0.0 -0.7071061134338379 -0.7071074843406677
    outer loop
      vertex 12.0 7.0 11.245601654052734
      vertex 11.0 7.245602130889893 11.0
      vertex 12.0 7.245602130889893 11.0
    endloop
  endfacet
  facet normal 0.0 0.0 1.0
    outer loop
      vertex 12.0 7.0 14.916943550109863
      vertex 11.0 8.0 14.916943550109863
      vertex 11.0 7.0 14.916943550109863
    endloop
  endfacet
  facet normal 0.0 0.0 1.0
    outer loop
      vertex 12.0 8.0 14.916943550109863
      vertex 11.0 8.0 14.916943550109863
      vertex 12.0 7.0 14.916943550109863
    endloop
  endfacet
  facet normal 0.0 -0.9312819838523865 -0.36429905891418457
    outer loop
      vertex 12.0 9.0 8.118708610534668
      vertex 12.0 8.655256271362305 9.0
      vertex 11.0 8.655256271362305 9.0
    endloop
  endfacet
  facet normal -0.0 -0.9312819838523865 -0.36429905891418457
    outer loop
      vertex 12.0 9.0 8.118708610534668
      vertex 11.0 8.655256271362305 9.0
      vertex 11.0 9.0 8.118708610534668
    endloop
  endfacet
  facet normal 0.0 -0.8354524374008179 -0.5495628118515015
    outer loop
      vertex 11.0 8.0 9.996129035949707
      vertex 11.0 8.655256271362305 9.0
      vertex 12.0 8.0 9.996129035949707
    endloop
  endfacet
  facet normal 0.0 -0.8354524374008179 -0.5495628118515015
    outer loop
      vertex 12.0 8.0 9.996129035949707
      vertex 11.0 8.655256271362305 9.0
      vertex 12.0 8.655256271362305 9.0
    endloop
  endfacet
  facet normal 0.0 0.0 1.0
    outer loop
      vertex 12.0 8.0 14.916943550109863
      vertex 11.0 9.0 14.916943550109863
      vertex 11.0 8.0 14.916943550109863
    endloop
  endfacet
  facet normal 0.0 0.0 1.0
    outer loop
      vertex 12.0 9.0 14.916943550109863
      vertex 11.0 9.0 14.916943550109863
      vertex 12.0 8.0 14.916943550109863
    endloop
  endfacet
  facet normal 0.0 -0.0356295220553875 -0.9993650317192078
    outer loop
      vertex 11.0 10.0 8.083056449890137
      vertex 12.0 9.0 8.118708610534668
      vertex 11.0 9.0 8.118708610534668
    endloop
  endfacet
  facet normal 0.0 -0.0356295220553875 -0.9993650317192078
    outer loop
      vertex 11.0 10.0 8.083056449890137
      vertex 12.0 10.0 8.083056449890137
      vertex 12.0 9.0 8.118708610534668
    endloop
  endfacet
  facet normal 0.0 0.0 1.0
    outer loop
      vertex 12.0 9.0 14.916943550109863
      vertex 11.0 10.0 14.916943550109863
      vertex 11.0 9.0 14.916943550109863
    endloop
  endfacet
  facet normal 0.0 0.0 1.0
    outer loop
      vertex 12.0 10.0 14.916943550109863
      vertex 11.0 10.0 14.916943550109863
      vertex 12.0 9.0 14.916943550109863
    endloop
  endfacet
  facet normal 0.0 0.0 -1.0
    outer loop
      vertex 11.0 11.0 8.083056449890137
      vertex 12.0 10.0 8.083056449890137
      vertex 11.0 10.0 8.083056449890137
    endloop
  endfacet
  facet normal 0.0 0.0 -1.0
    outer loop
      vertex 11.0 11.0 8.083056449890137
      vertex 12.0 11.0 8.083056449890137
      vertex 12.0 10.0 8.083056449890137
    endloop
  endfacet
  facet normal 0.0 0.0 1.0
    outer loop
      vertex 12.0 10.0 14.916943550109863
      vertex 11.0 11.0 14.916943550109863
      vertex 11.0 10.0 14.916943550109863
    endloop
  endfacet
  facet normal 0.0 0.0 1.0
    outer loop
      vertex 12.0 11.0 14.916943550109863
      vertex 11.0 11.0 14.916943550109863
      vertex 12.0 10.0 14.916943550109863
    endloop
  endfacet
  facet normal 0.0 0.0 -1.0
    outer loop
      vertex 11.0 12.0 8.083056449890137
      vertex 12.0 11.0 8.083056449890137
      vertex 11.0 11.0 8.083056449890137
    endloop
  endfacet
  facet normal 0.0 0.0 -1.0
    outer loop
      vertex 11.0 12.0 8.083056449890137
      vertex 12.0 12.0 8.083056449890137
      vertex 12.0 11.0 8.083056449890137
    endloop
  endfacet
  facet normal 0.0 0.0 1.0
    outer loop
      vertex 12.0 11.0 14.916943550109863
      vertex 11.0 12.0 14.916943550109863
      vertex 11.0 11.0 14.916943550109863
    endloop
  endfacet
  facet normal 0.0 0.0 1.0
    outer loop
      vertex 12.0 12.0 14.916943550109863
      vertex 11.0 12.0 14.916943550109863
      vertex 12.0 11.0 14.916943550109863
    endloop
  endfacet
  facet normal 0.0 0.0 -1.0
    outer loop
      vertex 11.0 13.0 8.083056449890137
      vertex 12.0 12.0 8.083056449890137
      vertex 11.0 12.0 8.083056449890137
    endloop
  endfacet
  facet normal 0.0 0.0 -1.0
    outer loop
      vertex 11.0 13.0 8.083056449890137
      vertex 12.0 13.0 8.083056449890137
      vertex 12.0 12.0 8.083056449890137
    endloop
  endfacet
  facet normal 0.0 0.0 1.0
    outer loop
      vertex 12.0 12.0 14.916943550109863
      vertex 11.0 13.0 14.916943550109863
      vertex 11.0 12.0 14.916943550109863
    endloop
  endfacet
  facet normal 0.0 0.0 1.0
    outer loop
      vertex 12.0 13.0 14.916943550109863
      vertex 11.0 13.0 14.916943550109863
      vertex 12.0 12.0 14.916943550109863
    endloop
  endfacet
  facet normal 0.0 0.0356295220553875 -0.9993650317192078
    outer loop
      vertex 11.0 14.0 8.118708610534668
      vertex 12.0 13.0 8.083056449890137
      vertex 11.0 13.0 8.083056449890137
    endloop
  endfacet
  facet normal 0.0 0.0356295220553875 -0.9993650317192078
    outer loop
      vertex 11.0 14.0 8.118708610534668
      vertex 12.0 14.0 8.118708610534668
      vertex 12.0 13.0 8.083056449890137
    endloop
  endfacet
  facet normal 0.0 0.0 1.0
    outer loop
      vertex 12.0 13.0 14.916943550109863
      vertex 11.0 14.0 14.916943550109863
      vertex 11.0 13.0 14.916943550109863
    endloop
  endfacet
  facet normal 0.0 0.0 1.0
    outer loop
      vertex 12.0 14.0 14.916943550109863
      vertex 11.0 14.0 14.916943550109863
      vertex 12.0 13.0 14.916943550109863
    endloop
  endfacet
  facet normal 0.0 0.9312819838523865 -0.36429905891418457
    outer loop
      vertex 12.0 14.344743728637695 9.0
      vertex 12.0 14.0 8.118708610534668
      vertex 11.0 14.0 8.118708610534668
    endloop
  endfacet
  facet normal 0.0 0.9312819838523865 -0.36429905891418457
    outer loop
      vertex 12.0 14.344743728637695 9.0
      vertex 11.0 14.0 8.118708610534668
      vertex 11.0 14.344743728637695 9.0
    endloop
  endfacet
  facet normal 0.0 0.8354524374008179 -0.5495628118515015
    outer loop
      vertex 11.0 14.344743728637695 9.0
      vertex 11.0 15.0 9.996129035949707
      vertex 12.0 14.344743728637695 9.0
    endloop
  endfacet
  facet normal 0.0 0.8354524374008179 -0.5495628118515015
    outer loop
      vertex 12.0 14.344743728637695 9.0
      vertex 11.0 15.0 9.996129035949707
      vertex 12.0 15.0 9.996129035949707
    endloop
  endfacet
  facet normal 0.0 0.0 1.0
    outer loop
      vertex 12.0 14.0 14.916943550109863
      vertex 11.0 15.0 14.916943550109863
      vertex 11.0 14.0 14.916943550109863
    endloop
  endfacet
  facet normal 0.0 0.0 1.0
    outer loop
      vertex 12.0 15.0 14.916943550109863
      vertex 11.0 15.0 14.916943550109863
      vertex 12.0 14.0 14.916943550109863
    endloop
  endfacet
  facet normal 0.0 0.8369660377502441 -0.5472549796104431
    outer loop
      vertex 12.0 15.002531051635742 10.0
      vertex 12.0 15.0 9.996129035949707
      vertex 11.0 15.0 9.996129035949707
    endloop
  endfacet
  facet normal 0.0 0.8369660377502441 -0.5472549796104431
    outer loop
      vertex 12.0 15.002531051635742 10.0
      vertex 11.0 15.0 9.996129035949707
      vertex 11.0 15.002531051635742 10.0
    endloop
  endfacet
  facet normal 0.0 0.7992830276489258 -0.6009547710418701
    outer loop
      vertex 12.0 15.754398345947266 11.0
      vertex 11.0 15.002531051635742 10.0
      vertex 11.0 15.754398345947266 11.0
    endloop
  endfacet
  facet normal 0.0 0.7992830276489258 -0.6009547710418701
    outer loop
      vertex 12.0 15.754398345947266 11.0
      vertex 12.0 15.002531051635742 10.0
      vertex 11.0 15.002531051635742 10.0
    endloop
  endfacet
  facet normal 0.0 0.7071067690849304 -0.7071067690849304
    outer loop
      vertex 11.0 15.754398345947266 11.0
      vertex 11.0 16.0 11.245601654052734
      vertex 12.0 15.754398345947266 11.0
    endloop
  endfacet
  facet normal 0.0 0.7071067690849304 -0.7071067690849304
    outer loop
      vertex 12.0 15.754398345947266 11.0
      vertex 11.0 16.0 11.245601654052734
      vertex 12.0 16.0 11.245601654052734
    endloop
  endfacet
  facet normal 0.0 0.0 1.0
    outer loop
      vertex 12.0 15.0 14.916943550109863
      vertex 11.0 16.0 14.916943550109863
      vertex 11.0 15.0 14.916943550109863
    endloop
  endfacet
  facet normal 0.0 0.0 1.0
    outer loop
      vertex 12.0 16.0 14.916943550109863
      vertex 11.0 16.0 14.916943550109863
      vertex 12.0 15.0 14.916943550109863
    endloop
  endfacet
  facet normal 0.0 0.6764795780181885 -0.7364614009857178
    outer loop
      vertex 12.0 16.8212890625 12.0
      vertex 12.0 16.0 11.245601654052734
      vertex 11.0 16.0 11.245601654052734
    endloop
  endfacet
  facet normal 0.0 0.6764795780181885 -0.7364614009857178
    outer loop
      vertex 12.0 16.8212890625 12.0
      vertex 11.0 16.0 11.245601654052734
      vertex 11.0 16.8212890625 12.0
    endloop
  endfacet
  facet normal 0.0 0.7071086168289185 -0.7071048617362976
    outer loop
      vertex 11.0 16.8212890625 12.0
      vertex 11.0 17.0 12.178711891174316
      vertex 12.0 16.8212890625 12.0
    endloop
  endfacet
  facet normal 0.0 0.7071086168289185 -0.7071048617362976
    outer loop
      vertex 12.0 16.8212890625 12.0
      vertex 11.0 17.0 12.178711891174316
      vertex 12.0 17.0 12.178711891174316
    endloop
  endfacet
  facet normal 0.0 0.0 1.0
    outer loop
      vertex 12.0 16.0 14.916943550109863
      vertex 11.0 17.0 14.916943550109863
      vertex 11.0 16.0 14.916943550109863
    endloop
  endfacet
  facet normal 0.0 0.0 1.0
    outer loop
      vertex 12.0 17.0 14.916943550109863
      vertex 11.0 17.0 14.916943550109863
      vertex 12.0 16.0 14.916943550109863
    endloop
  endfacet
  facet normal 0.0 0.5450268983840942 -0.8384185433387756
    outer loop
      vertex 11.0 18.0 12.828777313232422
      vertex 12.0 17.0 12.178711891174316
      vertex 11.0 17.0 12.178711891174316
    endloop
  endfacet
  facet normal 0.0 0.5450268983840942 -0.8384185433387756
    outer loop
      vertex 11.0 18.0 12.828777313232422
      vertex 12.0 18.0 12.828777313232422
      vertex 12.0 17.0 12.178711891174316
    endloop
  endfacet
  facet normal 0.0 0.0 1.0
    outer loop
      vertex 12.0 17.0 14.916943550109863
      vertex 11.0 18.0 14.916943550109863
      vertex 11.0 17.0 14.916943550109863
    endloop
  endfacet
  facet normal 0.0 0.0 1.0
    outer loop
      vertex 12.0 18.0 14.916943550109863
      vertex 11.0 18.0 14.916943550109863
      vertex 12.0 17.0 14.916943550109863
    endloop
  endfacet
  facet normal 0.0 0.5985023379325867 -0.8011210560798645
    outer loop
      vertex 12.0 18.229188919067383 13.0
      vertex 12.0 18.0 12.828777313232422
      vertex 11.0 18.0 12.828777313232422
    endloop
  endfacet
  facet normal 0.0 0.5985023379325867 -0.8011210560798645
    outer loop
      vertex 12.0 18.229188919067383 13.0
      vertex 11.0 18.0 12.828777313232422
      vertex 11.0 18.229188919067383 13.0
    endloop
  endfacet
  facet normal 0.0 0.616361677646637 -0.7874631881713867
    outer loop
      vertex 11.0 18.229188919067383 13.0
      vertex 11.0 19.0 13.603327751159668
      vertex 12.0 18.229188919067383 13.0
    endloop
  endfacet
  facet normal 0.0 0.616361677646637 -0.7874631881713867
    outer loop
      vertex 12.0 18.229188919067383 13.0
      vertex 11.0 19.0 13.603327751159668
      vertex 12.0 19.0 13.603327751159668
    endloop
  endfacet
  facet normal 0.0 0.0 1.0
    outer loop
      vertex 12.0 18.0 14.916943550109863
      vertex 11.0 19.0 14.916943550109863
      vertex 11.0 18.0 14.916943550109863
    endloop
  endfacet
  facet normal 0.0 0.0 1.0
    outer loop
      vertex 12.0 19.0 14.916943550109863
      vertex 11.0 19.0 14.916943550109863
      vertex 12.0 18.0 14.916943550109863
    endloop
  endfacet
  facet normal 0.0 0.41069695353507996 -0.9117719531059265
    outer loop
      vertex 12.0 19.88063621520996 14.0
      vertex 12.0 19.0 13.603327751159668
      vertex 11.0 19.0 13.603327751159668
    endloop
  endfacet
  facet normal 0.0 0.41069695353507996 -0.9117719531059265
    outer loop
      vertex 12.0 19.88063621520996 14.0
      vertex 11.0 19.0 13.603327751159668
      vertex 11.0 19.88063621520996 14.0
    endloop
  endfacet
  facet normal 0.0 0.7212417125701904 0.6926833987236023
    outer loop
      vertex 11.0 19.88063621520996 14.0
      vertex 11.0 19.0 14.916943550109863
      vertex 12.0 19.0 14.916943550109863
    endloop
  endfacet
  facet normal -0.0 0.7212417125701904 0.6926833987236023
    outer loop
      vertex 11.0 19.88063621520996 14.0
      vertex 12.0 19.0 14.916943550109863
      vertex 12.0 19.88063621520996 14.0
    endloop
  endfacet
  facet normal 0.06542667746543884 -0.43989863991737366 -0.895660936832428
    outer loop
      vertex 13.0 4.0 13.640528678894043
      vertex 13.0 3.268094062805176 14.0
      vertex 12.0 3.1193628311157227 14.0
    endloop
  endfacet
  facet normal 0.033899273723363876 -0.41046056151390076 -0.9112480878829956
    outer loop
      vertex 13.0 4.0 13.640528678894043
      vertex 12.0 3.1193628311157227 14.0
      vertex 12.0 4.0 13.603327751159668
    endloop
  endfacet
  facet normal 0.10665922611951828 -0.7171271443367004 0.6887325048446655
    outer loop
      vertex 12.0 4.0 14.916943550109863
      vertex 12.0 3.1193628311157227 14.0
      vertex 13.0 3.268094062805176 14.0
    endloop
  endfacet
  facet normal 0.0 -0.7815539240837097 0.6238377094268799
    outer loop
      vertex 12.0 4.0 14.916943550109863
      vertex 13.0 3.268094062805176 14.0
      vertex 13.0 4.0 14.916943550109863
    endloop
  endfacet
  facet normal 0.08854451775550842 -0.5884948968887329 -0.8036377429962158
    outer loop
      vertex 13.0 5.0 12.942347526550293
      vertex 13.0 4.921270847320557 13.0
      vertex 12.0 4.770811557769775 13.0
    endloop
  endfacet
  facet normal 0.09060916304588318 -0.596041202545166 -0.7978250980377197
    outer loop
      vertex 13.0 5.0 12.942347526550293
      vertex 12.0 4.770811557769775 13.0
      vertex 12.0 5.0 12.828777313232422
    endloop
  endfacet
  facet normal 0.02928180620074272 -0.6160971522331238 -0.7871257066726685
    outer loop
      vertex 12.0 4.0 13.603327751159668
      vertex 12.0 4.770811557769775 13.0
      vertex 13.0 4.0 13.640528678894043
    endloop
  endfacet
  facet normal 0.08557478338479996 -0.5687569975852966 -0.8180418014526367
    outer loop
      vertex 13.0 4.0 13.640528678894043
      vertex 12.0 4.770811557769775 13.0
      vertex 13.0 4.921270847320557 13.0
    endloop
  endfacet
  facet normal 0.0 0.0 1.0
    outer loop
      vertex 13.0 4.0 14.916943550109863
      vertex 12.0 5.0 14.916943550109863
      vertex 12.0 4.0 14.916943550109863
    endloop
  endfacet
  facet normal 0.0 0.0 1.0
    outer loop
      vertex 13.0 5.0 14.916943550109863
      vertex 12.0 5.0 14.916943550109863
      vertex 13.0 4.0 14.916943550109863
    endloop
  endfacet
  facet normal 0.09479062259197235 -0.5425727963447571 -0.8346433639526367
    outer loop
      vertex 12.0 6.0 12.178711891174316
      vertex 13.0 5.0 12.942347526550293
      vertex 12.0 5.0 12.828777313232422
    endloop
  endfacet
  facet normal 0.15756581723690033 -0.49496597051620483 -0.8545067310333252
    outer loop
      vertex 12.0 6.0 12.178711891174316
      vertex 13.0 6.0 12.363105773925781
      vertex 13.0 5.0 12.942347526550293
    endloop
  endfacet
  facet normal 0.0 0.0 1.0
    outer loop
      vertex 13.0 5.0 14.916943550109863
      vertex 12.0 6.0 14.916943550109863
      vertex 12.0 5.0 14.916943550109863
    endloop
  endfacet
  facet normal 0.0 0.0 1.0
    outer loop
      vertex 13.0 6.0 14.916943550109863
      vertex 12.0 6.0 14.916943550109863
      vertex 13.0 5.0 14.916943550109863
    endloop
  endfacet
  facet normal 0.12212985754013062 -0.6623312830924988 -0.7391898036003113
    outer loop
      vertex 13.0 7.0 11.429327964782715
      vertex 13.0 6.363105773925781 12.0
      vertex 12.0 6.178711891174316 12.0
    endloop
  endfacet
  facet normal 0.13408540189266205 -0.6703712344169617 -0.7298105955123901
    outer loop
      vertex 13.0 7.0 11.429327964782715
      vertex 12.0 6.178711891174316 12.0
      vertex 12.0 7.0 11.245601654052734
    endloop
  endfacet
  facet normal 0.12929177284240723 -0.7011717557907104 -0.7011717557907104
    outer loop
      vertex 12.0 6.0 12.178711891174316
      vertex 12.0 6.178711891174316 12.0
      vertex 13.0 6.0 12.363105773925781
    endloop
  endfacet
  facet normal 0.12929178774356842 -0.7011716961860657 -0.7011716961860657
    outer loop
      vertex 13.0 6.0 12.363105773925781
      vertex 12.0 6.178711891174316 12.0
      vertex 13.0 6.363105773925781 12.0
    endloop
  endfacet
  facet normal 0.0 0.0 1.0
    outer loop
      vertex 13.0 6.0 14.916943550109863
      vertex 12.0 7.0 14.916943550109863
      vertex 12.0 6.0 14.916943550109863
    endloop
  endfacet
  facet normal 0.0 0.0 1.0
    outer loop
      vertex 13.0 7.0 14.916943550109863
      vertex 12.0 7.0 14.916943550109863
      vertex 13.0 6.0 14.916943550109863
    endloop
  endfacet
  facet normal 0.22391828894615173 -0.8157596588134766 -0.5332885384559631
    outer loop
      vertex 12.0 8.0 9.996129035949707
      vertex 12.0092191696167 8.0 10.0
      vertex 12.0 7.997469425201416 10.0
    endloop
  endfacet
  facet normal 0.21139904856681824 -0.7701505422592163 -0.6018127799034119
    outer loop
      vertex 12.0 7.997469425201416 10.0
      vertex 12.0092191696167 8.0 10.0
      vertex 13.0 8.0 10.348031997680664
    endloop
  endfacet
  facet normal 0.22519364953041077 -0.7331342697143555 -0.6417179703712463
    outer loop
      vertex 13.0 7.429327487945557 11.0
      vertex 12.0 7.997469425201416 10.0
      vertex 13.0 8.0 10.348031997680664
    endloop
  endfacet
  facet normal 0.14529035985469818 -0.7908018827438354 -0.5945780873298645
    outer loop
      vertex 12.0 7.245602130889893 11.0
      vertex 12.0 7.997469425201416 10.0
      vertex 13.0 7.429327487945557 11.0
    endloop
  endfacet
  facet normal 0.12883161008358002 -0.7012134194374084 -0.7012147903442383
    outer loop
      vertex 12.0 7.0 11.245601654052734
      vertex 12.0 7.245602130889893 11.0
      vertex 13.0 7.0 11.429327964782715
    endloop
  endfacet
  facet normal 0.1288308948278427 -0.7012145519256592 -0.7012137770652771
    outer loop
      vertex 13.0 7.0 11.429327964782715
      vertex 12.0 7.245602130889893 11.0
      vertex 13.0 7.429327487945557 11.0
    endloop
  endfacet
  facet normal 0.0 0.0 1.0
    outer loop
      vertex 13.0 7.0 14.916943550109863
      vertex 12.0 8.0 14.916943550109863
      vertex 12.0 7.0 14.916943550109863
    endloop
  endfacet
  facet normal 0.0 0.0 1.0
    outer loop
      vertex 13.0 8.0 14.916943550109863
      vertex 12.0 8.0 14.916943550109863
      vertex 13.0 7.0 14.916943550109863
    endloop
  endfacet
  facet normal 0.3266837000846863 -0.8801860809326172 -0.34431135654449463
    outer loop
      vertex 12.0 9.0 8.118708610534668
      vertex 12.928845405578613 9.0 9.0
      vertex 12.0 8.655256271362305 9.0
    endloop
  endfacet
  facet normal 0.3105538785457611 -0.836727499961853 -0.45104700326919556
    outer loop
      vertex 12.928845405578613 9.0 9.0
      vertex 13.0 9.0 9.048991203308105
      vertex 12.0 8.655256271362305 9.0
    endloop
  endfacet
  facet normal 0.300395131111145 -0.7968668937683105 -0.5241811275482178
    outer loop
      vertex 12.0 8.655256271362305 9.0
      vertex 13.0 9.0 9.048991203308105
      vertex 12.0 8.0 9.996129035949707
    endloop
  endfacet
  facet normal 0.2778529226779938 -0.7923132181167603 -0.543173611164093
    outer loop
      vertex 13.0 9.0 9.048991203308105
      vertex 13.0 8.348031997680664 10.0
      vertex 12.0 8.0 9.996129035949707
    endloop
  endfacet
  facet normal 0.26014435291290283 -0.7405814528465271 -0.6195675134658813
    outer loop
      vertex 13.0 8.348031997680664 10.0
      vertex 12.0092191696167 8.0 10.0
      vertex 12.0 8.0 9.996129035949707
    endloop
  endfacet
  facet normal 0.24106083810329437 -0.6862542629241943 -0.6862542629241943
    outer loop
      vertex 12.0092191696167 8.0 10.0
      vertex 13.0 8.348031997680664 10.0
      vertex 13.0 8.0 10.348031997680664
    endloop
  endfacet
  facet normal 0.0 0.0 1.0
    outer loop
      vertex 13.0 8.0 14.916943550109863
      vertex 12.0 9.0 14.916943550109863
      vertex 12.0 8.0 14.916943550109863
    endloop
  endfacet
  facet normal 0.0 0.0 1.0
    outer loop
      vertex 13.0 9.0 14.916943550109863
      vertex 12.0 9.0 14.916943550109863
      vertex 13.0 8.0 14.916943550109863
    endloop
  endfacet
  facet normal 0.431188702583313 -0.6262564063072205 -0.6495223641395569
    outer loop
      vertex 13.0 10.0 8.083056449890137
      vertex 13.0 9.048991203308105 9.0
      vertex 12.928845405578613 9.0 9.0
    endloop
  endfacet
  facet normal 0.5601213574409485 -0.5811684131622314 -0.5903452038764954
    outer loop
      vertex 12.0 9.0 8.118708610534668
      vertex 13.0 10.0 8.083056449890137
      vertex 12.928845405578613 9.0 9.0
    endloop
  endfacet
  facet normal 0.0 -0.0356295220553875 -0.9993650317192078
    outer loop
      vertex 12.0 10.0 8.083056449890137
      vertex 13.0 10.0 8.083056449890137
      vertex 12.0 9.0 8.118708610534668
    endloop
  endfacet
  facet normal 0.43773403763771057 -0.6357628703117371 -0.6357628703117371
    outer loop
      vertex 12.928845405578613 9.0 9.0
      vertex 13.0 9.048991203308105 9.0
      vertex 13.0 9.0 9.048991203308105
    endloop
  endfacet
  facet normal 0.0 0.0 1.0
    outer loop
      vertex 13.0 9.0 14.916943550109863
      vertex 12.0 10.0 14.916943550109863
      vertex 12.0 9.0 14.916943550109863
    endloop
  endfacet
  facet normal 0.0 0.0 1.0
    outer loop
      vertex 13.0 10.0 14.916943550109863
      vertex 12.0 10.0 14.916943550109863
      vertex 13.0 9.0 14.916943550109863
    endloop
  endfacet
  facet normal 0.0 0.0 -1.0
    outer loop
      vertex 12.0 11.0 8.083056449890137
      vertex 13.0 10.0 8.083056449890137
      vertex 12.0 10.0 8.083056449890137
    endloop
  endfacet
  facet normal 0.0 0.0 -1.0
    outer loop
      vertex 12.0 11.0 8.083056449890137
      vertex 13.0 11.0 8.083056449890137
      vertex 13.0 10.0 8.083056449890137
    endloop
  endfacet
  facet normal 0.0 0.0 1.0
    outer loop
      vertex 13.0 10.0 14.916943550109863
      vertex 12.0 11.0 14.916943550109863
      vertex 12.0 10.0 14.916943550109863
    endloop
  endfacet
  facet normal 0.0 0.0 1.0
    outer loop
      vertex 13.0 11.0 14.916943550109863
      vertex 12.0 11.0 14.916943550109863
      vertex 13.0 10.0 14.916943550109863
    endloop
  endfacet
  facet normal 0.0 0.0 -1.0
    outer loop
      vertex 12.0 12.0 8.083056449890137
      vertex 13.0 11.0 8.083056449890137
      vertex 12.0 11.0 8.083056449890137
    endloop
  endfacet
  facet normal 0.0 0.0 -1.0
    outer loop
      vertex 12.0 12.0 8.083056449890137
      vertex 13.0 12.0 8.083056449890137
      vertex 13.0 11.0 8.083056449890137
    endloop
  endfacet
  facet normal 0.0 0.0 1.0
    outer loop
      vertex 13.0 11.0 14.916943550109863
      vertex 12.0 12.0 14.916943550109863
      vertex 12.0 11.0 14.916943550109863
    endloop
  endfacet
  facet normal 0.0 0.0 1.0
    outer loop
      vertex 13.0 12.0 14.916943550109863
      vertex 12.0 12.0 14.916943550109863
      vertex 13.0 11.0 14.916943550109863
    endloop
  endfacet
  facet normal 0.0 0.0 -1.0
    outer loop
      vertex 12.0 13.0 8.083056449890137
      vertex 13.0 12.0 8.083056449890137
      vertex 12.0 12.0 8.083056449890137
    endloop
  endfacet
  facet normal 0.0 0.0 -1.0
    outer loop
      vertex 12.0 13.0 8.083056449890137
      vertex 13.0 13.0 8.083056449890137
      vertex 13.0 12.0 8.083056449890137
    endloop
  endfacet
  facet normal 0.0 0.0 1.0
    outer loop
      vertex 13.0 12.0 14.916943550109863
      vertex 12.0 13.0 14.916943550109863
      vertex 12.0 12.0 14.916943550109863
    endloop
  endfacet
  facet normal 0.0 0.0 1.0
    outer loop
      vertex 13.0 13.0 14.916943550109863
      vertex 12.0 13.0 14.916943550109863
      vertex 13.0 12.0 14.916943550109863
    endloop
  endfacet
  facet normal 0.4867759644985199 0.7069914937019348 -0.513042151927948
    outer loop
      vertex 12.0 14.0 8.118708610534668
      vertex 12.928845405578613 14.0 9.0
      vertex 13.0 13.951008796691895 9.0
    endloop
  endfacet
  facet normal 0.5557150840759277 0.5770525932312012 -0.5984905958175659
    outer loop
      vertex 13.0 13.0 8.083056449890137
      vertex 12.0 14.0 8.118708610534668
      vertex 13.0 13.951008796691895 9.0
    endloop
  endfacet
  facet normal 0.0 0.0356295220553875 -0.9993650317192078
    outer loop
      vertex 12.0 13.0 8.083056449890137
      vertex 12.0 14.0 8.118708610534668
      vertex 13.0 13.0 8.083056449890137
    endloop
  endfacet
  facet normal 0.43773403763771057 0.6357628703117371 -0.6357628703117371
    outer loop
      vertex 12.928845405578613 14.0 9.0
      vertex 13.0 14.0 9.048991203308105
      vertex 13.0 13.951008796691895 9.0
    endloop
  endfacet
  facet normal 0.0 0.0 1.0
    outer loop
      vertex 13.0 13.0 14.916943550109863
      vertex 12.0 14.0 14.916943550109863
      vertex 12.0 13.0 14.916943550109863
    endloop
  endfacet
  facet normal 0.0 0.0 1.0
    outer loop
      vertex 13.0 14.0 14.916943550109863
      vertex 12.0 14.0 14.916943550109863
      vertex 13.0 13.0 14.916943550109863
    endloop
  endfacet
  facet normal 0.3266837000846863 0.8801860809326172 -0.34431135654449463
    outer loop
      vertex 12.0 14.344743728637695 9.0
      vertex 12.928845405578613 14.0 9.0
      vertex 12.0 14.0 8.118708610534668
    endloop
  endfacet
  facet normal 0.26014474034309387 0.7405825257301331 -0.6195662021636963
    outer loop
      vertex 12.0092191696167 15.0 10.0
      vertex 13.0 14.651968002319336 10.0
      vertex 12.0 15.0 9.996129035949707
    endloop
  endfacet
  facet normal 0.2810831367969513 0.8017698526382446 -0.5274062752723694
    outer loop
      vertex 12.0 15.0 9.996129035949707
      vertex 13.0 14.651968002319336 10.0
      vertex 12.0 14.344743728637695 9.0
    endloop
  endfacet
  facet normal 0.29787740111351013 0.7873483896255493 -0.5397699475288391
    outer loop
      vertex 13.0 14.651968002319336 10.0
      vertex 13.0 14.0 9.048991203308105
      vertex 12.0 14.344743728637695 9.0
    endloop
  endfacet
  facet normal 0.3105538785457611 0.836727499961853 -0.45104700326919556
    outer loop
      vertex 13.0 14.0 9.048991203308105
      vertex 12.928845405578613 14.0 9.0
      vertex 12.0 14.344743728637695 9.0
    endloop
  endfacet
  facet normal 0.24106083810329437 0.6862542629241943 -0.6862542629241943
    outer loop
      vertex 12.0092191696167 15.0 10.0
      vertex 13.0 15.0 10.348031997680664
      vertex 13.0 14.651968002319336 10.0
    endloop
  endfacet
  facet normal 0.0 0.0 1.0
    outer loop
      vertex 13.0 14.0 14.916943550109863
      vertex 12.0 15.0 14.916943550109863
      vertex 12.0 14.0 14.916943550109863
    endloop
  endfacet
  facet normal 0.0 0.0 1.0
    outer loop
      vertex 13.0 15.0 14.916943550109863
      vertex 12.0 15.0 14.916943550109863
      vertex 13.0 14.0 14.916943550109863
    endloop
  endfacet
  facet normal 0.22394640743732452 0.8157082796096802 -0.5333554744720459
    outer loop
      vertex 12.0 15.002531051635742 10.0
      vertex 12.0092191696167 15.0 10.0
      vertex 12.0 15.0 9.996129035949707
    endloop
  endfacet
  facet normal 0.22540511190891266 0.7330977320671082 -0.641685426235199
    outer loop
      vertex 13.0 15.570672035217285 11.0
      vertex 13.0 15.0 10.348031997680664
      vertex 12.0092191696167 15.0 10.0
    endloop
  endfacet
  facet normal 0.20546159148216248 0.7483787536621094 -0.6306462287902832
    outer loop
      vertex 12.0 15.002531051635742 10.0
      vertex 13.0 15.570672035217285 11.0
      vertex 12.0092191696167 15.0 10.0
    endloop
  endfacet
  facet normal 0.14529109001159668 0.7908018231391907 -0.5945780277252197
    outer loop
      vertex 12.0 15.754398345947266 11.0
      vertex 13.0 15.570672035217285 11.0
      vertex 12.0 15.002531051635742 10.0
    endloop
  endfacet
  facet normal 0.12883147597312927 0.701214075088501 -0.701214075088501
    outer loop
      vertex 12.0 15.754398345947266 11.0
      vertex 12.0 16.0 11.245601654052734
      vertex 13.0 15.570672035217285 11.0
    endloop
  endfacet
  facet normal 0.12883149087429047 0.701214075088501 -0.701214075088501
    outer loop
      vertex 13.0 15.570672035217285 11.0
      vertex 12.0 16.0 11.245601654052734
      vertex 13.0 16.0 11.429327964782715
    endloop
  endfacet
  facet normal 0.0 0.0 1.0
    outer loop
      vertex 13.0 15.0 14.916943550109863
      vertex 12.0 16.0 14.916943550109863
      vertex 12.0 15.0 14.916943550109863
    endloop
  endfacet
  facet normal 0.0 0.0 1.0
    outer loop
      vertex 13.0 16.0 14.916943550109863
      vertex 12.0 16.0 14.916943550109863
      vertex 13.0 15.0 14.916943550109863
    endloop
  endfacet
  facet normal 0.13556967675685883 0.6611658930778503 -0.7378892302513123
    outer loop
      vertex 13.0 16.63689422607422 12.0
      vertex 13.0 16.0 11.429327964782715
      vertex 12.0 16.0 11.245601654052734
    endloop
  endfacet
  facet normal 0.12378004938364029 0.6712772250175476 -0.7307978272438049
    outer loop
      vertex 13.0 16.63689422607422 12.0
      vertex 12.0 16.0 11.245601654052734
      vertex 12.0 16.8212890625 12.0
    endloop
  endfacet
  facet normal 0.12929277122020721 0.7011734843254089 -0.7011697292327881
    outer loop
      vertex 12.0 16.8212890625 12.0
      vertex 12.0 17.0 12.178711891174316
      vertex 13.0 16.63689422607422 12.0
    endloop
  endfacet
  facet normal 0.12929178774356842 0.7011716961860657 -0.7011716961860657
    outer loop
      vertex 13.0 16.63689422607422 12.0
      vertex 12.0 17.0 12.178711891174316
      vertex 13.0 17.0 12.363105773925781
    endloop
  endfacet
  facet normal 0.0 0.0 1.0
    outer loop
      vertex 13.0 16.0 14.916943550109863
      vertex 12.0 17.0 14.916943550109863
      vertex 12.0 16.0 14.916943550109863
    endloop
  endfacet
  facet normal 0.0 0.0 1.0
    outer loop
      vertex 13.0 17.0 14.916943550109863
      vertex 12.0 17.0 14.916943550109863
      vertex 13.0 16.0 14.916943550109863
    endloop
  endfacet
  facet normal 0.15278419852256775 0.538628101348877 -0.8285751938819885
    outer loop
      vertex 12.0 18.0 12.828777313232422
      vertex 13.0 17.0 12.363105773925781
      vertex 12.0 17.0 12.178711891174316
    endloop
  endfacet
  facet normal 0.09780295193195343 0.49882403016090393 -0.8611672520637512
    outer loop
      vertex 12.0 18.0 12.828777313232422
      vertex 13.0 18.0 12.942347526550293
      vertex 13.0 17.0 12.363105773925781
    endloop
  endfacet
  facet normal 0.0 0.0 1.0
    outer loop
      vertex 13.0 17.0 14.916943550109863
      vertex 12.0 18.0 14.916943550109863
      vertex 12.0 17.0 14.916943550109863
    endloop
  endfacet
  facet normal 0.0 0.0 1.0
    outer loop
      vertex 13.0 18.0 14.916943550109863
      vertex 12.0 18.0 14.916943550109863
      vertex 13.0 17.0 14.916943550109863
    endloop
  endfacet
  facet normal 0.09124715626239777 0.5883484482765198 -0.803442656993866
    outer loop
      vertex 13.0 18.0787296295166 13.0
      vertex 13.0 18.0 12.942347526550293
      vertex 12.0 18.0 12.828777313232422
    endloop
  endfacet
  facet normal 0.08968732506036758 0.5960903167724609 -0.7978925108909607
    outer loop
      vertex 13.0 18.0787296295166 13.0
      vertex 12.0 18.0 12.828777313232422
      vertex 12.0 18.229188919067383 13.0
    endloop
  endfacet
  facet normal 0.0923411101102829 0.6137282252311707 -0.7840986847877502
    outer loop
      vertex 12.0 18.229188919067383 13.0
      vertex 12.0 19.0 13.603327751159668
      vertex 13.0 18.0787296295166 13.0
    endloop
  endfacet
  facet normal 0.03052973560988903 0.5705851912498474 -0.8206708431243896
    outer loop
      vertex 13.0 18.0787296295166 13.0
      vertex 12.0 19.0 13.603327751159668
      vertex 13.0 19.0 13.640528678894043
    endloop
  endfacet
  facet normal 0.0 0.0 1.0
    outer loop
      vertex 13.0 18.0 14.916943550109863
      vertex 12.0 19.0 14.916943550109863
      vertex 12.0 18.0 14.916943550109863
    endloop
  endfacet
  facet normal 0.0 0.0 1.0
    outer loop
      vertex 13.0 19.0 14.916943550109863
      vertex 12.0 19.0 14.916943550109863
      vertex 13.0 18.0 14.916943550109863
    endloop
  endfacet
  facet normal 0.03337232768535614 0.44059810042381287 -0.8970839381217957
    outer loop
      vertex 13.0 19.731904983520508 14.0
      vertex 13.0 19.0 13.640528678894043
      vertex 12.0 19.0 13.603327751159668
    endloop
  endfacet
  facet normal 0.06096982583403587 0.4099328815937042 -0.9100756645202637
    outer loop
      vertex 13.0 19.731904983520508 14.0
      vertex 12.0 19.0 13.603327751159668
      vertex 12.0 19.88063621520996 14.0
    endloop
  endfacet
  facet normal 0.0 0.7212417125701904 0.6926833987236023
    outer loop
      vertex 12.0 19.88063621520996 14.0
      vertex 12.0 19.0 14.916943550109863
      vertex 13.0 19.0 14.916943550109863
    endloop
  endfacet
  facet normal 0.11546406894922256 0.7763270139694214 0.6196647882461548
    outer loop
      vertex 12.0 19.88063621520996 14.0
      vertex 13.0 19.0 14.916943550109863
      vertex 13.0 19.731904983520508 14.0
    endloop
  endfacet
  facet normal 0.08772790431976318 -0.4818613529205322 -0.8718448281288147
    outer loop
      vertex 14.0 4.0 13.696105003356934
      vertex 14.0 3.4501545429229736 14.0
      vertex 13.0 3.268094062805176 14.0
    endloop
  endfacet
  facet normal 0.049822475761175156 -0.4402956962585449 -0.8964694142341614
    outer loop
      vertex 14.0 4.0 13.696105003356934
      vertex 13.0 3.268094062805176 14.0
      vertex 13.0 4.0 13.640528678894043
    endloop
  endfacet
  facet normal 0.14087112247943878 -0.773760199546814 0.6176167726516724
    outer loop
      vertex 13.0 4.0 14.916943550109863
      vertex 13.0 3.268094062805176 14.0
      vertex 14.0 3.4501545429229736 14.0
    endloop
  endfacet
  facet normal 0.0 -0.8576251864433289 0.5142751932144165
    outer loop
      vertex 13.0 4.0 14.916943550109863
      vertex 14.0 3.4501545429229736 14.0
      vertex 14.0 4.0 14.916943550109863
    endloop
  endfacet
  facet normal 0.17455479502677917 -0.5817449688911438 -0.7944201827049255
    outer loop
      vertex 13.0 5.0 12.942347526550293
      vertex 13.262383460998535 5.0 13.0
      vertex 13.0 4.921270847320557 13.0
    endloop
  endfacet
  facet normal 0.23464685678482056 -0.7820160388946533 -0.5774008631706238
    outer loop
      vertex 13.262383460998535 5.0 13.0
      vertex 14.0 5.0 13.299756050109863
      vertex 13.0 4.921270847320557 13.0
    endloop
  endfacet
  facet normal 0.27946171164512634 -0.5481064915657043 -0.7883402705192566
    outer loop
      vertex 14.0 5.0 13.299756050109863
      vertex 13.0 4.0 13.640528678894043
      vertex 13.0 4.921270847320557 13.0
    endloop
  endfacet
  facet normal 0.051597293466329575 -0.3679720163345337 -0.9284041523933411
    outer loop
      vertex 14.0 5.0 13.299756050109863
      vertex 14.0 4.0 13.696105003356934
      vertex 13.0 4.0 13.640528678894043
    endloop
  endfacet
  facet normal 0.0 0.0 1.0
    outer loop
      vertex 14.0 4.0 14.916943550109863
      vertex 13.0 5.0 14.916943550109863
      vertex 13.0 4.0 14.916943550109863
    endloop
  endfacet
  facet normal 0.0 0.0 1.0
    outer loop
      vertex 14.0 5.0 14.916943550109863
      vertex 13.0 5.0 14.916943550109863
      vertex 14.0 4.0 14.916943550109863
    endloop
  endfacet
  facet normal 0.21317030489444733 -0.5245537757873535 -0.8242582678794861
    outer loop
      vertex 14.0 6.0 12.554368019104004
      vertex 14.0 5.299755573272705 13.0
      vertex 13.262383460998535 5.0 13.0
    endloop
  endfacet
  facet normal 0.18454694747924805 -0.5104092359542847 -0.8398957252502441
    outer loop
      vertex 13.0 5.0 12.942347526550293
      vertex 14.0 6.0 12.554368019104004
      vertex 13.262383460998535 5.0 13.0
    endloop
  endfacet
  facet normal 0.1632811427116394 -0.49450039863586426 -0.853702962398529
    outer loop
      vertex 13.0 6.0 12.363105773925781
      vertex 14.0 6.0 12.554368019104004
      vertex 13.0 5.0 12.942347526550293
    endloop
  endfacet
  facet normal 0.27618059515953064 -0.6796049475669861 -0.6796038746833801
    outer loop
      vertex 13.262383460998535 5.0 13.0
      vertex 14.0 5.299755573272705 13.0
      vertex 14.0 5.0 13.299756050109863
    endloop
  endfacet
  facet normal 0.0 0.0 1.0
    outer loop
      vertex 14.0 5.0 14.916943550109863
      vertex 13.0 6.0 14.916943550109863
      vertex 13.0 5.0 14.916943550109863
    endloop
  endfacet
  facet normal 0.0 0.0 1.0
    outer loop
      vertex 14.0 6.0 14.916943550109863
      vertex 13.0 6.0 14.916943550109863
      vertex 14.0 5.0 14.916943550109863
    endloop
  endfacet
  facet normal 0.2155744433403015 -0.6330699920654297 -0.743471622467041
    outer loop
      vertex 14.0 7.0 11.747637748718262
      vertex 14.0 6.703628063201904 12.0
      vertex 13.0 6.363105773925781 12.0
    endloop
  endfacet
  facet normal 0.2306726574897766 -0.6493299007415771 -0.7246797680854797
    outer loop
      vertex 14.0 7.0 11.747637748718262
      vertex 13.0 6.363105773925781 12.0
      vertex 13.0 7.0 11.429327964782715
    endloop
  endfacet
  facet normal 0.13402271270751953 -0.7007274627685547 -0.7007274627685547
    outer loop
      vertex 13.0 6.0 12.363105773925781
      vertex 13.0 6.363105773925781 12.0
      vertex 14.0 6.0 12.554368019104004
    endloop
  endfacet
  facet normal 0.20620925724506378 -0.6055675745010376 -0.768612802028656
    outer loop
      vertex 14.0 6.0 12.554368019104004
      vertex 13.0 6.363105773925781 12.0
      vertex 14.0 6.703628063201904 12.0
    endloop
  endfacet
  facet normal 0.0 0.0 1.0
    outer loop
      vertex 14.0 6.0 14.916943550109863
      vertex 13.0 7.0 14.916943550109863
      vertex 13.0 6.0 14.916943550109863
    endloop
  endfacet
  facet normal 0.0 0.0 1.0
    outer loop
      vertex 14.0 7.0 14.916943550109863
      vertex 13.0 7.0 14.916943550109863
      vertex 14.0 6.0 14.916943550109863
    endloop
  endfacet
  facet normal 0.33562198281288147 -0.6746319532394409 -0.6574416756629944
    outer loop
      vertex 14.0 8.0 10.92490291595459
      vertex 14.0 7.926816463470459 11.0
      vertex 13.0 7.429327487945557 11.0
    endloop
  endfacet
  facet normal 0.35517510771751404 -0.7034013271331787 -0.6156924962997437
    outer loop
      vertex 14.0 8.0 10.92490291595459
      vertex 13.0 7.429327487945557 11.0
      vertex 13.0 8.0 10.348031997680664
    endloop
  endfacet
  facet normal 0.21958544850349426 -0.6898490190505981 -0.6898482441902161
    outer loop
      vertex 13.0 7.0 11.429327964782715
      vertex 13.0 7.429327487945557 11.0
      vertex 14.0 7.0 11.747637748718262
    endloop
  endfacet
  facet normal 0.29814612865448 -0.5993020534515381 -0.7429306507110596
    outer loop
      vertex 14.0 7.0 11.747637748718262
      vertex 13.0 7.429327487945557 11.0
      vertex 14.0 7.926816463470459 11.0
    endloop
  endfacet
  facet normal 0.0 0.0 1.0
    outer loop
      vertex 14.0 7.0 14.916943550109863
      vertex 13.0 8.0 14.916943550109863
      vertex 13.0 7.0 14.916943550109863
    endloop
  endfacet
  facet normal 0.0 0.0 1.0
    outer loop
      vertex 14.0 8.0 14.916943550109863
      vertex 13.0 8.0 14.916943550109863
      vertex 14.0 7.0 14.916943550109863
    endloop
  endfacet
  facet normal 0.44357576966285706 -0.6838041543960571 -0.5793551206588745
    outer loop
      vertex 14.0 9.0 9.996129035949707
      vertex 14.0 8.996720314025879 10.0
      vertex 13.0 8.348031997680664 10.0
    endloop
  endfacet
  facet normal 0.4721076488494873 -0.7270865440368652 -0.4984571635723114
    outer loop
      vertex 14.0 9.0 9.996129035949707
      vertex 13.0 8.348031997680664 10.0
      vertex 13.0 9.0 9.048991203308105
    endloop
  endfacet
  facet normal 0.3776954710483551 -0.6547313332557678 -0.6547313332557678
    outer loop
      vertex 13.0 8.0 10.348031997680664
      vertex 13.0 8.348031997680664 10.0
      vertex 14.0 8.0 10.92490291595459
    endloop
  endfacet
  facet normal 0.4036896228790283 -0.622316837310791 -0.6706388592720032
    outer loop
      vertex 14.0 8.0 10.92490291595459
      vertex 13.0 8.348031997680664 10.0
      vertex 14.0 8.996720314025879 10.0
    endloop
  endfacet
  facet normal 0.0 0.0 1.0
    outer loop
      vertex 14.0 8.0 14.916943550109863
      vertex 13.0 9.0 14.916943550109863
      vertex 13.0 8.0 14.916943550109863
    endloop
  endfacet
  facet normal 0.0 0.0 1.0
    outer loop
      vertex 14.0 9.0 14.916943550109863
      vertex 13.0 9.0 14.916943550109863
      vertex 14.0 8.0 14.916943550109863
    endloop
  endfacet
  facet normal 0.5702027082443237 -0.5702027082443237 -0.5913862586021423
    outer loop
      vertex 13.0 10.0 8.083056449890137
      vertex 13.951008796691895 10.0 9.0
      vertex 13.0 9.048991203308105 9.0
    endloop
  endfacet
  facet normal 0.5773503184318542 -0.5773503184318542 -0.5773503184318542
    outer loop
      vertex 13.951008796691895 10.0 9.0
      vertex 14.0 10.0 9.048991203308105
      vertex 13.0 9.048991203308105 9.0
    endloop
  endfacet
  facet normal 0.5773502588272095 -0.5773502588272095 -0.5773502588272095
    outer loop
      vertex 14.0 10.0 9.048991203308105
      vertex 13.0 9.0 9.048991203308105
      vertex 13.0 9.048991203308105 9.0
    endloop
  endfacet
  facet normal 0.5666163563728333 -0.5666163563728333 -0.5982406139373779
    outer loop
      vertex 14.0 10.0 9.048991203308105
      vertex 14.0 9.0 9.996129035949707
      vertex 13.0 9.0 9.048991203308105
    endloop
  endfacet
  facet normal 0.0 0.0 1.0
    outer loop
      vertex 14.0 9.0 14.916943550109863
      vertex 13.0 10.0 14.916943550109863
      vertex 13.0 9.0 14.916943550109863
    endloop
  endfacet
  facet normal 0.0 0.0 1.0
    outer loop
      vertex 14.0 10.0 14.916943550109863
      vertex 13.0 10.0 14.916943550109863
      vertex 14.0 9.0 14.916943550109863
    endloop
  endfacet
  facet normal 0.7069914937019348 -0.4867759644985199 -0.513042151927948
    outer loop
      vertex 14.0 11.0 8.118708610534668
      vertex 14.0 10.071154594421387 9.0
      vertex 13.951008796691895 10.0 9.0
    endloop
  endfacet
  facet normal 0.5770525932312012 -0.5557150840759277 -0.5984905958175659
    outer loop
      vertex 13.0 10.0 8.083056449890137
      vertex 14.0 11.0 8.118708610534668
      vertex 13.951008796691895 10.0 9.0
    endloop
  endfacet
  facet normal 0.0356295220553875 0.0 -0.9993650317192078
    outer loop
      vertex 13.0 11.0 8.083056449890137
      vertex 14.0 11.0 8.118708610534668
      vertex 13.0 10.0 8.083056449890137
    endloop
  endfacet
  facet normal 0.6357628703117371 -0.43773403763771057 -0.6357628703117371
    outer loop
      vertex 13.951008796691895 10.0 9.0
      vertex 14.0 10.071154594421387 9.0
      vertex 14.0 10.0 9.048991203308105
    endloop
  endfacet
  facet normal 0.0 0.0 1.0
    outer loop
      vertex 14.0 10.0 14.916943550109863
      vertex 13.0 11.0 14.916943550109863
      vertex 13.0 10.0 14.916943550109863
    endloop
  endfacet
  facet normal 0.0 0.0 1.0
    outer loop
      vertex 14.0 11.0 14.916943550109863
      vertex 13.0 11.0 14.916943550109863
      vertex 14.0 10.0 14.916943550109863
    endloop
  endfacet
  facet normal 0.0356295220553875 0.0 -0.9993650317192078
    outer loop
      vertex 13.0 12.0 8.083056449890137
      vertex 14.0 11.0 8.118708610534668
      vertex 13.0 11.0 8.083056449890137
    endloop
  endfacet
  facet normal 0.0356295220553875 0.0 -0.9993650317192078
    outer loop
      vertex 13.0 12.0 8.083056449890137
      vertex 14.0 12.0 8.118708610534668
      vertex 14.0 11.0 8.118708610534668
    endloop
  endfacet
  facet normal 0.0 0.0 1.0
    outer loop
      vertex 14.0 11.0 14.916943550109863
      vertex 13.0 12.0 14.916943550109863
      vertex 13.0 11.0 14.916943550109863
    endloop
  endfacet
  facet normal 0.0 0.0 1.0
    outer loop
      vertex 14.0 12.0 14.916943550109863
      vertex 13.0 12.0 14.916943550109863
      vertex 14.0 11.0 14.916943550109863
    endloop
  endfacet
  facet normal 0.6262564063072205 0.431188702583313 -0.6495223641395569
    outer loop
      vertex 13.0 13.0 8.083056449890137
      vertex 13.951008796691895 13.0 9.0
      vertex 14.0 12.928845405578613 9.0
    endloop
  endfacet
  facet normal 0.5811684131622314 0.5601213574409485 -0.5903452038764954
    outer loop
      vertex 14.0 12.0 8.118708610534668
      vertex 13.0 13.0 8.083056449890137
      vertex 14.0 12.928845405578613 9.0
    endloop
  endfacet
  facet normal 0.0356295220553875 0.0 -0.9993650317192078
    outer loop
      vertex 13.0 12.0 8.083056449890137
      vertex 13.0 13.0 8.083056449890137
      vertex 14.0 12.0 8.118708610534668
    endloop
  endfacet
  facet normal 0.6357628703117371 0.43773403763771057 -0.6357628703117371
    outer loop
      vertex 13.951008796691895 13.0 9.0
      vertex 14.0 13.0 9.048991203308105
      vertex 14.0 12.928845405578613 9.0
    endloop
  endfacet
  facet normal 0.0 0.0 1.0
    outer loop
      vertex 14.0 12.0 14.916943550109863
      vertex 13.0 13.0 14.916943550109863
      vertex 13.0 12.0 14.916943550109863
    endloop
  endfacet
  facet normal 0.0 0.0 1.0
    outer loop
      vertex 14.0 13.0 14.916943550109863
      vertex 13.0 13.0 14.916943550109863
      vertex 14.0 12.0 14.916943550109863
    endloop
  endfacet
  facet normal 0.5702027082443237 0.5702027082443237 -0.5913862586021423
    outer loop
      vertex 13.0 13.951008796691895 9.0
      vertex 13.951008796691895 13.0 9.0
      vertex 13.0 13.0 8.083056449890137
    endloop
  endfacet
  facet normal 0.5773503184318542 0.5773503184318542 -0.5773503184318542
    outer loop
      vertex 13.0 13.951008796691895 9.0
      vertex 13.0 14.0 9.048991203308105
      vertex 13.951008796691895 13.0 9.0
    endloop
  endfacet
  facet normal 0.5773502588272095 0.5773502588272095 -0.5773502588272095
    outer loop
      vertex 13.0 14.0 9.048991203308105
      vertex 14.0 13.0 9.048991203308105
      vertex 13.951008796691895 13.0 9.0
    endloop
  endfacet
  facet normal 0.5666163563728333 0.5666163563728333 -0.5982406139373779
    outer loop
      vertex 13.0 14.0 9.048991203308105
      vertex 14.0 14.0 9.996129035949707
      vertex 14.0 13.0 9.048991203308105
    endloop
  endfacet
  facet normal 0.0 0.0 1.0
    outer loop
      vertex 14.0 13.0 14.916943550109863
      vertex 13.0 14.0 14.916943550109863
      vertex 13.0 13.0 14.916943550109863
    endloop
  endfacet
  facet normal 0.0 0.0 1.0
    outer loop
      vertex 14.0 14.0 14.916943550109863
      vertex 13.0 14.0 14.916943550109863
      vertex 14.0 13.0 14.916943550109863
    endloop
  endfacet
  facet normal 0.522162675857544 0.6506980061531067 -0.551305890083313
    outer loop
      vertex 14.0 14.003279685974121 10.0
      vertex 14.0 14.0 9.996129035949707
      vertex 13.0 14.0 9.048991203308105
    endloop
  endfacet
  facet normal 0.47175389528274536 0.7272427678108215 -0.4985642731189728
    outer loop
      vertex 14.0 14.003279685974121 10.0
      vertex 13.0 14.0 9.048991203308105
      vertex 13.0 14.651968002319336 10.0
    endloop
  endfacet
  facet normal 0.41692399978637695 0.6427185535430908 -0.6427185535430908
    outer loop
      vertex 13.0 14.651968002319336 10.0
      vertex 13.0 15.0 10.348031997680664
      vertex 14.0 14.003279685974121 10.0
    endloop
  endfacet
  facet normal 0.38946977257728577 0.6264954805374146 -0.6751419901847839
    outer loop
      vertex 14.0 14.003279685974121 10.0
      vertex 13.0 15.0 10.348031997680664
      vertex 14.0 15.0 10.92490291595459
    endloop
  endfacet
  facet normal 0.0 0.0 1.0
    outer loop
      vertex 14.0 14.0 14.916943550109863
      vertex 13.0 15.0 14.916943550109863
      vertex 13.0 14.0 14.916943550109863
    endloop
  endfacet
  facet normal 0.0 0.0 1.0
    outer loop
      vertex 14.0 15.0 14.916943550109863
      vertex 13.0 15.0 14.916943550109863
      vertex 14.0 14.0 14.916943550109863
    endloop
  endfacet
  facet normal 0.3734772503376007 0.6643517017364502 -0.6474191546440125
    outer loop
      vertex 14.0 15.073183059692383 11.0
      vertex 14.0 15.0 10.92490291595459
      vertex 13.0 15.0 10.348031997680664
    endloop
  endfacet
  facet normal 0.35058286786079407 0.7047048211097717 -0.6168329119682312
    outer loop
      vertex 14.0 15.073183059692383 11.0
      vertex 13.0 15.0 10.348031997680664
      vertex 13.0 15.570672035217285 11.0
    endloop
  endfacet
  facet normal 0.3318440616130829 0.6670380234718323 -0.6670380234718323
    outer loop
      vertex 13.0 15.570672035217285 11.0
      vertex 13.0 16.0 11.429327964782715
      vertex 14.0 15.073183059692383 11.0
    endloop
  endfacet
  facet normal 0.24047932028770447 0.6094316840171814 -0.7554883360862732
    outer loop
      vertex 14.0 15.073183059692383 11.0
      vertex 13.0 16.0 11.429327964782715
      vertex 14.0 16.0 11.747637748718262
    endloop
  endfacet
  facet normal 0.0 0.0 1.0
    outer loop
      vertex 14.0 15.0 14.916943550109863
      vertex 13.0 16.0 14.916943550109863
      vertex 13.0 15.0 14.916943550109863
    endloop
  endfacet
  facet normal 0.0 0.0 1.0
    outer loop
      vertex 14.0 16.0 14.916943550109863
      vertex 13.0 16.0 14.916943550109863
      vertex 14.0 15.0 14.916943550109863
    endloop
  endfacet
  facet normal 0.23553414642810822 0.6300745010375977 -0.739952564239502
    outer loop
      vertex 14.0 16.296371459960938 12.0
      vertex 14.0 16.0 11.747637748718262
      vertex 13.0 16.0 11.429327964782715
    endloop
  endfacet
  facet normal 0.22159072756767273 0.6507368683815002 -0.7262499928474426
    outer loop
      vertex 14.0 16.296371459960938 12.0
      vertex 13.0 16.0 11.429327964782715
      vertex 13.0 16.63689422607422 12.0
    endloop
  endfacet
  facet normal 0.23409537971019745 0.6874588131904602 -0.6874588131904602
    outer loop
      vertex 13.0 16.63689422607422 12.0
      vertex 13.0 17.0 12.363105773925781
      vertex 14.0 16.296371459960938 12.0
    endloop
  endfacet
  facet normal 0.14856822788715363 0.6119999885559082 -0.7767776250839233
    outer loop
      vertex 14.0 16.296371459960938 12.0
      vertex 13.0 17.0 12.363105773925781
      vertex 14.0 17.0 12.554368019104004
    endloop
  endfacet
  facet normal 0.0 0.0 1.0
    outer loop
      vertex 14.0 16.0 14.916943550109863
      vertex 13.0 17.0 14.916943550109863
      vertex 13.0 16.0 14.916943550109863
    endloop
  endfacet
  facet normal 0.0 0.0 1.0
    outer loop
      vertex 14.0 17.0 14.916943550109863
      vertex 13.0 17.0 14.916943550109863
      vertex 14.0 16.0 14.916943550109863
    endloop
  endfacet
  facet normal 0.18977037072181702 0.46697375178337097 -0.8636681437492371
    outer loop
      vertex 13.0 18.0 12.942347526550293
      vertex 13.262383460998535 18.0 13.0
      vertex 14.0 17.700244903564453 13.0
    endloop
  endfacet
  facet normal 0.20511901378631592 0.5254780650138855 -0.8257112503051758
    outer loop
      vertex 14.0 17.0 12.554368019104004
      vertex 13.0 18.0 12.942347526550293
      vertex 14.0 17.700244903564453 13.0
    endloop
  endfacet
  facet normal 0.1632811427116394 0.49450039863586426 -0.853702962398529
    outer loop
      vertex 13.0 17.0 12.363105773925781
      vertex 13.0 18.0 12.942347526550293
      vertex 14.0 17.0 12.554368019104004
    endloop
  endfacet
  facet normal 0.2761803865432739 0.6796054840087891 -0.6796033382415771
    outer loop
      vertex 13.262383460998535 18.0 13.0
      vertex 14.0 18.0 13.299756050109863
      vertex 14.0 17.700244903564453 13.0
    endloop
  endfacet
  facet normal 0.0 0.0 1.0
    outer loop
      vertex 14.0 17.0 14.916943550109863
      vertex 13.0 18.0 14.916943550109863
      vertex 13.0 17.0 14.916943550109863
    endloop
  endfacet
  facet normal 0.0 0.0 1.0
    outer loop
      vertex 14.0 18.0 14.916943550109863
      vertex 13.0 18.0 14.916943550109863
      vertex 14.0 17.0 14.916943550109863
    endloop
  endfacet
  facet normal 0.17455513775348663 0.5817426443099976 -0.7944217920303345
    outer loop
      vertex 13.0 18.0787296295166 13.0
      vertex 13.262383460998535 18.0 13.0
      vertex 13.0 18.0 12.942347526550293
    endloop
  endfacet
  facet normal 0.1688283532857895 0.5626569390296936 -0.8092676997184753
    outer loop
      vertex 13.0 18.0787296295166 13.0
      vertex 13.0 19.0 13.640528678894043
      vertex 13.262383460998535 18.0 13.0
    endloop
  endfacet
  facet normal 0.30956026911735535 0.5691410899162292 -0.7617419958114624
    outer loop
      vertex 13.0 19.0 13.640528678894043
      vertex 14.0 18.0 13.299756050109863
      vertex 13.262383460998535 18.0 13.0
    endloop
  endfacet
  facet normal 0.051597293466329575 0.3679720163345337 -0.9284041523933411
    outer loop
      vertex 13.0 19.0 13.640528678894043
      vertex 14.0 19.0 13.696105003356934
      vertex 14.0 18.0 13.299756050109863
    endloop
  endfacet
  facet normal 0.0 0.0 1.0
    outer loop
      vertex 14.0 18.0 14.916943550109863
      vertex 13.0 19.0 14.916943550109863
      vertex 13.0 18.0 14.916943550109863
    endloop
  endfacet
  facet normal 0.0 0.0 1.0
    outer loop
      vertex 14.0 19.0 14.916943550109863
      vertex 13.0 19.0 14.916943550109863
      vertex 14.0 18.0 14.916943550109863
    endloop
  endfacet
  facet normal 0.04858401045203209 0.48315563797950745 -0.8741854429244995
    outer loop
      vertex 14.0 19.54984474182129 14.0
      vertex 14.0 19.0 13.696105003356934
      vertex 13.0 19.0 13.640528678894043
    endloop
  endfacet
  facet normal 0.08000284433364868 0.4394305944442749 -0.8947068452835083
    outer loop
      vertex 14.0 19.54984474182129 14.0
      vertex 13.0 19.0 13.640528678894043
      vertex 13.0 19.731904983520508 14.0
    endloop
  endfacet
  facet normal 0.0 0.7815542817115784 0.6238371729850769
    outer loop
      vertex 13.0 19.731904983520508 14.0
      vertex 13.0 19.0 14.916943550109863
      vertex 14.0 19.0 14.916943550109863
    endloop
  endfacet
  facet normal 0.15427030622959137 0.8473585844039917 0.5081181526184082
    outer loop
      vertex 13.0 19.731904983520508 14.0
      vertex 14.0 19.0 14.916943550109863
      vertex 14.0 19.54984474182129 14.0
    endloop
  endfacet
  facet normal 0.17051026225090027 -0.4677141308784485 -0.8672772645950317
    outer loop
      vertex 15.0 4.0 13.900077819824219
      vertex 15.0 3.8147153854370117 14.0
      vertex 14.0 3.4501545429229736 14.0
    endloop
  endfacet
  facet normal 0.1757424920797348 -0.4761977791786194 -0.8615975379943848
    outer loop
      vertex 15.0 4.0 13.900077819824219
      vertex 14.0 3.4501545429229736 14.0
      vertex 14.0 4.0 13.696105003356934
    endloop
  endfacet
  facet normal 0.29841116070747375 -0.8185495734214783 0.4908434748649597
    outer loop
      vertex 14.0 4.0 14.916943550109863
      vertex 14.0 3.4501545429229736 14.0
      vertex 15.0 3.8147153854370117 14.0
    endloop
  endfacet
  facet normal 0.02962755784392357 -0.9729938507080078 0.2289217859506607
    outer loop
      vertex 14.0 4.0 14.916943550109863
      vertex 15.0 3.8147153854370117 14.0
      vertex 15.0 4.0 14.787521362304688
    endloop
  endfacet
  facet normal 0.18630199134349823 -0.36201196908950806 -0.9133667945861816
    outer loop
      vertex 14.0 5.0 13.299756050109863
      vertex 15.0 4.0 13.900077819824219
      vertex 14.0 4.0 13.696105003356934
    endloop
  endfacet
  facet normal 0.23607073724269867 -0.31564944982528687 -0.9190407395362854
    outer loop
      vertex 14.0 5.0 13.299756050109863
      vertex 15.0 5.0 13.556622505187988
      vertex 15.0 4.0 13.900077819824219
    endloop
  endfacet
  facet normal 0.12835170328617096 0.0 0.9917287230491638
    outer loop
      vertex 15.0 4.0 14.787521362304688
      vertex 14.0 5.0 14.916943550109863
      vertex 14.0 4.0 14.916943550109863
    endloop
  endfacet
  facet normal 0.0 -0.12835170328617096 0.9917287230491638
    outer loop
      vertex 15.0 5.0 14.916943550109863
      vertex 14.0 5.0 14.916943550109863
      vertex 15.0 4.0 14.787521362304688
    endloop
  endfacet
  facet normal 0.23006467521190643 -0.5283799171447754 -0.8172422647476196
    outer loop
      vertex 15.0 6.0 12.828777313232422
      vertex 15.0 5.735170841217041 13.0
      vertex 14.0 5.299755573272705 13.0
    endloop
  endfacet
  facet normal 0.22554026544094086 -0.5230605602264404 -0.8219119310379028
    outer loop
      vertex 15.0 6.0 12.828777313232422
      vertex 14.0 5.299755573272705 13.0
      vertex 14.0 6.0 12.554368019104004
    endloop
  endfacet
  facet normal 0.17870798707008362 -0.6957244277000427 -0.6957233548164368
    outer loop
      vertex 14.0 5.0 13.299756050109863
      vertex 14.0 5.299755573272705 13.0
      vertex 15.0 5.0 13.556622505187988
    endloop
  endfacet
  facet normal 0.254197895526886 -0.5838056206703186 -0.7710735201835632
    outer loop
      vertex 15.0 5.0 13.556622505187988
      vertex 14.0 5.299755573272705 13.0
      vertex 15.0 5.735170841217041 13.0
    endloop
  endfacet
  facet normal 0.0 0.0 1.0
    outer loop
      vertex 15.0 5.0 14.916943550109863
      vertex 14.0 6.0 14.916943550109863
      vertex 14.0 5.0 14.916943550109863
    endloop
  endfacet
  facet normal 0.0 0.0 1.0
    outer loop
      vertex 15.0 6.0 14.916943550109863
      vertex 14.0 6.0 14.916943550109863
      vertex 15.0 5.0 14.916943550109863
    endloop
  endfacet
  facet normal 0.3723524808883667 -0.6016941666603088 -0.7066241502761841
    outer loop
      vertex 14.0 7.0 11.747637748718262
      vertex 14.478915214538574 7.0 12.0
      vertex 14.0 6.703628063201904 12.0
    endloop
  endfacet
  facet normal 0.419935941696167 -0.6785855293273926 -0.6026404500007629
    outer loop
      vertex 14.478915214538574 7.0 12.0
      vertex 15.0 7.0 12.363105773925781
      vertex 14.0 6.703628063201904 12.0
    endloop
  endfacet
  facet normal 0.424346923828125 -0.5603851079940796 -0.7112652063369751
    outer loop
      vertex 15.0 7.0 12.363105773925781
      vertex 14.0 6.0 12.554368019104004
      vertex 14.0 6.703628063201904 12.0
    endloop
  endfacet
  facet normal 0.2414027899503708 -0.40965962409973145 -0.879718005657196
    outer loop
      vertex 15.0 7.0 12.363105773925781
      vertex 15.0 6.0 12.828777313232422
      vertex 14.0 6.0 12.554368019104004
    endloop
  endfacet
  facet normal 0.0 0.0 1.0
    outer loop
      vertex 15.0 6.0 14.916943550109863
      vertex 14.0 7.0 14.916943550109863
      vertex 14.0 6.0 14.916943550109863
    endloop
  endfacet
  facet normal 0.0 0.0 1.0
    outer loop
      vertex 15.0 7.0 14.916943550109863
      vertex 14.0 7.0 14.916943550109863
      vertex 15.0 6.0 14.916943550109863
    endloop
  endfacet
  facet normal 0.4809968173503876 -0.6278842687606812 -0.6118851900100708
    outer loop
      vertex 14.0 8.0 10.92490291595459
      vertex 14.095532417297363 8.0 11.0
      vertex 14.0 7.926816463470459 11.0
    endloop
  endfacet
  facet normal 0.433445006608963 -0.5658109784126282 -0.7014152407646179
    outer loop
      vertex 14.095532417297363 8.0 11.0
      vertex 15.0 8.0 11.55892276763916
      vertex 14.0 7.926816463470459 11.0
    endloop
  endfacet
  facet normal 0.43344470858573914 -0.5658121109008789 -0.7014145255088806
    outer loop
      vertex 14.0 7.926816463470459 11.0
      vertex 15.0 8.0 11.55892276763916
      vertex 14.0 7.0 11.747637748718262
    endloop
  endfacet
  facet normal 0.3938749432563782 -0.5349333882331848 -0.7474682927131653
    outer loop
      vertex 15.0 8.0 11.55892276763916
      vertex 15.0 7.383677959442139 12.0
      vertex 14.0 7.0 11.747637748718262
    endloop
  endfacet
  facet normal 0.39387497305870056 -0.5349336862564087 -0.7474680542945862
    outer loop
      vertex 15.0 7.383677959442139 12.0
      vertex 14.478915214538574 7.0 12.0
      vertex 14.0 7.0 11.747637748718262
    endloop
  endfacet
  facet normal 0.4515712559223175 -0.6132927536964417 -0.6480395793914795
    outer loop
      vertex 14.478915214538574 7.0 12.0
      vertex 15.0 7.383677959442139 12.0
      vertex 15.0 7.0 12.363105773925781
    endloop
  endfacet
  facet normal 0.0 0.0 1.0
    outer loop
      vertex 15.0 7.0 14.916943550109863
      vertex 14.0 8.0 14.916943550109863
      vertex 14.0 7.0 14.916943550109863
    endloop
  endfacet
  facet normal 0.0 0.0 1.0
    outer loop
      vertex 15.0 8.0 14.916943550109863
      vertex 14.0 8.0 14.916943550109863
      vertex 15.0 7.0 14.916943550109863
    endloop
  endfacet
  facet normal 0.6065802574157715 -0.6065802574157715 -0.5139269232749939
    outer loop
      vertex 14.0 9.0 9.996129035949707
      vertex 14.003279685974121 9.0 10.0
      vertex 14.0 8.996720314025879 10.0
    endloop
  endfacet
  facet normal 0.5624259114265442 -0.5624259114265442 -0.6060974597930908
    outer loop
      vertex 14.003279685974121 9.0 10.0
      vertex 15.0 9.0 10.92490291595459
      vertex 14.0 8.996720314025879 10.0
    endloop
  endfacet
  facet normal 0.5624259114265442 -0.5624259114265442 -0.6060974597930908
    outer loop
      vertex 14.0 8.996720314025879 10.0
      vertex 15.0 9.0 10.92490291595459
      vertex 14.0 8.0 10.92490291595459
    endloop
  endfacet
  facet normal 0.525712788105011 -0.525712788105011 -0.6687691807746887
    outer loop
      vertex 15.0 9.0 10.92490291595459
      vertex 15.0 8.904467582702637 11.0
      vertex 14.0 8.0 10.92490291595459
    endloop
  endfacet
  facet normal 0.5257127285003662 -0.5257127285003662 -0.6687692403793335
    outer loop
      vertex 15.0 8.904467582702637 11.0
      vertex 14.095532417297363 8.0 11.0
      vertex 14.0 8.0 10.92490291595459
    endloop
  endfacet
  facet normal 0.46530860662460327 -0.46530860662460327 -0.7529780268669128
    outer loop
      vertex 14.095532417297363 8.0 11.0
      vertex 15.0 8.904467582702637 11.0
      vertex 15.0 8.0 11.55892276763916
    endloop
  endfacet
  facet normal 0.0 0.0 1.0
    outer loop
      vertex 15.0 8.0 14.916943550109863
      vertex 14.0 9.0 14.916943550109863
      vertex 14.0 8.0 14.916943550109863
    endloop
  endfacet
  facet normal 0.0 0.0 1.0
    outer loop
      vertex 15.0 9.0 14.916943550109863
      vertex 14.0 9.0 14.916943550109863
      vertex 15.0 8.0 14.916943550109863
    endloop
  endfacet
  facet normal 0.7272427678108215 -0.47175389528274536 -0.4985642731189728
    outer loop
      vertex 14.0 10.0 9.048991203308105
      vertex 14.651968002319336 10.0 10.0
      vertex 14.003279685974121 9.0 10.0
    endloop
  endfacet
  facet normal 0.6506980061531067 -0.522162675857544 -0.551305890083313
    outer loop
      vertex 14.0 10.0 9.048991203308105
      vertex 14.003279685974121 9.0 10.0
      vertex 14.0 9.0 9.996129035949707
    endloop
  endfacet
  facet normal 0.6264954805374146 -0.38946977257728577 -0.6751419901847839
    outer loop
      vertex 15.0 9.0 10.92490291595459
      vertex 14.003279685974121 9.0 10.0
      vertex 15.0 10.0 10.348031997680664
    endloop
  endfacet
  facet normal 0.6427185535430908 -0.41692402958869934 -0.6427185535430908
    outer loop
      vertex 15.0 10.0 10.348031997680664
      vertex 14.003279685974121 9.0 10.0
      vertex 14.651968002319336 10.0 10.0
    endloop
  endfacet
  facet normal 0.0 0.0 1.0
    outer loop
      vertex 15.0 9.0 14.916943550109863
      vertex 14.0 10.0 14.916943550109863
      vertex 14.0 9.0 14.916943550109863
    endloop
  endfacet
  facet normal 0.0 0.0 1.0
    outer loop
      vertex 15.0 10.0 14.916943550109863
      vertex 14.0 10.0 14.916943550109863
      vertex 15.0 9.0 14.916943550109863
    endloop
  endfacet
  facet normal 0.8801860809326172 -0.3266837000846863 -0.34431135654449463
    outer loop
      vertex 14.0 11.0 8.118708610534668
      vertex 14.344743728637695 11.0 9.0
      vertex 14.0 10.071154594421387 9.0
    endloop
  endfacet
  facet normal 0.7979702949523926 -0.2961690425872803 -0.5249069333076477
    outer loop
      vertex 14.344743728637695 11.0 9.0
      vertex 15.0 11.0 9.996129035949707
      vertex 14.0 10.071154594421387 9.0
    endloop
  endfacet
  facet normal 0.8029672503471375 -0.3380034565925598 -0.49091461300849915
    outer loop
      vertex 14.0 10.071154594421387 9.0
      vertex 15.0 11.0 9.996129035949707
      vertex 14.0 10.0 9.048991203308105
    endloop
  endfacet
  facet normal 0.7833899855613708 -0.24061933159828186 -0.5730640888214111
    outer loop
      vertex 15.0 11.0 9.996129035949707
      vertex 15.0 10.9907808303833 10.0
      vertex 14.0 10.0 9.048991203308105
    endloop
  endfacet
  facet normal 0.7922111749649048 -0.2782803475856781 -0.5431036353111267
    outer loop
      vertex 15.0 10.9907808303833 10.0
      vertex 14.651968002319336 10.0 10.0
      vertex 14.0 10.0 9.048991203308105
    endloop
  endfacet
  facet normal 0.6862542629241943 -0.24106083810329437 -0.6862542629241943
    outer loop
      vertex 14.651968002319336 10.0 10.0
      vertex 15.0 10.9907808303833 10.0
      vertex 15.0 10.0 10.348031997680664
    endloop
  endfacet
  facet normal 0.0 0.0 1.0
    outer loop
      vertex 15.0 10.0 14.916943550109863
      vertex 14.0 11.0 14.916943550109863
      vertex 14.0 10.0 14.916943550109863
    endloop
  endfacet
  facet normal 0.0 0.0 1.0
    outer loop
      vertex 15.0 11.0 14.916943550109863
      vertex 14.0 11.0 14.916943550109863
      vertex 15.0 10.0 14.916943550109863
    endloop
  endfacet
  facet normal 0.9312819838523865 0.0 -0.36429905891418457
    outer loop
      vertex 14.0 12.0 8.118708610534668
      vertex 14.344743728637695 12.0 9.0
      vertex 14.344743728637695 11.0 9.0
    endloop
  endfacet
  facet normal 0.9312819838523865 0.0 -0.36429905891418457
    outer loop
      vertex 14.0 12.0 8.118708610534668
      vertex 14.344743728637695 11.0 9.0
      vertex 14.0 11.0 8.118708610534668
    endloop
  endfacet
  facet normal 0.8354524374008179 0.0 -0.5495628118515015
    outer loop
      vertex 15.0 11.0 9.996129035949707
      vertex 14.344743728637695 11.0 9.0
      vertex 15.0 12.0 9.996129035949707
    endloop
  endfacet
  facet normal 0.8354524374008179 0.0 -0.5495628118515015
    outer loop
      vertex 15.0 12.0 9.996129035949707
      vertex 14.344743728637695 11.0 9.0
      vertex 14.344743728637695 12.0 9.0
    endloop
  endfacet
  facet normal 0.0 0.0 1.0
    outer loop
      vertex 15.0 11.0 14.916943550109863
      vertex 14.0 12.0 14.916943550109863
      vertex 14.0 11.0 14.916943550109863
    endloop
  endfacet
  facet normal 0.0 0.0 1.0
    outer loop
      vertex 15.0 12.0 14.916943550109863
      vertex 14.0 12.0 14.916943550109863
      vertex 15.0 11.0 14.916943550109863
    endloop
  endfacet
  facet normal 0.8801860809326172 0.3266837000846863 -0.34431135654449463
    outer loop
      vertex 14.0 12.928845405578613 9.0
      vertex 14.344743728637695 12.0 9.0
      vertex 14.0 12.0 8.118708610534668
    endloop
  endfacet
  facet normal 0.7922111749649048 0.2782803475856781 -0.5431036353111267
    outer loop
      vertex 14.651968002319336 13.0 10.0
      vertex 15.0 12.0092191696167 10.0
      vertex 14.0 13.0 9.048991203308105
    endloop
  endfacet
  facet normal 0.8025347590446472 0.3383336365222931 -0.49139419198036194
    outer loop
      vertex 14.0 13.0 9.048991203308105
      vertex 15.0 12.0092191696167 10.0
      vertex 14.0 12.928845405578613 9.0
    endloop
  endfacet
  facet normal 0.7875674962997437 0.23856665194034576 -0.5681753754615784
    outer loop
      vertex 15.0 12.0092191696167 10.0
      vertex 15.0 12.0 9.996129035949707
      vertex 14.0 12.928845405578613 9.0
    endloop
  endfacet
  facet normal 0.7979702949523926 0.2961690425872803 -0.5249069333076477
    outer loop
      vertex 15.0 12.0 9.996129035949707
      vertex 14.344743728637695 12.0 9.0
      vertex 14.0 12.928845405578613 9.0
    endloop
  endfacet
  facet normal 0.6862542629241943 0.24106083810329437 -0.6862542629241943
    outer loop
      vertex 14.651968002319336 13.0 10.0
      vertex 15.0 13.0 10.348031997680664
      vertex 15.0 12.0092191696167 10.0
    endloop
  endfacet
  facet normal 0.0 0.0 1.0
    outer loop
      vertex 15.0 12.0 14.916943550109863
      vertex 14.0 13.0 14.916943550109863
      vertex 14.0 12.0 14.916943550109863
    endloop
  endfacet
  facet normal 0.0 0.0 1.0
    outer loop
      vertex 15.0 13.0 14.916943550109863
      vertex 14.0 13.0 14.916943550109863
      vertex 15.0 12.0 14.916943550109863
    endloop
  endfacet
  facet normal 0.6838041543960571 0.44357576966285706 -0.5793551206588745
    outer loop
      vertex 14.0 14.0 9.996129035949707
      vertex 14.003279685974121 14.0 10.0
      vertex 14.651968002319336 13.0 10.0
    endloop
  endfacet
  facet normal 0.7270865440368652 0.4721076488494873 -0.4984571635723114
    outer loop
      vertex 14.0 14.0 9.996129035949707
      vertex 14.651968002319336 13.0 10.0
      vertex 14.0 13.0 9.048991203308105
    endloop
  endfacet
  facet normal 0.6547313332557678 0.3776954710483551 -0.6547313332557678
    outer loop
      vertex 15.0 13.0 10.348031997680664
      vertex 14.651968002319336 13.0 10.0
      vertex 15.0 14.0 10.92490291595459
    endloop
  endfacet
  facet normal 0.622316837310791 0.4036896228790283 -0.6706388592720032
    outer loop
      vertex 15.0 14.0 10.92490291595459
      vertex 14.651968002319336 13.0 10.0
      vertex 14.003279685974121 14.0 10.0
    endloop
  endfacet
  facet normal 0.0 0.0 1.0
    outer loop
      vertex 15.0 13.0 14.916943550109863
      vertex 14.0 14.0 14.916943550109863
      vertex 14.0 13.0 14.916943550109863
    endloop
  endfacet
  facet normal 0.0 0.0 1.0
    outer loop
      vertex 15.0 14.0 14.916943550109863
      vertex 14.0 14.0 14.916943550109863
      vertex 15.0 13.0 14.916943550109863
    endloop
  endfacet
  facet normal 0.6065802574157715 0.6065802574157715 -0.5139269232749939
    outer loop
      vertex 14.0 14.003279685974121 10.0
      vertex 14.003279685974121 14.0 10.0
      vertex 14.0 14.0 9.996129035949707
    endloop
  endfacet
  facet normal 0.525712788105011 0.525712788105011 -0.6687692403793335
    outer loop
      vertex 14.095532417297363 15.0 11.0
      vertex 15.0 14.095532417297363 11.0
      vertex 14.0 15.0 10.92490291595459
    endloop
  endfacet
  facet normal 0.5567713379859924 0.5650230050086975 -0.6088962554931641
    outer loop
      vertex 14.0 15.0 10.92490291595459
      vertex 15.0 14.095532417297363 11.0
      vertex 14.0 14.003279685974121 10.0
    endloop
  endfacet
  facet normal 0.5891698002815247 0.4993530809879303 -0.6352364420890808
    outer loop
      vertex 15.0 14.095532417297363 11.0
      vertex 15.0 14.0 10.92490291595459
      vertex 14.0 14.003279685974121 10.0
    endloop
  endfacet
  facet normal 0.562425434589386 0.5624269843101501 -0.6060969233512878
    outer loop
      vertex 15.0 14.0 10.92490291595459
      vertex 14.003279685974121 14.0 10.0
      vertex 14.0 14.003279685974121 10.0
    endloop
  endfacet
  facet normal 0.46530860662460327 0.46530860662460327 -0.7529780268669128
    outer loop
      vertex 14.095532417297363 15.0 11.0
      vertex 15.0 15.0 11.55892276763916
      vertex 15.0 14.095532417297363 11.0
    endloop
  endfacet
  facet normal 0.0 0.0 1.0
    outer loop
      vertex 15.0 14.0 14.916943550109863
      vertex 14.0 15.0 14.916943550109863
      vertex 14.0 14.0 14.916943550109863
    endloop
  endfacet
  facet normal 0.0 0.0 1.0
    outer loop
      vertex 15.0 15.0 14.916943550109863
      vertex 14.0 15.0 14.916943550109863
      vertex 15.0 14.0 14.916943550109863
    endloop
  endfacet
  facet normal 0.4809955656528473 0.6278867125511169 -0.6118835806846619
    outer loop
      vertex 14.0 15.073183059692383 11.0
      vertex 14.095532417297363 15.0 11.0
      vertex 14.0 15.0 10.92490291595459
    endloop
  endfacet
  facet normal 0.3938751220703125 0.5349332094192505 -0.7474682927131653
    outer loop
      vertex 14.478915214538574 16.0 12.0
      vertex 15.0 15.616321563720703 12.0
      vertex 14.0 16.0 11.747637748718262
    endloop
  endfacet
  facet normal 0.40067726373672485 0.5752543210983276 -0.7131200432777405
    outer loop
      vertex 14.0 16.0 11.747637748718262
      vertex 15.0 15.616321563720703 12.0
      vertex 14.0 15.073183059692383 11.0
    endloop
  endfacet
  facet normal 0.44514158368110657 0.5211384892463684 -0.7281919717788696
    outer loop
      vertex 15.0 15.616321563720703 12.0
      vertex 15.0 15.0 11.55892276763916
      vertex 14.0 15.073183059692383 11.0
    endloop
  endfacet
  facet normal 0.4334440529346466 0.5658137202262878 -0.7014136910438538
    outer loop
      vertex 15.0 15.0 11.55892276763916
      vertex 14.095532417297363 15.0 11.0
      vertex 14.0 15.073183059692383 11.0
    endloop
  endfacet
  facet normal 0.4515714943408966 0.6132922768592834 -0.6480399370193481
    outer loop
      vertex 14.478915214538574 16.0 12.0
      vertex 15.0 16.0 12.363105773925781
      vertex 15.0 15.616321563720703 12.0
    endloop
  endfacet
  facet normal 0.0 0.0 1.0
    outer loop
      vertex 15.0 15.0 14.916943550109863
      vertex 14.0 16.0 14.916943550109863
      vertex 14.0 15.0 14.916943550109863
    endloop
  endfacet
  facet normal 0.0 0.0 1.0
    outer loop
      vertex 15.0 16.0 14.916943550109863
      vertex 14.0 16.0 14.916943550109863
      vertex 15.0 15.0 14.916943550109863
    endloop
  endfacet
  facet normal 0.37235227227211 0.6016948223114014 -0.7066237926483154
    outer loop
      vertex 14.0 16.296371459960938 12.0
      vertex 14.478915214538574 16.0 12.0
      vertex 14.0 16.0 11.747637748718262
    endloop
  endfacet
  facet normal 0.35764816403388977 0.5779339671134949 -0.7335395216941833
    outer loop
      vertex 14.0 16.296371459960938 12.0
      vertex 14.0 17.0 12.554368019104004
      vertex 14.478915214538574 16.0 12.0
    endloop
  endfacet
  facet normal 0.46206578612327576 0.5888918042182922 -0.6631000638008118
    outer loop
      vertex 14.0 17.0 12.554368019104004
      vertex 15.0 16.0 12.363105773925781
      vertex 14.478915214538574 16.0 12.0
    endloop
  endfacet
  facet normal 0.2414027899503708 0.40965962409973145 -0.879718005657196
    outer loop
      vertex 14.0 17.0 12.554368019104004
      vertex 15.0 17.0 12.828777313232422
      vertex 15.0 16.0 12.363105773925781
    endloop
  endfacet
  facet normal 0.0 0.0 1.0
    outer loop
      vertex 15.0 16.0 14.916943550109863
      vertex 14.0 17.0 14.916943550109863
      vertex 14.0 16.0 14.916943550109863
    endloop
  endfacet
  facet normal 0.0 0.0 1.0
    outer loop
      vertex 15.0 17.0 14.916943550109863
      vertex 14.0 17.0 14.916943550109863
      vertex 15.0 16.0 14.916943550109863
    endloop
  endfacet
  facet normal 0.22455532848834991 0.5290774703025818 -0.8183226585388184
    outer loop
      vertex 15.0 17.264829635620117 13.0
      vertex 15.0 17.0 12.828777313232422
      vertex 14.0 17.0 12.554368019104004
    endloop
  endfacet
  facet normal 0.22763454914093018 0.5227987766265869 -0.8215011358261108
    outer loop
      vertex 15.0 17.264829635620117 13.0
      vertex 14.0 17.0 12.554368019104004
      vertex 14.0 17.700244903564453 13.0
    endloop
  endfacet
  facet normal 0.2942545711994171 0.6758021712303162 -0.6758000254631042
    outer loop
      vertex 14.0 17.700244903564453 13.0
      vertex 14.0 18.0 13.299756050109863
      vertex 15.0 17.264829635620117 13.0
    endloop
  endfacet
  facet normal 0.2006259709596634 0.5913607478141785 -0.7810516357421875
    outer loop
      vertex 15.0 17.264829635620117 13.0
      vertex 14.0 18.0 13.299756050109863
      vertex 15.0 18.0 13.556622505187988
    endloop
  endfacet
  facet normal 0.0 0.0 1.0
    outer loop
      vertex 15.0 17.0 14.916943550109863
      vertex 14.0 18.0 14.916943550109863
      vertex 14.0 17.0 14.916943550109863
    endloop
  endfacet
  facet normal 0.0 0.0 1.0
    outer loop
      vertex 15.0 18.0 14.916943550109863
      vertex 14.0 18.0 14.916943550109863
      vertex 15.0 17.0 14.916943550109863
    endloop
  endfacet
  facet normal 0.23226363956928253 0.35838642716407776 -0.904219388961792
    outer loop
      vertex 14.0 19.0 13.696105003356934
      vertex 15.0 18.0 13.556622505187988
      vertex 14.0 18.0 13.299756050109863
    endloop
  endfacet
  facet normal 0.18941940367221832 0.3189498484134674 -0.9286502003669739
    outer loop
      vertex 14.0 19.0 13.696105003356934
      vertex 15.0 19.0 13.900077819824219
      vertex 15.0 18.0 13.556622505187988
    endloop
  endfacet
  facet normal 0.0 0.0 1.0
    outer loop
      vertex 15.0 18.0 14.916943550109863
      vertex 14.0 19.0 14.916943550109863
      vertex 14.0 18.0 14.916943550109863
    endloop
  endfacet
  facet normal 0.12730734050273895 0.12730734050273895 0.9836592674255371
    outer loop
      vertex 15.0 19.0 14.787521362304688
      vertex 14.0 19.0 14.916943550109863
      vertex 15.0 18.0 14.916943550109863
    endloop
  endfacet
  facet normal 0.17670471966266632 0.4671976566314697 -0.8663150668144226
    outer loop
      vertex 15.0 19.185283660888672 14.0
      vertex 15.0 19.0 13.900077819824219
      vertex 14.0 19.0 13.696105003356934
    endloop
  endfacet
  facet normal 0.1736682504415512 0.4763762950897217 -0.8619194030761719
    outer loop
      vertex 15.0 19.185283660888672 14.0
      vertex 14.0 19.0 13.696105003356934
      vertex 14.0 19.54984474182129 14.0
    endloop
  endfacet
  facet normal 0.06641163676977158 0.8557321429252625 0.5131393671035767
    outer loop
      vertex 14.0 19.54984474182129 14.0
      vertex 14.0 19.0 14.916943550109863
      vertex 15.0 19.0 14.787521362304688
    endloop
  endfacet
  facet normal 0.3344373404979706 0.9173699021339417 0.21583369374275208
    outer loop
      vertex 14.0 19.54984474182129 14.0
      vertex 15.0 19.0 14.787521362304688
      vertex 15.0 19.185283660888672 14.0
    endloop
  endfacet
  facet normal 0.23663325607776642 -0.4611842632293701 -0.855168879032135
    outer loop
      vertex 15.0 4.0 13.900077819824219
      vertex 15.361108779907227 4.0 14.0
      vertex 15.0 3.8147153854370117 14.0
    endloop
  endfacet
  facet normal 0.4468282461166382 -0.8708418607711792 0.20488788187503815
    outer loop
      vertex 15.361108779907227 4.0 14.0
      vertex 15.0 4.0 14.787521362304688
      vertex 15.0 3.8147153854370117 14.0
    endloop
  endfacet
  facet normal 0.24642716348171234 -0.42250293493270874 -0.8722183704376221
    outer loop
      vertex 16.0 5.0 13.696105003356934
      vertex 16.0 4.372636795043945 14.0
      vertex 15.361108779907227 4.0 14.0
    endloop
  endfacet
  facet normal 0.24198168516159058 -0.4203554689884186 -0.874497652053833
    outer loop
      vertex 15.0 4.0 13.900077819824219
      vertex 16.0 5.0 13.696105003356934
      vertex 15.361108779907227 4.0 14.0
    endloop
  endfacet
  facet normal 0.13078556954860687 -0.3220404088497162 -0.9376486539840698
    outer loop
      vertex 15.0 5.0 13.556622505187988
      vertex 16.0 5.0 13.696105003356934
      vertex 15.0 4.0 13.900077819824219
    endloop
  endfacet
  facet normal 0.4908914864063263 -0.8416405320167542 0.2250925898551941
    outer loop
      vertex 15.0 4.0 14.787521362304688
      vertex 15.361108779907227 4.0 14.0
      vertex 16.0 4.372636795043945 14.0
    endloop
  endfacet
  facet normal 0.6011420488357544 -0.6595442295074463 0.4512532949447632
    outer loop
      vertex 16.0 5.0 14.916943550109863
      vertex 15.0 4.0 14.787521362304688
      vertex 16.0 4.372636795043945 14.0
    endloop
  endfacet
  facet normal 0.0 -0.12835170328617096 0.9917287230491638
    outer loop
      vertex 15.0 5.0 14.916943550109863
      vertex 15.0 4.0 14.787521362304688
      vertex 16.0 5.0 14.916943550109863
    endloop
  endfacet
  facet normal 0.34642863273620605 -0.5093231201171875 -0.787767231464386
    outer loop
      vertex 15.0 6.0 12.828777313232422
      vertex 15.389354705810547 6.0 13.0
      vertex 15.0 5.735170841217041 13.0
    endloop
  endfacet
  facet normal 0.433264821767807 -0.6369906663894653 -0.6375926733016968
    outer loop
      vertex 15.389354705810547 6.0 13.0
      vertex 16.0 6.0 13.414953231811523
      vertex 15.0 5.735170841217041 13.0
    endloop
  endfacet
  facet normal 0.44051188230514526 -0.5419101715087891 -0.7157391905784607
    outer loop
      vertex 16.0 6.0 13.414953231811523
      vertex 15.0 5.0 13.556622505187988
      vertex 15.0 5.735170841217041 13.0
    endloop
  endfacet
  facet normal 0.13308201730251312 -0.2682504653930664 -0.9541126489639282
    outer loop
      vertex 16.0 6.0 13.414953231811523
      vertex 16.0 5.0 13.696105003356934
      vertex 15.0 5.0 13.556622505187988
    endloop
  endfacet
  facet normal 0.0 0.0 1.0
    outer loop
      vertex 16.0 5.0 14.916943550109863
      vertex 15.0 6.0 14.916943550109863
      vertex 15.0 5.0 14.916943550109863
    endloop
  endfacet
  facet normal 0.0 0.0 1.0
    outer loop
      vertex 16.0 6.0 14.916943550109863
      vertex 15.0 6.0 14.916943550109863
      vertex 16.0 5.0 14.916943550109863
    endloop
  endfacet
  facet normal 0.35875648260116577 -0.45361393690109253 -0.8157990574836731
    outer loop
      vertex 16.0 7.0 12.712501525878906
      vertex 16.0 6.482950210571289 13.0
      vertex 15.389354705810547 6.0 13.0
    endloop
  endfacet
  facet normal 0.35875606536865234 -0.4536137878894806 -0.815799355506897
    outer loop
      vertex 15.0 6.0 12.828777313232422
      vertex 16.0 7.0 12.712501525878906
      vertex 15.389354705810547 6.0 13.0
    endloop
  endfacet
  facet normal 0.3019528090953827 -0.40244001150131226 -0.8642143607139587
    outer loop
      vertex 15.0 7.0 12.363105773925781
      vertex 16.0 7.0 12.712501525878906
      vertex 15.0 6.0 12.828777313232422
    endloop
  endfacet
  facet normal 0.45814087986946106 -0.5792762041091919 -0.6742002367973328
    outer loop
      vertex 15.389354705810547 6.0 13.0
      vertex 16.0 6.482950210571289 13.0
      vertex 16.0 6.0 13.414953231811523
    endloop
  endfacet
  facet normal 0.0 0.0 1.0
    outer loop
      vertex 16.0 6.0 14.916943550109863
      vertex 15.0 7.0 14.916943550109863
      vertex 15.0 6.0 14.916943550109863
    endloop
  endfacet
  facet normal 0.0 0.0 1.0
    outer loop
      vertex 16.0 7.0 14.916943550109863
      vertex 15.0 7.0 14.916943550109863
      vertex 16.0 6.0 14.916943550109863
    endloop
  endfacet
  facet normal 0.5029971599578857 -0.5029967427253723 -0.7028428912162781
    outer loop
      vertex 15.0 8.0 11.55892276763916
      vertex 15.616321563720703 8.0 12.0
      vertex 15.0 7.383677959442139 12.0
    endloop
  endfacet
  facet normal 0.5664541721343994 -0.566453754901886 -0.5985480546951294
    outer loop
      vertex 15.616321563720703 8.0 12.0
      vertex 16.0 8.0 12.363105773925781
      vertex 15.0 7.383677959442139 12.0
    endloop
  endfacet
  facet normal 0.566454291343689 -0.566454291343689 -0.5985474586486816
    outer loop
      vertex 16.0 8.0 12.363105773925781
      vertex 15.0 7.0 12.363105773925781
      vertex 15.0 7.383677959442139 12.0
    endloop
  endfacet
  facet normal 0.3132423162460327 -0.3132423162460327 -0.8965258002281189
    outer loop
      vertex 16.0 8.0 12.363105773925781
      vertex 16.0 7.0 12.712501525878906
      vertex 15.0 7.0 12.363105773925781
    endloop
  endfacet
  facet normal 0.0 0.0 1.0
    outer loop
      vertex 16.0 7.0 14.916943550109863
      vertex 15.0 8.0 14.916943550109863
      vertex 15.0 7.0 14.916943550109863
    endloop
  endfacet
  facet normal 0.0 0.0 1.0
    outer loop
      vertex 16.0 8.0 14.916943550109863
      vertex 15.0 8.0 14.916943550109863
      vertex 16.0 7.0 14.916943550109863
    endloop
  endfacet
  facet normal 0.6278867125511169 -0.4809955656528473 -0.6118835806846619
    outer loop
      vertex 15.0 9.0 10.92490291595459
      vertex 15.073183059692383 9.0 11.0
      vertex 15.0 8.904467582702637 11.0
    endloop
  endfacet
  facet normal 0.565812349319458 -0.43344324827194214 -0.7014151811599731
    outer loop
      vertex 15.073183059692383 9.0 11.0
      vertex 16.0 9.0 11.747637748718262
      vertex 15.0 8.904467582702637 11.0
    endloop
  endfacet
  facet normal 0.5658120512962341 -0.4334445893764496 -0.7014145851135254
    outer loop
      vertex 15.0 8.904467582702637 11.0
      vertex 16.0 9.0 11.747637748718262
      vertex 15.0 8.0 11.55892276763916
    endloop
  endfacet
  facet normal 0.5349334478378296 -0.39387503266334534 -0.7474681735038757
    outer loop
      vertex 16.0 9.0 11.747637748718262
      vertex 16.0 8.521084785461426 12.0
      vertex 15.0 8.0 11.55892276763916
    endloop
  endfacet
  facet normal 0.5349335670471191 -0.3938753604888916 -0.7474679350852966
    outer loop
      vertex 16.0 8.521084785461426 12.0
      vertex 15.616321563720703 8.0 12.0
      vertex 15.0 8.0 11.55892276763916
    endloop
  endfacet
  facet normal 0.6132922768592834 -0.4515714943408966 -0.6480399370193481
    outer loop
      vertex 15.616321563720703 8.0 12.0
      vertex 16.0 8.521084785461426 12.0
      vertex 16.0 8.0 12.363105773925781
    endloop
  endfacet
  facet normal 0.0 0.0 1.0
    outer loop
      vertex 16.0 8.0 14.916943550109863
      vertex 15.0 9.0 14.916943550109863
      vertex 15.0 8.0 14.916943550109863
    endloop
  endfacet
  facet normal 0.0 0.0 1.0
    outer loop
      vertex 16.0 9.0 14.916943550109863
      vertex 15.0 9.0 14.916943550109863
      vertex 16.0 8.0 14.916943550109863
    endloop
  endfacet
  facet normal 0.7047048211097717 -0.35058286786079407 -0.6168329119682312
    outer loop
      vertex 15.0 10.0 10.348031997680664
      vertex 15.570672035217285 10.0 11.0
      vertex 15.073183059692383 9.0 11.0
    endloop
  endfacet
  facet normal 0.6643517017364502 -0.3734772801399231 -0.6474191546440125
    outer loop
      vertex 15.0 10.0 10.348031997680664
      vertex 15.073183059692383 9.0 11.0
      vertex 15.0 9.0 10.92490291595459
    endloop
  endfacet
  facet normal 0.6094316840171814 -0.24047932028770447 -0.7554883360862732
    outer loop
      vertex 16.0 9.0 11.747637748718262
      vertex 15.073183059692383 9.0 11.0
      vertex 16.0 10.0 11.429327964782715
    endloop
  endfacet
  facet normal 0.6670380234718323 -0.3318440318107605 -0.6670380234718323
    outer loop
      vertex 16.0 10.0 11.429327964782715
      vertex 15.073183059692383 9.0 11.0
      vertex 15.570672035217285 10.0 11.0
    endloop
  endfacet
  facet normal 0.0 0.0 1.0
    outer loop
      vertex 16.0 9.0 14.916943550109863
      vertex 15.0 10.0 14.916943550109863
      vertex 15.0 9.0 14.916943550109863
    endloop
  endfacet
  facet normal 0.0 0.0 1.0
    outer loop
      vertex 16.0 10.0 14.916943550109863
      vertex 15.0 10.0 14.916943550109863
      vertex 16.0 9.0 14.916943550109863
    endloop
  endfacet
  facet normal 0.8157082796096802 -0.22394640743732452 -0.5333554744720459
    outer loop
      vertex 15.0 11.0 9.996129035949707
      vertex 15.002531051635742 11.0 10.0
      vertex 15.0 10.9907808303833 10.0
    endloop
  endfacet
  facet normal 0.7330977320671082 -0.22540511190891266 -0.641685426235199
    outer loop
      vertex 15.570672035217285 10.0 11.0
      vertex 15.0 10.0 10.348031997680664
      vertex 15.0 10.9907808303833 10.0
    endloop
  endfacet
  facet normal 0.7483787536621094 -0.20546159148216248 -0.6306462287902832
    outer loop
      vertex 15.002531051635742 11.0 10.0
      vertex 15.570672035217285 10.0 11.0
      vertex 15.0 10.9907808303833 10.0
    endloop
  endfacet
  facet normal 0.7908018231391907 -0.14529109001159668 -0.5945780277252197
    outer loop
      vertex 15.754398345947266 11.0 11.0
      vertex 15.570672035217285 10.0 11.0
      vertex 15.002531051635742 11.0 10.0
    endloop
  endfacet
  facet normal 0.701214075088501 -0.12883147597312927 -0.701214075088501
    outer loop
      vertex 16.0 10.0 11.429327964782715
      vertex 15.570672035217285 10.0 11.0
      vertex 16.0 11.0 11.245601654052734
    endloop
  endfacet
  facet normal 0.701214075088501 -0.12883147597312927 -0.701214075088501
    outer loop
      vertex 16.0 11.0 11.245601654052734
      vertex 15.570672035217285 10.0 11.0
      vertex 15.754398345947266 11.0 11.0
    endloop
  endfacet
  facet normal 0.0 0.0 1.0
    outer loop
      vertex 16.0 10.0 14.916943550109863
      vertex 15.0 11.0 14.916943550109863
      vertex 15.0 10.0 14.916943550109863
    endloop
  endfacet
  facet normal 0.0 0.0 1.0
    outer loop
      vertex 16.0 11.0 14.916943550109863
      vertex 15.0 11.0 14.916943550109863
      vertex 16.0 10.0 14.916943550109863
    endloop
  endfacet
  facet normal 0.8369660377502441 0.0 -0.5472549796104431
    outer loop
      vertex 15.0 12.0 9.996129035949707
      vertex 15.002531051635742 12.0 10.0
      vertex 15.002531051635742 11.0 10.0
    endloop
  endfacet
  facet normal 0.8369660377502441 0.0 -0.5472549796104431
    outer loop
      vertex 15.0 12.0 9.996129035949707
      vertex 15.002531051635742 11.0 10.0
      vertex 15.0 11.0 9.996129035949707
    endloop
  endfacet
  facet normal 0.7992830276489258 0.0 -0.6009547710418701
    outer loop
      vertex 15.002531051635742 11.0 10.0
      vertex 15.754398345947266 12.0 11.0
      vertex 15.754398345947266 11.0 11.0
    endloop
  endfacet
  facet normal 0.7992830276489258 0.0 -0.6009547710418701
    outer loop
      vertex 15.002531051635742 11.0 10.0
      vertex 15.002531051635742 12.0 10.0
      vertex 15.754398345947266 12.0 11.0
    endloop
  endfacet
  facet normal 0.7071067690849304 0.0 -0.7071067690849304
    outer loop
      vertex 16.0 11.0 11.245601654052734
      vertex 15.754398345947266 11.0 11.0
      vertex 16.0 12.0 11.245601654052734
    endloop
  endfacet
  facet normal 0.7071067690849304 0.0 -0.7071067690849304
    outer loop
      vertex 16.0 12.0 11.245601654052734
      vertex 15.754398345947266 11.0 11.0
      vertex 15.754398345947266 12.0 11.0
    endloop
  endfacet
  facet normal 0.0 0.0 1.0
    outer loop
      vertex 16.0 11.0 14.916943550109863
      vertex 15.0 12.0 14.916943550109863
      vertex 15.0 11.0 14.916943550109863
    endloop
  endfacet
  facet normal 0.0 0.0 1.0
    outer loop
      vertex 16.0 12.0 14.916943550109863
      vertex 15.0 12.0 14.916943550109863
      vertex 16.0 11.0 14.916943550109863
    endloop
  endfacet
  facet normal 0.8157082796096802 0.22394640743732452 -0.5333554744720459
    outer loop
      vertex 15.0 12.0092191696167 10.0
      vertex 15.002531051635742 12.0 10.0
      vertex 15.0 12.0 9.996129035949707
    endloop
  endfacet
  facet normal 0.7700915336608887 0.21142266690731049 -0.6018800735473633
    outer loop
      vertex 15.002531051635742 12.0 10.0
      vertex 15.0 12.0092191696167 10.0
      vertex 15.0 13.0 10.348031997680664
    endloop
  endfacet
  facet normal 0.7331345081329346 0.22519385814666748 -0.6417176723480225
    outer loop
      vertex 15.570672035217285 13.0 11.0
      vertex 15.002531051635742 12.0 10.0
      vertex 15.0 13.0 10.348031997680664
    endloop
  endfacet
  facet normal 0.7908018231391907 0.14529109001159668 -0.5945780277252197
    outer loop
      vertex 15.754398345947266 12.0 11.0
      vertex 15.002531051635742 12.0 10.0
      vertex 15.570672035217285 13.0 11.0
    endloop
  endfacet
  facet normal 0.701214075088501 0.12883147597312927 -0.701214075088501
    outer loop
      vertex 16.0 12.0 11.245601654052734
      vertex 15.754398345947266 12.0 11.0
      vertex 16.0 13.0 11.429327964782715
    endloop
  endfacet
  facet normal 0.701214075088501 0.12883149087429047 -0.701214075088501
    outer loop
      vertex 16.0 13.0 11.429327964782715
      vertex 15.754398345947266 12.0 11.0
      vertex 15.570672035217285 13.0 11.0
    endloop
  endfacet
  facet normal 0.0 0.0 1.0
    outer loop
      vertex 16.0 12.0 14.916943550109863
      vertex 15.0 13.0 14.916943550109863
      vertex 15.0 12.0 14.916943550109863
    endloop
  endfacet
  facet normal 0.0 0.0 1.0
    outer loop
      vertex 16.0 13.0 14.916943550109863
      vertex 15.0 13.0 14.916943550109863
      vertex 16.0 12.0 14.916943550109863
    endloop
  endfacet
  facet normal 0.6746338605880737 0.3356229066848755 -0.6574392318725586
    outer loop
      vertex 15.0 14.0 10.92490291595459
      vertex 15.073183059692383 14.0 11.0
      vertex 15.570672035217285 13.0 11.0
    endloop
  endfacet
  facet normal 0.7034016251564026 0.3551749587059021 -0.6156921982765198
    outer loop
      vertex 15.0 14.0 10.92490291595459
      vertex 15.570672035217285 13.0 11.0
      vertex 15.0 13.0 10.348031997680664
    endloop
  endfacet
  facet normal 0.6898486018180847 0.2195855677127838 -0.6898486018180847
    outer loop
      vertex 16.0 13.0 11.429327964782715
      vertex 15.570672035217285 13.0 11.0
      vertex 16.0 14.0 11.747637748718262
    endloop
  endfacet
  facet normal 0.5993018746376038 0.2981460392475128 -0.7429308295249939
    outer loop
      vertex 16.0 14.0 11.747637748718262
      vertex 15.570672035217285 13.0 11.0
      vertex 15.073183059692383 14.0 11.0
    endloop
  endfacet
  facet normal 0.0 0.0 1.0
    outer loop
      vertex 16.0 13.0 14.916943550109863
      vertex 15.0 14.0 14.916943550109863
      vertex 15.0 13.0 14.916943550109863
    endloop
  endfacet
  facet normal 0.0 0.0 1.0
    outer loop
      vertex 16.0 14.0 14.916943550109863
      vertex 15.0 14.0 14.916943550109863
      vertex 16.0 13.0 14.916943550109863
    endloop
  endfacet
  facet normal 0.6278867125511169 0.4809955656528473 -0.6118835806846619
    outer loop
      vertex 15.0 14.095532417297363 11.0
      vertex 15.073183059692383 14.0 11.0
      vertex 15.0 14.0 10.92490291595459
    endloop
  endfacet
  facet normal 0.5349335670471191 0.3938753604888916 -0.7474679350852966
    outer loop
      vertex 15.616321563720703 15.0 12.0
      vertex 16.0 14.478915214538574 12.0
      vertex 15.0 15.0 11.55892276763916
    endloop
  endfacet
  facet normal 0.5444820523262024 0.44092944264411926 -0.7135268449783325
    outer loop
      vertex 15.0 15.0 11.55892276763916
      vertex 16.0 14.478915214538574 12.0
      vertex 15.0 14.095532417297363 11.0
    endloop
  endfacet
  facet normal 0.5767266750335693 0.3808419704437256 -0.7227349281311035
    outer loop
      vertex 16.0 14.478915214538574 12.0
      vertex 16.0 14.0 11.747637748718262
      vertex 15.0 14.095532417297363 11.0
    endloop
  endfacet
  facet normal 0.5658122897148132 0.4334433674812317 -0.7014151215553284
    outer loop
      vertex 16.0 14.0 11.747637748718262
      vertex 15.073183059692383 14.0 11.0
      vertex 15.0 14.095532417297363 11.0
    endloop
  endfacet
  facet normal 0.6132922768592834 0.4515714943408966 -0.6480399370193481
    outer loop
      vertex 15.616321563720703 15.0 12.0
      vertex 16.0 15.0 12.363105773925781
      vertex 16.0 14.478915214538574 12.0
    endloop
  endfacet
  facet normal 0.0 0.0 1.0
    outer loop
      vertex 16.0 14.0 14.916943550109863
      vertex 15.0 15.0 14.916943550109863
      vertex 15.0 14.0 14.916943550109863
    endloop
  endfacet
  facet normal 0.0 0.0 1.0
    outer loop
      vertex 16.0 15.0 14.916943550109863
      vertex 15.0 15.0 14.916943550109863
      vertex 16.0 14.0 14.916943550109863
    endloop
  endfacet
  facet normal 0.5029970407485962 0.5029970407485962 -0.7028427124023438
    outer loop
      vertex 15.0 15.616321563720703 12.0
      vertex 15.616321563720703 15.0 12.0
      vertex 15.0 15.0 11.55892276763916
    endloop
  endfacet
  facet normal 0.5664540529251099 0.5664540529251099 -0.5985479354858398
    outer loop
      vertex 15.0 15.616321563720703 12.0
      vertex 15.0 16.0 12.363105773925781
      vertex 15.616321563720703 15.0 12.0
    endloop
  endfacet
  facet normal 0.5664540529251099 0.5664540529251099 -0.5985479354858398
    outer loop
      vertex 15.0 16.0 12.363105773925781
      vertex 16.0 15.0 12.363105773925781
      vertex 15.616321563720703 15.0 12.0
    endloop
  endfacet
  facet normal 0.3132423162460327 0.3132423162460327 -0.8965258002281189
    outer loop
      vertex 15.0 16.0 12.363105773925781
      vertex 16.0 16.0 12.712501525878906
      vertex 16.0 15.0 12.363105773925781
    endloop
  endfacet
  facet normal 0.0 0.0 1.0
    outer loop
      vertex 16.0 15.0 14.916943550109863
      vertex 15.0 16.0 14.916943550109863
      vertex 15.0 15.0 14.916943550109863
    endloop
  endfacet
  facet normal 0.0 0.0 1.0
    outer loop
      vertex 16.0 16.0 14.916943550109863
      vertex 15.0 16.0 14.916943550109863
      vertex 16.0 15.0 14.916943550109863
    endloop
  endfacet
  facet normal 0.3587561547756195 0.4536135196685791 -0.8157995343208313
    outer loop
      vertex 15.0 17.0 12.828777313232422
      vertex 15.389354705810547 17.0 13.0
      vertex 16.0 16.51704978942871 13.0
    endloop
  endfacet
  facet normal 0.35875630378723145 0.4536139965057373 -0.8157991766929626
    outer loop
      vertex 16.0 16.0 12.712501525878906
      vertex 15.0 17.0 12.828777313232422
      vertex 16.0 16.51704978942871 13.0
    endloop
  endfacet
  facet normal 0.3019528090953827 0.40244001150131226 -0.8642143607139587
    outer loop
      vertex 15.0 16.0 12.363105773925781
      vertex 15.0 17.0 12.828777313232422
      vertex 16.0 16.0 12.712501525878906
    endloop
  endfacet
  facet normal 0.45814087986946106 0.5792762041091919 -0.6742002367973328
    outer loop
      vertex 15.389354705810547 17.0 13.0
      vertex 16.0 17.0 13.414953231811523
      vertex 16.0 16.51704978942871 13.0
    endloop
  endfacet
  facet normal 0.0 0.0 1.0
    outer loop
      vertex 16.0 16.0 14.916943550109863
      vertex 15.0 17.0 14.916943550109863
      vertex 15.0 16.0 14.916943550109863
    endloop
  endfacet
  facet normal 0.0 0.0 1.0
    outer loop
      vertex 16.0 17.0 14.916943550109863
      vertex 15.0 17.0 14.916943550109863
      vertex 16.0 16.0 14.916943550109863
    endloop
  endfacet
  facet normal 0.346428781747818 0.5093224048614502 -0.7877675890922546
    outer loop
      vertex 15.0 17.264829635620117 13.0
      vertex 15.389354705810547 17.0 13.0
      vertex 15.0 17.0 12.828777313232422
    endloop
  endfacet
  facet normal 0.3798103332519531 0.5584002733230591 -0.7375183701515198
    outer loop
      vertex 15.0 17.264829635620117 13.0
      vertex 15.0 18.0 13.556622505187988
      vertex 15.389354705810547 17.0 13.0
    endloop
  endfacet
  facet normal 0.4649386405944824 0.5618693232536316 -0.6842038035392761
    outer loop
      vertex 15.0 18.0 13.556622505187988
      vertex 16.0 17.0 13.414953231811523
      vertex 15.389354705810547 17.0 13.0
    endloop
  endfacet
  facet normal 0.13308201730251312 0.2682504653930664 -0.9541126489639282
    outer loop
      vertex 15.0 18.0 13.556622505187988
      vertex 16.0 18.0 13.696105003356934
      vertex 16.0 17.0 13.414953231811523
    endloop
  endfacet
  facet normal 0.0 0.0 1.0
    outer loop
      vertex 16.0 17.0 14.916943550109863
      vertex 15.0 18.0 14.916943550109863
      vertex 15.0 17.0 14.916943550109863
    endloop
  endfacet
  facet normal 0.0 0.0 1.0
    outer loop
      vertex 16.0 18.0 14.916943550109863
      vertex 15.0 18.0 14.916943550109863
      vertex 16.0 17.0 14.916943550109863
    endloop
  endfacet
  facet normal 0.24253681302070618 0.41583290696144104 -0.8765037655830383
    outer loop
      vertex 15.0 19.0 13.900077819824219
      vertex 15.361108779907227 19.0 14.0
      vertex 16.0 18.627363204956055 14.0
    endloop
  endfacet
  facet normal 0.2447042614221573 0.4226932227611542 -0.8726111650466919
    outer loop
      vertex 16.0 18.0 13.696105003356934
      vertex 15.0 19.0 13.900077819824219
      vertex 16.0 18.627363204956055 14.0
    endloop
  endfacet
  facet normal 0.13078556954860687 0.3220404088497162 -0.9376486539840698
    outer loop
      vertex 15.0 18.0 13.556622505187988
      vertex 15.0 19.0 13.900077819824219
      vertex 16.0 18.0 13.696105003356934
    endloop
  endfacet
  facet normal 0.43373382091522217 0.7436429858207703 0.5087927579879761
    outer loop
      vertex 16.0 18.0 14.916943550109863
      vertex 16.0 18.627363204956055 14.0
      vertex 15.361108779907227 19.0 14.0
    endloop
  endfacet
  facet normal 0.6547749042510986 0.6936325430870056 0.3002394437789917
    outer loop
      vertex 15.0 19.0 14.787521362304688
      vertex 16.0 18.0 14.916943550109863
      vertex 15.361108779907227 19.0 14.0
    endloop
  endfacet
  facet normal -0.0 0.12835170328617096 0.9917287230491638
    outer loop
      vertex 15.0 18.0 14.916943550109863
      vertex 16.0 18.0 14.916943550109863
      vertex 15.0 19.0 14.787521362304688
    endloop
  endfacet
  facet normal 0.23663298785686493 0.46118611097335815 -0.8551679253578186
    outer loop
      vertex 15.0 19.185283660888672 14.0
      vertex 15.361108779907227 19.0 14.0
      vertex 15.0 19.0 13.900077819824219
    endloop
  endfacet
  facet normal 0.4468264877796173 0.8708429336547852 0.20488709211349487
    outer loop
      vertex 15.361108779907227 19.0 14.0
      vertex 15.0 19.185283660888672 14.0
      vertex 15.0 19.0 14.787521362304688
    endloop
  endfacet
  facet normal 0.2965933084487915 -0.41633111238479614 -0.8594771027565002
    outer loop
      vertex 16.0 5.0 13.696105003356934
      vertex 16.88063621520996 5.0 14.0
      vertex 16.0 4.372636795043945 14.0
    endloop
  endfacet
  facet normal 0.5068391561508179 -0.7114553451538086 0.48677030205726624
    outer loop
      vertex 16.88063621520996 5.0 14.0
      vertex 16.0 5.0 14.916943550109863
      vertex 16.0 4.372636795043945 14.0
    endloop
  endfacet
  facet normal 0.33042091131210327 -0.3304235339164734 -0.884105384349823
    outer loop
      vertex 17.0 6.0 13.670872688293457
      vertex 17.0 5.119362831115723 14.0
      vertex 16.88063621520996 5.0 14.0
    endloop
  endfacet
  facet normal 0.30788904428482056 -0.33040156960487366 -0.8922103047370911
    outer loop
      vertex 16.0 5.0 13.696105003356934
      vertex 17.0 6.0 13.670872688293457
      vertex 16.88063621520996 5.0 14.0
    endloop
  endfacet
  facet normal 0.23921456933021545 -0.2627998888492584 -0.9347259998321533
    outer loop
      vertex 16.0 6.0 13.414953231811523
      vertex 17.0 6.0 13.670872688293457
      vertex 16.0 5.0 13.696105003356934
    endloop
  endfacet
  facet normal 0.5849661827087402 -0.5849708914756775 0.5618038177490234
    outer loop
      vertex 16.0 5.0 14.916943550109863
      vertex 16.88063621520996 5.0 14.0
      vertex 17.0 5.119362831115723 14.0
    endloop
  endfacet
  facet normal 0.5849676132202148 -0.5849676132202148 0.561805784702301
    outer loop
      vertex 17.0 6.0 14.916943550109863
      vertex 16.0 5.0 14.916943550109863
      vertex 17.0 5.119362831115723 14.0
    endloop
  endfacet
  facet normal -0.0 0.0 1.0
    outer loop
      vertex 16.0 6.0 14.916943550109863
      vertex 16.0 5.0 14.916943550109863
      vertex 17.0 6.0 14.916943550109863
    endloop
  endfacet
  facet normal 0.43708565831184387 -0.43708565831184387 -0.7860739231109619
    outer loop
      vertex 16.0 7.0 12.712501525878906
      vertex 16.51704978942871 7.0 13.0
      vertex 16.0 6.482950210571289 13.0
    endloop
  endfacet
  facet normal 0.5459848642349243 -0.5459848642349243 -0.6354535222053528
    outer loop
      vertex 16.51704978942871 7.0 13.0
      vertex 17.0 7.0 13.414953231811523
      vertex 16.0 6.482950210571289 13.0
    endloop
  endfacet
  facet normal 0.5459848642349243 -0.5459848642349243 -0.6354535222053528
    outer loop
      vertex 17.0 7.0 13.414953231811523
      vertex 16.0 6.0 13.414953231811523
      vertex 16.0 6.482950210571289 13.0
    endloop
  endfacet
  facet normal 0.2406434416770935 -0.2406434416770935 -0.9403092861175537
    outer loop
      vertex 17.0 7.0 13.414953231811523
      vertex 17.0 6.0 13.670872688293457
      vertex 16.0 6.0 13.414953231811523
    endloop
  endfacet
  facet normal 0.0 0.0 1.0
    outer loop
      vertex 17.0 6.0 14.916943550109863
      vertex 16.0 7.0 14.916943550109863
      vertex 16.0 6.0 14.916943550109863
    endloop
  endfacet
  facet normal 0.0 0.0 1.0
    outer loop
      vertex 17.0 7.0 14.916943550109863
      vertex 16.0 7.0 14.916943550109863
      vertex 17.0 6.0 14.916943550109863
    endloop
  endfacet
  facet normal 0.4536128640174866 -0.358755886554718 -0.8157999515533447
    outer loop
      vertex 17.0 8.0 12.828777313232422
      vertex 17.0 7.610644817352295 13.0
      vertex 16.51704978942871 7.0 13.0
    endloop
  endfacet
  facet normal 0.4536139965057373 -0.35875630378723145 -0.8157991766929626
    outer loop
      vertex 16.0 7.0 12.712501525878906
      vertex 17.0 8.0 12.828777313232422
      vertex 16.51704978942871 7.0 13.0
    endloop
  endfacet
  facet normal 0.40244001150131226 -0.3019528090953827 -0.8642143607139587
    outer loop
      vertex 16.0 8.0 12.363105773925781
      vertex 17.0 8.0 12.828777313232422
      vertex 16.0 7.0 12.712501525878906
    endloop
  endfacet
  facet normal 0.5792760848999023 -0.45814117789268494 -0.674200177192688
    outer loop
      vertex 16.51704978942871 7.0 13.0
      vertex 17.0 7.610644817352295 13.0
      vertex 17.0 7.0 13.414953231811523
    endloop
  endfacet
  facet normal 0.0 0.0 1.0
    outer loop
      vertex 17.0 7.0 14.916943550109863
      vertex 16.0 8.0 14.916943550109863
      vertex 16.0 7.0 14.916943550109863
    endloop
  endfacet
  facet normal 0.0 0.0 1.0
    outer loop
      vertex 17.0 8.0 14.916943550109863
      vertex 16.0 8.0 14.916943550109863
      vertex 17.0 7.0 14.916943550109863
    endloop
  endfacet
  facet normal 0.6016948223114014 -0.37235227227211 -0.7066237926483154
    outer loop
      vertex 16.0 9.0 11.747637748718262
      vertex 16.296371459960938 9.0 12.0
      vertex 16.0 8.521084785461426 12.0
    endloop
  endfacet
  facet normal 0.5779339671134949 -0.35764816403388977 -0.7335395216941833
    outer loop
      vertex 16.296371459960938 9.0 12.0
      vertex 17.0 9.0 12.554368019104004
      vertex 16.0 8.521084785461426 12.0
    endloop
  endfacet
  facet normal 0.5888918042182922 -0.46206578612327576 -0.6631000638008118
    outer loop
      vertex 17.0 9.0 12.554368019104004
      vertex 16.0 8.0 12.363105773925781
      vertex 16.0 8.521084785461426 12.0
    endloop
  endfacet
  facet normal 0.40965962409973145 -0.2414027899503708 -0.879718005657196
    outer loop
      vertex 17.0 9.0 12.554368019104004
      vertex 17.0 8.0 12.828777313232422
      vertex 16.0 8.0 12.363105773925781
    endloop
  endfacet
  facet normal 0.0 0.0 1.0
    outer loop
      vertex 17.0 8.0 14.916943550109863
      vertex 16.0 9.0 14.916943550109863
      vertex 16.0 8.0 14.916943550109863
    endloop
  endfacet
  facet normal 0.0 0.0 1.0
    outer loop
      vertex 17.0 9.0 14.916943550109863
      vertex 16.0 9.0 14.916943550109863
      vertex 17.0 8.0 14.916943550109863
    endloop
  endfacet
  facet normal 0.6507368683815002 -0.22159071266651154 -0.7262499928474426
    outer loop
      vertex 16.0 10.0 11.429327964782715
      vertex 16.63689422607422 10.0 12.0
      vertex 16.296371459960938 9.0 12.0
    endloop
  endfacet
  facet normal 0.6300745010375977 -0.23553413152694702 -0.739952564239502
    outer loop
      vertex 16.0 10.0 11.429327964782715
      vertex 16.296371459960938 9.0 12.0
      vertex 16.0 9.0 11.747637748718262
    endloop
  endfacet
  facet normal 0.6119999885559082 -0.14856822788715363 -0.7767776250839233
    outer loop
      vertex 17.0 9.0 12.554368019104004
      vertex 16.296371459960938 9.0 12.0
      vertex 17.0 10.0 12.363105773925781
    endloop
  endfacet
  facet normal 0.6874588131904602 -0.23409537971019745 -0.6874588131904602
    outer loop
      vertex 17.0 10.0 12.363105773925781
      vertex 16.296371459960938 9.0 12.0
      vertex 16.63689422607422 10.0 12.0
    endloop
  endfacet
  facet normal 0.0 0.0 1.0
    outer loop
      vertex 17.0 9.0 14.916943550109863
      vertex 16.0 10.0 14.916943550109863
      vertex 16.0 9.0 14.916943550109863
    endloop
  endfacet
  facet normal 0.0 0.0 1.0
    outer loop
      vertex 17.0 10.0 14.916943550109863
      vertex 16.0 10.0 14.916943550109863
      vertex 17.0 9.0 14.916943550109863
    endloop
  endfacet
  facet normal 0.6712772250175476 -0.12378008663654327 -0.7307978272438049
    outer loop
      vertex 16.0 11.0 11.245601654052734
      vertex 16.8212890625 11.0 12.0
      vertex 16.63689422607422 10.0 12.0
    endloop
  endfacet
  facet normal 0.6611658930778503 -0.13556967675685883 -0.7378892302513123
    outer loop
      vertex 16.0 11.0 11.245601654052734
      vertex 16.63689422607422 10.0 12.0
      vertex 16.0 10.0 11.429327964782715
    endloop
  endfacet
  facet normal 0.7011716961860657 -0.12929178774356842 -0.7011716961860657
    outer loop
      vertex 17.0 10.0 12.363105773925781
      vertex 16.63689422607422 10.0 12.0
      vertex 17.0 11.0 12.178711891174316
    endloop
  endfacet
  facet normal 0.7011734843254089 -0.12929275631904602 -0.7011697292327881
    outer loop
      vertex 17.0 11.0 12.178711891174316
      vertex 16.63689422607422 10.0 12.0
      vertex 16.8212890625 11.0 12.0
    endloop
  endfacet
  facet normal 0.0 0.0 1.0
    outer loop
      vertex 17.0 10.0 14.916943550109863
      vertex 16.0 11.0 14.916943550109863
      vertex 16.0 10.0 14.916943550109863
    endloop
  endfacet
  facet normal 0.0 0.0 1.0
    outer loop
      vertex 17.0 11.0 14.916943550109863
      vertex 16.0 11.0 14.916943550109863
      vertex 17.0 10.0 14.916943550109863
    endloop
  endfacet
  facet normal 0.6764795780181885 0.0 -0.7364614009857178
    outer loop
      vertex 16.0 12.0 11.245601654052734
      vertex 16.8212890625 12.0 12.0
      vertex 16.8212890625 11.0 12.0
    endloop
  endfacet
  facet normal 0.6764795780181885 0.0 -0.7364614009857178
    outer loop
      vertex 16.0 12.0 11.245601654052734
      vertex 16.8212890625 11.0 12.0
      vertex 16.0 11.0 11.245601654052734
    endloop
  endfacet
  facet normal 0.7071086168289185 0.0 -0.7071048617362976
    outer loop
      vertex 17.0 11.0 12.178711891174316
      vertex 16.8212890625 11.0 12.0
      vertex 17.0 12.0 12.178711891174316
    endloop
  endfacet
  facet normal 0.7071086168289185 0.0 -0.7071048617362976
    outer loop
      vertex 17.0 12.0 12.178711891174316
      vertex 16.8212890625 11.0 12.0
      vertex 16.8212890625 12.0 12.0
    endloop
  endfacet
  facet normal 0.0 0.0 1.0
    outer loop
      vertex 17.0 11.0 14.916943550109863
      vertex 16.0 12.0 14.916943550109863
      vertex 16.0 11.0 14.916943550109863
    endloop
  endfacet
  facet normal 0.0 0.0 1.0
    outer loop
      vertex 17.0 12.0 14.916943550109863
      vertex 16.0 12.0 14.916943550109863
      vertex 17.0 11.0 14.916943550109863
    endloop
  endfacet
  facet normal 0.662331223487854 0.12213047593832016 -0.7391898036003113
    outer loop
      vertex 16.0 13.0 11.429327964782715
      vertex 16.63689422607422 13.0 12.0
      vertex 16.8212890625 12.0 12.0
    endloop
  endfacet
  facet normal 0.6703708171844482 0.13408547639846802 -0.7298110127449036
    outer loop
      vertex 16.0 13.0 11.429327964782715
      vertex 16.8212890625 12.0 12.0
      vertex 16.0 12.0 11.245601654052734
    endloop
  endfacet
  facet normal 0.7011736631393433 0.12929144501686096 -0.7011699080467224
    outer loop
      vertex 17.0 12.0 12.178711891174316
      vertex 16.8212890625 12.0 12.0
      vertex 17.0 13.0 12.363105773925781
    endloop
  endfacet
  facet normal 0.7011716961860657 0.12929244339466095 -0.7011716961860657
    outer loop
      vertex 17.0 13.0 12.363105773925781
      vertex 16.8212890625 12.0 12.0
      vertex 16.63689422607422 13.0 12.0
    endloop
  endfacet
  facet normal 0.0 0.0 1.0
    outer loop
      vertex 17.0 12.0 14.916943550109863
      vertex 16.0 13.0 14.916943550109863
      vertex 16.0 12.0 14.916943550109863
    endloop
  endfacet
  facet normal 0.0 0.0 1.0
    outer loop
      vertex 17.0 13.0 14.916943550109863
      vertex 16.0 13.0 14.916943550109863
      vertex 17.0 12.0 14.916943550109863
    endloop
  endfacet
  facet normal 0.6330705285072327 0.2155749499797821 -0.743471086025238
    outer loop
      vertex 16.0 14.0 11.747637748718262
      vertex 16.296371459960938 14.0 12.0
      vertex 16.63689422607422 13.0 12.0
    endloop
  endfacet
  facet normal 0.6493299007415771 0.2306726574897766 -0.7246797680854797
    outer loop
      vertex 16.0 14.0 11.747637748718262
      vertex 16.63689422607422 13.0 12.0
      vertex 16.0 13.0 11.429327964782715
    endloop
  endfacet
  facet normal 0.7007274627685547 0.13402271270751953 -0.7007274627685547
    outer loop
      vertex 17.0 13.0 12.363105773925781
      vertex 16.63689422607422 13.0 12.0
      vertex 17.0 14.0 12.554368019104004
    endloop
  endfacet
  facet normal 0.6055672764778137 0.2062094509601593 -0.7686129212379456
    outer loop
      vertex 17.0 14.0 12.554368019104004
      vertex 16.63689422607422 13.0 12.0
      vertex 16.296371459960938 14.0 12.0
    endloop
  endfacet
  facet normal 0.0 0.0 1.0
    outer loop
      vertex 17.0 13.0 14.916943550109863
      vertex 16.0 14.0 14.916943550109863
      vertex 16.0 13.0 14.916943550109863
    endloop
  endfacet
  facet normal 0.0 0.0 1.0
    outer loop
      vertex 17.0 14.0 14.916943550109863
      vertex 16.0 14.0 14.916943550109863
      vertex 17.0 13.0 14.916943550109863
    endloop
  endfacet
  facet normal 0.6016948223114014 0.37235227227211 -0.7066237926483154
    outer loop
      vertex 16.0 14.478915214538574 12.0
      vertex 16.296371459960938 14.0 12.0
      vertex 16.0 14.0 11.747637748718262
    endloop
  endfacet
  facet normal 0.6785860657691956 0.4199356138706207 -0.6026399731636047
    outer loop
      vertex 16.0 14.478915214538574 12.0
      vertex 16.0 15.0 12.363105773925781
      vertex 16.296371459960938 14.0 12.0
    endloop
  endfacet
  facet normal 0.5603849291801453 0.4243467152118683 -0.711265504360199
    outer loop
      vertex 16.0 15.0 12.363105773925781
      vertex 17.0 14.0 12.554368019104004
      vertex 16.296371459960938 14.0 12.0
    endloop
  endfacet
  facet normal 0.40965962409973145 0.2414027899503708 -0.879718005657196
    outer loop
      vertex 16.0 15.0 12.363105773925781
      vertex 17.0 15.0 12.828777313232422
      vertex 17.0 14.0 12.554368019104004
    endloop
  endfacet
  facet normal 0.0 0.0 1.0
    outer loop
      vertex 17.0 14.0 14.916943550109863
      vertex 16.0 15.0 14.916943550109863
      vertex 16.0 14.0 14.916943550109863
    endloop
  endfacet
  facet normal 0.0 0.0 1.0
    outer loop
      vertex 17.0 15.0 14.916943550109863
      vertex 16.0 15.0 14.916943550109863
      vertex 17.0 14.0 14.916943550109863
    endloop
  endfacet
  facet normal 0.45361393690109253 0.35875648260116577 -0.8157990574836731
    outer loop
      vertex 16.0 16.0 12.712501525878906
      vertex 16.51704978942871 16.0 13.0
      vertex 17.0 15.389354705810547 13.0
    endloop
  endfacet
  facet normal 0.4536137878894806 0.35875606536865234 -0.815799355506897
    outer loop
      vertex 17.0 15.0 12.828777313232422
      vertex 16.0 16.0 12.712501525878906
      vertex 17.0 15.389354705810547 13.0
    endloop
  endfacet
  facet normal 0.40244001150131226 0.3019528090953827 -0.8642143607139587
    outer loop
      vertex 16.0 15.0 12.363105773925781
      vertex 16.0 16.0 12.712501525878906
      vertex 17.0 15.0 12.828777313232422
    endloop
  endfacet
  facet normal 0.5792762041091919 0.45814087986946106 -0.6742002367973328
    outer loop
      vertex 16.51704978942871 16.0 13.0
      vertex 17.0 16.0 13.414953231811523
      vertex 17.0 15.389354705810547 13.0
    endloop
  endfacet
  facet normal 0.0 0.0 1.0
    outer loop
      vertex 17.0 15.0 14.916943550109863
      vertex 16.0 16.0 14.916943550109863
      vertex 16.0 15.0 14.916943550109863
    endloop
  endfacet
  facet normal 0.0 0.0 1.0
    outer loop
      vertex 17.0 16.0 14.916943550109863
      vertex 16.0 16.0 14.916943550109863
      vertex 17.0 15.0 14.916943550109863
    endloop
  endfacet
  facet normal 0.43708565831184387 0.43708565831184387 -0.7860739231109619
    outer loop
      vertex 16.0 16.51704978942871 13.0
      vertex 16.51704978942871 16.0 13.0
      vertex 16.0 16.0 12.712501525878906
    endloop
  endfacet
  facet normal 0.5459848642349243 0.5459848642349243 -0.6354535222053528
    outer loop
      vertex 16.0 16.51704978942871 13.0
      vertex 16.0 17.0 13.414953231811523
      vertex 16.51704978942871 16.0 13.0
    endloop
  endfacet
  facet normal 0.5459848642349243 0.5459848642349243 -0.6354535222053528
    outer loop
      vertex 16.0 17.0 13.414953231811523
      vertex 17.0 16.0 13.414953231811523
      vertex 16.51704978942871 16.0 13.0
    endloop
  endfacet
  facet normal 0.2406434416770935 0.2406434416770935 -0.9403092861175537
    outer loop
      vertex 16.0 17.0 13.414953231811523
      vertex 17.0 17.0 13.670872688293457
      vertex 17.0 16.0 13.414953231811523
    endloop
  endfacet
  facet normal 0.0 0.0 1.0
    outer loop
      vertex 17.0 16.0 14.916943550109863
      vertex 16.0 17.0 14.916943550109863
      vertex 16.0 16.0 14.916943550109863
    endloop
  endfacet
  facet normal 0.0 0.0 1.0
    outer loop
      vertex 17.0 17.0 14.916943550109863
      vertex 16.0 17.0 14.916943550109863
      vertex 17.0 16.0 14.916943550109863
    endloop
  endfacet
  facet normal 0.31012529134750366 0.3101252019405365 -0.8986905217170715
    outer loop
      vertex 16.0 18.0 13.696105003356934
      vertex 16.88063621520996 18.0 14.0
      vertex 17.0 17.88063621520996 14.0
    endloop
  endfacet
  facet normal 0.3103336989879608 0.33280232548713684 -0.8904693126678467
    outer loop
      vertex 17.0 17.0 13.670872688293457
      vertex 16.0 18.0 13.696105003356934
      vertex 17.0 17.88063621520996 14.0
    endloop
  endfacet
  facet normal 0.23921456933021545 0.2627998888492584 -0.9347259998321533
    outer loop
      vertex 16.0 17.0 13.414953231811523
      vertex 16.0 18.0 13.696105003356934
      vertex 17.0 17.0 13.670872688293457
    endloop
  endfacet
  facet normal 0.584967851638794 0.584967851638794 0.5618053674697876
    outer loop
      vertex 17.0 17.0 14.916943550109863
      vertex 17.0 17.88063621520996 14.0
      vertex 16.88063621520996 18.0 14.0
    endloop
  endfacet
  facet normal 0.584967851638794 0.584967851638794 0.5618054270744324
    outer loop
      vertex 16.0 18.0 14.916943550109863
      vertex 17.0 17.0 14.916943550109863
      vertex 16.88063621520996 18.0 14.0
    endloop
  endfacet
  facet normal 0.0 0.0 1.0
    outer loop
      vertex 16.0 17.0 14.916943550109863
      vertex 17.0 17.0 14.916943550109863
      vertex 16.0 18.0 14.916943550109863
    endloop
  endfacet
  facet normal 0.2965933084487915 0.41633111238479614 -0.8594771027565002
    outer loop
      vertex 16.0 18.627363204956055 14.0
      vertex 16.88063621520996 18.0 14.0
      vertex 16.0 18.0 13.696105003356934
    endloop
  endfacet
  facet normal 0.5068391561508179 0.7114553451538086 0.48677030205726624
    outer loop
      vertex 16.88063621520996 18.0 14.0
      vertex 16.0 18.627363204956055 14.0
      vertex 16.0 18.0 14.916943550109863
    endloop
  endfacet
  facet normal 0.3304235339164734 -0.3304232060909271 -0.8841044902801514
    outer loop
      vertex 17.0 6.0 13.670872688293457
      vertex 17.88063621520996 6.0 14.0
      vertex 17.0 5.119362831115723 14.0
    endloop
  endfacet
  facet normal 0.5849680304527283 -0.5849673748016357 0.5618056058883667
    outer loop
      vertex 17.88063621520996 6.0 14.0
      vertex 17.0 6.0 14.916943550109863
      vertex 17.0 5.119362831115723 14.0
    endloop
  endfacet
  facet normal 0.31012284755706787 -0.3101252317428589 -0.8986913561820984
    outer loop
      vertex 18.0 7.0 13.696105003356934
      vertex 18.0 6.119362831115723 14.0
      vertex 17.88063621520996 6.0 14.0
    endloop
  endfacet
  facet normal 0.33280232548713684 -0.3103336989879608 -0.8904693126678467
    outer loop
      vertex 17.0 6.0 13.670872688293457
      vertex 18.0 7.0 13.696105003356934
      vertex 17.88063621520996 6.0 14.0
    endloop
  endfacet
  facet normal 0.2627998888492584 -0.23921456933021545 -0.9347259998321533
    outer loop
      vertex 17.0 7.0 13.414953231811523
      vertex 18.0 7.0 13.696105003356934
      vertex 17.0 6.0 13.670872688293457
    endloop
  endfacet
  facet normal 0.5849661827087402 -0.5849708914756775 0.5618038177490234
    outer loop
      vertex 17.0 6.0 14.916943550109863
      vertex 17.88063621520996 6.0 14.0
      vertex 18.0 6.119362831115723 14.0
    endloop
  endfacet
  facet normal 0.5849676132202148 -0.5849676132202148 0.561805784702301
    outer loop
      vertex 18.0 7.0 14.916943550109863
      vertex 17.0 6.0 14.916943550109863
      vertex 18.0 6.119362831115723 14.0
    endloop
  endfacet
  facet normal -0.0 0.0 1.0
    outer loop
      vertex 17.0 7.0 14.916943550109863
      vertex 17.0 6.0 14.916943550109863
      vertex 18.0 7.0 14.916943550109863
    endloop
  endfacet
  facet normal 0.5093225240707397 -0.34642842411994934 -0.7877677083015442
    outer loop
      vertex 17.0 8.0 12.828777313232422
      vertex 17.264829635620117 8.0 13.0
      vertex 17.0 7.610644817352295 13.0
    endloop
  endfacet
  facet normal 0.5584003329277039 -0.3798099160194397 -0.7375184893608093
    outer loop
      vertex 17.264829635620117 8.0 13.0
      vertex 18.0 8.0 13.556622505187988
      vertex 17.0 7.610644817352295 13.0
    endloop
  endfacet
  facet normal 0.5618694424629211 -0.46493884921073914 -0.6842036247253418
    outer loop
      vertex 18.0 8.0 13.556622505187988
      vertex 17.0 7.0 13.414953231811523
      vertex 17.0 7.610644817352295 13.0
    endloop
  endfacet
  facet normal 0.2682504653930664 -0.13308201730251312 -0.9541126489639282
    outer loop
      vertex 18.0 8.0 13.556622505187988
      vertex 18.0 7.0 13.696105003356934
      vertex 17.0 7.0 13.414953231811523
    endloop
  endfacet
  facet normal 0.0 0.0 1.0
    outer loop
      vertex 18.0 7.0 14.916943550109863
      vertex 17.0 8.0 14.916943550109863
      vertex 17.0 7.0 14.916943550109863
    endloop
  endfacet
  facet normal 0.0 0.0 1.0
    outer loop
      vertex 18.0 8.0 14.916943550109863
      vertex 17.0 8.0 14.916943550109863
      vertex 18.0 7.0 14.916943550109863
    endloop
  endfacet
  facet normal 0.5227987170219421 -0.22763456404209137 -0.8215010762214661
    outer loop
      vertex 17.0 9.0 12.554368019104004
      vertex 17.700244903564453 9.0 13.0
      vertex 17.264829635620117 8.0 13.0
    endloop
  endfacet
  facet normal 0.5290774703025818 -0.22455532848834991 -0.8183226585388184
    outer loop
      vertex 17.0 9.0 12.554368019104004
      vertex 17.264829635620117 8.0 13.0
      vertex 17.0 8.0 12.828777313232422
    endloop
  endfacet
  facet normal 0.5913607478141785 -0.2006259709596634 -0.7810516357421875
    outer loop
      vertex 18.0 8.0 13.556622505187988
      vertex 17.264829635620117 8.0 13.0
      vertex 18.0 9.0 13.299756050109863
    endloop
  endfacet
  facet normal 0.6758021712303162 -0.2942545711994171 -0.6758000254631042
    outer loop
      vertex 18.0 9.0 13.299756050109863
      vertex 17.264829635620117 8.0 13.0
      vertex 17.700244903564453 9.0 13.0
    endloop
  endfacet
  facet normal 0.0 0.0 1.0
    outer loop
      vertex 18.0 8.0 14.916943550109863
      vertex 17.0 9.0 14.916943550109863
      vertex 17.0 8.0 14.916943550109863
    endloop
  endfacet
  facet normal 0.0 0.0 1.0
    outer loop
      vertex 18.0 9.0 14.916943550109863
      vertex 17.0 9.0 14.916943550109863
      vertex 18.0 8.0 14.916943550109863
    endloop
  endfacet
  facet normal 0.46697375178337097 -0.18977037072181702 -0.8636681437492371
    outer loop
      vertex 18.0 10.0 12.942347526550293
      vertex 18.0 9.737616539001465 13.0
      vertex 17.700244903564453 9.0 13.0
    endloop
  endfacet
  facet normal 0.5254780650138855 -0.20511901378631592 -0.8257112503051758
    outer loop
      vertex 17.0 9.0 12.554368019104004
      vertex 18.0 10.0 12.942347526550293
      vertex 17.700244903564453 9.0 13.0
    endloop
  endfacet
  facet normal 0.49450039863586426 -0.1632811427116394 -0.853702962398529
    outer loop
      vertex 17.0 10.0 12.363105773925781
      vertex 18.0 10.0 12.942347526550293
      vertex 17.0 9.0 12.554368019104004
    endloop
  endfacet
  facet normal 0.6796054840087891 -0.2761803865432739 -0.6796033382415771
    outer loop
      vertex 17.700244903564453 9.0 13.0
      vertex 18.0 9.737616539001465 13.0
      vertex 18.0 9.0 13.299756050109863
    endloop
  endfacet
  facet normal 0.0 0.0 1.0
    outer loop
      vertex 18.0 9.0 14.916943550109863
      vertex 17.0 10.0 14.916943550109863
      vertex 17.0 9.0 14.916943550109863
    endloop
  endfacet
  facet normal 0.0 0.0 1.0
    outer loop
      vertex 18.0 10.0 14.916943550109863
      vertex 17.0 10.0 14.916943550109863
      vertex 18.0 9.0 14.916943550109863
    endloop
  endfacet
  facet normal 0.49496597051620483 -0.15756581723690033 -0.8545067310333252
    outer loop
      vertex 17.0 11.0 12.178711891174316
      vertex 18.0 10.0 12.942347526550293
      vertex 17.0 10.0 12.363105773925781
    endloop
  endfacet
  facet normal 0.5425727963447571 -0.09479062259197235 -0.8346433639526367
    outer loop
      vertex 17.0 11.0 12.178711891174316
      vertex 18.0 11.0 12.828777313232422
      vertex 18.0 10.0 12.942347526550293
    endloop
  endfacet
  facet normal 0.0 0.0 1.0
    outer loop
      vertex 18.0 10.0 14.916943550109863
      vertex 17.0 11.0 14.916943550109863
      vertex 17.0 10.0 14.916943550109863
    endloop
  endfacet
  facet normal 0.0 0.0 1.0
    outer loop
      vertex 18.0 11.0 14.916943550109863
      vertex 17.0 11.0 14.916943550109863
      vertex 18.0 10.0 14.916943550109863
    endloop
  endfacet
  facet normal 0.5450268983840942 0.0 -0.8384185433387756
    outer loop
      vertex 17.0 12.0 12.178711891174316
      vertex 18.0 11.0 12.828777313232422
      vertex 17.0 11.0 12.178711891174316
    endloop
  endfacet
  facet normal 0.5450268983840942 0.0 -0.8384185433387756
    outer loop
      vertex 17.0 12.0 12.178711891174316
      vertex 18.0 12.0 12.828777313232422
      vertex 18.0 11.0 12.828777313232422
    endloop
  endfacet
  facet normal 0.0 0.0 1.0
    outer loop
      vertex 18.0 11.0 14.916943550109863
      vertex 17.0 12.0 14.916943550109863
      vertex 17.0 11.0 14.916943550109863
    endloop
  endfacet
  facet normal 0.0 0.0 1.0
    outer loop
      vertex 18.0 12.0 14.916943550109863
      vertex 17.0 12.0 14.916943550109863
      vertex 18.0 11.0 14.916943550109863
    endloop
  endfacet
  facet normal 0.538628101348877 0.15278419852256775 -0.8285751938819885
    outer loop
      vertex 17.0 13.0 12.363105773925781
      vertex 18.0 12.0 12.828777313232422
      vertex 17.0 12.0 12.178711891174316
    endloop
  endfacet
  facet normal 0.49882403016090393 0.09780295193195343 -0.8611672520637512
    outer loop
      vertex 17.0 13.0 12.363105773925781
      vertex 18.0 13.0 12.942347526550293
      vertex 18.0 12.0 12.828777313232422
    endloop
  endfacet
  facet normal 0.0 0.0 1.0
    outer loop
      vertex 18.0 12.0 14.916943550109863
      vertex 17.0 13.0 14.916943550109863
      vertex 17.0 12.0 14.916943550109863
    endloop
  endfacet
  facet normal 0.0 0.0 1.0
    outer loop
      vertex 18.0 13.0 14.916943550109863
      vertex 17.0 13.0 14.916943550109863
      vertex 18.0 12.0 14.916943550109863
    endloop
  endfacet
  facet normal 0.5245535969734192 0.21316984295845032 -0.82425856590271
    outer loop
      vertex 17.0 14.0 12.554368019104004
      vertex 17.700244903564453 14.0 13.0
      vertex 18.0 13.262383460998535 13.0
    endloop
  endfacet
  facet normal 0.5104092359542847 0.18454694747924805 -0.8398957252502441
    outer loop
      vertex 18.0 13.0 12.942347526550293
      vertex 17.0 14.0 12.554368019104004
      vertex 18.0 13.262383460998535 13.0
    endloop
  endfacet
  facet normal 0.49450039863586426 0.1632811427116394 -0.853702962398529
    outer loop
      vertex 17.0 13.0 12.363105773925781
      vertex 17.0 14.0 12.554368019104004
      vertex 18.0 13.0 12.942347526550293
    endloop
  endfacet
  facet normal 0.6796054840087891 0.2761803865432739 -0.6796033382415771
    outer loop
      vertex 17.700244903564453 14.0 13.0
      vertex 18.0 14.0 13.299756050109863
      vertex 18.0 13.262383460998535 13.0
    endloop
  endfacet
  facet normal 0.0 0.0 1.0
    outer loop
      vertex 18.0 13.0 14.916943550109863
      vertex 17.0 14.0 14.916943550109863
      vertex 17.0 13.0 14.916943550109863
    endloop
  endfacet
  facet normal 0.0 0.0 1.0
    outer loop
      vertex 18.0 14.0 14.916943550109863
      vertex 17.0 14.0 14.916943550109863
      vertex 18.0 13.0 14.916943550109863
    endloop
  endfacet
  facet normal 0.5283793210983276 0.23006440699100494 -0.8172427415847778
    outer loop
      vertex 17.0 15.0 12.828777313232422
      vertex 17.264829635620117 15.0 13.0
      vertex 17.700244903564453 14.0 13.0
    endloop
  endfacet
  facet normal 0.5230603218078613 0.22554031014442444 -0.8219121098518372
    outer loop
      vertex 17.0 15.0 12.828777313232422
      vertex 17.700244903564453 14.0 13.0
      vertex 17.0 14.0 12.554368019104004
    endloop
  endfacet
  facet normal 0.6957250237464905 0.17870785295963287 -0.6957228183746338
    outer loop
      vertex 18.0 14.0 13.299756050109863
      vertex 17.700244903564453 14.0 13.0
      vertex 18.0 15.0 13.556622505187988
    endloop
  endfacet
  facet normal 0.5838058590888977 0.25419798493385315 -0.7710733413696289
    outer loop
      vertex 18.0 15.0 13.556622505187988
      vertex 17.700244903564453 14.0 13.0
      vertex 17.264829635620117 15.0 13.0
    endloop
  endfacet
  facet normal 0.0 0.0 1.0
    outer loop
      vertex 18.0 14.0 14.916943550109863
      vertex 17.0 15.0 14.916943550109863
      vertex 17.0 14.0 14.916943550109863
    endloop
  endfacet
  facet normal 0.0 0.0 1.0
    outer loop
      vertex 18.0 15.0 14.916943550109863
      vertex 17.0 15.0 14.916943550109863
      vertex 18.0 14.0 14.916943550109863
    endloop
  endfacet
  facet normal 0.5093224048614502 0.346428781747818 -0.7877675890922546
    outer loop
      vertex 17.0 15.389354705810547 13.0
      vertex 17.264829635620117 15.0 13.0
      vertex 17.0 15.0 12.828777313232422
    endloop
  endfacet
  facet normal 0.6369900703430176 0.43326520919799805 -0.6375932097434998
    outer loop
      vertex 17.0 15.389354705810547 13.0
      vertex 17.0 16.0 13.414953231811523
      vertex 17.264829635620117 15.0 13.0
    endloop
  endfacet
  facet normal 0.5419103503227234 0.44051212072372437 -0.7157389521598816
    outer loop
      vertex 17.0 16.0 13.414953231811523
      vertex 18.0 15.0 13.556622505187988
      vertex 17.264829635620117 15.0 13.0
    endloop
  endfacet
  facet normal 0.2682504653930664 0.13308201730251312 -0.9541126489639282
    outer loop
      vertex 17.0 16.0 13.414953231811523
      vertex 18.0 16.0 13.696105003356934
      vertex 18.0 15.0 13.556622505187988
    endloop
  endfacet
  facet normal 0.0 0.0 1.0
    outer loop
      vertex 18.0 15.0 14.916943550109863
      vertex 17.0 16.0 14.916943550109863
      vertex 17.0 15.0 14.916943550109863
    endloop
  endfacet
  facet normal 0.0 0.0 1.0
    outer loop
      vertex 18.0 16.0 14.916943550109863
      vertex 17.0 16.0 14.916943550109863
      vertex 18.0 15.0 14.916943550109863
    endloop
  endfacet
  facet normal 0.3304235339164734 0.33042341470718384 -0.8841044306755066
    outer loop
      vertex 17.0 17.0 13.670872688293457
      vertex 17.88063621520996 17.0 14.0
      vertex 18.0 16.88063621520996 14.0
    endloop
  endfacet
  facet normal 0.33040156960487366 0.30788904428482056 -0.8922103047370911
    outer loop
      vertex 18.0 16.0 13.696105003356934
      vertex 17.0 17.0 13.670872688293457
      vertex 18.0 16.88063621520996 14.0
    endloop
  endfacet
  facet normal 0.2627998888492584 0.23921456933021545 -0.9347259998321533
    outer loop
      vertex 17.0 16.0 13.414953231811523
      vertex 17.0 17.0 13.670872688293457
      vertex 18.0 16.0 13.696105003356934
    endloop
  endfacet
  facet normal 0.584967851638794 0.584967851638794 0.5618053674697876
    outer loop
      vertex 18.0 16.0 14.916943550109863
      vertex 18.0 16.88063621520996 14.0
      vertex 17.88063621520996 17.0 14.0
    endloop
  endfacet
  facet normal 0.584967851638794 0.584967851638794 0.5618054270744324
    outer loop
      vertex 17.0 17.0 14.916943550109863
      vertex 18.0 16.0 14.916943550109863
      vertex 17.88063621520996 17.0 14.0
    endloop
  endfacet
  facet normal 0.0 0.0 1.0
    outer loop
      vertex 17.0 16.0 14.916943550109863
      vertex 18.0 16.0 14.916943550109863
      vertex 17.0 17.0 14.916943550109863
    endloop
  endfacet
  facet normal 0.330423504114151 0.330423504114151 -0.8841043710708618
    outer loop
      vertex 17.0 17.88063621520996 14.0
      vertex 17.88063621520996 17.0 14.0
      vertex 17.0 17.0 13.670872688293457
    endloop
  endfacet
  facet normal 0.584967851638794 0.584967851638794 0.5618054270744324
    outer loop
      vertex 17.88063621520996 17.0 14.0
      vertex 17.0 17.88063621520996 14.0
      vertex 17.0 17.0 14.916943550109863
    endloop
  endfacet
  facet normal 0.41633105278015137 -0.29659298062324524 -0.859477162361145
    outer loop
      vertex 18.0 7.0 13.696105003356934
      vertex 18.627363204956055 7.0 14.0
      vertex 18.0 6.119362831115723 14.0
    endloop
  endfacet
  facet normal 0.7114555239677429 -0.5068387389183044 0.48677048087120056
    outer loop
      vertex 18.627363204956055 7.0 14.0
      vertex 18.0 7.0 14.916943550109863
      vertex 18.0 6.119362831115723 14.0
    endloop
  endfacet
  facet normal 0.41583290696144104 -0.24253681302070618 -0.8765037655830383
    outer loop
      vertex 19.0 8.0 13.900077819824219
      vertex 19.0 7.638891220092773 14.0
      vertex 18.627363204956055 7.0 14.0
    endloop
  endfacet
  facet normal 0.4226932227611542 -0.2447042614221573 -0.8726111650466919
    outer loop
      vertex 18.0 7.0 13.696105003356934
      vertex 19.0 8.0 13.900077819824219
      vertex 18.627363204956055 7.0 14.0
    endloop
  endfacet
  facet normal 0.3220404088497162 -0.13078556954860687 -0.9376486539840698
    outer loop
      vertex 18.0 8.0 13.556622505187988
      vertex 19.0 8.0 13.900077819824219
      vertex 18.0 7.0 13.696105003356934
    endloop
  endfacet
  facet normal 0.7436429858207703 -0.43373382091522217 0.5087927579879761
    outer loop
      vertex 18.0 7.0 14.916943550109863
      vertex 18.627363204956055 7.0 14.0
      vertex 19.0 7.638891220092773 14.0
    endloop
  endfacet
  facet normal 0.6936325430870056 -0.6547749042510986 0.3002394437789917
    outer loop
      vertex 19.0 8.0 14.787521362304688
      vertex 18.0 7.0 14.916943550109863
      vertex 19.0 7.638891220092773 14.0
    endloop
  endfacet
  facet normal 0.12835170328617096 0.0 0.9917287230491638
    outer loop
      vertex 18.0 8.0 14.916943550109863
      vertex 18.0 7.0 14.916943550109863
      vertex 19.0 8.0 14.787521362304688
    endloop
  endfacet
  facet normal 0.31564944982528687 -0.23607073724269867 -0.9190407395362854
    outer loop
      vertex 18.0 9.0 13.299756050109863
      vertex 19.0 8.0 13.900077819824219
      vertex 18.0 8.0 13.556622505187988
    endloop
  endfacet
  facet normal 0.36201196908950806 -0.18630199134349823 -0.9133667945861816
    outer loop
      vertex 18.0 9.0 13.299756050109863
      vertex 19.0 9.0 13.696105003356934
      vertex 19.0 8.0 13.900077819824219
    endloop
  endfacet
  facet normal 0.12835170328617096 0.0 0.9917287230491638
    outer loop
      vertex 19.0 8.0 14.787521362304688
      vertex 18.0 9.0 14.916943550109863
      vertex 18.0 8.0 14.916943550109863
    endloop
  endfacet
  facet normal 0.0 -0.12835170328617096 0.9917287230491638
    outer loop
      vertex 19.0 9.0 14.916943550109863
      vertex 18.0 9.0 14.916943550109863
      vertex 19.0 8.0 14.787521362304688
    endloop
  endfacet
  facet normal 0.5817426443099976 -0.17455513775348663 -0.7944217920303345
    outer loop
      vertex 18.0 10.0 12.942347526550293
      vertex 18.0787296295166 10.0 13.0
      vertex 18.0 9.737616539001465 13.0
    endloop
  endfacet
  facet normal 0.5626569390296936 -0.1688283532857895 -0.8092676997184753
    outer loop
      vertex 18.0787296295166 10.0 13.0
      vertex 19.0 10.0 13.640528678894043
      vertex 18.0 9.737616539001465 13.0
    endloop
  endfacet
  facet normal 0.5691410899162292 -0.30956026911735535 -0.7617419958114624
    outer loop
      vertex 19.0 10.0 13.640528678894043
      vertex 18.0 9.0 13.299756050109863
      vertex 18.0 9.737616539001465 13.0
    endloop
  endfacet
  facet normal 0.3679720163345337 -0.051597293466329575 -0.9284041523933411
    outer loop
      vertex 19.0 10.0 13.640528678894043
      vertex 19.0 9.0 13.696105003356934
      vertex 18.0 9.0 13.299756050109863
    endloop
  endfacet
  facet normal 0.0 0.0 1.0
    outer loop
      vertex 19.0 9.0 14.916943550109863
      vertex 18.0 10.0 14.916943550109863
      vertex 18.0 9.0 14.916943550109863
    endloop
  endfacet
  facet normal 0.0 0.0 1.0
    outer loop
      vertex 19.0 10.0 14.916943550109863
      vertex 18.0 10.0 14.916943550109863
      vertex 19.0 9.0 14.916943550109863
    endloop
  endfacet
  facet normal 0.5960903167724609 -0.08968732506036758 -0.7978925108909607
    outer loop
      vertex 18.0 11.0 12.828777313232422
      vertex 18.229188919067383 11.0 13.0
      vertex 18.0787296295166 10.0 13.0
    endloop
  endfacet
  facet normal 0.5883484482765198 -0.09124715626239777 -0.803442656993866
    outer loop
      vertex 18.0 11.0 12.828777313232422
      vertex 18.0787296295166 10.0 13.0
      vertex 18.0 10.0 12.942347526550293
    endloop
  endfacet
  facet normal 0.5705851912498474 -0.03052971512079239 -0.8206708431243896
    outer loop
      vertex 19.0 10.0 13.640528678894043
      vertex 18.0787296295166 10.0 13.0
      vertex 19.0 11.0 13.603327751159668
    endloop
  endfacet
  facet normal 0.6137282252311707 -0.0923411101102829 -0.7840986847877502
    outer loop
      vertex 19.0 11.0 13.603327751159668
      vertex 18.0787296295166 10.0 13.0
      vertex 18.229188919067383 11.0 13.0
    endloop
  endfacet
  facet normal 0.0 0.0 1.0
    outer loop
      vertex 19.0 10.0 14.916943550109863
      vertex 18.0 11.0 14.916943550109863
      vertex 18.0 10.0 14.916943550109863
    endloop
  endfacet
  facet normal 0.0 0.0 1.0
    outer loop
      vertex 19.0 11.0 14.916943550109863
      vertex 18.0 11.0 14.916943550109863
      vertex 19.0 10.0 14.916943550109863
    endloop
  endfacet
  facet normal 0.5985023379325867 0.0 -0.8011210560798645
    outer loop
      vertex 18.0 12.0 12.828777313232422
      vertex 18.229188919067383 12.0 13.0
      vertex 18.229188919067383 11.0 13.0
    endloop
  endfacet
  facet normal 0.5985023379325867 0.0 -0.8011210560798645
    outer loop
      vertex 18.0 12.0 12.828777313232422
      vertex 18.229188919067383 11.0 13.0
      vertex 18.0 11.0 12.828777313232422
    endloop
  endfacet
  facet normal 0.616361677646637 0.0 -0.7874631881713867
    outer loop
      vertex 19.0 11.0 13.603327751159668
      vertex 18.229188919067383 11.0 13.0
      vertex 19.0 12.0 13.603327751159668
    endloop
  endfacet
  facet normal 0.616361677646637 0.0 -0.7874631881713867
    outer loop
      vertex 19.0 12.0 13.603327751159668
      vertex 18.229188919067383 11.0 13.0
      vertex 18.229188919067383 12.0 13.0
    endloop
  endfacet
  facet normal 0.0 0.0 1.0
    outer loop
      vertex 19.0 11.0 14.916943550109863
      vertex 18.0 12.0 14.916943550109863
      vertex 18.0 11.0 14.916943550109863
    endloop
  endfacet
  facet normal 0.0 0.0 1.0
    outer loop
      vertex 19.0 12.0 14.916943550109863
      vertex 18.0 12.0 14.916943550109863
      vertex 19.0 11.0 14.916943550109863
    endloop
  endfacet
  facet normal 0.5884925723075867 0.08854417502880096 -0.8036394715309143
    outer loop
      vertex 18.0 13.0 12.942347526550293
      vertex 18.0787296295166 13.0 13.0
      vertex 18.229188919067383 12.0 13.0
    endloop
  endfacet
  facet normal 0.5960404276847839 0.09060923010110855 -0.7978256940841675
    outer loop
      vertex 18.0 13.0 12.942347526550293
      vertex 18.229188919067383 12.0 13.0
      vertex 18.0 12.0 12.828777313232422
    endloop
  endfacet
  facet normal 0.6160973906517029 0.029281800612807274 -0.7871255278587341
    outer loop
      vertex 19.0 12.0 13.603327751159668
      vertex 18.229188919067383 12.0 13.0
      vertex 19.0 13.0 13.640528678894043
    endloop
  endfacet
  facet normal 0.5687572360038757 0.08557481318712234 -0.8180417418479919
    outer loop
      vertex 19.0 13.0 13.640528678894043
      vertex 18.229188919067383 12.0 13.0
      vertex 18.0787296295166 13.0 13.0
    endloop
  endfacet
  facet normal 0.0 0.0 1.0
    outer loop
      vertex 19.0 12.0 14.916943550109863
      vertex 18.0 13.0 14.916943550109863
      vertex 18.0 12.0 14.916943550109863
    endloop
  endfacet
  facet normal 0.0 0.0 1.0
    outer loop
      vertex 19.0 13.0 14.916943550109863
      vertex 18.0 13.0 14.916943550109863
      vertex 19.0 12.0 14.916943550109863
    endloop
  endfacet
  facet normal 0.5817426443099976 0.17455513775348663 -0.7944217920303345
    outer loop
      vertex 18.0 13.262383460998535 13.0
      vertex 18.0787296295166 13.0 13.0
      vertex 18.0 13.0 12.942347526550293
    endloop
  endfacet
  facet normal 0.7820141315460205 0.2346477210521698 -0.5774030089378357
    outer loop
      vertex 18.0 13.262383460998535 13.0
      vertex 18.0 14.0 13.299756050109863
      vertex 18.0787296295166 13.0 13.0
    endloop
  endfacet
  facet normal 0.5481066703796387 0.27946195006370544 -0.7883400917053223
    outer loop
      vertex 18.0 14.0 13.299756050109863
      vertex 19.0 13.0 13.640528678894043
      vertex 18.0787296295166 13.0 13.0
    endloop
  endfacet
  facet normal 0.3679720163345337 0.051597293466329575 -0.9284041523933411
    outer loop
      vertex 18.0 14.0 13.299756050109863
      vertex 19.0 14.0 13.696105003356934
      vertex 19.0 13.0 13.640528678894043
    endloop
  endfacet
  facet normal 0.0 0.0 1.0
    outer loop
      vertex 19.0 13.0 14.916943550109863
      vertex 18.0 14.0 14.916943550109863
      vertex 18.0 13.0 14.916943550109863
    endloop
  endfacet
  facet normal 0.0 0.0 1.0
    outer loop
      vertex 19.0 14.0 14.916943550109863
      vertex 18.0 14.0 14.916943550109863
      vertex 19.0 13.0 14.916943550109863
    endloop
  endfacet
  facet normal 0.35838642716407776 0.23226363956928253 -0.904219388961792
    outer loop
      vertex 18.0 15.0 13.556622505187988
      vertex 19.0 14.0 13.696105003356934
      vertex 18.0 14.0 13.299756050109863
    endloop
  endfacet
  facet normal 0.3189498484134674 0.18941940367221832 -0.9286502003669739
    outer loop
      vertex 18.0 15.0 13.556622505187988
      vertex 19.0 15.0 13.900077819824219
      vertex 19.0 14.0 13.696105003356934
    endloop
  endfacet
  facet normal 0.0 0.0 1.0
    outer loop
      vertex 19.0 14.0 14.916943550109863
      vertex 18.0 15.0 14.916943550109863
      vertex 18.0 14.0 14.916943550109863
    endloop
  endfacet
  facet normal 0.12730734050273895 0.12730734050273895 0.9836592674255371
    outer loop
      vertex 19.0 15.0 14.787521362304688
      vertex 18.0 15.0 14.916943550109863
      vertex 19.0 14.0 14.916943550109863
    endloop
  endfacet
  facet normal 0.42250293493270874 0.24642716348171234 -0.8722183704376221
    outer loop
      vertex 18.0 16.0 13.696105003356934
      vertex 18.627363204956055 16.0 14.0
      vertex 19.0 15.361108779907227 14.0
    endloop
  endfacet
  facet normal 0.4203554689884186 0.24198168516159058 -0.874497652053833
    outer loop
      vertex 19.0 15.0 13.900077819824219
      vertex 18.0 16.0 13.696105003356934
      vertex 19.0 15.361108779907227 14.0
    endloop
  endfacet
  facet normal 0.3220404088497162 0.13078556954860687 -0.9376486539840698
    outer loop
      vertex 18.0 15.0 13.556622505187988
      vertex 18.0 16.0 13.696105003356934
      vertex 19.0 15.0 13.900077819824219
    endloop
  endfacet
  facet normal 0.8416405320167542 0.4908914864063263 0.2250925898551941
    outer loop
      vertex 19.0 15.0 14.787521362304688
      vertex 19.0 15.361108779907227 14.0
      vertex 18.627363204956055 16.0 14.0
    endloop
  endfacet
  facet normal 0.6595442295074463 0.6011420488357544 0.4512532949447632
    outer loop
      vertex 18.0 16.0 14.916943550109863
      vertex 19.0 15.0 14.787521362304688
      vertex 18.627363204956055 16.0 14.0
    endloop
  endfacet
  facet normal 0.12835170328617096 -0.0 0.9917287230491638
    outer loop
      vertex 18.0 15.0 14.916943550109863
      vertex 19.0 15.0 14.787521362304688
      vertex 18.0 16.0 14.916943550109863
    endloop
  endfacet
  facet normal 0.41633111238479614 0.2965933084487915 -0.8594771027565002
    outer loop
      vertex 18.0 16.88063621520996 14.0
      vertex 18.627363204956055 16.0 14.0
      vertex 18.0 16.0 13.696105003356934
    endloop
  endfacet
  facet normal 0.7114553451538086 0.5068391561508179 0.48677030205726624
    outer loop
      vertex 18.627363204956055 16.0 14.0
      vertex 18.0 16.88063621520996 14.0
      vertex 18.0 16.0 14.916943550109863
    endloop
  endfacet
  facet normal 0.46118611097335815 -0.23663298785686493 -0.8551679253578186
    outer loop
      vertex 19.0 8.0 13.900077819824219
      vertex 19.185283660888672 8.0 14.0
      vertex 19.0 7.638891220092773 14.0
    endloop
  endfacet
  facet normal 0.8708429336547852 -0.4468264877796173 0.20488709211349487
    outer loop
      vertex 19.185283660888672 8.0 14.0
      vertex 19.0 8.0 14.787521362304688
      vertex 19.0 7.638891220092773 14.0
    endloop
  endfacet
  facet normal 0.4763762950897217 -0.1736682504415512 -0.8619194030761719
    outer loop
      vertex 19.0 9.0 13.696105003356934
      vertex 19.54984474182129 9.0 14.0
      vertex 19.185283660888672 8.0 14.0
    endloop
  endfacet
  facet normal 0.4671976566314697 -0.17670473456382751 -0.8663150668144226
    outer loop
      vertex 19.0 9.0 13.696105003356934
      vertex 19.185283660888672 8.0 14.0
      vertex 19.0 8.0 13.900077819824219
    endloop
  endfacet
  facet normal 0.8557321429252625 -0.06641163676977158 0.5131393671035767
    outer loop
      vertex 19.54984474182129 9.0 14.0
      vertex 19.0 9.0 14.916943550109863
      vertex 19.0 8.0 14.787521362304688
    endloop
  endfacet
  facet normal 0.9173699021339417 -0.3344373404979706 0.21583369374275208
    outer loop
      vertex 19.54984474182129 9.0 14.0
      vertex 19.0 8.0 14.787521362304688
      vertex 19.185283660888672 8.0 14.0
    endloop
  endfacet
  facet normal 0.4394305944442749 -0.08000286668539047 -0.8947068452835083
    outer loop
      vertex 19.0 10.0 13.640528678894043
      vertex 19.731904983520508 10.0 14.0
      vertex 19.54984474182129 9.0 14.0
    endloop
  endfacet
  facet normal 0.48315563797950745 -0.04858401417732239 -0.8741854429244995
    outer loop
      vertex 19.0 10.0 13.640528678894043
      vertex 19.54984474182129 9.0 14.0
      vertex 19.0 9.0 13.696105003356934
    endloop
  endfacet
  facet normal 0.7815542817115784 0.0 0.6238371729850769
    outer loop
      vertex 19.731904983520508 10.0 14.0
      vertex 19.0 10.0 14.916943550109863
      vertex 19.0 9.0 14.916943550109863
    endloop
  endfacet
  facet normal 0.8473585844039917 -0.15427030622959137 0.5081181526184082
    outer loop
      vertex 19.731904983520508 10.0 14.0
      vertex 19.0 9.0 14.916943550109863
      vertex 19.54984474182129 9.0 14.0
    endloop
  endfacet
  facet normal 0.4099328815937042 -0.060969844460487366 -0.9100756645202637
    outer loop
      vertex 19.0 11.0 13.603327751159668
      vertex 19.88063621520996 11.0 14.0
      vertex 19.731904983520508 10.0 14.0
    endloop
  endfacet
  facet normal 0.44059810042381287 -0.03337235748767853 -0.8970839381217957
    outer loop
      vertex 19.0 11.0 13.603327751159668
      vertex 19.731904983520508 10.0 14.0
      vertex 19.0 10.0 13.640528678894043
    endloop
  endfacet
  facet normal 0.7212417125701904 0.0 0.6926833987236023
    outer loop
      vertex 19.88063621520996 11.0 14.0
      vertex 19.0 11.0 14.916943550109863
      vertex 19.0 10.0 14.916943550109863
    endloop
  endfacet
  facet normal 0.7763270139694214 -0.11546406894922256 0.6196647882461548
    outer loop
      vertex 19.88063621520996 11.0 14.0
      vertex 19.0 10.0 14.916943550109863
      vertex 19.731904983520508 10.0 14.0
    endloop
  endfacet
  facet normal 0.41069695353507996 0.0 -0.9117719531059265
    outer loop
      vertex 19.0 12.0 13.603327751159668
      vertex 19.88063621520996 12.0 14.0
      vertex 19.88063621520996 11.0 14.0
    endloop
  endfacet
  facet normal 0.41069695353507996 0.0 -0.9117719531059265
    outer loop
      vertex 19.0 12.0 13.603327751159668
      vertex 19.88063621520996 11.0 14.0
      vertex 19.0 11.0 13.603327751159668
    endloop
  endfacet
  facet normal 0.7212417125701904 0.0 0.6926833987236023
    outer loop
      vertex 19.88063621520996 12.0 14.0
      vertex 19.0 12.0 14.916943550109863
      vertex 19.0 11.0 14.916943550109863
    endloop
  endfacet
  facet normal 0.7212417125701904 0.0 0.6926833987236023
    outer loop
      vertex 19.88063621520996 12.0 14.0
      vertex 19.0 11.0 14.916943550109863
      vertex 19.88063621520996 11.0 14.0
    endloop
  endfacet
  facet normal 0.43989911675453186 0.06542671471834183 -0.8956607580184937
    outer loop
      vertex 19.0 13.0 13.640528678894043
      vertex 19.731904983520508 13.0 14.0
      vertex 19.88063621520996 12.0 14.0
    endloop
  endfacet
  facet normal 0.4104609191417694 0.03389926627278328 -0.9112478494644165
    outer loop
      vertex 19.0 13.0 13.640528678894043
      vertex 19.88063621520996 12.0 14.0
      vertex 19.0 12.0 13.603327751159668
    endloop
  endfacet
  facet normal 0.7815542817115784 0.0 0.6238371729850769
    outer loop
      vertex 19.731904983520508 13.0 14.0
      vertex 19.0 13.0 14.916943550109863
      vertex 19.0 12.0 14.916943550109863
    endloop
  endfacet
  facet normal 0.7171275615692139 0.10665926337242126 0.6887321472167969
    outer loop
      vertex 19.731904983520508 13.0 14.0
      vertex 19.0 12.0 14.916943550109863
      vertex 19.88063621520996 12.0 14.0
    endloop
  endfacet
  facet normal 0.4818618595600128 0.08772788196802139 -0.8718445897102356
    outer loop
      vertex 19.0 14.0 13.696105003356934
      vertex 19.54984474182129 14.0 14.0
      vertex 19.731904983520508 13.0 14.0
    endloop
  endfacet
  facet normal 0.4402962028980255 0.04982246458530426 -0.896469235420227
    outer loop
      vertex 19.0 14.0 13.696105003356934
      vertex 19.731904983520508 13.0 14.0
      vertex 19.0 13.0 13.640528678894043
    endloop
  endfacet
  facet normal 0.8576254844665527 0.0 0.5142747163772583
    outer loop
      vertex 19.54984474182129 14.0 14.0
      vertex 19.0 14.0 14.916943550109863
      vertex 19.0 13.0 14.916943550109863
    endloop
  endfacet
  facet normal 0.7737606167793274 0.1408710479736328 0.6176162362098694
    outer loop
      vertex 19.54984474182129 14.0 14.0
      vertex 19.0 13.0 14.916943550109863
      vertex 19.731904983520508 13.0 14.0
    endloop
  endfacet
  facet normal 0.46771591901779175 0.17051100730895996 -0.8672760725021362
    outer loop
      vertex 19.0 15.0 13.900077819824219
      vertex 19.185283660888672 15.0 14.0
      vertex 19.54984474182129 14.0 14.0
    endloop
  endfacet
  facet normal 0.4761982262134552 0.17574241757392883 -0.8615972399711609
    outer loop
      vertex 19.0 15.0 13.900077819824219
      vertex 19.54984474182129 14.0 14.0
      vertex 19.0 14.0 13.696105003356934
    endloop
  endfacet
  facet normal 0.9729940891265869 0.02962740696966648 0.22892065346240997
    outer loop
      vertex 19.185283660888672 15.0 14.0
      vertex 19.0 15.0 14.787521362304688
      vertex 19.0 14.0 14.916943550109863
    endloop
  endfacet
  facet normal 0.8185497522354126 0.29841136932373047 0.49084293842315674
    outer loop
      vertex 19.185283660888672 15.0 14.0
      vertex 19.0 14.0 14.916943550109863
      vertex 19.54984474182129 14.0 14.0
    endloop
  endfacet
  facet normal 0.46118611097335815 0.23663298785686493 -0.8551679253578186
    outer loop
      vertex 19.0 15.361108779907227 14.0
      vertex 19.185283660888672 15.0 14.0
      vertex 19.0 15.0 13.900077819824219
    endloop
  endfacet
  facet normal 0.8708429336547852 0.4468264877796173 0.20488709211349487
    outer loop
      vertex 19.185283660888672 15.0 14.0
      vertex 19.0 15.361108779907227 14.0
      vertex 19.0 15.0 14.787521362304688
    endloop
  endfacet
endsolid labcem
