solid labcem
  facet normal -0.46784257888793945 -0.16139262914657593 -0.8689509630203247
    outer loop
      vertex 3.0 9.0 12.997939109802246
      vertex 3.0 8.988903999328613 13.0
      vertex 2.9961721897125244 9.0 13.0
    endloop
  endfacet
  facet normal -0.9420031905174255 -0.3249647915363312 0.08383328467607498
    outer loop
      vertex 3.0 9.0 13.043011665344238
      vertex 2.9961721897125244 9.0 13.0
      vertex 3.0 8.988903999328613 13.0
    endloop
  endfacet
  facet normal -0.47122180461883545 -0.10920992493629456 -0.8752274513244629
    outer loop
      vertex 3.0 9.0 12.997939109802246
      vertex 2.9961721897125244 9.0 13.0
      vertex 2.7644131183624268 10.0 13.0
    endloop
  endfacet
  facet normal -0.47967329621315 -0.11121099442243576 -0.8703710436820984
    outer loop
      vertex 3.0 9.0 12.997939109802246
      vertex 2.7644131183624268 10.0 13.0
      vertex 3.0 10.0 12.87016487121582
    endloop
  endfacet
  facet normal -0.9941728115081787 -0.061582084745168686 0.08847611397504807
    outer loop
      vertex 2.9961721897125244 9.0 13.0
      vertex 3.0 9.0 13.043011665344238
      vertex 3.0 10.0 13.739042282104492
    endloop
  endfacet
  facet normal -0.9303518533706665 -0.21561749279499054 0.2965712547302246
    outer loop
      vertex 2.9961721897125244 9.0 13.0
      vertex 3.0 10.0 13.739042282104492
      vertex 2.7644131183624268 10.0 13.0
    endloop
  endfacet
  facet normal -0.48193874955177307 -0.05492657795548439 -0.8744816780090332
    outer loop
      vertex 3.0 10.0 12.87016487121582
      vertex 2.7644131183624268 10.0 13.0
      vertex 2.6504430770874023 11.0 13.0
    endloop
  endfacet
  facet normal -0.48640310764312744 -0.05682430788874626 -0.8718847632408142
    outer loop
      vertex 3.0 10.0 12.87016487121582
      vertex 2.6504430770874023 11.0 13.0
      vertex 3.0 11.0 12.804990768432617
    endloop
  endfacet
  facet normal -0.9525438547134399 -0.02144158072769642 0.30364546179771423
    outer loop
      vertex 2.7644131183624268 10.0 13.0
      vertex 3.0 10.0 13.739042282104492
      vertex 3.0 11.0 13.809656143188477
    endloop
  endfacet
  facet normal -0.9131051898002625 -0.1040666401386261 0.3942195177078247
    outer loop
      vertex 2.7644131183624268 10.0 13.0
      vertex 3.0 11.0 13.809656143188477
      vertex 2.6504430770874023 11.0 13.0
    endloop
  endfacet
  facet normal -0.4871903359889984 0.0 -0.8732958436012268
    outer loop
      vertex 3.0 11.0 12.804990768432617
      vertex 2.6504430770874023 11.0 13.0
      vertex 2.6504430770874023 12.0 13.0
    endloop
  endfacet
  facet normal -0.4871903359889984 0.0 -0.8732958436012268
    outer loop
      vertex 3.0 11.0 12.804990768432617
      vertex 2.6504430770874023 12.0 13.0
      vertex 3.0 12.0 12.804990768432617
    endloop
  endfacet
  facet normal -0.9180901050567627 0.0 0.39637166261672974
    outer loop
      vertex 2.6504430770874023 11.0 13.0
      vertex 3.0 11.0 13.809656143188477
      vertex 3.0 12.0 13.809656143188477
    endloop
  endfacet
  facet normal -0.9180901050567627 0.0 0.39637166261672974
    outer loop
      vertex 2.6504430770874023 11.0 13.0
      vertex 3.0 12.0 13.809656143188477
      vertex 2.6504430770874023 12.0 13.0
    endloop
  endfacet
  facet normal -0.486441045999527 0.05543971061706543 -0.8719527721405029
    outer loop
      vertex 3.0 12.0 12.804990768432617
      vertex 2.6504430770874023 12.0 13.0
      vertex 2.7644131183624268 13.0 13.0
    endloop
  endfacet
  facet normal -0.4818829894065857 0.0569869689643383 -0.8743805289268494
    outer loop
      vertex 3.0 12.0 12.804990768432617
      vertex 2.7644131183624268 13.0 13.0
      vertex 3.0 13.0 12.87016487121582
    endloop
  endfacet
  facet normal -0.9177306890487671 0.027978377416729927 0.396216481924057
    outer loop
      vertex 2.6504430770874023 12.0 13.0
      vertex 3.0 12.0 13.809656143188477
      vertex 3.0 13.0 13.739042282104492
    endloop
  endfacet
  facet normal -0.9471950531005859 0.10795185714960098 0.3019404113292694
    outer loop
      vertex 2.6504430770874023 12.0 13.0
      vertex 3.0 13.0 13.739042282104492
      vertex 2.7644131183624268 13.0 13.0
    endloop
  endfacet
  facet normal -0.4796755313873291 0.11116915941238403 -0.8703750967979431
    outer loop
      vertex 3.0 13.0 12.87016487121582
      vertex 2.7644131183624268 13.0 13.0
      vertex 2.9961721897125244 14.0 13.0
    endloop
  endfacet
  facet normal -0.4710853397846222 0.11179912835359573 -0.8749739527702332
    outer loop
      vertex 3.0 13.0 12.87016487121582
      vertex 2.9961721897125244 14.0 13.0
      vertex 3.0 14.0 12.997939109802246
    endloop
  endfacet
  facet normal -0.9321622848510742 0.20682436227798462 0.29714837670326233
    outer loop
      vertex 2.7644131183624268 13.0 13.0
      vertex 3.0 13.0 13.739042282104492
      vertex 3.0 14.0 13.043011665344238
    endloop
  endfacet
  facet normal -0.9705389142036438 0.22493118047714233 0.08637282252311707
    outer loop
      vertex 2.7644131183624268 13.0 13.0
      vertex 3.0 14.0 13.043011665344238
      vertex 2.9961721897125244 14.0 13.0
    endloop
  endfacet
  facet normal -0.46784257888793945 0.16139262914657593 -0.8689509630203247
    outer loop
      vertex 3.0 14.011096000671387 13.0
      vertex 3.0 14.0 12.997939109802246
      vertex 2.9961721897125244 14.0 13.0
    endloop
  endfacet
  facet normal -0.9420031905174255 0.3249647915363312 0.08383328467607498
    outer loop
      vertex 3.0 14.011096000671387 13.0
      vertex 2.9961721897125244 14.0 13.0
      vertex 3.0 14.0 13.043011665344238
    endloop
  endfacet
  facet normal -0.4216654300689697 -0.26817214488983154 -0.8661882281303406
    outer loop
      vertex 4.0 7.0 12.934470176696777
      vertex 4.0 6.7883405685424805 13.0
      vertex 3.8653881549835205 7.0 13.0
    endloop
  endfacet
  facet normal -0.8285092115402222 -0.5269179344177246 0.18955202400684357
    outer loop
      vertex 4.0 7.0 13.588372230529785
      vertex 3.8653881549835205 7.0 13.0
      vertex 4.0 6.7883405685424805 13.0
    endloop
  endfacet
  facet normal -0.4316488206386566 -0.16567794978618622 -0.8866961598396301
    outer loop
      vertex 4.0 7.0 12.934470176696777
      vertex 3.8653881549835205 7.0 13.0
      vertex 3.481562376022339 8.0 13.0
    endloop
  endfacet
  facet normal -0.39727941155433655 -0.14660030603408813 -0.905912458896637
    outer loop
      vertex 4.0 7.0 12.934470176696777
      vertex 3.481562376022339 8.0 13.0
      vertex 4.0 8.0 12.77264404296875
    endloop
  endfacet
  facet normal -0.973605215549469 -0.04976024851202965 0.22274810075759888
    outer loop
      vertex 3.8653881549835205 7.0 13.0
      vertex 4.0 7.0 13.588372230529785
      vertex 4.0 8.0 13.81176471710205
    endloop
  endfacet
  facet normal -0.8018747568130493 -0.3077802062034607 0.5121213793754578
    outer loop
      vertex 3.8653881549835205 7.0 13.0
      vertex 4.0 8.0 13.81176471710205
      vertex 3.481562376022339 8.0 13.0
    endloop
  endfacet
  facet normal -0.3941513001918793 -0.19193816184997559 -0.8987794518470764
    outer loop
      vertex 4.0 8.0 12.77264404296875
      vertex 3.481562376022339 8.0 13.0
      vertex 3.0 8.988903999328613 13.0
    endloop
  endfacet
  facet normal -0.3746785819530487 -0.16930745542049408 -0.9115651249885559
    outer loop
      vertex 3.0 9.0 12.997939109802246
      vertex 4.0 8.0 12.77264404296875
      vertex 3.0 8.988903999328613 13.0
    endloop
  endfacet
  facet normal -0.28352007269859314 -0.0680137649178505 -0.9565513134002686
    outer loop
      vertex 4.0 9.0 12.70154094696045
      vertex 4.0 8.0 12.77264404296875
      vertex 3.0 9.0 12.997939109802246
    endloop
  endfacet
  facet normal -0.8933851718902588 -0.43504798412323 0.11223217099905014
    outer loop
      vertex 3.0 9.0 13.043011665344238
      vertex 3.0 8.988903999328613 13.0
      vertex 3.481562376022339 8.0 13.0
    endloop
  endfacet
  facet normal -0.7745206952095032 -0.3942558169364929 0.49465155601501465
    outer loop
      vertex 4.0 8.0 13.81176471710205
      vertex 3.0 9.0 13.043011665344238
      vertex 3.481562376022339 8.0 13.0
    endloop
  endfacet
  facet normal -0.6094727516174316 0.0 0.7928069829940796
    outer loop
      vertex 4.0 9.0 13.81176471710205
      vertex 3.0 9.0 13.043011665344238
      vertex 4.0 8.0 13.81176471710205
    endloop
  endfacet
  facet normal -0.2820693552494049 -0.12159723043441772 -0.9516568779945374
    outer loop
      vertex 3.0 10.0 12.87016487121582
      vertex 4.0 9.0 12.70154094696045
      vertex 3.0 9.0 12.997939109802246
    endloop
  endfacet
  facet normal -0.242938831448555 -0.07992274314165115 -0.9667435884475708
    outer loop
      vertex 3.0 10.0 12.87016487121582
      vertex 4.0 10.0 12.618868827819824
      vertex 4.0 9.0 12.70154094696045
    endloop
  endfacet
  facet normal -0.5336195826530457 -0.4831402897834778 0.6941365003585815
    outer loop
      vertex 4.0 9.0 13.81176471710205
      vertex 3.0 10.0 13.739042282104492
      vertex 3.0 9.0 13.043011665344238
    endloop
  endfacet
  facet normal -0.07253089547157288 0.0 0.9973661303520203
    outer loop
      vertex 4.0 10.0 13.81176471710205
      vertex 3.0 10.0 13.739042282104492
      vertex 4.0 9.0 13.81176471710205
    endloop
  endfacet
  facet normal -0.24323305487632751 -0.06308294832706451 -0.967914342880249
    outer loop
      vertex 3.0 11.0 12.804990768432617
      vertex 4.0 10.0 12.618868827819824
      vertex 3.0 10.0 12.87016487121582
    endloop
  endfacet
  facet normal -0.24137631058692932 -0.061116237193346024 -0.9685052037239075
    outer loop
      vertex 3.0 11.0 12.804990768432617
      vertex 4.0 11.0 12.555765151977539
      vertex 4.0 10.0 12.618868827819824
    endloop
  endfacet
  facet normal -0.07235167920589447 -0.07025385648012161 0.9949017763137817
    outer loop
      vertex 4.0 10.0 13.81176471710205
      vertex 3.0 11.0 13.809656143188477
      vertex 3.0 10.0 13.739042282104492
    endloop
  endfacet
  facet normal -0.0021085694897919893 0.0 0.9999978542327881
    outer loop
      vertex 4.0 11.0 13.81176471710205
      vertex 3.0 11.0 13.809656143188477
      vertex 4.0 10.0 13.81176471710205
    endloop
  endfacet
  facet normal -0.24182836711406708 -0.0 -0.9703190326690674
    outer loop
      vertex 3.0 12.0 12.804990768432617
      vertex 4.0 11.0 12.555765151977539
      vertex 3.0 11.0 12.804990768432617
    endloop
  endfacet
  facet normal -0.24182836711406708 0.0 -0.9703190326690674
    outer loop
      vertex 3.0 12.0 12.804990768432617
      vertex 4.0 12.0 12.555765151977539
      vertex 4.0 11.0 12.555765151977539
    endloop
  endfacet
  facet normal -0.0021085694897919893 0.0 0.9999978542327881
    outer loop
      vertex 4.0 11.0 13.81176471710205
      vertex 3.0 12.0 13.809656143188477
      vertex 3.0 11.0 13.809656143188477
    endloop
  endfacet
  facet normal -0.0021085694897919893 0.0 0.9999978542327881
    outer loop
      vertex 4.0 12.0 13.81176471710205
      vertex 3.0 12.0 13.809656143188477
      vertex 4.0 11.0 13.81176471710205
    endloop
  endfacet
  facet normal -0.24134624004364014 0.06311359256505966 -0.9683845639228821
    outer loop
      vertex 3.0 13.0 12.87016487121582
      vertex 4.0 12.0 12.555765151977539
      vertex 3.0 12.0 12.804990768432617
    endloop
  endfacet
  facet normal -0.24326330423355103 0.06108655408024788 -0.9680348038673401
    outer loop
      vertex 3.0 13.0 12.87016487121582
      vertex 4.0 13.0 12.618868827819824
      vertex 4.0 12.0 12.555765151977539
    endloop
  endfacet
  facet normal -0.002103331731632352 0.07043831050395966 0.9975138902664185
    outer loop
      vertex 4.0 12.0 13.81176471710205
      vertex 3.0 13.0 13.739042282104492
      vertex 3.0 12.0 13.809656143188477
    endloop
  endfacet
  facet normal -0.07253089547157288 0.0 0.9973661303520203
    outer loop
      vertex 4.0 13.0 13.81176471710205
      vertex 3.0 13.0 13.739042282104492
      vertex 4.0 12.0 13.81176471710205
    endloop
  endfacet
  facet normal -0.24186842143535614 0.12298065423965454 -0.9624840021133423
    outer loop
      vertex 3.0 14.0 12.997939109802246
      vertex 4.0 13.0 12.618868827819824
      vertex 3.0 13.0 12.87016487121582
    endloop
  endfacet
  facet normal -0.2832896113395691 0.07901585102081299 -0.9557738304138184
    outer loop
      vertex 3.0 14.0 12.997939109802246
      vertex 4.0 14.0 12.70154094696045
      vertex 4.0 13.0 12.618868827819824
    endloop
  endfacet
  facet normal -0.05958159640431404 0.5702589154243469 0.819301426410675
    outer loop
      vertex 4.0 13.0 13.81176471710205
      vertex 3.0 14.0 13.043011665344238
      vertex 3.0 13.0 13.739042282104492
    endloop
  endfacet
  facet normal -0.6094727516174316 0.0 0.7928069829940796
    outer loop
      vertex 4.0 14.0 13.81176471710205
      vertex 3.0 14.0 13.043011665344238
      vertex 4.0 13.0 13.81176471710205
    endloop
  endfacet
  facet normal -0.3511193096637726 0.17098307609558105 -0.9205868244171143
    outer loop
      vertex 3.0 14.0 12.997939109802246
      vertex 3.0 14.011096000671387 13.0
      vertex 3.481562376022339 15.0 13.0
    endloop
  endfacet
  facet normal -0.3941722810268402 0.19167092442512512 -0.898827314376831
    outer loop
      vertex 4.0 15.0 12.77264404296875
      vertex 3.0 14.0 12.997939109802246
      vertex 3.481562376022339 15.0 13.0
    endloop
  endfacet
  facet normal -0.28352007269859314 0.0680137649178505 -0.9565513134002686
    outer loop
      vertex 4.0 14.0 12.70154094696045
      vertex 3.0 14.0 12.997939109802246
      vertex 4.0 15.0 12.77264404296875
    endloop
  endfacet
  facet normal -0.7796774506568909 0.3796761929988861 0.4979449212551117
    outer loop
      vertex 4.0 15.0 13.81176471710205
      vertex 3.481562376022339 15.0 13.0
      vertex 3.0 14.011096000671387 13.0
    endloop
  endfacet
  facet normal -0.7575020790100098 0.6321365833282471 0.16307641565799713
    outer loop
      vertex 3.0 14.0 13.043011665344238
      vertex 4.0 15.0 13.81176471710205
      vertex 3.0 14.011096000671387 13.0
    endloop
  endfacet
  facet normal -0.6094727516174316 0.0 0.7928069829940796
    outer loop
      vertex 4.0 14.0 13.81176471710205
      vertex 4.0 15.0 13.81176471710205
      vertex 3.0 14.0 13.043011665344238
    endloop
  endfacet
  facet normal -0.39693018794059753 0.15235204994678497 -0.9051161408424377
    outer loop
      vertex 4.0 15.0 12.77264404296875
      vertex 3.481562376022339 15.0 13.0
      vertex 3.8653881549835205 16.0 13.0
    endloop
  endfacet
  facet normal -0.4331369400024414 0.1439853012561798 -0.8897531032562256
    outer loop
      vertex 4.0 15.0 12.77264404296875
      vertex 3.8653881549835205 16.0 13.0
      vertex 4.0 16.0 12.934470176696777
    endloop
  endfacet
  facet normal -0.8367584943771362 0.11938095092773438 0.5343999862670898
    outer loop
      vertex 3.481562376022339 15.0 13.0
      vertex 4.0 15.0 13.81176471710205
      vertex 4.0 16.0 13.588372230529785
    endloop
  endfacet
  facet normal -0.9129981398582458 0.35043221712112427 0.20888198912143707
    outer loop
      vertex 3.481562376022339 15.0 13.0
      vertex 4.0 16.0 13.588372230529785
      vertex 3.8653881549835205 16.0 13.0
    endloop
  endfacet
  facet normal -0.4216653108596802 0.2681732773780823 -0.8661879301071167
    outer loop
      vertex 4.0 16.211658477783203 13.0
      vertex 4.0 16.0 12.934470176696777
      vertex 3.8653881549835205 16.0 13.0
    endloop
  endfacet
  facet normal -0.828508198261261 0.5269196629524231 0.18955178558826447
    outer loop
      vertex 4.0 16.211658477783203 13.0
      vertex 3.8653881549835205 16.0 13.0
      vertex 4.0 16.0 13.588372230529785
    endloop
  endfacet
  facet normal -0.3798516094684601 -0.3275757133960724 -0.8651050925254822
    outer loop
      vertex 5.0 6.0 12.804990768432617
      vertex 5.0 5.484993934631348 13.0
      vertex 4.555870056152344 6.0 13.0
    endloop
  endfacet
  facet normal -0.6993530988693237 -0.6031067967414856 0.3836241662502289
    outer loop
      vertex 5.0 6.0 13.809656143188477
      vertex 4.555870056152344 6.0 13.0
      vertex 5.0 5.484993934631348 13.0
    endloop
  endfacet
  facet normal -0.38679268956184387 -0.27273300290107727 -0.880913257598877
    outer loop
      vertex 5.0 6.0 12.804990768432617
      vertex 4.555870056152344 6.0 13.0
      vertex 4.0 6.7883405685424805 13.0
    endloop
  endfacet
  facet normal -0.38679155707359314 -0.27273130416870117 -0.8809142112731934
    outer loop
      vertex 4.0 7.0 12.934470176696777
      vertex 5.0 6.0 12.804990768432617
      vertex 4.0 6.7883405685424805 13.0
    endloop
  endfacet
  facet normal -0.2257136106491089 -0.10024518519639969 -0.969022274017334
    outer loop
      vertex 5.0 7.0 12.70154094696045
      vertex 5.0 6.0 12.804990768432617
      vertex 4.0 7.0 12.934470176696777
    endloop
  endfacet
  facet normal -0.8002490997314453 -0.5642669200897217 0.2029878795146942
    outer loop
      vertex 4.0 7.0 13.588372230529785
      vertex 4.0 6.7883405685424805 13.0
      vertex 4.555870056152344 6.0 13.0
    endloop
  endfacet
  facet normal -0.6945675611495972 -0.6102585792541504 0.3809990882873535
    outer loop
      vertex 5.0 6.0 13.809656143188477
      vertex 4.0 7.0 13.588372230529785
      vertex 4.555870056152344 6.0 13.0
    endloop
  endfacet
  facet normal -0.21801823377609253 -0.00205784710124135 0.9759425520896912
    outer loop
      vertex 5.0 7.0 13.81176471710205
      vertex 4.0 7.0 13.588372230529785
      vertex 5.0 6.0 13.809656143188477
    endloop
  endfacet
  facet normal -0.22409021854400635 -0.15568529069423676 -0.9620528221130371
    outer loop
      vertex 4.0 8.0 12.77264404296875
      vertex 5.0 7.0 12.70154094696045
      vertex 4.0 7.0 12.934470176696777
    endloop
  endfacet
  facet normal -0.2862266004085541 -0.21991707384586334 -0.9325828552246094
    outer loop
      vertex 4.0 8.0 12.77264404296875
      vertex 5.0 8.0 12.465725898742676
      vertex 5.0 7.0 12.70154094696045
    endloop
  endfacet
  facet normal -0.21301493048667908 -0.21301493048667908 0.9535456299781799
    outer loop
      vertex 5.0 7.0 13.81176471710205
      vertex 4.0 8.0 13.81176471710205
      vertex 4.0 7.0 13.588372230529785
    endloop
  endfacet
  facet normal 0.0 0.0 1.0
    outer loop
      vertex 5.0 8.0 13.81176471710205
      vertex 4.0 8.0 13.81176471710205
      vertex 5.0 7.0 13.81176471710205
    endloop
  endfacet
  facet normal -0.36652693152427673 -0.16281244158744812 -0.9160513281822205
    outer loop
      vertex 5.0 9.0 11.953350067138672
      vertex 5.0 8.737527847290039 12.0
      vertex 4.883409023284912 9.0 12.0
    endloop
  endfacet
  facet normal -0.76874178647995 -0.34147757291793823 -0.5407670736312866
    outer loop
      vertex 5.0 8.737527847290039 12.0
      vertex 5.0 8.0 12.465725898742676
      vertex 4.883409023284912 9.0 12.0
    endloop
  endfacet
  facet normal -0.5698056817054749 -0.4006030559539795 -0.7175226211547852
    outer loop
      vertex 5.0 8.0 12.465725898742676
      vertex 4.0 9.0 12.70154094696045
      vertex 4.883409023284912 9.0 12.0
    endloop
  endfacet
  facet normal -0.29273420572280884 -0.06781712919473648 -0.9537858963012695
    outer loop
      vertex 5.0 8.0 12.465725898742676
      vertex 4.0 8.0 12.77264404296875
      vertex 4.0 9.0 12.70154094696045
    endloop
  endfacet
  facet normal 0.0 0.0 1.0
    outer loop
      vertex 5.0 8.0 13.81176471710205
      vertex 4.0 9.0 13.81176471710205
      vertex 4.0 8.0 13.81176471710205
    endloop
  endfacet
  facet normal 0.0 0.0 1.0
    outer loop
      vertex 5.0 9.0 13.81176471710205
      vertex 4.0 9.0 13.81176471710205
      vertex 5.0 8.0 13.81176471710205
    endloop
  endfacet
  facet normal -0.3697027564048767 -0.09780123829841614 -0.9239885807037354
    outer loop
      vertex 5.0 9.0 11.953350067138672
      vertex 4.883409023284912 9.0 12.0
      vertex 4.618868827819824 10.0 12.0
    endloop
  endfacet
  facet normal -0.3719589114189148 -0.0987078994512558 -0.9229860305786133
    outer loop
      vertex 5.0 9.0 11.953350067138672
      vertex 4.618868827819824 10.0 12.0
      vertex 5.0 10.0 11.846405982971191
    endloop
  endfacet
  facet normal -0.7059016823768616 -0.058358386158943176 -0.7059016823768616
    outer loop
      vertex 4.0 10.0 12.618868827819824
      vertex 4.618868827819824 10.0 12.0
      vertex 4.0 9.0 12.70154094696045
    endloop
  endfacet
  facet normal -0.6136391162872314 -0.1623322069644928 -0.7727194428443909
    outer loop
      vertex 4.0 9.0 12.70154094696045
      vertex 4.618868827819824 10.0 12.0
      vertex 4.883409023284912 9.0 12.0
    endloop
  endfacet
  facet normal 0.0 0.0 1.0
    outer loop
      vertex 5.0 9.0 13.81176471710205
      vertex 4.0 10.0 13.81176471710205
      vertex 4.0 9.0 13.81176471710205
    endloop
  endfacet
  facet normal 0.0 0.0 1.0
    outer loop
      vertex 5.0 10.0 13.81176471710205
      vertex 4.0 10.0 13.81176471710205
      vertex 5.0 9.0 13.81176471710205
    endloop
  endfacet
  facet normal -0.37368035316467285 -0.023580599576234818 -0.9272577166557312
    outer loop
      vertex 5.0 10.0 11.846405982971191
      vertex 4.618868827819824 10.0 12.0
      vertex 4.555765151977539 11.0 12.0
    endloop
  endfacet
  facet normal -0.3470827639102936 -0.010148928500711918 -0.9377796053886414
    outer loop
      vertex 5.0 10.0 11.846405982971191
      vertex 4.555765151977539 11.0 12.0
      vertex 5.0 11.0 11.835583686828613
    endloop
  endfacet
  facet normal -0.706403911113739 -0.04457668587565422 -0.706403911113739
    outer loop
      vertex 4.0 11.0 12.555765151977539
      vertex 4.555765151977539 11.0 12.0
      vertex 4.0 10.0 12.618868827819824
    endloop
  endfacet
  facet normal -0.706403911113739 -0.04457665607333183 -0.706403911113739
    outer loop
      vertex 4.0 10.0 12.618868827819824
      vertex 4.555765151977539 11.0 12.0
      vertex 4.618868827819824 10.0 12.0
    endloop
  endfacet
  facet normal 0.0 0.0 1.0
    outer loop
      vertex 5.0 10.0 13.81176471710205
      vertex 4.0 11.0 13.81176471710205
      vertex 4.0 10.0 13.81176471710205
    endloop
  endfacet
  facet normal 0.0 0.0 1.0
    outer loop
      vertex 5.0 11.0 13.81176471710205
      vertex 4.0 11.0 13.81176471710205
      vertex 5.0 10.0 13.81176471710205
    endloop
  endfacet
  facet normal -0.3471006751060486 0.0 -0.9378279447555542
    outer loop
      vertex 5.0 11.0 11.835583686828613
      vertex 4.555765151977539 11.0 12.0
      vertex 4.555765151977539 12.0 12.0
    endloop
  endfacet
  facet normal -0.3471006751060486 0.0 -0.9378279447555542
    outer loop
      vertex 5.0 11.0 11.835583686828613
      vertex 4.555765151977539 12.0 12.0
      vertex 5.0 12.0 11.835583686828613
    endloop
  endfacet
  facet normal -0.7071067690849304 -0.0 -0.7071067690849304
    outer loop
      vertex 4.0 12.0 12.555765151977539
      vertex 4.555765151977539 12.0 12.0
      vertex 4.0 11.0 12.555765151977539
    endloop
  endfacet
  facet normal -0.7071067690849304 0.0 -0.7071067690849304
    outer loop
      vertex 4.0 11.0 12.555765151977539
      vertex 4.555765151977539 12.0 12.0
      vertex 4.555765151977539 11.0 12.0
    endloop
  endfacet
  facet normal 0.0 0.0 1.0
    outer loop
      vertex 5.0 11.0 13.81176471710205
      vertex 4.0 12.0 13.81176471710205
      vertex 4.0 11.0 13.81176471710205
    endloop
  endfacet
  facet normal 0.0 0.0 1.0
    outer loop
      vertex 5.0 12.0 13.81176471710205
      vertex 4.0 12.0 13.81176471710205
      vertex 5.0 11.0 13.81176471710205
    endloop
  endfacet
  facet normal -0.34701740741729736 0.02189807966351509 -0.9376029968261719
    outer loop
      vertex 5.0 12.0 11.835583686828613
      vertex 4.555765151977539 12.0 12.0
      vertex 4.618868827819824 13.0 12.0
    endloop
  endfacet
  facet normal -0.3737654983997345 0.010037343949079514 -0.9274689555168152
    outer loop
      vertex 5.0 12.0 11.835583686828613
      vertex 4.618868827819824 13.0 12.0
      vertex 5.0 13.0 11.846405982971191
    endloop
  endfacet
  facet normal -0.706403911113739 0.04457668215036392 -0.706403911113739
    outer loop
      vertex 4.0 13.0 12.618868827819824
      vertex 4.618868827819824 13.0 12.0
      vertex 4.0 12.0 12.555765151977539
    endloop
  endfacet
  facet normal -0.706403911113739 0.044576700776815414 -0.706403911113739
    outer loop
      vertex 4.0 12.0 12.555765151977539
      vertex 4.618868827819824 13.0 12.0
      vertex 4.555765151977539 12.0 12.0
    endloop
  endfacet
  facet normal 0.0 0.0 1.0
    outer loop
      vertex 5.0 12.0 13.81176471710205
      vertex 4.0 13.0 13.81176471710205
      vertex 4.0 12.0 13.81176471710205
    endloop
  endfacet
  facet normal 0.0 0.0 1.0
    outer loop
      vertex 5.0 13.0 13.81176471710205
      vertex 4.0 13.0 13.81176471710205
      vertex 5.0 12.0 13.81176471710205
    endloop
  endfacet
  facet normal -0.3719702959060669 0.09840109944343567 -0.9230142831802368
    outer loop
      vertex 5.0 13.0 11.846405982971191
      vertex 4.618868827819824 13.0 12.0
      vertex 4.883409023284912 14.0 12.0
    endloop
  endfacet
  facet normal -0.36966589093208313 0.0988052636384964 -0.9238964915275574
    outer loop
      vertex 5.0 13.0 11.846405982971191
      vertex 4.883409023284912 14.0 12.0
      vertex 5.0 14.0 11.953350067138672
    endloop
  endfacet
  facet normal -0.620588481426239 0.06460580974817276 -0.7814704179763794
    outer loop
      vertex 4.0 14.0 12.70154094696045
      vertex 4.883409023284912 14.0 12.0
      vertex 4.0 13.0 12.618868827819824
    endloop
  endfacet
  facet normal -0.6950511336326599 0.18386897444725037 -0.6950511336326599
    outer loop
      vertex 4.0 13.0 12.618868827819824
      vertex 4.883409023284912 14.0 12.0
      vertex 4.618868827819824 13.0 12.0
    endloop
  endfacet
  facet normal 0.0 0.0 1.0
    outer loop
      vertex 5.0 13.0 13.81176471710205
      vertex 4.0 14.0 13.81176471710205
      vertex 4.0 13.0 13.81176471710205
    endloop
  endfacet
  facet normal 0.0 0.0 1.0
    outer loop
      vertex 5.0 14.0 13.81176471710205
      vertex 4.0 14.0 13.81176471710205
      vertex 5.0 13.0 13.81176471710205
    endloop
  endfacet
  facet normal -0.36652693152427673 0.16281244158744812 -0.9160513281822205
    outer loop
      vertex 5.0 14.262472152709961 12.0
      vertex 5.0 14.0 11.953350067138672
      vertex 4.883409023284912 14.0 12.0
    endloop
  endfacet
  facet normal -0.599436342716217 0.26627156138420105 -0.754834771156311
    outer loop
      vertex 4.883409023284912 14.0 12.0
      vertex 4.0 14.0 12.70154094696045
      vertex 5.0 14.262472152709961 12.0
    endloop
  endfacet
  facet normal -0.5913541913032532 0.43056464195251465 -0.6818461418151855
    outer loop
      vertex 4.0 14.0 12.70154094696045
      vertex 5.0 15.0 12.465725898742676
      vertex 5.0 14.262472152709961 12.0
    endloop
  endfacet
  facet normal -0.29273420572280884 0.06781712919473648 -0.9537858963012695
    outer loop
      vertex 4.0 14.0 12.70154094696045
      vertex 4.0 15.0 12.77264404296875
      vertex 5.0 15.0 12.465725898742676
    endloop
  endfacet
  facet normal 0.0 0.0 1.0
    outer loop
      vertex 5.0 14.0 13.81176471710205
      vertex 4.0 15.0 13.81176471710205
      vertex 4.0 14.0 13.81176471710205
    endloop
  endfacet
  facet normal 0.0 0.0 1.0
    outer loop
      vertex 5.0 15.0 13.81176471710205
      vertex 4.0 15.0 13.81176471710205
      vertex 5.0 14.0 13.81176471710205
    endloop
  endfacet
  facet normal -0.2899603545665741 0.15288494527339935 -0.9447481632232666
    outer loop
      vertex 4.0 16.0 12.934470176696777
      vertex 5.0 15.0 12.465725898742676
      vertex 4.0 15.0 12.77264404296875
    endloop
  endfacet
  facet normal -0.2211001217365265 0.2238393872976303 -0.9492158889770508
    outer loop
      vertex 4.0 16.0 12.934470176696777
      vertex 5.0 16.0 12.70154094696045
      vertex 5.0 15.0 12.465725898742676
    endloop
  endfacet
  facet normal 0.0 0.21801869571208954 0.9759446382522583
    outer loop
      vertex 5.0 15.0 13.81176471710205
      vertex 4.0 16.0 13.588372230529785
      vertex 4.0 15.0 13.81176471710205
    endloop
  endfacet
  facet normal -0.21801869571208954 0.0 0.9759446382522583
    outer loop
      vertex 5.0 16.0 13.81176471710205
      vertex 4.0 16.0 13.588372230529785
      vertex 5.0 15.0 13.81176471710205
    endloop
  endfacet
  facet normal -0.38679230213165283 0.27273237705230713 -0.8809136748313904
    outer loop
      vertex 4.0 16.0 12.934470176696777
      vertex 4.0 16.211658477783203 13.0
      vertex 4.555870056152344 17.0 13.0
    endloop
  endfacet
  facet normal -0.38679274916648865 0.27273261547088623 -0.8809133768081665
    outer loop
      vertex 5.0 17.0 12.804990768432617
      vertex 4.0 16.0 12.934470176696777
      vertex 4.555870056152344 17.0 13.0
    endloop
  endfacet
  facet normal -0.2257136106491089 0.10024518519639969 -0.969022274017334
    outer loop
      vertex 5.0 16.0 12.70154094696045
      vertex 4.0 16.0 12.934470176696777
      vertex 5.0 17.0 12.804990768432617
    endloop
  endfacet
  facet normal -0.7457533478736877 0.5258405804634094 0.40907663106918335
    outer loop
      vertex 5.0 17.0 13.809656143188477
      vertex 4.555870056152344 17.0 13.0
      vertex 4.0 16.211658477783203 13.0
    endloop
  endfacet
  facet normal -0.7126518487930298 0.6601049900054932 0.2374633252620697
    outer loop
      vertex 4.0 16.0 13.588372230529785
      vertex 5.0 17.0 13.809656143188477
      vertex 4.0 16.211658477783203 13.0
    endloop
  endfacet
  facet normal -0.21801823377609253 0.00205784710124135 0.9759425520896912
    outer loop
      vertex 5.0 16.0 13.81176471710205
      vertex 5.0 17.0 13.809656143188477
      vertex 4.0 16.0 13.588372230529785
    endloop
  endfacet
  facet normal -0.37985172867774963 0.3275752067565918 -0.8651053309440613
    outer loop
      vertex 5.0 17.51500701904297 13.0
      vertex 5.0 17.0 12.804990768432617
      vertex 4.555870056152344 17.0 13.0
    endloop
  endfacet
  facet normal -0.6993535757064819 0.6031060218811035 0.383624404668808
    outer loop
      vertex 5.0 17.51500701904297 13.0
      vertex 4.555870056152344 17.0 13.0
      vertex 5.0 17.0 13.809656143188477
    endloop
  endfacet
  facet normal -0.3275757133960724 -0.3798516094684601 -0.8651050925254822
    outer loop
      vertex 6.0 5.0 12.804990768432617
      vertex 6.0 4.555870056152344 13.0
      vertex 5.484993934631348 5.0 13.0
    endloop
  endfacet
  facet normal -0.6031067967414856 -0.6993530988693237 0.3836241662502289
    outer loop
      vertex 6.0 5.0 13.809656143188477
      vertex 5.484993934631348 5.0 13.0
      vertex 6.0 4.555870056152344 13.0
    endloop
  endfacet
  facet normal -0.33380618691444397 -0.33380618691444397 -0.8815593123435974
    outer loop
      vertex 6.0 5.0 12.804990768432617
      vertex 5.484993934631348 5.0 13.0
      vertex 5.0 5.484993934631348 13.0
    endloop
  endfacet
  facet normal -0.33380618691444397 -0.33380618691444397 -0.8815593719482422
    outer loop
      vertex 5.0 6.0 12.804990768432617
      vertex 6.0 5.0 12.804990768432617
      vertex 5.0 5.484993934631348 13.0
    endloop
  endfacet
  facet normal -0.13678787648677826 -0.13678787648677826 -0.9811106324195862
    outer loop
      vertex 6.0 6.0 12.665569305419922
      vertex 6.0 5.0 12.804990768432617
      vertex 5.0 6.0 12.804990768432617
    endloop
  endfacet
  facet normal -0.6448798179626465 -0.6448798179626465 0.41019514203071594
    outer loop
      vertex 5.0 6.0 13.809656143188477
      vertex 5.0 5.484993934631348 13.0
      vertex 5.484993934631348 5.0 13.0
    endloop
  endfacet
  facet normal -0.6448797583580017 -0.6448797583580017 0.41019511222839355
    outer loop
      vertex 6.0 5.0 13.809656143188477
      vertex 5.0 6.0 13.809656143188477
      vertex 5.484993934631348 5.0 13.0
    endloop
  endfacet
  facet normal -0.0021085646003484726 -0.0021085646003484726 0.9999955892562866
    outer loop
      vertex 6.0 6.0 13.81176471710205
      vertex 5.0 6.0 13.809656143188477
      vertex 6.0 5.0 13.809656143188477
    endloop
  endfacet
  facet normal -0.13736669719219208 -0.10192519426345825 -0.9852622151374817
    outer loop
      vertex 5.0 7.0 12.70154094696045
      vertex 6.0 6.0 12.665569305419922
      vertex 5.0 6.0 12.804990768432617
    endloop
  endfacet
  facet normal -0.4710085690021515 -0.44358065724372864 -0.7624874711036682
    outer loop
      vertex 5.0 7.0 12.70154094696045
      vertex 6.0 7.0 12.08381462097168
      vertex 6.0 6.0 12.665569305419922
    endloop
  endfacet
  facet normal -0.0021085646003484726 -0.0021085646003484726 0.9999955892562866
    outer loop
      vertex 6.0 6.0 13.81176471710205
      vertex 5.0 7.0 13.81176471710205
      vertex 5.0 6.0 13.809656143188477
    endloop
  endfacet
  facet normal 0.0 0.0 1.0
    outer loop
      vertex 6.0 7.0 13.81176471710205
      vertex 5.0 7.0 13.81176471710205
      vertex 6.0 6.0 13.81176471710205
    endloop
  endfacet
  facet normal -0.2898922562599182 -0.16905087232589722 -0.9420107007026672
    outer loop
      vertex 6.0 8.0 11.835583686828613
      vertex 6.0 7.08381462097168 12.0
      vertex 5.465725898742676 8.0 12.0
    endloop
  endfacet
  facet normal -0.7714870572090149 -0.44989317655563354 -0.44989317655563354
    outer loop
      vertex 6.0 7.08381462097168 12.0
      vertex 6.0 7.0 12.08381462097168
      vertex 5.465725898742676 8.0 12.0
    endloop
  endfacet
  facet normal -0.6479269862174988 -0.400476336479187 -0.6479269862174988
    outer loop
      vertex 6.0 7.0 12.08381462097168
      vertex 5.0 8.0 12.465725898742676
      vertex 5.465725898742676 8.0 12.0
    endloop
  endfacet
  facet normal -0.5152741074562073 -0.19670425355434418 -0.83414626121521
    outer loop
      vertex 6.0 7.0 12.08381462097168
      vertex 5.0 7.0 12.70154094696045
      vertex 5.0 8.0 12.465725898742676
    endloop
  endfacet
  facet normal 0.0 0.0 1.0
    outer loop
      vertex 6.0 7.0 13.81176471710205
      vertex 5.0 8.0 13.81176471710205
      vertex 5.0 7.0 13.81176471710205
    endloop
  endfacet
  facet normal 0.0 0.0 1.0
    outer loop
      vertex 6.0 8.0 13.81176471710205
      vertex 5.0 8.0 13.81176471710205
      vertex 6.0 7.0 13.81176471710205
    endloop
  endfacet
  facet normal -0.28918004035949707 -0.1826082020998001 -0.9396963119506836
    outer loop
      vertex 6.0 8.0 11.835583686828613
      vertex 5.465725898742676 8.0 12.0
      vertex 5.0 8.737527847290039 12.0
    endloop
  endfacet
  facet normal -0.2793566882610321 -0.16802366077899933 -0.9453718662261963
    outer loop
      vertex 5.0 9.0 11.953350067138672
      vertex 6.0 8.0 11.835583686828613
      vertex 5.0 8.737527847290039 12.0
    endloop
  endfacet
  facet normal -0.16230714321136475 -0.04622991755604744 -0.98565673828125
    outer loop
      vertex 6.0 9.0 11.788681030273438
      vertex 6.0 8.0 11.835583686828613
      vertex 5.0 9.0 11.953350067138672
    endloop
  endfacet
  facet normal -0.6456650495529175 -0.40771737694740295 -0.6456650495529175
    outer loop
      vertex 5.0 8.737527847290039 12.0
      vertex 5.465725898742676 8.0 12.0
      vertex 5.0 8.0 12.465725898742676
    endloop
  endfacet
  facet normal 0.0 0.0 1.0
    outer loop
      vertex 6.0 8.0 13.81176471710205
      vertex 5.0 9.0 13.81176471710205
      vertex 5.0 8.0 13.81176471710205
    endloop
  endfacet
  facet normal 0.0 0.0 1.0
    outer loop
      vertex 6.0 9.0 13.81176471710205
      vertex 5.0 9.0 13.81176471710205
      vertex 6.0 8.0 13.81176471710205
    endloop
  endfacet
  facet normal -0.16158373653888702 -0.10494033992290497 -0.9812636375427246
    outer loop
      vertex 5.0 10.0 11.846405982971191
      vertex 6.0 9.0 11.788681030273438
      vertex 5.0 9.0 11.953350067138672
    endloop
  endfacet
  facet normal -0.11084473133087158 -0.05355886369943619 -0.9923934936523438
    outer loop
      vertex 5.0 10.0 11.846405982971191
      vertex 6.0 10.0 11.734711647033691
      vertex 6.0 9.0 11.788681030273438
    endloop
  endfacet
  facet normal 0.0 0.0 1.0
    outer loop
      vertex 6.0 9.0 13.81176471710205
      vertex 5.0 10.0 13.81176471710205
      vertex 5.0 9.0 13.81176471710205
    endloop
  endfacet
  facet normal 0.0 0.0 1.0
    outer loop
      vertex 6.0 10.0 13.81176471710205
      vertex 5.0 10.0 13.81176471710205
      vertex 6.0 9.0 13.81176471710205
    endloop
  endfacet
  facet normal -0.11099763214588165 -0.010754791088402271 -0.9937624335289001
    outer loop
      vertex 5.0 11.0 11.835583686828613
      vertex 6.0 10.0 11.734711647033691
      vertex 5.0 10.0 11.846405982971191
    endloop
  endfacet
  facet normal -0.14026103913784027 -0.04046962037682533 -0.9892871379852295
    outer loop
      vertex 5.0 11.0 11.835583686828613
      vertex 6.0 11.0 11.693803787231445
      vertex 6.0 10.0 11.734711647033691
    endloop
  endfacet
  facet normal 0.0 0.0 1.0
    outer loop
      vertex 6.0 10.0 13.81176471710205
      vertex 5.0 11.0 13.81176471710205
      vertex 5.0 10.0 13.81176471710205
    endloop
  endfacet
  facet normal 0.0 0.0 1.0
    outer loop
      vertex 6.0 11.0 13.81176471710205
      vertex 5.0 11.0 13.81176471710205
      vertex 6.0 10.0 13.81176471710205
    endloop
  endfacet
  facet normal -0.140376016497612 -0.0 -0.9900981783866882
    outer loop
      vertex 5.0 12.0 11.835583686828613
      vertex 6.0 11.0 11.693803787231445
      vertex 5.0 11.0 11.835583686828613
    endloop
  endfacet
  facet normal -0.140376016497612 0.0 -0.9900981783866882
    outer loop
      vertex 5.0 12.0 11.835583686828613
      vertex 6.0 12.0 11.693803787231445
      vertex 6.0 11.0 11.693803787231445
    endloop
  endfacet
  facet normal 0.0 0.0 1.0
    outer loop
      vertex 6.0 11.0 13.81176471710205
      vertex 5.0 12.0 13.81176471710205
      vertex 5.0 11.0 13.81176471710205
    endloop
  endfacet
  facet normal 0.0 0.0 1.0
    outer loop
      vertex 6.0 12.0 13.81176471710205
      vertex 5.0 12.0 13.81176471710205
      vertex 6.0 11.0 13.81176471710205
    endloop
  endfacet
  facet normal -0.14036796987056732 0.010714521631598473 -0.9900414347648621
    outer loop
      vertex 5.0 13.0 11.846405982971191
      vertex 6.0 12.0 11.693803787231445
      vertex 5.0 12.0 11.835583686828613
    endloop
  endfacet
  facet normal -0.11091244220733643 0.04062149301171303 -0.9929996728897095
    outer loop
      vertex 5.0 13.0 11.846405982971191
      vertex 6.0 13.0 11.734711647033691
      vertex 6.0 12.0 11.693803787231445
    endloop
  endfacet
  facet normal 0.0 0.0 1.0
    outer loop
      vertex 6.0 12.0 13.81176471710205
      vertex 5.0 13.0 13.81176471710205
      vertex 5.0 12.0 13.81176471710205
    endloop
  endfacet
  facet normal 0.0 0.0 1.0
    outer loop
      vertex 6.0 13.0 13.81176471710205
      vertex 5.0 13.0 13.81176471710205
      vertex 6.0 12.0 13.81176471710205
    endloop
  endfacet
  facet normal -0.11038237065076828 0.10568791627883911 -0.9882539510726929
    outer loop
      vertex 5.0 14.0 11.953350067138672
      vertex 6.0 13.0 11.734711647033691
      vertex 5.0 13.0 11.846405982971191
    endloop
  endfacet
  facet normal -0.16225098073482513 0.0531768798828125 -0.9853156805038452
    outer loop
      vertex 5.0 14.0 11.953350067138672
      vertex 6.0 14.0 11.788681030273438
      vertex 6.0 13.0 11.734711647033691
    endloop
  endfacet
  facet normal 0.0 0.0 1.0
    outer loop
      vertex 6.0 13.0 13.81176471710205
      vertex 5.0 14.0 13.81176471710205
      vertex 5.0 13.0 13.81176471710205
    endloop
  endfacet
  facet normal 0.0 0.0 1.0
    outer loop
      vertex 6.0 14.0 13.81176471710205
      vertex 5.0 14.0 13.81176471710205
      vertex 6.0 13.0 13.81176471710205
    endloop
  endfacet
  facet normal -0.2670522630214691 0.16863518953323364 -0.9488126039505005
    outer loop
      vertex 5.0 14.0 11.953350067138672
      vertex 5.0 14.262472152709961 12.0
      vertex 5.465725898742676 15.0 12.0
    endloop
  endfacet
  facet normal -0.28939396142959595 0.1786474585533142 -0.940391480922699
    outer loop
      vertex 6.0 15.0 11.835583686828613
      vertex 5.0 14.0 11.953350067138672
      vertex 5.465725898742676 15.0 12.0
    endloop
  endfacet
  facet normal -0.16230714321136475 0.04622991755604744 -0.98565673828125
    outer loop
      vertex 6.0 14.0 11.788681030273438
      vertex 5.0 14.0 11.953350067138672
      vertex 6.0 15.0 11.835583686828613
    endloop
  endfacet
  facet normal -0.6456650495529175 0.40771737694740295 -0.6456650495529175
    outer loop
      vertex 5.0 15.0 12.465725898742676
      vertex 5.465725898742676 15.0 12.0
      vertex 5.0 14.262472152709961 12.0
    endloop
  endfacet
  facet normal 0.0 0.0 1.0
    outer loop
      vertex 6.0 14.0 13.81176471710205
      vertex 5.0 15.0 13.81176471710205
      vertex 5.0 14.0 13.81176471710205
    endloop
  endfacet
  facet normal 0.0 0.0 1.0
    outer loop
      vertex 6.0 15.0 13.81176471710205
      vertex 5.0 15.0 13.81176471710205
      vertex 6.0 14.0 13.81176471710205
    endloop
  endfacet
  facet normal -0.2898922562599182 0.16905087232589722 -0.9420107007026672
    outer loop
      vertex 6.0 15.91618537902832 12.0
      vertex 6.0 15.0 11.835583686828613
      vertex 5.465725898742676 15.0 12.0
    endloop
  endfacet
  facet normal -0.6537114381790161 0.3812122642993927 -0.6537114381790161
    outer loop
      vertex 5.465725898742676 15.0 12.0
      vertex 5.0 15.0 12.465725898742676
      vertex 6.0 15.91618537902832 12.0
    endloop
  endfacet
  facet normal -0.6988912224769592 0.5057424902915955 -0.5057424902915955
    outer loop
      vertex 5.0 15.0 12.465725898742676
      vertex 6.0 16.0 12.08381462097168
      vertex 6.0 15.91618537902832 12.0
    endloop
  endfacet
  facet normal -0.5152741074562073 0.19670425355434418 -0.83414626121521
    outer loop
      vertex 5.0 15.0 12.465725898742676
      vertex 5.0 16.0 12.70154094696045
      vertex 6.0 16.0 12.08381462097168
    endloop
  endfacet
  facet normal 0.0 0.0 1.0
    outer loop
      vertex 6.0 15.0 13.81176471710205
      vertex 5.0 16.0 13.81176471710205
      vertex 5.0 15.0 13.81176471710205
    endloop
  endfacet
  facet normal 0.0 0.0 1.0
    outer loop
      vertex 6.0 16.0 13.81176471710205
      vertex 5.0 16.0 13.81176471710205
      vertex 6.0 15.0 13.81176471710205
    endloop
  endfacet
  facet normal -0.5235180258750916 0.0876728817820549 -0.8474918007850647
    outer loop
      vertex 5.0 17.0 12.804990768432617
      vertex 6.0 16.0 12.08381462097168
      vertex 5.0 16.0 12.70154094696045
    endloop
  endfacet
  facet normal -0.1196463480591774 0.49924036860466003 -0.858163058757782
    outer loop
      vertex 5.0 17.0 12.804990768432617
      vertex 6.0 17.0 12.665569305419922
      vertex 6.0 16.0 12.08381462097168
    endloop
  endfacet
  facet normal 0.0 0.0021085694897919893 0.9999978542327881
    outer loop
      vertex 6.0 16.0 13.81176471710205
      vertex 5.0 17.0 13.809656143188477
      vertex 5.0 16.0 13.81176471710205
    endloop
  endfacet
  facet normal -0.0021085694897919893 0.0 0.9999978542327881
    outer loop
      vertex 6.0 17.0 13.81176471710205
      vertex 5.0 17.0 13.809656143188477
      vertex 6.0 16.0 13.81176471710205
    endloop
  endfacet
  facet normal -0.3338051438331604 0.33380579948425293 -0.8815599083900452
    outer loop
      vertex 5.0 17.0 12.804990768432617
      vertex 5.0 17.51500701904297 13.0
      vertex 5.484993934631348 18.0 13.0
    endloop
  endfacet
  facet normal -0.33380618691444397 0.33380618691444397 -0.8815593719482422
    outer loop
      vertex 6.0 18.0 12.804990768432617
      vertex 5.0 17.0 12.804990768432617
      vertex 5.484993934631348 18.0 13.0
    endloop
  endfacet
  facet normal -0.13678787648677826 0.13678787648677826 -0.9811106324195862
    outer loop
      vertex 6.0 17.0 12.665569305419922
      vertex 5.0 17.0 12.804990768432617
      vertex 6.0 18.0 12.804990768432617
    endloop
  endfacet
  facet normal -0.6448792815208435 0.6448805928230286 0.4101948142051697
    outer loop
      vertex 6.0 18.0 13.809656143188477
      vertex 5.484993934631348 18.0 13.0
      vertex 5.0 17.51500701904297 13.0
    endloop
  endfacet
  facet normal -0.6448795795440674 0.6448795795440674 0.4101957678794861
    outer loop
      vertex 5.0 17.0 13.809656143188477
      vertex 6.0 18.0 13.809656143188477
      vertex 5.0 17.51500701904297 13.0
    endloop
  endfacet
  facet normal -0.0021085646003484726 0.0021085646003484726 0.9999955892562866
    outer loop
      vertex 6.0 17.0 13.81176471710205
      vertex 6.0 18.0 13.809656143188477
      vertex 5.0 17.0 13.809656143188477
    endloop
  endfacet
  facet normal -0.3275757133960724 0.3798516094684601 -0.8651050925254822
    outer loop
      vertex 6.0 18.444129943847656 13.0
      vertex 6.0 18.0 12.804990768432617
      vertex 5.484993934631348 18.0 13.0
    endloop
  endfacet
  facet normal -0.6031067967414856 0.6993530988693237 0.3836241662502289
    outer loop
      vertex 6.0 18.444129943847656 13.0
      vertex 5.484993934631348 18.0 13.0
      vertex 6.0 18.0 13.809656143188477
    endloop
  endfacet
  facet normal -0.26817214488983154 -0.4216654300689697 -0.8661882281303406
    outer loop
      vertex 7.0 4.0 12.934470176696777
      vertex 7.0 3.8653881549835205 13.0
      vertex 6.7883405685424805 4.0 13.0
    endloop
  endfacet
  facet normal -0.5269179344177246 -0.8285092115402222 0.18955202400684357
    outer loop
      vertex 7.0 4.0 13.588372230529785
      vertex 6.7883405685424805 4.0 13.0
      vertex 7.0 3.8653881549835205 13.0
    endloop
  endfacet
  facet normal -0.2727314531803131 -0.38679054379463196 -0.8809147477149963
    outer loop
      vertex 7.0 4.0 12.934470176696777
      vertex 6.7883405685424805 4.0 13.0
      vertex 6.0 4.555870056152344 13.0
    endloop
  endfacet
  facet normal -0.27273261547088623 -0.38679274916648865 -0.8809133768081665
    outer loop
      vertex 6.0 5.0 12.804990768432617
      vertex 7.0 4.0 12.934470176696777
      vertex 6.0 4.555870056152344 13.0
    endloop
  endfacet
  facet normal -0.10024518519639969 -0.2257136106491089 -0.969022274017334
    outer loop
      vertex 7.0 5.0 12.70154094696045
      vertex 7.0 4.0 12.934470176696777
      vertex 6.0 5.0 12.804990768432617
    endloop
  endfacet
  facet normal -0.5258409976959229 -0.7457530498504639 0.40907642245292664
    outer loop
      vertex 6.0 5.0 13.809656143188477
      vertex 6.0 4.555870056152344 13.0
      vertex 6.7883405685424805 4.0 13.0
    endloop
  endfacet
  facet normal -0.6601046919822693 -0.7126517295837402 0.2374642789363861
    outer loop
      vertex 7.0 4.0 13.588372230529785
      vertex 6.0 5.0 13.809656143188477
      vertex 6.7883405685424805 4.0 13.0
    endloop
  endfacet
  facet normal -0.00205784710124135 -0.21801823377609253 0.9759425520896912
    outer loop
      vertex 7.0 5.0 13.81176471710205
      vertex 6.0 5.0 13.809656143188477
      vertex 7.0 4.0 13.588372230529785
    endloop
  endfacet
  facet normal -0.10192519426345825 -0.13736669719219208 -0.9852622151374817
    outer loop
      vertex 6.0 6.0 12.665569305419922
      vertex 7.0 5.0 12.70154094696045
      vertex 6.0 5.0 12.804990768432617
    endloop
  endfacet
  facet normal -0.44358065724372864 -0.4710085690021515 -0.7624874711036682
    outer loop
      vertex 6.0 6.0 12.665569305419922
      vertex 7.0 6.0 12.08381462097168
      vertex 7.0 5.0 12.70154094696045
    endloop
  endfacet
  facet normal -0.0021085646003484726 -0.0021085646003484726 0.9999955892562866
    outer loop
      vertex 7.0 5.0 13.81176471710205
      vertex 6.0 6.0 13.81176471710205
      vertex 6.0 5.0 13.809656143188477
    endloop
  endfacet
  facet normal 0.0 0.0 1.0
    outer loop
      vertex 7.0 6.0 13.81176471710205
      vertex 6.0 6.0 13.81176471710205
      vertex 7.0 5.0 13.81176471710205
    endloop
  endfacet
  facet normal -0.18655532598495483 -0.18655532598495483 -0.9645694494247437
    outer loop
      vertex 7.0 7.0 11.822802543640137
      vertex 7.0 6.08381462097168 12.0
      vertex 6.08381462097168 7.0 12.0
    endloop
  endfacet
  facet normal -0.5773502588272095 -0.5773502588272095 -0.5773502588272095
    outer loop
      vertex 7.0 6.08381462097168 12.0
      vertex 7.0 6.0 12.08381462097168
      vertex 6.08381462097168 7.0 12.0
    endloop
  endfacet
  facet normal -0.5773502588272095 -0.5773502588272095 -0.5773502588272095
    outer loop
      vertex 7.0 6.0 12.08381462097168
      vertex 6.0 7.0 12.08381462097168
      vertex 6.08381462097168 7.0 12.0
    endloop
  endfacet
  facet normal -0.4492512345314026 -0.4492512345314026 -0.7722348570823669
    outer loop
      vertex 7.0 6.0 12.08381462097168
      vertex 6.0 6.0 12.665569305419922
      vertex 6.0 7.0 12.08381462097168
    endloop
  endfacet
  facet normal 0.0 0.0 1.0
    outer loop
      vertex 7.0 6.0 13.81176471710205
      vertex 6.0 7.0 13.81176471710205
      vertex 6.0 6.0 13.81176471710205
    endloop
  endfacet
  facet normal 0.0 0.0 1.0
    outer loop
      vertex 7.0 7.0 13.81176471710205
      vertex 6.0 7.0 13.81176471710205
      vertex 7.0 6.0 13.81176471710205
    endloop
  endfacet
  facet normal -0.18655534088611603 -0.18655528128147125 -0.9645695090293884
    outer loop
      vertex 7.0 7.0 11.822802543640137
      vertex 6.08381462097168 7.0 12.0
      vertex 6.0 7.08381462097168 12.0
    endloop
  endfacet
  facet normal -0.18591701984405518 -0.17355617880821228 -0.9671158790588379
    outer loop
      vertex 6.0 8.0 11.835583686828613
      vertex 7.0 7.0 11.822802543640137
      vertex 6.0 7.08381462097168 12.0
    endloop
  endfacet
  facet normal -0.0999794527888298 -0.08731140941381454 -0.9911512732505798
    outer loop
      vertex 7.0 8.0 11.734711647033691
      vertex 7.0 7.0 11.822802543640137
      vertex 6.0 8.0 11.835583686828613
    endloop
  endfacet
  facet normal -0.5773502588272095 -0.5773502588272095 -0.5773502588272095
    outer loop
      vertex 6.0 7.08381462097168 12.0
      vertex 6.08381462097168 7.0 12.0
      vertex 6.0 7.0 12.08381462097168
    endloop
  endfacet
  facet normal 0.0 0.0 1.0
    outer loop
      vertex 7.0 7.0 13.81176471710205
      vertex 6.0 8.0 13.81176471710205
      vertex 6.0 7.0 13.81176471710205
    endloop
  endfacet
  facet normal 0.0 0.0 1.0
    outer loop
      vertex 7.0 8.0 13.81176471710205
      vertex 6.0 8.0 13.81176471710205
      vertex 7.0 7.0 13.81176471710205
    endloop
  endfacet
  facet normal -0.100253626704216 -0.0466151125729084 -0.9938693046569824
    outer loop
      vertex 6.0 9.0 11.788681030273438
      vertex 7.0 8.0 11.734711647033691
      vertex 6.0 8.0 11.835583686828613
    endloop
  endfacet
  facet normal -0.23128476738929749 -0.17968197166919708 -0.9561494588851929
    outer loop
      vertex 6.0 9.0 11.788681030273438
      vertex 7.0 9.0 11.546789169311523
      vertex 7.0 8.0 11.734711647033691
    endloop
  endfacet
  facet normal 0.0 0.0 1.0
    outer loop
      vertex 7.0 8.0 13.81176471710205
      vertex 6.0 9.0 13.81176471710205
      vertex 6.0 8.0 13.81176471710205
    endloop
  endfacet
  facet normal 0.0 0.0 1.0
    outer loop
      vertex 7.0 9.0 13.81176471710205
      vertex 6.0 9.0 13.81176471710205
      vertex 7.0 8.0 13.81176471710205
    endloop
  endfacet
  facet normal -0.2347884625196457 -0.05238451808691025 -0.9706339836120605
    outer loop
      vertex 6.0 10.0 11.734711647033691
      vertex 7.0 9.0 11.546789169311523
      vertex 6.0 9.0 11.788681030273438
    endloop
  endfacet
  facet normal -0.5187504887580872 -0.37430766224861145 -0.768629789352417
    outer loop
      vertex 6.0 10.0 11.734711647033691
      vertex 7.0 10.0 11.059808731079102
      vertex 7.0 9.0 11.546789169311523
    endloop
  endfacet
  facet normal 0.0 0.0 1.0
    outer loop
      vertex 7.0 9.0 13.81176471710205
      vertex 6.0 10.0 13.81176471710205
      vertex 6.0 9.0 13.81176471710205
    endloop
  endfacet
  facet normal 0.0 0.0 1.0
    outer loop
      vertex 7.0 10.0 13.81176471710205
      vertex 6.0 10.0 13.81176471710205
      vertex 7.0 9.0 13.81176471710205
    endloop
  endfacet
  facet normal -0.48322537541389465 -0.1047685369849205 -0.8692046403884888
    outer loop
      vertex 7.0 11.0 10.892043113708496
      vertex 7.0 10.10434341430664 11.0
      vertex 6.805811882019043 11.0 11.0
    endloop
  endfacet
  facet normal -0.9166669845581055 -0.19874340295791626 -0.34673139452934265
    outer loop
      vertex 7.0 10.10434341430664 11.0
      vertex 7.0 10.0 11.059808731079102
      vertex 6.805811882019043 11.0 11.0
    endloop
  endfacet
  facet normal -0.6430293917655945 -0.16953624784946442 -0.7468404173851013
    outer loop
      vertex 7.0 10.0 11.059808731079102
      vertex 6.0 11.0 11.693803787231445
      vertex 6.805811882019043 11.0 11.0
    endloop
  endfacet
  facet normal -0.5590962767601013 -0.033888477832078934 -0.8284099102020264
    outer loop
      vertex 7.0 10.0 11.059808731079102
      vertex 6.0 10.0 11.734711647033691
      vertex 6.0 11.0 11.693803787231445
    endloop
  endfacet
  facet normal 0.0 0.0 1.0
    outer loop
      vertex 7.0 10.0 13.81176471710205
      vertex 6.0 11.0 13.81176471710205
      vertex 6.0 10.0 13.81176471710205
    endloop
  endfacet
  facet normal 0.0 0.0 1.0
    outer loop
      vertex 7.0 11.0 13.81176471710205
      vertex 6.0 11.0 13.81176471710205
      vertex 7.0 10.0 13.81176471710205
    endloop
  endfacet
  facet normal -0.48589950799942017 0.0 -0.8740147352218628
    outer loop
      vertex 7.0 11.0 10.892043113708496
      vertex 6.805811882019043 11.0 11.0
      vertex 6.805811882019043 12.0 11.0
    endloop
  endfacet
  facet normal -0.48589950799942017 0.0 -0.8740147352218628
    outer loop
      vertex 7.0 11.0 10.892043113708496
      vertex 6.805811882019043 12.0 11.0
      vertex 7.0 12.0 10.892043113708496
    endloop
  endfacet
  facet normal -0.6524747014045715 -0.0 -0.7578105926513672
    outer loop
      vertex 6.0 12.0 11.693803787231445
      vertex 6.805811882019043 12.0 11.0
      vertex 6.0 11.0 11.693803787231445
    endloop
  endfacet
  facet normal -0.6524747014045715 0.0 -0.7578105926513672
    outer loop
      vertex 6.0 11.0 11.693803787231445
      vertex 6.805811882019043 12.0 11.0
      vertex 6.805811882019043 11.0 11.0
    endloop
  endfacet
  facet normal 0.0 0.0 1.0
    outer loop
      vertex 7.0 11.0 13.81176471710205
      vertex 6.0 12.0 13.81176471710205
      vertex 6.0 11.0 13.81176471710205
    endloop
  endfacet
  facet normal 0.0 0.0 1.0
    outer loop
      vertex 7.0 12.0 13.81176471710205
      vertex 6.0 12.0 13.81176471710205
      vertex 7.0 11.0 13.81176471710205
    endloop
  endfacet
  facet normal -0.48322537541389465 0.1047685369849205 -0.8692046403884888
    outer loop
      vertex 7.0 12.89565658569336 11.0
      vertex 7.0 12.0 10.892043113708496
      vertex 6.805811882019043 12.0 11.0
    endloop
  endfacet
  facet normal -0.6460424065589905 0.14006903767585754 -0.7503398656845093
    outer loop
      vertex 6.805811882019043 12.0 11.0
      vertex 6.0 12.0 11.693803787231445
      vertex 7.0 12.89565658569336 11.0
    endloop
  endfacet
  facet normal -0.7232620716094971 0.3434162735939026 -0.599130392074585
    outer loop
      vertex 6.0 12.0 11.693803787231445
      vertex 7.0 13.0 11.059808731079102
      vertex 7.0 12.89565658569336 11.0
    endloop
  endfacet
  facet normal -0.5590962767601013 0.033888477832078934 -0.8284099102020264
    outer loop
      vertex 6.0 12.0 11.693803787231445
      vertex 6.0 13.0 11.734711647033691
      vertex 7.0 13.0 11.059808731079102
    endloop
  endfacet
  facet normal 0.0 0.0 1.0
    outer loop
      vertex 7.0 12.0 13.81176471710205
      vertex 6.0 13.0 13.81176471710205
      vertex 6.0 12.0 13.81176471710205
    endloop
  endfacet
  facet normal 0.0 0.0 1.0
    outer loop
      vertex 7.0 13.0 13.81176471710205
      vertex 6.0 13.0 13.81176471710205
      vertex 7.0 12.0 13.81176471710205
    endloop
  endfacet
  facet normal -0.5588586926460266 0.04468977451324463 -0.8280578851699829
    outer loop
      vertex 6.0 14.0 11.788681030273438
      vertex 7.0 13.0 11.059808731079102
      vertex 6.0 13.0 11.734711647033691
    endloop
  endfacet
  facet normal -0.21250808238983154 0.42782455682754517 -0.8785251379013062
    outer loop
      vertex 6.0 14.0 11.788681030273438
      vertex 7.0 14.0 11.546789169311523
      vertex 7.0 13.0 11.059808731079102
    endloop
  endfacet
  facet normal 0.0 0.0 1.0
    outer loop
      vertex 7.0 13.0 13.81176471710205
      vertex 6.0 14.0 13.81176471710205
      vertex 6.0 13.0 13.81176471710205
    endloop
  endfacet
  facet normal 0.0 0.0 1.0
    outer loop
      vertex 7.0 14.0 13.81176471710205
      vertex 6.0 14.0 13.81176471710205
      vertex 7.0 13.0 13.81176471710205
    endloop
  endfacet
  facet normal -0.23486731946468353 0.04554060474038124 -0.9709600210189819
    outer loop
      vertex 6.0 15.0 11.835583686828613
      vertex 7.0 14.0 11.546789169311523
      vertex 6.0 14.0 11.788681030273438
    endloop
  endfacet
  facet normal -0.09865313023328781 0.18378868699073792 -0.9780027270317078
    outer loop
      vertex 6.0 15.0 11.835583686828613
      vertex 7.0 15.0 11.734711647033691
      vertex 7.0 14.0 11.546789169311523
    endloop
  endfacet
  facet normal 0.0 0.0 1.0
    outer loop
      vertex 7.0 14.0 13.81176471710205
      vertex 6.0 15.0 13.81176471710205
      vertex 6.0 14.0 13.81176471710205
    endloop
  endfacet
  facet normal 0.0 0.0 1.0
    outer loop
      vertex 7.0 15.0 13.81176471710205
      vertex 6.0 15.0 13.81176471710205
      vertex 7.0 14.0 13.81176471710205
    endloop
  endfacet
  facet normal -0.17394302785396576 0.17394305765628815 -0.9692716598510742
    outer loop
      vertex 6.0 15.0 11.835583686828613
      vertex 6.0 15.91618537902832 12.0
      vertex 6.08381462097168 16.0 12.0
    endloop
  endfacet
  facet normal -0.18697158992290497 0.1746157705783844 -0.9667217135429382
    outer loop
      vertex 7.0 16.0 11.822802543640137
      vertex 6.0 15.0 11.835583686828613
      vertex 6.08381462097168 16.0 12.0
    endloop
  endfacet
  facet normal -0.0999794527888298 0.08731140941381454 -0.9911512732505798
    outer loop
      vertex 7.0 15.0 11.734711647033691
      vertex 6.0 15.0 11.835583686828613
      vertex 7.0 16.0 11.822802543640137
    endloop
  endfacet
  facet normal -0.5773502588272095 0.5773502588272095 -0.5773502588272095
    outer loop
      vertex 6.0 16.0 12.08381462097168
      vertex 6.08381462097168 16.0 12.0
      vertex 6.0 15.91618537902832 12.0
    endloop
  endfacet
  facet normal 0.0 0.0 1.0
    outer loop
      vertex 7.0 15.0 13.81176471710205
      vertex 6.0 16.0 13.81176471710205
      vertex 6.0 15.0 13.81176471710205
    endloop
  endfacet
  facet normal 0.0 0.0 1.0
    outer loop
      vertex 7.0 16.0 13.81176471710205
      vertex 6.0 16.0 13.81176471710205
      vertex 7.0 15.0 13.81176471710205
    endloop
  endfacet
  facet normal -0.18655532598495483 0.18655532598495483 -0.9645694494247437
    outer loop
      vertex 7.0 16.91618537902832 12.0
      vertex 7.0 16.0 11.822802543640137
      vertex 6.08381462097168 16.0 12.0
    endloop
  endfacet
  facet normal -0.5773502588272095 0.5773502588272095 -0.5773502588272095
    outer loop
      vertex 6.08381462097168 16.0 12.0
      vertex 6.0 16.0 12.08381462097168
      vertex 7.0 16.91618537902832 12.0
    endloop
  endfacet
  facet normal -0.5773502588272095 0.5773502588272095 -0.5773502588272095
    outer loop
      vertex 6.0 16.0 12.08381462097168
      vertex 7.0 17.0 12.08381462097168
      vertex 7.0 16.91618537902832 12.0
    endloop
  endfacet
  facet normal -0.4492512345314026 0.4492512345314026 -0.7722348570823669
    outer loop
      vertex 6.0 16.0 12.08381462097168
      vertex 6.0 17.0 12.665569305419922
      vertex 7.0 17.0 12.08381462097168
    endloop
  endfacet
  facet normal 0.0 0.0 1.0
    outer loop
      vertex 7.0 16.0 13.81176471710205
      vertex 6.0 17.0 13.81176471710205
      vertex 6.0 16.0 13.81176471710205
    endloop
  endfacet
  facet normal 0.0 0.0 1.0
    outer loop
      vertex 7.0 17.0 13.81176471710205
      vertex 6.0 17.0 13.81176471710205
      vertex 7.0 16.0 13.81176471710205
    endloop
  endfacet
  facet normal -0.49924036860466003 0.1196463480591774 -0.858163058757782
    outer loop
      vertex 6.0 18.0 12.804990768432617
      vertex 7.0 17.0 12.08381462097168
      vertex 6.0 17.0 12.665569305419922
    endloop
  endfacet
  facet normal -0.0876728817820549 0.5235180258750916 -0.8474918007850647
    outer loop
      vertex 6.0 18.0 12.804990768432617
      vertex 7.0 18.0 12.70154094696045
      vertex 7.0 17.0 12.08381462097168
    endloop
  endfacet
  facet normal 0.0 0.0021085694897919893 0.9999978542327881
    outer loop
      vertex 7.0 17.0 13.81176471710205
      vertex 6.0 18.0 13.809656143188477
      vertex 6.0 17.0 13.81176471710205
    endloop
  endfacet
  facet normal -0.0021085694897919893 0.0 0.9999978542327881
    outer loop
      vertex 7.0 18.0 13.81176471710205
      vertex 6.0 18.0 13.809656143188477
      vertex 7.0 17.0 13.81176471710205
    endloop
  endfacet
  facet normal -0.27273300290107727 0.38679268956184387 -0.880913257598877
    outer loop
      vertex 6.0 18.0 12.804990768432617
      vertex 6.0 18.444129943847656 13.0
      vertex 6.7883405685424805 19.0 13.0
    endloop
  endfacet
  facet normal -0.27273130416870117 0.38679155707359314 -0.8809142112731934
    outer loop
      vertex 7.0 19.0 12.934470176696777
      vertex 6.0 18.0 12.804990768432617
      vertex 6.7883405685424805 19.0 13.0
    endloop
  endfacet
  facet normal -0.10024518519639969 0.2257136106491089 -0.969022274017334
    outer loop
      vertex 7.0 18.0 12.70154094696045
      vertex 6.0 18.0 12.804990768432617
      vertex 7.0 19.0 12.934470176696777
    endloop
  endfacet
  facet normal -0.5642669200897217 0.8002490997314453 0.2029878795146942
    outer loop
      vertex 7.0 19.0 13.588372230529785
      vertex 6.7883405685424805 19.0 13.0
      vertex 6.0 18.444129943847656 13.0
    endloop
  endfacet
  facet normal -0.6102585792541504 0.6945675611495972 0.3809990882873535
    outer loop
      vertex 6.0 18.0 13.809656143188477
      vertex 7.0 19.0 13.588372230529785
      vertex 6.0 18.444129943847656 13.0
    endloop
  endfacet
  facet normal -0.00205784710124135 0.21801823377609253 0.9759425520896912
    outer loop
      vertex 7.0 18.0 13.81176471710205
      vertex 7.0 19.0 13.588372230529785
      vertex 6.0 18.0 13.809656143188477
    endloop
  endfacet
  facet normal -0.26817187666893005 0.42166730761528015 -0.8661874532699585
    outer loop
      vertex 7.0 19.134611129760742 13.0
      vertex 7.0 19.0 12.934470176696777
      vertex 6.7883405685424805 19.0 13.0
    endloop
  endfacet
  facet normal -0.5269160270690918 0.828510582447052 0.18955133855342865
    outer loop
      vertex 7.0 19.134611129760742 13.0
      vertex 6.7883405685424805 19.0 13.0
      vertex 7.0 19.0 13.588372230529785
    endloop
  endfacet
  facet normal -0.15235204994678497 -0.39693018794059753 -0.9051161408424377
    outer loop
      vertex 8.0 4.0 12.77264404296875
      vertex 8.0 3.481562376022339 13.0
      vertex 7.0 3.8653881549835205 13.0
    endloop
  endfacet
  facet normal -0.1439853012561798 -0.4331369400024414 -0.8897531032562256
    outer loop
      vertex 8.0 4.0 12.77264404296875
      vertex 7.0 3.8653881549835205 13.0
      vertex 7.0 4.0 12.934470176696777
    endloop
  endfacet
  facet normal -0.35043221712112427 -0.9129981398582458 0.20888198912143707
    outer loop
      vertex 7.0 4.0 13.588372230529785
      vertex 7.0 3.8653881549835205 13.0
      vertex 8.0 3.481562376022339 13.0
    endloop
  endfacet
  facet normal -0.11938095092773438 -0.8367584943771362 0.5343999862670898
    outer loop
      vertex 7.0 4.0 13.588372230529785
      vertex 8.0 3.481562376022339 13.0
      vertex 8.0 4.0 13.81176471710205
    endloop
  endfacet
  facet normal -0.15568529069423676 -0.22409021854400635 -0.9620528221130371
    outer loop
      vertex 7.0 5.0 12.70154094696045
      vertex 8.0 4.0 12.77264404296875
      vertex 7.0 4.0 12.934470176696777
    endloop
  endfacet
  facet normal -0.21991707384586334 -0.2862266004085541 -0.9325828552246094
    outer loop
      vertex 7.0 5.0 12.70154094696045
      vertex 8.0 5.0 12.465725898742676
      vertex 8.0 4.0 12.77264404296875
    endloop
  endfacet
  facet normal -0.21301493048667908 -0.21301493048667908 0.9535456299781799
    outer loop
      vertex 8.0 4.0 13.81176471710205
      vertex 7.0 5.0 13.81176471710205
      vertex 7.0 4.0 13.588372230529785
    endloop
  endfacet
  facet normal 0.0 0.0 1.0
    outer loop
      vertex 8.0 5.0 13.81176471710205
      vertex 7.0 5.0 13.81176471710205
      vertex 8.0 4.0 13.81176471710205
    endloop
  endfacet
  facet normal -0.16905087232589722 -0.2898922562599182 -0.9420107007026672
    outer loop
      vertex 8.0 6.0 11.835583686828613
      vertex 8.0 5.465725898742676 12.0
      vertex 7.08381462097168 6.0 12.0
    endloop
  endfacet
  facet normal -0.3812122642993927 -0.6537114381790161 -0.6537114381790161
    outer loop
      vertex 8.0 5.465725898742676 12.0
      vertex 8.0 5.0 12.465725898742676
      vertex 7.08381462097168 6.0 12.0
    endloop
  endfacet
  facet normal -0.5057424902915955 -0.6988912224769592 -0.5057424902915955
    outer loop
      vertex 8.0 5.0 12.465725898742676
      vertex 7.0 6.0 12.08381462097168
      vertex 7.08381462097168 6.0 12.0
    endloop
  endfacet
  facet normal -0.19670425355434418 -0.5152741074562073 -0.83414626121521
    outer loop
      vertex 8.0 5.0 12.465725898742676
      vertex 7.0 5.0 12.70154094696045
      vertex 7.0 6.0 12.08381462097168
    endloop
  endfacet
  facet normal 0.0 0.0 1.0
    outer loop
      vertex 8.0 5.0 13.81176471710205
      vertex 7.0 6.0 13.81176471710205
      vertex 7.0 5.0 13.81176471710205
    endloop
  endfacet
  facet normal 0.0 0.0 1.0
    outer loop
      vertex 8.0 6.0 13.81176471710205
      vertex 7.0 6.0 13.81176471710205
      vertex 8.0 5.0 13.81176471710205
    endloop
  endfacet
  facet normal -0.17394305765628815 -0.17394302785396576 -0.9692716598510742
    outer loop
      vertex 8.0 6.0 11.835583686828613
      vertex 7.08381462097168 6.0 12.0
      vertex 7.0 6.08381462097168 12.0
    endloop
  endfacet
  facet normal -0.1746157705783844 -0.18697158992290497 -0.9667217135429382
    outer loop
      vertex 7.0 7.0 11.822802543640137
      vertex 8.0 6.0 11.835583686828613
      vertex 7.0 6.08381462097168 12.0
    endloop
  endfacet
  facet normal -0.08731140941381454 -0.0999794527888298 -0.9911512732505798
    outer loop
      vertex 8.0 7.0 11.734711647033691
      vertex 8.0 6.0 11.835583686828613
      vertex 7.0 7.0 11.822802543640137
    endloop
  endfacet
  facet normal -0.5773502588272095 -0.5773502588272095 -0.5773502588272095
    outer loop
      vertex 7.0 6.08381462097168 12.0
      vertex 7.08381462097168 6.0 12.0
      vertex 7.0 6.0 12.08381462097168
    endloop
  endfacet
  facet normal 0.0 0.0 1.0
    outer loop
      vertex 8.0 6.0 13.81176471710205
      vertex 7.0 7.0 13.81176471710205
      vertex 7.0 6.0 13.81176471710205
    endloop
  endfacet
  facet normal 0.0 0.0 1.0
    outer loop
      vertex 8.0 7.0 13.81176471710205
      vertex 7.0 7.0 13.81176471710205
      vertex 8.0 6.0 13.81176471710205
    endloop
  endfacet
  facet normal -0.0874151661992073 -0.0874151661992073 -0.9923291802406311
    outer loop
      vertex 7.0 8.0 11.734711647033691
      vertex 8.0 7.0 11.734711647033691
      vertex 7.0 7.0 11.822802543640137
    endloop
  endfacet
  facet normal -0.3078637719154358 -0.3078637719154358 -0.9002442359924316
    outer loop
      vertex 7.0 8.0 11.734711647033691
      vertex 8.0 8.0 11.392733573913574
      vertex 8.0 7.0 11.734711647033691
    endloop
  endfacet
  facet normal 0.0 0.0 1.0
    outer loop
      vertex 8.0 7.0 13.81176471710205
      vertex 7.0 8.0 13.81176471710205
      vertex 7.0 7.0 13.81176471710205
    endloop
  endfacet
  facet normal 0.0 0.0 1.0
    outer loop
      vertex 8.0 8.0 13.81176471710205
      vertex 7.0 8.0 13.81176471710205
      vertex 8.0 7.0 13.81176471710205
    endloop
  endfacet
  facet normal -0.394302099943161 -0.2942728102207184 -0.870591402053833
    outer loop
      vertex 8.0 9.0 10.794734954833984
      vertex 8.0 8.392733573913574 11.0
      vertex 7.546789169311523 9.0 11.0
    endloop
  endfacet
  facet normal -0.6877822875976562 -0.5133008360862732 -0.5133008360862732
    outer loop
      vertex 8.0 8.392733573913574 11.0
      vertex 8.0 8.0 11.392733573913574
      vertex 7.546789169311523 9.0 11.0
    endloop
  endfacet
  facet normal -0.6068276166915894 -0.5133424401283264 -0.6068276166915894
    outer loop
      vertex 8.0 8.0 11.392733573913574
      vertex 7.0 9.0 11.546789169311523
      vertex 7.546789169311523 9.0 11.0
    endloop
  endfacet
  facet normal -0.31858277320861816 -0.17506638169288635 -0.9315882921218872
    outer loop
      vertex 8.0 8.0 11.392733573913574
      vertex 7.0 8.0 11.734711647033691
      vertex 7.0 9.0 11.546789169311523
    endloop
  endfacet
  facet normal 0.0 0.0 1.0
    outer loop
      vertex 8.0 8.0 13.81176471710205
      vertex 7.0 9.0 13.81176471710205
      vertex 7.0 8.0 13.81176471710205
    endloop
  endfacet
  facet normal 0.0 0.0 1.0
    outer loop
      vertex 8.0 9.0 13.81176471710205
      vertex 7.0 9.0 13.81176471710205
      vertex 8.0 8.0 13.81176471710205
    endloop
  endfacet
  facet normal -0.4044870436191559 -0.19697728753089905 -0.8930790424346924
    outer loop
      vertex 8.0 9.0 10.794734954833984
      vertex 7.546789169311523 9.0 11.0
      vertex 7.059808731079102 10.0 11.0
    endloop
  endfacet
  facet normal -0.29156434535980225 -0.07844101637601852 -0.9533295631408691
    outer loop
      vertex 8.0 9.0 10.794734954833984
      vertex 7.059808731079102 10.0 11.0
      vertex 8.0 10.0 10.712453842163086
    endloop
  endfacet
  facet normal -0.668578565120697 -0.32558467984199524 -0.668578565120697
    outer loop
      vertex 7.0 10.0 11.059808731079102
      vertex 7.059808731079102 10.0 11.0
      vertex 7.0 9.0 11.546789169311523
    endloop
  endfacet
  facet normal -0.668578565120697 -0.32558467984199524 -0.668578565120697
    outer loop
      vertex 7.0 9.0 11.546789169311523
      vertex 7.059808731079102 10.0 11.0
      vertex 7.546789169311523 9.0 11.0
    endloop
  endfacet
  facet normal 0.0 0.0 1.0
    outer loop
      vertex 8.0 9.0 13.81176471710205
      vertex 7.0 10.0 13.81176471710205
      vertex 7.0 9.0 13.81176471710205
    endloop
  endfacet
  facet normal 0.0 0.0 1.0
    outer loop
      vertex 8.0 10.0 13.81176471710205
      vertex 7.0 10.0 13.81176471710205
      vertex 8.0 9.0 13.81176471710205
    endloop
  endfacet
  facet normal -0.2884405851364136 -0.16533149778842926 -0.9431158304214478
    outer loop
      vertex 8.0 10.0 10.712453842163086
      vertex 7.059808731079102 10.0 11.0
      vertex 7.0 10.10434341430664 11.0
    endloop
  endfacet
  facet normal -0.28555935621261597 -0.11468479782342911 -0.9514742493629456
    outer loop
      vertex 7.0 11.0 10.892043113708496
      vertex 8.0 10.0 10.712453842163086
      vertex 7.0 10.10434341430664 11.0
    endloop
  endfacet
  facet normal -0.2520415484905243 -0.07882759720087051 -0.9645004868507385
    outer loop
      vertex 8.0 11.0 10.630724906921387
      vertex 8.0 10.0 10.712453842163086
      vertex 7.0 11.0 10.892043113708496
    endloop
  endfacet
  facet normal -0.6553259491920471 -0.3756270706653595 -0.6553259491920471
    outer loop
      vertex 7.0 10.10434341430664 11.0
      vertex 7.059808731079102 10.0 11.0
      vertex 7.0 10.0 11.059808731079102
    endloop
  endfacet
  facet normal 0.0 0.0 1.0
    outer loop
      vertex 8.0 10.0 13.81176471710205
      vertex 7.0 11.0 13.81176471710205
      vertex 7.0 10.0 13.81176471710205
    endloop
  endfacet
  facet normal 0.0 0.0 1.0
    outer loop
      vertex 8.0 11.0 13.81176471710205
      vertex 7.0 11.0 13.81176471710205
      vertex 8.0 10.0 13.81176471710205
    endloop
  endfacet
  facet normal -0.2528282701969147 -0.0 -0.9675111174583435
    outer loop
      vertex 7.0 12.0 10.892043113708496
      vertex 8.0 11.0 10.630724906921387
      vertex 7.0 11.0 10.892043113708496
    endloop
  endfacet
  facet normal -0.2528282701969147 0.0 -0.9675111174583435
    outer loop
      vertex 7.0 12.0 10.892043113708496
      vertex 8.0 12.0 10.630724906921387
      vertex 8.0 11.0 10.630724906921387
    endloop
  endfacet
  facet normal 0.0 0.0 1.0
    outer loop
      vertex 8.0 11.0 13.81176471710205
      vertex 7.0 12.0 13.81176471710205
      vertex 7.0 11.0 13.81176471710205
    endloop
  endfacet
  facet normal 0.0 0.0 1.0
    outer loop
      vertex 8.0 12.0 13.81176471710205
      vertex 7.0 12.0 13.81176471710205
      vertex 8.0 11.0 13.81176471710205
    endloop
  endfacet
  facet normal -0.20436803996562958 0.11714194715023041 -0.9718597531318665
    outer loop
      vertex 7.0 12.0 10.892043113708496
      vertex 7.0 12.89565658569336 11.0
      vertex 7.059808731079102 13.0 11.0
    endloop
  endfacet
  facet normal -0.2903571128845215 0.11985825002193451 -0.9493823051452637
    outer loop
      vertex 8.0 13.0 10.712453842163086
      vertex 7.0 12.0 10.892043113708496
      vertex 7.059808731079102 13.0 11.0
    endloop
  endfacet
  facet normal -0.2520415484905243 0.07882759720087051 -0.9645004868507385
    outer loop
      vertex 8.0 12.0 10.630724906921387
      vertex 7.0 12.0 10.892043113708496
      vertex 8.0 13.0 10.712453842163086
    endloop
  endfacet
  facet normal -0.6553259491920471 0.3756270706653595 -0.6553259491920471
    outer loop
      vertex 7.0 13.0 11.059808731079102
      vertex 7.059808731079102 13.0 11.0
      vertex 7.0 12.89565658569336 11.0
    endloop
  endfacet
  facet normal 0.0 0.0 1.0
    outer loop
      vertex 8.0 12.0 13.81176471710205
      vertex 7.0 13.0 13.81176471710205
      vertex 7.0 12.0 13.81176471710205
    endloop
  endfacet
  facet normal 0.0 0.0 1.0
    outer loop
      vertex 8.0 13.0 13.81176471710205
      vertex 7.0 13.0 13.81176471710205
      vertex 8.0 12.0 13.81176471710205
    endloop
  endfacet
  facet normal -0.2895435690879822 0.14100207388401031 -0.9467222094535828
    outer loop
      vertex 8.0 13.0 10.712453842163086
      vertex 7.059808731079102 13.0 11.0
      vertex 7.546789169311523 14.0 11.0
    endloop
  endfacet
  facet normal -0.41141608357429504 0.07474234700202942 -0.9083778858184814
    outer loop
      vertex 8.0 13.0 10.712453842163086
      vertex 7.546789169311523 14.0 11.0
      vertex 8.0 14.0 10.794734954833984
    endloop
  endfacet
  facet normal -0.668578565120697 0.32558467984199524 -0.668578565120697
    outer loop
      vertex 7.0 14.0 11.546789169311523
      vertex 7.546789169311523 14.0 11.0
      vertex 7.0 13.0 11.059808731079102
    endloop
  endfacet
  facet normal -0.668578565120697 0.32558467984199524 -0.668578565120697
    outer loop
      vertex 7.0 13.0 11.059808731079102
      vertex 7.546789169311523 14.0 11.0
      vertex 7.059808731079102 13.0 11.0
    endloop
  endfacet
  facet normal 0.0 0.0 1.0
    outer loop
      vertex 8.0 13.0 13.81176471710205
      vertex 7.0 14.0 13.81176471710205
      vertex 7.0 13.0 13.81176471710205
    endloop
  endfacet
  facet normal 0.0 0.0 1.0
    outer loop
      vertex 8.0 14.0 13.81176471710205
      vertex 7.0 14.0 13.81176471710205
      vertex 8.0 13.0 13.81176471710205
    endloop
  endfacet
  facet normal -0.394302099943161 0.2942728102207184 -0.870591402053833
    outer loop
      vertex 8.0 14.607266426086426 11.0
      vertex 8.0 14.0 10.794734954833984
      vertex 7.546789169311523 14.0 11.0
    endloop
  endfacet
  facet normal -0.625368595123291 0.46672070026397705 -0.625368595123291
    outer loop
      vertex 7.546789169311523 14.0 11.0
      vertex 7.0 14.0 11.546789169311523
      vertex 8.0 14.607266426086426 11.0
    endloop
  endfacet
  facet normal -0.6322435140609741 0.5478449463844299 -0.5478449463844299
    outer loop
      vertex 7.0 14.0 11.546789169311523
      vertex 8.0 15.0 11.392733573913574
      vertex 8.0 14.607266426086426 11.0
    endloop
  endfacet
  facet normal -0.31858277320861816 0.17506638169288635 -0.9315882921218872
    outer loop
      vertex 7.0 14.0 11.546789169311523
      vertex 7.0 15.0 11.734711647033691
      vertex 8.0 15.0 11.392733573913574
    endloop
  endfacet
  facet normal 0.0 0.0 1.0
    outer loop
      vertex 8.0 14.0 13.81176471710205
      vertex 7.0 15.0 13.81176471710205
      vertex 7.0 14.0 13.81176471710205
    endloop
  endfacet
  facet normal 0.0 0.0 1.0
    outer loop
      vertex 8.0 15.0 13.81176471710205
      vertex 7.0 15.0 13.81176471710205
      vertex 8.0 14.0 13.81176471710205
    endloop
  endfacet
  facet normal -0.32246172428131104 0.08306363224983215 -0.9429309368133545
    outer loop
      vertex 7.0 16.0 11.822802543640137
      vertex 8.0 15.0 11.392733573913574
      vertex 7.0 15.0 11.734711647033691
    endloop
  endfacet
  facet normal -0.08306363224983215 0.32246172428131104 -0.9429309368133545
    outer loop
      vertex 7.0 16.0 11.822802543640137
      vertex 8.0 16.0 11.734711647033691
      vertex 8.0 15.0 11.392733573913574
    endloop
  endfacet
  facet normal 0.0 0.0 1.0
    outer loop
      vertex 8.0 15.0 13.81176471710205
      vertex 7.0 16.0 13.81176471710205
      vertex 7.0 15.0 13.81176471710205
    endloop
  endfacet
  facet normal 0.0 0.0 1.0
    outer loop
      vertex 8.0 16.0 13.81176471710205
      vertex 7.0 16.0 13.81176471710205
      vertex 8.0 15.0 13.81176471710205
    endloop
  endfacet
  facet normal -0.18655528128147125 0.18655534088611603 -0.9645695090293884
    outer loop
      vertex 7.0 16.0 11.822802543640137
      vertex 7.0 16.91618537902832 12.0
      vertex 7.08381462097168 17.0 12.0
    endloop
  endfacet
  facet normal -0.17355617880821228 0.18591701984405518 -0.9671158790588379
    outer loop
      vertex 8.0 17.0 11.835583686828613
      vertex 7.0 16.0 11.822802543640137
      vertex 7.08381462097168 17.0 12.0
    endloop
  endfacet
  facet normal -0.08731140941381454 0.0999794527888298 -0.9911512732505798
    outer loop
      vertex 8.0 16.0 11.734711647033691
      vertex 7.0 16.0 11.822802543640137
      vertex 8.0 17.0 11.835583686828613
    endloop
  endfacet
  facet normal -0.5773502588272095 0.5773502588272095 -0.5773502588272095
    outer loop
      vertex 7.0 17.0 12.08381462097168
      vertex 7.08381462097168 17.0 12.0
      vertex 7.0 16.91618537902832 12.0
    endloop
  endfacet
  facet normal 0.0 0.0 1.0
    outer loop
      vertex 8.0 16.0 13.81176471710205
      vertex 7.0 17.0 13.81176471710205
      vertex 7.0 16.0 13.81176471710205
    endloop
  endfacet
  facet normal 0.0 0.0 1.0
    outer loop
      vertex 8.0 17.0 13.81176471710205
      vertex 7.0 17.0 13.81176471710205
      vertex 8.0 16.0 13.81176471710205
    endloop
  endfacet
  facet normal -0.1690509021282196 0.2898918092250824 -0.9420108795166016
    outer loop
      vertex 8.0 17.53427505493164 12.0
      vertex 8.0 17.0 11.835583686828613
      vertex 7.08381462097168 17.0 12.0
    endloop
  endfacet
  facet normal -0.44989362359046936 0.7714864611625671 -0.44989362359046936
    outer loop
      vertex 7.08381462097168 17.0 12.0
      vertex 7.0 17.0 12.08381462097168
      vertex 8.0 17.53427505493164 12.0
    endloop
  endfacet
  facet normal -0.4004770815372467 0.6479273438453674 -0.6479260325431824
    outer loop
      vertex 7.0 17.0 12.08381462097168
      vertex 8.0 18.0 12.465725898742676
      vertex 8.0 17.53427505493164 12.0
    endloop
  endfacet
  facet normal -0.19670425355434418 0.5152741074562073 -0.83414626121521
    outer loop
      vertex 7.0 17.0 12.08381462097168
      vertex 7.0 18.0 12.70154094696045
      vertex 8.0 18.0 12.465725898742676
    endloop
  endfacet
  facet normal 0.0 0.0 1.0
    outer loop
      vertex 8.0 17.0 13.81176471710205
      vertex 7.0 18.0 13.81176471710205
      vertex 7.0 17.0 13.81176471710205
    endloop
  endfacet
  facet normal 0.0 0.0 1.0
    outer loop
      vertex 8.0 18.0 13.81176471710205
      vertex 7.0 18.0 13.81176471710205
      vertex 8.0 17.0 13.81176471710205
    endloop
  endfacet
  facet normal -0.2238393872976303 0.2211001217365265 -0.9492158889770508
    outer loop
      vertex 7.0 19.0 12.934470176696777
      vertex 8.0 18.0 12.465725898742676
      vertex 7.0 18.0 12.70154094696045
    endloop
  endfacet
  facet normal -0.15288494527339935 0.2899603545665741 -0.9447481632232666
    outer loop
      vertex 7.0 19.0 12.934470176696777
      vertex 8.0 19.0 12.77264404296875
      vertex 8.0 18.0 12.465725898742676
    endloop
  endfacet
  facet normal 0.0 0.21801869571208954 0.9759446382522583
    outer loop
      vertex 8.0 18.0 13.81176471710205
      vertex 7.0 19.0 13.588372230529785
      vertex 7.0 18.0 13.81176471710205
    endloop
  endfacet
  facet normal -0.21801869571208954 0.0 0.9759446382522583
    outer loop
      vertex 8.0 19.0 13.81176471710205
      vertex 7.0 19.0 13.588372230529785
      vertex 8.0 18.0 13.81176471710205
    endloop
  endfacet
  facet normal -0.14660035073757172 0.39727896451950073 -0.9059126973152161
    outer loop
      vertex 8.0 19.5184383392334 13.0
      vertex 8.0 19.0 12.77264404296875
      vertex 7.0 19.0 12.934470176696777
    endloop
  endfacet
  facet normal -0.16567924618721008 0.4316505789756775 -0.8866950869560242
    outer loop
      vertex 8.0 19.5184383392334 13.0
      vertex 7.0 19.0 12.934470176696777
      vertex 7.0 19.134611129760742 13.0
    endloop
  endfacet
  facet normal -0.049759991466999054 0.9736055135726929 0.22274698317050934
    outer loop
      vertex 7.0 19.134611129760742 13.0
      vertex 7.0 19.0 13.588372230529785
      vertex 8.0 19.0 13.81176471710205
    endloop
  endfacet
  facet normal -0.3077811300754547 0.8018742203712463 0.5121217370033264
    outer loop
      vertex 7.0 19.134611129760742 13.0
      vertex 8.0 19.0 13.81176471710205
      vertex 8.0 19.5184383392334 13.0
    endloop
  endfacet
  facet normal -0.16139262914657593 -0.46784257888793945 -0.8689509630203247
    outer loop
      vertex 9.0 3.0 12.997939109802246
      vertex 9.0 2.9961721897125244 13.0
      vertex 8.988903999328613 3.0 13.0
    endloop
  endfacet
  facet normal -0.3249647915363312 -0.9420031905174255 0.08383328467607498
    outer loop
      vertex 9.0 3.0 13.043011665344238
      vertex 8.988903999328613 3.0 13.0
      vertex 9.0 2.9961721897125244 13.0
    endloop
  endfacet
  facet normal -0.17098307609558105 -0.3511193096637726 -0.9205868244171143
    outer loop
      vertex 9.0 3.0 12.997939109802246
      vertex 8.988903999328613 3.0 13.0
      vertex 8.0 3.481562376022339 13.0
    endloop
  endfacet
  facet normal -0.19167092442512512 -0.3941722810268402 -0.898827314376831
    outer loop
      vertex 8.0 4.0 12.77264404296875
      vertex 9.0 3.0 12.997939109802246
      vertex 8.0 3.481562376022339 13.0
    endloop
  endfacet
  facet normal -0.0680137649178505 -0.28352007269859314 -0.9565513134002686
    outer loop
      vertex 9.0 4.0 12.70154094696045
      vertex 9.0 3.0 12.997939109802246
      vertex 8.0 4.0 12.77264404296875
    endloop
  endfacet
  facet normal -0.3796761929988861 -0.7796774506568909 0.4979449212551117
    outer loop
      vertex 8.0 4.0 13.81176471710205
      vertex 8.0 3.481562376022339 13.0
      vertex 8.988903999328613 3.0 13.0
    endloop
  endfacet
  facet normal -0.6321365833282471 -0.7575020790100098 0.16307641565799713
    outer loop
      vertex 9.0 3.0 13.043011665344238
      vertex 8.0 4.0 13.81176471710205
      vertex 8.988903999328613 3.0 13.0
    endloop
  endfacet
  facet normal 0.0 -0.6094727516174316 0.7928069829940796
    outer loop
      vertex 9.0 4.0 13.81176471710205
      vertex 8.0 4.0 13.81176471710205
      vertex 9.0 3.0 13.043011665344238
    endloop
  endfacet
  facet normal -0.16281244158744812 -0.36652693152427673 -0.9160513281822205
    outer loop
      vertex 9.0 5.0 11.953350067138672
      vertex 9.0 4.883409023284912 12.0
      vertex 8.737527847290039 5.0 12.0
    endloop
  endfacet
  facet normal -0.26627156138420105 -0.599436342716217 -0.754834771156311
    outer loop
      vertex 9.0 4.883409023284912 12.0
      vertex 9.0 4.0 12.70154094696045
      vertex 8.737527847290039 5.0 12.0
    endloop
  endfacet
  facet normal -0.43056464195251465 -0.5913541913032532 -0.6818461418151855
    outer loop
      vertex 9.0 4.0 12.70154094696045
      vertex 8.0 5.0 12.465725898742676
      vertex 8.737527847290039 5.0 12.0
    endloop
  endfacet
  facet normal -0.06781712919473648 -0.29273420572280884 -0.9537858963012695
    outer loop
      vertex 9.0 4.0 12.70154094696045
      vertex 8.0 4.0 12.77264404296875
      vertex 8.0 5.0 12.465725898742676
    endloop
  endfacet
  facet normal 0.0 0.0 1.0
    outer loop
      vertex 9.0 4.0 13.81176471710205
      vertex 8.0 5.0 13.81176471710205
      vertex 8.0 4.0 13.81176471710205
    endloop
  endfacet
  facet normal 0.0 0.0 1.0
    outer loop
      vertex 9.0 5.0 13.81176471710205
      vertex 8.0 5.0 13.81176471710205
      vertex 9.0 4.0 13.81176471710205
    endloop
  endfacet
  facet normal -0.16863518953323364 -0.2670522630214691 -0.9488126039505005
    outer loop
      vertex 9.0 5.0 11.953350067138672
      vertex 8.737527847290039 5.0 12.0
      vertex 8.0 5.465725898742676 12.0
    endloop
  endfacet
  facet normal -0.1786474585533142 -0.28939396142959595 -0.940391480922699
    outer loop
      vertex 8.0 6.0 11.835583686828613
      vertex 9.0 5.0 11.953350067138672
      vertex 8.0 5.465725898742676 12.0
    endloop
  endfacet
  facet normal -0.04622991755604744 -0.16230714321136475 -0.98565673828125
    outer loop
      vertex 9.0 6.0 11.788681030273438
      vertex 9.0 5.0 11.953350067138672
      vertex 8.0 6.0 11.835583686828613
    endloop
  endfacet
  facet normal -0.40771737694740295 -0.6456650495529175 -0.6456650495529175
    outer loop
      vertex 8.0 5.465725898742676 12.0
      vertex 8.737527847290039 5.0 12.0
      vertex 8.0 5.0 12.465725898742676
    endloop
  endfacet
  facet normal 0.0 0.0 1.0
    outer loop
      vertex 9.0 5.0 13.81176471710205
      vertex 8.0 6.0 13.81176471710205
      vertex 8.0 5.0 13.81176471710205
    endloop
  endfacet
  facet normal 0.0 0.0 1.0
    outer loop
      vertex 9.0 6.0 13.81176471710205
      vertex 8.0 6.0 13.81176471710205
      vertex 9.0 5.0 13.81176471710205
    endloop
  endfacet
  facet normal -0.0466151125729084 -0.100253626704216 -0.9938693046569824
    outer loop
      vertex 8.0 7.0 11.734711647033691
      vertex 9.0 6.0 11.788681030273438
      vertex 8.0 6.0 11.835583686828613
    endloop
  endfacet
  facet normal -0.17968197166919708 -0.23128476738929749 -0.9561494588851929
    outer loop
      vertex 8.0 7.0 11.734711647033691
      vertex 9.0 7.0 11.546789169311523
      vertex 9.0 6.0 11.788681030273438
    endloop
  endfacet
  facet normal 0.0 0.0 1.0
    outer loop
      vertex 9.0 6.0 13.81176471710205
      vertex 8.0 7.0 13.81176471710205
      vertex 8.0 6.0 13.81176471710205
    endloop
  endfacet
  facet normal 0.0 0.0 1.0
    outer loop
      vertex 9.0 7.0 13.81176471710205
      vertex 8.0 7.0 13.81176471710205
      vertex 9.0 6.0 13.81176471710205
    endloop
  endfacet
  facet normal -0.2942728102207184 -0.394302099943161 -0.870591402053833
    outer loop
      vertex 9.0 8.0 10.794734954833984
      vertex 9.0 7.546789169311523 11.0
      vertex 8.392733573913574 8.0 11.0
    endloop
  endfacet
  facet normal -0.46672070026397705 -0.625368595123291 -0.625368595123291
    outer loop
      vertex 9.0 7.546789169311523 11.0
      vertex 9.0 7.0 11.546789169311523
      vertex 8.392733573913574 8.0 11.0
    endloop
  endfacet
  facet normal -0.5478449463844299 -0.6322435140609741 -0.5478449463844299
    outer loop
      vertex 9.0 7.0 11.546789169311523
      vertex 8.0 8.0 11.392733573913574
      vertex 8.392733573913574 8.0 11.0
    endloop
  endfacet
  facet normal -0.17506638169288635 -0.31858277320861816 -0.9315882921218872
    outer loop
      vertex 9.0 7.0 11.546789169311523
      vertex 8.0 7.0 11.734711647033691
      vertex 8.0 8.0 11.392733573913574
    endloop
  endfacet
  facet normal 0.0 0.0 1.0
    outer loop
      vertex 9.0 7.0 13.81176471710205
      vertex 8.0 8.0 13.81176471710205
      vertex 8.0 7.0 13.81176471710205
    endloop
  endfacet
  facet normal 0.0 0.0 1.0
    outer loop
      vertex 9.0 8.0 13.81176471710205
      vertex 8.0 8.0 13.81176471710205
      vertex 9.0 7.0 13.81176471710205
    endloop
  endfacet
  facet normal -0.304962694644928 -0.304962694644928 -0.902216911315918
    outer loop
      vertex 9.0 8.0 10.794734954833984
      vertex 8.392733573913574 8.0 11.0
      vertex 8.0 8.392733573913574 11.0
    endloop
  endfacet
  facet normal -0.304962694644928 -0.304962694644928 -0.9022169709205627
    outer loop
      vertex 8.0 9.0 10.794734954833984
      vertex 9.0 8.0 10.794734954833984
      vertex 8.0 8.392733573913574 11.0
    endloop
  endfacet
  facet normal -0.15976867079734802 -0.15976867079734802 -0.9741395711898804
    outer loop
      vertex 9.0 9.0 10.630724906921387
      vertex 9.0 8.0 10.794734954833984
      vertex 8.0 9.0 10.794734954833984
    endloop
  endfacet
  facet normal -0.5773501992225647 -0.5773501992225647 -0.5773501992225647
    outer loop
      vertex 8.0 8.392733573913574 11.0
      vertex 8.392733573913574 8.0 11.0
      vertex 8.0 8.0 11.392733573913574
    endloop
  endfacet
  facet normal 0.0 0.0 1.0
    outer loop
      vertex 9.0 8.0 13.81176471710205
      vertex 8.0 9.0 13.81176471710205
      vertex 8.0 8.0 13.81176471710205
    endloop
  endfacet
  facet normal 0.0 0.0 1.0
    outer loop
      vertex 9.0 9.0 13.81176471710205
      vertex 8.0 9.0 13.81176471710205
      vertex 9.0 8.0 13.81176471710205
    endloop
  endfacet
  facet normal -0.7845301628112793 -0.54508376121521 -0.2956284284591675
    outer loop
      vertex 9.0 10.0 9.953356742858887
      vertex 9.0 9.974702835083008 10.0
      vertex 8.982423782348633 10.0 10.0
    endloop
  endfacet
  facet normal -0.6159733533859253 -0.42797210812568665 -0.6613749265670776
    outer loop
      vertex 9.0 9.974702835083008 10.0
      vertex 9.0 9.0 10.630724906921387
      vertex 8.982423782348633 10.0 10.0
    endloop
  endfacet
  facet normal -0.520667314529419 -0.4619888961315155 -0.7179636359214783
    outer loop
      vertex 9.0 9.0 10.630724906921387
      vertex 8.0 10.0 10.712453842163086
      vertex 8.982423782348633 10.0 10.0
    endloop
  endfacet
  facet normal -0.16131679713726044 -0.0809299573302269 -0.9835788011550903
    outer loop
      vertex 9.0 9.0 10.630724906921387
      vertex 8.0 9.0 10.794734954833984
      vertex 8.0 10.0 10.712453842163086
    endloop
  endfacet
  facet normal 0.0 0.0 1.0
    outer loop
      vertex 9.0 9.0 13.81176471710205
      vertex 8.0 10.0 13.81176471710205
      vertex 8.0 9.0 13.81176471710205
    endloop
  endfacet
  facet normal 0.0 0.0 1.0
    outer loop
      vertex 9.0 10.0 13.81176471710205
      vertex 8.0 10.0 13.81176471710205
      vertex 9.0 9.0 13.81176471710205
    endloop
  endfacet
  facet normal -0.8888670802116394 -0.3126135468482971 -0.3349449038505554
    outer loop
      vertex 9.0 10.0 9.953356742858887
      vertex 8.982423782348633 10.0 10.0
      vertex 8.630724906921387 11.0 10.0
    endloop
  endfacet
  facet normal -0.8677361011505127 -0.30202150344848633 -0.39473670721054077
    outer loop
      vertex 9.0 10.0 9.953356742858887
      vertex 8.630724906921387 11.0 10.0
      vertex 9.0 11.0 9.18823528289795
    endloop
  endfacet
  facet normal -0.7059289216995239 -0.05769481509923935 -0.7059289216995239
    outer loop
      vertex 8.0 11.0 10.630724906921387
      vertex 8.630724906921387 11.0 10.0
      vertex 8.0 10.0 10.712453842163086
    endloop
  endfacet
  facet normal -0.5749463438987732 -0.2022079974412918 -0.7928106188774109
    outer loop
      vertex 8.0 10.0 10.712453842163086
      vertex 8.630724906921387 11.0 10.0
      vertex 8.982423782348633 10.0 10.0
    endloop
  endfacet
  facet normal 0.0 0.0 1.0
    outer loop
      vertex 9.0 10.0 13.81176471710205
      vertex 8.0 11.0 13.81176471710205
      vertex 8.0 10.0 13.81176471710205
    endloop
  endfacet
  facet normal 0.0 0.0 1.0
    outer loop
      vertex 9.0 11.0 13.81176471710205
      vertex 8.0 11.0 13.81176471710205
      vertex 9.0 10.0 13.81176471710205
    endloop
  endfacet
  facet normal -0.9102434515953064 0.0 -0.41407346725463867
    outer loop
      vertex 9.0 11.0 9.18823528289795
      vertex 8.630724906921387 11.0 10.0
      vertex 8.630724906921387 12.0 10.0
    endloop
  endfacet
  facet normal -0.9102434515953064 0.0 -0.41407346725463867
    outer loop
      vertex 9.0 11.0 9.18823528289795
      vertex 8.630724906921387 12.0 10.0
      vertex 9.0 12.0 9.18823528289795
    endloop
  endfacet
  facet normal -0.7071067690849304 -0.0 -0.7071067690849304
    outer loop
      vertex 8.0 12.0 10.630724906921387
      vertex 8.630724906921387 12.0 10.0
      vertex 8.0 11.0 10.630724906921387
    endloop
  endfacet
  facet normal -0.7071067690849304 0.0 -0.7071067690849304
    outer loop
      vertex 8.0 11.0 10.630724906921387
      vertex 8.630724906921387 12.0 10.0
      vertex 8.630724906921387 11.0 10.0
    endloop
  endfacet
  facet normal 0.0 0.0 1.0
    outer loop
      vertex 9.0 11.0 13.81176471710205
      vertex 8.0 12.0 13.81176471710205
      vertex 8.0 11.0 13.81176471710205
    endloop
  endfacet
  facet normal 0.0 0.0 1.0
    outer loop
      vertex 9.0 12.0 13.81176471710205
      vertex 8.0 12.0 13.81176471710205
      vertex 9.0 11.0 13.81176471710205
    endloop
  endfacet
  facet normal -0.8669047355651855 0.30488941073417664 -0.3943585157394409
    outer loop
      vertex 9.0 12.0 9.18823528289795
      vertex 8.630724906921387 12.0 10.0
      vertex 8.982423782348633 13.0 10.0
    endloop
  endfacet
  facet normal -0.9034634232521057 0.2604818642139435 -0.3404451310634613
    outer loop
      vertex 9.0 12.0 9.18823528289795
      vertex 8.982423782348633 13.0 10.0
      vertex 9.0 13.0 9.953356742858887
    endloop
  endfacet
  facet normal -0.5857930183410645 0.06601797044277191 -0.8077674508094788
    outer loop
      vertex 8.0 13.0 10.712453842163086
      vertex 8.982423782348633 13.0 10.0
      vertex 8.0 12.0 10.630724906921387
    endloop
  endfacet
  facet normal -0.6862055063247681 0.24133771657943726 -0.6862055063247681
    outer loop
      vertex 8.0 12.0 10.630724906921387
      vertex 8.982423782348633 13.0 10.0
      vertex 8.630724906921387 12.0 10.0
    endloop
  endfacet
  facet normal 0.0 0.0 1.0
    outer loop
      vertex 9.0 12.0 13.81176471710205
      vertex 8.0 13.0 13.81176471710205
      vertex 8.0 12.0 13.81176471710205
    endloop
  endfacet
  facet normal 0.0 0.0 1.0
    outer loop
      vertex 9.0 13.0 13.81176471710205
      vertex 8.0 13.0 13.81176471710205
      vertex 9.0 12.0 13.81176471710205
    endloop
  endfacet
  facet normal -0.7845301628112793 0.54508376121521 -0.2956284284591675
    outer loop
      vertex 9.0 13.025297164916992 10.0
      vertex 9.0 13.0 9.953356742858887
      vertex 8.982423782348633 13.0 10.0
    endloop
  endfacet
  facet normal -0.5435922145843506 0.3776824474334717 -0.7495754957199097
    outer loop
      vertex 8.982423782348633 13.0 10.0
      vertex 8.0 13.0 10.712453842163086
      vertex 9.0 13.025297164916992 10.0
    endloop
  endfacet
  facet normal -0.5219327211380005 0.46340411901474 -0.7161304354667664
    outer loop
      vertex 8.0 13.0 10.712453842163086
      vertex 9.0 14.0 10.630724906921387
      vertex 9.0 13.025297164916992 10.0
    endloop
  endfacet
  facet normal -0.16131679713726044 0.0809299573302269 -0.9835788011550903
    outer loop
      vertex 8.0 13.0 10.712453842163086
      vertex 8.0 14.0 10.794734954833984
      vertex 9.0 14.0 10.630724906921387
    endloop
  endfacet
  facet normal 0.0 0.0 1.0
    outer loop
      vertex 9.0 13.0 13.81176471710205
      vertex 8.0 14.0 13.81176471710205
      vertex 8.0 13.0 13.81176471710205
    endloop
  endfacet
  facet normal 0.0 0.0 1.0
    outer loop
      vertex 9.0 14.0 13.81176471710205
      vertex 8.0 14.0 13.81176471710205
      vertex 9.0 13.0 13.81176471710205
    endloop
  endfacet
  facet normal -0.304962694644928 0.304962694644928 -0.902216911315918
    outer loop
      vertex 8.0 14.0 10.794734954833984
      vertex 8.0 14.607266426086426 11.0
      vertex 8.392733573913574 15.0 11.0
    endloop
  endfacet
  facet normal -0.304962694644928 0.304962694644928 -0.9022169709205627
    outer loop
      vertex 9.0 15.0 10.794734954833984
      vertex 8.0 14.0 10.794734954833984
      vertex 8.392733573913574 15.0 11.0
    endloop
  endfacet
  facet normal -0.15976867079734802 0.15976867079734802 -0.9741395711898804
    outer loop
      vertex 9.0 14.0 10.630724906921387
      vertex 8.0 14.0 10.794734954833984
      vertex 9.0 15.0 10.794734954833984
    endloop
  endfacet
  facet normal -0.5773501992225647 0.5773501992225647 -0.5773501992225647
    outer loop
      vertex 8.0 15.0 11.392733573913574
      vertex 8.392733573913574 15.0 11.0
      vertex 8.0 14.607266426086426 11.0
    endloop
  endfacet
  facet normal 0.0 0.0 1.0
    outer loop
      vertex 9.0 14.0 13.81176471710205
      vertex 8.0 15.0 13.81176471710205
      vertex 8.0 14.0 13.81176471710205
    endloop
  endfacet
  facet normal 0.0 0.0 1.0
    outer loop
      vertex 9.0 15.0 13.81176471710205
      vertex 8.0 15.0 13.81176471710205
      vertex 9.0 14.0 13.81176471710205
    endloop
  endfacet
  facet normal -0.2942728102207184 0.394302099943161 -0.870591402053833
    outer loop
      vertex 9.0 15.453210830688477 11.0
      vertex 9.0 15.0 10.794734954833984
      vertex 8.392733573913574 15.0 11.0
    endloop
  endfacet
  facet normal -0.5133008360862732 0.6877822875976562 -0.5133008360862732
    outer loop
      vertex 8.392733573913574 15.0 11.0
      vertex 8.0 15.0 11.392733573913574
      vertex 9.0 15.453210830688477 11.0
    endloop
  endfacet
  facet normal -0.5133424401283264 0.6068276166915894 -0.6068276166915894
    outer loop
      vertex 8.0 15.0 11.392733573913574
      vertex 9.0 16.0 11.546789169311523
      vertex 9.0 15.453210830688477 11.0
    endloop
  endfacet
  facet normal -0.17506638169288635 0.31858277320861816 -0.9315882921218872
    outer loop
      vertex 8.0 15.0 11.392733573913574
      vertex 8.0 16.0 11.734711647033691
      vertex 9.0 16.0 11.546789169311523
    endloop
  endfacet
  facet normal 0.0 0.0 1.0
    outer loop
      vertex 9.0 15.0 13.81176471710205
      vertex 8.0 16.0 13.81176471710205
      vertex 8.0 15.0 13.81176471710205
    endloop
  endfacet
  facet normal 0.0 0.0 1.0
    outer loop
      vertex 9.0 16.0 13.81176471710205
      vertex 8.0 16.0 13.81176471710205
      vertex 9.0 15.0 13.81176471710205
    endloop
  endfacet
  facet normal -0.18378868699073792 0.09865313023328781 -0.9780027270317078
    outer loop
      vertex 8.0 17.0 11.835583686828613
      vertex 9.0 16.0 11.546789169311523
      vertex 8.0 16.0 11.734711647033691
    endloop
  endfacet
  facet normal -0.04554060474038124 0.23486731946468353 -0.9709600210189819
    outer loop
      vertex 8.0 17.0 11.835583686828613
      vertex 9.0 17.0 11.788681030273438
      vertex 9.0 16.0 11.546789169311523
    endloop
  endfacet
  facet normal 0.0 0.0 1.0
    outer loop
      vertex 9.0 16.0 13.81176471710205
      vertex 8.0 17.0 13.81176471710205
      vertex 8.0 16.0 13.81176471710205
    endloop
  endfacet
  facet normal 0.0 0.0 1.0
    outer loop
      vertex 9.0 17.0 13.81176471710205
      vertex 8.0 17.0 13.81176471710205
      vertex 9.0 16.0 13.81176471710205
    endloop
  endfacet
  facet normal -0.1826075315475464 0.28917959332466125 -0.9396965503692627
    outer loop
      vertex 8.0 17.0 11.835583686828613
      vertex 8.0 17.53427505493164 12.0
      vertex 8.737527847290039 18.0 12.0
    endloop
  endfacet
  facet normal -0.16802366077899933 0.2793566882610321 -0.9453718662261963
    outer loop
      vertex 9.0 18.0 11.953350067138672
      vertex 8.0 17.0 11.835583686828613
      vertex 8.737527847290039 18.0 12.0
    endloop
  endfacet
  facet normal -0.04622991755604744 0.16230714321136475 -0.98565673828125
    outer loop
      vertex 9.0 17.0 11.788681030273438
      vertex 8.0 17.0 11.835583686828613
      vertex 9.0 18.0 11.953350067138672
    endloop
  endfacet
  facet normal -0.4077169895172119 0.6456657648086548 -0.645664393901825
    outer loop
      vertex 8.0 18.0 12.465725898742676
      vertex 8.737527847290039 18.0 12.0
      vertex 8.0 17.53427505493164 12.0
    endloop
  endfacet
  facet normal 0.0 0.0 1.0
    outer loop
      vertex 9.0 17.0 13.81176471710205
      vertex 8.0 18.0 13.81176471710205
      vertex 8.0 17.0 13.81176471710205
    endloop
  endfacet
  facet normal 0.0 0.0 1.0
    outer loop
      vertex 9.0 18.0 13.81176471710205
      vertex 8.0 18.0 13.81176471710205
      vertex 9.0 17.0 13.81176471710205
    endloop
  endfacet
  facet normal -0.16281236708164215 0.3665282428264618 -0.916050910949707
    outer loop
      vertex 9.0 18.11659049987793 12.0
      vertex 9.0 18.0 11.953350067138672
      vertex 8.737527847290039 18.0 12.0
    endloop
  endfacet
  facet normal -0.34147676825523376 0.768743097782135 -0.5407657623291016
    outer loop
      vertex 8.737527847290039 18.0 12.0
      vertex 8.0 18.0 12.465725898742676
      vertex 9.0 18.11659049987793 12.0
    endloop
  endfacet
  facet normal -0.40060290694236755 0.5698055624961853 -0.7175228595733643
    outer loop
      vertex 8.0 18.0 12.465725898742676
      vertex 9.0 19.0 12.70154094696045
      vertex 9.0 18.11659049987793 12.0
    endloop
  endfacet
  facet normal -0.06781712919473648 0.29273420572280884 -0.9537858963012695
    outer loop
      vertex 8.0 18.0 12.465725898742676
      vertex 8.0 19.0 12.77264404296875
      vertex 9.0 19.0 12.70154094696045
    endloop
  endfacet
  facet normal 0.0 0.0 1.0
    outer loop
      vertex 9.0 18.0 13.81176471710205
      vertex 8.0 19.0 13.81176471710205
      vertex 8.0 18.0 13.81176471710205
    endloop
  endfacet
  facet normal 0.0 0.0 1.0
    outer loop
      vertex 9.0 19.0 13.81176471710205
      vertex 8.0 19.0 13.81176471710205
      vertex 9.0 18.0 13.81176471710205
    endloop
  endfacet
  facet normal -0.19193768501281738 0.39415088295936584 -0.8987797498703003
    outer loop
      vertex 8.0 19.0 12.77264404296875
      vertex 8.0 19.5184383392334 13.0
      vertex 8.988903999328613 20.0 13.0
    endloop
  endfacet
  facet normal -0.16930745542049408 0.3746785819530487 -0.9115651249885559
    outer loop
      vertex 9.0 20.0 12.997939109802246
      vertex 8.0 19.0 12.77264404296875
      vertex 8.988903999328613 20.0 13.0
    endloop
  endfacet
  facet normal -0.0680137649178505 0.28352007269859314 -0.9565513134002686
    outer loop
      vertex 9.0 19.0 12.70154094696045
      vertex 8.0 19.0 12.77264404296875
      vertex 9.0 20.0 12.997939109802246
    endloop
  endfacet
  facet normal -0.4350474774837494 0.8933854699134827 0.1122320368885994
    outer loop
      vertex 9.0 20.0 13.043011665344238
      vertex 8.988903999328613 20.0 13.0
      vertex 8.0 19.5184383392334 13.0
    endloop
  endfacet
  facet normal -0.39425522089004517 0.7745205163955688 0.49465212225914
    outer loop
      vertex 8.0 19.0 13.81176471710205
      vertex 9.0 20.0 13.043011665344238
      vertex 8.0 19.5184383392334 13.0
    endloop
  endfacet
  facet normal 0.0 0.6094727516174316 0.7928069829940796
    outer loop
      vertex 9.0 19.0 13.81176471710205
      vertex 9.0 20.0 13.043011665344238
      vertex 8.0 19.0 13.81176471710205
    endloop
  endfacet
  facet normal -0.16139481961727142 0.46781980991363525 -0.8689627647399902
    outer loop
      vertex 9.0 20.003828048706055 13.0
      vertex 9.0 20.0 12.997939109802246
      vertex 8.988903999328613 20.0 13.0
    endloop
  endfacet
  facet normal -0.32498273253440857 0.9419965744018555 0.08383791893720627
    outer loop
      vertex 9.0 20.003828048706055 13.0
      vertex 8.988903999328613 20.0 13.0
      vertex 9.0 20.0 13.043011665344238
    endloop
  endfacet
  facet normal -0.11116915941238403 -0.4796755313873291 -0.8703750967979431
    outer loop
      vertex 10.0 3.0 12.87016487121582
      vertex 10.0 2.7644131183624268 13.0
      vertex 9.0 2.9961721897125244 13.0
    endloop
  endfacet
  facet normal -0.11179912835359573 -0.4710853397846222 -0.8749739527702332
    outer loop
      vertex 10.0 3.0 12.87016487121582
      vertex 9.0 2.9961721897125244 13.0
      vertex 9.0 3.0 12.997939109802246
    endloop
  endfacet
  facet normal -0.22493121027946472 -0.9705389142036438 0.08637282252311707
    outer loop
      vertex 9.0 3.0 13.043011665344238
      vertex 9.0 2.9961721897125244 13.0
      vertex 10.0 2.7644131183624268 13.0
    endloop
  endfacet
  facet normal -0.20682436227798462 -0.9321622848510742 0.29714837670326233
    outer loop
      vertex 9.0 3.0 13.043011665344238
      vertex 10.0 2.7644131183624268 13.0
      vertex 10.0 3.0 13.739042282104492
    endloop
  endfacet
  facet normal -0.12159723043441772 -0.2820693552494049 -0.9516568779945374
    outer loop
      vertex 9.0 4.0 12.70154094696045
      vertex 10.0 3.0 12.87016487121582
      vertex 9.0 3.0 12.997939109802246
    endloop
  endfacet
  facet normal -0.07992274314165115 -0.242938831448555 -0.9667435884475708
    outer loop
      vertex 9.0 4.0 12.70154094696045
      vertex 10.0 4.0 12.618868827819824
      vertex 10.0 3.0 12.87016487121582
    endloop
  endfacet
  facet normal -0.4831402897834778 -0.5336195826530457 0.6941365003585815
    outer loop
      vertex 10.0 3.0 13.739042282104492
      vertex 9.0 4.0 13.81176471710205
      vertex 9.0 3.0 13.043011665344238
    endloop
  endfacet
  facet normal 0.0 -0.07253089547157288 0.9973661303520203
    outer loop
      vertex 10.0 4.0 13.81176471710205
      vertex 9.0 4.0 13.81176471710205
      vertex 10.0 3.0 13.739042282104492
    endloop
  endfacet
  facet normal -0.09840109944343567 -0.3719702959060669 -0.9230142831802368
    outer loop
      vertex 10.0 5.0 11.846405982971191
      vertex 10.0 4.618868827819824 12.0
      vertex 9.0 4.883409023284912 12.0
    endloop
  endfacet
  facet normal -0.0988052636384964 -0.36966589093208313 -0.9238964915275574
    outer loop
      vertex 10.0 5.0 11.846405982971191
      vertex 9.0 4.883409023284912 12.0
      vertex 9.0 5.0 11.953350067138672
    endloop
  endfacet
  facet normal -0.06460580974817276 -0.620588481426239 -0.7814704179763794
    outer loop
      vertex 9.0 4.0 12.70154094696045
      vertex 9.0 4.883409023284912 12.0
      vertex 10.0 4.0 12.618868827819824
    endloop
  endfacet
  facet normal -0.18386897444725037 -0.6950511336326599 -0.6950511336326599
    outer loop
      vertex 10.0 4.0 12.618868827819824
      vertex 9.0 4.883409023284912 12.0
      vertex 10.0 4.618868827819824 12.0
    endloop
  endfacet
  facet normal 0.0 0.0 1.0
    outer loop
      vertex 10.0 4.0 13.81176471710205
      vertex 9.0 5.0 13.81176471710205
      vertex 9.0 4.0 13.81176471710205
    endloop
  endfacet
  facet normal 0.0 0.0 1.0
    outer loop
      vertex 10.0 5.0 13.81176471710205
      vertex 9.0 5.0 13.81176471710205
      vertex 10.0 4.0 13.81176471710205
    endloop
  endfacet
  facet normal -0.10494033992290497 -0.16158373653888702 -0.9812636375427246
    outer loop
      vertex 9.0 6.0 11.788681030273438
      vertex 10.0 5.0 11.846405982971191
      vertex 9.0 5.0 11.953350067138672
    endloop
  endfacet
  facet normal -0.05355886369943619 -0.11084473133087158 -0.9923934936523438
    outer loop
      vertex 9.0 6.0 11.788681030273438
      vertex 10.0 6.0 11.734711647033691
      vertex 10.0 5.0 11.846405982971191
    endloop
  endfacet
  facet normal 0.0 0.0 1.0
    outer loop
      vertex 10.0 5.0 13.81176471710205
      vertex 9.0 6.0 13.81176471710205
      vertex 9.0 5.0 13.81176471710205
    endloop
  endfacet
  facet normal 0.0 0.0 1.0
    outer loop
      vertex 10.0 6.0 13.81176471710205
      vertex 9.0 6.0 13.81176471710205
      vertex 10.0 5.0 13.81176471710205
    endloop
  endfacet
  facet normal -0.05238451808691025 -0.2347884625196457 -0.9706339836120605
    outer loop
      vertex 9.0 7.0 11.546789169311523
      vertex 10.0 6.0 11.734711647033691
      vertex 9.0 6.0 11.788681030273438
    endloop
  endfacet
  facet normal -0.37430766224861145 -0.5187504887580872 -0.768629789352417
    outer loop
      vertex 9.0 7.0 11.546789169311523
      vertex 10.0 7.0 11.059808731079102
      vertex 10.0 6.0 11.734711647033691
    endloop
  endfacet
  facet normal 0.0 0.0 1.0
    outer loop
      vertex 10.0 6.0 13.81176471710205
      vertex 9.0 7.0 13.81176471710205
      vertex 9.0 6.0 13.81176471710205
    endloop
  endfacet
  facet normal 0.0 0.0 1.0
    outer loop
      vertex 10.0 7.0 13.81176471710205
      vertex 9.0 7.0 13.81176471710205
      vertex 10.0 6.0 13.81176471710205
    endloop
  endfacet
  facet normal -0.14100207388401031 -0.2895435690879822 -0.9467222094535828
    outer loop
      vertex 10.0 8.0 10.712453842163086
      vertex 10.0 7.059808731079102 11.0
      vertex 9.0 7.546789169311523 11.0
    endloop
  endfacet
  facet normal -0.07474234700202942 -0.41141608357429504 -0.9083778858184814
    outer loop
      vertex 10.0 8.0 10.712453842163086
      vertex 9.0 7.546789169311523 11.0
      vertex 9.0 8.0 10.794734954833984
    endloop
  endfacet
  facet normal -0.32558467984199524 -0.668578565120697 -0.668578565120697
    outer loop
      vertex 9.0 7.0 11.546789169311523
      vertex 9.0 7.546789169311523 11.0
      vertex 10.0 7.0 11.059808731079102
    endloop
  endfacet
  facet normal -0.32558467984199524 -0.668578565120697 -0.668578565120697
    outer loop
      vertex 10.0 7.0 11.059808731079102
      vertex 9.0 7.546789169311523 11.0
      vertex 10.0 7.059808731079102 11.0
    endloop
  endfacet
  facet normal 0.0 0.0 1.0
    outer loop
      vertex 10.0 7.0 13.81176471710205
      vertex 9.0 8.0 13.81176471710205
      vertex 9.0 7.0 13.81176471710205
    endloop
  endfacet
  facet normal 0.0 0.0 1.0
    outer loop
      vertex 10.0 8.0 13.81176471710205
      vertex 9.0 8.0 13.81176471710205
      vertex 10.0 7.0 13.81176471710205
    endloop
  endfacet
  facet normal -0.54508376121521 -0.7845301628112793 -0.2956284284591675
    outer loop
      vertex 10.0 9.0 9.953356742858887
      vertex 10.0 8.982423782348633 10.0
      vertex 9.974702835083008 9.0 10.0
    endloop
  endfacet
  facet normal -0.3776824474334717 -0.5435922145843506 -0.7495754957199097
    outer loop
      vertex 10.0 8.982423782348633 10.0
      vertex 10.0 8.0 10.712453842163086
      vertex 9.974702835083008 9.0 10.0
    endloop
  endfacet
  facet normal -0.46340411901474 -0.5219327211380005 -0.7161304354667664
    outer loop
      vertex 10.0 8.0 10.712453842163086
      vertex 9.0 9.0 10.630724906921387
      vertex 9.974702835083008 9.0 10.0
    endloop
  endfacet
  facet normal -0.0809299573302269 -0.16131679713726044 -0.9835788011550903
    outer loop
      vertex 10.0 8.0 10.712453842163086
      vertex 9.0 8.0 10.794734954833984
      vertex 9.0 9.0 10.630724906921387
    endloop
  endfacet
  facet normal 0.0 0.0 1.0
    outer loop
      vertex 10.0 8.0 13.81176471710205
      vertex 9.0 9.0 13.81176471710205
      vertex 9.0 8.0 13.81176471710205
    endloop
  endfacet
  facet normal 0.0 0.0 1.0
    outer loop
      vertex 10.0 9.0 13.81176471710205
      vertex 9.0 9.0 13.81176471710205
      vertex 10.0 8.0 13.81176471710205
    endloop
  endfacet
  facet normal -0.6602209210395813 -0.6602209210395813 -0.35807356238365173
    outer loop
      vertex 10.0 9.0 9.953356742858887
      vertex 9.974702835083008 9.0 10.0
      vertex 9.0 9.974702835083008 10.0
    endloop
  endfacet
  facet normal -0.6602209210395813 -0.6602209210395813 -0.35807356238365173
    outer loop
      vertex 9.0 10.0 9.953356742858887
      vertex 10.0 9.0 9.953356742858887
      vertex 9.0 9.974702835083008 10.0
    endloop
  endfacet
  facet normal -0.5192999839782715 -0.5192999839782715 -0.678715705871582
    outer loop
      vertex 10.0 10.0 9.18823528289795
      vertex 10.0 9.0 9.953356742858887
      vertex 9.0 10.0 9.953356742858887
    endloop
  endfacet
  facet normal -0.4773736596107483 -0.4773736596107483 -0.7377185821533203
    outer loop
      vertex 9.0 9.974702835083008 10.0
      vertex 9.974702835083008 9.0 10.0
      vertex 9.0 9.0 10.630724906921387
    endloop
  endfacet
  facet normal 0.0 0.0 1.0
    outer loop
      vertex 10.0 9.0 13.81176471710205
      vertex 9.0 10.0 13.81176471710205
      vertex 9.0 9.0 13.81176471710205
    endloop
  endfacet
  facet normal 0.0 0.0 1.0
    outer loop
      vertex 10.0 10.0 13.81176471710205
      vertex 9.0 10.0 13.81176471710205
      vertex 10.0 9.0 13.81176471710205
    endloop
  endfacet
  facet normal -0.5192999839782715 -0.5192999839782715 -0.678715705871582
    outer loop
      vertex 9.0 11.0 9.18823528289795
      vertex 10.0 10.0 9.18823528289795
      vertex 9.0 10.0 9.953356742858887
    endloop
  endfacet
  facet normal 0.0 0.0 -1.0
    outer loop
      vertex 9.0 11.0 9.18823528289795
      vertex 10.0 11.0 9.18823528289795
      vertex 10.0 10.0 9.18823528289795
    endloop
  endfacet
  facet normal 0.0 0.0 1.0
    outer loop
      vertex 10.0 10.0 13.81176471710205
      vertex 9.0 11.0 13.81176471710205
      vertex 9.0 10.0 13.81176471710205
    endloop
  endfacet
  facet normal 0.0 0.0 1.0
    outer loop
      vertex 10.0 11.0 13.81176471710205
      vertex 9.0 11.0 13.81176471710205
      vertex 10.0 10.0 13.81176471710205
    endloop
  endfacet
  facet normal 0.0 0.0 -1.0
    outer loop
      vertex 9.0 12.0 9.18823528289795
      vertex 10.0 11.0 9.18823528289795
      vertex 9.0 11.0 9.18823528289795
    endloop
  endfacet
  facet normal 0.0 0.0 -1.0
    outer loop
      vertex 9.0 12.0 9.18823528289795
      vertex 10.0 12.0 9.18823528289795
      vertex 10.0 11.0 9.18823528289795
    endloop
  endfacet
  facet normal 0.0 0.0 1.0
    outer loop
      vertex 10.0 11.0 13.81176471710205
      vertex 9.0 12.0 13.81176471710205
      vertex 9.0 11.0 13.81176471710205
    endloop
  endfacet
  facet normal 0.0 0.0 1.0
    outer loop
      vertex 10.0 12.0 13.81176471710205
      vertex 9.0 12.0 13.81176471710205
      vertex 10.0 11.0 13.81176471710205
    endloop
  endfacet
  facet normal 0.0 0.6076583862304688 -0.7941985726356506
    outer loop
      vertex 9.0 13.0 9.953356742858887
      vertex 10.0 12.0 9.18823528289795
      vertex 9.0 12.0 9.18823528289795
    endloop
  endfacet
  facet normal -0.6076583862304688 0.0 -0.7941985726356506
    outer loop
      vertex 9.0 13.0 9.953356742858887
      vertex 10.0 13.0 9.18823528289795
      vertex 10.0 12.0 9.18823528289795
    endloop
  endfacet
  facet normal 0.0 0.0 1.0
    outer loop
      vertex 10.0 12.0 13.81176471710205
      vertex 9.0 13.0 13.81176471710205
      vertex 9.0 12.0 13.81176471710205
    endloop
  endfacet
  facet normal 0.0 0.0 1.0
    outer loop
      vertex 10.0 13.0 13.81176471710205
      vertex 9.0 13.0 13.81176471710205
      vertex 10.0 12.0 13.81176471710205
    endloop
  endfacet
  facet normal -0.6602209210395813 0.6602209210395813 -0.35807356238365173
    outer loop
      vertex 9.0 13.0 9.953356742858887
      vertex 9.0 13.025297164916992 10.0
      vertex 9.974702835083008 14.0 10.0
    endloop
  endfacet
  facet normal -0.6602209210395813 0.6602209210395813 -0.35807356238365173
    outer loop
      vertex 10.0 14.0 9.953356742858887
      vertex 9.0 13.0 9.953356742858887
      vertex 9.974702835083008 14.0 10.0
    endloop
  endfacet
  facet normal -0.5192999839782715 0.5192999839782715 -0.678715705871582
    outer loop
      vertex 10.0 13.0 9.18823528289795
      vertex 9.0 13.0 9.953356742858887
      vertex 10.0 14.0 9.953356742858887
    endloop
  endfacet
  facet normal -0.4773736596107483 0.4773736596107483 -0.7377185821533203
    outer loop
      vertex 9.0 14.0 10.630724906921387
      vertex 9.974702835083008 14.0 10.0
      vertex 9.0 13.025297164916992 10.0
    endloop
  endfacet
  facet normal 0.0 0.0 1.0
    outer loop
      vertex 10.0 13.0 13.81176471710205
      vertex 9.0 14.0 13.81176471710205
      vertex 9.0 13.0 13.81176471710205
    endloop
  endfacet
  facet normal 0.0 0.0 1.0
    outer loop
      vertex 10.0 14.0 13.81176471710205
      vertex 9.0 14.0 13.81176471710205
      vertex 10.0 13.0 13.81176471710205
    endloop
  endfacet
  facet normal -0.54508376121521 0.7845301628112793 -0.2956284284591675
    outer loop
      vertex 10.0 14.017576217651367 10.0
      vertex 10.0 14.0 9.953356742858887
      vertex 9.974702835083008 14.0 10.0
    endloop
  endfacet
  facet normal -0.42797210812568665 0.6159733533859253 -0.6613749265670776
    outer loop
      vertex 9.974702835083008 14.0 10.0
      vertex 9.0 14.0 10.630724906921387
      vertex 10.0 14.017576217651367 10.0
    endloop
  endfacet
  facet normal -0.4619888961315155 0.520667314529419 -0.7179636359214783
    outer loop
      vertex 9.0 14.0 10.630724906921387
      vertex 10.0 15.0 10.712453842163086
      vertex 10.0 14.017576217651367 10.0
    endloop
  endfacet
  facet normal -0.0809299573302269 0.16131679713726044 -0.9835788011550903
    outer loop
      vertex 9.0 14.0 10.630724906921387
      vertex 9.0 15.0 10.794734954833984
      vertex 10.0 15.0 10.712453842163086
    endloop
  endfacet
  facet normal 0.0 0.0 1.0
    outer loop
      vertex 10.0 14.0 13.81176471710205
      vertex 9.0 15.0 13.81176471710205
      vertex 9.0 14.0 13.81176471710205
    endloop
  endfacet
  facet normal 0.0 0.0 1.0
    outer loop
      vertex 10.0 15.0 13.81176471710205
      vertex 9.0 15.0 13.81176471710205
      vertex 10.0 14.0 13.81176471710205
    endloop
  endfacet
  facet normal -0.07844101637601852 0.29156434535980225 -0.9533295035362244
    outer loop
      vertex 10.0 15.940191268920898 11.0
      vertex 10.0 15.0 10.712453842163086
      vertex 9.0 15.0 10.794734954833984
    endloop
  endfacet
  facet normal -0.19697727262973785 0.4044870436191559 -0.8930790424346924
    outer loop
      vertex 10.0 15.940191268920898 11.0
      vertex 9.0 15.0 10.794734954833984
      vertex 9.0 15.453210830688477 11.0
    endloop
  endfacet
  facet normal -0.32558467984199524 0.668578565120697 -0.668578565120697
    outer loop
      vertex 9.0 15.453210830688477 11.0
      vertex 9.0 16.0 11.546789169311523
      vertex 10.0 15.940191268920898 11.0
    endloop
  endfacet
  facet normal -0.32558467984199524 0.668578565120697 -0.668578565120697
    outer loop
      vertex 10.0 15.940191268920898 11.0
      vertex 9.0 16.0 11.546789169311523
      vertex 10.0 16.0 11.059808731079102
    endloop
  endfacet
  facet normal 0.0 0.0 1.0
    outer loop
      vertex 10.0 15.0 13.81176471710205
      vertex 9.0 16.0 13.81176471710205
      vertex 9.0 15.0 13.81176471710205
    endloop
  endfacet
  facet normal 0.0 0.0 1.0
    outer loop
      vertex 10.0 16.0 13.81176471710205
      vertex 9.0 16.0 13.81176471710205
      vertex 10.0 15.0 13.81176471710205
    endloop
  endfacet
  facet normal -0.42782455682754517 0.21250808238983154 -0.8785251379013062
    outer loop
      vertex 9.0 17.0 11.788681030273438
      vertex 10.0 16.0 11.059808731079102
      vertex 9.0 16.0 11.546789169311523
    endloop
  endfacet
  facet normal -0.04468977451324463 0.5588586926460266 -0.8280578851699829
    outer loop
      vertex 9.0 17.0 11.788681030273438
      vertex 10.0 17.0 11.734711647033691
      vertex 10.0 16.0 11.059808731079102
    endloop
  endfacet
  facet normal 0.0 0.0 1.0
    outer loop
      vertex 10.0 16.0 13.81176471710205
      vertex 9.0 17.0 13.81176471710205
      vertex 9.0 16.0 13.81176471710205
    endloop
  endfacet
  facet normal 0.0 0.0 1.0
    outer loop
      vertex 10.0 17.0 13.81176471710205
      vertex 9.0 17.0 13.81176471710205
      vertex 10.0 16.0 13.81176471710205
    endloop
  endfacet
  facet normal -0.0531768798828125 0.16225098073482513 -0.9853156805038452
    outer loop
      vertex 9.0 18.0 11.953350067138672
      vertex 10.0 17.0 11.734711647033691
      vertex 9.0 17.0 11.788681030273438
    endloop
  endfacet
  facet normal -0.10568791627883911 0.11038237065076828 -0.9882539510726929
    outer loop
      vertex 9.0 18.0 11.953350067138672
      vertex 10.0 18.0 11.846405982971191
      vertex 10.0 17.0 11.734711647033691
    endloop
  endfacet
  facet normal 0.0 0.0 1.0
    outer loop
      vertex 10.0 17.0 13.81176471710205
      vertex 9.0 18.0 13.81176471710205
      vertex 9.0 17.0 13.81176471710205
    endloop
  endfacet
  facet normal 0.0 0.0 1.0
    outer loop
      vertex 10.0 18.0 13.81176471710205
      vertex 9.0 18.0 13.81176471710205
      vertex 10.0 17.0 13.81176471710205
    endloop
  endfacet
  facet normal -0.09870787709951401 0.37195974588394165 -0.9229857921600342
    outer loop
      vertex 10.0 18.38113021850586 12.0
      vertex 10.0 18.0 11.846405982971191
      vertex 9.0 18.0 11.953350067138672
    endloop
  endfacet
  facet normal -0.09780139476060867 0.369704008102417 -0.9239879250526428
    outer loop
      vertex 10.0 18.38113021850586 12.0
      vertex 9.0 18.0 11.953350067138672
      vertex 9.0 18.11659049987793 12.0
    endloop
  endfacet
  facet normal -0.16233186423778534 0.6136389374732971 -0.7727196216583252
    outer loop
      vertex 9.0 18.11659049987793 12.0
      vertex 9.0 19.0 12.70154094696045
      vertex 10.0 18.38113021850586 12.0
    endloop
  endfacet
  facet normal -0.05835844576358795 0.7059011459350586 -0.7059022188186646
    outer loop
      vertex 10.0 18.38113021850586 12.0
      vertex 9.0 19.0 12.70154094696045
      vertex 10.0 19.0 12.618868827819824
    endloop
  endfacet
  facet normal 0.0 0.0 1.0
    outer loop
      vertex 10.0 18.0 13.81176471710205
      vertex 9.0 19.0 13.81176471710205
      vertex 9.0 18.0 13.81176471710205
    endloop
  endfacet
  facet normal 0.0 0.0 1.0
    outer loop
      vertex 10.0 19.0 13.81176471710205
      vertex 9.0 19.0 13.81176471710205
      vertex 10.0 18.0 13.81176471710205
    endloop
  endfacet
  facet normal -0.07901585102081299 0.2832896113395691 -0.9557738304138184
    outer loop
      vertex 9.0 20.0 12.997939109802246
      vertex 10.0 19.0 12.618868827819824
      vertex 9.0 19.0 12.70154094696045
    endloop
  endfacet
  facet normal -0.12298065423965454 0.24186842143535614 -0.9624840021133423
    outer loop
      vertex 9.0 20.0 12.997939109802246
      vertex 10.0 20.0 12.87016487121582
      vertex 10.0 19.0 12.618868827819824
    endloop
  endfacet
  facet normal 0.0 0.6094727516174316 0.7928069829940796
    outer loop
      vertex 10.0 19.0 13.81176471710205
      vertex 9.0 20.0 13.043011665344238
      vertex 9.0 19.0 13.81176471710205
    endloop
  endfacet
  facet normal -0.5702589154243469 0.05958159640431404 0.819301426410675
    outer loop
      vertex 10.0 20.0 13.739042282104492
      vertex 9.0 20.0 13.043011665344238
      vertex 10.0 19.0 13.81176471710205
    endloop
  endfacet
  facet normal -0.11121091991662979 0.47967439889907837 -0.8703703880310059
    outer loop
      vertex 10.0 20.235586166381836 13.0
      vertex 10.0 20.0 12.87016487121582
      vertex 9.0 20.0 12.997939109802246
    endloop
  endfacet
  facet normal -0.10920428484678268 0.4711993932723999 -0.8752403259277344
    outer loop
      vertex 10.0 20.235586166381836 13.0
      vertex 9.0 20.0 12.997939109802246
      vertex 9.0 20.003828048706055 13.0
    endloop
  endfacet
  facet normal -0.06158587336540222 0.9941721558570862 0.08848156034946442
    outer loop
      vertex 9.0 20.003828048706055 13.0
      vertex 9.0 20.0 13.043011665344238
      vertex 10.0 20.0 13.739042282104492
    endloop
  endfacet
  facet normal -0.21561668813228607 0.9303522706031799 0.29657047986984253
    outer loop
      vertex 9.0 20.003828048706055 13.0
      vertex 10.0 20.0 13.739042282104492
      vertex 10.0 20.235586166381836 13.0
    endloop
  endfacet
  facet normal -0.05543971061706543 -0.486441045999527 -0.8719527721405029
    outer loop
      vertex 11.0 3.0 12.804990768432617
      vertex 11.0 2.6504430770874023 13.0
      vertex 10.0 2.7644131183624268 13.0
    endloop
  endfacet
  facet normal -0.0569869689643383 -0.4818829894065857 -0.8743805289268494
    outer loop
      vertex 11.0 3.0 12.804990768432617
      vertex 10.0 2.7644131183624268 13.0
      vertex 10.0 3.0 12.87016487121582
    endloop
  endfacet
  facet normal -0.10795185714960098 -0.9471950531005859 0.3019404113292694
    outer loop
      vertex 10.0 3.0 13.739042282104492
      vertex 10.0 2.7644131183624268 13.0
      vertex 11.0 2.6504430770874023 13.0
    endloop
  endfacet
  facet normal -0.027978377416729927 -0.9177306890487671 0.396216481924057
    outer loop
      vertex 10.0 3.0 13.739042282104492
      vertex 11.0 2.6504430770874023 13.0
      vertex 11.0 3.0 13.809656143188477
    endloop
  endfacet
  facet normal -0.06308294832706451 -0.24323305487632751 -0.967914342880249
    outer loop
      vertex 10.0 4.0 12.618868827819824
      vertex 11.0 3.0 12.804990768432617
      vertex 10.0 3.0 12.87016487121582
    endloop
  endfacet
  facet normal -0.061116237193346024 -0.24137631058692932 -0.9685052037239075
    outer loop
      vertex 10.0 4.0 12.618868827819824
      vertex 11.0 4.0 12.555765151977539
      vertex 11.0 3.0 12.804990768432617
    endloop
  endfacet
  facet normal -0.07025385648012161 -0.07235167920589447 0.9949017763137817
    outer loop
      vertex 11.0 3.0 13.809656143188477
      vertex 10.0 4.0 13.81176471710205
      vertex 10.0 3.0 13.739042282104492
    endloop
  endfacet
  facet normal 0.0 -0.0021085694897919893 0.9999978542327881
    outer loop
      vertex 11.0 4.0 13.81176471710205
      vertex 10.0 4.0 13.81176471710205
      vertex 11.0 3.0 13.809656143188477
    endloop
  endfacet
  facet normal -0.02189807966351509 -0.34701740741729736 -0.9376029968261719
    outer loop
      vertex 11.0 5.0 11.835583686828613
      vertex 11.0 4.555765151977539 12.0
      vertex 10.0 4.618868827819824 12.0
    endloop
  endfacet
  facet normal -0.010037343949079514 -0.3737654983997345 -0.9274689555168152
    outer loop
      vertex 11.0 5.0 11.835583686828613
      vertex 10.0 4.618868827819824 12.0
      vertex 10.0 5.0 11.846405982971191
    endloop
  endfacet
  facet normal -0.04457668215036392 -0.706403911113739 -0.706403911113739
    outer loop
      vertex 10.0 4.0 12.618868827819824
      vertex 10.0 4.618868827819824 12.0
      vertex 11.0 4.0 12.555765151977539
    endloop
  endfacet
  facet normal -0.044576700776815414 -0.706403911113739 -0.706403911113739
    outer loop
      vertex 11.0 4.0 12.555765151977539
      vertex 10.0 4.618868827819824 12.0
      vertex 11.0 4.555765151977539 12.0
    endloop
  endfacet
  facet normal 0.0 0.0 1.0
    outer loop
      vertex 11.0 4.0 13.81176471710205
      vertex 10.0 5.0 13.81176471710205
      vertex 10.0 4.0 13.81176471710205
    endloop
  endfacet
  facet normal 0.0 0.0 1.0
    outer loop
      vertex 11.0 5.0 13.81176471710205
      vertex 10.0 5.0 13.81176471710205
      vertex 11.0 4.0 13.81176471710205
    endloop
  endfacet
  facet normal -0.010754791088402271 -0.11099763214588165 -0.9937624335289001
    outer loop
      vertex 10.0 6.0 11.734711647033691
      vertex 11.0 5.0 11.835583686828613
      vertex 10.0 5.0 11.846405982971191
    endloop
  endfacet
  facet normal -0.04046962037682533 -0.14026103913784027 -0.9892871379852295
    outer loop
      vertex 10.0 6.0 11.734711647033691
      vertex 11.0 6.0 11.693803787231445
      vertex 11.0 5.0 11.835583686828613
    endloop
  endfacet
  facet normal 0.0 0.0 1.0
    outer loop
      vertex 11.0 5.0 13.81176471710205
      vertex 10.0 6.0 13.81176471710205
      vertex 10.0 5.0 13.81176471710205
    endloop
  endfacet
  facet normal 0.0 0.0 1.0
    outer loop
      vertex 11.0 6.0 13.81176471710205
      vertex 10.0 6.0 13.81176471710205
      vertex 11.0 5.0 13.81176471710205
    endloop
  endfacet
  facet normal -0.1047685369849205 -0.48322537541389465 -0.8692046403884888
    outer loop
      vertex 11.0 7.0 10.892043113708496
      vertex 11.0 6.805811882019043 11.0
      vertex 10.10434341430664 7.0 11.0
    endloop
  endfacet
  facet normal -0.14006903767585754 -0.6460424065589905 -0.7503398656845093
    outer loop
      vertex 11.0 6.805811882019043 11.0
      vertex 11.0 6.0 11.693803787231445
      vertex 10.10434341430664 7.0 11.0
    endloop
  endfacet
  facet normal -0.3434162735939026 -0.7232620716094971 -0.599130392074585
    outer loop
      vertex 11.0 6.0 11.693803787231445
      vertex 10.0 7.0 11.059808731079102
      vertex 10.10434341430664 7.0 11.0
    endloop
  endfacet
  facet normal -0.033888477832078934 -0.5590962767601013 -0.8284099102020264
    outer loop
      vertex 11.0 6.0 11.693803787231445
      vertex 10.0 6.0 11.734711647033691
      vertex 10.0 7.0 11.059808731079102
    endloop
  endfacet
  facet normal 0.0 0.0 1.0
    outer loop
      vertex 11.0 6.0 13.81176471710205
      vertex 10.0 7.0 13.81176471710205
      vertex 10.0 6.0 13.81176471710205
    endloop
  endfacet
  facet normal 0.0 0.0 1.0
    outer loop
      vertex 11.0 7.0 13.81176471710205
      vertex 10.0 7.0 13.81176471710205
      vertex 11.0 6.0 13.81176471710205
    endloop
  endfacet
  facet normal -0.11714194715023041 -0.20436803996562958 -0.9718597531318665
    outer loop
      vertex 11.0 7.0 10.892043113708496
      vertex 10.10434341430664 7.0 11.0
      vertex 10.0 7.059808731079102 11.0
    endloop
  endfacet
  facet normal -0.11985825002193451 -0.2903571128845215 -0.9493823051452637
    outer loop
      vertex 10.0 8.0 10.712453842163086
      vertex 11.0 7.0 10.892043113708496
      vertex 10.0 7.059808731079102 11.0
    endloop
  endfacet
  facet normal -0.07882759720087051 -0.2520415484905243 -0.9645004868507385
    outer loop
      vertex 11.0 8.0 10.630724906921387
      vertex 11.0 7.0 10.892043113708496
      vertex 10.0 8.0 10.712453842163086
    endloop
  endfacet
  facet normal -0.3756270706653595 -0.6553259491920471 -0.6553259491920471
    outer loop
      vertex 10.0 7.059808731079102 11.0
      vertex 10.10434341430664 7.0 11.0
      vertex 10.0 7.0 11.059808731079102
    endloop
  endfacet
  facet normal 0.0 0.0 1.0
    outer loop
      vertex 11.0 7.0 13.81176471710205
      vertex 10.0 8.0 13.81176471710205
      vertex 10.0 7.0 13.81176471710205
    endloop
  endfacet
  facet normal 0.0 0.0 1.0
    outer loop
      vertex 11.0 8.0 13.81176471710205
      vertex 10.0 8.0 13.81176471710205
      vertex 11.0 7.0 13.81176471710205
    endloop
  endfacet
  facet normal -0.30488941073417664 -0.8669047355651855 -0.3943585157394409
    outer loop
      vertex 11.0 9.0 9.18823528289795
      vertex 11.0 8.630724906921387 10.0
      vertex 10.0 8.982423782348633 10.0
    endloop
  endfacet
  facet normal -0.2604818642139435 -0.9034634232521057 -0.3404451310634613
    outer loop
      vertex 11.0 9.0 9.18823528289795
      vertex 10.0 8.982423782348633 10.0
      vertex 10.0 9.0 9.953356742858887
    endloop
  endfacet
  facet normal -0.06601797044277191 -0.5857930183410645 -0.8077674508094788
    outer loop
      vertex 10.0 8.0 10.712453842163086
      vertex 10.0 8.982423782348633 10.0
      vertex 11.0 8.0 10.630724906921387
    endloop
  endfacet
  facet normal -0.24133771657943726 -0.6862055063247681 -0.6862055063247681
    outer loop
      vertex 11.0 8.0 10.630724906921387
      vertex 10.0 8.982423782348633 10.0
      vertex 11.0 8.630724906921387 10.0
    endloop
  endfacet
  facet normal 0.0 0.0 1.0
    outer loop
      vertex 11.0 8.0 13.81176471710205
      vertex 10.0 9.0 13.81176471710205
      vertex 10.0 8.0 13.81176471710205
    endloop
  endfacet
  facet normal 0.0 0.0 1.0
    outer loop
      vertex 11.0 9.0 13.81176471710205
      vertex 10.0 9.0 13.81176471710205
      vertex 11.0 8.0 13.81176471710205
    endloop
  endfacet
  facet normal -0.5192999839782715 -0.5192999839782715 -0.678715705871582
    outer loop
      vertex 10.0 10.0 9.18823528289795
      vertex 11.0 9.0 9.18823528289795
      vertex 10.0 9.0 9.953356742858887
    endloop
  endfacet
  facet normal 0.0 0.0 -1.0
    outer loop
      vertex 10.0 10.0 9.18823528289795
      vertex 11.0 10.0 9.18823528289795
      vertex 11.0 9.0 9.18823528289795
    endloop
  endfacet
  facet normal 0.0 0.0 1.0
    outer loop
      vertex 11.0 9.0 13.81176471710205
      vertex 10.0 10.0 13.81176471710205
      vertex 10.0 9.0 13.81176471710205
    endloop
  endfacet
  facet normal 0.0 0.0 1.0
    outer loop
      vertex 11.0 10.0 13.81176471710205
      vertex 10.0 10.0 13.81176471710205
      vertex 11.0 9.0 13.81176471710205
    endloop
  endfacet
  facet normal 0.0 0.0 -1.0
    outer loop
      vertex 10.0 11.0 9.18823528289795
      vertex 11.0 10.0 9.18823528289795
      vertex 10.0 10.0 9.18823528289795
    endloop
  endfacet
  facet normal 0.0 0.0 -1.0
    outer loop
      vertex 10.0 11.0 9.18823528289795
      vertex 11.0 11.0 9.18823528289795
      vertex 11.0 10.0 9.18823528289795
    endloop
  endfacet
  facet normal 0.0 0.0 1.0
    outer loop
      vertex 11.0 10.0 13.81176471710205
      vertex 10.0 11.0 13.81176471710205
      vertex 10.0 10.0 13.81176471710205
    endloop
  endfacet
  facet normal 0.0 0.0 1.0
    outer loop
      vertex 11.0 11.0 13.81176471710205
      vertex 10.0 11.0 13.81176471710205
      vertex 11.0 10.0 13.81176471710205
    endloop
  endfacet
  facet normal 0.0 0.0 -1.0
    outer loop
      vertex 10.0 12.0 9.18823528289795
      vertex 11.0 11.0 9.18823528289795
      vertex 10.0 11.0 9.18823528289795
    endloop
  endfacet
  facet normal 0.0 0.0 -1.0
    outer loop
      vertex 10.0 12.0 9.18823528289795
      vertex 11.0 12.0 9.18823528289795
      vertex 11.0 11.0 9.18823528289795
    endloop
  endfacet
  facet normal 0.0 0.0 1.0
    outer loop
      vertex 11.0 11.0 13.81176471710205
      vertex 10.0 12.0 13.81176471710205
      vertex 10.0 11.0 13.81176471710205
    endloop
  endfacet
  facet normal 0.0 0.0 1.0
    outer loop
      vertex 11.0 12.0 13.81176471710205
      vertex 10.0 12.0 13.81176471710205
      vertex 11.0 11.0 13.81176471710205
    endloop
  endfacet
  facet normal 0.0 0.0 -1.0
    outer loop
      vertex 10.0 13.0 9.18823528289795
      vertex 11.0 12.0 9.18823528289795
      vertex 10.0 12.0 9.18823528289795
    endloop
  endfacet
  facet normal 0.0 0.0 -1.0
    outer loop
      vertex 10.0 13.0 9.18823528289795
      vertex 11.0 13.0 9.18823528289795
      vertex 11.0 12.0 9.18823528289795
    endloop
  endfacet
  facet normal 0.0 0.0 1.0
    outer loop
      vertex 11.0 12.0 13.81176471710205
      vertex 10.0 13.0 13.81176471710205
      vertex 10.0 12.0 13.81176471710205
    endloop
  endfacet
  facet normal 0.0 0.0 1.0
    outer loop
      vertex 11.0 13.0 13.81176471710205
      vertex 10.0 13.0 13.81176471710205
      vertex 11.0 12.0 13.81176471710205
    endloop
  endfacet
  facet normal 0.0 0.6076583862304688 -0.7941985726356506
    outer loop
      vertex 10.0 14.0 9.953356742858887
      vertex 11.0 13.0 9.18823528289795
      vertex 10.0 13.0 9.18823528289795
    endloop
  endfacet
  facet normal -0.6076583862304688 0.0 -0.7941985726356506
    outer loop
      vertex 10.0 14.0 9.953356742858887
      vertex 11.0 14.0 9.18823528289795
      vertex 11.0 13.0 9.18823528289795
    endloop
  endfacet
  facet normal 0.0 0.0 1.0
    outer loop
      vertex 11.0 13.0 13.81176471710205
      vertex 10.0 14.0 13.81176471710205
      vertex 10.0 13.0 13.81176471710205
    endloop
  endfacet
  facet normal 0.0 0.0 1.0
    outer loop
      vertex 11.0 14.0 13.81176471710205
      vertex 10.0 14.0 13.81176471710205
      vertex 11.0 13.0 13.81176471710205
    endloop
  endfacet
  facet normal -0.30202150344848633 0.8677361011505127 -0.39473670721054077
    outer loop
      vertex 11.0 14.369275093078613 10.0
      vertex 11.0 14.0 9.18823528289795
      vertex 10.0 14.0 9.953356742858887
    endloop
  endfacet
  facet normal -0.3126135468482971 0.8888670802116394 -0.3349449038505554
    outer loop
      vertex 11.0 14.369275093078613 10.0
      vertex 10.0 14.0 9.953356742858887
      vertex 10.0 14.017576217651367 10.0
    endloop
  endfacet
  facet normal -0.2022079974412918 0.5749463438987732 -0.7928106188774109
    outer loop
      vertex 10.0 14.017576217651367 10.0
      vertex 10.0 15.0 10.712453842163086
      vertex 11.0 14.369275093078613 10.0
    endloop
  endfacet
  facet normal -0.057694826275110245 0.7059289216995239 -0.7059289216995239
    outer loop
      vertex 11.0 14.369275093078613 10.0
      vertex 10.0 15.0 10.712453842163086
      vertex 11.0 15.0 10.630724906921387
    endloop
  endfacet
  facet normal 0.0 0.0 1.0
    outer loop
      vertex 11.0 14.0 13.81176471710205
      vertex 10.0 15.0 13.81176471710205
      vertex 10.0 14.0 13.81176471710205
    endloop
  endfacet
  facet normal 0.0 0.0 1.0
    outer loop
      vertex 11.0 15.0 13.81176471710205
      vertex 10.0 15.0 13.81176471710205
      vertex 11.0 14.0 13.81176471710205
    endloop
  endfacet
  facet normal -0.16533149778842926 0.2884405851364136 -0.9431158304214478
    outer loop
      vertex 10.0 15.0 10.712453842163086
      vertex 10.0 15.940191268920898 11.0
      vertex 10.10434341430664 16.0 11.0
    endloop
  endfacet
  facet normal -0.11468479782342911 0.28555935621261597 -0.9514742493629456
    outer loop
      vertex 11.0 16.0 10.892043113708496
      vertex 10.0 15.0 10.712453842163086
      vertex 10.10434341430664 16.0 11.0
    endloop
  endfacet
  facet normal -0.07882759720087051 0.2520415484905243 -0.9645004868507385
    outer loop
      vertex 11.0 15.0 10.630724906921387
      vertex 10.0 15.0 10.712453842163086
      vertex 11.0 16.0 10.892043113708496
    endloop
  endfacet
  facet normal -0.3756270706653595 0.6553259491920471 -0.6553259491920471
    outer loop
      vertex 10.0 16.0 11.059808731079102
      vertex 10.10434341430664 16.0 11.0
      vertex 10.0 15.940191268920898 11.0
    endloop
  endfacet
  facet normal 0.0 0.0 1.0
    outer loop
      vertex 11.0 15.0 13.81176471710205
      vertex 10.0 16.0 13.81176471710205
      vertex 10.0 15.0 13.81176471710205
    endloop
  endfacet
  facet normal 0.0 0.0 1.0
    outer loop
      vertex 11.0 16.0 13.81176471710205
      vertex 10.0 16.0 13.81176471710205
      vertex 11.0 15.0 13.81176471710205
    endloop
  endfacet
  facet normal -0.10476842522621155 0.4832272231578827 -0.8692036867141724
    outer loop
      vertex 11.0 16.19418716430664 11.0
      vertex 11.0 16.0 10.892043113708496
      vertex 10.10434341430664 16.0 11.0
    endloop
  endfacet
  facet normal -0.1987425833940506 0.9166676998138428 -0.34672996401786804
    outer loop
      vertex 10.10434341430664 16.0 11.0
      vertex 10.0 16.0 11.059808731079102
      vertex 11.0 16.19418716430664 11.0
    endloop
  endfacet
  facet normal -0.1695355772972107 0.6430290341377258 -0.7468408942222595
    outer loop
      vertex 10.0 16.0 11.059808731079102
      vertex 11.0 17.0 11.693803787231445
      vertex 11.0 16.19418716430664 11.0
    endloop
  endfacet
  facet normal -0.033888477832078934 0.5590962767601013 -0.8284099102020264
    outer loop
      vertex 10.0 16.0 11.059808731079102
      vertex 10.0 17.0 11.734711647033691
      vertex 11.0 17.0 11.693803787231445
    endloop
  endfacet
  facet normal 0.0 0.0 1.0
    outer loop
      vertex 11.0 16.0 13.81176471710205
      vertex 10.0 17.0 13.81176471710205
      vertex 10.0 16.0 13.81176471710205
    endloop
  endfacet
  facet normal 0.0 0.0 1.0
    outer loop
      vertex 11.0 17.0 13.81176471710205
      vertex 10.0 17.0 13.81176471710205
      vertex 11.0 16.0 13.81176471710205
    endloop
  endfacet
  facet normal -0.04062149301171303 0.11091244220733643 -0.9929996728897095
    outer loop
      vertex 10.0 18.0 11.846405982971191
      vertex 11.0 17.0 11.693803787231445
      vertex 10.0 17.0 11.734711647033691
    endloop
  endfacet
  facet normal -0.010714521631598473 0.14036796987056732 -0.9900414347648621
    outer loop
      vertex 10.0 18.0 11.846405982971191
      vertex 11.0 18.0 11.835583686828613
      vertex 11.0 17.0 11.693803787231445
    endloop
  endfacet
  facet normal 0.0 0.0 1.0
    outer loop
      vertex 11.0 17.0 13.81176471710205
      vertex 10.0 18.0 13.81176471710205
      vertex 10.0 17.0 13.81176471710205
    endloop
  endfacet
  facet normal 0.0 0.0 1.0
    outer loop
      vertex 11.0 18.0 13.81176471710205
      vertex 10.0 18.0 13.81176471710205
      vertex 11.0 17.0 13.81176471710205
    endloop
  endfacet
  facet normal -0.010148934088647366 0.3470827639102936 -0.9377796053886414
    outer loop
      vertex 11.0 18.44423484802246 12.0
      vertex 11.0 18.0 11.835583686828613
      vertex 10.0 18.0 11.846405982971191
    endloop
  endfacet
  facet normal -0.023581013083457947 0.3736811876296997 -0.9272574186325073
    outer loop
      vertex 11.0 18.44423484802246 12.0
      vertex 10.0 18.0 11.846405982971191
      vertex 10.0 18.38113021850586 12.0
    endloop
  endfacet
  facet normal -0.04457732290029526 0.706403374671936 -0.706404447555542
    outer loop
      vertex 10.0 18.38113021850586 12.0
      vertex 10.0 19.0 12.618868827819824
      vertex 11.0 18.44423484802246 12.0
    endloop
  endfacet
  facet normal -0.044576700776815414 0.706403911113739 -0.706403911113739
    outer loop
      vertex 11.0 18.44423484802246 12.0
      vertex 10.0 19.0 12.618868827819824
      vertex 11.0 19.0 12.555765151977539
    endloop
  endfacet
  facet normal 0.0 0.0 1.0
    outer loop
      vertex 11.0 18.0 13.81176471710205
      vertex 10.0 19.0 13.81176471710205
      vertex 10.0 18.0 13.81176471710205
    endloop
  endfacet
  facet normal 0.0 0.0 1.0
    outer loop
      vertex 11.0 19.0 13.81176471710205
      vertex 10.0 19.0 13.81176471710205
      vertex 11.0 18.0 13.81176471710205
    endloop
  endfacet
  facet normal -0.06108655408024788 0.24326330423355103 -0.9680348038673401
    outer loop
      vertex 10.0 20.0 12.87016487121582
      vertex 11.0 19.0 12.555765151977539
      vertex 10.0 19.0 12.618868827819824
    endloop
  endfacet
  facet normal -0.06311359256505966 0.24134624004364014 -0.9683845639228821
    outer loop
      vertex 10.0 20.0 12.87016487121582
      vertex 11.0 20.0 12.804990768432617
      vertex 11.0 19.0 12.555765151977539
    endloop
  endfacet
  facet normal 0.0 0.07253089547157288 0.9973661303520203
    outer loop
      vertex 11.0 19.0 13.81176471710205
      vertex 10.0 20.0 13.739042282104492
      vertex 10.0 19.0 13.81176471710205
    endloop
  endfacet
  facet normal -0.07043831050395966 0.002103331731632352 0.9975138902664185
    outer loop
      vertex 11.0 20.0 13.809656143188477
      vertex 10.0 20.0 13.739042282104492
      vertex 11.0 19.0 13.81176471710205
    endloop
  endfacet
  facet normal -0.05682435259222984 0.48640209436416626 -0.8718852996826172
    outer loop
      vertex 11.0 20.349557876586914 13.0
      vertex 11.0 20.0 12.804990768432617
      vertex 10.0 20.0 12.87016487121582
    endloop
  endfacet
  facet normal -0.05492750555276871 0.48193979263305664 -0.8744809627532959
    outer loop
      vertex 11.0 20.349557876586914 13.0
      vertex 10.0 20.0 12.87016487121582
      vertex 10.0 20.235586166381836 13.0
    endloop
  endfacet
  facet normal -0.02144152857363224 0.952544093132019 0.3036446273326874
    outer loop
      vertex 10.0 20.235586166381836 13.0
      vertex 10.0 20.0 13.739042282104492
      vertex 11.0 20.0 13.809656143188477
    endloop
  endfacet
  facet normal -0.1040680930018425 0.9131046533584595 0.39422035217285156
    outer loop
      vertex 10.0 20.235586166381836 13.0
      vertex 11.0 20.0 13.809656143188477
      vertex 11.0 20.349557876586914 13.0
    endloop
  endfacet
  facet normal 0.0 -0.4871903359889984 -0.8732958436012268
    outer loop
      vertex 12.0 3.0 12.804990768432617
      vertex 12.0 2.6504430770874023 13.0
      vertex 11.0 2.6504430770874023 13.0
    endloop
  endfacet
  facet normal -0.0 -0.4871903359889984 -0.8732958436012268
    outer loop
      vertex 12.0 3.0 12.804990768432617
      vertex 11.0 2.6504430770874023 13.0
      vertex 11.0 3.0 12.804990768432617
    endloop
  endfacet
  facet normal 0.0 -0.9180901050567627 0.39637166261672974
    outer loop
      vertex 11.0 3.0 13.809656143188477
      vertex 11.0 2.6504430770874023 13.0
      vertex 12.0 2.6504430770874023 13.0
    endloop
  endfacet
  facet normal 0.0 -0.9180901050567627 0.39637166261672974
    outer loop
      vertex 11.0 3.0 13.809656143188477
      vertex 12.0 2.6504430770874023 13.0
      vertex 12.0 3.0 13.809656143188477
    endloop
  endfacet
  facet normal 0.0 -0.24182836711406708 -0.9703190326690674
    outer loop
      vertex 11.0 4.0 12.555765151977539
      vertex 12.0 3.0 12.804990768432617
      vertex 11.0 3.0 12.804990768432617
    endloop
  endfacet
  facet normal 0.0 -0.24182836711406708 -0.9703190326690674
    outer loop
      vertex 11.0 4.0 12.555765151977539
      vertex 12.0 4.0 12.555765151977539
      vertex 12.0 3.0 12.804990768432617
    endloop
  endfacet
  facet normal 0.0 -0.0021085694897919893 0.9999978542327881
    outer loop
      vertex 12.0 3.0 13.809656143188477
      vertex 11.0 4.0 13.81176471710205
      vertex 11.0 3.0 13.809656143188477
    endloop
  endfacet
  facet normal 0.0 -0.0021085694897919893 0.9999978542327881
    outer loop
      vertex 12.0 4.0 13.81176471710205
      vertex 11.0 4.0 13.81176471710205
      vertex 12.0 3.0 13.809656143188477
    endloop
  endfacet
  facet normal 0.0 -0.3471006751060486 -0.9378279447555542
    outer loop
      vertex 12.0 5.0 11.835583686828613
      vertex 12.0 4.555765151977539 12.0
      vertex 11.0 4.555765151977539 12.0
    endloop
  endfacet
  facet normal -0.0 -0.3471006751060486 -0.9378279447555542
    outer loop
      vertex 12.0 5.0 11.835583686828613
      vertex 11.0 4.555765151977539 12.0
      vertex 11.0 5.0 11.835583686828613
    endloop
  endfacet
  facet normal 0.0 -0.7071067690849304 -0.7071067690849304
    outer loop
      vertex 11.0 4.0 12.555765151977539
      vertex 11.0 4.555765151977539 12.0
      vertex 12.0 4.0 12.555765151977539
    endloop
  endfacet
  facet normal 0.0 -0.7071067690849304 -0.7071067690849304
    outer loop
      vertex 12.0 4.0 12.555765151977539
      vertex 11.0 4.555765151977539 12.0
      vertex 12.0 4.555765151977539 12.0
    endloop
  endfacet
  facet normal 0.0 0.0 1.0
    outer loop
      vertex 12.0 4.0 13.81176471710205
      vertex 11.0 5.0 13.81176471710205
      vertex 11.0 4.0 13.81176471710205
    endloop
  endfacet
  facet normal 0.0 0.0 1.0
    outer loop
      vertex 12.0 5.0 13.81176471710205
      vertex 11.0 5.0 13.81176471710205
      vertex 12.0 4.0 13.81176471710205
    endloop
  endfacet
  facet normal 0.0 -0.140376016497612 -0.9900981783866882
    outer loop
      vertex 11.0 6.0 11.693803787231445
      vertex 12.0 5.0 11.835583686828613
      vertex 11.0 5.0 11.835583686828613
    endloop
  endfacet
  facet normal 0.0 -0.140376016497612 -0.9900981783866882
    outer loop
      vertex 11.0 6.0 11.693803787231445
      vertex 12.0 6.0 11.693803787231445
      vertex 12.0 5.0 11.835583686828613
    endloop
  endfacet
  facet normal 0.0 0.0 1.0
    outer loop
      vertex 12.0 5.0 13.81176471710205
      vertex 11.0 6.0 13.81176471710205
      vertex 11.0 5.0 13.81176471710205
    endloop
  endfacet
  facet normal 0.0 0.0 1.0
    outer loop
      vertex 12.0 6.0 13.81176471710205
      vertex 11.0 6.0 13.81176471710205
      vertex 12.0 5.0 13.81176471710205
    endloop
  endfacet
  facet normal 0.0 -0.48589950799942017 -0.8740147352218628
    outer loop
      vertex 12.0 7.0 10.892043113708496
      vertex 12.0 6.805811882019043 11.0
      vertex 11.0 6.805811882019043 11.0
    endloop
  endfacet
  facet normal -0.0 -0.48589950799942017 -0.8740147352218628
    outer loop
      vertex 12.0 7.0 10.892043113708496
      vertex 11.0 6.805811882019043 11.0
      vertex 11.0 7.0 10.892043113708496
    endloop
  endfacet
  facet normal 0.0 -0.6524747014045715 -0.7578105926513672
    outer loop
      vertex 11.0 6.0 11.693803787231445
      vertex 11.0 6.805811882019043 11.0
      vertex 12.0 6.0 11.693803787231445
    endloop
  endfacet
  facet normal 0.0 -0.6524747014045715 -0.7578105926513672
    outer loop
      vertex 12.0 6.0 11.693803787231445
      vertex 11.0 6.805811882019043 11.0
      vertex 12.0 6.805811882019043 11.0
    endloop
  endfacet
  facet normal 0.0 0.0 1.0
    outer loop
      vertex 12.0 6.0 13.81176471710205
      vertex 11.0 7.0 13.81176471710205
      vertex 11.0 6.0 13.81176471710205
    endloop
  endfacet
  facet normal 0.0 0.0 1.0
    outer loop
      vertex 12.0 7.0 13.81176471710205
      vertex 11.0 7.0 13.81176471710205
      vertex 12.0 6.0 13.81176471710205
    endloop
  endfacet
  facet normal 0.0 -0.2528282701969147 -0.9675111174583435
    outer loop
      vertex 11.0 8.0 10.630724906921387
      vertex 12.0 7.0 10.892043113708496
      vertex 11.0 7.0 10.892043113708496
    endloop
  endfacet
  facet normal 0.0 -0.2528282701969147 -0.9675111174583435
    outer loop
      vertex 11.0 8.0 10.630724906921387
      vertex 12.0 8.0 10.630724906921387
      vertex 12.0 7.0 10.892043113708496
    endloop
  endfacet
  facet normal 0.0 0.0 1.0
    outer loop
      vertex 12.0 7.0 13.81176471710205
      vertex 11.0 8.0 13.81176471710205
      vertex 11.0 7.0 13.81176471710205
    endloop
  endfacet
  facet normal 0.0 0.0 1.0
    outer loop
      vertex 12.0 8.0 13.81176471710205
      vertex 11.0 8.0 13.81176471710205
      vertex 12.0 7.0 13.81176471710205
    endloop
  endfacet
  facet normal 0.0 -0.9102434515953064 -0.41407346725463867
    outer loop
      vertex 12.0 9.0 9.18823528289795
      vertex 12.0 8.630724906921387 10.0
      vertex 11.0 8.630724906921387 10.0
    endloop
  endfacet
  facet normal -0.0 -0.9102434515953064 -0.41407346725463867
    outer loop
      vertex 12.0 9.0 9.18823528289795
      vertex 11.0 8.630724906921387 10.0
      vertex 11.0 9.0 9.18823528289795
    endloop
  endfacet
  facet normal 0.0 -0.7071067690849304 -0.7071067690849304
    outer loop
      vertex 11.0 8.0 10.630724906921387
      vertex 11.0 8.630724906921387 10.0
      vertex 12.0 8.0 10.630724906921387
    endloop
  endfacet
  facet normal 0.0 -0.7071067690849304 -0.7071067690849304
    outer loop
      vertex 12.0 8.0 10.630724906921387
      vertex 11.0 8.630724906921387 10.0
      vertex 12.0 8.630724906921387 10.0
    endloop
  endfacet
  facet normal 0.0 0.0 1.0
    outer loop
      vertex 12.0 8.0 13.81176471710205
      vertex 11.0 9.0 13.81176471710205
      vertex 11.0 8.0 13.81176471710205
    endloop
  endfacet
  facet normal 0.0 0.0 1.0
    outer loop
      vertex 12.0 9.0 13.81176471710205
      vertex 11.0 9.0 13.81176471710205
      vertex 12.0 8.0 13.81176471710205
    endloop
  endfacet
  facet normal 0.0 0.0 -1.0
    outer loop
      vertex 11.0 10.0 9.18823528289795
      vertex 12.0 9.0 9.18823528289795
      vertex 11.0 9.0 9.18823528289795
    endloop
  endfacet
  facet normal 0.0 0.0 -1.0
    outer loop
      vertex 11.0 10.0 9.18823528289795
      vertex 12.0 10.0 9.18823528289795
      vertex 12.0 9.0 9.18823528289795
    endloop
  endfacet
  facet normal 0.0 0.0 1.0
    outer loop
      vertex 12.0 9.0 13.81176471710205
      vertex 11.0 10.0 13.81176471710205
      vertex 11.0 9.0 13.81176471710205
    endloop
  endfacet
  facet normal 0.0 0.0 1.0
    outer loop
      vertex 12.0 10.0 13.81176471710205
      vertex 11.0 10.0 13.81176471710205
      vertex 12.0 9.0 13.81176471710205
    endloop
  endfacet
  facet normal 0.0 0.0 -1.0
    outer loop
      vertex 11.0 11.0 9.18823528289795
      vertex 12.0 10.0 9.18823528289795
      vertex 11.0 10.0 9.18823528289795
    endloop
  endfacet
  facet normal 0.0 0.0 -1.0
    outer loop
      vertex 11.0 11.0 9.18823528289795
      vertex 12.0 11.0 9.18823528289795
      vertex 12.0 10.0 9.18823528289795
    endloop
  endfacet
  facet normal 0.0 0.0 1.0
    outer loop
      vertex 12.0 10.0 13.81176471710205
      vertex 11.0 11.0 13.81176471710205
      vertex 11.0 10.0 13.81176471710205
    endloop
  endfacet
  facet normal 0.0 0.0 1.0
    outer loop
      vertex 12.0 11.0 13.81176471710205
      vertex 11.0 11.0 13.81176471710205
      vertex 12.0 10.0 13.81176471710205
    endloop
  endfacet
  facet normal 0.0 0.0 -1.0
    outer loop
      vertex 11.0 12.0 9.18823528289795
      vertex 12.0 11.0 9.18823528289795
      vertex 11.0 11.0 9.18823528289795
    endloop
  endfacet
  facet normal 0.0 0.0 -1.0
    outer loop
      vertex 11.0 12.0 9.18823528289795
      vertex 12.0 12.0 9.18823528289795
      vertex 12.0 11.0 9.18823528289795
    endloop
  endfacet
  facet normal 0.0 0.0 1.0
    outer loop
      vertex 12.0 11.0 13.81176471710205
      vertex 11.0 12.0 13.81176471710205
      vertex 11.0 11.0 13.81176471710205
    endloop
  endfacet
  facet normal 0.0 0.0 1.0
    outer loop
      vertex 12.0 12.0 13.81176471710205
      vertex 11.0 12.0 13.81176471710205
      vertex 12.0 11.0 13.81176471710205
    endloop
  endfacet
  facet normal 0.0 0.0 -1.0
    outer loop
      vertex 11.0 13.0 9.18823528289795
      vertex 12.0 12.0 9.18823528289795
      vertex 11.0 12.0 9.18823528289795
    endloop
  endfacet
  facet normal 0.0 0.0 -1.0
    outer loop
      vertex 11.0 13.0 9.18823528289795
      vertex 12.0 13.0 9.18823528289795
      vertex 12.0 12.0 9.18823528289795
    endloop
  endfacet
  facet normal 0.0 0.0 1.0
    outer loop
      vertex 12.0 12.0 13.81176471710205
      vertex 11.0 13.0 13.81176471710205
      vertex 11.0 12.0 13.81176471710205
    endloop
  endfacet
  facet normal 0.0 0.0 1.0
    outer loop
      vertex 12.0 13.0 13.81176471710205
      vertex 11.0 13.0 13.81176471710205
      vertex 12.0 12.0 13.81176471710205
    endloop
  endfacet
  facet normal 0.0 0.0 -1.0
    outer loop
      vertex 11.0 14.0 9.18823528289795
      vertex 12.0 13.0 9.18823528289795
      vertex 11.0 13.0 9.18823528289795
    endloop
  endfacet
  facet normal 0.0 0.0 -1.0
    outer loop
      vertex 11.0 14.0 9.18823528289795
      vertex 12.0 14.0 9.18823528289795
      vertex 12.0 13.0 9.18823528289795
    endloop
  endfacet
  facet normal 0.0 0.0 1.0
    outer loop
      vertex 12.0 13.0 13.81176471710205
      vertex 11.0 14.0 13.81176471710205
      vertex 11.0 13.0 13.81176471710205
    endloop
  endfacet
  facet normal 0.0 0.0 1.0
    outer loop
      vertex 12.0 14.0 13.81176471710205
      vertex 11.0 14.0 13.81176471710205
      vertex 12.0 13.0 13.81176471710205
    endloop
  endfacet
  facet normal 0.0 0.9102434515953064 -0.41407346725463867
    outer loop
      vertex 12.0 14.369275093078613 10.0
      vertex 12.0 14.0 9.18823528289795
      vertex 11.0 14.0 9.18823528289795
    endloop
  endfacet
  facet normal 0.0 0.9102434515953064 -0.41407346725463867
    outer loop
      vertex 12.0 14.369275093078613 10.0
      vertex 11.0 14.0 9.18823528289795
      vertex 11.0 14.369275093078613 10.0
    endloop
  endfacet
  facet normal 0.0 0.7071067690849304 -0.7071067690849304
    outer loop
      vertex 11.0 14.369275093078613 10.0
      vertex 11.0 15.0 10.630724906921387
      vertex 12.0 14.369275093078613 10.0
    endloop
  endfacet
  facet normal 0.0 0.7071067690849304 -0.7071067690849304
    outer loop
      vertex 12.0 14.369275093078613 10.0
      vertex 11.0 15.0 10.630724906921387
      vertex 12.0 15.0 10.630724906921387
    endloop
  endfacet
  facet normal 0.0 0.0 1.0
    outer loop
      vertex 12.0 14.0 13.81176471710205
      vertex 11.0 15.0 13.81176471710205
      vertex 11.0 14.0 13.81176471710205
    endloop
  endfacet
  facet normal 0.0 0.0 1.0
    outer loop
      vertex 12.0 15.0 13.81176471710205
      vertex 11.0 15.0 13.81176471710205
      vertex 12.0 14.0 13.81176471710205
    endloop
  endfacet
  facet normal 0.0 0.2528282701969147 -0.9675111174583435
    outer loop
      vertex 11.0 16.0 10.892043113708496
      vertex 12.0 15.0 10.630724906921387
      vertex 11.0 15.0 10.630724906921387
    endloop
  endfacet
  facet normal 0.0 0.2528282701969147 -0.9675111174583435
    outer loop
      vertex 11.0 16.0 10.892043113708496
      vertex 12.0 16.0 10.892043113708496
      vertex 12.0 15.0 10.630724906921387
    endloop
  endfacet
  facet normal 0.0 0.0 1.0
    outer loop
      vertex 12.0 15.0 13.81176471710205
      vertex 11.0 16.0 13.81176471710205
      vertex 11.0 15.0 13.81176471710205
    endloop
  endfacet
  facet normal 0.0 0.0 1.0
    outer loop
      vertex 12.0 16.0 13.81176471710205
      vertex 11.0 16.0 13.81176471710205
      vertex 12.0 15.0 13.81176471710205
    endloop
  endfacet
  facet normal 0.0 0.4859012961387634 -0.8740136623382568
    outer loop
      vertex 12.0 16.19418716430664 11.0
      vertex 12.0 16.0 10.892043113708496
      vertex 11.0 16.0 10.892043113708496
    endloop
  endfacet
  facet normal 0.0 0.4859012961387634 -0.8740136623382568
    outer loop
      vertex 12.0 16.19418716430664 11.0
      vertex 11.0 16.0 10.892043113708496
      vertex 11.0 16.19418716430664 11.0
    endloop
  endfacet
  facet normal 0.0 0.6524742245674133 -0.7578109502792358
    outer loop
      vertex 11.0 16.19418716430664 11.0
      vertex 11.0 17.0 11.693803787231445
      vertex 12.0 16.19418716430664 11.0
    endloop
  endfacet
  facet normal 0.0 0.6524742245674133 -0.7578109502792358
    outer loop
      vertex 12.0 16.19418716430664 11.0
      vertex 11.0 17.0 11.693803787231445
      vertex 12.0 17.0 11.693803787231445
    endloop
  endfacet
  facet normal 0.0 0.0 1.0
    outer loop
      vertex 12.0 16.0 13.81176471710205
      vertex 11.0 17.0 13.81176471710205
      vertex 11.0 16.0 13.81176471710205
    endloop
  endfacet
  facet normal 0.0 0.0 1.0
    outer loop
      vertex 12.0 17.0 13.81176471710205
      vertex 11.0 17.0 13.81176471710205
      vertex 12.0 16.0 13.81176471710205
    endloop
  endfacet
  facet normal 0.0 0.140376016497612 -0.9900981783866882
    outer loop
      vertex 11.0 18.0 11.835583686828613
      vertex 12.0 17.0 11.693803787231445
      vertex 11.0 17.0 11.693803787231445
    endloop
  endfacet
  facet normal 0.0 0.140376016497612 -0.9900981783866882
    outer loop
      vertex 11.0 18.0 11.835583686828613
      vertex 12.0 18.0 11.835583686828613
      vertex 12.0 17.0 11.693803787231445
    endloop
  endfacet
  facet normal 0.0 0.0 1.0
    outer loop
      vertex 12.0 17.0 13.81176471710205
      vertex 11.0 18.0 13.81176471710205
      vertex 11.0 17.0 13.81176471710205
    endloop
  endfacet
  facet normal 0.0 0.0 1.0
    outer loop
      vertex 12.0 18.0 13.81176471710205
      vertex 11.0 18.0 13.81176471710205
      vertex 12.0 17.0 13.81176471710205
    endloop
  endfacet
  facet normal 0.0 0.3471006751060486 -0.9378279447555542
    outer loop
      vertex 12.0 18.44423484802246 12.0
      vertex 12.0 18.0 11.835583686828613
      vertex 11.0 18.0 11.835583686828613
    endloop
  endfacet
  facet normal 0.0 0.3471006751060486 -0.9378279447555542
    outer loop
      vertex 12.0 18.44423484802246 12.0
      vertex 11.0 18.0 11.835583686828613
      vertex 11.0 18.44423484802246 12.0
    endloop
  endfacet
  facet normal 0.0 0.7071067690849304 -0.7071067690849304
    outer loop
      vertex 11.0 18.44423484802246 12.0
      vertex 11.0 19.0 12.555765151977539
      vertex 12.0 18.44423484802246 12.0
    endloop
  endfacet
  facet normal 0.0 0.7071067690849304 -0.7071067690849304
    outer loop
      vertex 12.0 18.44423484802246 12.0
      vertex 11.0 19.0 12.555765151977539
      vertex 12.0 19.0 12.555765151977539
    endloop
  endfacet
  facet normal 0.0 0.0 1.0
    outer loop
      vertex 12.0 18.0 13.81176471710205
      vertex 11.0 19.0 13.81176471710205
      vertex 11.0 18.0 13.81176471710205
    endloop
  endfacet
  facet normal 0.0 0.0 1.0
    outer loop
      vertex 12.0 19.0 13.81176471710205
      vertex 11.0 19.0 13.81176471710205
      vertex 12.0 18.0 13.81176471710205
    endloop
  endfacet
  facet normal 0.0 0.24182836711406708 -0.9703190326690674
    outer loop
      vertex 11.0 20.0 12.804990768432617
      vertex 12.0 19.0 12.555765151977539
      vertex 11.0 19.0 12.555765151977539
    endloop
  endfacet
  facet normal 0.0 0.24182836711406708 -0.9703190326690674
    outer loop
      vertex 11.0 20.0 12.804990768432617
      vertex 12.0 20.0 12.804990768432617
      vertex 12.0 19.0 12.555765151977539
    endloop
  endfacet
  facet normal 0.0 0.0021085694897919893 0.9999978542327881
    outer loop
      vertex 12.0 19.0 13.81176471710205
      vertex 11.0 20.0 13.809656143188477
      vertex 11.0 19.0 13.81176471710205
    endloop
  endfacet
  facet normal 0.0 0.0021085694897919893 0.9999978542327881
    outer loop
      vertex 12.0 20.0 13.809656143188477
      vertex 11.0 20.0 13.809656143188477
      vertex 12.0 19.0 13.81176471710205
    endloop
  endfacet
  facet normal 0.0 0.48718929290771484 -0.8732963800430298
    outer loop
      vertex 12.0 20.349557876586914 13.0
      vertex 12.0 20.0 12.804990768432617
      vertex 11.0 20.0 12.804990768432617
    endloop
  endfacet
  facet normal 0.0 0.48718929290771484 -0.8732963800430298
    outer loop
      vertex 12.0 20.349557876586914 13.0
      vertex 11.0 20.0 12.804990768432617
      vertex 11.0 20.349557876586914 13.0
    endloop
  endfacet
  facet normal 0.0 0.918089747428894 0.39637258648872375
    outer loop
      vertex 11.0 20.349557876586914 13.0
      vertex 11.0 20.0 13.809656143188477
      vertex 12.0 20.0 13.809656143188477
    endloop
  endfacet
  facet normal -0.0 0.918089747428894 0.39637258648872375
    outer loop
      vertex 11.0 20.349557876586914 13.0
      vertex 12.0 20.0 13.809656143188477
      vertex 12.0 20.349557876586914 13.0
    endloop
  endfacet
  facet normal 0.05492657795548439 -0.48193874955177307 -0.8744816780090332
    outer loop
      vertex 13.0 3.0 12.87016487121582
      vertex 13.0 2.7644131183624268 13.0
      vertex 12.0 2.6504430770874023 13.0
    endloop
  endfacet
  facet normal 0.05682430788874626 -0.48640310764312744 -0.8718847632408142
    outer loop
      vertex 13.0 3.0 12.87016487121582
      vertex 12.0 2.6504430770874023 13.0
      vertex 12.0 3.0 12.804990768432617
    endloop
  endfacet
  facet normal 0.1040666401386261 -0.9131051898002625 0.3942195177078247
    outer loop
      vertex 12.0 3.0 13.809656143188477
      vertex 12.0 2.6504430770874023 13.0
      vertex 13.0 2.7644131183624268 13.0
    endloop
  endfacet
  facet normal 0.02144157886505127 -0.9525438547134399 0.30364546179771423
    outer loop
      vertex 12.0 3.0 13.809656143188477
      vertex 13.0 2.7644131183624268 13.0
      vertex 13.0 3.0 13.739042282104492
    endloop
  endfacet
  facet normal 0.06311359256505966 -0.24134624004364014 -0.9683845639228821
    outer loop
      vertex 12.0 4.0 12.555765151977539
      vertex 13.0 3.0 12.87016487121582
      vertex 12.0 3.0 12.804990768432617
    endloop
  endfacet
  facet normal 0.06108655408024788 -0.24326330423355103 -0.9680348038673401
    outer loop
      vertex 12.0 4.0 12.555765151977539
      vertex 13.0 4.0 12.618868827819824
      vertex 13.0 3.0 12.87016487121582
    endloop
  endfacet
  facet normal 0.07043831050395966 -0.002103331731632352 0.9975138902664185
    outer loop
      vertex 13.0 3.0 13.739042282104492
      vertex 12.0 4.0 13.81176471710205
      vertex 12.0 3.0 13.809656143188477
    endloop
  endfacet
  facet normal 0.0 -0.07253089547157288 0.9973661303520203
    outer loop
      vertex 13.0 4.0 13.81176471710205
      vertex 12.0 4.0 13.81176471710205
      vertex 13.0 3.0 13.739042282104492
    endloop
  endfacet
  facet normal 0.023580599576234818 -0.37368035316467285 -0.9272577166557312
    outer loop
      vertex 13.0 5.0 11.846405982971191
      vertex 13.0 4.618868827819824 12.0
      vertex 12.0 4.555765151977539 12.0
    endloop
  endfacet
  facet normal 0.010148928500711918 -0.3470827639102936 -0.9377796053886414
    outer loop
      vertex 13.0 5.0 11.846405982971191
      vertex 12.0 4.555765151977539 12.0
      vertex 12.0 5.0 11.835583686828613
    endloop
  endfacet
  facet normal 0.04457668587565422 -0.706403911113739 -0.706403911113739
    outer loop
      vertex 12.0 4.0 12.555765151977539
      vertex 12.0 4.555765151977539 12.0
      vertex 13.0 4.0 12.618868827819824
    endloop
  endfacet
  facet normal 0.04457665607333183 -0.706403911113739 -0.706403911113739
    outer loop
      vertex 13.0 4.0 12.618868827819824
      vertex 12.0 4.555765151977539 12.0
      vertex 13.0 4.618868827819824 12.0
    endloop
  endfacet
  facet normal 0.0 0.0 1.0
    outer loop
      vertex 13.0 4.0 13.81176471710205
      vertex 12.0 5.0 13.81176471710205
      vertex 12.0 4.0 13.81176471710205
    endloop
  endfacet
  facet normal 0.0 0.0 1.0
    outer loop
      vertex 13.0 5.0 13.81176471710205
      vertex 12.0 5.0 13.81176471710205
      vertex 13.0 4.0 13.81176471710205
    endloop
  endfacet
  facet normal 0.010714521631598473 -0.14036796987056732 -0.9900414347648621
    outer loop
      vertex 12.0 6.0 11.693803787231445
      vertex 13.0 5.0 11.846405982971191
      vertex 12.0 5.0 11.835583686828613
    endloop
  endfacet
  facet normal 0.04062149301171303 -0.11091244220733643 -0.9929996728897095
    outer loop
      vertex 12.0 6.0 11.693803787231445
      vertex 13.0 6.0 11.734711647033691
      vertex 13.0 5.0 11.846405982971191
    endloop
  endfacet
  facet normal 0.0 0.0 1.0
    outer loop
      vertex 13.0 5.0 13.81176471710205
      vertex 12.0 6.0 13.81176471710205
      vertex 12.0 5.0 13.81176471710205
    endloop
  endfacet
  facet normal 0.0 0.0 1.0
    outer loop
      vertex 13.0 6.0 13.81176471710205
      vertex 12.0 6.0 13.81176471710205
      vertex 13.0 5.0 13.81176471710205
    endloop
  endfacet
  facet normal 0.1047685369849205 -0.48322537541389465 -0.8692046403884888
    outer loop
      vertex 12.0 7.0 10.892043113708496
      vertex 12.89565658569336 7.0 11.0
      vertex 12.0 6.805811882019043 11.0
    endloop
  endfacet
  facet normal 0.19874340295791626 -0.9166669845581055 -0.34673139452934265
    outer loop
      vertex 12.89565658569336 7.0 11.0
      vertex 13.0 7.0 11.059808731079102
      vertex 12.0 6.805811882019043 11.0
    endloop
  endfacet
  facet normal 0.16953624784946442 -0.6430293917655945 -0.7468404173851013
    outer loop
      vertex 13.0 7.0 11.059808731079102
      vertex 12.0 6.0 11.693803787231445
      vertex 12.0 6.805811882019043 11.0
    endloop
  endfacet
  facet normal 0.033888477832078934 -0.5590962767601013 -0.8284099102020264
    outer loop
      vertex 13.0 7.0 11.059808731079102
      vertex 13.0 6.0 11.734711647033691
      vertex 12.0 6.0 11.693803787231445
    endloop
  endfacet
  facet normal 0.0 0.0 1.0
    outer loop
      vertex 13.0 6.0 13.81176471710205
      vertex 12.0 7.0 13.81176471710205
      vertex 12.0 6.0 13.81176471710205
    endloop
  endfacet
  facet normal 0.0 0.0 1.0
    outer loop
      vertex 13.0 7.0 13.81176471710205
      vertex 12.0 7.0 13.81176471710205
      vertex 13.0 6.0 13.81176471710205
    endloop
  endfacet
  facet normal 0.16533149778842926 -0.2884405851364136 -0.9431158304214478
    outer loop
      vertex 13.0 8.0 10.712453842163086
      vertex 13.0 7.059808731079102 11.0
      vertex 12.89565658569336 7.0 11.0
    endloop
  endfacet
  facet normal 0.11468479782342911 -0.28555935621261597 -0.9514742493629456
    outer loop
      vertex 12.0 7.0 10.892043113708496
      vertex 13.0 8.0 10.712453842163086
      vertex 12.89565658569336 7.0 11.0
    endloop
  endfacet
  facet normal 0.07882759720087051 -0.2520415484905243 -0.9645004868507385
    outer loop
      vertex 12.0 8.0 10.630724906921387
      vertex 13.0 8.0 10.712453842163086
      vertex 12.0 7.0 10.892043113708496
    endloop
  endfacet
  facet normal 0.3756270706653595 -0.6553259491920471 -0.6553259491920471
    outer loop
      vertex 12.89565658569336 7.0 11.0
      vertex 13.0 7.059808731079102 11.0
      vertex 13.0 7.0 11.059808731079102
    endloop
  endfacet
  facet normal 0.0 0.0 1.0
    outer loop
      vertex 13.0 7.0 13.81176471710205
      vertex 12.0 8.0 13.81176471710205
      vertex 12.0 7.0 13.81176471710205
    endloop
  endfacet
  facet normal 0.0 0.0 1.0
    outer loop
      vertex 13.0 8.0 13.81176471710205
      vertex 12.0 8.0 13.81176471710205
      vertex 13.0 7.0 13.81176471710205
    endloop
  endfacet
  facet normal 0.3126135468482971 -0.8888670802116394 -0.3349449038505554
    outer loop
      vertex 13.0 9.0 9.953356742858887
      vertex 13.0 8.982423782348633 10.0
      vertex 12.0 8.630724906921387 10.0
    endloop
  endfacet
  facet normal 0.30202150344848633 -0.8677361011505127 -0.39473670721054077
    outer loop
      vertex 13.0 9.0 9.953356742858887
      vertex 12.0 8.630724906921387 10.0
      vertex 12.0 9.0 9.18823528289795
    endloop
  endfacet
  facet normal 0.05769481509923935 -0.7059289216995239 -0.7059289216995239
    outer loop
      vertex 12.0 8.0 10.630724906921387
      vertex 12.0 8.630724906921387 10.0
      vertex 13.0 8.0 10.712453842163086
    endloop
  endfacet
  facet normal 0.2022079974412918 -0.5749463438987732 -0.7928106188774109
    outer loop
      vertex 13.0 8.0 10.712453842163086
      vertex 12.0 8.630724906921387 10.0
      vertex 13.0 8.982423782348633 10.0
    endloop
  endfacet
  facet normal 0.0 0.0 1.0
    outer loop
      vertex 13.0 8.0 13.81176471710205
      vertex 12.0 9.0 13.81176471710205
      vertex 12.0 8.0 13.81176471710205
    endloop
  endfacet
  facet normal 0.0 0.0 1.0
    outer loop
      vertex 13.0 9.0 13.81176471710205
      vertex 12.0 9.0 13.81176471710205
      vertex 13.0 8.0 13.81176471710205
    endloop
  endfacet
  facet normal 0.6076583862304688 0.0 -0.7941985726356506
    outer loop
      vertex 12.0 10.0 9.18823528289795
      vertex 13.0 9.0 9.953356742858887
      vertex 12.0 9.0 9.18823528289795
    endloop
  endfacet
  facet normal 0.0 -0.6076583862304688 -0.7941985726356506
    outer loop
      vertex 12.0 10.0 9.18823528289795
      vertex 13.0 10.0 9.18823528289795
      vertex 13.0 9.0 9.953356742858887
    endloop
  endfacet
  facet normal 0.0 0.0 1.0
    outer loop
      vertex 13.0 9.0 13.81176471710205
      vertex 12.0 10.0 13.81176471710205
      vertex 12.0 9.0 13.81176471710205
    endloop
  endfacet
  facet normal 0.0 0.0 1.0
    outer loop
      vertex 13.0 10.0 13.81176471710205
      vertex 12.0 10.0 13.81176471710205
      vertex 13.0 9.0 13.81176471710205
    endloop
  endfacet
  facet normal 0.0 0.0 -1.0
    outer loop
      vertex 12.0 11.0 9.18823528289795
      vertex 13.0 10.0 9.18823528289795
      vertex 12.0 10.0 9.18823528289795
    endloop
  endfacet
  facet normal 0.0 0.0 -1.0
    outer loop
      vertex 12.0 11.0 9.18823528289795
      vertex 13.0 11.0 9.18823528289795
      vertex 13.0 10.0 9.18823528289795
    endloop
  endfacet
  facet normal 0.0 0.0 1.0
    outer loop
      vertex 13.0 10.0 13.81176471710205
      vertex 12.0 11.0 13.81176471710205
      vertex 12.0 10.0 13.81176471710205
    endloop
  endfacet
  facet normal 0.0 0.0 1.0
    outer loop
      vertex 13.0 11.0 13.81176471710205
      vertex 12.0 11.0 13.81176471710205
      vertex 13.0 10.0 13.81176471710205
    endloop
  endfacet
  facet normal 0.0 0.0 -1.0
    outer loop
      vertex 12.0 12.0 9.18823528289795
      vertex 13.0 11.0 9.18823528289795
      vertex 12.0 11.0 9.18823528289795
    endloop
  endfacet
  facet normal 0.0 0.0 -1.0
    outer loop
      vertex 12.0 12.0 9.18823528289795
      vertex 13.0 12.0 9.18823528289795
      vertex 13.0 11.0 9.18823528289795
    endloop
  endfacet
  facet normal 0.0 0.0 1.0
    outer loop
      vertex 13.0 11.0 13.81176471710205
      vertex 12.0 12.0 13.81176471710205
      vertex 12.0 11.0 13.81176471710205
    endloop
  endfacet
  facet normal 0.0 0.0 1.0
    outer loop
      vertex 13.0 12.0 13.81176471710205
      vertex 12.0 12.0 13.81176471710205
      vertex 13.0 11.0 13.81176471710205
    endloop
  endfacet
  facet normal 0.0 0.0 -1.0
    outer loop
      vertex 12.0 13.0 9.18823528289795
      vertex 13.0 12.0 9.18823528289795
      vertex 12.0 12.0 9.18823528289795
    endloop
  endfacet
  facet normal 0.0 0.0 -1.0
    outer loop
      vertex 12.0 13.0 9.18823528289795
      vertex 13.0 13.0 9.18823528289795
      vertex 13.0 12.0 9.18823528289795
    endloop
  endfacet
  facet normal 0.0 0.0 1.0
    outer loop
      vertex 13.0 12.0 13.81176471710205
      vertex 12.0 13.0 13.81176471710205
      vertex 12.0 12.0 13.81176471710205
    endloop
  endfacet
  facet normal 0.0 0.0 1.0
    outer loop
      vertex 13.0 13.0 13.81176471710205
      vertex 12.0 13.0 13.81176471710205
      vertex 13.0 12.0 13.81176471710205
    endloop
  endfacet
  facet normal 0.0 0.0 -1.0
    outer loop
      vertex 12.0 14.0 9.18823528289795
      vertex 13.0 13.0 9.18823528289795
      vertex 12.0 13.0 9.18823528289795
    endloop
  endfacet
  facet normal 0.5192999839782715 0.5192999839782715 -0.678715705871582
    outer loop
      vertex 12.0 14.0 9.18823528289795
      vertex 13.0 14.0 9.953356742858887
      vertex 13.0 13.0 9.18823528289795
    endloop
  endfacet
  facet normal 0.0 0.0 1.0
    outer loop
      vertex 13.0 13.0 13.81176471710205
      vertex 12.0 14.0 13.81176471710205
      vertex 12.0 13.0 13.81176471710205
    endloop
  endfacet
  facet normal 0.0 0.0 1.0
    outer loop
      vertex 13.0 14.0 13.81176471710205
      vertex 12.0 14.0 13.81176471710205
      vertex 13.0 13.0 13.81176471710205
    endloop
  endfacet
  facet normal 0.26048189401626587 0.9034634232521057 -0.3404451310634613
    outer loop
      vertex 13.0 14.017576217651367 10.0
      vertex 13.0 14.0 9.953356742858887
      vertex 12.0 14.0 9.18823528289795
    endloop
  endfacet
  facet normal 0.30488941073417664 0.8669047355651855 -0.3943585157394409
    outer loop
      vertex 13.0 14.017576217651367 10.0
      vertex 12.0 14.0 9.18823528289795
      vertex 12.0 14.369275093078613 10.0
    endloop
  endfacet
  facet normal 0.24133771657943726 0.6862055063247681 -0.6862055063247681
    outer loop
      vertex 12.0 14.369275093078613 10.0
      vertex 12.0 15.0 10.630724906921387
      vertex 13.0 14.017576217651367 10.0
    endloop
  endfacet
  facet normal 0.0660179853439331 0.5857930183410645 -0.8077674508094788
    outer loop
      vertex 13.0 14.017576217651367 10.0
      vertex 12.0 15.0 10.630724906921387
      vertex 13.0 15.0 10.712453842163086
    endloop
  endfacet
  facet normal 0.0 0.0 1.0
    outer loop
      vertex 13.0 14.0 13.81176471710205
      vertex 12.0 15.0 13.81176471710205
      vertex 12.0 14.0 13.81176471710205
    endloop
  endfacet
  facet normal 0.0 0.0 1.0
    outer loop
      vertex 13.0 15.0 13.81176471710205
      vertex 12.0 15.0 13.81176471710205
      vertex 13.0 14.0 13.81176471710205
    endloop
  endfacet
  facet normal 0.11714194715023041 0.20436803996562958 -0.9718597531318665
    outer loop
      vertex 12.0 16.0 10.892043113708496
      vertex 12.89565658569336 16.0 11.0
      vertex 13.0 15.940191268920898 11.0
    endloop
  endfacet
  facet normal 0.11985825002193451 0.2903571128845215 -0.9493823051452637
    outer loop
      vertex 13.0 15.0 10.712453842163086
      vertex 12.0 16.0 10.892043113708496
      vertex 13.0 15.940191268920898 11.0
    endloop
  endfacet
  facet normal 0.07882759720087051 0.2520415484905243 -0.9645004868507385
    outer loop
      vertex 12.0 15.0 10.630724906921387
      vertex 12.0 16.0 10.892043113708496
      vertex 13.0 15.0 10.712453842163086
    endloop
  endfacet
  facet normal 0.3756270706653595 0.6553259491920471 -0.6553259491920471
    outer loop
      vertex 12.89565658569336 16.0 11.0
      vertex 13.0 16.0 11.059808731079102
      vertex 13.0 15.940191268920898 11.0
    endloop
  endfacet
  facet normal 0.0 0.0 1.0
    outer loop
      vertex 13.0 15.0 13.81176471710205
      vertex 12.0 16.0 13.81176471710205
      vertex 12.0 15.0 13.81176471710205
    endloop
  endfacet
  facet normal 0.0 0.0 1.0
    outer loop
      vertex 13.0 16.0 13.81176471710205
      vertex 12.0 16.0 13.81176471710205
      vertex 13.0 15.0 13.81176471710205
    endloop
  endfacet
  facet normal 0.10476842522621155 0.4832272231578827 -0.8692036867141724
    outer loop
      vertex 12.0 16.19418716430664 11.0
      vertex 12.89565658569336 16.0 11.0
      vertex 12.0 16.0 10.892043113708496
    endloop
  endfacet
  facet normal 0.14006827771663666 0.6460420489311218 -0.7503402829170227
    outer loop
      vertex 12.0 16.19418716430664 11.0
      vertex 12.0 17.0 11.693803787231445
      vertex 12.89565658569336 16.0 11.0
    endloop
  endfacet
  facet normal 0.3434162735939026 0.7232620716094971 -0.599130392074585
    outer loop
      vertex 12.0 17.0 11.693803787231445
      vertex 13.0 16.0 11.059808731079102
      vertex 12.89565658569336 16.0 11.0
    endloop
  endfacet
  facet normal 0.033888477832078934 0.5590962767601013 -0.8284099102020264
    outer loop
      vertex 12.0 17.0 11.693803787231445
      vertex 13.0 17.0 11.734711647033691
      vertex 13.0 16.0 11.059808731079102
    endloop
  endfacet
  facet normal 0.0 0.0 1.0
    outer loop
      vertex 13.0 16.0 13.81176471710205
      vertex 12.0 17.0 13.81176471710205
      vertex 12.0 16.0 13.81176471710205
    endloop
  endfacet
  facet normal 0.0 0.0 1.0
    outer loop
      vertex 13.0 17.0 13.81176471710205
      vertex 12.0 17.0 13.81176471710205
      vertex 13.0 16.0 13.81176471710205
    endloop
  endfacet
  facet normal 0.04046962037682533 0.14026103913784027 -0.9892871379852295
    outer loop
      vertex 12.0 18.0 11.835583686828613
      vertex 13.0 17.0 11.734711647033691
      vertex 12.0 17.0 11.693803787231445
    endloop
  endfacet
  facet normal 0.010754791088402271 0.11099763214588165 -0.9937624335289001
    outer loop
      vertex 12.0 18.0 11.835583686828613
      vertex 13.0 18.0 11.846405982971191
      vertex 13.0 17.0 11.734711647033691
    endloop
  endfacet
  facet normal 0.0 0.0 1.0
    outer loop
      vertex 13.0 17.0 13.81176471710205
      vertex 12.0 18.0 13.81176471710205
      vertex 12.0 17.0 13.81176471710205
    endloop
  endfacet
  facet normal 0.0 0.0 1.0
    outer loop
      vertex 13.0 18.0 13.81176471710205
      vertex 12.0 18.0 13.81176471710205
      vertex 13.0 17.0 13.81176471710205
    endloop
  endfacet
  facet normal 0.010037342086434364 0.37376630306243896 -0.9274686574935913
    outer loop
      vertex 13.0 18.38113021850586 12.0
      vertex 13.0 18.0 11.846405982971191
      vertex 12.0 18.0 11.835583686828613
    endloop
  endfacet
  facet normal 0.021898405626416206 0.34701740741729736 -0.9376029968261719
    outer loop
      vertex 13.0 18.38113021850586 12.0
      vertex 12.0 18.0 11.835583686828613
      vertex 12.0 18.44423484802246 12.0
    endloop
  endfacet
  facet normal 0.044577356427907944 0.7064038515090942 -0.7064038515090942
    outer loop
      vertex 12.0 18.44423484802246 12.0
      vertex 12.0 19.0 12.555765151977539
      vertex 13.0 18.38113021850586 12.0
    endloop
  endfacet
  facet normal 0.044576723128557205 0.706403374671936 -0.706404447555542
    outer loop
      vertex 13.0 18.38113021850586 12.0
      vertex 12.0 19.0 12.555765151977539
      vertex 13.0 19.0 12.618868827819824
    endloop
  endfacet
  facet normal 0.0 0.0 1.0
    outer loop
      vertex 13.0 18.0 13.81176471710205
      vertex 12.0 19.0 13.81176471710205
      vertex 12.0 18.0 13.81176471710205
    endloop
  endfacet
  facet normal 0.0 0.0 1.0
    outer loop
      vertex 13.0 19.0 13.81176471710205
      vertex 12.0 19.0 13.81176471710205
      vertex 13.0 18.0 13.81176471710205
    endloop
  endfacet
  facet normal 0.061116237193346024 0.24137631058692932 -0.9685052037239075
    outer loop
      vertex 12.0 20.0 12.804990768432617
      vertex 13.0 19.0 12.618868827819824
      vertex 12.0 19.0 12.555765151977539
    endloop
  endfacet
  facet normal 0.06308294832706451 0.24323305487632751 -0.967914342880249
    outer loop
      vertex 12.0 20.0 12.804990768432617
      vertex 13.0 20.0 12.87016487121582
      vertex 13.0 19.0 12.618868827819824
    endloop
  endfacet
  facet normal 0.0 0.0021085694897919893 0.9999978542327881
    outer loop
      vertex 13.0 19.0 13.81176471710205
      vertex 12.0 20.0 13.809656143188477
      vertex 12.0 19.0 13.81176471710205
    endloop
  endfacet
  facet normal 0.07025385648012161 0.07235167920589447 0.9949017763137817
    outer loop
      vertex 13.0 20.0 13.739042282104492
      vertex 12.0 20.0 13.809656143188477
      vertex 13.0 19.0 13.81176471710205
    endloop
  endfacet
  facet normal 0.05698692053556442 0.48188409209251404 -0.8743798732757568
    outer loop
      vertex 13.0 20.235586166381836 13.0
      vertex 13.0 20.0 12.87016487121582
      vertex 12.0 20.0 12.804990768432617
    endloop
  endfacet
  facet normal 0.055440399795770645 0.4864400029182434 -0.8719532489776611
    outer loop
      vertex 13.0 20.235586166381836 13.0
      vertex 12.0 20.0 12.804990768432617
      vertex 12.0 20.349557876586914 13.0
    endloop
  endfacet
  facet normal 0.027978433296084404 0.9177303314208984 0.396217405796051
    outer loop
      vertex 12.0 20.349557876586914 13.0
      vertex 12.0 20.0 13.809656143188477
      vertex 13.0 20.0 13.739042282104492
    endloop
  endfacet
  facet normal 0.10795345157384872 0.9471951127052307 0.3019395172595978
    outer loop
      vertex 12.0 20.349557876586914 13.0
      vertex 13.0 20.0 13.739042282104492
      vertex 13.0 20.235586166381836 13.0
    endloop
  endfacet
  facet normal 0.10920992493629456 -0.47122180461883545 -0.8752274513244629
    outer loop
      vertex 14.0 3.0 12.997939109802246
      vertex 14.0 2.9961721897125244 13.0
      vertex 13.0 2.7644131183624268 13.0
    endloop
  endfacet
  facet normal 0.11121099442243576 -0.47967329621315 -0.8703710436820984
    outer loop
      vertex 14.0 3.0 12.997939109802246
      vertex 13.0 2.7644131183624268 13.0
      vertex 13.0 3.0 12.87016487121582
    endloop
  endfacet
  facet normal 0.21561749279499054 -0.9303518533706665 0.2965712547302246
    outer loop
      vertex 13.0 3.0 13.739042282104492
      vertex 13.0 2.7644131183624268 13.0
      vertex 14.0 2.9961721897125244 13.0
    endloop
  endfacet
  facet normal 0.061582084745168686 -0.9941728115081787 0.08847611397504807
    outer loop
      vertex 13.0 3.0 13.739042282104492
      vertex 14.0 2.9961721897125244 13.0
      vertex 14.0 3.0 13.043011665344238
    endloop
  endfacet
  facet normal 0.12298065423965454 -0.24186842143535614 -0.9624840021133423
    outer loop
      vertex 13.0 4.0 12.618868827819824
      vertex 14.0 3.0 12.997939109802246
      vertex 13.0 3.0 12.87016487121582
    endloop
  endfacet
  facet normal 0.07901585102081299 -0.2832896113395691 -0.9557738304138184
    outer loop
      vertex 13.0 4.0 12.618868827819824
      vertex 14.0 4.0 12.70154094696045
      vertex 14.0 3.0 12.997939109802246
    endloop
  endfacet
  facet normal 0.5702589154243469 -0.05958159640431404 0.819301426410675
    outer loop
      vertex 14.0 3.0 13.043011665344238
      vertex 13.0 4.0 13.81176471710205
      vertex 13.0 3.0 13.739042282104492
    endloop
  endfacet
  facet normal 0.0 -0.6094727516174316 0.7928069829940796
    outer loop
      vertex 14.0 4.0 13.81176471710205
      vertex 13.0 4.0 13.81176471710205
      vertex 14.0 3.0 13.043011665344238
    endloop
  endfacet
  facet normal 0.09780123829841614 -0.3697027564048767 -0.9239885807037354
    outer loop
      vertex 14.0 5.0 11.953350067138672
      vertex 14.0 4.883409023284912 12.0
      vertex 13.0 4.618868827819824 12.0
    endloop
  endfacet
  facet normal 0.0987078994512558 -0.3719589114189148 -0.9229860305786133
    outer loop
      vertex 14.0 5.0 11.953350067138672
      vertex 13.0 4.618868827819824 12.0
      vertex 13.0 5.0 11.846405982971191
    endloop
  endfacet
  facet normal 0.058358386158943176 -0.7059016823768616 -0.7059016823768616
    outer loop
      vertex 13.0 4.0 12.618868827819824
      vertex 13.0 4.618868827819824 12.0
      vertex 14.0 4.0 12.70154094696045
    endloop
  endfacet
  facet normal 0.1623322069644928 -0.6136391162872314 -0.7727194428443909
    outer loop
      vertex 14.0 4.0 12.70154094696045
      vertex 13.0 4.618868827819824 12.0
      vertex 14.0 4.883409023284912 12.0
    endloop
  endfacet
  facet normal 0.0 0.0 1.0
    outer loop
      vertex 14.0 4.0 13.81176471710205
      vertex 13.0 5.0 13.81176471710205
      vertex 13.0 4.0 13.81176471710205
    endloop
  endfacet
  facet normal 0.0 0.0 1.0
    outer loop
      vertex 14.0 5.0 13.81176471710205
      vertex 13.0 5.0 13.81176471710205
      vertex 14.0 4.0 13.81176471710205
    endloop
  endfacet
  facet normal 0.10568791627883911 -0.11038237065076828 -0.9882539510726929
    outer loop
      vertex 13.0 6.0 11.734711647033691
      vertex 14.0 5.0 11.953350067138672
      vertex 13.0 5.0 11.846405982971191
    endloop
  endfacet
  facet normal 0.0531768798828125 -0.16225098073482513 -0.9853156805038452
    outer loop
      vertex 13.0 6.0 11.734711647033691
      vertex 14.0 6.0 11.788681030273438
      vertex 14.0 5.0 11.953350067138672
    endloop
  endfacet
  facet normal 0.0 0.0 1.0
    outer loop
      vertex 14.0 5.0 13.81176471710205
      vertex 13.0 6.0 13.81176471710205
      vertex 13.0 5.0 13.81176471710205
    endloop
  endfacet
  facet normal 0.0 0.0 1.0
    outer loop
      vertex 14.0 6.0 13.81176471710205
      vertex 13.0 6.0 13.81176471710205
      vertex 14.0 5.0 13.81176471710205
    endloop
  endfacet
  facet normal 0.04468977451324463 -0.5588586926460266 -0.8280578851699829
    outer loop
      vertex 13.0 7.0 11.059808731079102
      vertex 14.0 6.0 11.788681030273438
      vertex 13.0 6.0 11.734711647033691
    endloop
  endfacet
  facet normal 0.42782455682754517 -0.21250808238983154 -0.8785251379013062
    outer loop
      vertex 13.0 7.0 11.059808731079102
      vertex 14.0 7.0 11.546789169311523
      vertex 14.0 6.0 11.788681030273438
    endloop
  endfacet
  facet normal 0.0 0.0 1.0
    outer loop
      vertex 14.0 6.0 13.81176471710205
      vertex 13.0 7.0 13.81176471710205
      vertex 13.0 6.0 13.81176471710205
    endloop
  endfacet
  facet normal 0.0 0.0 1.0
    outer loop
      vertex 14.0 7.0 13.81176471710205
      vertex 13.0 7.0 13.81176471710205
      vertex 14.0 6.0 13.81176471710205
    endloop
  endfacet
  facet normal 0.19697728753089905 -0.4044870436191559 -0.8930790424346924
    outer loop
      vertex 14.0 8.0 10.794734954833984
      vertex 14.0 7.546789169311523 11.0
      vertex 13.0 7.059808731079102 11.0
    endloop
  endfacet
  facet normal 0.07844101637601852 -0.29156434535980225 -0.9533295631408691
    outer loop
      vertex 14.0 8.0 10.794734954833984
      vertex 13.0 7.059808731079102 11.0
      vertex 13.0 8.0 10.712453842163086
    endloop
  endfacet
  facet normal 0.32558467984199524 -0.668578565120697 -0.668578565120697
    outer loop
      vertex 13.0 7.0 11.059808731079102
      vertex 13.0 7.059808731079102 11.0
      vertex 14.0 7.0 11.546789169311523
    endloop
  endfacet
  facet normal 0.32558467984199524 -0.668578565120697 -0.668578565120697
    outer loop
      vertex 14.0 7.0 11.546789169311523
      vertex 13.0 7.059808731079102 11.0
      vertex 14.0 7.546789169311523 11.0
    endloop
  endfacet
  facet normal 0.0 0.0 1.0
    outer loop
      vertex 14.0 7.0 13.81176471710205
      vertex 13.0 8.0 13.81176471710205
      vertex 13.0 7.0 13.81176471710205
    endloop
  endfacet
  facet normal 0.0 0.0 1.0
    outer loop
      vertex 14.0 8.0 13.81176471710205
      vertex 13.0 8.0 13.81176471710205
      vertex 14.0 7.0 13.81176471710205
    endloop
  endfacet
  facet normal 0.54508376121521 -0.7845301628112793 -0.2956284284591675
    outer loop
      vertex 13.0 9.0 9.953356742858887
      vertex 13.025297164916992 9.0 10.0
      vertex 13.0 8.982423782348633 10.0
    endloop
  endfacet
  facet normal 0.42797210812568665 -0.6159733533859253 -0.6613749265670776
    outer loop
      vertex 13.025297164916992 9.0 10.0
      vertex 14.0 9.0 10.630724906921387
      vertex 13.0 8.982423782348633 10.0
    endloop
  endfacet
  facet normal 0.4619888961315155 -0.520667314529419 -0.7179636359214783
    outer loop
      vertex 14.0 9.0 10.630724906921387
      vertex 13.0 8.0 10.712453842163086
      vertex 13.0 8.982423782348633 10.0
    endloop
  endfacet
  facet normal 0.0809299573302269 -0.16131679713726044 -0.9835788011550903
    outer loop
      vertex 14.0 9.0 10.630724906921387
      vertex 14.0 8.0 10.794734954833984
      vertex 13.0 8.0 10.712453842163086
    endloop
  endfacet
  facet normal 0.0 0.0 1.0
    outer loop
      vertex 14.0 8.0 13.81176471710205
      vertex 13.0 9.0 13.81176471710205
      vertex 13.0 8.0 13.81176471710205
    endloop
  endfacet
  facet normal 0.0 0.0 1.0
    outer loop
      vertex 14.0 9.0 13.81176471710205
      vertex 13.0 9.0 13.81176471710205
      vertex 14.0 8.0 13.81176471710205
    endloop
  endfacet
  facet normal 0.6602209210395813 -0.6602209210395813 -0.35807356238365173
    outer loop
      vertex 14.0 10.0 9.953356742858887
      vertex 14.0 9.974702835083008 10.0
      vertex 13.025297164916992 9.0 10.0
    endloop
  endfacet
  facet normal 0.6602209210395813 -0.6602209210395813 -0.35807356238365173
    outer loop
      vertex 13.0 9.0 9.953356742858887
      vertex 14.0 10.0 9.953356742858887
      vertex 13.025297164916992 9.0 10.0
    endloop
  endfacet
  facet normal 0.5192999839782715 -0.5192999839782715 -0.678715705871582
    outer loop
      vertex 13.0 10.0 9.18823528289795
      vertex 14.0 10.0 9.953356742858887
      vertex 13.0 9.0 9.953356742858887
    endloop
  endfacet
  facet normal 0.4773736596107483 -0.4773736596107483 -0.7377185821533203
    outer loop
      vertex 13.025297164916992 9.0 10.0
      vertex 14.0 9.974702835083008 10.0
      vertex 14.0 9.0 10.630724906921387
    endloop
  endfacet
  facet normal 0.0 0.0 1.0
    outer loop
      vertex 14.0 9.0 13.81176471710205
      vertex 13.0 10.0 13.81176471710205
      vertex 13.0 9.0 13.81176471710205
    endloop
  endfacet
  facet normal 0.0 0.0 1.0
    outer loop
      vertex 14.0 10.0 13.81176471710205
      vertex 13.0 10.0 13.81176471710205
      vertex 14.0 9.0 13.81176471710205
    endloop
  endfacet
  facet normal 0.6076583862304688 0.0 -0.7941985726356506
    outer loop
      vertex 13.0 11.0 9.18823528289795
      vertex 14.0 10.0 9.953356742858887
      vertex 13.0 10.0 9.18823528289795
    endloop
  endfacet
  facet normal 0.0 -0.6076583862304688 -0.7941985726356506
    outer loop
      vertex 13.0 11.0 9.18823528289795
      vertex 14.0 11.0 9.18823528289795
      vertex 14.0 10.0 9.953356742858887
    endloop
  endfacet
  facet normal 0.0 0.0 1.0
    outer loop
      vertex 14.0 10.0 13.81176471710205
      vertex 13.0 11.0 13.81176471710205
      vertex 13.0 10.0 13.81176471710205
    endloop
  endfacet
  facet normal 0.0 0.0 1.0
    outer loop
      vertex 14.0 11.0 13.81176471710205
      vertex 13.0 11.0 13.81176471710205
      vertex 14.0 10.0 13.81176471710205
    endloop
  endfacet
  facet normal 0.0 0.0 -1.0
    outer loop
      vertex 13.0 12.0 9.18823528289795
      vertex 14.0 11.0 9.18823528289795
      vertex 13.0 11.0 9.18823528289795
    endloop
  endfacet
  facet normal 0.0 0.0 -1.0
    outer loop
      vertex 13.0 12.0 9.18823528289795
      vertex 14.0 12.0 9.18823528289795
      vertex 14.0 11.0 9.18823528289795
    endloop
  endfacet
  facet normal 0.0 0.0 1.0
    outer loop
      vertex 14.0 11.0 13.81176471710205
      vertex 13.0 12.0 13.81176471710205
      vertex 13.0 11.0 13.81176471710205
    endloop
  endfacet
  facet normal 0.0 0.0 1.0
    outer loop
      vertex 14.0 12.0 13.81176471710205
      vertex 13.0 12.0 13.81176471710205
      vertex 14.0 11.0 13.81176471710205
    endloop
  endfacet
  facet normal 0.0 0.0 -1.0
    outer loop
      vertex 13.0 13.0 9.18823528289795
      vertex 14.0 12.0 9.18823528289795
      vertex 13.0 12.0 9.18823528289795
    endloop
  endfacet
  facet normal 0.5192999839782715 0.5192999839782715 -0.678715705871582
    outer loop
      vertex 13.0 13.0 9.18823528289795
      vertex 14.0 13.0 9.953356742858887
      vertex 14.0 12.0 9.18823528289795
    endloop
  endfacet
  facet normal 0.0 0.0 1.0
    outer loop
      vertex 14.0 12.0 13.81176471710205
      vertex 13.0 13.0 13.81176471710205
      vertex 13.0 12.0 13.81176471710205
    endloop
  endfacet
  facet normal 0.0 0.0 1.0
    outer loop
      vertex 14.0 13.0 13.81176471710205
      vertex 13.0 13.0 13.81176471710205
      vertex 14.0 12.0 13.81176471710205
    endloop
  endfacet
  facet normal 0.6602209210395813 0.6602209210395813 -0.35807356238365173
    outer loop
      vertex 13.0 14.0 9.953356742858887
      vertex 13.025297164916992 14.0 10.0
      vertex 14.0 13.025297164916992 10.0
    endloop
  endfacet
  facet normal 0.6602209210395813 0.6602209210395813 -0.35807356238365173
    outer loop
      vertex 14.0 13.0 9.953356742858887
      vertex 13.0 14.0 9.953356742858887
      vertex 14.0 13.025297164916992 10.0
    endloop
  endfacet
  facet normal 0.5192999839782715 0.5192999839782715 -0.678715705871582
    outer loop
      vertex 13.0 13.0 9.18823528289795
      vertex 13.0 14.0 9.953356742858887
      vertex 14.0 13.0 9.953356742858887
    endloop
  endfacet
  facet normal 0.4773736596107483 0.4773736596107483 -0.7377185821533203
    outer loop
      vertex 13.025297164916992 14.0 10.0
      vertex 14.0 14.0 10.630724906921387
      vertex 14.0 13.025297164916992 10.0
    endloop
  endfacet
  facet normal 0.0 0.0 1.0
    outer loop
      vertex 14.0 13.0 13.81176471710205
      vertex 13.0 14.0 13.81176471710205
      vertex 13.0 13.0 13.81176471710205
    endloop
  endfacet
  facet normal 0.0 0.0 1.0
    outer loop
      vertex 14.0 14.0 13.81176471710205
      vertex 13.0 14.0 13.81176471710205
      vertex 14.0 13.0 13.81176471710205
    endloop
  endfacet
  facet normal 0.54508376121521 0.7845301628112793 -0.2956284284591675
    outer loop
      vertex 13.0 14.017576217651367 10.0
      vertex 13.025297164916992 14.0 10.0
      vertex 13.0 14.0 9.953356742858887
    endloop
  endfacet
  facet normal 0.3776824474334717 0.5435922145843506 -0.7495754957199097
    outer loop
      vertex 13.0 14.017576217651367 10.0
      vertex 13.0 15.0 10.712453842163086
      vertex 13.025297164916992 14.0 10.0
    endloop
  endfacet
  facet normal 0.46340411901474 0.5219327211380005 -0.7161304354667664
    outer loop
      vertex 13.0 15.0 10.712453842163086
      vertex 14.0 14.0 10.630724906921387
      vertex 13.025297164916992 14.0 10.0
    endloop
  endfacet
  facet normal 0.0809299573302269 0.16131679713726044 -0.9835788011550903
    outer loop
      vertex 13.0 15.0 10.712453842163086
      vertex 14.0 15.0 10.794734954833984
      vertex 14.0 14.0 10.630724906921387
    endloop
  endfacet
  facet normal 0.0 0.0 1.0
    outer loop
      vertex 14.0 14.0 13.81176471710205
      vertex 13.0 15.0 13.81176471710205
      vertex 13.0 14.0 13.81176471710205
    endloop
  endfacet
  facet normal 0.0 0.0 1.0
    outer loop
      vertex 14.0 15.0 13.81176471710205
      vertex 13.0 15.0 13.81176471710205
      vertex 14.0 14.0 13.81176471710205
    endloop
  endfacet
  facet normal 0.07474233210086823 0.41141608357429504 -0.9083778858184814
    outer loop
      vertex 14.0 15.453210830688477 11.0
      vertex 14.0 15.0 10.794734954833984
      vertex 13.0 15.0 10.712453842163086
    endloop
  endfacet
  facet normal 0.14100205898284912 0.2895435690879822 -0.9467222094535828
    outer loop
      vertex 14.0 15.453210830688477 11.0
      vertex 13.0 15.0 10.712453842163086
      vertex 13.0 15.940191268920898 11.0
    endloop
  endfacet
  facet normal 0.32558467984199524 0.668578565120697 -0.668578565120697
    outer loop
      vertex 13.0 15.940191268920898 11.0
      vertex 13.0 16.0 11.059808731079102
      vertex 14.0 15.453210830688477 11.0
    endloop
  endfacet
  facet normal 0.32558467984199524 0.668578565120697 -0.668578565120697
    outer loop
      vertex 14.0 15.453210830688477 11.0
      vertex 13.0 16.0 11.059808731079102
      vertex 14.0 16.0 11.546789169311523
    endloop
  endfacet
  facet normal 0.0 0.0 1.0
    outer loop
      vertex 14.0 15.0 13.81176471710205
      vertex 13.0 16.0 13.81176471710205
      vertex 13.0 15.0 13.81176471710205
    endloop
  endfacet
  facet normal 0.0 0.0 1.0
    outer loop
      vertex 14.0 16.0 13.81176471710205
      vertex 13.0 16.0 13.81176471710205
      vertex 14.0 15.0 13.81176471710205
    endloop
  endfacet
  facet normal 0.37430766224861145 0.5187504887580872 -0.768629789352417
    outer loop
      vertex 13.0 17.0 11.734711647033691
      vertex 14.0 16.0 11.546789169311523
      vertex 13.0 16.0 11.059808731079102
    endloop
  endfacet
  facet normal 0.05238451808691025 0.2347884625196457 -0.9706339836120605
    outer loop
      vertex 13.0 17.0 11.734711647033691
      vertex 14.0 17.0 11.788681030273438
      vertex 14.0 16.0 11.546789169311523
    endloop
  endfacet
  facet normal 0.0 0.0 1.0
    outer loop
      vertex 14.0 16.0 13.81176471710205
      vertex 13.0 17.0 13.81176471710205
      vertex 13.0 16.0 13.81176471710205
    endloop
  endfacet
  facet normal 0.0 0.0 1.0
    outer loop
      vertex 14.0 17.0 13.81176471710205
      vertex 13.0 17.0 13.81176471710205
      vertex 14.0 16.0 13.81176471710205
    endloop
  endfacet
  facet normal 0.05355886369943619 0.11084473133087158 -0.9923934936523438
    outer loop
      vertex 13.0 18.0 11.846405982971191
      vertex 14.0 17.0 11.788681030273438
      vertex 13.0 17.0 11.734711647033691
    endloop
  endfacet
  facet normal 0.10494033992290497 0.16158373653888702 -0.9812636375427246
    outer loop
      vertex 13.0 18.0 11.846405982971191
      vertex 14.0 18.0 11.953350067138672
      vertex 14.0 17.0 11.788681030273438
    endloop
  endfacet
  facet normal 0.0 0.0 1.0
    outer loop
      vertex 14.0 17.0 13.81176471710205
      vertex 13.0 18.0 13.81176471710205
      vertex 13.0 17.0 13.81176471710205
    endloop
  endfacet
  facet normal 0.0 0.0 1.0
    outer loop
      vertex 14.0 18.0 13.81176471710205
      vertex 13.0 18.0 13.81176471710205
      vertex 14.0 17.0 13.81176471710205
    endloop
  endfacet
  facet normal 0.09880519658327103 0.3696671724319458 -0.9238958358764648
    outer loop
      vertex 14.0 18.11659049987793 12.0
      vertex 14.0 18.0 11.953350067138672
      vertex 13.0 18.0 11.846405982971191
    endloop
  endfacet
  facet normal 0.09840112179517746 0.371971070766449 -0.9230139255523682
    outer loop
      vertex 14.0 18.11659049987793 12.0
      vertex 13.0 18.0 11.846405982971191
      vertex 13.0 18.38113021850586 12.0
    endloop
  endfacet
  facet normal 0.18386852741241455 0.6950507164001465 -0.6950517892837524
    outer loop
      vertex 13.0 18.38113021850586 12.0
      vertex 13.0 19.0 12.618868827819824
      vertex 14.0 18.11659049987793 12.0
    endloop
  endfacet
  facet normal 0.06460582464933395 0.6205883026123047 -0.7814705967903137
    outer loop
      vertex 14.0 18.11659049987793 12.0
      vertex 13.0 19.0 12.618868827819824
      vertex 14.0 19.0 12.70154094696045
    endloop
  endfacet
  facet normal 0.0 0.0 1.0
    outer loop
      vertex 14.0 18.0 13.81176471710205
      vertex 13.0 19.0 13.81176471710205
      vertex 13.0 18.0 13.81176471710205
    endloop
  endfacet
  facet normal 0.0 0.0 1.0
    outer loop
      vertex 14.0 19.0 13.81176471710205
      vertex 13.0 19.0 13.81176471710205
      vertex 14.0 18.0 13.81176471710205
    endloop
  endfacet
  facet normal 0.07992274314165115 0.242938831448555 -0.9667435884475708
    outer loop
      vertex 13.0 20.0 12.87016487121582
      vertex 14.0 19.0 12.70154094696045
      vertex 13.0 19.0 12.618868827819824
    endloop
  endfacet
  facet normal 0.12159723043441772 0.2820693552494049 -0.9516568779945374
    outer loop
      vertex 13.0 20.0 12.87016487121582
      vertex 14.0 20.0 12.997939109802246
      vertex 14.0 19.0 12.70154094696045
    endloop
  endfacet
  facet normal 0.0 0.07253089547157288 0.9973661303520203
    outer loop
      vertex 14.0 19.0 13.81176471710205
      vertex 13.0 20.0 13.739042282104492
      vertex 13.0 19.0 13.81176471710205
    endloop
  endfacet
  facet normal 0.4831402897834778 0.5336195826530457 0.6941365003585815
    outer loop
      vertex 14.0 20.0 13.043011665344238
      vertex 13.0 20.0 13.739042282104492
      vertex 14.0 19.0 13.81176471710205
    endloop
  endfacet
  facet normal 0.11180068552494049 0.4710625112056732 -0.8749861121177673
    outer loop
      vertex 14.0 20.003828048706055 13.0
      vertex 14.0 20.0 12.997939109802246
      vertex 13.0 20.0 12.87016487121582
    endloop
  endfacet
  facet normal 0.11116896569728851 0.4796766936779022 -0.8703745603561401
    outer loop
      vertex 14.0 20.003828048706055 13.0
      vertex 13.0 20.0 12.87016487121582
      vertex 13.0 20.235586166381836 13.0
    endloop
  endfacet
  facet normal 0.20682381093502045 0.9321626424789429 0.29714757204055786
    outer loop
      vertex 13.0 20.235586166381836 13.0
      vertex 13.0 20.0 13.739042282104492
      vertex 14.0 20.0 13.043011665344238
    endloop
  endfacet
  facet normal 0.22493021190166473 0.9705386757850647 0.08637817949056625
    outer loop
      vertex 13.0 20.235586166381836 13.0
      vertex 14.0 20.0 13.043011665344238
      vertex 14.0 20.003828048706055 13.0
    endloop
  endfacet
  facet normal 0.16139262914657593 -0.46784257888793945 -0.8689509630203247
    outer loop
      vertex 14.0 3.0 12.997939109802246
      vertex 14.011096000671387 3.0 13.0
      vertex 14.0 2.9961721897125244 13.0
    endloop
  endfacet
  facet normal 0.3249647915363312 -0.9420031905174255 0.08383328467607498
    outer loop
      vertex 14.011096000671387 3.0 13.0
      vertex 14.0 3.0 13.043011665344238
      vertex 14.0 2.9961721897125244 13.0
    endloop
  endfacet
  facet normal 0.19193816184997559 -0.3941513001918793 -0.8987794518470764
    outer loop
      vertex 15.0 4.0 12.77264404296875
      vertex 15.0 3.481562376022339 13.0
      vertex 14.011096000671387 3.0 13.0
    endloop
  endfacet
  facet normal 0.16930745542049408 -0.3746785819530487 -0.9115651249885559
    outer loop
      vertex 14.0 3.0 12.997939109802246
      vertex 15.0 4.0 12.77264404296875
      vertex 14.011096000671387 3.0 13.0
    endloop
  endfacet
  facet normal 0.0680137649178505 -0.28352007269859314 -0.9565513134002686
    outer loop
      vertex 14.0 4.0 12.70154094696045
      vertex 15.0 4.0 12.77264404296875
      vertex 14.0 3.0 12.997939109802246
    endloop
  endfacet
  facet normal 0.43504798412323 -0.8933851718902588 0.11223217099905014
    outer loop
      vertex 14.0 3.0 13.043011665344238
      vertex 14.011096000671387 3.0 13.0
      vertex 15.0 3.481562376022339 13.0
    endloop
  endfacet
  facet normal 0.3942558169364929 -0.7745206952095032 0.49465155601501465
    outer loop
      vertex 15.0 4.0 13.81176471710205
      vertex 14.0 3.0 13.043011665344238
      vertex 15.0 3.481562376022339 13.0
    endloop
  endfacet
  facet normal 0.0 -0.6094727516174316 0.7928069829940796
    outer loop
      vertex 14.0 4.0 13.81176471710205
      vertex 14.0 3.0 13.043011665344238
      vertex 15.0 4.0 13.81176471710205
    endloop
  endfacet
  facet normal 0.16281244158744812 -0.36652693152427673 -0.9160513281822205
    outer loop
      vertex 14.0 5.0 11.953350067138672
      vertex 14.262472152709961 5.0 12.0
      vertex 14.0 4.883409023284912 12.0
    endloop
  endfacet
  facet normal 0.34147757291793823 -0.76874178647995 -0.5407670736312866
    outer loop
      vertex 14.262472152709961 5.0 12.0
      vertex 15.0 5.0 12.465725898742676
      vertex 14.0 4.883409023284912 12.0
    endloop
  endfacet
  facet normal 0.4006030559539795 -0.5698056817054749 -0.7175226211547852
    outer loop
      vertex 15.0 5.0 12.465725898742676
      vertex 14.0 4.0 12.70154094696045
      vertex 14.0 4.883409023284912 12.0
    endloop
  endfacet
  facet normal 0.06781712919473648 -0.29273420572280884 -0.9537858963012695
    outer loop
      vertex 15.0 5.0 12.465725898742676
      vertex 15.0 4.0 12.77264404296875
      vertex 14.0 4.0 12.70154094696045
    endloop
  endfacet
  facet normal 0.0 0.0 1.0
    outer loop
      vertex 15.0 4.0 13.81176471710205
      vertex 14.0 5.0 13.81176471710205
      vertex 14.0 4.0 13.81176471710205
    endloop
  endfacet
  facet normal 0.0 0.0 1.0
    outer loop
      vertex 15.0 5.0 13.81176471710205
      vertex 14.0 5.0 13.81176471710205
      vertex 15.0 4.0 13.81176471710205
    endloop
  endfacet
  facet normal 0.1826082020998001 -0.28918004035949707 -0.9396963119506836
    outer loop
      vertex 15.0 6.0 11.835583686828613
      vertex 15.0 5.465725898742676 12.0
      vertex 14.262472152709961 5.0 12.0
    endloop
  endfacet
  facet normal 0.16802366077899933 -0.2793566882610321 -0.9453718662261963
    outer loop
      vertex 14.0 5.0 11.953350067138672
      vertex 15.0 6.0 11.835583686828613
      vertex 14.262472152709961 5.0 12.0
    endloop
  endfacet
  facet normal 0.04622991755604744 -0.16230714321136475 -0.98565673828125
    outer loop
      vertex 14.0 6.0 11.788681030273438
      vertex 15.0 6.0 11.835583686828613
      vertex 14.0 5.0 11.953350067138672
    endloop
  endfacet
  facet normal 0.40771737694740295 -0.6456650495529175 -0.6456650495529175
    outer loop
      vertex 14.262472152709961 5.0 12.0
      vertex 15.0 5.465725898742676 12.0
      vertex 15.0 5.0 12.465725898742676
    endloop
  endfacet
  facet normal 0.0 0.0 1.0
    outer loop
      vertex 15.0 5.0 13.81176471710205
      vertex 14.0 6.0 13.81176471710205
      vertex 14.0 5.0 13.81176471710205
    endloop
  endfacet
  facet normal 0.0 0.0 1.0
    outer loop
      vertex 15.0 6.0 13.81176471710205
      vertex 14.0 6.0 13.81176471710205
      vertex 15.0 5.0 13.81176471710205
    endloop
  endfacet
  facet normal 0.04554060474038124 -0.23486731946468353 -0.9709600210189819
    outer loop
      vertex 14.0 7.0 11.546789169311523
      vertex 15.0 6.0 11.835583686828613
      vertex 14.0 6.0 11.788681030273438
    endloop
  endfacet
  facet normal 0.18378868699073792 -0.09865313023328781 -0.9780027270317078
    outer loop
      vertex 14.0 7.0 11.546789169311523
      vertex 15.0 7.0 11.734711647033691
      vertex 15.0 6.0 11.835583686828613
    endloop
  endfacet
  facet normal 0.0 0.0 1.0
    outer loop
      vertex 15.0 6.0 13.81176471710205
      vertex 14.0 7.0 13.81176471710205
      vertex 14.0 6.0 13.81176471710205
    endloop
  endfacet
  facet normal 0.0 0.0 1.0
    outer loop
      vertex 15.0 7.0 13.81176471710205
      vertex 14.0 7.0 13.81176471710205
      vertex 15.0 6.0 13.81176471710205
    endloop
  endfacet
  facet normal 0.2942728102207184 -0.394302099943161 -0.870591402053833
    outer loop
      vertex 14.0 8.0 10.794734954833984
      vertex 14.607266426086426 8.0 11.0
      vertex 14.0 7.546789169311523 11.0
    endloop
  endfacet
  facet normal 0.5133008360862732 -0.6877822875976562 -0.5133008360862732
    outer loop
      vertex 14.607266426086426 8.0 11.0
      vertex 15.0 8.0 11.392733573913574
      vertex 14.0 7.546789169311523 11.0
    endloop
  endfacet
  facet normal 0.5133424401283264 -0.6068276166915894 -0.6068276166915894
    outer loop
      vertex 15.0 8.0 11.392733573913574
      vertex 14.0 7.0 11.546789169311523
      vertex 14.0 7.546789169311523 11.0
    endloop
  endfacet
  facet normal 0.17506638169288635 -0.31858277320861816 -0.9315882921218872
    outer loop
      vertex 15.0 8.0 11.392733573913574
      vertex 15.0 7.0 11.734711647033691
      vertex 14.0 7.0 11.546789169311523
    endloop
  endfacet
  facet normal 0.0 0.0 1.0
    outer loop
      vertex 15.0 7.0 13.81176471710205
      vertex 14.0 8.0 13.81176471710205
      vertex 14.0 7.0 13.81176471710205
    endloop
  endfacet
  facet normal 0.0 0.0 1.0
    outer loop
      vertex 15.0 8.0 13.81176471710205
      vertex 14.0 8.0 13.81176471710205
      vertex 15.0 7.0 13.81176471710205
    endloop
  endfacet
  facet normal 0.304962694644928 -0.304962694644928 -0.902216911315918
    outer loop
      vertex 15.0 9.0 10.794734954833984
      vertex 15.0 8.392733573913574 11.0
      vertex 14.607266426086426 8.0 11.0
    endloop
  endfacet
  facet normal 0.304962694644928 -0.304962694644928 -0.9022169709205627
    outer loop
      vertex 14.0 8.0 10.794734954833984
      vertex 15.0 9.0 10.794734954833984
      vertex 14.607266426086426 8.0 11.0
    endloop
  endfacet
  facet normal 0.15976867079734802 -0.15976867079734802 -0.9741395711898804
    outer loop
      vertex 14.0 9.0 10.630724906921387
      vertex 15.0 9.0 10.794734954833984
      vertex 14.0 8.0 10.794734954833984
    endloop
  endfacet
  facet normal 0.5773501992225647 -0.5773501992225647 -0.5773501992225647
    outer loop
      vertex 14.607266426086426 8.0 11.0
      vertex 15.0 8.392733573913574 11.0
      vertex 15.0 8.0 11.392733573913574
    endloop
  endfacet
  facet normal 0.0 0.0 1.0
    outer loop
      vertex 15.0 8.0 13.81176471710205
      vertex 14.0 9.0 13.81176471710205
      vertex 14.0 8.0 13.81176471710205
    endloop
  endfacet
  facet normal 0.0 0.0 1.0
    outer loop
      vertex 15.0 9.0 13.81176471710205
      vertex 14.0 9.0 13.81176471710205
      vertex 15.0 8.0 13.81176471710205
    endloop
  endfacet
  facet normal 0.7845301628112793 -0.54508376121521 -0.2956284284591675
    outer loop
      vertex 14.0 10.0 9.953356742858887
      vertex 14.017576217651367 10.0 10.0
      vertex 14.0 9.974702835083008 10.0
    endloop
  endfacet
  facet normal 0.5435922145843506 -0.3776824474334717 -0.7495754957199097
    outer loop
      vertex 14.017576217651367 10.0 10.0
      vertex 15.0 10.0 10.712453842163086
      vertex 14.0 9.974702835083008 10.0
    endloop
  endfacet
  facet normal 0.5219327211380005 -0.46340411901474 -0.7161304354667664
    outer loop
      vertex 15.0 10.0 10.712453842163086
      vertex 14.0 9.0 10.630724906921387
      vertex 14.0 9.974702835083008 10.0
    endloop
  endfacet
  facet normal 0.16131679713726044 -0.0809299573302269 -0.9835788011550903
    outer loop
      vertex 15.0 10.0 10.712453842163086
      vertex 15.0 9.0 10.794734954833984
      vertex 14.0 9.0 10.630724906921387
    endloop
  endfacet
  facet normal 0.0 0.0 1.0
    outer loop
      vertex 15.0 9.0 13.81176471710205
      vertex 14.0 10.0 13.81176471710205
      vertex 14.0 9.0 13.81176471710205
    endloop
  endfacet
  facet normal 0.0 0.0 1.0
    outer loop
      vertex 15.0 10.0 13.81176471710205
      vertex 14.0 10.0 13.81176471710205
      vertex 15.0 9.0 13.81176471710205
    endloop
  endfacet
  facet normal 0.8669047355651855 -0.30488941073417664 -0.3943585157394409
    outer loop
      vertex 14.0 11.0 9.18823528289795
      vertex 14.369275093078613 11.0 10.0
      vertex 14.017576217651367 10.0 10.0
    endloop
  endfacet
  facet normal 0.9034634232521057 -0.2604818642139435 -0.3404451310634613
    outer loop
      vertex 14.0 11.0 9.18823528289795
      vertex 14.017576217651367 10.0 10.0
      vertex 14.0 10.0 9.953356742858887
    endloop
  endfacet
  facet normal 0.5857930183410645 -0.06601797044277191 -0.8077674508094788
    outer loop
      vertex 15.0 10.0 10.712453842163086
      vertex 14.017576217651367 10.0 10.0
      vertex 15.0 11.0 10.630724906921387
    endloop
  endfacet
  facet normal 0.6862055063247681 -0.24133771657943726 -0.6862055063247681
    outer loop
      vertex 15.0 11.0 10.630724906921387
      vertex 14.017576217651367 10.0 10.0
      vertex 14.369275093078613 11.0 10.0
    endloop
  endfacet
  facet normal 0.0 0.0 1.0
    outer loop
      vertex 15.0 10.0 13.81176471710205
      vertex 14.0 11.0 13.81176471710205
      vertex 14.0 10.0 13.81176471710205
    endloop
  endfacet
  facet normal 0.0 0.0 1.0
    outer loop
      vertex 15.0 11.0 13.81176471710205
      vertex 14.0 11.0 13.81176471710205
      vertex 15.0 10.0 13.81176471710205
    endloop
  endfacet
  facet normal 0.9102434515953064 0.0 -0.41407346725463867
    outer loop
      vertex 14.0 12.0 9.18823528289795
      vertex 14.369275093078613 12.0 10.0
      vertex 14.369275093078613 11.0 10.0
    endloop
  endfacet
  facet normal 0.9102434515953064 0.0 -0.41407346725463867
    outer loop
      vertex 14.0 12.0 9.18823528289795
      vertex 14.369275093078613 11.0 10.0
      vertex 14.0 11.0 9.18823528289795
    endloop
  endfacet
  facet normal 0.7071067690849304 0.0 -0.7071067690849304
    outer loop
      vertex 15.0 11.0 10.630724906921387
      vertex 14.369275093078613 11.0 10.0
      vertex 15.0 12.0 10.630724906921387
    endloop
  endfacet
  facet normal 0.7071067690849304 0.0 -0.7071067690849304
    outer loop
      vertex 15.0 12.0 10.630724906921387
      vertex 14.369275093078613 11.0 10.0
      vertex 14.369275093078613 12.0 10.0
    endloop
  endfacet
  facet normal 0.0 0.0 1.0
    outer loop
      vertex 15.0 11.0 13.81176471710205
      vertex 14.0 12.0 13.81176471710205
      vertex 14.0 11.0 13.81176471710205
    endloop
  endfacet
  facet normal 0.0 0.0 1.0
    outer loop
      vertex 15.0 12.0 13.81176471710205
      vertex 14.0 12.0 13.81176471710205
      vertex 15.0 11.0 13.81176471710205
    endloop
  endfacet
  facet normal 0.8888670802116394 0.3126135468482971 -0.3349449038505554
    outer loop
      vertex 14.0 13.0 9.953356742858887
      vertex 14.017576217651367 13.0 10.0
      vertex 14.369275093078613 12.0 10.0
    endloop
  endfacet
  facet normal 0.8677361011505127 0.30202150344848633 -0.39473670721054077
    outer loop
      vertex 14.0 13.0 9.953356742858887
      vertex 14.369275093078613 12.0 10.0
      vertex 14.0 12.0 9.18823528289795
    endloop
  endfacet
  facet normal 0.7059289216995239 0.05769481509923935 -0.7059289216995239
    outer loop
      vertex 15.0 12.0 10.630724906921387
      vertex 14.369275093078613 12.0 10.0
      vertex 15.0 13.0 10.712453842163086
    endloop
  endfacet
  facet normal 0.5749463438987732 0.2022079974412918 -0.7928106188774109
    outer loop
      vertex 15.0 13.0 10.712453842163086
      vertex 14.369275093078613 12.0 10.0
      vertex 14.017576217651367 13.0 10.0
    endloop
  endfacet
  facet normal 0.0 0.0 1.0
    outer loop
      vertex 15.0 12.0 13.81176471710205
      vertex 14.0 13.0 13.81176471710205
      vertex 14.0 12.0 13.81176471710205
    endloop
  endfacet
  facet normal 0.0 0.0 1.0
    outer loop
      vertex 15.0 13.0 13.81176471710205
      vertex 14.0 13.0 13.81176471710205
      vertex 15.0 12.0 13.81176471710205
    endloop
  endfacet
  facet normal 0.7845301628112793 0.54508376121521 -0.2956284284591675
    outer loop
      vertex 14.0 13.025297164916992 10.0
      vertex 14.017576217651367 13.0 10.0
      vertex 14.0 13.0 9.953356742858887
    endloop
  endfacet
  facet normal 0.6159733533859253 0.42797210812568665 -0.6613749265670776
    outer loop
      vertex 14.0 13.025297164916992 10.0
      vertex 14.0 14.0 10.630724906921387
      vertex 14.017576217651367 13.0 10.0
    endloop
  endfacet
  facet normal 0.520667314529419 0.4619888961315155 -0.7179636359214783
    outer loop
      vertex 14.0 14.0 10.630724906921387
      vertex 15.0 13.0 10.712453842163086
      vertex 14.017576217651367 13.0 10.0
    endloop
  endfacet
  facet normal 0.16131679713726044 0.0809299573302269 -0.9835788011550903
    outer loop
      vertex 14.0 14.0 10.630724906921387
      vertex 15.0 14.0 10.794734954833984
      vertex 15.0 13.0 10.712453842163086
    endloop
  endfacet
  facet normal 0.0 0.0 1.0
    outer loop
      vertex 15.0 13.0 13.81176471710205
      vertex 14.0 14.0 13.81176471710205
      vertex 14.0 13.0 13.81176471710205
    endloop
  endfacet
  facet normal 0.0 0.0 1.0
    outer loop
      vertex 15.0 14.0 13.81176471710205
      vertex 14.0 14.0 13.81176471710205
      vertex 15.0 13.0 13.81176471710205
    endloop
  endfacet
  facet normal 0.304962694644928 0.304962694644928 -0.902216911315918
    outer loop
      vertex 14.0 15.0 10.794734954833984
      vertex 14.607266426086426 15.0 11.0
      vertex 15.0 14.607266426086426 11.0
    endloop
  endfacet
  facet normal 0.304962694644928 0.304962694644928 -0.9022169709205627
    outer loop
      vertex 15.0 14.0 10.794734954833984
      vertex 14.0 15.0 10.794734954833984
      vertex 15.0 14.607266426086426 11.0
    endloop
  endfacet
  facet normal 0.15976867079734802 0.15976867079734802 -0.9741395711898804
    outer loop
      vertex 14.0 14.0 10.630724906921387
      vertex 14.0 15.0 10.794734954833984
      vertex 15.0 14.0 10.794734954833984
    endloop
  endfacet
  facet normal 0.5773501992225647 0.5773501992225647 -0.5773501992225647
    outer loop
      vertex 14.607266426086426 15.0 11.0
      vertex 15.0 15.0 11.392733573913574
      vertex 15.0 14.607266426086426 11.0
    endloop
  endfacet
  facet normal 0.0 0.0 1.0
    outer loop
      vertex 15.0 14.0 13.81176471710205
      vertex 14.0 15.0 13.81176471710205
      vertex 14.0 14.0 13.81176471710205
    endloop
  endfacet
  facet normal 0.0 0.0 1.0
    outer loop
      vertex 15.0 15.0 13.81176471710205
      vertex 14.0 15.0 13.81176471710205
      vertex 15.0 14.0 13.81176471710205
    endloop
  endfacet
  facet normal 0.2942728102207184 0.394302099943161 -0.870591402053833
    outer loop
      vertex 14.0 15.453210830688477 11.0
      vertex 14.607266426086426 15.0 11.0
      vertex 14.0 15.0 10.794734954833984
    endloop
  endfacet
  facet normal 0.46672070026397705 0.625368595123291 -0.625368595123291
    outer loop
      vertex 14.0 15.453210830688477 11.0
      vertex 14.0 16.0 11.546789169311523
      vertex 14.607266426086426 15.0 11.0
    endloop
  endfacet
  facet normal 0.5478449463844299 0.6322435140609741 -0.5478449463844299
    outer loop
      vertex 14.0 16.0 11.546789169311523
      vertex 15.0 15.0 11.392733573913574
      vertex 14.607266426086426 15.0 11.0
    endloop
  endfacet
  facet normal 0.17506638169288635 0.31858277320861816 -0.9315882921218872
    outer loop
      vertex 14.0 16.0 11.546789169311523
      vertex 15.0 16.0 11.734711647033691
      vertex 15.0 15.0 11.392733573913574
    endloop
  endfacet
  facet normal 0.0 0.0 1.0
    outer loop
      vertex 15.0 15.0 13.81176471710205
      vertex 14.0 16.0 13.81176471710205
      vertex 14.0 15.0 13.81176471710205
    endloop
  endfacet
  facet normal 0.0 0.0 1.0
    outer loop
      vertex 15.0 16.0 13.81176471710205
      vertex 14.0 16.0 13.81176471710205
      vertex 15.0 15.0 13.81176471710205
    endloop
  endfacet
  facet normal 0.17968197166919708 0.23128476738929749 -0.9561494588851929
    outer loop
      vertex 14.0 17.0 11.788681030273438
      vertex 15.0 16.0 11.734711647033691
      vertex 14.0 16.0 11.546789169311523
    endloop
  endfacet
  facet normal 0.0466151125729084 0.100253626704216 -0.9938693046569824
    outer loop
      vertex 14.0 17.0 11.788681030273438
      vertex 15.0 17.0 11.835583686828613
      vertex 15.0 16.0 11.734711647033691
    endloop
  endfacet
  facet normal 0.0 0.0 1.0
    outer loop
      vertex 15.0 16.0 13.81176471710205
      vertex 14.0 17.0 13.81176471710205
      vertex 14.0 16.0 13.81176471710205
    endloop
  endfacet
  facet normal 0.0 0.0 1.0
    outer loop
      vertex 15.0 17.0 13.81176471710205
      vertex 14.0 17.0 13.81176471710205
      vertex 15.0 16.0 13.81176471710205
    endloop
  endfacet
  facet normal 0.16863517463207245 0.2670527696609497 -0.9488124251365662
    outer loop
      vertex 14.0 18.0 11.953350067138672
      vertex 14.262472152709961 18.0 12.0
      vertex 15.0 17.53427505493164 12.0
    endloop
  endfacet
  facet normal 0.1786470115184784 0.2893935441970825 -0.9403917789459229
    outer loop
      vertex 15.0 17.0 11.835583686828613
      vertex 14.0 18.0 11.953350067138672
      vertex 15.0 17.53427505493164 12.0
    endloop
  endfacet
  facet normal 0.04622991755604744 0.16230714321136475 -0.98565673828125
    outer loop
      vertex 14.0 17.0 11.788681030273438
      vertex 14.0 18.0 11.953350067138672
      vertex 15.0 17.0 11.835583686828613
    endloop
  endfacet
  facet normal 0.4077169895172119 0.6456657648086548 -0.645664393901825
    outer loop
      vertex 14.262472152709961 18.0 12.0
      vertex 15.0 18.0 12.465725898742676
      vertex 15.0 17.53427505493164 12.0
    endloop
  endfacet
  facet normal 0.0 0.0 1.0
    outer loop
      vertex 15.0 17.0 13.81176471710205
      vertex 14.0 18.0 13.81176471710205
      vertex 14.0 17.0 13.81176471710205
    endloop
  endfacet
  facet normal 0.0 0.0 1.0
    outer loop
      vertex 15.0 18.0 13.81176471710205
      vertex 14.0 18.0 13.81176471710205
      vertex 15.0 17.0 13.81176471710205
    endloop
  endfacet
  facet normal 0.16281236708164215 0.3665282428264618 -0.916050910949707
    outer loop
      vertex 14.0 18.11659049987793 12.0
      vertex 14.262472152709961 18.0 12.0
      vertex 14.0 18.0 11.953350067138672
    endloop
  endfacet
  facet normal 0.2662704586982727 0.5994362831115723 -0.7548351287841797
    outer loop
      vertex 14.0 18.11659049987793 12.0
      vertex 14.0 19.0 12.70154094696045
      vertex 14.262472152709961 18.0 12.0
    endloop
  endfacet
  facet normal 0.43056464195251465 0.5913541913032532 -0.6818461418151855
    outer loop
      vertex 14.0 19.0 12.70154094696045
      vertex 15.0 18.0 12.465725898742676
      vertex 14.262472152709961 18.0 12.0
    endloop
  endfacet
  facet normal 0.06781712919473648 0.29273420572280884 -0.9537858963012695
    outer loop
      vertex 14.0 19.0 12.70154094696045
      vertex 15.0 19.0 12.77264404296875
      vertex 15.0 18.0 12.465725898742676
    endloop
  endfacet
  facet normal 0.0 0.0 1.0
    outer loop
      vertex 15.0 18.0 13.81176471710205
      vertex 14.0 19.0 13.81176471710205
      vertex 14.0 18.0 13.81176471710205
    endloop
  endfacet
  facet normal 0.0 0.0 1.0
    outer loop
      vertex 15.0 19.0 13.81176471710205
      vertex 14.0 19.0 13.81176471710205
      vertex 15.0 18.0 13.81176471710205
    endloop
  endfacet
  facet normal 0.17098304629325867 0.3511197566986084 -0.9205865859985352
    outer loop
      vertex 14.0 20.0 12.997939109802246
      vertex 14.011096000671387 20.0 13.0
      vertex 15.0 19.5184383392334 13.0
    endloop
  endfacet
  facet normal 0.19167044758796692 0.3941718637943268 -0.8988276124000549
    outer loop
      vertex 15.0 19.0 12.77264404296875
      vertex 14.0 20.0 12.997939109802246
      vertex 15.0 19.5184383392334 13.0
    endloop
  endfacet
  facet normal 0.0680137649178505 0.28352007269859314 -0.9565513134002686
    outer loop
      vertex 14.0 19.0 12.70154094696045
      vertex 14.0 20.0 12.997939109802246
      vertex 15.0 19.0 12.77264404296875
    endloop
  endfacet
  facet normal 0.3796755373477936 0.7796772718429565 0.49794551730155945
    outer loop
      vertex 15.0 19.0 13.81176471710205
      vertex 15.0 19.5184383392334 13.0
      vertex 14.011096000671387 20.0 13.0
    endloop
  endfacet
  facet normal 0.6321365833282471 0.7575020790100098 0.16307641565799713
    outer loop
      vertex 14.0 20.0 13.043011665344238
      vertex 15.0 19.0 13.81176471710205
      vertex 14.011096000671387 20.0 13.0
    endloop
  endfacet
  facet normal -0.0 0.6094727516174316 0.7928069829940796
    outer loop
      vertex 14.0 19.0 13.81176471710205
      vertex 15.0 19.0 13.81176471710205
      vertex 14.0 20.0 13.043011665344238
    endloop
  endfacet
  facet normal 0.16139481961727142 0.46781980991363525 -0.8689627647399902
    outer loop
      vertex 14.0 20.003828048706055 13.0
      vertex 14.011096000671387 20.0 13.0
      vertex 14.0 20.0 12.997939109802246
    endloop
  endfacet
  facet normal 0.32498273253440857 0.9419965744018555 0.08383791893720627
    outer loop
      vertex 14.011096000671387 20.0 13.0
      vertex 14.0 20.003828048706055 13.0
      vertex 14.0 20.0 13.043011665344238
    endloop
  endfacet
  facet normal 0.16567794978618622 -0.4316488206386566 -0.8866961598396301
    outer loop
      vertex 16.0 4.0 12.934470176696777
      vertex 16.0 3.8653881549835205 13.0
      vertex 15.0 3.481562376022339 13.0
    endloop
  endfacet
  facet normal 0.14660030603408813 -0.39727941155433655 -0.905912458896637
    outer loop
      vertex 16.0 4.0 12.934470176696777
      vertex 15.0 3.481562376022339 13.0
      vertex 15.0 4.0 12.77264404296875
    endloop
  endfacet
  facet normal 0.3077802360057831 -0.8018747568130493 0.5121213793754578
    outer loop
      vertex 15.0 4.0 13.81176471710205
      vertex 15.0 3.481562376022339 13.0
      vertex 16.0 3.8653881549835205 13.0
    endloop
  endfacet
  facet normal 0.049760252237319946 -0.973605215549469 0.22274810075759888
    outer loop
      vertex 15.0 4.0 13.81176471710205
      vertex 16.0 3.8653881549835205 13.0
      vertex 16.0 4.0 13.588372230529785
    endloop
  endfacet
  facet normal 0.15288494527339935 -0.2899603545665741 -0.9447481632232666
    outer loop
      vertex 15.0 5.0 12.465725898742676
      vertex 16.0 4.0 12.934470176696777
      vertex 15.0 4.0 12.77264404296875
    endloop
  endfacet
  facet normal 0.2238393872976303 -0.2211001217365265 -0.9492158889770508
    outer loop
      vertex 15.0 5.0 12.465725898742676
      vertex 16.0 5.0 12.70154094696045
      vertex 16.0 4.0 12.934470176696777
    endloop
  endfacet
  facet normal 0.21801869571208954 0.0 0.9759446382522583
    outer loop
      vertex 16.0 4.0 13.588372230529785
      vertex 15.0 5.0 13.81176471710205
      vertex 15.0 4.0 13.81176471710205
    endloop
  endfacet
  facet normal 0.0 -0.21801869571208954 0.9759446382522583
    outer loop
      vertex 16.0 5.0 13.81176471710205
      vertex 15.0 5.0 13.81176471710205
      vertex 16.0 4.0 13.588372230529785
    endloop
  endfacet
  facet normal 0.16905087232589722 -0.2898922562599182 -0.9420107007026672
    outer loop
      vertex 15.0 6.0 11.835583686828613
      vertex 15.91618537902832 6.0 12.0
      vertex 15.0 5.465725898742676 12.0
    endloop
  endfacet
  facet normal 0.44989317655563354 -0.7714870572090149 -0.44989317655563354
    outer loop
      vertex 15.91618537902832 6.0 12.0
      vertex 16.0 6.0 12.08381462097168
      vertex 15.0 5.465725898742676 12.0
    endloop
  endfacet
  facet normal 0.400476336479187 -0.6479269862174988 -0.6479269862174988
    outer loop
      vertex 16.0 6.0 12.08381462097168
      vertex 15.0 5.0 12.465725898742676
      vertex 15.0 5.465725898742676 12.0
    endloop
  endfacet
  facet normal 0.19670425355434418 -0.5152741074562073 -0.83414626121521
    outer loop
      vertex 16.0 6.0 12.08381462097168
      vertex 16.0 5.0 12.70154094696045
      vertex 15.0 5.0 12.465725898742676
    endloop
  endfacet
  facet normal 0.0 0.0 1.0
    outer loop
      vertex 16.0 5.0 13.81176471710205
      vertex 15.0 6.0 13.81176471710205
      vertex 15.0 5.0 13.81176471710205
    endloop
  endfacet
  facet normal 0.0 0.0 1.0
    outer loop
      vertex 16.0 6.0 13.81176471710205
      vertex 15.0 6.0 13.81176471710205
      vertex 16.0 5.0 13.81176471710205
    endloop
  endfacet
  facet normal 0.18655528128147125 -0.18655534088611603 -0.9645695090293884
    outer loop
      vertex 16.0 7.0 11.822802543640137
      vertex 16.0 6.08381462097168 12.0
      vertex 15.91618537902832 6.0 12.0
    endloop
  endfacet
  facet normal 0.17355617880821228 -0.18591701984405518 -0.9671158790588379
    outer loop
      vertex 15.0 6.0 11.835583686828613
      vertex 16.0 7.0 11.822802543640137
      vertex 15.91618537902832 6.0 12.0
    endloop
  endfacet
  facet normal 0.08731140941381454 -0.0999794527888298 -0.9911512732505798
    outer loop
      vertex 15.0 7.0 11.734711647033691
      vertex 16.0 7.0 11.822802543640137
      vertex 15.0 6.0 11.835583686828613
    endloop
  endfacet
  facet normal 0.5773502588272095 -0.5773502588272095 -0.5773502588272095
    outer loop
      vertex 15.91618537902832 6.0 12.0
      vertex 16.0 6.08381462097168 12.0
      vertex 16.0 6.0 12.08381462097168
    endloop
  endfacet
  facet normal 0.0 0.0 1.0
    outer loop
      vertex 16.0 6.0 13.81176471710205
      vertex 15.0 7.0 13.81176471710205
      vertex 15.0 6.0 13.81176471710205
    endloop
  endfacet
  facet normal 0.0 0.0 1.0
    outer loop
      vertex 16.0 7.0 13.81176471710205
      vertex 15.0 7.0 13.81176471710205
      vertex 16.0 6.0 13.81176471710205
    endloop
  endfacet
  facet normal 0.08306363224983215 -0.32246172428131104 -0.9429309368133545
    outer loop
      vertex 15.0 8.0 11.392733573913574
      vertex 16.0 7.0 11.822802543640137
      vertex 15.0 7.0 11.734711647033691
    endloop
  endfacet
  facet normal 0.32246172428131104 -0.08306363224983215 -0.9429309368133545
    outer loop
      vertex 15.0 8.0 11.392733573913574
      vertex 16.0 8.0 11.734711647033691
      vertex 16.0 7.0 11.822802543640137
    endloop
  endfacet
  facet normal 0.0 0.0 1.0
    outer loop
      vertex 16.0 7.0 13.81176471710205
      vertex 15.0 8.0 13.81176471710205
      vertex 15.0 7.0 13.81176471710205
    endloop
  endfacet
  facet normal 0.0 0.0 1.0
    outer loop
      vertex 16.0 8.0 13.81176471710205
      vertex 15.0 8.0 13.81176471710205
      vertex 16.0 7.0 13.81176471710205
    endloop
  endfacet
  facet normal 0.394302099943161 -0.2942728102207184 -0.870591402053833
    outer loop
      vertex 15.0 9.0 10.794734954833984
      vertex 15.453210830688477 9.0 11.0
      vertex 15.0 8.392733573913574 11.0
    endloop
  endfacet
  facet normal 0.625368595123291 -0.46672070026397705 -0.625368595123291
    outer loop
      vertex 15.453210830688477 9.0 11.0
      vertex 16.0 9.0 11.546789169311523
      vertex 15.0 8.392733573913574 11.0
    endloop
  endfacet
  facet normal 0.6322435140609741 -0.5478449463844299 -0.5478449463844299
    outer loop
      vertex 16.0 9.0 11.546789169311523
      vertex 15.0 8.0 11.392733573913574
      vertex 15.0 8.392733573913574 11.0
    endloop
  endfacet
  facet normal 0.31858277320861816 -0.17506638169288635 -0.9315882921218872
    outer loop
      vertex 16.0 9.0 11.546789169311523
      vertex 16.0 8.0 11.734711647033691
      vertex 15.0 8.0 11.392733573913574
    endloop
  endfacet
  facet normal 0.0 0.0 1.0
    outer loop
      vertex 16.0 8.0 13.81176471710205
      vertex 15.0 9.0 13.81176471710205
      vertex 15.0 8.0 13.81176471710205
    endloop
  endfacet
  facet normal 0.0 0.0 1.0
    outer loop
      vertex 16.0 9.0 13.81176471710205
      vertex 15.0 9.0 13.81176471710205
      vertex 16.0 8.0 13.81176471710205
    endloop
  endfacet
  facet normal 0.2895435690879822 -0.14100207388401031 -0.9467222094535828
    outer loop
      vertex 15.0 10.0 10.712453842163086
      vertex 15.940191268920898 10.0 11.0
      vertex 15.453210830688477 9.0 11.0
    endloop
  endfacet
  facet normal 0.41141608357429504 -0.07474234700202942 -0.9083778858184814
    outer loop
      vertex 15.0 10.0 10.712453842163086
      vertex 15.453210830688477 9.0 11.0
      vertex 15.0 9.0 10.794734954833984
    endloop
  endfacet
  facet normal 0.668578565120697 -0.32558467984199524 -0.668578565120697
    outer loop
      vertex 16.0 9.0 11.546789169311523
      vertex 15.453210830688477 9.0 11.0
      vertex 16.0 10.0 11.059808731079102
    endloop
  endfacet
  facet normal 0.668578565120697 -0.32558467984199524 -0.668578565120697
    outer loop
      vertex 16.0 10.0 11.059808731079102
      vertex 15.453210830688477 9.0 11.0
      vertex 15.940191268920898 10.0 11.0
    endloop
  endfacet
  facet normal 0.0 0.0 1.0
    outer loop
      vertex 16.0 9.0 13.81176471710205
      vertex 15.0 10.0 13.81176471710205
      vertex 15.0 9.0 13.81176471710205
    endloop
  endfacet
  facet normal 0.0 0.0 1.0
    outer loop
      vertex 16.0 10.0 13.81176471710205
      vertex 15.0 10.0 13.81176471710205
      vertex 16.0 9.0 13.81176471710205
    endloop
  endfacet
  facet normal 0.20436803996562958 -0.11714194715023041 -0.9718597531318665
    outer loop
      vertex 16.0 11.0 10.892043113708496
      vertex 16.0 10.10434341430664 11.0
      vertex 15.940191268920898 10.0 11.0
    endloop
  endfacet
  facet normal 0.2903571128845215 -0.11985825002193451 -0.9493823051452637
    outer loop
      vertex 15.0 10.0 10.712453842163086
      vertex 16.0 11.0 10.892043113708496
      vertex 15.940191268920898 10.0 11.0
    endloop
  endfacet
  facet normal 0.2520415484905243 -0.07882759720087051 -0.9645004868507385
    outer loop
      vertex 15.0 11.0 10.630724906921387
      vertex 16.0 11.0 10.892043113708496
      vertex 15.0 10.0 10.712453842163086
    endloop
  endfacet
  facet normal 0.6553259491920471 -0.3756270706653595 -0.6553259491920471
    outer loop
      vertex 15.940191268920898 10.0 11.0
      vertex 16.0 10.10434341430664 11.0
      vertex 16.0 10.0 11.059808731079102
    endloop
  endfacet
  facet normal 0.0 0.0 1.0
    outer loop
      vertex 16.0 10.0 13.81176471710205
      vertex 15.0 11.0 13.81176471710205
      vertex 15.0 10.0 13.81176471710205
    endloop
  endfacet
  facet normal 0.0 0.0 1.0
    outer loop
      vertex 16.0 11.0 13.81176471710205
      vertex 15.0 11.0 13.81176471710205
      vertex 16.0 10.0 13.81176471710205
    endloop
  endfacet
  facet normal 0.2528282701969147 0.0 -0.9675111174583435
    outer loop
      vertex 15.0 12.0 10.630724906921387
      vertex 16.0 11.0 10.892043113708496
      vertex 15.0 11.0 10.630724906921387
    endloop
  endfacet
  facet normal 0.2528282701969147 0.0 -0.9675111174583435
    outer loop
      vertex 15.0 12.0 10.630724906921387
      vertex 16.0 12.0 10.892043113708496
      vertex 16.0 11.0 10.892043113708496
    endloop
  endfacet
  facet normal 0.0 0.0 1.0
    outer loop
      vertex 16.0 11.0 13.81176471710205
      vertex 15.0 12.0 13.81176471710205
      vertex 15.0 11.0 13.81176471710205
    endloop
  endfacet
  facet normal 0.0 0.0 1.0
    outer loop
      vertex 16.0 12.0 13.81176471710205
      vertex 15.0 12.0 13.81176471710205
      vertex 16.0 11.0 13.81176471710205
    endloop
  endfacet
  facet normal 0.2884405851364136 0.16533149778842926 -0.9431158304214478
    outer loop
      vertex 15.0 13.0 10.712453842163086
      vertex 15.940191268920898 13.0 11.0
      vertex 16.0 12.89565658569336 11.0
    endloop
  endfacet
  facet normal 0.28555935621261597 0.11468479782342911 -0.9514742493629456
    outer loop
      vertex 16.0 12.0 10.892043113708496
      vertex 15.0 13.0 10.712453842163086
      vertex 16.0 12.89565658569336 11.0
    endloop
  endfacet
  facet normal 0.2520415484905243 0.07882759720087051 -0.9645004868507385
    outer loop
      vertex 15.0 12.0 10.630724906921387
      vertex 15.0 13.0 10.712453842163086
      vertex 16.0 12.0 10.892043113708496
    endloop
  endfacet
  facet normal 0.6553259491920471 0.3756270706653595 -0.6553259491920471
    outer loop
      vertex 15.940191268920898 13.0 11.0
      vertex 16.0 13.0 11.059808731079102
      vertex 16.0 12.89565658569336 11.0
    endloop
  endfacet
  facet normal 0.0 0.0 1.0
    outer loop
      vertex 16.0 12.0 13.81176471710205
      vertex 15.0 13.0 13.81176471710205
      vertex 15.0 12.0 13.81176471710205
    endloop
  endfacet
  facet normal 0.0 0.0 1.0
    outer loop
      vertex 16.0 13.0 13.81176471710205
      vertex 15.0 13.0 13.81176471710205
      vertex 16.0 12.0 13.81176471710205
    endloop
  endfacet
  facet normal 0.4044870436191559 0.19697728753089905 -0.8930790424346924
    outer loop
      vertex 15.0 14.0 10.794734954833984
      vertex 15.453210830688477 14.0 11.0
      vertex 15.940191268920898 13.0 11.0
    endloop
  endfacet
  facet normal 0.29156434535980225 0.07844101637601852 -0.9533295631408691
    outer loop
      vertex 15.0 14.0 10.794734954833984
      vertex 15.940191268920898 13.0 11.0
      vertex 15.0 13.0 10.712453842163086
    endloop
  endfacet
  facet normal 0.668578565120697 0.32558467984199524 -0.668578565120697
    outer loop
      vertex 16.0 13.0 11.059808731079102
      vertex 15.940191268920898 13.0 11.0
      vertex 16.0 14.0 11.546789169311523
    endloop
  endfacet
  facet normal 0.668578565120697 0.32558467984199524 -0.668578565120697
    outer loop
      vertex 16.0 14.0 11.546789169311523
      vertex 15.940191268920898 13.0 11.0
      vertex 15.453210830688477 14.0 11.0
    endloop
  endfacet
  facet normal 0.0 0.0 1.0
    outer loop
      vertex 16.0 13.0 13.81176471710205
      vertex 15.0 14.0 13.81176471710205
      vertex 15.0 13.0 13.81176471710205
    endloop
  endfacet
  facet normal 0.0 0.0 1.0
    outer loop
      vertex 16.0 14.0 13.81176471710205
      vertex 15.0 14.0 13.81176471710205
      vertex 16.0 13.0 13.81176471710205
    endloop
  endfacet
  facet normal 0.394302099943161 0.2942728102207184 -0.870591402053833
    outer loop
      vertex 15.0 14.607266426086426 11.0
      vertex 15.453210830688477 14.0 11.0
      vertex 15.0 14.0 10.794734954833984
    endloop
  endfacet
  facet normal 0.6877822875976562 0.5133008360862732 -0.5133008360862732
    outer loop
      vertex 15.0 14.607266426086426 11.0
      vertex 15.0 15.0 11.392733573913574
      vertex 15.453210830688477 14.0 11.0
    endloop
  endfacet
  facet normal 0.6068276166915894 0.5133424401283264 -0.6068276166915894
    outer loop
      vertex 15.0 15.0 11.392733573913574
      vertex 16.0 14.0 11.546789169311523
      vertex 15.453210830688477 14.0 11.0
    endloop
  endfacet
  facet normal 0.31858277320861816 0.17506638169288635 -0.9315882921218872
    outer loop
      vertex 15.0 15.0 11.392733573913574
      vertex 16.0 15.0 11.734711647033691
      vertex 16.0 14.0 11.546789169311523
    endloop
  endfacet
  facet normal 0.0 0.0 1.0
    outer loop
      vertex 16.0 14.0 13.81176471710205
      vertex 15.0 15.0 13.81176471710205
      vertex 15.0 14.0 13.81176471710205
    endloop
  endfacet
  facet normal 0.0 0.0 1.0
    outer loop
      vertex 16.0 15.0 13.81176471710205
      vertex 15.0 15.0 13.81176471710205
      vertex 16.0 14.0 13.81176471710205
    endloop
  endfacet
  facet normal 0.3078637719154358 0.3078637719154358 -0.9002442359924316
    outer loop
      vertex 15.0 16.0 11.734711647033691
      vertex 16.0 15.0 11.734711647033691
      vertex 15.0 15.0 11.392733573913574
    endloop
  endfacet
  facet normal 0.0874151661992073 0.0874151661992073 -0.9923291802406311
    outer loop
      vertex 15.0 16.0 11.734711647033691
      vertex 16.0 16.0 11.822802543640137
      vertex 16.0 15.0 11.734711647033691
    endloop
  endfacet
  facet normal 0.0 0.0 1.0
    outer loop
      vertex 16.0 15.0 13.81176471710205
      vertex 15.0 16.0 13.81176471710205
      vertex 15.0 15.0 13.81176471710205
    endloop
  endfacet
  facet normal 0.0 0.0 1.0
    outer loop
      vertex 16.0 16.0 13.81176471710205
      vertex 15.0 16.0 13.81176471710205
      vertex 16.0 15.0 13.81176471710205
    endloop
  endfacet
  facet normal 0.17394305765628815 0.17394302785396576 -0.9692716598510742
    outer loop
      vertex 15.0 17.0 11.835583686828613
      vertex 15.91618537902832 17.0 12.0
      vertex 16.0 16.91618537902832 12.0
    endloop
  endfacet
  facet normal 0.1746157705783844 0.18697158992290497 -0.9667217135429382
    outer loop
      vertex 16.0 16.0 11.822802543640137
      vertex 15.0 17.0 11.835583686828613
      vertex 16.0 16.91618537902832 12.0
    endloop
  endfacet
  facet normal 0.08731140941381454 0.0999794527888298 -0.9911512732505798
    outer loop
      vertex 15.0 16.0 11.734711647033691
      vertex 15.0 17.0 11.835583686828613
      vertex 16.0 16.0 11.822802543640137
    endloop
  endfacet
  facet normal 0.5773502588272095 0.5773502588272095 -0.5773502588272095
    outer loop
      vertex 15.91618537902832 17.0 12.0
      vertex 16.0 17.0 12.08381462097168
      vertex 16.0 16.91618537902832 12.0
    endloop
  endfacet
  facet normal 0.0 0.0 1.0
    outer loop
      vertex 16.0 16.0 13.81176471710205
      vertex 15.0 17.0 13.81176471710205
      vertex 15.0 16.0 13.81176471710205
    endloop
  endfacet
  facet normal 0.0 0.0 1.0
    outer loop
      vertex 16.0 17.0 13.81176471710205
      vertex 15.0 17.0 13.81176471710205
      vertex 16.0 16.0 13.81176471710205
    endloop
  endfacet
  facet normal 0.1690509021282196 0.2898918092250824 -0.9420108795166016
    outer loop
      vertex 15.0 17.53427505493164 12.0
      vertex 15.91618537902832 17.0 12.0
      vertex 15.0 17.0 11.835583686828613
    endloop
  endfacet
  facet normal 0.38121315836906433 0.6537117958068848 -0.6537104845046997
    outer loop
      vertex 15.0 17.53427505493164 12.0
      vertex 15.0 18.0 12.465725898742676
      vertex 15.91618537902832 17.0 12.0
    endloop
  endfacet
  facet normal 0.5057424902915955 0.6988912224769592 -0.5057424902915955
    outer loop
      vertex 15.0 18.0 12.465725898742676
      vertex 16.0 17.0 12.08381462097168
      vertex 15.91618537902832 17.0 12.0
    endloop
  endfacet
  facet normal 0.19670425355434418 0.5152741074562073 -0.83414626121521
    outer loop
      vertex 15.0 18.0 12.465725898742676
      vertex 16.0 18.0 12.70154094696045
      vertex 16.0 17.0 12.08381462097168
    endloop
  endfacet
  facet normal 0.0 0.0 1.0
    outer loop
      vertex 16.0 17.0 13.81176471710205
      vertex 15.0 18.0 13.81176471710205
      vertex 15.0 17.0 13.81176471710205
    endloop
  endfacet
  facet normal 0.0 0.0 1.0
    outer loop
      vertex 16.0 18.0 13.81176471710205
      vertex 15.0 18.0 13.81176471710205
      vertex 16.0 17.0 13.81176471710205
    endloop
  endfacet
  facet normal 0.21991707384586334 0.2862266004085541 -0.9325828552246094
    outer loop
      vertex 15.0 19.0 12.77264404296875
      vertex 16.0 18.0 12.70154094696045
      vertex 15.0 18.0 12.465725898742676
    endloop
  endfacet
  facet normal 0.15568529069423676 0.22409021854400635 -0.9620528221130371
    outer loop
      vertex 15.0 19.0 12.77264404296875
      vertex 16.0 19.0 12.934470176696777
      vertex 16.0 18.0 12.70154094696045
    endloop
  endfacet
  facet normal 0.0 0.0 1.0
    outer loop
      vertex 16.0 18.0 13.81176471710205
      vertex 15.0 19.0 13.81176471710205
      vertex 15.0 18.0 13.81176471710205
    endloop
  endfacet
  facet normal 0.21301493048667908 0.21301493048667908 0.9535456299781799
    outer loop
      vertex 16.0 19.0 13.588372230529785
      vertex 15.0 19.0 13.81176471710205
      vertex 16.0 18.0 13.81176471710205
    endloop
  endfacet
  facet normal 0.14398515224456787 0.43313881754875183 -0.889752209186554
    outer loop
      vertex 16.0 19.134611129760742 13.0
      vertex 16.0 19.0 12.934470176696777
      vertex 15.0 19.0 12.77264404296875
    endloop
  endfacet
  facet normal 0.15235242247581482 0.39692971110343933 -0.9051162600517273
    outer loop
      vertex 16.0 19.134611129760742 13.0
      vertex 15.0 19.0 12.77264404296875
      vertex 15.0 19.5184383392334 13.0
    endloop
  endfacet
  facet normal 0.11938106268644333 0.8367581367492676 0.5344005227088928
    outer loop
      vertex 15.0 19.5184383392334 13.0
      vertex 15.0 19.0 13.81176471710205
      vertex 16.0 19.0 13.588372230529785
    endloop
  endfacet
  facet normal 0.35043343901634216 0.9129979610443115 0.20888084173202515
    outer loop
      vertex 15.0 19.5184383392334 13.0
      vertex 16.0 19.0 13.588372230529785
      vertex 16.0 19.134611129760742 13.0
    endloop
  endfacet
  facet normal 0.2681732773780823 -0.4216653108596802 -0.8661879301071167
    outer loop
      vertex 16.0 4.0 12.934470176696777
      vertex 16.211658477783203 4.0 13.0
      vertex 16.0 3.8653881549835205 13.0
    endloop
  endfacet
  facet normal 0.5269196629524231 -0.828508198261261 0.18955178558826447
    outer loop
      vertex 16.211658477783203 4.0 13.0
      vertex 16.0 4.0 13.588372230529785
      vertex 16.0 3.8653881549835205 13.0
    endloop
  endfacet
  facet normal 0.272732675075531 -0.38679271936416626 -0.8809133172035217
    outer loop
      vertex 17.0 5.0 12.804990768432617
      vertex 17.0 4.555870056152344 13.0
      vertex 16.211658477783203 4.0 13.0
    endloop
  endfacet
  facet normal 0.27273231744766235 -0.38679248094558716 -0.8809135556221008
    outer loop
      vertex 16.0 4.0 12.934470176696777
      vertex 17.0 5.0 12.804990768432617
      vertex 16.211658477783203 4.0 13.0
    endloop
  endfacet
  facet normal 0.10024518519639969 -0.2257136106491089 -0.969022274017334
    outer loop
      vertex 16.0 5.0 12.70154094696045
      vertex 17.0 5.0 12.804990768432617
      vertex 16.0 4.0 12.934470176696777
    endloop
  endfacet
  facet normal 0.5642666816711426 -0.8002496957778931 0.20298685133457184
    outer loop
      vertex 16.0 4.0 13.588372230529785
      vertex 16.211658477783203 4.0 13.0
      vertex 17.0 4.555870056152344 13.0
    endloop
  endfacet
  facet normal 0.6102585792541504 -0.6945675611495972 0.3809990882873535
    outer loop
      vertex 17.0 5.0 13.809656143188477
      vertex 16.0 4.0 13.588372230529785
      vertex 17.0 4.555870056152344 13.0
    endloop
  endfacet
  facet normal 0.00205784710124135 -0.21801823377609253 0.9759425520896912
    outer loop
      vertex 16.0 5.0 13.81176471710205
      vertex 16.0 4.0 13.588372230529785
      vertex 17.0 5.0 13.809656143188477
    endloop
  endfacet
  facet normal 0.0876728817820549 -0.5235180258750916 -0.8474918007850647
    outer loop
      vertex 16.0 6.0 12.08381462097168
      vertex 17.0 5.0 12.804990768432617
      vertex 16.0 5.0 12.70154094696045
    endloop
  endfacet
  facet normal 0.49924036860466003 -0.1196463480591774 -0.858163058757782
    outer loop
      vertex 16.0 6.0 12.08381462097168
      vertex 17.0 6.0 12.665569305419922
      vertex 17.0 5.0 12.804990768432617
    endloop
  endfacet
  facet normal 0.0021085694897919893 0.0 0.9999978542327881
    outer loop
      vertex 17.0 5.0 13.809656143188477
      vertex 16.0 6.0 13.81176471710205
      vertex 16.0 5.0 13.81176471710205
    endloop
  endfacet
  facet normal 0.0 -0.0021085694897919893 0.9999978542327881
    outer loop
      vertex 17.0 6.0 13.81176471710205
      vertex 16.0 6.0 13.81176471710205
      vertex 17.0 5.0 13.809656143188477
    endloop
  endfacet
  facet normal 0.18655532598495483 -0.18655532598495483 -0.9645694494247437
    outer loop
      vertex 16.0 7.0 11.822802543640137
      vertex 16.91618537902832 7.0 12.0
      vertex 16.0 6.08381462097168 12.0
    endloop
  endfacet
  facet normal 0.5773502588272095 -0.5773502588272095 -0.5773502588272095
    outer loop
      vertex 16.91618537902832 7.0 12.0
      vertex 17.0 7.0 12.08381462097168
      vertex 16.0 6.08381462097168 12.0
    endloop
  endfacet
  facet normal 0.5773502588272095 -0.5773502588272095 -0.5773502588272095
    outer loop
      vertex 17.0 7.0 12.08381462097168
      vertex 16.0 6.0 12.08381462097168
      vertex 16.0 6.08381462097168 12.0
    endloop
  endfacet
  facet normal 0.4492512345314026 -0.4492512345314026 -0.7722348570823669
    outer loop
      vertex 17.0 7.0 12.08381462097168
      vertex 17.0 6.0 12.665569305419922
      vertex 16.0 6.0 12.08381462097168
    endloop
  endfacet
  facet normal 0.0 0.0 1.0
    outer loop
      vertex 17.0 6.0 13.81176471710205
      vertex 16.0 7.0 13.81176471710205
      vertex 16.0 6.0 13.81176471710205
    endloop
  endfacet
  facet normal 0.0 0.0 1.0
    outer loop
      vertex 17.0 7.0 13.81176471710205
      vertex 16.0 7.0 13.81176471710205
      vertex 17.0 6.0 13.81176471710205
    endloop
  endfacet
  facet normal 0.17394302785396576 -0.17394305765628815 -0.9692716598510742
    outer loop
      vertex 17.0 8.0 11.835583686828613
      vertex 17.0 7.08381462097168 12.0
      vertex 16.91618537902832 7.0 12.0
    endloop
  endfacet
  facet normal 0.18697158992290497 -0.1746157705783844 -0.9667217135429382
    outer loop
      vertex 16.0 7.0 11.822802543640137
      vertex 17.0 8.0 11.835583686828613
      vertex 16.91618537902832 7.0 12.0
    endloop
  endfacet
  facet normal 0.0999794527888298 -0.08731140941381454 -0.9911512732505798
    outer loop
      vertex 16.0 8.0 11.734711647033691
      vertex 17.0 8.0 11.835583686828613
      vertex 16.0 7.0 11.822802543640137
    endloop
  endfacet
  facet normal 0.5773502588272095 -0.5773502588272095 -0.5773502588272095
    outer loop
      vertex 16.91618537902832 7.0 12.0
      vertex 17.0 7.08381462097168 12.0
      vertex 17.0 7.0 12.08381462097168
    endloop
  endfacet
  facet normal 0.0 0.0 1.0
    outer loop
      vertex 17.0 7.0 13.81176471710205
      vertex 16.0 8.0 13.81176471710205
      vertex 16.0 7.0 13.81176471710205
    endloop
  endfacet
  facet normal 0.0 0.0 1.0
    outer loop
      vertex 17.0 8.0 13.81176471710205
      vertex 16.0 8.0 13.81176471710205
      vertex 17.0 7.0 13.81176471710205
    endloop
  endfacet
  facet normal 0.09865313023328781 -0.18378868699073792 -0.9780027270317078
    outer loop
      vertex 16.0 9.0 11.546789169311523
      vertex 17.0 8.0 11.835583686828613
      vertex 16.0 8.0 11.734711647033691
    endloop
  endfacet
  facet normal 0.23486731946468353 -0.04554060474038124 -0.9709600210189819
    outer loop
      vertex 16.0 9.0 11.546789169311523
      vertex 17.0 9.0 11.788681030273438
      vertex 17.0 8.0 11.835583686828613
    endloop
  endfacet
  facet normal 0.0 0.0 1.0
    outer loop
      vertex 17.0 8.0 13.81176471710205
      vertex 16.0 9.0 13.81176471710205
      vertex 16.0 8.0 13.81176471710205
    endloop
  endfacet
  facet normal 0.0 0.0 1.0
    outer loop
      vertex 17.0 9.0 13.81176471710205
      vertex 16.0 9.0 13.81176471710205
      vertex 17.0 8.0 13.81176471710205
    endloop
  endfacet
  facet normal 0.21250808238983154 -0.42782455682754517 -0.8785251379013062
    outer loop
      vertex 16.0 10.0 11.059808731079102
      vertex 17.0 9.0 11.788681030273438
      vertex 16.0 9.0 11.546789169311523
    endloop
  endfacet
  facet normal 0.5588586926460266 -0.04468977451324463 -0.8280578851699829
    outer loop
      vertex 16.0 10.0 11.059808731079102
      vertex 17.0 10.0 11.734711647033691
      vertex 17.0 9.0 11.788681030273438
    endloop
  endfacet
  facet normal 0.0 0.0 1.0
    outer loop
      vertex 17.0 9.0 13.81176471710205
      vertex 16.0 10.0 13.81176471710205
      vertex 16.0 9.0 13.81176471710205
    endloop
  endfacet
  facet normal 0.0 0.0 1.0
    outer loop
      vertex 17.0 10.0 13.81176471710205
      vertex 16.0 10.0 13.81176471710205
      vertex 17.0 9.0 13.81176471710205
    endloop
  endfacet
  facet normal 0.4832272231578827 -0.10476842522621155 -0.8692036867141724
    outer loop
      vertex 16.0 11.0 10.892043113708496
      vertex 16.19418716430664 11.0 11.0
      vertex 16.0 10.10434341430664 11.0
    endloop
  endfacet
  facet normal 0.6460420489311218 -0.14006827771663666 -0.7503402829170227
    outer loop
      vertex 16.19418716430664 11.0 11.0
      vertex 17.0 11.0 11.693803787231445
      vertex 16.0 10.10434341430664 11.0
    endloop
  endfacet
  facet normal 0.7232620716094971 -0.3434162735939026 -0.599130392074585
    outer loop
      vertex 17.0 11.0 11.693803787231445
      vertex 16.0 10.0 11.059808731079102
      vertex 16.0 10.10434341430664 11.0
    endloop
  endfacet
  facet normal 0.5590962767601013 -0.033888477832078934 -0.8284099102020264
    outer loop
      vertex 17.0 11.0 11.693803787231445
      vertex 17.0 10.0 11.734711647033691
      vertex 16.0 10.0 11.059808731079102
    endloop
  endfacet
  facet normal 0.0 0.0 1.0
    outer loop
      vertex 17.0 10.0 13.81176471710205
      vertex 16.0 11.0 13.81176471710205
      vertex 16.0 10.0 13.81176471710205
    endloop
  endfacet
  facet normal 0.0 0.0 1.0
    outer loop
      vertex 17.0 11.0 13.81176471710205
      vertex 16.0 11.0 13.81176471710205
      vertex 17.0 10.0 13.81176471710205
    endloop
  endfacet
  facet normal 0.4859012961387634 0.0 -0.8740136623382568
    outer loop
      vertex 16.0 12.0 10.892043113708496
      vertex 16.19418716430664 12.0 11.0
      vertex 16.19418716430664 11.0 11.0
    endloop
  endfacet
  facet normal 0.4859012961387634 0.0 -0.8740136623382568
    outer loop
      vertex 16.0 12.0 10.892043113708496
      vertex 16.19418716430664 11.0 11.0
      vertex 16.0 11.0 10.892043113708496
    endloop
  endfacet
  facet normal 0.6524742245674133 0.0 -0.7578109502792358
    outer loop
      vertex 17.0 11.0 11.693803787231445
      vertex 16.19418716430664 11.0 11.0
      vertex 17.0 12.0 11.693803787231445
    endloop
  endfacet
  facet normal 0.6524742245674133 0.0 -0.7578109502792358
    outer loop
      vertex 17.0 12.0 11.693803787231445
      vertex 16.19418716430664 11.0 11.0
      vertex 16.19418716430664 12.0 11.0
    endloop
  endfacet
  facet normal 0.0 0.0 1.0
    outer loop
      vertex 17.0 11.0 13.81176471710205
      vertex 16.0 12.0 13.81176471710205
      vertex 16.0 11.0 13.81176471710205
    endloop
  endfacet
  facet normal 0.0 0.0 1.0
    outer loop
      vertex 17.0 12.0 13.81176471710205
      vertex 16.0 12.0 13.81176471710205
      vertex 17.0 11.0 13.81176471710205
    endloop
  endfacet
  facet normal 0.4832272231578827 0.10476842522621155 -0.8692036867141724
    outer loop
      vertex 16.0 12.89565658569336 11.0
      vertex 16.19418716430664 12.0 11.0
      vertex 16.0 12.0 10.892043113708496
    endloop
  endfacet
  facet normal 0.9166676998138428 0.1987425833940506 -0.34672996401786804
    outer loop
      vertex 16.0 12.89565658569336 11.0
      vertex 16.0 13.0 11.059808731079102
      vertex 16.19418716430664 12.0 11.0
    endloop
  endfacet
  facet normal 0.6430290341377258 0.1695355772972107 -0.7468408942222595
    outer loop
      vertex 16.0 13.0 11.059808731079102
      vertex 17.0 12.0 11.693803787231445
      vertex 16.19418716430664 12.0 11.0
    endloop
  endfacet
  facet normal 0.5590962767601013 0.033888477832078934 -0.8284099102020264
    outer loop
      vertex 16.0 13.0 11.059808731079102
      vertex 17.0 13.0 11.734711647033691
      vertex 17.0 12.0 11.693803787231445
    endloop
  endfacet
  facet normal 0.0 0.0 1.0
    outer loop
      vertex 17.0 12.0 13.81176471710205
      vertex 16.0 13.0 13.81176471710205
      vertex 16.0 12.0 13.81176471710205
    endloop
  endfacet
  facet normal 0.0 0.0 1.0
    outer loop
      vertex 17.0 13.0 13.81176471710205
      vertex 16.0 13.0 13.81176471710205
      vertex 17.0 12.0 13.81176471710205
    endloop
  endfacet
  facet normal 0.5187504887580872 0.37430766224861145 -0.768629789352417
    outer loop
      vertex 16.0 14.0 11.546789169311523
      vertex 17.0 13.0 11.734711647033691
      vertex 16.0 13.0 11.059808731079102
    endloop
  endfacet
  facet normal 0.2347884625196457 0.05238451808691025 -0.9706339836120605
    outer loop
      vertex 16.0 14.0 11.546789169311523
      vertex 17.0 14.0 11.788681030273438
      vertex 17.0 13.0 11.734711647033691
    endloop
  endfacet
  facet normal 0.0 0.0 1.0
    outer loop
      vertex 17.0 13.0 13.81176471710205
      vertex 16.0 14.0 13.81176471710205
      vertex 16.0 13.0 13.81176471710205
    endloop
  endfacet
  facet normal 0.0 0.0 1.0
    outer loop
      vertex 17.0 14.0 13.81176471710205
      vertex 16.0 14.0 13.81176471710205
      vertex 17.0 13.0 13.81176471710205
    endloop
  endfacet
  facet normal 0.23128476738929749 0.17968197166919708 -0.9561494588851929
    outer loop
      vertex 16.0 15.0 11.734711647033691
      vertex 17.0 14.0 11.788681030273438
      vertex 16.0 14.0 11.546789169311523
    endloop
  endfacet
  facet normal 0.100253626704216 0.0466151125729084 -0.9938693046569824
    outer loop
      vertex 16.0 15.0 11.734711647033691
      vertex 17.0 15.0 11.835583686828613
      vertex 17.0 14.0 11.788681030273438
    endloop
  endfacet
  facet normal 0.0 0.0 1.0
    outer loop
      vertex 17.0 14.0 13.81176471710205
      vertex 16.0 15.0 13.81176471710205
      vertex 16.0 14.0 13.81176471710205
    endloop
  endfacet
  facet normal 0.0 0.0 1.0
    outer loop
      vertex 17.0 15.0 13.81176471710205
      vertex 16.0 15.0 13.81176471710205
      vertex 17.0 14.0 13.81176471710205
    endloop
  endfacet
  facet normal 0.18655534088611603 0.18655528128147125 -0.9645695090293884
    outer loop
      vertex 16.0 16.0 11.822802543640137
      vertex 16.91618537902832 16.0 12.0
      vertex 17.0 15.91618537902832 12.0
    endloop
  endfacet
  facet normal 0.18591701984405518 0.17355617880821228 -0.9671158790588379
    outer loop
      vertex 17.0 15.0 11.835583686828613
      vertex 16.0 16.0 11.822802543640137
      vertex 17.0 15.91618537902832 12.0
    endloop
  endfacet
  facet normal 0.0999794527888298 0.08731140941381454 -0.9911512732505798
    outer loop
      vertex 16.0 15.0 11.734711647033691
      vertex 16.0 16.0 11.822802543640137
      vertex 17.0 15.0 11.835583686828613
    endloop
  endfacet
  facet normal 0.5773502588272095 0.5773502588272095 -0.5773502588272095
    outer loop
      vertex 16.91618537902832 16.0 12.0
      vertex 17.0 16.0 12.08381462097168
      vertex 17.0 15.91618537902832 12.0
    endloop
  endfacet
  facet normal 0.0 0.0 1.0
    outer loop
      vertex 17.0 15.0 13.81176471710205
      vertex 16.0 16.0 13.81176471710205
      vertex 16.0 15.0 13.81176471710205
    endloop
  endfacet
  facet normal 0.0 0.0 1.0
    outer loop
      vertex 17.0 16.0 13.81176471710205
      vertex 16.0 16.0 13.81176471710205
      vertex 17.0 15.0 13.81176471710205
    endloop
  endfacet
  facet normal 0.18655532598495483 0.18655532598495483 -0.9645694494247437
    outer loop
      vertex 16.0 16.91618537902832 12.0
      vertex 16.91618537902832 16.0 12.0
      vertex 16.0 16.0 11.822802543640137
    endloop
  endfacet
  facet normal 0.5773502588272095 0.5773502588272095 -0.5773502588272095
    outer loop
      vertex 16.0 16.91618537902832 12.0
      vertex 16.0 17.0 12.08381462097168
      vertex 16.91618537902832 16.0 12.0
    endloop
  endfacet
  facet normal 0.5773502588272095 0.5773502588272095 -0.5773502588272095
    outer loop
      vertex 16.0 17.0 12.08381462097168
      vertex 17.0 16.0 12.08381462097168
      vertex 16.91618537902832 16.0 12.0
    endloop
  endfacet
  facet normal 0.4492512345314026 0.4492512345314026 -0.7722348570823669
    outer loop
      vertex 16.0 17.0 12.08381462097168
      vertex 17.0 17.0 12.665569305419922
      vertex 17.0 16.0 12.08381462097168
    endloop
  endfacet
  facet normal 0.0 0.0 1.0
    outer loop
      vertex 17.0 16.0 13.81176471710205
      vertex 16.0 17.0 13.81176471710205
      vertex 16.0 16.0 13.81176471710205
    endloop
  endfacet
  facet normal 0.0 0.0 1.0
    outer loop
      vertex 17.0 17.0 13.81176471710205
      vertex 16.0 17.0 13.81176471710205
      vertex 17.0 16.0 13.81176471710205
    endloop
  endfacet
  facet normal 0.44358065724372864 0.4710085690021515 -0.7624874711036682
    outer loop
      vertex 16.0 18.0 12.70154094696045
      vertex 17.0 17.0 12.665569305419922
      vertex 16.0 17.0 12.08381462097168
    endloop
  endfacet
  facet normal 0.10192519426345825 0.13736669719219208 -0.9852622151374817
    outer loop
      vertex 16.0 18.0 12.70154094696045
      vertex 17.0 18.0 12.804990768432617
      vertex 17.0 17.0 12.665569305419922
    endloop
  endfacet
  facet normal 0.0 0.0 1.0
    outer loop
      vertex 17.0 17.0 13.81176471710205
      vertex 16.0 18.0 13.81176471710205
      vertex 16.0 17.0 13.81176471710205
    endloop
  endfacet
  facet normal 0.0021085646003484726 0.0021085646003484726 0.9999955892562866
    outer loop
      vertex 17.0 18.0 13.809656143188477
      vertex 16.0 18.0 13.81176471710205
      vertex 17.0 17.0 13.81176471710205
    endloop
  endfacet
  facet normal 0.27273237705230713 0.38679230213165283 -0.8809136748313904
    outer loop
      vertex 16.0 19.0 12.934470176696777
      vertex 16.211658477783203 19.0 13.0
      vertex 17.0 18.444129943847656 13.0
    endloop
  endfacet
  facet normal 0.27273261547088623 0.38679274916648865 -0.8809133768081665
    outer loop
      vertex 17.0 18.0 12.804990768432617
      vertex 16.0 19.0 12.934470176696777
      vertex 17.0 18.444129943847656 13.0
    endloop
  endfacet
  facet normal 0.10024518519639969 0.2257136106491089 -0.969022274017334
    outer loop
      vertex 16.0 18.0 12.70154094696045
      vertex 16.0 19.0 12.934470176696777
      vertex 17.0 18.0 12.804990768432617
    endloop
  endfacet
  facet normal 0.5258405804634094 0.7457533478736877 0.40907663106918335
    outer loop
      vertex 17.0 18.0 13.809656143188477
      vertex 17.0 18.444129943847656 13.0
      vertex 16.211658477783203 19.0 13.0
    endloop
  endfacet
  facet normal 0.6601049900054932 0.7126518487930298 0.2374633252620697
    outer loop
      vertex 16.0 19.0 13.588372230529785
      vertex 17.0 18.0 13.809656143188477
      vertex 16.211658477783203 19.0 13.0
    endloop
  endfacet
  facet normal 0.00205784710124135 0.21801823377609253 0.9759425520896912
    outer loop
      vertex 16.0 18.0 13.81176471710205
      vertex 17.0 18.0 13.809656143188477
      vertex 16.0 19.0 13.588372230529785
    endloop
  endfacet
  facet normal 0.2681729793548584 0.4216671288013458 -0.8661870360374451
    outer loop
      vertex 16.0 19.134611129760742 13.0
      vertex 16.211658477783203 19.0 13.0
      vertex 16.0 19.0 12.934470176696777
    endloop
  endfacet
  facet normal 0.5269177556037903 0.8285095691680908 0.18955110013484955
    outer loop
      vertex 16.211658477783203 19.0 13.0
      vertex 16.0 19.134611129760742 13.0
      vertex 16.0 19.0 13.588372230529785
    endloop
  endfacet
  facet normal 0.3275752067565918 -0.37985172867774963 -0.8651053309440613
    outer loop
      vertex 17.0 5.0 12.804990768432617
      vertex 17.51500701904297 5.0 13.0
      vertex 17.0 4.555870056152344 13.0
    endloop
  endfacet
  facet normal 0.6031060218811035 -0.6993535757064819 0.383624404668808
    outer loop
      vertex 17.51500701904297 5.0 13.0
      vertex 17.0 5.0 13.809656143188477
      vertex 17.0 4.555870056152344 13.0
    endloop
  endfacet
  facet normal 0.3338067829608917 -0.3338061273097992 -0.8815591335296631
    outer loop
      vertex 18.0 6.0 12.804990768432617
      vertex 18.0 5.484993934631348 13.0
      vertex 17.51500701904297 5.0 13.0
    endloop
  endfacet
  facet normal 0.3338056802749634 -0.3338056802749634 -0.8815596699714661
    outer loop
      vertex 17.0 5.0 12.804990768432617
      vertex 18.0 6.0 12.804990768432617
      vertex 17.51500701904297 5.0 13.0
    endloop
  endfacet
  facet normal 0.13678787648677826 -0.13678787648677826 -0.9811106324195862
    outer loop
      vertex 17.0 6.0 12.665569305419922
      vertex 18.0 6.0 12.804990768432617
      vertex 17.0 5.0 12.804990768432617
    endloop
  endfacet
  facet normal 0.6448801159858704 -0.6448788642883301 0.41019609570503235
    outer loop
      vertex 17.0 5.0 13.809656143188477
      vertex 17.51500701904297 5.0 13.0
      vertex 18.0 5.484993934631348 13.0
    endloop
  endfacet
  facet normal 0.6448797583580017 -0.6448797583580017 0.41019511222839355
    outer loop
      vertex 18.0 6.0 13.809656143188477
      vertex 17.0 5.0 13.809656143188477
      vertex 18.0 5.484993934631348 13.0
    endloop
  endfacet
  facet normal 0.0021085646003484726 -0.0021085646003484726 0.9999955892562866
    outer loop
      vertex 17.0 6.0 13.81176471710205
      vertex 17.0 5.0 13.809656143188477
      vertex 18.0 6.0 13.809656143188477
    endloop
  endfacet
  facet normal 0.1196463480591774 -0.49924036860466003 -0.858163058757782
    outer loop
      vertex 17.0 7.0 12.08381462097168
      vertex 18.0 6.0 12.804990768432617
      vertex 17.0 6.0 12.665569305419922
    endloop
  endfacet
  facet normal 0.5235180258750916 -0.0876728817820549 -0.8474918007850647
    outer loop
      vertex 17.0 7.0 12.08381462097168
      vertex 18.0 7.0 12.70154094696045
      vertex 18.0 6.0 12.804990768432617
    endloop
  endfacet
  facet normal 0.0021085694897919893 0.0 0.9999978542327881
    outer loop
      vertex 18.0 6.0 13.809656143188477
      vertex 17.0 7.0 13.81176471710205
      vertex 17.0 6.0 13.81176471710205
    endloop
  endfacet
  facet normal 0.0 -0.0021085694897919893 0.9999978542327881
    outer loop
      vertex 18.0 7.0 13.81176471710205
      vertex 17.0 7.0 13.81176471710205
      vertex 18.0 6.0 13.809656143188477
    endloop
  endfacet
  facet normal 0.2898918092250824 -0.1690509021282196 -0.9420108795166016
    outer loop
      vertex 17.0 8.0 11.835583686828613
      vertex 17.53427505493164 8.0 12.0
      vertex 17.0 7.08381462097168 12.0
    endloop
  endfacet
  facet normal 0.6537117958068848 -0.38121315836906433 -0.6537104845046997
    outer loop
      vertex 17.53427505493164 8.0 12.0
      vertex 18.0 8.0 12.465725898742676
      vertex 17.0 7.08381462097168 12.0
    endloop
  endfacet
  facet normal 0.6988912224769592 -0.5057424902915955 -0.5057424902915955
    outer loop
      vertex 18.0 8.0 12.465725898742676
      vertex 17.0 7.0 12.08381462097168
      vertex 17.0 7.08381462097168 12.0
    endloop
  endfacet
  facet normal 0.5152741074562073 -0.19670425355434418 -0.83414626121521
    outer loop
      vertex 18.0 8.0 12.465725898742676
      vertex 18.0 7.0 12.70154094696045
      vertex 17.0 7.0 12.08381462097168
    endloop
  endfacet
  facet normal 0.0 0.0 1.0
    outer loop
      vertex 18.0 7.0 13.81176471710205
      vertex 17.0 8.0 13.81176471710205
      vertex 17.0 7.0 13.81176471710205
    endloop
  endfacet
  facet normal 0.0 0.0 1.0
    outer loop
      vertex 18.0 8.0 13.81176471710205
      vertex 17.0 8.0 13.81176471710205
      vertex 18.0 7.0 13.81176471710205
    endloop
  endfacet
  facet normal 0.2670527696609497 -0.16863517463207245 -0.9488124251365662
    outer loop
      vertex 18.0 9.0 11.953350067138672
      vertex 18.0 8.737527847290039 12.0
      vertex 17.53427505493164 8.0 12.0
    endloop
  endfacet
  facet normal 0.2893935441970825 -0.1786470115184784 -0.9403917789459229
    outer loop
      vertex 17.0 8.0 11.835583686828613
      vertex 18.0 9.0 11.953350067138672
      vertex 17.53427505493164 8.0 12.0
    endloop
  endfacet
  facet normal 0.16230714321136475 -0.04622991755604744 -0.98565673828125
    outer loop
      vertex 17.0 9.0 11.788681030273438
      vertex 18.0 9.0 11.953350067138672
      vertex 17.0 8.0 11.835583686828613
    endloop
  endfacet
  facet normal 0.6456657648086548 -0.4077169895172119 -0.645664393901825
    outer loop
      vertex 17.53427505493164 8.0 12.0
      vertex 18.0 8.737527847290039 12.0
      vertex 18.0 8.0 12.465725898742676
    endloop
  endfacet
  facet normal 0.0 0.0 1.0
    outer loop
      vertex 18.0 8.0 13.81176471710205
      vertex 17.0 9.0 13.81176471710205
      vertex 17.0 8.0 13.81176471710205
    endloop
  endfacet
  facet normal 0.0 0.0 1.0
    outer loop
      vertex 18.0 9.0 13.81176471710205
      vertex 17.0 9.0 13.81176471710205
      vertex 18.0 8.0 13.81176471710205
    endloop
  endfacet
  facet normal 0.16225098073482513 -0.0531768798828125 -0.9853156805038452
    outer loop
      vertex 17.0 10.0 11.734711647033691
      vertex 18.0 9.0 11.953350067138672
      vertex 17.0 9.0 11.788681030273438
    endloop
  endfacet
  facet normal 0.11038237065076828 -0.10568791627883911 -0.9882539510726929
    outer loop
      vertex 17.0 10.0 11.734711647033691
      vertex 18.0 10.0 11.846405982971191
      vertex 18.0 9.0 11.953350067138672
    endloop
  endfacet
  facet normal 0.0 0.0 1.0
    outer loop
      vertex 18.0 9.0 13.81176471710205
      vertex 17.0 10.0 13.81176471710205
      vertex 17.0 9.0 13.81176471710205
    endloop
  endfacet
  facet normal 0.0 0.0 1.0
    outer loop
      vertex 18.0 10.0 13.81176471710205
      vertex 17.0 10.0 13.81176471710205
      vertex 18.0 9.0 13.81176471710205
    endloop
  endfacet
  facet normal 0.11091244220733643 -0.04062149301171303 -0.9929996728897095
    outer loop
      vertex 17.0 11.0 11.693803787231445
      vertex 18.0 10.0 11.846405982971191
      vertex 17.0 10.0 11.734711647033691
    endloop
  endfacet
  facet normal 0.14036796987056732 -0.010714521631598473 -0.9900414347648621
    outer loop
      vertex 17.0 11.0 11.693803787231445
      vertex 18.0 11.0 11.835583686828613
      vertex 18.0 10.0 11.846405982971191
    endloop
  endfacet
  facet normal 0.0 0.0 1.0
    outer loop
      vertex 18.0 10.0 13.81176471710205
      vertex 17.0 11.0 13.81176471710205
      vertex 17.0 10.0 13.81176471710205
    endloop
  endfacet
  facet normal 0.0 0.0 1.0
    outer loop
      vertex 18.0 11.0 13.81176471710205
      vertex 17.0 11.0 13.81176471710205
      vertex 18.0 10.0 13.81176471710205
    endloop
  endfacet
  facet normal 0.140376016497612 0.0 -0.9900981783866882
    outer loop
      vertex 17.0 12.0 11.693803787231445
      vertex 18.0 11.0 11.835583686828613
      vertex 17.0 11.0 11.693803787231445
    endloop
  endfacet
  facet normal 0.140376016497612 0.0 -0.9900981783866882
    outer loop
      vertex 17.0 12.0 11.693803787231445
      vertex 18.0 12.0 11.835583686828613
      vertex 18.0 11.0 11.835583686828613
    endloop
  endfacet
  facet normal 0.0 0.0 1.0
    outer loop
      vertex 18.0 11.0 13.81176471710205
      vertex 17.0 12.0 13.81176471710205
      vertex 17.0 11.0 13.81176471710205
    endloop
  endfacet
  facet normal 0.0 0.0 1.0
    outer loop
      vertex 18.0 12.0 13.81176471710205
      vertex 17.0 12.0 13.81176471710205
      vertex 18.0 11.0 13.81176471710205
    endloop
  endfacet
  facet normal 0.14026103913784027 0.04046962037682533 -0.9892871379852295
    outer loop
      vertex 17.0 13.0 11.734711647033691
      vertex 18.0 12.0 11.835583686828613
      vertex 17.0 12.0 11.693803787231445
    endloop
  endfacet
  facet normal 0.11099763214588165 0.010754791088402271 -0.9937624335289001
    outer loop
      vertex 17.0 13.0 11.734711647033691
      vertex 18.0 13.0 11.846405982971191
      vertex 18.0 12.0 11.835583686828613
    endloop
  endfacet
  facet normal 0.0 0.0 1.0
    outer loop
      vertex 18.0 12.0 13.81176471710205
      vertex 17.0 13.0 13.81176471710205
      vertex 17.0 12.0 13.81176471710205
    endloop
  endfacet
  facet normal 0.0 0.0 1.0
    outer loop
      vertex 18.0 13.0 13.81176471710205
      vertex 17.0 13.0 13.81176471710205
      vertex 18.0 12.0 13.81176471710205
    endloop
  endfacet
  facet normal 0.11084473133087158 0.05355886369943619 -0.9923934936523438
    outer loop
      vertex 17.0 14.0 11.788681030273438
      vertex 18.0 13.0 11.846405982971191
      vertex 17.0 13.0 11.734711647033691
    endloop
  endfacet
  facet normal 0.16158373653888702 0.10494033992290497 -0.9812636375427246
    outer loop
      vertex 17.0 14.0 11.788681030273438
      vertex 18.0 14.0 11.953350067138672
      vertex 18.0 13.0 11.846405982971191
    endloop
  endfacet
  facet normal 0.0 0.0 1.0
    outer loop
      vertex 18.0 13.0 13.81176471710205
      vertex 17.0 14.0 13.81176471710205
      vertex 17.0 13.0 13.81176471710205
    endloop
  endfacet
  facet normal 0.0 0.0 1.0
    outer loop
      vertex 18.0 14.0 13.81176471710205
      vertex 17.0 14.0 13.81176471710205
      vertex 18.0 13.0 13.81176471710205
    endloop
  endfacet
  facet normal 0.28917959332466125 0.1826075315475464 -0.9396965503692627
    outer loop
      vertex 17.0 15.0 11.835583686828613
      vertex 17.53427505493164 15.0 12.0
      vertex 18.0 14.262472152709961 12.0
    endloop
  endfacet
  facet normal 0.2793566882610321 0.16802366077899933 -0.9453718662261963
    outer loop
      vertex 18.0 14.0 11.953350067138672
      vertex 17.0 15.0 11.835583686828613
      vertex 18.0 14.262472152709961 12.0
    endloop
  endfacet
  facet normal 0.16230714321136475 0.04622991755604744 -0.98565673828125
    outer loop
      vertex 17.0 14.0 11.788681030273438
      vertex 17.0 15.0 11.835583686828613
      vertex 18.0 14.0 11.953350067138672
    endloop
  endfacet
  facet normal 0.6456657648086548 0.4077169895172119 -0.645664393901825
    outer loop
      vertex 17.53427505493164 15.0 12.0
      vertex 18.0 15.0 12.465725898742676
      vertex 18.0 14.262472152709961 12.0
    endloop
  endfacet
  facet normal 0.0 0.0 1.0
    outer loop
      vertex 18.0 14.0 13.81176471710205
      vertex 17.0 15.0 13.81176471710205
      vertex 17.0 14.0 13.81176471710205
    endloop
  endfacet
  facet normal 0.0 0.0 1.0
    outer loop
      vertex 18.0 15.0 13.81176471710205
      vertex 17.0 15.0 13.81176471710205
      vertex 18.0 14.0 13.81176471710205
    endloop
  endfacet
  facet normal 0.2898918092250824 0.1690509021282196 -0.9420108795166016
    outer loop
      vertex 17.0 15.91618537902832 12.0
      vertex 17.53427505493164 15.0 12.0
      vertex 17.0 15.0 11.835583686828613
    endloop
  endfacet
  facet normal 0.7714864611625671 0.44989362359046936 -0.44989362359046936
    outer loop
      vertex 17.0 15.91618537902832 12.0
      vertex 17.0 16.0 12.08381462097168
      vertex 17.53427505493164 15.0 12.0
    endloop
  endfacet
  facet normal 0.6479273438453674 0.4004770815372467 -0.6479260325431824
    outer loop
      vertex 17.0 16.0 12.08381462097168
      vertex 18.0 15.0 12.465725898742676
      vertex 17.53427505493164 15.0 12.0
    endloop
  endfacet
  facet normal 0.5152741074562073 0.19670425355434418 -0.83414626121521
    outer loop
      vertex 17.0 16.0 12.08381462097168
      vertex 18.0 16.0 12.70154094696045
      vertex 18.0 15.0 12.465725898742676
    endloop
  endfacet
  facet normal 0.0 0.0 1.0
    outer loop
      vertex 18.0 15.0 13.81176471710205
      vertex 17.0 16.0 13.81176471710205
      vertex 17.0 15.0 13.81176471710205
    endloop
  endfacet
  facet normal 0.0 0.0 1.0
    outer loop
      vertex 18.0 16.0 13.81176471710205
      vertex 17.0 16.0 13.81176471710205
      vertex 18.0 15.0 13.81176471710205
    endloop
  endfacet
  facet normal 0.4710085690021515 0.44358065724372864 -0.7624874711036682
    outer loop
      vertex 17.0 17.0 12.665569305419922
      vertex 18.0 16.0 12.70154094696045
      vertex 17.0 16.0 12.08381462097168
    endloop
  endfacet
  facet normal 0.13736669719219208 0.10192519426345825 -0.9852622151374817
    outer loop
      vertex 17.0 17.0 12.665569305419922
      vertex 18.0 17.0 12.804990768432617
      vertex 18.0 16.0 12.70154094696045
    endloop
  endfacet
  facet normal 0.0 0.0 1.0
    outer loop
      vertex 18.0 16.0 13.81176471710205
      vertex 17.0 17.0 13.81176471710205
      vertex 17.0 16.0 13.81176471710205
    endloop
  endfacet
  facet normal 0.0021085646003484726 0.0021085646003484726 0.9999955892562866
    outer loop
      vertex 18.0 17.0 13.809656143188477
      vertex 17.0 17.0 13.81176471710205
      vertex 18.0 16.0 13.81176471710205
    endloop
  endfacet
  facet normal 0.33380573987960815 0.33380573987960815 -0.8815597295761108
    outer loop
      vertex 17.0 18.0 12.804990768432617
      vertex 17.51500701904297 18.0 13.0
      vertex 18.0 17.51500701904297 13.0
    endloop
  endfacet
  facet normal 0.3338056802749634 0.3338056802749634 -0.8815596699714661
    outer loop
      vertex 18.0 17.0 12.804990768432617
      vertex 17.0 18.0 12.804990768432617
      vertex 18.0 17.51500701904297 13.0
    endloop
  endfacet
  facet normal 0.13678787648677826 0.13678787648677826 -0.9811106324195862
    outer loop
      vertex 17.0 17.0 12.665569305419922
      vertex 17.0 18.0 12.804990768432617
      vertex 18.0 17.0 12.804990768432617
    endloop
  endfacet
  facet normal 0.6448796391487122 0.6448796391487122 0.4101957678794861
    outer loop
      vertex 18.0 17.0 13.809656143188477
      vertex 18.0 17.51500701904297 13.0
      vertex 17.51500701904297 18.0 13.0
    endloop
  endfacet
  facet normal 0.6448795795440674 0.6448795795440674 0.4101957678794861
    outer loop
      vertex 17.0 18.0 13.809656143188477
      vertex 18.0 17.0 13.809656143188477
      vertex 17.51500701904297 18.0 13.0
    endloop
  endfacet
  facet normal 0.0021085646003484726 0.0021085646003484726 0.9999955892562866
    outer loop
      vertex 17.0 17.0 13.81176471710205
      vertex 18.0 17.0 13.809656143188477
      vertex 17.0 18.0 13.809656143188477
    endloop
  endfacet
  facet normal 0.3275752067565918 0.37985172867774963 -0.8651053309440613
    outer loop
      vertex 17.0 18.444129943847656 13.0
      vertex 17.51500701904297 18.0 13.0
      vertex 17.0 18.0 12.804990768432617
    endloop
  endfacet
  facet normal 0.6031060218811035 0.6993535757064819 0.383624404668808
    outer loop
      vertex 17.51500701904297 18.0 13.0
      vertex 17.0 18.444129943847656 13.0
      vertex 17.0 18.0 13.809656143188477
    endloop
  endfacet
  facet normal 0.3798516094684601 -0.3275757133960724 -0.8651050925254822
    outer loop
      vertex 18.0 6.0 12.804990768432617
      vertex 18.444129943847656 6.0 13.0
      vertex 18.0 5.484993934631348 13.0
    endloop
  endfacet
  facet normal 0.6993530988693237 -0.6031067967414856 0.3836241662502289
    outer loop
      vertex 18.444129943847656 6.0 13.0
      vertex 18.0 6.0 13.809656143188477
      vertex 18.0 5.484993934631348 13.0
    endloop
  endfacet
  facet normal 0.38679054379463196 -0.2727314531803131 -0.8809147477149963
    outer loop
      vertex 19.0 7.0 12.934470176696777
      vertex 19.0 6.7883405685424805 13.0
      vertex 18.444129943847656 6.0 13.0
    endloop
  endfacet
  facet normal 0.38679274916648865 -0.27273261547088623 -0.8809133768081665
    outer loop
      vertex 18.0 6.0 12.804990768432617
      vertex 19.0 7.0 12.934470176696777
      vertex 18.444129943847656 6.0 13.0
    endloop
  endfacet
  facet normal 0.2257136106491089 -0.10024518519639969 -0.969022274017334
    outer loop
      vertex 18.0 7.0 12.70154094696045
      vertex 19.0 7.0 12.934470176696777
      vertex 18.0 6.0 12.804990768432617
    endloop
  endfacet
  facet normal 0.7457530498504639 -0.5258409976959229 0.40907642245292664
    outer loop
      vertex 18.0 6.0 13.809656143188477
      vertex 18.444129943847656 6.0 13.0
      vertex 19.0 6.7883405685424805 13.0
    endloop
  endfacet
  facet normal 0.7126517295837402 -0.6601046919822693 0.2374642789363861
    outer loop
      vertex 19.0 7.0 13.588372230529785
      vertex 18.0 6.0 13.809656143188477
      vertex 19.0 6.7883405685424805 13.0
    endloop
  endfacet
  facet normal 0.21801823377609253 -0.00205784710124135 0.9759425520896912
    outer loop
      vertex 18.0 7.0 13.81176471710205
      vertex 18.0 6.0 13.809656143188477
      vertex 19.0 7.0 13.588372230529785
    endloop
  endfacet
  facet normal 0.2211001217365265 -0.2238393872976303 -0.9492158889770508
    outer loop
      vertex 18.0 8.0 12.465725898742676
      vertex 19.0 7.0 12.934470176696777
      vertex 18.0 7.0 12.70154094696045
    endloop
  endfacet
  facet normal 0.2899603545665741 -0.15288494527339935 -0.9447481632232666
    outer loop
      vertex 18.0 8.0 12.465725898742676
      vertex 19.0 8.0 12.77264404296875
      vertex 19.0 7.0 12.934470176696777
    endloop
  endfacet
  facet normal 0.21801869571208954 0.0 0.9759446382522583
    outer loop
      vertex 19.0 7.0 13.588372230529785
      vertex 18.0 8.0 13.81176471710205
      vertex 18.0 7.0 13.81176471710205
    endloop
  endfacet
  facet normal 0.0 -0.21801869571208954 0.9759446382522583
    outer loop
      vertex 19.0 8.0 13.81176471710205
      vertex 18.0 8.0 13.81176471710205
      vertex 19.0 7.0 13.588372230529785
    endloop
  endfacet
  facet normal 0.3665282428264618 -0.16281236708164215 -0.916050910949707
    outer loop
      vertex 18.0 9.0 11.953350067138672
      vertex 18.11659049987793 9.0 12.0
      vertex 18.0 8.737527847290039 12.0
    endloop
  endfacet
  facet normal 0.5994362831115723 -0.2662704586982727 -0.7548351287841797
    outer loop
      vertex 18.11659049987793 9.0 12.0
      vertex 19.0 9.0 12.70154094696045
      vertex 18.0 8.737527847290039 12.0
    endloop
  endfacet
  facet normal 0.5913541913032532 -0.43056464195251465 -0.6818461418151855
    outer loop
      vertex 19.0 9.0 12.70154094696045
      vertex 18.0 8.0 12.465725898742676
      vertex 18.0 8.737527847290039 12.0
    endloop
  endfacet
  facet normal 0.29273420572280884 -0.06781712919473648 -0.9537858963012695
    outer loop
      vertex 19.0 9.0 12.70154094696045
      vertex 19.0 8.0 12.77264404296875
      vertex 18.0 8.0 12.465725898742676
    endloop
  endfacet
  facet normal 0.0 0.0 1.0
    outer loop
      vertex 19.0 8.0 13.81176471710205
      vertex 18.0 9.0 13.81176471710205
      vertex 18.0 8.0 13.81176471710205
    endloop
  endfacet
  facet normal 0.0 0.0 1.0
    outer loop
      vertex 19.0 9.0 13.81176471710205
      vertex 18.0 9.0 13.81176471710205
      vertex 19.0 8.0 13.81176471710205
    endloop
  endfacet
  facet normal 0.371971070766449 -0.09840112179517746 -0.9230139255523682
    outer loop
      vertex 18.0 10.0 11.846405982971191
      vertex 18.38113021850586 10.0 12.0
      vertex 18.11659049987793 9.0 12.0
    endloop
  endfacet
  facet normal 0.3696671724319458 -0.09880519658327103 -0.9238958358764648
    outer loop
      vertex 18.0 10.0 11.846405982971191
      vertex 18.11659049987793 9.0 12.0
      vertex 18.0 9.0 11.953350067138672
    endloop
  endfacet
  facet normal 0.6205883026123047 -0.06460582464933395 -0.7814705967903137
    outer loop
      vertex 19.0 9.0 12.70154094696045
      vertex 18.11659049987793 9.0 12.0
      vertex 19.0 10.0 12.618868827819824
    endloop
  endfacet
  facet normal 0.6950507164001465 -0.18386852741241455 -0.6950517892837524
    outer loop
      vertex 19.0 10.0 12.618868827819824
      vertex 18.11659049987793 9.0 12.0
      vertex 18.38113021850586 10.0 12.0
    endloop
  endfacet
  facet normal 0.0 0.0 1.0
    outer loop
      vertex 19.0 9.0 13.81176471710205
      vertex 18.0 10.0 13.81176471710205
      vertex 18.0 9.0 13.81176471710205
    endloop
  endfacet
  facet normal 0.0 0.0 1.0
    outer loop
      vertex 19.0 10.0 13.81176471710205
      vertex 18.0 10.0 13.81176471710205
      vertex 19.0 9.0 13.81176471710205
    endloop
  endfacet
  facet normal 0.34701740741729736 -0.021898409351706505 -0.9376029968261719
    outer loop
      vertex 18.0 11.0 11.835583686828613
      vertex 18.44423484802246 11.0 12.0
      vertex 18.38113021850586 10.0 12.0
    endloop
  endfacet
  facet normal 0.37376630306243896 -0.010037340223789215 -0.9274686574935913
    outer loop
      vertex 18.0 11.0 11.835583686828613
      vertex 18.38113021850586 10.0 12.0
      vertex 18.0 10.0 11.846405982971191
    endloop
  endfacet
  facet normal 0.706403374671936 -0.04457671940326691 -0.706404447555542
    outer loop
      vertex 19.0 10.0 12.618868827819824
      vertex 18.38113021850586 10.0 12.0
      vertex 19.0 11.0 12.555765151977539
    endloop
  endfacet
  facet normal 0.7064038515090942 -0.04457734152674675 -0.7064038515090942
    outer loop
      vertex 19.0 11.0 12.555765151977539
      vertex 18.38113021850586 10.0 12.0
      vertex 18.44423484802246 11.0 12.0
    endloop
  endfacet
  facet normal 0.0 0.0 1.0
    outer loop
      vertex 19.0 10.0 13.81176471710205
      vertex 18.0 11.0 13.81176471710205
      vertex 18.0 10.0 13.81176471710205
    endloop
  endfacet
  facet normal 0.0 0.0 1.0
    outer loop
      vertex 19.0 11.0 13.81176471710205
      vertex 18.0 11.0 13.81176471710205
      vertex 19.0 10.0 13.81176471710205
    endloop
  endfacet
  facet normal 0.3471006751060486 0.0 -0.9378279447555542
    outer loop
      vertex 18.0 12.0 11.835583686828613
      vertex 18.44423484802246 12.0 12.0
      vertex 18.44423484802246 11.0 12.0
    endloop
  endfacet
  facet normal 0.3471006751060486 0.0 -0.9378279447555542
    outer loop
      vertex 18.0 12.0 11.835583686828613
      vertex 18.44423484802246 11.0 12.0
      vertex 18.0 11.0 11.835583686828613
    endloop
  endfacet
  facet normal 0.7071067690849304 0.0 -0.7071067690849304
    outer loop
      vertex 19.0 11.0 12.555765151977539
      vertex 18.44423484802246 11.0 12.0
      vertex 19.0 12.0 12.555765151977539
    endloop
  endfacet
  facet normal 0.7071067690849304 0.0 -0.7071067690849304
    outer loop
      vertex 19.0 12.0 12.555765151977539
      vertex 18.44423484802246 11.0 12.0
      vertex 18.44423484802246 12.0 12.0
    endloop
  endfacet
  facet normal 0.0 0.0 1.0
    outer loop
      vertex 19.0 11.0 13.81176471710205
      vertex 18.0 12.0 13.81176471710205
      vertex 18.0 11.0 13.81176471710205
    endloop
  endfacet
  facet normal 0.0 0.0 1.0
    outer loop
      vertex 19.0 12.0 13.81176471710205
      vertex 18.0 12.0 13.81176471710205
      vertex 19.0 11.0 13.81176471710205
    endloop
  endfacet
  facet normal 0.3736811876296997 0.023581013083457947 -0.9272574186325073
    outer loop
      vertex 18.0 13.0 11.846405982971191
      vertex 18.38113021850586 13.0 12.0
      vertex 18.44423484802246 12.0 12.0
    endloop
  endfacet
  facet normal 0.3470827639102936 0.010148928500711918 -0.9377796053886414
    outer loop
      vertex 18.0 13.0 11.846405982971191
      vertex 18.44423484802246 12.0 12.0
      vertex 18.0 12.0 11.835583686828613
    endloop
  endfacet
  facet normal 0.706403911113739 0.04457668587565422 -0.706403911113739
    outer loop
      vertex 19.0 12.0 12.555765151977539
      vertex 18.44423484802246 12.0 12.0
      vertex 19.0 13.0 12.618868827819824
    endloop
  endfacet
  facet normal 0.706403374671936 0.04457730054855347 -0.706404447555542
    outer loop
      vertex 19.0 13.0 12.618868827819824
      vertex 18.44423484802246 12.0 12.0
      vertex 18.38113021850586 13.0 12.0
    endloop
  endfacet
  facet normal 0.0 0.0 1.0
    outer loop
      vertex 19.0 12.0 13.81176471710205
      vertex 18.0 13.0 13.81176471710205
      vertex 18.0 12.0 13.81176471710205
    endloop
  endfacet
  facet normal 0.0 0.0 1.0
    outer loop
      vertex 19.0 13.0 13.81176471710205
      vertex 18.0 13.0 13.81176471710205
      vertex 19.0 12.0 13.81176471710205
    endloop
  endfacet
  facet normal 0.369704008102417 0.09780139476060867 -0.9239879250526428
    outer loop
      vertex 18.0 14.0 11.953350067138672
      vertex 18.11659049987793 14.0 12.0
      vertex 18.38113021850586 13.0 12.0
    endloop
  endfacet
  facet normal 0.37195974588394165 0.09870787709951401 -0.9229857921600342
    outer loop
      vertex 18.0 14.0 11.953350067138672
      vertex 18.38113021850586 13.0 12.0
      vertex 18.0 13.0 11.846405982971191
    endloop
  endfacet
  facet normal 0.7059011459350586 0.05835843086242676 -0.7059022188186646
    outer loop
      vertex 19.0 13.0 12.618868827819824
      vertex 18.38113021850586 13.0 12.0
      vertex 19.0 14.0 12.70154094696045
    endloop
  endfacet
  facet normal 0.6136389374732971 0.16233186423778534 -0.7727196216583252
    outer loop
      vertex 19.0 14.0 12.70154094696045
      vertex 18.38113021850586 13.0 12.0
      vertex 18.11659049987793 14.0 12.0
    endloop
  endfacet
  facet normal 0.0 0.0 1.0
    outer loop
      vertex 19.0 13.0 13.81176471710205
      vertex 18.0 14.0 13.81176471710205
      vertex 18.0 13.0 13.81176471710205
    endloop
  endfacet
  facet normal 0.0 0.0 1.0
    outer loop
      vertex 19.0 14.0 13.81176471710205
      vertex 18.0 14.0 13.81176471710205
      vertex 19.0 13.0 13.81176471710205
    endloop
  endfacet
  facet normal 0.3665282428264618 0.16281236708164215 -0.916050910949707
    outer loop
      vertex 18.0 14.262472152709961 12.0
      vertex 18.11659049987793 14.0 12.0
      vertex 18.0 14.0 11.953350067138672
    endloop
  endfacet
  facet normal 0.768743097782135 0.34147676825523376 -0.5407657623291016
    outer loop
      vertex 18.0 14.262472152709961 12.0
      vertex 18.0 15.0 12.465725898742676
      vertex 18.11659049987793 14.0 12.0
    endloop
  endfacet
  facet normal 0.5698055624961853 0.40060290694236755 -0.7175228595733643
    outer loop
      vertex 18.0 15.0 12.465725898742676
      vertex 19.0 14.0 12.70154094696045
      vertex 18.11659049987793 14.0 12.0
    endloop
  endfacet
  facet normal 0.29273420572280884 0.06781712919473648 -0.9537858963012695
    outer loop
      vertex 18.0 15.0 12.465725898742676
      vertex 19.0 15.0 12.77264404296875
      vertex 19.0 14.0 12.70154094696045
    endloop
  endfacet
  facet normal 0.0 0.0 1.0
    outer loop
      vertex 19.0 14.0 13.81176471710205
      vertex 18.0 15.0 13.81176471710205
      vertex 18.0 14.0 13.81176471710205
    endloop
  endfacet
  facet normal 0.0 0.0 1.0
    outer loop
      vertex 19.0 15.0 13.81176471710205
      vertex 18.0 15.0 13.81176471710205
      vertex 19.0 14.0 13.81176471710205
    endloop
  endfacet
  facet normal 0.2862266004085541 0.21991707384586334 -0.9325828552246094
    outer loop
      vertex 18.0 16.0 12.70154094696045
      vertex 19.0 15.0 12.77264404296875
      vertex 18.0 15.0 12.465725898742676
    endloop
  endfacet
  facet normal 0.22409021854400635 0.15568529069423676 -0.9620528221130371
    outer loop
      vertex 18.0 16.0 12.70154094696045
      vertex 19.0 16.0 12.934470176696777
      vertex 19.0 15.0 12.77264404296875
    endloop
  endfacet
  facet normal 0.0 0.0 1.0
    outer loop
      vertex 19.0 15.0 13.81176471710205
      vertex 18.0 16.0 13.81176471710205
      vertex 18.0 15.0 13.81176471710205
    endloop
  endfacet
  facet normal 0.21301493048667908 0.21301493048667908 0.9535456299781799
    outer loop
      vertex 19.0 16.0 13.588372230529785
      vertex 18.0 16.0 13.81176471710205
      vertex 19.0 15.0 13.81176471710205
    endloop
  endfacet
  facet normal 0.38679271936416626 0.272732675075531 -0.8809133172035217
    outer loop
      vertex 18.0 17.0 12.804990768432617
      vertex 18.444129943847656 17.0 13.0
      vertex 19.0 16.211658477783203 13.0
    endloop
  endfacet
  facet normal 0.38679248094558716 0.27273231744766235 -0.8809135556221008
    outer loop
      vertex 19.0 16.0 12.934470176696777
      vertex 18.0 17.0 12.804990768432617
      vertex 19.0 16.211658477783203 13.0
    endloop
  endfacet
  facet normal 0.2257136106491089 0.10024518519639969 -0.969022274017334
    outer loop
      vertex 18.0 16.0 12.70154094696045
      vertex 18.0 17.0 12.804990768432617
      vertex 19.0 16.0 12.934470176696777
    endloop
  endfacet
  facet normal 0.8002496957778931 0.5642666816711426 0.20298685133457184
    outer loop
      vertex 19.0 16.0 13.588372230529785
      vertex 19.0 16.211658477783203 13.0
      vertex 18.444129943847656 17.0 13.0
    endloop
  endfacet
  facet normal 0.6945675611495972 0.6102585792541504 0.3809990882873535
    outer loop
      vertex 18.0 17.0 13.809656143188477
      vertex 19.0 16.0 13.588372230529785
      vertex 18.444129943847656 17.0 13.0
    endloop
  endfacet
  facet normal 0.21801823377609253 0.00205784710124135 0.9759425520896912
    outer loop
      vertex 18.0 16.0 13.81176471710205
      vertex 19.0 16.0 13.588372230529785
      vertex 18.0 17.0 13.809656143188477
    endloop
  endfacet
  facet normal 0.37985172867774963 0.3275752067565918 -0.8651053309440613
    outer loop
      vertex 18.0 17.51500701904297 13.0
      vertex 18.444129943847656 17.0 13.0
      vertex 18.0 17.0 12.804990768432617
    endloop
  endfacet
  facet normal 0.6993535757064819 0.6031060218811035 0.383624404668808
    outer loop
      vertex 18.444129943847656 17.0 13.0
      vertex 18.0 17.51500701904297 13.0
      vertex 18.0 17.0 13.809656143188477
    endloop
  endfacet
  facet normal 0.42166730761528015 -0.26817187666893005 -0.8661874532699585
    outer loop
      vertex 19.0 7.0 12.934470176696777
      vertex 19.134611129760742 7.0 13.0
      vertex 19.0 6.7883405685424805 13.0
    endloop
  endfacet
  facet normal 0.828510582447052 -0.5269160270690918 0.18955133855342865
    outer loop
      vertex 19.134611129760742 7.0 13.0
      vertex 19.0 7.0 13.588372230529785
      vertex 19.0 6.7883405685424805 13.0
    endloop
  endfacet
  facet normal 0.39692971110343933 -0.15235242247581482 -0.9051162600517273
    outer loop
      vertex 19.0 8.0 12.77264404296875
      vertex 19.5184383392334 8.0 13.0
      vertex 19.134611129760742 7.0 13.0
    endloop
  endfacet
  facet normal 0.43313881754875183 -0.14398515224456787 -0.889752209186554
    outer loop
      vertex 19.0 8.0 12.77264404296875
      vertex 19.134611129760742 7.0 13.0
      vertex 19.0 7.0 12.934470176696777
    endloop
  endfacet
  facet normal 0.8367581367492676 -0.11938106268644333 0.5344005227088928
    outer loop
      vertex 19.5184383392334 8.0 13.0
      vertex 19.0 8.0 13.81176471710205
      vertex 19.0 7.0 13.588372230529785
    endloop
  endfacet
  facet normal 0.9129979610443115 -0.35043343901634216 0.20888084173202515
    outer loop
      vertex 19.5184383392334 8.0 13.0
      vertex 19.0 7.0 13.588372230529785
      vertex 19.134611129760742 7.0 13.0
    endloop
  endfacet
  facet normal 0.3511197566986084 -0.17098304629325867 -0.9205865859985352
    outer loop
      vertex 20.0 9.0 12.997939109802246
      vertex 20.0 8.988903999328613 13.0
      vertex 19.5184383392334 8.0 13.0
    endloop
  endfacet
  facet normal 0.3941718637943268 -0.19167044758796692 -0.8988276124000549
    outer loop
      vertex 19.0 8.0 12.77264404296875
      vertex 20.0 9.0 12.997939109802246
      vertex 19.5184383392334 8.0 13.0
    endloop
  endfacet
  facet normal 0.28352007269859314 -0.0680137649178505 -0.9565513134002686
    outer loop
      vertex 19.0 9.0 12.70154094696045
      vertex 20.0 9.0 12.997939109802246
      vertex 19.0 8.0 12.77264404296875
    endloop
  endfacet
  facet normal 0.7796772718429565 -0.3796755373477936 0.49794551730155945
    outer loop
      vertex 19.0 8.0 13.81176471710205
      vertex 19.5184383392334 8.0 13.0
      vertex 20.0 8.988903999328613 13.0
    endloop
  endfacet
  facet normal 0.7575020790100098 -0.6321365833282471 0.16307641565799713
    outer loop
      vertex 20.0 9.0 13.043011665344238
      vertex 19.0 8.0 13.81176471710205
      vertex 20.0 8.988903999328613 13.0
    endloop
  endfacet
  facet normal 0.6094727516174316 0.0 0.7928069829940796
    outer loop
      vertex 19.0 9.0 13.81176471710205
      vertex 19.0 8.0 13.81176471710205
      vertex 20.0 9.0 13.043011665344238
    endloop
  endfacet
  facet normal 0.2832896113395691 -0.07901585102081299 -0.9557738304138184
    outer loop
      vertex 19.0 10.0 12.618868827819824
      vertex 20.0 9.0 12.997939109802246
      vertex 19.0 9.0 12.70154094696045
    endloop
  endfacet
  facet normal 0.24186842143535614 -0.12298065423965454 -0.9624840021133423
    outer loop
      vertex 19.0 10.0 12.618868827819824
      vertex 20.0 10.0 12.87016487121582
      vertex 20.0 9.0 12.997939109802246
    endloop
  endfacet
  facet normal 0.6094727516174316 0.0 0.7928069829940796
    outer loop
      vertex 20.0 9.0 13.043011665344238
      vertex 19.0 10.0 13.81176471710205
      vertex 19.0 9.0 13.81176471710205
    endloop
  endfacet
  facet normal 0.05958159640431404 -0.5702589154243469 0.819301426410675
    outer loop
      vertex 20.0 10.0 13.739042282104492
      vertex 19.0 10.0 13.81176471710205
      vertex 20.0 9.0 13.043011665344238
    endloop
  endfacet
  facet normal 0.24326330423355103 -0.06108655408024788 -0.9680348038673401
    outer loop
      vertex 19.0 11.0 12.555765151977539
      vertex 20.0 10.0 12.87016487121582
      vertex 19.0 10.0 12.618868827819824
    endloop
  endfacet
  facet normal 0.24134624004364014 -0.06311359256505966 -0.9683845639228821
    outer loop
      vertex 19.0 11.0 12.555765151977539
      vertex 20.0 11.0 12.804990768432617
      vertex 20.0 10.0 12.87016487121582
    endloop
  endfacet
  facet normal 0.07253089547157288 0.0 0.9973661303520203
    outer loop
      vertex 20.0 10.0 13.739042282104492
      vertex 19.0 11.0 13.81176471710205
      vertex 19.0 10.0 13.81176471710205
    endloop
  endfacet
  facet normal 0.002103331731632352 -0.07043831050395966 0.9975138902664185
    outer loop
      vertex 20.0 11.0 13.809656143188477
      vertex 19.0 11.0 13.81176471710205
      vertex 20.0 10.0 13.739042282104492
    endloop
  endfacet
  facet normal 0.24182836711406708 0.0 -0.9703190326690674
    outer loop
      vertex 19.0 12.0 12.555765151977539
      vertex 20.0 11.0 12.804990768432617
      vertex 19.0 11.0 12.555765151977539
    endloop
  endfacet
  facet normal 0.24182836711406708 0.0 -0.9703190326690674
    outer loop
      vertex 19.0 12.0 12.555765151977539
      vertex 20.0 12.0 12.804990768432617
      vertex 20.0 11.0 12.804990768432617
    endloop
  endfacet
  facet normal 0.0021085694897919893 0.0 0.9999978542327881
    outer loop
      vertex 20.0 11.0 13.809656143188477
      vertex 19.0 12.0 13.81176471710205
      vertex 19.0 11.0 13.81176471710205
    endloop
  endfacet
  facet normal 0.0021085694897919893 0.0 0.9999978542327881
    outer loop
      vertex 20.0 12.0 13.809656143188477
      vertex 19.0 12.0 13.81176471710205
      vertex 20.0 11.0 13.809656143188477
    endloop
  endfacet
  facet normal 0.24137631058692932 0.061116237193346024 -0.9685052037239075
    outer loop
      vertex 19.0 13.0 12.618868827819824
      vertex 20.0 12.0 12.804990768432617
      vertex 19.0 12.0 12.555765151977539
    endloop
  endfacet
  facet normal 0.24323305487632751 0.06308294832706451 -0.967914342880249
    outer loop
      vertex 19.0 13.0 12.618868827819824
      vertex 20.0 13.0 12.87016487121582
      vertex 20.0 12.0 12.804990768432617
    endloop
  endfacet
  facet normal 0.0021085694897919893 0.0 0.9999978542327881
    outer loop
      vertex 20.0 12.0 13.809656143188477
      vertex 19.0 13.0 13.81176471710205
      vertex 19.0 12.0 13.81176471710205
    endloop
  endfacet
  facet normal 0.07235167920589447 0.07025385648012161 0.9949017763137817
    outer loop
      vertex 20.0 13.0 13.739042282104492
      vertex 19.0 13.0 13.81176471710205
      vertex 20.0 12.0 13.809656143188477
    endloop
  endfacet
  facet normal 0.242938831448555 0.07992274314165115 -0.9667435884475708
    outer loop
      vertex 19.0 14.0 12.70154094696045
      vertex 20.0 13.0 12.87016487121582
      vertex 19.0 13.0 12.618868827819824
    endloop
  endfacet
  facet normal 0.2820693552494049 0.12159723043441772 -0.9516568779945374
    outer loop
      vertex 19.0 14.0 12.70154094696045
      vertex 20.0 14.0 12.997939109802246
      vertex 20.0 13.0 12.87016487121582
    endloop
  endfacet
  facet normal 0.07253089547157288 0.0 0.9973661303520203
    outer loop
      vertex 20.0 13.0 13.739042282104492
      vertex 19.0 14.0 13.81176471710205
      vertex 19.0 13.0 13.81176471710205
    endloop
  endfacet
  facet normal 0.5336195826530457 0.4831402897834778 0.6941365003585815
    outer loop
      vertex 20.0 14.0 13.043011665344238
      vertex 19.0 14.0 13.81176471710205
      vertex 20.0 13.0 13.739042282104492
    endloop
  endfacet
  facet normal 0.39415088295936584 0.19193768501281738 -0.8987797498703003
    outer loop
      vertex 19.0 15.0 12.77264404296875
      vertex 19.5184383392334 15.0 13.0
      vertex 20.0 14.011096000671387 13.0
    endloop
  endfacet
  facet normal 0.3746785819530487 0.16930745542049408 -0.9115651249885559
    outer loop
      vertex 20.0 14.0 12.997939109802246
      vertex 19.0 15.0 12.77264404296875
      vertex 20.0 14.011096000671387 13.0
    endloop
  endfacet
  facet normal 0.28352007269859314 0.0680137649178505 -0.9565513134002686
    outer loop
      vertex 19.0 14.0 12.70154094696045
      vertex 19.0 15.0 12.77264404296875
      vertex 20.0 14.0 12.997939109802246
    endloop
  endfacet
  facet normal 0.8933854699134827 0.4350474774837494 0.1122320368885994
    outer loop
      vertex 20.0 14.0 13.043011665344238
      vertex 20.0 14.011096000671387 13.0
      vertex 19.5184383392334 15.0 13.0
    endloop
  endfacet
  facet normal 0.7745205163955688 0.39425522089004517 0.49465212225914
    outer loop
      vertex 19.0 15.0 13.81176471710205
      vertex 20.0 14.0 13.043011665344238
      vertex 19.5184383392334 15.0 13.0
    endloop
  endfacet
  facet normal 0.6094727516174316 -0.0 0.7928069829940796
    outer loop
      vertex 19.0 14.0 13.81176471710205
      vertex 20.0 14.0 13.043011665344238
      vertex 19.0 15.0 13.81176471710205
    endloop
  endfacet
  facet normal 0.4316505789756775 0.1656792312860489 -0.8866950869560242
    outer loop
      vertex 19.0 16.0 12.934470176696777
      vertex 19.134611129760742 16.0 13.0
      vertex 19.5184383392334 15.0 13.0
    endloop
  endfacet
  facet normal 0.39727896451950073 0.14660035073757172 -0.9059126973152161
    outer loop
      vertex 19.0 16.0 12.934470176696777
      vertex 19.5184383392334 15.0 13.0
      vertex 19.0 15.0 12.77264404296875
    endloop
  endfacet
  facet normal 0.9736055135726929 0.049759991466999054 0.22274698317050934
    outer loop
      vertex 19.134611129760742 16.0 13.0
      vertex 19.0 16.0 13.588372230529785
      vertex 19.0 15.0 13.81176471710205
    endloop
  endfacet
  facet normal 0.8018742203712463 0.3077811300754547 0.5121217370033264
    outer loop
      vertex 19.134611129760742 16.0 13.0
      vertex 19.0 15.0 13.81176471710205
      vertex 19.5184383392334 15.0 13.0
    endloop
  endfacet
  facet normal 0.4216671288013458 0.2681729793548584 -0.8661870360374451
    outer loop
      vertex 19.0 16.211658477783203 13.0
      vertex 19.134611129760742 16.0 13.0
      vertex 19.0 16.0 12.934470176696777
    endloop
  endfacet
  facet normal 0.8285095691680908 0.5269177556037903 0.18955110013484955
    outer loop
      vertex 19.134611129760742 16.0 13.0
      vertex 19.0 16.211658477783203 13.0
      vertex 19.0 16.0 13.588372230529785
    endloop
  endfacet
  facet normal 0.46781980991363525 -0.16139481961727142 -0.8689627647399902
    outer loop
      vertex 20.0 9.0 12.997939109802246
      vertex 20.003828048706055 9.0 13.0
      vertex 20.0 8.988903999328613 13.0
    endloop
  endfacet
  facet normal 0.9419965744018555 -0.32498273253440857 0.08383791893720627
    outer loop
      vertex 20.003828048706055 9.0 13.0
      vertex 20.0 9.0 13.043011665344238
      vertex 20.0 8.988903999328613 13.0
    endloop
  endfacet
  facet normal 0.4796766936779022 -0.11116896569728851 -0.8703745603561401
    outer loop
      vertex 20.0 10.0 12.87016487121582
      vertex 20.235586166381836 10.0 13.0
      vertex 20.003828048706055 9.0 13.0
    endloop
  endfacet
  facet normal 0.4710625112056732 -0.11180068552494049 -0.8749861121177673
    outer loop
      vertex 20.0 10.0 12.87016487121582
      vertex 20.003828048706055 9.0 13.0
      vertex 20.0 9.0 12.997939109802246
    endloop
  endfacet
  facet normal 0.9321626424789429 -0.20682381093502045 0.29714757204055786
    outer loop
      vertex 20.235586166381836 10.0 13.0
      vertex 20.0 10.0 13.739042282104492
      vertex 20.0 9.0 13.043011665344238
    endloop
  endfacet
  facet normal 0.9705386757850647 -0.22493021190166473 0.08637817949056625
    outer loop
      vertex 20.235586166381836 10.0 13.0
      vertex 20.0 9.0 13.043011665344238
      vertex 20.003828048706055 9.0 13.0
    endloop
  endfacet
  facet normal 0.4864400029182434 -0.05544041097164154 -0.8719532489776611
    outer loop
      vertex 20.0 11.0 12.804990768432617
      vertex 20.349557876586914 11.0 13.0
      vertex 20.235586166381836 10.0 13.0
    endloop
  endfacet
  facet normal 0.48188409209251404 -0.05698692798614502 -0.8743798732757568
    outer loop
      vertex 20.0 11.0 12.804990768432617
      vertex 20.235586166381836 10.0 13.0
      vertex 20.0 10.0 12.87016487121582
    endloop
  endfacet
  facet normal 0.9177303314208984 -0.027978433296084404 0.396217405796051
    outer loop
      vertex 20.349557876586914 11.0 13.0
      vertex 20.0 11.0 13.809656143188477
      vertex 20.0 10.0 13.739042282104492
    endloop
  endfacet
  facet normal 0.9471951127052307 -0.10795345157384872 0.3019395172595978
    outer loop
      vertex 20.349557876586914 11.0 13.0
      vertex 20.0 10.0 13.739042282104492
      vertex 20.235586166381836 10.0 13.0
    endloop
  endfacet
  facet normal 0.48718929290771484 0.0 -0.8732963800430298
    outer loop
      vertex 20.0 12.0 12.804990768432617
      vertex 20.349557876586914 12.0 13.0
      vertex 20.349557876586914 11.0 13.0
    endloop
  endfacet
  facet normal 0.48718929290771484 0.0 -0.8732963800430298
    outer loop
      vertex 20.0 12.0 12.804990768432617
      vertex 20.349557876586914 11.0 13.0
      vertex 20.0 11.0 12.804990768432617
    endloop
  endfacet
  facet normal 0.918089747428894 0.0 0.39637258648872375
    outer loop
      vertex 20.349557876586914 12.0 13.0
      vertex 20.0 12.0 13.809656143188477
      vertex 20.0 11.0 13.809656143188477
    endloop
  endfacet
  facet normal 0.918089747428894 0.0 0.39637258648872375
    outer loop
      vertex 20.349557876586914 12.0 13.0
      vertex 20.0 11.0 13.809656143188477
      vertex 20.349557876586914 11.0 13.0
    endloop
  endfacet
  facet normal 0.48193979263305664 0.05492750182747841 -0.8744809627532959
    outer loop
      vertex 20.0 13.0 12.87016487121582
      vertex 20.235586166381836 13.0 13.0
      vertex 20.349557876586914 12.0 13.0
    endloop
  endfacet
  facet normal 0.48640209436416626 0.05682434141635895 -0.8718852996826172
    outer loop
      vertex 20.0 13.0 12.87016487121582
      vertex 20.349557876586914 12.0 13.0
      vertex 20.0 12.0 12.804990768432617
    endloop
  endfacet
  facet normal 0.952544093132019 0.02144152857363224 0.3036446273326874
    outer loop
      vertex 20.235586166381836 13.0 13.0
      vertex 20.0 13.0 13.739042282104492
      vertex 20.0 12.0 13.809656143188477
    endloop
  endfacet
  facet normal 0.9131046533584595 0.1040680930018425 0.39422035217285156
    outer loop
      vertex 20.235586166381836 13.0 13.0
      vertex 20.0 12.0 13.809656143188477
      vertex 20.349557876586914 12.0 13.0
    endloop
  endfacet
  facet normal 0.4711993336677551 0.10920427739620209 -0.8752402067184448
    outer loop
      vertex 20.0 14.0 12.997939109802246
      vertex 20.003828048706055 14.0 13.0
      vertex 20.235586166381836 13.0 13.0
    endloop
  endfacet
  facet normal 0.47967439889907837 0.11121091991662979 -0.8703703880310059
    outer loop
      vertex 20.0 14.0 12.997939109802246
      vertex 20.235586166381836 13.0 13.0
      vertex 20.0 13.0 12.87016487121582
    endloop
  endfacet
  facet normal 0.9941721558570862 0.06158587336540222 0.08848156034946442
    outer loop
      vertex 20.003828048706055 14.0 13.0
      vertex 20.0 14.0 13.043011665344238
      vertex 20.0 13.0 13.739042282104492
    endloop
  endfacet
  facet normal 0.9303522706031799 0.21561668813228607 0.29657047986984253
    outer loop
      vertex 20.003828048706055 14.0 13.0
      vertex 20.0 13.0 13.739042282104492
      vertex 20.235586166381836 13.0 13.0
    endloop
  endfacet
  facet normal 0.46781980991363525 0.16139481961727142 -0.8689627647399902
    outer loop
      vertex 20.0 14.011096000671387 13.0
      vertex 20.003828048706055 14.0 13.0
      vertex 20.0 14.0 12.997939109802246
    endloop
  endfacet
  facet normal 0.9419965744018555 0.32498273253440857 0.08383791893720627
    outer loop
      vertex 20.003828048706055 14.0 13.0
      vertex 20.0 14.011096000671387 13.0
      vertex 20.0 14.0 13.043011665344238
    endloop
  endfacet
endsolid labcem
