solid labcem
  facet normal -0.5026373267173767 -0.051718343049287796 -0.8629489541053772
    outer loop
      vertex 5.0 10.0 12.957152366638184
      vertex 5.0 9.285063743591309 13.0
      vertex 4.9264373779296875 10.0 13.0
    endloop
  endfacet
  facet normal -0.9618368148803711 -0.09896719455718994 0.2550990581512451
    outer loop
      vertex 5.0 10.0 13.277363777160645
      vertex 4.9264373779296875 10.0 13.0
      vertex 5.0 9.285063743591309 13.0
    endloop
  endfacet
  facet normal -0.5031365752220154 -0.026319552212953568 -0.8638060688972473
    outer loop
      vertex 5.0 10.0 12.957152366638184
      vertex 4.9264373779296875 10.0 13.0
      vertex 4.874126434326172 11.0 13.0
    endloop
  endfacet
  facet normal -0.5188656449317932 -0.02870357409119606 -0.8543737530708313
    outer loop
      vertex 5.0 10.0 12.957152366638184
      vertex 4.874126434326172 11.0 13.0
      vertex 5.0 11.0 12.923556327819824
    endloop
  endfacet
  facet normal -0.966119647026062 -0.03092801570892334 0.25623494386672974
    outer loop
      vertex 4.9264373779296875 10.0 13.0
      vertex 5.0 10.0 13.277363777160645
      vertex 5.0 11.0 13.398065567016602
    endloop
  endfacet
  facet normal -0.9522828459739685 -0.04981481656432152 0.30112436413764954
    outer loop
      vertex 4.9264373779296875 10.0 13.0
      vertex 5.0 11.0 13.398065567016602
      vertex 4.874126434326172 11.0 13.0
    endloop
  endfacet
  facet normal -0.5190795063972473 0.0 -0.8547258973121643
    outer loop
      vertex 5.0 11.0 12.923556327819824
      vertex 4.874126434326172 11.0 13.0
      vertex 4.874126434326172 12.0 13.0
    endloop
  endfacet
  facet normal -0.5190795063972473 0.0 -0.8547258973121643
    outer loop
      vertex 5.0 11.0 12.923556327819824
      vertex 4.874126434326172 12.0 13.0
      vertex 5.0 12.0 12.923556327819824
    endloop
  endfacet
  facet normal -0.9534665942192078 0.0 0.301498681306839
    outer loop
      vertex 4.874126434326172 11.0 13.0
      vertex 5.0 11.0 13.398065567016602
      vertex 5.0 12.0 13.398065567016602
    endloop
  endfacet
  facet normal -0.9534665942192078 0.0 0.301498681306839
    outer loop
      vertex 4.874126434326172 11.0 13.0
      vertex 5.0 12.0 13.398065567016602
      vertex 4.874126434326172 12.0 13.0
    endloop
  endfacet
  facet normal -0.5188882946968079 0.027143536135554314 -0.8544110059738159
    outer loop
      vertex 5.0 12.0 12.923556327819824
      vertex 4.874126434326172 12.0 13.0
      vertex 4.9264373779296875 13.0 13.0
    endloop
  endfacet
  facet normal -0.5030989646911621 0.02901829592883587 -0.8637415170669556
    outer loop
      vertex 5.0 12.0 12.923556327819824
      vertex 4.9264373779296875 13.0 13.0
      vertex 5.0 13.0 12.957152366638184
    endloop
  endfacet
  facet normal -0.9528359174728394 0.03636735677719116 0.30129924416542053
    outer loop
      vertex 4.874126434326172 12.0 13.0
      vertex 5.0 12.0 13.398065567016602
      vertex 5.0 13.0 13.277363777160645
    endloop
  endfacet
  facet normal -0.9653487801551819 0.05049830675125122 0.25603049993515015
    outer loop
      vertex 4.874126434326172 12.0 13.0
      vertex 5.0 13.0 13.277363777160645
      vertex 4.9264373779296875 13.0 13.0
    endloop
  endfacet
  facet normal -0.5026373267173767 0.051718343049287796 -0.8629489541053772
    outer loop
      vertex 5.0 13.714936256408691 13.0
      vertex 5.0 13.0 12.957152366638184
      vertex 4.9264373779296875 13.0 13.0
    endloop
  endfacet
  facet normal -0.9618368148803711 0.09896719455718994 0.2550990581512451
    outer loop
      vertex 5.0 13.714936256408691 13.0
      vertex 4.9264373779296875 13.0 13.0
      vertex 5.0 13.0 13.277363777160645
    endloop
  endfacet
  facet normal -0.2437531054019928 -0.4651440978050232 -0.8510143756866455
    outer loop
      vertex 6.0 8.0 12.827692985534668
      vertex 6.0 7.684751987457275 13.0
      vertex 5.398425102233887 8.0 13.0
    endloop
  endfacet
  facet normal -0.4183582663536072 -0.7983359694480896 0.43316972255706787
    outer loop
      vertex 6.0 8.0 13.581005096435547
      vertex 5.398425102233887 8.0 13.0
      vertex 6.0 7.684751987457275 13.0
    endloop
  endfacet
  facet normal -0.2743653953075409 -0.08466693013906479 -0.9578909873962402
    outer loop
      vertex 6.0 8.0 12.827692985534668
      vertex 5.398425102233887 8.0 13.0
      vertex 5.0898332595825195 9.0 13.0
    endloop
  endfacet
  facet normal -0.2605716586112976 -0.07126286625862122 -0.9628208875656128
    outer loop
      vertex 6.0 8.0 12.827692985534668
      vertex 5.0898332595825195 9.0 13.0
      vertex 6.0 9.0 12.753678321838379
    endloop
  endfacet
  facet normal -0.6945720314979553 -0.01936282031238079 0.7191625237464905
    outer loop
      vertex 5.398425102233887 8.0 13.0
      vertex 6.0 8.0 13.581005096435547
      vertex 6.0 9.0 13.607929229736328
    endloop
  endfacet
  facet normal -0.5474450588226318 -0.1689370721578598 0.8196123242378235
    outer loop
      vertex 5.398425102233887 8.0 13.0
      vertex 6.0 9.0 13.607929229736328
      vertex 5.0898332595825195 9.0 13.0
    endloop
  endfacet
  facet normal -0.26035505533218384 -0.08204672485589981 -0.9620205760002136
    outer loop
      vertex 6.0 9.0 12.753678321838379
      vertex 5.0898332595825195 9.0 13.0
      vertex 5.0 9.285063743591309 13.0
    endloop
  endfacet
  facet normal -0.2542911171913147 -0.0578581802546978 -0.965395450592041
    outer loop
      vertex 5.0 10.0 12.957152366638184
      vertex 6.0 9.0 12.753678321838379
      vertex 5.0 9.285063743591309 13.0
    endloop
  endfacet
  facet normal -0.2587054669857025 -0.06257122755050659 -0.9639275074005127
    outer loop
      vertex 6.0 10.0 12.688765525817871
      vertex 6.0 9.0 12.753678321838379
      vertex 5.0 10.0 12.957152366638184
    endloop
  endfacet
  facet normal -0.7539648413658142 -0.2375999242067337 0.6124404668807983
    outer loop
      vertex 5.0 10.0 13.277363777160645
      vertex 5.0 9.285063743591309 13.0
      vertex 5.0898332595825195 9.0 13.0
    endloop
  endfacet
  facet normal -0.5347821712493896 -0.27011364698410034 0.8006539344787598
    outer loop
      vertex 6.0 9.0 13.607929229736328
      vertex 5.0 10.0 13.277363777160645
      vertex 5.0898332595825195 9.0 13.0
    endloop
  endfacet
  facet normal -0.31386157870292664 0.0 0.9494687914848328
    outer loop
      vertex 6.0 10.0 13.607929229736328
      vertex 5.0 10.0 13.277363777160645
      vertex 6.0 9.0 13.607929229736328
    endloop
  endfacet
  facet normal -0.2590770423412323 -0.03243065997958183 -0.9653120636940002
    outer loop
      vertex 5.0 11.0 12.923556327819824
      vertex 6.0 10.0 12.688765525817871
      vertex 5.0 10.0 12.957152366638184
    endloop
  endfacet
  facet normal -0.2733791768550873 -0.04781157895922661 -0.9607173204421997
    outer loop
      vertex 5.0 11.0 12.923556327819824
      vertex 6.0 11.0 12.638998985290527
      vertex 6.0 10.0 12.688765525817871
    endloop
  endfacet
  facet normal -0.3118205666542053 -0.11385732889175415 0.9432944655418396
    outer loop
      vertex 6.0 10.0 13.607929229736328
      vertex 5.0 11.0 13.398065567016602
      vertex 5.0 10.0 13.277363777160645
    endloop
  endfacet
  facet normal -0.20538944005966187 0.0 0.9786803722381592
    outer loop
      vertex 6.0 11.0 13.607929229736328
      vertex 5.0 11.0 13.398065567016602
      vertex 6.0 10.0 13.607929229736328
    endloop
  endfacet
  facet normal -0.27369219064712524 -0.0 -0.9618173241615295
    outer loop
      vertex 5.0 12.0 12.923556327819824
      vertex 6.0 11.0 12.638998985290527
      vertex 5.0 11.0 12.923556327819824
    endloop
  endfacet
  facet normal -0.27369219064712524 0.0 -0.9618173241615295
    outer loop
      vertex 5.0 12.0 12.923556327819824
      vertex 6.0 12.0 12.638998985290527
      vertex 6.0 11.0 12.638998985290527
    endloop
  endfacet
  facet normal -0.20538944005966187 0.0 0.9786803722381592
    outer loop
      vertex 6.0 11.0 13.607929229736328
      vertex 5.0 12.0 13.398065567016602
      vertex 5.0 11.0 13.398065567016602
    endloop
  endfacet
  facet normal -0.20538944005966187 0.0 0.9786803722381592
    outer loop
      vertex 6.0 12.0 13.607929229736328
      vertex 5.0 12.0 13.398065567016602
      vertex 6.0 11.0 13.607929229736328
    endloop
  endfacet
  facet normal -0.2735494077205658 0.03229639679193497 -0.9613155722618103
    outer loop
      vertex 5.0 13.0 12.957152366638184
      vertex 6.0 12.0 12.638998985290527
      vertex 5.0 12.0 12.923556327819824
    endloop
  endfacet
  facet normal -0.2589145004749298 0.048010099679231644 -0.9647063612937927
    outer loop
      vertex 5.0 13.0 12.957152366638184
      vertex 6.0 13.0 12.688765525817871
      vertex 6.0 12.0 12.638998985290527
    endloop
  endfacet
  facet normal -0.20397122204303741 0.11731278896331787 0.9719225168228149
    outer loop
      vertex 6.0 12.0 13.607929229736328
      vertex 5.0 13.0 13.277363777160645
      vertex 5.0 12.0 13.398065567016602
    endloop
  endfacet
  facet normal -0.31386157870292664 0.0 0.9494687914848328
    outer loop
      vertex 6.0 13.0 13.607929229736328
      vertex 5.0 13.0 13.277363777160645
      vertex 6.0 12.0 13.607929229736328
    endloop
  endfacet
  facet normal -0.18650811910629272 0.05877503380179405 -0.9806937575340271
    outer loop
      vertex 5.0 13.0 12.957152366638184
      vertex 5.0 13.714936256408691 13.0
      vertex 5.0898332595825195 14.0 13.0
    endloop
  endfacet
  facet normal -0.2606886327266693 0.06469161808490753 -0.9632530808448792
    outer loop
      vertex 6.0 14.0 12.753678321838379
      vertex 5.0 13.0 12.957152366638184
      vertex 5.0898332595825195 14.0 13.0
    endloop
  endfacet
  facet normal -0.2587054669857025 0.06257122755050659 -0.9639275074005127
    outer loop
      vertex 6.0 13.0 12.688765525817871
      vertex 5.0 13.0 12.957152366638184
      vertex 6.0 14.0 12.753678321838379
    endloop
  endfacet
  facet normal -0.5471106171607971 0.172413170337677 0.8191115856170654
    outer loop
      vertex 6.0 14.0 13.607929229736328
      vertex 5.0898332595825195 14.0 13.0
      vertex 5.0 13.714936256408691 13.0
    endloop
  endfacet
  facet normal -0.5565448999404907 0.300498902797699 0.7745696306228638
    outer loop
      vertex 5.0 13.0 13.277363777160645
      vertex 6.0 14.0 13.607929229736328
      vertex 5.0 13.714936256408691 13.0
    endloop
  endfacet
  facet normal -0.31386157870292664 0.0 0.9494687914848328
    outer loop
      vertex 6.0 13.0 13.607929229736328
      vertex 6.0 14.0 13.607929229736328
      vertex 5.0 13.0 13.277363777160645
    endloop
  endfacet
  facet normal -0.26039108633995056 0.08035457134246826 -0.9621536731719971
    outer loop
      vertex 6.0 14.0 12.753678321838379
      vertex 5.0898332595825195 14.0 13.0
      vertex 5.398425102233887 15.0 13.0
    endloop
  endfacet
  facet normal -0.2746597230434418 0.07097402960062027 -0.958918571472168
    outer loop
      vertex 6.0 14.0 12.753678321838379
      vertex 5.398425102233887 15.0 13.0
      vertex 6.0 15.0 12.827692985534668
    endloop
  endfacet
  facet normal -0.5552891492843628 0.02238353155553341 0.8313561677932739
    outer loop
      vertex 5.0898332595825195 14.0 13.0
      vertex 6.0 14.0 13.607929229736328
      vertex 6.0 15.0 13.581005096435547
    endloop
  endfacet
  facet normal -0.6792685389518738 0.2096167355775833 0.7033172249794006
    outer loop
      vertex 5.0898332595825195 14.0 13.0
      vertex 6.0 15.0 13.581005096435547
      vertex 5.398425102233887 15.0 13.0
    endloop
  endfacet
  facet normal -0.24375301599502563 0.4651446044445038 -0.8510140776634216
    outer loop
      vertex 6.0 15.315247535705566 13.0
      vertex 6.0 15.0 12.827692985534668
      vertex 5.398425102233887 15.0 13.0
    endloop
  endfacet
  facet normal -0.41835784912109375 0.798336386680603 0.43316930532455444
    outer loop
      vertex 6.0 15.315247535705566 13.0
      vertex 5.398425102233887 15.0 13.0
      vertex 6.0 15.0 13.581005096435547
    endloop
  endfacet
  facet normal -0.10062649101018906 -0.5964759588241577 -0.7962982058525085
    outer loop
      vertex 7.0 8.0 12.637492179870605
      vertex 7.0 7.516050338745117 13.0
      vertex 6.0 7.684751987457275 13.0
    endloop
  endfacet
  facet normal -0.16462069749832153 -0.473067045211792 -0.8655099868774414
    outer loop
      vertex 7.0 8.0 12.637492179870605
      vertex 6.0 7.684751987457275 13.0
      vertex 6.0 8.0 12.827692985534668
    endloop
  endfacet
  facet normal -0.14667683839797974 -0.869445264339447 0.47175297141075134
    outer loop
      vertex 6.0 8.0 13.581005096435547
      vertex 6.0 7.684751987457275 13.0
      vertex 7.0 7.516050338745117 13.0
    endloop
  endfacet
  facet normal -0.016766393557190895 -0.7822593450546265 0.6227273344993591
    outer loop
      vertex 6.0 8.0 13.581005096435547
      vertex 7.0 7.516050338745117 13.0
      vertex 7.0 8.0 13.607929229736328
    endloop
  endfacet
  facet normal -0.18635906279087067 -0.0725196897983551 -0.9798016548156738
    outer loop
      vertex 6.0 9.0 12.753678321838379
      vertex 7.0 8.0 12.637492179870605
      vertex 6.0 8.0 12.827692985534668
    endloop
  endfacet
  facet normal -0.5131685733795166 -0.42664021253585815 -0.7447389960289001
    outer loop
      vertex 6.0 9.0 12.753678321838379
      vertex 7.0 9.0 12.064620018005371
      vertex 7.0 8.0 12.637492179870605
    endloop
  endfacet
  facet normal -0.02690463699400425 -0.02690463699400425 0.9992758631706238
    outer loop
      vertex 7.0 8.0 13.607929229736328
      vertex 6.0 9.0 13.607929229736328
      vertex 6.0 8.0 13.581005096435547
    endloop
  endfacet
  facet normal 0.0 0.0 1.0
    outer loop
      vertex 7.0 9.0 13.607929229736328
      vertex 6.0 9.0 13.607929229736328
      vertex 7.0 8.0 13.607929229736328
    endloop
  endfacet
  facet normal -0.6031872630119324 -0.19253644347190857 -0.7740122079849243
    outer loop
      vertex 7.0 10.0 11.76834487915039
      vertex 7.0 9.068727493286133 12.0
      vertex 6.702739238739014 10.0 12.0
    endloop
  endfacet
  facet normal -0.9064207077026367 -0.28932809829711914 -0.30771884322166443
    outer loop
      vertex 7.0 9.068727493286133 12.0
      vertex 7.0 9.0 12.064620018005371
      vertex 6.702739238739014 10.0 12.0
    endloop
  endfacet
  facet normal -0.678391695022583 -0.24638628959655762 -0.6921549439430237
    outer loop
      vertex 7.0 9.0 12.064620018005371
      vertex 6.0 10.0 12.688765525817871
      vertex 6.702739238739014 10.0 12.0
    endloop
  endfacet
  facet normal -0.5665909647941589 -0.05337575078010559 -0.822268545627594
    outer loop
      vertex 7.0 9.0 12.064620018005371
      vertex 6.0 9.0 12.753678321838379
      vertex 6.0 10.0 12.688765525817871
    endloop
  endfacet
  facet normal 0.0 0.0 1.0
    outer loop
      vertex 7.0 9.0 13.607929229736328
      vertex 6.0 10.0 13.607929229736328
      vertex 6.0 9.0 13.607929229736328
    endloop
  endfacet
  facet normal 0.0 0.0 1.0
    outer loop
      vertex 7.0 10.0 13.607929229736328
      vertex 6.0 10.0 13.607929229736328
      vertex 7.0 9.0 13.607929229736328
    endloop
  endfacet
  facet normal -0.6142168641090393 -0.039150334894657135 -0.7881655097007751
    outer loop
      vertex 7.0 10.0 11.76834487915039
      vertex 6.702739238739014 10.0 12.0
      vertex 6.638998985290527 11.0 12.0
    endloop
  endfacet
  facet normal -0.6297258734703064 -0.047717757523059845 -0.7753505110740662
    outer loop
      vertex 7.0 10.0 11.76834487915039
      vertex 6.638998985290527 11.0 12.0
      vertex 7.0 11.0 11.706801414489746
    endloop
  endfacet
  facet normal -0.7066693305969238 -0.03516848757863045 -0.7066693305969238
    outer loop
      vertex 6.0 11.0 12.638998985290527
      vertex 6.638998985290527 11.0 12.0
      vertex 6.0 10.0 12.688765525817871
    endloop
  endfacet
  facet normal -0.6992749571800232 -0.044571973383426666 -0.7134619355201721
    outer loop
      vertex 6.0 10.0 12.688765525817871
      vertex 6.638998985290527 11.0 12.0
      vertex 6.702739238739014 10.0 12.0
    endloop
  endfacet
  facet normal 0.0 0.0 1.0
    outer loop
      vertex 7.0 10.0 13.607929229736328
      vertex 6.0 11.0 13.607929229736328
      vertex 6.0 10.0 13.607929229736328
    endloop
  endfacet
  facet normal 0.0 0.0 1.0
    outer loop
      vertex 7.0 11.0 13.607929229736328
      vertex 6.0 11.0 13.607929229736328
      vertex 7.0 10.0 13.607929229736328
    endloop
  endfacet
  facet normal -0.6304439902305603 0.0 -0.7762347459793091
    outer loop
      vertex 7.0 11.0 11.706801414489746
      vertex 6.638998985290527 11.0 12.0
      vertex 6.638998985290527 12.0 12.0
    endloop
  endfacet
  facet normal -0.6304439902305603 0.0 -0.7762347459793091
    outer loop
      vertex 7.0 11.0 11.706801414489746
      vertex 6.638998985290527 12.0 12.0
      vertex 7.0 12.0 11.706801414489746
    endloop
  endfacet
  facet normal -0.7071067690849304 -0.0 -0.7071067690849304
    outer loop
      vertex 6.0 12.0 12.638998985290527
      vertex 6.638998985290527 12.0 12.0
      vertex 6.0 11.0 12.638998985290527
    endloop
  endfacet
  facet normal -0.7071067690849304 0.0 -0.7071067690849304
    outer loop
      vertex 6.0 11.0 12.638998985290527
      vertex 6.638998985290527 12.0 12.0
      vertex 6.638998985290527 11.0 12.0
    endloop
  endfacet
  facet normal 0.0 0.0 1.0
    outer loop
      vertex 7.0 11.0 13.607929229736328
      vertex 6.0 12.0 13.607929229736328
      vertex 6.0 11.0 13.607929229736328
    endloop
  endfacet
  facet normal 0.0 0.0 1.0
    outer loop
      vertex 7.0 12.0 13.607929229736328
      vertex 6.0 12.0 13.607929229736328
      vertex 7.0 11.0 13.607929229736328
    endloop
  endfacet
  facet normal -0.629935622215271 0.040152255445718765 -0.7756087779998779
    outer loop
      vertex 7.0 12.0 11.706801414489746
      vertex 6.638998985290527 12.0 12.0
      vertex 6.702739238739014 13.0 12.0
    endloop
  endfacet
  facet normal -0.6139651536941528 0.048486556857824326 -0.7878425121307373
    outer loop
      vertex 7.0 12.0 11.706801414489746
      vertex 6.702739238739014 13.0 12.0
      vertex 7.0 13.0 11.76834487915039
    endloop
  endfacet
  facet normal -0.6995289325714111 0.03551942855119705 -0.7137210369110107
    outer loop
      vertex 6.0 13.0 12.688765525817871
      vertex 6.702739238739014 13.0 12.0
      vertex 6.0 12.0 12.638998985290527
    endloop
  endfacet
  facet normal -0.7063896656036377 0.04502543807029724 -0.7063896656036377
    outer loop
      vertex 6.0 12.0 12.638998985290527
      vertex 6.702739238739014 13.0 12.0
      vertex 6.638998985290527 12.0 12.0
    endloop
  endfacet
  facet normal 0.0 0.0 1.0
    outer loop
      vertex 7.0 12.0 13.607929229736328
      vertex 6.0 13.0 13.607929229736328
      vertex 6.0 12.0 13.607929229736328
    endloop
  endfacet
  facet normal 0.0 0.0 1.0
    outer loop
      vertex 7.0 13.0 13.607929229736328
      vertex 6.0 13.0 13.607929229736328
      vertex 7.0 12.0 13.607929229736328
    endloop
  endfacet
  facet normal -0.6031872630119324 0.19253644347190857 -0.7740122079849243
    outer loop
      vertex 7.0 13.931272506713867 12.0
      vertex 7.0 13.0 11.76834487915039
      vertex 6.702739238739014 13.0 12.0
    endloop
  endfacet
  facet normal -0.6831271052360535 0.21805313229560852 -0.6969864368438721
    outer loop
      vertex 6.702739238739014 13.0 12.0
      vertex 6.0 13.0 12.688765525817871
      vertex 7.0 13.931272506713867 12.0
    endloop
  endfacet
  facet normal -0.7516781091690063 0.4517788589000702 -0.48049551248550415
    outer loop
      vertex 6.0 13.0 12.688765525817871
      vertex 7.0 14.0 12.064620018005371
      vertex 7.0 13.931272506713867 12.0
    endloop
  endfacet
  facet normal -0.5665909647941589 0.05337575078010559 -0.822268545627594
    outer loop
      vertex 6.0 13.0 12.688765525817871
      vertex 6.0 14.0 12.753678321838379
      vertex 7.0 14.0 12.064620018005371
    endloop
  endfacet
  facet normal 0.0 0.0 1.0
    outer loop
      vertex 7.0 13.0 13.607929229736328
      vertex 6.0 14.0 13.607929229736328
      vertex 6.0 13.0 13.607929229736328
    endloop
  endfacet
  facet normal 0.0 0.0 1.0
    outer loop
      vertex 7.0 14.0 13.607929229736328
      vertex 6.0 14.0 13.607929229736328
      vertex 7.0 13.0 13.607929229736328
    endloop
  endfacet
  facet normal -0.5663489699363708 0.06083393841981888 -0.8219173550605774
    outer loop
      vertex 6.0 15.0 12.827692985534668
      vertex 7.0 14.0 12.064620018005371
      vertex 6.0 14.0 12.753678321838379
    endloop
  endfacet
  facet normal -0.16283509135246277 0.4904484748840332 -0.8561220169067383
    outer loop
      vertex 6.0 15.0 12.827692985534668
      vertex 7.0 15.0 12.637492179870605
      vertex 7.0 14.0 12.064620018005371
    endloop
  endfacet
  facet normal 0.0 0.026914380490779877 0.9996377229690552
    outer loop
      vertex 7.0 14.0 13.607929229736328
      vertex 6.0 15.0 13.581005096435547
      vertex 6.0 14.0 13.607929229736328
    endloop
  endfacet
  facet normal -0.026914380490779877 0.0 0.9996377229690552
    outer loop
      vertex 7.0 15.0 13.607929229736328
      vertex 6.0 15.0 13.581005096435547
      vertex 7.0 14.0 13.607929229736328
    endloop
  endfacet
  facet normal -0.1504954695701599 0.5926908254623413 -0.7912450432777405
    outer loop
      vertex 7.0 15.483949661254883 13.0
      vertex 7.0 15.0 12.637492179870605
      vertex 6.0 15.0 12.827692985534668
    endloop
  endfacet
  facet normal -0.08064783364534378 0.478048712015152 -0.8746230006217957
    outer loop
      vertex 7.0 15.483949661254883 13.0
      vertex 6.0 15.0 12.827692985534668
      vertex 6.0 15.315247535705566 13.0
    endloop
  endfacet
  facet normal -0.012839334085583687 0.8788794279098511 0.47687116265296936
    outer loop
      vertex 6.0 15.315247535705566 13.0
      vertex 6.0 15.0 13.581005096435547
      vertex 7.0 15.0 13.607929229736328
    endloop
  endfacet
  facet normal -0.13085252046585083 0.7756423950195312 0.6174598336219788
    outer loop
      vertex 6.0 15.315247535705566 13.0
      vertex 7.0 15.0 13.607929229736328
      vertex 7.0 15.483949661254883 13.0
    endloop
  endfacet
  facet normal -0.36855393648147583 -0.5473331809043884 -0.7513949871063232
    outer loop
      vertex 8.0 8.0 11.9714994430542
      vertex 8.0 7.960873603820801 12.0
      vertex 7.941894054412842 8.0 12.0
    endloop
  endfacet
  facet normal -0.4763055443763733 -0.5271449089050293 -0.7037410140037537
    outer loop
      vertex 7.0 7.516050338745117 13.0
      vertex 7.0 8.0 12.637492179870605
      vertex 7.941894054412842 8.0 12.0
    endloop
  endfacet
  facet normal -0.4095107614994049 -0.6081574559211731 -0.6800333857536316
    outer loop
      vertex 8.0 7.960873603820801 12.0
      vertex 7.0 7.516050338745117 13.0
      vertex 7.941894054412842 8.0 12.0
    endloop
  endfacet
  facet normal -0.23077081143856049 -0.7822003960609436 -0.578711748123169
    outer loop
      vertex 8.0 7.221022605895996 13.0
      vertex 7.0 7.516050338745117 13.0
      vertex 8.0 7.960873603820801 12.0
    endloop
  endfacet
  facet normal -0.2249070554971695 -0.7623251676559448 0.6068584322929382
    outer loop
      vertex 7.0 8.0 13.607929229736328
      vertex 7.0 7.516050338745117 13.0
      vertex 8.0 7.221022605895996 13.0
    endloop
  endfacet
  facet normal 0.0 -0.6152374148368835 0.7883418202400208
    outer loop
      vertex 7.0 8.0 13.607929229736328
      vertex 8.0 7.221022605895996 13.0
      vertex 8.0 8.0 13.607929229736328
    endloop
  endfacet
  facet normal -0.4107833504676819 -0.36036956310272217 -0.8374908566474915
    outer loop
      vertex 8.0 8.0 11.9714994430542
      vertex 7.941894054412842 8.0 12.0
      vertex 7.064620018005371 9.0 12.0
    endloop
  endfacet
  facet normal -0.3711546063423157 -0.3223516345024109 -0.8708236217498779
    outer loop
      vertex 8.0 8.0 11.9714994430542
      vertex 7.064620018005371 9.0 12.0
      vertex 8.0 9.0 11.601330757141113
    endloop
  endfacet
  facet normal -0.6553773880004883 -0.37544748187065125 -0.6553773880004883
    outer loop
      vertex 7.0 9.0 12.064620018005371
      vertex 7.064620018005371 9.0 12.0
      vertex 7.0 8.0 12.637492179870605
    endloop
  endfacet
  facet normal -0.5029882788658142 -0.4412585496902466 -0.7431646585464478
    outer loop
      vertex 7.0 8.0 12.637492179870605
      vertex 7.064620018005371 9.0 12.0
      vertex 7.941894054412842 8.0 12.0
    endloop
  endfacet
  facet normal 0.0 0.0 1.0
    outer loop
      vertex 8.0 8.0 13.607929229736328
      vertex 7.0 9.0 13.607929229736328
      vertex 7.0 8.0 13.607929229736328
    endloop
  endfacet
  facet normal 0.0 0.0 1.0
    outer loop
      vertex 8.0 9.0 13.607929229736328
      vertex 7.0 9.0 13.607929229736328
      vertex 8.0 8.0 13.607929229736328
    endloop
  endfacet
  facet normal -0.7168093323707581 -0.35737448930740356 -0.5987218618392944
    outer loop
      vertex 8.0 10.0 10.970293998718262
      vertex 8.0 9.95023250579834 11.0
      vertex 7.9751877784729 10.0 11.0
    endloop
  endfacet
  facet normal -0.7314187288284302 -0.3646581768989563 -0.5762386918067932
    outer loop
      vertex 7.9751877784729 10.0 11.0
      vertex 8.0 9.95023250579834 11.0
      vertex 8.0 9.0 11.601330757141113
    endloop
  endfacet
  facet normal -0.341670960187912 -0.49053284525871277 -0.801647424697876
    outer loop
      vertex 7.9751877784729 10.0 11.0
      vertex 8.0 9.0 11.601330757141113
      vertex 7.064620018005371 9.0 12.0
    endloop
  endfacet
  facet normal -0.6041767001152039 -0.21668075025081635 -0.7668246030807495
    outer loop
      vertex 7.0 10.0 11.76834487915039
      vertex 7.9751877784729 10.0 11.0
      vertex 7.064620018005371 9.0 12.0
    endloop
  endfacet
  facet normal -0.24867388606071472 -0.23381198942661285 -0.9399433135986328
    outer loop
      vertex 7.0 9.068727493286133 12.0
      vertex 7.0 10.0 11.76834487915039
      vertex 7.064620018005371 9.0 12.0
    endloop
  endfacet
  facet normal -0.588842511177063 -0.5536505579948425 -0.588842511177063
    outer loop
      vertex 7.0 9.068727493286133 12.0
      vertex 7.064620018005371 9.0 12.0
      vertex 7.0 9.0 12.064620018005371
    endloop
  endfacet
  facet normal 0.0 0.0 1.0
    outer loop
      vertex 8.0 9.0 13.607929229736328
      vertex 7.0 10.0 13.607929229736328
      vertex 7.0 9.0 13.607929229736328
    endloop
  endfacet
  facet normal 0.0 0.0 1.0
    outer loop
      vertex 8.0 10.0 13.607929229736328
      vertex 7.0 10.0 13.607929229736328
      vertex 8.0 9.0 13.607929229736328
    endloop
  endfacet
  facet normal -0.7527626752853394 -0.19498443603515625 -0.6287522315979004
    outer loop
      vertex 8.0 10.0 10.970293998718262
      vertex 7.9751877784729 10.0 11.0
      vertex 7.71616268157959 11.0 11.0
    endloop
  endfacet
  facet normal -0.7737714648246765 -0.2017877697944641 -0.6004660129547119
    outer loop
      vertex 8.0 10.0 10.970293998718262
      vertex 7.71616268157959 11.0 11.0
      vertex 8.0 11.0 10.634242057800293
    endloop
  endfacet
  facet normal -0.7017667889595032 -0.043761178851127625 -0.7110613584518433
    outer loop
      vertex 7.0 11.0 11.706801414489746
      vertex 7.71616268157959 11.0 11.0
      vertex 7.0 10.0 11.76834487915039
    endloop
  endfacet
  facet normal -0.6110779047012329 -0.15828447043895721 -0.7755836248397827
    outer loop
      vertex 7.0 10.0 11.76834487915039
      vertex 7.71616268157959 11.0 11.0
      vertex 7.9751877784729 10.0 11.0
    endloop
  endfacet
  facet normal 0.0 0.0 1.0
    outer loop
      vertex 8.0 10.0 13.607929229736328
      vertex 7.0 11.0 13.607929229736328
      vertex 7.0 10.0 13.607929229736328
    endloop
  endfacet
  facet normal 0.0 0.0 1.0
    outer loop
      vertex 8.0 11.0 13.607929229736328
      vertex 7.0 11.0 13.607929229736328
      vertex 8.0 10.0 13.607929229736328
    endloop
  endfacet
  facet normal -0.7900228500366211 0.0 -0.6130774617195129
    outer loop
      vertex 8.0 11.0 10.634242057800293
      vertex 7.71616268157959 11.0 11.0
      vertex 7.71616268157959 12.0 11.0
    endloop
  endfacet
  facet normal -0.7900228500366211 0.0 -0.6130774617195129
    outer loop
      vertex 8.0 11.0 10.634242057800293
      vertex 7.71616268157959 12.0 11.0
      vertex 8.0 12.0 10.634242057800293
    endloop
  endfacet
  facet normal -0.7024397253990173 -0.0 -0.711743175983429
    outer loop
      vertex 7.0 12.0 11.706801414489746
      vertex 7.71616268157959 12.0 11.0
      vertex 7.0 11.0 11.706801414489746
    endloop
  endfacet
  facet normal -0.7024397253990173 0.0 -0.711743175983429
    outer loop
      vertex 7.0 11.0 11.706801414489746
      vertex 7.71616268157959 12.0 11.0
      vertex 7.71616268157959 11.0 11.0
    endloop
  endfacet
  facet normal 0.0 0.0 1.0
    outer loop
      vertex 8.0 11.0 13.607929229736328
      vertex 7.0 12.0 13.607929229736328
      vertex 7.0 11.0 13.607929229736328
    endloop
  endfacet
  facet normal 0.0 0.0 1.0
    outer loop
      vertex 8.0 12.0 13.607929229736328
      vertex 7.0 12.0 13.607929229736328
      vertex 8.0 11.0 13.607929229736328
    endloop
  endfacet
  facet normal -0.7739834189414978 0.2004811316728592 -0.600630521774292
    outer loop
      vertex 8.0 12.0 10.634242057800293
      vertex 7.71616268157959 12.0 11.0
      vertex 7.9751877784729 13.0 11.0
    endloop
  endfacet
  facet normal -0.7502811551094055 0.21059685945510864 -0.6266794800758362
    outer loop
      vertex 8.0 12.0 10.634242057800293
      vertex 7.9751877784729 13.0 11.0
      vertex 8.0 13.0 10.970293998718262
    endloop
  endfacet
  facet normal -0.6181578636169434 0.04828512668609619 -0.7845695614814758
    outer loop
      vertex 7.0 13.0 11.76834487915039
      vertex 7.9751877784729 13.0 11.0
      vertex 7.0 12.0 11.706801414489746
    endloop
  endfacet
  facet normal -0.691093385219574 0.1790105253458023 -0.7002465724945068
    outer loop
      vertex 7.0 12.0 11.706801414489746
      vertex 7.9751877784729 13.0 11.0
      vertex 7.71616268157959 12.0 11.0
    endloop
  endfacet
  facet normal 0.0 0.0 1.0
    outer loop
      vertex 8.0 12.0 13.607929229736328
      vertex 7.0 13.0 13.607929229736328
      vertex 7.0 12.0 13.607929229736328
    endloop
  endfacet
  facet normal 0.0 0.0 1.0
    outer loop
      vertex 8.0 13.0 13.607929229736328
      vertex 7.0 13.0 13.607929229736328
      vertex 8.0 12.0 13.607929229736328
    endloop
  endfacet
  facet normal -0.7168093323707581 0.35737448930740356 -0.5987218618392944
    outer loop
      vertex 8.0 13.04976749420166 11.0
      vertex 8.0 13.0 10.970293998718262
      vertex 7.9751877784729 13.0 11.0
    endloop
  endfacet
  facet normal -0.33884769678115845 0.5031105279922485 -0.7950233817100525
    outer loop
      vertex 8.0 14.0 11.601330757141113
      vertex 8.0 13.04976749420166 11.0
      vertex 7.064620018005371 14.0 12.0
    endloop
  endfacet
  facet normal -0.4373266100883484 0.4111899435520172 -0.7997926473617554
    outer loop
      vertex 7.064620018005371 14.0 12.0
      vertex 8.0 13.04976749420166 11.0
      vertex 7.0 13.931272506713867 12.0
    endloop
  endfacet
  facet normal -0.5487648248672485 0.2735937237739563 -0.7899390459060669
    outer loop
      vertex 8.0 13.04976749420166 11.0
      vertex 7.9751877784729 13.0 11.0
      vertex 7.0 13.931272506713867 12.0
    endloop
  endfacet
  facet normal -0.6073939800262451 0.19176426529884338 -0.7709079384803772
    outer loop
      vertex 7.9751877784729 13.0 11.0
      vertex 7.0 13.0 11.76834487915039
      vertex 7.0 13.931272506713867 12.0
    endloop
  endfacet
  facet normal -0.588842511177063 0.5536505579948425 -0.588842511177063
    outer loop
      vertex 7.0 14.0 12.064620018005371
      vertex 7.064620018005371 14.0 12.0
      vertex 7.0 13.931272506713867 12.0
    endloop
  endfacet
  facet normal 0.0 0.0 1.0
    outer loop
      vertex 8.0 13.0 13.607929229736328
      vertex 7.0 14.0 13.607929229736328
      vertex 7.0 13.0 13.607929229736328
    endloop
  endfacet
  facet normal 0.0 0.0 1.0
    outer loop
      vertex 8.0 14.0 13.607929229736328
      vertex 7.0 14.0 13.607929229736328
      vertex 8.0 13.0 13.607929229736328
    endloop
  endfacet
  facet normal -0.3707641065120697 0.3252617120742798 -0.8699073791503906
    outer loop
      vertex 8.0 14.0 11.601330757141113
      vertex 7.064620018005371 14.0 12.0
      vertex 7.941894054412842 15.0 12.0
    endloop
  endfacet
  facet normal -0.41789764165878296 0.3153819441795349 -0.8519952297210693
    outer loop
      vertex 8.0 14.0 11.601330757141113
      vertex 7.941894054412842 15.0 12.0
      vertex 8.0 15.0 11.9714994430542
    endloop
  endfacet
  facet normal -0.5064069032669067 0.4286319315433502 -0.7482156753540039
    outer loop
      vertex 7.0 15.0 12.637492179870605
      vertex 7.941894054412842 15.0 12.0
      vertex 7.0 14.0 12.064620018005371
    endloop
  endfacet
  facet normal -0.6008840799331665 0.5271400213241577 -0.6008840799331665
    outer loop
      vertex 7.0 14.0 12.064620018005371
      vertex 7.941894054412842 15.0 12.0
      vertex 7.064620018005371 14.0 12.0
    endloop
  endfacet
  facet normal 0.0 0.0 1.0
    outer loop
      vertex 8.0 14.0 13.607929229736328
      vertex 7.0 15.0 13.607929229736328
      vertex 7.0 14.0 13.607929229736328
    endloop
  endfacet
  facet normal 0.0 0.0 1.0
    outer loop
      vertex 8.0 15.0 13.607929229736328
      vertex 7.0 15.0 13.607929229736328
      vertex 8.0 14.0 13.607929229736328
    endloop
  endfacet
  facet normal -0.36855393648147583 0.5473331809043884 -0.7513949871063232
    outer loop
      vertex 8.0 15.0391263961792 12.0
      vertex 8.0 15.0 11.9714994430542
      vertex 7.941894054412842 15.0 12.0
    endloop
  endfacet
  facet normal -0.4307914972305298 0.6397610902786255 -0.6364939212799072
    outer loop
      vertex 8.0 15.0391263961792 12.0
      vertex 7.941894054412842 15.0 12.0
      vertex 7.0 15.0 12.637492179870605
    endloop
  endfacet
  facet normal -0.47082680463790894 0.5289109945297241 -0.7060986757278442
    outer loop
      vertex 7.0 15.483949661254883 13.0
      vertex 8.0 15.0391263961792 12.0
      vertex 7.0 15.0 12.637492179870605
    endloop
  endfacet
  facet normal -0.23077081143856049 0.7822003960609436 -0.578711748123169
    outer loop
      vertex 8.0 15.778977394104004 13.0
      vertex 8.0 15.0391263961792 12.0
      vertex 7.0 15.483949661254883 13.0
    endloop
  endfacet
  facet normal 0.0 0.7823692560195923 0.6228148341178894
    outer loop
      vertex 7.0 15.483949661254883 13.0
      vertex 7.0 15.0 13.607929229736328
      vertex 8.0 15.0 13.607929229736328
    endloop
  endfacet
  facet normal -0.17859390377998352 0.605346143245697 0.7756675481796265
    outer loop
      vertex 7.0 15.483949661254883 13.0
      vertex 8.0 15.0 13.607929229736328
      vertex 8.0 15.778977394104004 13.0
    endloop
  endfacet
  facet normal -0.17544318735599518 -0.8777867555618286 -0.44576922059059143
    outer loop
      vertex 9.0 7.0 12.777503967285156
      vertex 9.0 6.887009143829346 13.0
      vertex 8.434678077697754 7.0 13.0
    endloop
  endfacet
  facet normal -0.18749675154685974 -0.9380937814712524 0.2912472188472748
    outer loop
      vertex 9.0 7.0 13.363938331604004
      vertex 8.434678077697754 7.0 13.0
      vertex 9.0 6.887009143829346 13.0
    endloop
  endfacet
  facet normal -0.2536102533340454 -0.637769877910614 -0.7272766828536987
    outer loop
      vertex 9.0 8.0 11.616976737976074
      vertex 9.0 7.5632219314575195 12.0
      vertex 8.0 7.960873603820801 12.0
    endloop
  endfacet
  facet normal -0.2754713296890259 -0.5659992098808289 -0.777020275592804
    outer loop
      vertex 9.0 8.0 11.616976737976074
      vertex 8.0 7.960873603820801 12.0
      vertex 8.0 8.0 11.9714994430542
    endloop
  endfacet
  facet normal -0.2971726953983307 -0.5844399929046631 -0.7550617456436157
    outer loop
      vertex 8.434678077697754 7.0 13.0
      vertex 8.0 7.221022605895996 13.0
      vertex 9.0 7.0 12.777503967285156
    endloop
  endfacet
  facet normal -0.29568061232566833 -0.7736316919326782 -0.5604168176651001
    outer loop
      vertex 8.0 7.221022605895996 13.0
      vertex 9.0 7.5632219314575195 12.0
      vertex 9.0 7.0 12.777503967285156
    endloop
  endfacet
  facet normal -0.30449217557907104 -0.76572585105896 -0.566523015499115
    outer loop
      vertex 8.0 7.221022605895996 13.0
      vertex 8.0 7.960873603820801 12.0
      vertex 9.0 7.5632219314575195 12.0
    endloop
  endfacet
  facet normal -0.29856398701667786 -0.5871762037277222 0.7523853182792664
    outer loop
      vertex 8.0 8.0 13.607929229736328
      vertex 8.0 7.221022605895996 13.0
      vertex 8.434678077697754 7.0 13.0
    endloop
  endfacet
  facet normal -0.4337781071662903 -0.598180890083313 0.6738072037696838
    outer loop
      vertex 9.0 7.0 13.363938331604004
      vertex 8.0 8.0 13.607929229736328
      vertex 8.434678077697754 7.0 13.0
    endloop
  endfacet
  facet normal 0.0 -0.2370372861623764 0.97150057554245
    outer loop
      vertex 9.0 8.0 13.607929229736328
      vertex 8.0 8.0 13.607929229736328
      vertex 9.0 7.0 13.363938331604004
    endloop
  endfacet
  facet normal -0.558270275592804 -0.5814417004585266 -0.5918274521827698
    outer loop
      vertex 9.0 9.0 10.633041381835938
      vertex 9.0 8.626486778259277 11.0
      vertex 8.610983848571777 9.0 11.0
    endloop
  endfacet
  facet normal -0.5587406754493713 -0.5819315910339355 -0.5909014344215393
    outer loop
      vertex 9.0 8.626486778259277 11.0
      vertex 9.0 8.0 11.616976737976074
      vertex 8.610983848571777 9.0 11.0
    endloop
  endfacet
  facet normal -0.5712504386901855 -0.5803316831588745 -0.5804206132888794
    outer loop
      vertex 9.0 8.0 11.616976737976074
      vertex 8.0 9.0 11.601330757141113
      vertex 8.610983848571777 9.0 11.0
    endloop
  endfacet
  facet normal -0.31549468636512756 -0.32941827178001404 -0.8899139165878296
    outer loop
      vertex 9.0 8.0 11.616976737976074
      vertex 8.0 8.0 11.9714994430542
      vertex 8.0 9.0 11.601330757141113
    endloop
  endfacet
  facet normal 0.0 0.0 1.0
    outer loop
      vertex 9.0 8.0 13.607929229736328
      vertex 8.0 9.0 13.607929229736328
      vertex 8.0 8.0 13.607929229736328
    endloop
  endfacet
  facet normal 0.0 0.0 1.0
    outer loop
      vertex 9.0 9.0 13.607929229736328
      vertex 8.0 9.0 13.607929229736328
      vertex 9.0 8.0 13.607929229736328
    endloop
  endfacet
  facet normal -0.5879722833633423 -0.39585521817207336 -0.7053985595703125
    outer loop
      vertex 9.0 10.0 9.927350044250488
      vertex 9.0 9.870540618896484 10.0
      vertex 8.912840843200684 10.0 10.0
    endloop
  endfacet
  facet normal -0.6578871011734009 -0.44292569160461426 -0.6090989112854004
    outer loop
      vertex 8.912840843200684 10.0 10.0
      vertex 9.0 9.870540618896484 10.0
      vertex 9.0 9.0 10.633041381835938
    endloop
  endfacet
  facet normal -0.6087184548377991 -0.46156203746795654 -0.6453079581260681
    outer loop
      vertex 8.912840843200684 10.0 10.0
      vertex 9.0 9.0 10.633041381835938
      vertex 8.610983848571777 9.0 11.0
    endloop
  endfacet
  facet normal -0.6603409051895142 -0.42191216349601746 -0.6212407350540161
    outer loop
      vertex 8.0 10.0 10.970293998718262
      vertex 8.912840843200684 10.0 10.0
      vertex 8.610983848571777 9.0 11.0
    endloop
  endfacet
  facet normal -0.623320460319519 -0.40078476071357727 -0.6714486479759216
    outer loop
      vertex 8.0 9.95023250579834 11.0
      vertex 8.0 10.0 10.970293998718262
      vertex 8.610983848571777 9.0 11.0
    endloop
  endfacet
  facet normal -0.6394259929656982 -0.41114041209220886 -0.6496906280517578
    outer loop
      vertex 8.0 9.95023250579834 11.0
      vertex 8.610983848571777 9.0 11.0
      vertex 8.0 9.0 11.601330757141113
    endloop
  endfacet
  facet normal 0.0 0.0 1.0
    outer loop
      vertex 9.0 9.0 13.607929229736328
      vertex 8.0 10.0 13.607929229736328
      vertex 8.0 9.0 13.607929229736328
    endloop
  endfacet
  facet normal 0.0 0.0 1.0
    outer loop
      vertex 9.0 10.0 13.607929229736328
      vertex 8.0 10.0 13.607929229736328
      vertex 9.0 9.0 13.607929229736328
    endloop
  endfacet
  facet normal -0.6400398015975952 -0.027073826640844345 -0.7678646445274353
    outer loop
      vertex 9.0 10.0 9.927350044250488
      vertex 8.912840843200684 10.0 10.0
      vertex 8.870540618896484 11.0 10.0
    endloop
  endfacet
  facet normal -0.4893862307071686 0.0 -0.8720671534538269
    outer loop
      vertex 9.0 10.0 9.927350044250488
      vertex 8.870540618896484 11.0 10.0
      vertex 9.0 11.0 9.927350044250488
    endloop
  endfacet
  facet normal -0.5682644248008728 -0.26211440563201904 -0.779981791973114
    outer loop
      vertex 8.0 11.0 10.634242057800293
      vertex 8.870540618896484 11.0 10.0
      vertex 8.0 10.0 10.970293998718262
    endloop
  endfacet
  facet normal -0.7279958128929138 -0.0307944193482399 -0.6848896145820618
    outer loop
      vertex 8.0 10.0 10.970293998718262
      vertex 8.870540618896484 11.0 10.0
      vertex 8.912840843200684 10.0 10.0
    endloop
  endfacet
  facet normal 0.0 0.0 1.0
    outer loop
      vertex 9.0 10.0 13.607929229736328
      vertex 8.0 11.0 13.607929229736328
      vertex 8.0 10.0 13.607929229736328
    endloop
  endfacet
  facet normal 0.0 0.0 1.0
    outer loop
      vertex 9.0 11.0 13.607929229736328
      vertex 8.0 11.0 13.607929229736328
      vertex 9.0 10.0 13.607929229736328
    endloop
  endfacet
  facet normal -0.4893862307071686 0.0 -0.8720671534538269
    outer loop
      vertex 9.0 11.0 9.927350044250488
      vertex 8.870540618896484 11.0 10.0
      vertex 8.870540618896484 12.0 10.0
    endloop
  endfacet
  facet normal -0.4893862307071686 0.0 -0.8720671534538269
    outer loop
      vertex 9.0 11.0 9.927350044250488
      vertex 8.870540618896484 12.0 10.0
      vertex 9.0 12.0 9.927350044250488
    endloop
  endfacet
  facet normal -0.58885258436203 -0.0 -0.8082404732704163
    outer loop
      vertex 8.0 12.0 10.634242057800293
      vertex 8.870540618896484 12.0 10.0
      vertex 8.0 11.0 10.634242057800293
    endloop
  endfacet
  facet normal -0.58885258436203 0.0 -0.8082404732704163
    outer loop
      vertex 8.0 11.0 10.634242057800293
      vertex 8.870540618896484 12.0 10.0
      vertex 8.870540618896484 11.0 10.0
    endloop
  endfacet
  facet normal 0.0 0.0 1.0
    outer loop
      vertex 9.0 11.0 13.607929229736328
      vertex 8.0 12.0 13.607929229736328
      vertex 8.0 11.0 13.607929229736328
    endloop
  endfacet
  facet normal 0.0 0.0 1.0
    outer loop
      vertex 9.0 12.0 13.607929229736328
      vertex 8.0 12.0 13.607929229736328
      vertex 9.0 11.0 13.607929229736328
    endloop
  endfacet
  facet normal -0.48928141593933105 0.020696712657809258 -0.8718803524971008
    outer loop
      vertex 9.0 12.0 9.927350044250488
      vertex 8.870540618896484 12.0 10.0
      vertex 8.912840843200684 13.0 10.0
    endloop
  endfacet
  facet normal -0.6402745246887207 0.0 -0.7681461572647095
    outer loop
      vertex 9.0 12.0 9.927350044250488
      vertex 8.912840843200684 13.0 10.0
      vertex 9.0 13.0 9.927350044250488
    endloop
  endfacet
  facet normal -0.7097671627998352 0.22439545392990112 -0.6677403450012207
    outer loop
      vertex 8.0 13.0 10.970293998718262
      vertex 8.912840843200684 13.0 10.0
      vertex 8.0 12.0 10.634242057800293
    endloop
  endfacet
  facet normal -0.5886699557304382 0.02490082196891308 -0.8079898357391357
    outer loop
      vertex 8.0 12.0 10.634242057800293
      vertex 8.912840843200684 13.0 10.0
      vertex 8.870540618896484 12.0 10.0
    endloop
  endfacet
  facet normal 0.0 0.0 1.0
    outer loop
      vertex 9.0 12.0 13.607929229736328
      vertex 8.0 13.0 13.607929229736328
      vertex 8.0 12.0 13.607929229736328
    endloop
  endfacet
  facet normal 0.0 0.0 1.0
    outer loop
      vertex 9.0 13.0 13.607929229736328
      vertex 8.0 13.0 13.607929229736328
      vertex 9.0 12.0 13.607929229736328
    endloop
  endfacet
  facet normal -0.5879722833633423 0.39585521817207336 -0.7053985595703125
    outer loop
      vertex 9.0 13.129459381103516 10.0
      vertex 9.0 13.0 9.927350044250488
      vertex 8.912840843200684 13.0 10.0
    endloop
  endfacet
  facet normal -0.6065502762794495 0.46758484840393066 -0.6430094838142395
    outer loop
      vertex 9.0 14.0 10.633041381835938
      vertex 9.0 13.129459381103516 10.0
      vertex 8.610983848571777 14.0 11.0
    endloop
  endfacet
  facet normal -0.6574435234069824 0.4227253496646881 -0.6237557530403137
    outer loop
      vertex 8.610983848571777 14.0 11.0
      vertex 9.0 13.129459381103516 10.0
      vertex 8.0 13.04976749420166 11.0
    endloop
  endfacet
  facet normal -0.6524884700775146 0.4392910301685333 -0.6174805164337158
    outer loop
      vertex 9.0 13.129459381103516 10.0
      vertex 8.912840843200684 13.0 10.0
      vertex 8.0 13.04976749420166 11.0
    endloop
  endfacet
  facet normal -0.674135148525238 0.3785618543624878 -0.634218156337738
    outer loop
      vertex 8.912840843200684 13.0 10.0
      vertex 8.0 13.0 10.970293998718262
      vertex 8.0 13.04976749420166 11.0
    endloop
  endfacet
  facet normal -0.6394259929656982 0.41114041209220886 -0.6496906280517578
    outer loop
      vertex 8.0 14.0 11.601330757141113
      vertex 8.610983848571777 14.0 11.0
      vertex 8.0 13.04976749420166 11.0
    endloop
  endfacet
  facet normal 0.0 0.0 1.0
    outer loop
      vertex 9.0 13.0 13.607929229736328
      vertex 8.0 14.0 13.607929229736328
      vertex 8.0 13.0 13.607929229736328
    endloop
  endfacet
  facet normal 0.0 0.0 1.0
    outer loop
      vertex 9.0 14.0 13.607929229736328
      vertex 8.0 14.0 13.607929229736328
      vertex 9.0 13.0 13.607929229736328
    endloop
  endfacet
  facet normal -0.558270275592804 0.5814417004585266 -0.5918274521827698
    outer loop
      vertex 9.0 14.373513221740723 11.0
      vertex 9.0 14.0 10.633041381835938
      vertex 8.610983848571777 14.0 11.0
    endloop
  endfacet
  facet normal -0.566402018070221 0.5899109244346619 -0.5754943490028381
    outer loop
      vertex 8.610983848571777 14.0 11.0
      vertex 8.0 14.0 11.601330757141113
      vertex 9.0 14.373513221740723 11.0
    endloop
  endfacet
  facet normal -0.5682210326194763 0.5773941874504089 -0.5862941145896912
    outer loop
      vertex 8.0 14.0 11.601330757141113
      vertex 9.0 15.0 11.616976737976074
      vertex 9.0 14.373513221740723 11.0
    endloop
  endfacet
  facet normal -0.31549468636512756 0.32941827178001404 -0.8899139165878296
    outer loop
      vertex 8.0 14.0 11.601330757141113
      vertex 8.0 15.0 11.9714994430542
      vertex 9.0 15.0 11.616976737976074
    endloop
  endfacet
  facet normal 0.0 0.0 1.0
    outer loop
      vertex 9.0 14.0 13.607929229736328
      vertex 8.0 15.0 13.607929229736328
      vertex 8.0 14.0 13.607929229736328
    endloop
  endfacet
  facet normal 0.0 0.0 1.0
    outer loop
      vertex 9.0 15.0 13.607929229736328
      vertex 8.0 15.0 13.607929229736328
      vertex 9.0 14.0 13.607929229736328
    endloop
  endfacet
  facet normal -0.2575579285621643 0.6370818018913269 -0.7264921069145203
    outer loop
      vertex 9.0 15.43677806854248 12.0
      vertex 9.0 15.0 11.616976737976074
      vertex 8.0 15.0 11.9714994430542
    endloop
  endfacet
  facet normal -0.22796441614627838 0.5732766389846802 -0.7870108485221863
    outer loop
      vertex 9.0 15.43677806854248 12.0
      vertex 8.0 15.0 11.9714994430542
      vertex 8.0 15.0391263961792 12.0
    endloop
  endfacet
  facet normal -0.22497056424617767 0.7890823483467102 -0.5716092586517334
    outer loop
      vertex 9.0 16.0 12.777503967285156
      vertex 9.0 15.43677806854248 12.0
      vertex 8.434678077697754 16.0 13.0
    endloop
  endfacet
  facet normal -0.361157089471817 0.7102760672569275 -0.6042131185531616
    outer loop
      vertex 9.0 15.43677806854248 12.0
      vertex 8.0 15.778977394104004 13.0
      vertex 8.434678077697754 16.0 13.0
    endloop
  endfacet
  facet normal -0.30449217557907104 0.76572585105896 -0.566523015499115
    outer loop
      vertex 9.0 15.43677806854248 12.0
      vertex 8.0 15.0391263961792 12.0
      vertex 8.0 15.778977394104004 13.0
    endloop
  endfacet
  facet normal -0.37060773372650146 0.7288624048233032 0.5756818056106567
    outer loop
      vertex 9.0 16.0 13.363938331604004
      vertex 8.434678077697754 16.0 13.0
      vertex 8.0 15.778977394104004 13.0
    endloop
  endfacet
  facet normal -0.38949334621429443 0.5666517019271851 0.7260859608650208
    outer loop
      vertex 8.0 15.0 13.607929229736328
      vertex 9.0 16.0 13.363938331604004
      vertex 8.0 15.778977394104004 13.0
    endloop
  endfacet
  facet normal 0.0 0.2370372861623764 0.97150057554245
    outer loop
      vertex 9.0 15.0 13.607929229736328
      vertex 9.0 16.0 13.363938331604004
      vertex 8.0 15.0 13.607929229736328
    endloop
  endfacet
  facet normal -0.17544373869895935 0.8777858018875122 -0.44577065110206604
    outer loop
      vertex 9.0 16.112991333007812 13.0
      vertex 9.0 16.0 12.777503967285156
      vertex 8.434678077697754 16.0 13.0
    endloop
  endfacet
  facet normal -0.18749745190143585 0.938093364238739 0.2912483215332031
    outer loop
      vertex 9.0 16.112991333007812 13.0
      vertex 8.434678077697754 16.0 13.0
      vertex 9.0 16.0 13.363938331604004
    endloop
  endfacet
  facet normal -0.13174672424793243 -0.9389796853065491 -0.3177419602870941
    outer loop
      vertex 10.0 7.0 12.251459121704102
      vertex 10.0 6.746700763702393 13.0
      vertex 9.0 6.887009143829346 13.0
    endloop
  endfacet
  facet normal -0.23170682787895203 -0.8673512935638428 -0.4404697120189667
    outer loop
      vertex 10.0 7.0 12.251459121704102
      vertex 9.0 6.887009143829346 13.0
      vertex 9.0 7.0 12.777503967285156
    endloop
  endfacet
  facet normal -0.13281181454658508 -0.9465707540512085 0.2938790023326874
    outer loop
      vertex 9.0 7.0 13.363938331604004
      vertex 9.0 6.887009143829346 13.0
      vertex 10.0 6.746700763702393 13.0
    endloop
  endfacet
  facet normal -0.08268976211547852 -0.9100448489189148 0.40617841482162476
    outer loop
      vertex 9.0 7.0 13.363938331604004
      vertex 10.0 6.746700763702393 13.0
      vertex 10.0 7.0 13.56751823425293
    endloop
  endfacet
  facet normal -0.2582769989967346 -0.7555129528045654 -0.6020740866661072
    outer loop
      vertex 10.0 8.0 11.022930145263672
      vertex 10.0 7.221365451812744 12.0
      vertex 9.0 7.5632219314575195 12.0
    endloop
  endfacet
  facet normal -0.40781062841415405 -0.6020081043243408 -0.6864960193634033
    outer loop
      vertex 10.0 8.0 11.022930145263672
      vertex 9.0 7.5632219314575195 12.0
      vertex 9.0 8.0 11.616976737976074
    endloop
  endfacet
  facet normal -0.2948806881904602 -0.773831844329834 -0.5605618357658386
    outer loop
      vertex 9.0 7.0 12.777503967285156
      vertex 9.0 7.5632219314575195 12.0
      vertex 10.0 7.0 12.251459121704102
    endloop
  endfacet
  facet normal -0.24854332208633423 -0.7270399332046509 -0.640030562877655
    outer loop
      vertex 10.0 7.0 12.251459121704102
      vertex 9.0 7.5632219314575195 12.0
      vertex 10.0 7.221365451812744 12.0
    endloop
  endfacet
  facet normal -0.19401973485946655 -0.2325330227613449 0.9530397057533264
    outer loop
      vertex 10.0 7.0 13.56751823425293
      vertex 9.0 8.0 13.607929229736328
      vertex 9.0 7.0 13.363938331604004
    endloop
  endfacet
  facet normal 0.0 -0.040378037840127945 0.9991844296455383
    outer loop
      vertex 10.0 8.0 13.607929229736328
      vertex 9.0 8.0 13.607929229736328
      vertex 10.0 7.0 13.56751823425293
    endloop
  endfacet
  facet normal -0.39585521817207336 -0.5879722833633423 -0.7053985595703125
    outer loop
      vertex 10.0 9.0 9.927350044250488
      vertex 10.0 8.912840843200684 10.0
      vertex 9.870540618896484 9.0 10.0
    endloop
  endfacet
  facet normal -0.4604627192020416 -0.6221033334732056 -0.6332153081893921
    outer loop
      vertex 9.0 8.626486778259277 11.0
      vertex 9.0 9.0 10.633041381835938
      vertex 9.870540618896484 9.0 10.0
    endloop
  endfacet
  facet normal -0.4369462728500366 -0.6490057706832886 -0.6227917075157166
    outer loop
      vertex 10.0 8.912840843200684 10.0
      vertex 9.0 8.626486778259277 11.0
      vertex 9.870540618896484 9.0 10.0
    endloop
  endfacet
  facet normal -0.4110279083251953 -0.6810097098350525 -0.6060377955436707
    outer loop
      vertex 10.0 8.022930145263672 11.0
      vertex 9.0 8.626486778259277 11.0
      vertex 10.0 8.912840843200684 10.0
    endloop
  endfacet
  facet normal -0.3897787630558014 -0.6461815237998962 -0.6561416983604431
    outer loop
      vertex 9.0 8.0 11.616976737976074
      vertex 9.0 8.626486778259277 11.0
      vertex 10.0 8.0 11.022930145263672
    endloop
  endfacet
  facet normal -0.3925260901451111 -0.6503549814224243 -0.6503549814224243
    outer loop
      vertex 10.0 8.0 11.022930145263672
      vertex 9.0 8.626486778259277 11.0
      vertex 10.0 8.022930145263672 11.0
    endloop
  endfacet
  facet normal 0.0 0.0 1.0
    outer loop
      vertex 10.0 8.0 13.607929229736328
      vertex 9.0 9.0 13.607929229736328
      vertex 9.0 8.0 13.607929229736328
    endloop
  endfacet
  facet normal 0.0 0.0 1.0
    outer loop
      vertex 10.0 9.0 13.607929229736328
      vertex 9.0 9.0 13.607929229736328
      vertex 10.0 8.0 13.607929229736328
    endloop
  endfacet
  facet normal -0.4395706355571747 -0.4395706355571747 -0.7832976579666138
    outer loop
      vertex 10.0 9.0 9.927350044250488
      vertex 9.870540618896484 9.0 10.0
      vertex 9.0 9.870540618896484 10.0
    endloop
  endfacet
  facet normal -0.4395706355571747 -0.4395706355571747 -0.7832977175712585
    outer loop
      vertex 9.0 10.0 9.927350044250488
      vertex 10.0 9.0 9.927350044250488
      vertex 9.0 9.870540618896484 10.0
    endloop
  endfacet
  facet normal -0.0 -0.0 -1.0
    outer loop
      vertex 10.0 10.0 9.927350044250488
      vertex 10.0 9.0 9.927350044250488
      vertex 9.0 10.0 9.927350044250488
    endloop
  endfacet
  facet normal -0.5069486498832703 -0.5069486498832703 -0.6971414685249329
    outer loop
      vertex 9.0 9.870540618896484 10.0
      vertex 9.870540618896484 9.0 10.0
      vertex 9.0 9.0 10.633041381835938
    endloop
  endfacet
  facet normal 0.0 0.0 1.0
    outer loop
      vertex 10.0 9.0 13.607929229736328
      vertex 9.0 10.0 13.607929229736328
      vertex 9.0 9.0 13.607929229736328
    endloop
  endfacet
  facet normal 0.15425865352153778 0.15425865352153778 0.9759141802787781
    outer loop
      vertex 10.0 10.0 13.44986343383789
      vertex 9.0 10.0 13.607929229736328
      vertex 10.0 9.0 13.607929229736328
    endloop
  endfacet
  facet normal 0.3840098977088928 0.3840099275112152 -0.8396860957145691
    outer loop
      vertex 9.0 11.0 9.927350044250488
      vertex 9.158858299255371 11.0 10.0
      vertex 10.0 10.158858299255371 10.0
    endloop
  endfacet
  facet normal 0.3840099275112152 0.3840099275112152 -0.8396861553192139
    outer loop
      vertex 10.0 10.0 9.927350044250488
      vertex 9.0 11.0 9.927350044250488
      vertex 10.0 10.158858299255371 10.0
    endloop
  endfacet
  facet normal 0.0 0.0 -1.0
    outer loop
      vertex 9.0 10.0 9.927350044250488
      vertex 9.0 11.0 9.927350044250488
      vertex 10.0 10.0 9.927350044250488
    endloop
  endfacet
  facet normal 0.7652665972709656 0.6083229780197144 -0.2104998528957367
    outer loop
      vertex 9.43392562866211 11.0 11.0
      vertex 10.0 10.287881851196289 11.0
      vertex 9.158858299255371 11.0 10.0
    endloop
  endfacet
  facet normal 0.7041822075843811 0.7041822075843811 -0.09085606783628464
    outer loop
      vertex 9.158858299255371 11.0 10.0
      vertex 10.0 10.287881851196289 11.0
      vertex 10.0 10.158858299255371 10.0
    endloop
  endfacet
  facet normal 0.7828062772750854 0.6222655177116394 0.0
    outer loop
      vertex 9.43392562866211 11.0 12.0
      vertex 10.0 10.287881851196289 12.0
      vertex 9.43392562866211 11.0 11.0
    endloop
  endfacet
  facet normal 0.7828062772750854 0.6222655177116394 0.0
    outer loop
      vertex 9.43392562866211 11.0 11.0
      vertex 10.0 10.287881851196289 12.0
      vertex 10.0 10.287881851196289 11.0
    endloop
  endfacet
  facet normal 0.7828062772750854 0.6222655177116394 0.0
    outer loop
      vertex 9.43392562866211 11.0 13.0
      vertex 10.0 10.287881851196289 13.0
      vertex 9.43392562866211 11.0 12.0
    endloop
  endfacet
  facet normal 0.7828062772750854 0.6222655177116394 0.0
    outer loop
      vertex 9.43392562866211 11.0 12.0
      vertex 10.0 10.287881851196289 13.0
      vertex 10.0 10.287881851196289 12.0
    endloop
  endfacet
  facet normal 0.7272660732269287 0.578115701675415 0.36995452642440796
    outer loop
      vertex 10.0 10.0 13.44986343383789
      vertex 10.0 10.287881851196289 13.0
      vertex 9.43392562866211 11.0 13.0
    endloop
  endfacet
  facet normal 0.6598742604255676 0.5854248404502869 0.4710027873516083
    outer loop
      vertex 9.0 11.0 13.607929229736328
      vertex 10.0 10.0 13.44986343383789
      vertex 9.43392562866211 11.0 13.0
    endloop
  endfacet
  facet normal 0.1561274230480194 -0.0 0.9877369403839111
    outer loop
      vertex 9.0 10.0 13.607929229736328
      vertex 10.0 10.0 13.44986343383789
      vertex 9.0 11.0 13.607929229736328
    endloop
  endfacet
  facet normal 0.4158971607685089 0.0 -0.9094116687774658
    outer loop
      vertex 9.0 12.0 9.927350044250488
      vertex 9.158858299255371 12.0 10.0
      vertex 9.158858299255371 11.0 10.0
    endloop
  endfacet
  facet normal 0.4158971607685089 0.0 -0.9094116687774658
    outer loop
      vertex 9.0 12.0 9.927350044250488
      vertex 9.158858299255371 11.0 10.0
      vertex 9.0 11.0 9.927350044250488
    endloop
  endfacet
  facet normal 0.9641887545585632 0.0 -0.2652168273925781
    outer loop
      vertex 9.158858299255371 11.0 10.0
      vertex 9.43392562866211 12.0 11.0
      vertex 9.43392562866211 11.0 11.0
    endloop
  endfacet
  facet normal 0.9641887545585632 0.0 -0.2652168273925781
    outer loop
      vertex 9.158858299255371 11.0 10.0
      vertex 9.158858299255371 12.0 10.0
      vertex 9.43392562866211 12.0 11.0
    endloop
  endfacet
  facet normal 1.0 0.0 0.0
    outer loop
      vertex 9.43392562866211 11.0 11.0
      vertex 9.43392562866211 12.0 12.0
      vertex 9.43392562866211 11.0 12.0
    endloop
  endfacet
  facet normal 1.0 0.0 0.0
    outer loop
      vertex 9.43392562866211 11.0 11.0
      vertex 9.43392562866211 12.0 11.0
      vertex 9.43392562866211 12.0 12.0
    endloop
  endfacet
  facet normal 1.0 0.0 0.0
    outer loop
      vertex 9.43392562866211 11.0 12.0
      vertex 9.43392562866211 12.0 13.0
      vertex 9.43392562866211 11.0 13.0
    endloop
  endfacet
  facet normal 1.0 0.0 0.0
    outer loop
      vertex 9.43392562866211 11.0 12.0
      vertex 9.43392562866211 12.0 12.0
      vertex 9.43392562866211 12.0 13.0
    endloop
  endfacet
  facet normal 0.8139294981956482 0.0 0.5809637904167175
    outer loop
      vertex 9.43392562866211 12.0 13.0
      vertex 9.0 12.0 13.607929229736328
      vertex 9.0 11.0 13.607929229736328
    endloop
  endfacet
  facet normal 0.8139294981956482 0.0 0.5809637904167175
    outer loop
      vertex 9.43392562866211 12.0 13.0
      vertex 9.0 11.0 13.607929229736328
      vertex 9.43392562866211 11.0 13.0
    endloop
  endfacet
  facet normal 0.3840099275112152 -0.3840098977088928 -0.8396860957145691
    outer loop
      vertex 10.0 13.0 9.927350044250488
      vertex 10.0 12.841141700744629 10.0
      vertex 9.158858299255371 12.0 10.0
    endloop
  endfacet
  facet normal 0.3840099275112152 -0.3840099275112152 -0.8396861553192139
    outer loop
      vertex 9.0 12.0 9.927350044250488
      vertex 10.0 13.0 9.927350044250488
      vertex 9.158858299255371 12.0 10.0
    endloop
  endfacet
  facet normal 0.0 0.0 -1.0
    outer loop
      vertex 9.0 13.0 9.927350044250488
      vertex 10.0 13.0 9.927350044250488
      vertex 9.0 12.0 9.927350044250488
    endloop
  endfacet
  facet normal 0.6940994262695312 -0.6940994262695312 -0.19092407822608948
    outer loop
      vertex 9.158858299255371 12.0 10.0
      vertex 10.0 12.841141700744629 10.0
      vertex 9.43392562866211 12.0 11.0
    endloop
  endfacet
  facet normal 0.7802953720092773 -0.6202695369720459 -0.08002936094999313
    outer loop
      vertex 9.43392562866211 12.0 11.0
      vertex 10.0 12.841141700744629 10.0
      vertex 10.0 12.712118148803711 11.0
    endloop
  endfacet
  facet normal 0.7828062772750854 -0.6222655177116394 0.0
    outer loop
      vertex 9.43392562866211 12.0 11.0
      vertex 10.0 12.712118148803711 11.0
      vertex 9.43392562866211 12.0 12.0
    endloop
  endfacet
  facet normal 0.7828062772750854 -0.6222655177116394 0.0
    outer loop
      vertex 9.43392562866211 12.0 12.0
      vertex 10.0 12.712118148803711 11.0
      vertex 10.0 12.712118148803711 12.0
    endloop
  endfacet
  facet normal 0.7828062772750854 -0.6222655177116394 0.0
    outer loop
      vertex 9.43392562866211 12.0 12.0
      vertex 10.0 12.712118148803711 12.0
      vertex 9.43392562866211 12.0 13.0
    endloop
  endfacet
  facet normal 0.7828062772750854 -0.6222655177116394 0.0
    outer loop
      vertex 9.43392562866211 12.0 13.0
      vertex 10.0 12.712118148803711 12.0
      vertex 10.0 12.712118148803711 13.0
    endloop
  endfacet
  facet normal 0.6833673715591431 -0.5432199239730835 0.48777157068252563
    outer loop
      vertex 9.0 12.0 13.607929229736328
      vertex 9.43392562866211 12.0 13.0
      vertex 10.0 12.712118148803711 13.0
    endloop
  endfacet
  facet normal 0.6800280213356018 -0.6175609230995178 0.395196795463562
    outer loop
      vertex 10.0 13.0 13.44986343383789
      vertex 9.0 12.0 13.607929229736328
      vertex 10.0 12.712118148803711 13.0
    endloop
  endfacet
  facet normal 0.1561274230480194 0.0 0.9877369403839111
    outer loop
      vertex 9.0 13.0 13.607929229736328
      vertex 9.0 12.0 13.607929229736328
      vertex 10.0 13.0 13.44986343383789
    endloop
  endfacet
  facet normal -0.4395706355571747 0.4395706355571747 -0.7832976579666138
    outer loop
      vertex 9.0 13.0 9.927350044250488
      vertex 9.0 13.129459381103516 10.0
      vertex 9.870540618896484 14.0 10.0
    endloop
  endfacet
  facet normal -0.4395706355571747 0.4395706355571747 -0.7832977175712585
    outer loop
      vertex 10.0 14.0 9.927350044250488
      vertex 9.0 13.0 9.927350044250488
      vertex 9.870540618896484 14.0 10.0
    endloop
  endfacet
  facet normal 0.0 0.0 -1.0
    outer loop
      vertex 10.0 13.0 9.927350044250488
      vertex 9.0 13.0 9.927350044250488
      vertex 10.0 14.0 9.927350044250488
    endloop
  endfacet
  facet normal -0.5069486498832703 0.5069486498832703 -0.6971414685249329
    outer loop
      vertex 9.0 14.0 10.633041381835938
      vertex 9.870540618896484 14.0 10.0
      vertex 9.0 13.129459381103516 10.0
    endloop
  endfacet
  facet normal 0.1561274230480194 0.0 0.9877369403839111
    outer loop
      vertex 10.0 13.0 13.44986343383789
      vertex 9.0 14.0 13.607929229736328
      vertex 9.0 13.0 13.607929229736328
    endloop
  endfacet
  facet normal 0.0 -0.1561274230480194 0.9877369403839111
    outer loop
      vertex 10.0 14.0 13.607929229736328
      vertex 9.0 14.0 13.607929229736328
      vertex 10.0 13.0 13.44986343383789
    endloop
  endfacet
  facet normal -0.39585521817207336 0.5879722833633423 -0.7053985595703125
    outer loop
      vertex 10.0 14.087159156799316 10.0
      vertex 10.0 14.0 9.927350044250488
      vertex 9.870540618896484 14.0 10.0
    endloop
  endfacet
  facet normal -0.44292569160461426 0.6578871011734009 -0.6090989112854004
    outer loop
      vertex 10.0 14.087159156799316 10.0
      vertex 9.870540618896484 14.0 10.0
      vertex 9.0 14.0 10.633041381835938
    endloop
  endfacet
  facet normal -0.4562003016471863 0.623643696308136 -0.6347832083702087
    outer loop
      vertex 9.0 14.373513221740723 11.0
      vertex 10.0 14.087159156799316 10.0
      vertex 9.0 14.0 10.633041381835938
    endloop
  endfacet
  facet normal -0.4110279083251953 0.6810097098350525 -0.6060377955436707
    outer loop
      vertex 10.0 14.977069854736328 11.0
      vertex 10.0 14.087159156799316 10.0
      vertex 9.0 14.373513221740723 11.0
    endloop
  endfacet
  facet normal -0.38997241854667664 0.646124005317688 -0.6560832858085632
    outer loop
      vertex 9.0 14.373513221740723 11.0
      vertex 9.0 15.0 11.616976737976074
      vertex 10.0 14.977069854736328 11.0
    endloop
  endfacet
  facet normal -0.3872750997543335 0.65192711353302 -0.65192711353302
    outer loop
      vertex 10.0 14.977069854736328 11.0
      vertex 9.0 15.0 11.616976737976074
      vertex 10.0 15.0 11.022930145263672
    endloop
  endfacet
  facet normal 0.0 0.0 1.0
    outer loop
      vertex 10.0 14.0 13.607929229736328
      vertex 9.0 15.0 13.607929229736328
      vertex 9.0 14.0 13.607929229736328
    endloop
  endfacet
  facet normal 0.0 0.0 1.0
    outer loop
      vertex 10.0 15.0 13.607929229736328
      vertex 9.0 15.0 13.607929229736328
      vertex 10.0 14.0 13.607929229736328
    endloop
  endfacet
  facet normal -0.34719157218933105 0.7333990931510925 -0.5844517350196838
    outer loop
      vertex 10.0 15.778635025024414 12.0
      vertex 10.0 15.0 11.022930145263672
      vertex 9.0 15.0 11.616976737976074
    endloop
  endfacet
  facet normal -0.21987897157669067 0.6431899666786194 -0.7334574460983276
    outer loop
      vertex 10.0 15.778635025024414 12.0
      vertex 9.0 15.0 11.616976737976074
      vertex 9.0 15.43677806854248 12.0
    endloop
  endfacet
  facet normal -0.26681387424468994 0.7804839015007019 -0.5653806328773499
    outer loop
      vertex 9.0 15.43677806854248 12.0
      vertex 9.0 16.0 12.777503967285156
      vertex 10.0 15.778635025024414 12.0
    endloop
  endfacet
  facet normal -0.32832297682762146 0.7089848518371582 -0.62413489818573
    outer loop
      vertex 10.0 15.778635025024414 12.0
      vertex 9.0 16.0 12.777503967285156
      vertex 10.0 16.0 12.251459121704102
    endloop
  endfacet
  facet normal 0.0 0.2370372861623764 0.97150057554245
    outer loop
      vertex 10.0 15.0 13.607929229736328
      vertex 9.0 16.0 13.363938331604004
      vertex 9.0 15.0 13.607929229736328
    endloop
  endfacet
  facet normal -0.19933179020881653 0.0395677387714386 0.9791329503059387
    outer loop
      vertex 10.0 16.0 13.56751823425293
      vertex 9.0 16.0 13.363938331604004
      vertex 10.0 15.0 13.607929229736328
    endloop
  endfacet
  facet normal -0.1662694811820984 0.934050977230072 -0.3160746991634369
    outer loop
      vertex 10.0 16.253299713134766 13.0
      vertex 10.0 16.0 12.251459121704102
      vertex 9.0 16.0 12.777503967285156
    endloop
  endfacet
  facet normal -0.12413350492715836 0.8847191333770752 -0.4492915868759155
    outer loop
      vertex 10.0 16.253299713134766 13.0
      vertex 9.0 16.0 12.777503967285156
      vertex 9.0 16.112991333007812 13.0
    endloop
  endfacet
  facet normal -0.06025316193699837 0.9532955884933472 0.29596811532974243
    outer loop
      vertex 9.0 16.112991333007812 13.0
      vertex 9.0 16.0 13.363938331604004
      vertex 10.0 16.0 13.56751823425293
    endloop
  endfacet
  facet normal -0.12708677351474762 0.9057674407958984 0.40427008271217346
    outer loop
      vertex 9.0 16.112991333007812 13.0
      vertex 10.0 16.0 13.56751823425293
      vertex 10.0 16.253299713134766 13.0
    endloop
  endfacet
  facet normal -0.12189964950084686 -0.7681277990341187 -0.6285858154296875
    outer loop
      vertex 11.0 7.0 11.908892631530762
      vertex 11.0 6.925443649291992 12.0
      vertex 10.530197143554688 7.0 12.0
    endloop
  endfacet
  facet normal -0.15029530227184296 -0.9364768266677856 -0.3168950080871582
    outer loop
      vertex 10.0 6.746700763702393 13.0
      vertex 10.0 7.0 12.251459121704102
      vertex 10.530197143554688 7.0 12.0
    endloop
  endfacet
  facet normal -0.14869539439678192 -0.9369761347770691 -0.3161732256412506
    outer loop
      vertex 11.0 6.925443649291992 12.0
      vertex 10.0 6.746700763702393 13.0
      vertex 10.530197143554688 7.0 12.0
    endloop
  endfacet
  facet normal -0.0497995987534523 -0.9733662009239197 -0.22378188371658325
    outer loop
      vertex 11.0 6.695538520812988 13.0
      vertex 10.0 6.746700763702393 13.0
      vertex 11.0 6.925443649291992 12.0
    endloop
  endfacet
  facet normal -0.04666903242468834 -0.9121771454811096 0.4071301221847534
    outer loop
      vertex 10.0 7.0 13.56751823425293
      vertex 10.0 6.746700763702393 13.0
      vertex 11.0 6.695538520812988 13.0
    endloop
  endfacet
  facet normal -0.018093006685376167 -0.893988311290741 0.4477248191833496
    outer loop
      vertex 10.0 7.0 13.56751823425293
      vertex 11.0 6.695538520812988 13.0
      vertex 11.0 7.0 13.607929229736328
    endloop
  endfacet
  facet normal -0.20433232188224792 -0.7847813963890076 -0.5851209163665771
    outer loop
      vertex 11.0 8.0 10.660137176513672
      vertex 11.0 7.746603488922119 11.0
      vertex 10.026777267456055 8.0 11.0
    endloop
  endfacet
  facet normal -0.19723975658416748 -0.7575408816337585 -0.6222766637802124
    outer loop
      vertex 10.026777267456055 8.0 11.0
      vertex 11.0 7.746603488922119 11.0
      vertex 11.0 7.0 11.908892631530762
    endloop
  endfacet
  facet normal -0.12950368225574493 -0.7329914569854736 -0.6677966713905334
    outer loop
      vertex 10.026777267456055 8.0 11.0
      vertex 11.0 7.0 11.908892631530762
      vertex 10.530197143554688 7.0 12.0
    endloop
  endfacet
  facet normal -0.4403707683086395 -0.7359457015991211 -0.5142543315887451
    outer loop
      vertex 10.0 8.0 11.022930145263672
      vertex 10.026777267456055 8.0 11.0
      vertex 10.530197143554688 7.0 12.0
    endloop
  endfacet
  facet normal -0.31038978695869446 -0.7434212565422058 -0.5924381613731384
    outer loop
      vertex 10.0 7.221365451812744 12.0
      vertex 10.0 8.0 11.022930145263672
      vertex 10.530197143554688 7.0 12.0
    endloop
  endfacet
  facet normal -0.2990434765815735 -0.7162454724311829 -0.630527913570404
    outer loop
      vertex 10.0 7.221365451812744 12.0
      vertex 10.530197143554688 7.0 12.0
      vertex 10.0 7.0 12.251459121704102
    endloop
  endfacet
  facet normal -0.04034516215324402 -0.04034516215324402 0.9983709454536438
    outer loop
      vertex 11.0 7.0 13.607929229736328
      vertex 10.0 8.0 13.607929229736328
      vertex 10.0 7.0 13.56751823425293
    endloop
  endfacet
  facet normal 0.0 0.0 1.0
    outer loop
      vertex 11.0 8.0 13.607929229736328
      vertex 10.0 8.0 13.607929229736328
      vertex 11.0 7.0 13.607929229736328
    endloop
  endfacet
  facet normal -0.020696712657809258 -0.48928141593933105 -0.8718803524971008
    outer loop
      vertex 11.0 9.0 9.927350044250488
      vertex 11.0 8.870540618896484 10.0
      vertex 10.0 8.912840843200684 10.0
    endloop
  endfacet
  facet normal -0.0 -0.6402745246887207 -0.7681461572647095
    outer loop
      vertex 11.0 9.0 9.927350044250488
      vertex 10.0 8.912840843200684 10.0
      vertex 10.0 9.0 9.927350044250488
    endloop
  endfacet
  facet normal -0.3076739013195038 -0.3592941164970398 -0.8810473680496216
    outer loop
      vertex 10.026777267456055 8.0 11.0
      vertex 10.0 8.022930145263672 11.0
      vertex 11.0 8.0 10.660137176513672
    endloop
  endfacet
  facet normal -0.2737849950790405 -0.58114093542099 -0.7663661241531372
    outer loop
      vertex 10.0 8.022930145263672 11.0
      vertex 11.0 8.870540618896484 10.0
      vertex 11.0 8.0 10.660137176513672
    endloop
  endfacet
  facet normal -0.03158377856016159 -0.7466574907302856 -0.6644585132598877
    outer loop
      vertex 10.0 8.022930145263672 11.0
      vertex 10.0 8.912840843200684 10.0
      vertex 11.0 8.870540618896484 10.0
    endloop
  endfacet
  facet normal -0.5179608464241028 -0.6048621535301208 -0.6048621535301208
    outer loop
      vertex 10.0 8.022930145263672 11.0
      vertex 10.026777267456055 8.0 11.0
      vertex 10.0 8.0 11.022930145263672
    endloop
  endfacet
  facet normal 0.0 0.0 1.0
    outer loop
      vertex 11.0 8.0 13.607929229736328
      vertex 10.0 9.0 13.607929229736328
      vertex 10.0 8.0 13.607929229736328
    endloop
  endfacet
  facet normal 0.0 0.0 1.0
    outer loop
      vertex 11.0 9.0 13.607929229736328
      vertex 10.0 9.0 13.607929229736328
      vertex 11.0 8.0 13.607929229736328
    endloop
  endfacet
  facet normal 0.3840098977088928 0.3840099275112152 -0.8396860957145691
    outer loop
      vertex 10.0 10.0 9.927350044250488
      vertex 10.158858299255371 10.0 10.0
      vertex 11.0 9.158858299255371 10.0
    endloop
  endfacet
  facet normal 0.3840099275112152 0.3840099275112152 -0.8396861553192139
    outer loop
      vertex 11.0 9.0 9.927350044250488
      vertex 10.0 10.0 9.927350044250488
      vertex 11.0 9.158858299255371 10.0
    endloop
  endfacet
  facet normal 0.0 0.0 -1.0
    outer loop
      vertex 10.0 9.0 9.927350044250488
      vertex 10.0 10.0 9.927350044250488
      vertex 11.0 9.0 9.927350044250488
    endloop
  endfacet
  facet normal 0.6202695369720459 0.7802953720092773 -0.08002938330173492
    outer loop
      vertex 10.287881851196289 10.0 11.0
      vertex 11.0 9.43392562866211 11.0
      vertex 10.158858299255371 10.0 10.0
    endloop
  endfacet
  facet normal 0.6940994262695312 0.6940994262695312 -0.19092407822608948
    outer loop
      vertex 10.158858299255371 10.0 10.0
      vertex 11.0 9.43392562866211 11.0
      vertex 11.0 9.158858299255371 10.0
    endloop
  endfacet
  facet normal 0.6222655177116394 0.7828062772750854 0.0
    outer loop
      vertex 10.287881851196289 10.0 12.0
      vertex 11.0 9.43392562866211 12.0
      vertex 10.287881851196289 10.0 11.0
    endloop
  endfacet
  facet normal 0.6222655177116394 0.7828062772750854 0.0
    outer loop
      vertex 10.287881851196289 10.0 11.0
      vertex 11.0 9.43392562866211 12.0
      vertex 11.0 9.43392562866211 11.0
    endloop
  endfacet
  facet normal 0.6222655177116394 0.7828062772750854 0.0
    outer loop
      vertex 10.287881851196289 10.0 13.0
      vertex 11.0 9.43392562866211 13.0
      vertex 10.287881851196289 10.0 12.0
    endloop
  endfacet
  facet normal 0.6222655177116394 0.7828062772750854 0.0
    outer loop
      vertex 10.287881851196289 10.0 12.0
      vertex 11.0 9.43392562866211 13.0
      vertex 11.0 9.43392562866211 12.0
    endloop
  endfacet
  facet normal 0.5432199239730835 0.6833673715591431 0.48777157068252563
    outer loop
      vertex 11.0 9.0 13.607929229736328
      vertex 11.0 9.43392562866211 13.0
      vertex 10.287881851196289 10.0 13.0
    endloop
  endfacet
  facet normal 0.6175609230995178 0.6800280213356018 0.395196795463562
    outer loop
      vertex 10.0 10.0 13.44986343383789
      vertex 11.0 9.0 13.607929229736328
      vertex 10.287881851196289 10.0 13.0
    endloop
  endfacet
  facet normal -0.0 0.1561274230480194 0.9877369403839111
    outer loop
      vertex 10.0 9.0 13.607929229736328
      vertex 11.0 9.0 13.607929229736328
      vertex 10.0 10.0 13.44986343383789
    endloop
  endfacet
  facet normal 0.3840098977088928 0.3840098977088928 -0.8396860957145691
    outer loop
      vertex 10.0 10.158858299255371 10.0
      vertex 10.158858299255371 10.0 10.0
      vertex 10.0 10.0 9.927350044250488
    endloop
  endfacet
  facet normal 0.7041822075843811 0.7041822075843811 -0.09085609018802643
    outer loop
      vertex 10.158858299255371 10.0 10.0
      vertex 10.0 10.158858299255371 10.0
      vertex 10.0 10.287881851196289 11.0
    endloop
  endfacet
  facet normal 0.7041822075843811 0.7041822075843811 -0.09085609763860703
    outer loop
      vertex 10.158858299255371 10.0 10.0
      vertex 10.0 10.287881851196289 11.0
      vertex 10.287881851196289 10.0 11.0
    endloop
  endfacet
  facet normal 0.7071067690849304 0.7071067690849304 0.0
    outer loop
      vertex 10.287881851196289 10.0 11.0
      vertex 10.0 10.287881851196289 11.0
      vertex 10.0 10.287881851196289 12.0
    endloop
  endfacet
  facet normal 0.7071067690849304 0.7071067690849304 -0.0
    outer loop
      vertex 10.287881851196289 10.0 11.0
      vertex 10.0 10.287881851196289 12.0
      vertex 10.287881851196289 10.0 12.0
    endloop
  endfacet
  facet normal 0.7071067690849304 0.7071067690849304 0.0
    outer loop
      vertex 10.287881851196289 10.0 12.0
      vertex 10.0 10.287881851196289 12.0
      vertex 10.0 10.287881851196289 13.0
    endloop
  endfacet
  facet normal 0.7071067690849304 0.7071067690849304 -0.0
    outer loop
      vertex 10.287881851196289 10.0 12.0
      vertex 10.0 10.287881851196289 13.0
      vertex 10.287881851196289 10.0 13.0
    endloop
  endfacet
  facet normal 0.6442217826843262 0.6442217826843262 0.41225793957710266
    outer loop
      vertex 10.287881851196289 10.0 13.0
      vertex 10.0 10.287881851196289 13.0
      vertex 10.0 10.0 13.44986343383789
    endloop
  endfacet
  facet normal 0.3840098977088928 -0.3840098977088928 -0.8396860957145691
    outer loop
      vertex 10.0 13.0 9.927350044250488
      vertex 10.158858299255371 13.0 10.0
      vertex 10.0 12.841141700744629 10.0
    endloop
  endfacet
  facet normal 0.7041822075843811 -0.7041822075843811 -0.09085609763860703
    outer loop
      vertex 10.287881851196289 13.0 11.0
      vertex 10.0 12.712118148803711 11.0
      vertex 10.0 12.841141700744629 10.0
    endloop
  endfacet
  facet normal 0.7041822075843811 -0.7041822075843811 -0.09085609018802643
    outer loop
      vertex 10.287881851196289 13.0 11.0
      vertex 10.0 12.841141700744629 10.0
      vertex 10.158858299255371 13.0 10.0
    endloop
  endfacet
  facet normal 0.7071067690849304 -0.7071067690849304 0.0
    outer loop
      vertex 10.287881851196289 13.0 12.0
      vertex 10.0 12.712118148803711 12.0
      vertex 10.0 12.712118148803711 11.0
    endloop
  endfacet
  facet normal 0.7071067690849304 -0.7071067690849304 0.0
    outer loop
      vertex 10.287881851196289 13.0 12.0
      vertex 10.0 12.712118148803711 11.0
      vertex 10.287881851196289 13.0 11.0
    endloop
  endfacet
  facet normal 0.7071067690849304 -0.7071067690849304 0.0
    outer loop
      vertex 10.287881851196289 13.0 13.0
      vertex 10.0 12.712118148803711 13.0
      vertex 10.0 12.712118148803711 12.0
    endloop
  endfacet
  facet normal 0.7071067690849304 -0.7071067690849304 0.0
    outer loop
      vertex 10.287881851196289 13.0 13.0
      vertex 10.0 12.712118148803711 12.0
      vertex 10.287881851196289 13.0 12.0
    endloop
  endfacet
  facet normal 0.6442217826843262 -0.6442217826843262 0.41225793957710266
    outer loop
      vertex 10.287881851196289 13.0 13.0
      vertex 10.0 13.0 13.44986343383789
      vertex 10.0 12.712118148803711 13.0
    endloop
  endfacet
  facet normal 0.3840099275112152 -0.3840098977088928 -0.8396860957145691
    outer loop
      vertex 11.0 14.0 9.927350044250488
      vertex 11.0 13.841141700744629 10.0
      vertex 10.158858299255371 13.0 10.0
    endloop
  endfacet
  facet normal 0.3840099275112152 -0.3840099275112152 -0.8396861553192139
    outer loop
      vertex 10.0 13.0 9.927350044250488
      vertex 11.0 14.0 9.927350044250488
      vertex 10.158858299255371 13.0 10.0
    endloop
  endfacet
  facet normal 0.0 0.0 -1.0
    outer loop
      vertex 10.0 14.0 9.927350044250488
      vertex 11.0 14.0 9.927350044250488
      vertex 10.0 13.0 9.927350044250488
    endloop
  endfacet
  facet normal 0.7041822075843811 -0.7041822075843811 -0.09085609018802643
    outer loop
      vertex 10.158858299255371 13.0 10.0
      vertex 11.0 13.841141700744629 10.0
      vertex 10.287881851196289 13.0 11.0
    endloop
  endfacet
  facet normal 0.6083229780197144 -0.7652665972709656 -0.2104998528957367
    outer loop
      vertex 10.287881851196289 13.0 11.0
      vertex 11.0 13.841141700744629 10.0
      vertex 11.0 13.56607437133789 11.0
    endloop
  endfacet
  facet normal 0.6222655177116394 -0.7828062772750854 0.0
    outer loop
      vertex 10.287881851196289 13.0 11.0
      vertex 11.0 13.56607437133789 11.0
      vertex 10.287881851196289 13.0 12.0
    endloop
  endfacet
  facet normal 0.6222655177116394 -0.7828062772750854 0.0
    outer loop
      vertex 10.287881851196289 13.0 12.0
      vertex 11.0 13.56607437133789 11.0
      vertex 11.0 13.56607437133789 12.0
    endloop
  endfacet
  facet normal 0.6222655177116394 -0.7828062772750854 0.0
    outer loop
      vertex 10.287881851196289 13.0 12.0
      vertex 11.0 13.56607437133789 12.0
      vertex 10.287881851196289 13.0 13.0
    endloop
  endfacet
  facet normal 0.6222655177116394 -0.7828062772750854 0.0
    outer loop
      vertex 10.287881851196289 13.0 13.0
      vertex 11.0 13.56607437133789 12.0
      vertex 11.0 13.56607437133789 13.0
    endloop
  endfacet
  facet normal 0.578115701675415 -0.7272660732269287 0.36995452642440796
    outer loop
      vertex 10.0 13.0 13.44986343383789
      vertex 10.287881851196289 13.0 13.0
      vertex 11.0 13.56607437133789 13.0
    endloop
  endfacet
  facet normal 0.5854248404502869 -0.6598742604255676 0.4710027873516083
    outer loop
      vertex 11.0 14.0 13.607929229736328
      vertex 10.0 13.0 13.44986343383789
      vertex 11.0 13.56607437133789 13.0
    endloop
  endfacet
  facet normal 0.0 -0.1561274230480194 0.9877369403839111
    outer loop
      vertex 10.0 14.0 13.607929229736328
      vertex 10.0 13.0 13.44986343383789
      vertex 11.0 14.0 13.607929229736328
    endloop
  endfacet
  facet normal 0.0 0.4893862307071686 -0.8720671534538269
    outer loop
      vertex 11.0 14.129459381103516 10.0
      vertex 11.0 14.0 9.927350044250488
      vertex 10.0 14.0 9.927350044250488
    endloop
  endfacet
  facet normal -0.027073826640844345 0.6400398015975952 -0.7678646445274353
    outer loop
      vertex 11.0 14.129459381103516 10.0
      vertex 10.0 14.0 9.927350044250488
      vertex 10.0 14.087159156799316 10.0
    endloop
  endfacet
  facet normal -0.26807302236557007 0.5821123719215393 -0.7676472067832947
    outer loop
      vertex 11.0 15.0 10.660137176513672
      vertex 11.0 14.129459381103516 10.0
      vertex 10.026777267456055 15.0 11.0
    endloop
  endfacet
  facet normal -0.39768186211586 0.4644032418727875 -0.7913146018981934
    outer loop
      vertex 11.0 14.129459381103516 10.0
      vertex 10.0 14.977069854736328 11.0
      vertex 10.026777267456055 15.0 11.0
    endloop
  endfacet
  facet normal -0.03158377856016159 0.7466574907302856 -0.6644585132598877
    outer loop
      vertex 11.0 14.129459381103516 10.0
      vertex 10.0 14.087159156799316 10.0
      vertex 10.0 14.977069854736328 11.0
    endloop
  endfacet
  facet normal -0.5179608464241028 0.6048621535301208 -0.6048621535301208
    outer loop
      vertex 10.0 15.0 11.022930145263672
      vertex 10.026777267456055 15.0 11.0
      vertex 10.0 14.977069854736328 11.0
    endloop
  endfacet
  facet normal 0.0 0.0 1.0
    outer loop
      vertex 11.0 14.0 13.607929229736328
      vertex 10.0 15.0 13.607929229736328
      vertex 10.0 14.0 13.607929229736328
    endloop
  endfacet
  facet normal 0.0 0.0 1.0
    outer loop
      vertex 11.0 15.0 13.607929229736328
      vertex 10.0 15.0 13.607929229736328
      vertex 11.0 14.0 13.607929229736328
    endloop
  endfacet
  facet normal -0.20433256030082703 0.7847808003425598 -0.5851216316223145
    outer loop
      vertex 11.0 15.253396987915039 11.0
      vertex 11.0 15.0 10.660137176513672
      vertex 10.026777267456055 15.0 11.0
    endloop
  endfacet
  facet normal -0.12217213213443756 0.766932487487793 -0.6299909353256226
    outer loop
      vertex 11.0 16.0 11.908892631530762
      vertex 11.0 15.253396987915039 11.0
      vertex 10.530197143554688 16.0 12.0
    endloop
  endfacet
  facet normal -0.29067742824554443 0.6962092518806458 -0.6563529968261719
    outer loop
      vertex 10.530197143554688 16.0 12.0
      vertex 11.0 15.253396987915039 11.0
      vertex 10.0 15.778635025024414 12.0
    endloop
  endfacet
  facet normal -0.20058251917362213 0.7703779935836792 -0.6052143573760986
    outer loop
      vertex 11.0 15.253396987915039 11.0
      vertex 10.026777267456055 15.0 11.0
      vertex 10.0 15.778635025024414 12.0
    endloop
  endfacet
  facet normal -0.4708269238471985 0.6899417638778687 -0.5498202443122864
    outer loop
      vertex 10.026777267456055 15.0 11.0
      vertex 10.0 15.0 11.022930145263672
      vertex 10.0 15.778635025024414 12.0
    endloop
  endfacet
  facet normal -0.2990431487560272 0.7162462472915649 -0.6305272579193115
    outer loop
      vertex 10.0 16.0 12.251459121704102
      vertex 10.530197143554688 16.0 12.0
      vertex 10.0 15.778635025024414 12.0
    endloop
  endfacet
  facet normal 0.0 0.040378037840127945 0.9991844296455383
    outer loop
      vertex 11.0 15.0 13.607929229736328
      vertex 10.0 16.0 13.56751823425293
      vertex 10.0 15.0 13.607929229736328
    endloop
  endfacet
  facet normal -0.040378037840127945 0.0 0.9991844296455383
    outer loop
      vertex 11.0 16.0 13.607929229736328
      vertex 10.0 16.0 13.56751823425293
      vertex 11.0 15.0 13.607929229736328
    endloop
  endfacet
  facet normal -0.12189964950084686 0.7681277990341187 -0.6285858154296875
    outer loop
      vertex 11.0 16.074556350708008 12.0
      vertex 11.0 16.0 11.908892631530762
      vertex 10.530197143554688 16.0 12.0
    endloop
  endfacet
  facet normal -0.1488196849822998 0.9377593398094177 -0.3137837052345276
    outer loop
      vertex 11.0 16.074556350708008 12.0
      vertex 10.530197143554688 16.0 12.0
      vertex 10.0 16.0 12.251459121704102
    endloop
  endfacet
  facet normal -0.1495242416858673 0.9365873336791992 -0.3169330060482025
    outer loop
      vertex 10.0 16.253299713134766 13.0
      vertex 11.0 16.074556350708008 12.0
      vertex 10.0 16.0 12.251459121704102
    endloop
  endfacet
  facet normal -0.049800049513578415 0.9733659625053406 -0.2237827479839325
    outer loop
      vertex 11.0 16.304462432861328 13.0
      vertex 11.0 16.074556350708008 12.0
      vertex 10.0 16.253299713134766 13.0
    endloop
  endfacet
  facet normal -0.01646828092634678 0.9130480289459229 0.4075195789337158
    outer loop
      vertex 10.0 16.253299713134766 13.0
      vertex 10.0 16.0 13.56751823425293
      vertex 11.0 16.0 13.607929229736328
    endloop
  endfacet
  facet normal -0.04569854214787483 0.8932000398635864 0.44733142852783203
    outer loop
      vertex 10.0 16.253299713134766 13.0
      vertex 11.0 16.0 13.607929229736328
      vertex 11.0 16.304462432861328 13.0
    endloop
  endfacet
  facet normal 0.0 -0.7738991975784302 -0.6333088278770447
    outer loop
      vertex 12.0 7.0 11.908892631530762
      vertex 12.0 6.925443649291992 12.0
      vertex 11.0 6.925443649291992 12.0
    endloop
  endfacet
  facet normal -0.0 -0.7738991975784302 -0.6333088278770447
    outer loop
      vertex 12.0 7.0 11.908892631530762
      vertex 11.0 6.925443649291992 12.0
      vertex 11.0 7.0 11.908892631530762
    endloop
  endfacet
  facet normal 0.0 -0.974575400352478 -0.22405987977981567
    outer loop
      vertex 11.0 6.925443649291992 12.0
      vertex 12.0 6.695538520812988 13.0
      vertex 11.0 6.695538520812988 13.0
    endloop
  endfacet
  facet normal -0.0 -0.974575400352478 -0.22405987977981567
    outer loop
      vertex 12.0 6.925443649291992 12.0
      vertex 12.0 6.695538520812988 13.0
      vertex 11.0 6.925443649291992 12.0
    endloop
  endfacet
  facet normal 0.0 -0.8941347599029541 0.44779813289642334
    outer loop
      vertex 11.0 7.0 13.607929229736328
      vertex 11.0 6.695538520812988 13.0
      vertex 12.0 6.695538520812988 13.0
    endloop
  endfacet
  facet normal 0.0 -0.8941347599029541 0.44779813289642334
    outer loop
      vertex 11.0 7.0 13.607929229736328
      vertex 12.0 6.695538520812988 13.0
      vertex 12.0 7.0 13.607929229736328
    endloop
  endfacet
  facet normal 0.0 -0.8016958832740784 -0.5977321267127991
    outer loop
      vertex 12.0 8.0 10.660137176513672
      vertex 12.0 7.746603488922119 11.0
      vertex 11.0 7.746603488922119 11.0
    endloop
  endfacet
  facet normal -0.0 -0.8016958832740784 -0.5977321267127991
    outer loop
      vertex 12.0 8.0 10.660137176513672
      vertex 11.0 7.746603488922119 11.0
      vertex 11.0 8.0 10.660137176513672
    endloop
  endfacet
  facet normal 0.0 -0.7727207541465759 -0.6347460746765137
    outer loop
      vertex 11.0 7.0 11.908892631530762
      vertex 11.0 7.746603488922119 11.0
      vertex 12.0 7.0 11.908892631530762
    endloop
  endfacet
  facet normal 0.0 -0.7727207541465759 -0.6347460746765137
    outer loop
      vertex 12.0 7.0 11.908892631530762
      vertex 11.0 7.746603488922119 11.0
      vertex 12.0 7.746603488922119 11.0
    endloop
  endfacet
  facet normal 0.0 0.0 1.0
    outer loop
      vertex 12.0 7.0 13.607929229736328
      vertex 11.0 8.0 13.607929229736328
      vertex 11.0 7.0 13.607929229736328
    endloop
  endfacet
  facet normal 0.0 0.0 1.0
    outer loop
      vertex 12.0 8.0 13.607929229736328
      vertex 11.0 8.0 13.607929229736328
      vertex 12.0 7.0 13.607929229736328
    endloop
  endfacet
  facet normal 0.0 -0.4893862307071686 -0.8720671534538269
    outer loop
      vertex 12.0 9.0 9.927350044250488
      vertex 12.0 8.870540618896484 10.0
      vertex 11.0 8.870540618896484 10.0
    endloop
  endfacet
  facet normal -0.0 -0.4893862307071686 -0.8720671534538269
    outer loop
      vertex 12.0 9.0 9.927350044250488
      vertex 11.0 8.870540618896484 10.0
      vertex 11.0 9.0 9.927350044250488
    endloop
  endfacet
  facet normal 0.0 -0.6042279005050659 -0.7968115210533142
    outer loop
      vertex 11.0 8.0 10.660137176513672
      vertex 11.0 8.870540618896484 10.0
      vertex 12.0 8.0 10.660137176513672
    endloop
  endfacet
  facet normal 0.0 -0.6042279005050659 -0.7968115210533142
    outer loop
      vertex 12.0 8.0 10.660137176513672
      vertex 11.0 8.870540618896484 10.0
      vertex 12.0 8.870540618896484 10.0
    endloop
  endfacet
  facet normal 0.0 0.0 1.0
    outer loop
      vertex 12.0 8.0 13.607929229736328
      vertex 11.0 9.0 13.607929229736328
      vertex 11.0 8.0 13.607929229736328
    endloop
  endfacet
  facet normal 0.0 0.0 1.0
    outer loop
      vertex 12.0 9.0 13.607929229736328
      vertex 11.0 9.0 13.607929229736328
      vertex 12.0 8.0 13.607929229736328
    endloop
  endfacet
  facet normal 0.0 0.4158971607685089 -0.9094116687774658
    outer loop
      vertex 12.0 9.158858299255371 10.0
      vertex 12.0 9.0 9.927350044250488
      vertex 11.0 9.0 9.927350044250488
    endloop
  endfacet
  facet normal 0.0 0.4158971607685089 -0.9094116687774658
    outer loop
      vertex 12.0 9.158858299255371 10.0
      vertex 11.0 9.0 9.927350044250488
      vertex 11.0 9.158858299255371 10.0
    endloop
  endfacet
  facet normal 0.0 0.9641887545585632 -0.2652168273925781
    outer loop
      vertex 12.0 9.43392562866211 11.0
      vertex 11.0 9.158858299255371 10.0
      vertex 11.0 9.43392562866211 11.0
    endloop
  endfacet
  facet normal 0.0 0.9641887545585632 -0.2652168273925781
    outer loop
      vertex 12.0 9.43392562866211 11.0
      vertex 12.0 9.158858299255371 10.0
      vertex 11.0 9.158858299255371 10.0
    endloop
  endfacet
  facet normal 0.0 1.0 0.0
    outer loop
      vertex 12.0 9.43392562866211 12.0
      vertex 11.0 9.43392562866211 11.0
      vertex 11.0 9.43392562866211 12.0
    endloop
  endfacet
  facet normal 0.0 1.0 0.0
    outer loop
      vertex 12.0 9.43392562866211 12.0
      vertex 12.0 9.43392562866211 11.0
      vertex 11.0 9.43392562866211 11.0
    endloop
  endfacet
  facet normal 0.0 1.0 0.0
    outer loop
      vertex 12.0 9.43392562866211 13.0
      vertex 11.0 9.43392562866211 12.0
      vertex 11.0 9.43392562866211 13.0
    endloop
  endfacet
  facet normal 0.0 1.0 0.0
    outer loop
      vertex 12.0 9.43392562866211 13.0
      vertex 12.0 9.43392562866211 12.0
      vertex 11.0 9.43392562866211 12.0
    endloop
  endfacet
  facet normal 0.0 0.8139294981956482 0.5809637904167175
    outer loop
      vertex 11.0 9.43392562866211 13.0
      vertex 11.0 9.0 13.607929229736328
      vertex 12.0 9.0 13.607929229736328
    endloop
  endfacet
  facet normal -0.0 0.8139294981956482 0.5809637904167175
    outer loop
      vertex 11.0 9.43392562866211 13.0
      vertex 12.0 9.0 13.607929229736328
      vertex 12.0 9.43392562866211 13.0
    endloop
  endfacet
  facet normal 0.0 -0.4158971607685089 -0.9094116687774658
    outer loop
      vertex 12.0 14.0 9.927350044250488
      vertex 12.0 13.841141700744629 10.0
      vertex 11.0 13.841141700744629 10.0
    endloop
  endfacet
  facet normal -0.0 -0.4158971607685089 -0.9094116687774658
    outer loop
      vertex 12.0 14.0 9.927350044250488
      vertex 11.0 13.841141700744629 10.0
      vertex 11.0 14.0 9.927350044250488
    endloop
  endfacet
  facet normal 0.0 -0.9641887545585632 -0.2652168273925781
    outer loop
      vertex 11.0 13.841141700744629 10.0
      vertex 12.0 13.56607437133789 11.0
      vertex 11.0 13.56607437133789 11.0
    endloop
  endfacet
  facet normal -0.0 -0.9641887545585632 -0.2652168273925781
    outer loop
      vertex 12.0 13.841141700744629 10.0
      vertex 12.0 13.56607437133789 11.0
      vertex 11.0 13.841141700744629 10.0
    endloop
  endfacet
  facet normal 0.0 -1.0 0.0
    outer loop
      vertex 11.0 13.56607437133789 11.0
      vertex 12.0 13.56607437133789 12.0
      vertex 11.0 13.56607437133789 12.0
    endloop
  endfacet
  facet normal 0.0 -1.0 0.0
    outer loop
      vertex 12.0 13.56607437133789 11.0
      vertex 12.0 13.56607437133789 12.0
      vertex 11.0 13.56607437133789 11.0
    endloop
  endfacet
  facet normal 0.0 -1.0 0.0
    outer loop
      vertex 11.0 13.56607437133789 12.0
      vertex 12.0 13.56607437133789 13.0
      vertex 11.0 13.56607437133789 13.0
    endloop
  endfacet
  facet normal 0.0 -1.0 0.0
    outer loop
      vertex 12.0 13.56607437133789 12.0
      vertex 12.0 13.56607437133789 13.0
      vertex 11.0 13.56607437133789 12.0
    endloop
  endfacet
  facet normal 0.0 -0.8139294981956482 0.5809637904167175
    outer loop
      vertex 11.0 14.0 13.607929229736328
      vertex 11.0 13.56607437133789 13.0
      vertex 12.0 13.56607437133789 13.0
    endloop
  endfacet
  facet normal 0.0 -0.8139294981956482 0.5809637904167175
    outer loop
      vertex 11.0 14.0 13.607929229736328
      vertex 12.0 13.56607437133789 13.0
      vertex 12.0 14.0 13.607929229736328
    endloop
  endfacet
  facet normal 0.0 0.4893862307071686 -0.8720671534538269
    outer loop
      vertex 12.0 14.129459381103516 10.0
      vertex 12.0 14.0 9.927350044250488
      vertex 11.0 14.0 9.927350044250488
    endloop
  endfacet
  facet normal 0.0 0.4893862307071686 -0.8720671534538269
    outer loop
      vertex 12.0 14.129459381103516 10.0
      vertex 11.0 14.0 9.927350044250488
      vertex 11.0 14.129459381103516 10.0
    endloop
  endfacet
  facet normal 0.0 0.6042279005050659 -0.7968115210533142
    outer loop
      vertex 11.0 14.129459381103516 10.0
      vertex 11.0 15.0 10.660137176513672
      vertex 12.0 14.129459381103516 10.0
    endloop
  endfacet
  facet normal 0.0 0.6042279005050659 -0.7968115210533142
    outer loop
      vertex 12.0 14.129459381103516 10.0
      vertex 11.0 15.0 10.660137176513672
      vertex 12.0 15.0 10.660137176513672
    endloop
  endfacet
  facet normal 0.0 0.0 1.0
    outer loop
      vertex 12.0 14.0 13.607929229736328
      vertex 11.0 15.0 13.607929229736328
      vertex 11.0 14.0 13.607929229736328
    endloop
  endfacet
  facet normal 0.0 0.0 1.0
    outer loop
      vertex 12.0 15.0 13.607929229736328
      vertex 11.0 15.0 13.607929229736328
      vertex 12.0 14.0 13.607929229736328
    endloop
  endfacet
  facet normal 0.0 0.8016953468322754 -0.5977329015731812
    outer loop
      vertex 12.0 15.253396987915039 11.0
      vertex 12.0 15.0 10.660137176513672
      vertex 11.0 15.0 10.660137176513672
    endloop
  endfacet
  facet normal 0.0 0.8016953468322754 -0.5977329015731812
    outer loop
      vertex 12.0 15.253396987915039 11.0
      vertex 11.0 15.0 10.660137176513672
      vertex 11.0 15.253396987915039 11.0
    endloop
  endfacet
  facet normal 0.0 0.772720992565155 -0.6347458362579346
    outer loop
      vertex 11.0 15.253396987915039 11.0
      vertex 11.0 16.0 11.908892631530762
      vertex 12.0 15.253396987915039 11.0
    endloop
  endfacet
  facet normal 0.0 0.772720992565155 -0.6347458362579346
    outer loop
      vertex 12.0 15.253396987915039 11.0
      vertex 11.0 16.0 11.908892631530762
      vertex 12.0 16.0 11.908892631530762
    endloop
  endfacet
  facet normal 0.0 0.0 1.0
    outer loop
      vertex 12.0 15.0 13.607929229736328
      vertex 11.0 16.0 13.607929229736328
      vertex 11.0 15.0 13.607929229736328
    endloop
  endfacet
  facet normal 0.0 0.0 1.0
    outer loop
      vertex 12.0 16.0 13.607929229736328
      vertex 11.0 16.0 13.607929229736328
      vertex 12.0 15.0 13.607929229736328
    endloop
  endfacet
  facet normal 0.0 0.7738991975784302 -0.6333088278770447
    outer loop
      vertex 12.0 16.074556350708008 12.0
      vertex 12.0 16.0 11.908892631530762
      vertex 11.0 16.0 11.908892631530762
    endloop
  endfacet
  facet normal 0.0 0.7738991975784302 -0.6333088278770447
    outer loop
      vertex 12.0 16.074556350708008 12.0
      vertex 11.0 16.0 11.908892631530762
      vertex 11.0 16.074556350708008 12.0
    endloop
  endfacet
  facet normal 0.0 0.9745751619338989 -0.2240607589483261
    outer loop
      vertex 12.0 16.304462432861328 13.0
      vertex 11.0 16.074556350708008 12.0
      vertex 11.0 16.304462432861328 13.0
    endloop
  endfacet
  facet normal 0.0 0.9745751619338989 -0.2240607589483261
    outer loop
      vertex 12.0 16.304462432861328 13.0
      vertex 12.0 16.074556350708008 12.0
      vertex 11.0 16.074556350708008 12.0
    endloop
  endfacet
  facet normal 0.0 0.8941341042518616 0.4477992355823517
    outer loop
      vertex 11.0 16.304462432861328 13.0
      vertex 11.0 16.0 13.607929229736328
      vertex 12.0 16.0 13.607929229736328
    endloop
  endfacet
  facet normal -0.0 0.8941341042518616 0.4477992355823517
    outer loop
      vertex 11.0 16.304462432861328 13.0
      vertex 12.0 16.0 13.607929229736328
      vertex 12.0 16.304462432861328 13.0
    endloop
  endfacet
  facet normal 0.12189964950084686 -0.7681277990341187 -0.6285858154296875
    outer loop
      vertex 12.0 7.0 11.908892631530762
      vertex 12.469802856445312 7.0 12.0
      vertex 12.0 6.925443649291992 12.0
    endloop
  endfacet
  facet normal 0.1488196849822998 -0.9377593398094177 -0.3137837052345276
    outer loop
      vertex 12.0 6.925443649291992 12.0
      vertex 12.469802856445312 7.0 12.0
      vertex 13.0 7.0 12.251459121704102
    endloop
  endfacet
  facet normal 0.14952412247657776 -0.9365875720977783 -0.31693246960639954
    outer loop
      vertex 13.0 6.746700763702393 13.0
      vertex 12.0 6.925443649291992 12.0
      vertex 13.0 7.0 12.251459121704102
    endloop
  endfacet
  facet normal 0.0497995987534523 -0.9733662009239197 -0.22378188371658325
    outer loop
      vertex 12.0 6.695538520812988 13.0
      vertex 12.0 6.925443649291992 12.0
      vertex 13.0 6.746700763702393 13.0
    endloop
  endfacet
  facet normal 0.04569815471768379 -0.8932005763053894 0.4473302960395813
    outer loop
      vertex 12.0 7.0 13.607929229736328
      vertex 12.0 6.695538520812988 13.0
      vertex 13.0 6.746700763702393 13.0
    endloop
  endfacet
  facet normal 0.016468245536088943 -0.913048267364502 0.4075189530849457
    outer loop
      vertex 12.0 7.0 13.607929229736328
      vertex 13.0 6.746700763702393 13.0
      vertex 13.0 7.0 13.56751823425293
    endloop
  endfacet
  facet normal 0.20433232188224792 -0.7847813963890076 -0.5851209163665771
    outer loop
      vertex 12.0 8.0 10.660137176513672
      vertex 12.973222732543945 8.0 11.0
      vertex 12.0 7.746603488922119 11.0
    endloop
  endfacet
  facet normal 0.24172110855579376 -0.9283809661865234 -0.28227606415748596
    outer loop
      vertex 12.973222732543945 8.0 11.0
      vertex 13.0 8.0 11.022930145263672
      vertex 12.0 7.746603488922119 11.0
    endloop
  endfacet
  facet normal 0.20585422217845917 -0.7561711668968201 -0.6211515069007874
    outer loop
      vertex 12.0 7.746603488922119 11.0
      vertex 13.0 8.0 11.022930145263672
      vertex 12.0 7.0 11.908892631530762
    endloop
  endfacet
  facet normal 0.22405336797237396 -0.7621650099754333 -0.6073752045631409
    outer loop
      vertex 13.0 8.0 11.022930145263672
      vertex 13.0 7.221365451812744 12.0
      vertex 12.0 7.0 11.908892631530762
    endloop
  endfacet
  facet normal 0.17322160303592682 -0.41488680243492126 -0.8932319283485413
    outer loop
      vertex 13.0 7.221365451812744 12.0
      vertex 12.469802856445312 7.0 12.0
      vertex 12.0 7.0 11.908892631530762
    endloop
  endfacet
  facet normal 0.2990434765815735 -0.7162454724311829 -0.630527913570404
    outer loop
      vertex 12.469802856445312 7.0 12.0
      vertex 13.0 7.221365451812744 12.0
      vertex 13.0 7.0 12.251459121704102
    endloop
  endfacet
  facet normal 0.040378037840127945 0.0 0.9991844296455383
    outer loop
      vertex 13.0 7.0 13.56751823425293
      vertex 12.0 8.0 13.607929229736328
      vertex 12.0 7.0 13.607929229736328
    endloop
  endfacet
  facet normal 0.0 -0.040378037840127945 0.9991844296455383
    outer loop
      vertex 13.0 8.0 13.607929229736328
      vertex 12.0 8.0 13.607929229736328
      vertex 13.0 7.0 13.56751823425293
    endloop
  endfacet
  facet normal 0.027073826640844345 -0.6400398015975952 -0.7678646445274353
    outer loop
      vertex 13.0 9.0 9.927350044250488
      vertex 13.0 8.912840843200684 10.0
      vertex 12.0 8.870540618896484 10.0
    endloop
  endfacet
  facet normal -0.0 -0.4893862307071686 -0.8720671534538269
    outer loop
      vertex 13.0 9.0 9.927350044250488
      vertex 12.0 8.870540618896484 10.0
      vertex 12.0 9.0 9.927350044250488
    endloop
  endfacet
  facet normal 0.26807302236557007 -0.5821123719215393 -0.7676472067832947
    outer loop
      vertex 12.0 8.0 10.660137176513672
      vertex 12.0 8.870540618896484 10.0
      vertex 12.973222732543945 8.0 11.0
    endloop
  endfacet
  facet normal 0.39768186211586 -0.4644032418727875 -0.7913146018981934
    outer loop
      vertex 12.0 8.870540618896484 10.0
      vertex 13.0 8.022930145263672 11.0
      vertex 12.973222732543945 8.0 11.0
    endloop
  endfacet
  facet normal 0.03158377856016159 -0.7466574907302856 -0.6644585132598877
    outer loop
      vertex 12.0 8.870540618896484 10.0
      vertex 13.0 8.912840843200684 10.0
      vertex 13.0 8.022930145263672 11.0
    endloop
  endfacet
  facet normal 0.5179608464241028 -0.6048621535301208 -0.6048621535301208
    outer loop
      vertex 12.973222732543945 8.0 11.0
      vertex 13.0 8.022930145263672 11.0
      vertex 13.0 8.0 11.022930145263672
    endloop
  endfacet
  facet normal 0.0 0.0 1.0
    outer loop
      vertex 13.0 8.0 13.607929229736328
      vertex 12.0 9.0 13.607929229736328
      vertex 12.0 8.0 13.607929229736328
    endloop
  endfacet
  facet normal 0.0 0.0 1.0
    outer loop
      vertex 13.0 9.0 13.607929229736328
      vertex 12.0 9.0 13.607929229736328
      vertex 13.0 8.0 13.607929229736328
    endloop
  endfacet
  facet normal -0.3840099275112152 0.3840098977088928 -0.8396860957145691
    outer loop
      vertex 12.0 9.0 9.927350044250488
      vertex 12.0 9.158858299255371 10.0
      vertex 12.841141700744629 10.0 10.0
    endloop
  endfacet
  facet normal -0.3840099275112152 0.3840099275112152 -0.8396861553192139
    outer loop
      vertex 13.0 10.0 9.927350044250488
      vertex 12.0 9.0 9.927350044250488
      vertex 12.841141700744629 10.0 10.0
    endloop
  endfacet
  facet normal 0.0 0.0 -1.0
    outer loop
      vertex 13.0 9.0 9.927350044250488
      vertex 12.0 9.0 9.927350044250488
      vertex 13.0 10.0 9.927350044250488
    endloop
  endfacet
  facet normal -0.6083229780197144 0.7652665972709656 -0.2104998528957367
    outer loop
      vertex 12.0 9.43392562866211 11.0
      vertex 12.712118148803711 10.0 11.0
      vertex 12.0 9.158858299255371 10.0
    endloop
  endfacet
  facet normal -0.7041822075843811 0.7041822075843811 -0.09085606783628464
    outer loop
      vertex 12.0 9.158858299255371 10.0
      vertex 12.712118148803711 10.0 11.0
      vertex 12.841141700744629 10.0 10.0
    endloop
  endfacet
  facet normal -0.6222655177116394 0.7828062772750854 0.0
    outer loop
      vertex 12.0 9.43392562866211 12.0
      vertex 12.712118148803711 10.0 12.0
      vertex 12.0 9.43392562866211 11.0
    endloop
  endfacet
  facet normal -0.6222655177116394 0.7828062772750854 0.0
    outer loop
      vertex 12.0 9.43392562866211 11.0
      vertex 12.712118148803711 10.0 12.0
      vertex 12.712118148803711 10.0 11.0
    endloop
  endfacet
  facet normal -0.6222655177116394 0.7828062772750854 0.0
    outer loop
      vertex 12.0 9.43392562866211 13.0
      vertex 12.712118148803711 10.0 13.0
      vertex 12.0 9.43392562866211 12.0
    endloop
  endfacet
  facet normal -0.6222655177116394 0.7828062772750854 0.0
    outer loop
      vertex 12.0 9.43392562866211 12.0
      vertex 12.712118148803711 10.0 13.0
      vertex 12.712118148803711 10.0 12.0
    endloop
  endfacet
  facet normal -0.578115701675415 0.7272660732269287 0.36995452642440796
    outer loop
      vertex 13.0 10.0 13.44986343383789
      vertex 12.712118148803711 10.0 13.0
      vertex 12.0 9.43392562866211 13.0
    endloop
  endfacet
  facet normal -0.5854248404502869 0.6598742604255676 0.4710027873516083
    outer loop
      vertex 12.0 9.0 13.607929229736328
      vertex 13.0 10.0 13.44986343383789
      vertex 12.0 9.43392562866211 13.0
    endloop
  endfacet
  facet normal 0.0 0.1561274230480194 0.9877369403839111
    outer loop
      vertex 13.0 9.0 13.607929229736328
      vertex 13.0 10.0 13.44986343383789
      vertex 12.0 9.0 13.607929229736328
    endloop
  endfacet
  facet normal -0.3840098977088928 0.3840098977088928 -0.8396860957145691
    outer loop
      vertex 13.0 10.158858299255371 10.0
      vertex 13.0 10.0 9.927350044250488
      vertex 12.841141700744629 10.0 10.0
    endloop
  endfacet
  facet normal -0.7041822075843811 0.7041822075843811 -0.09085609018802643
    outer loop
      vertex 13.0 10.158858299255371 10.0
      vertex 12.841141700744629 10.0 10.0
      vertex 12.712118148803711 10.0 11.0
    endloop
  endfacet
  facet normal -0.7041822075843811 0.7041822075843811 -0.09085609763860703
    outer loop
      vertex 13.0 10.158858299255371 10.0
      vertex 12.712118148803711 10.0 11.0
      vertex 13.0 10.287881851196289 11.0
    endloop
  endfacet
  facet normal -0.7071067690849304 0.7071067690849304 0.0
    outer loop
      vertex 13.0 10.287881851196289 11.0
      vertex 12.712118148803711 10.0 11.0
      vertex 12.712118148803711 10.0 12.0
    endloop
  endfacet
  facet normal -0.7071067690849304 0.7071067690849304 0.0
    outer loop
      vertex 13.0 10.287881851196289 11.0
      vertex 12.712118148803711 10.0 12.0
      vertex 13.0 10.287881851196289 12.0
    endloop
  endfacet
  facet normal -0.7071067690849304 0.7071067690849304 0.0
    outer loop
      vertex 13.0 10.287881851196289 12.0
      vertex 12.712118148803711 10.0 12.0
      vertex 12.712118148803711 10.0 13.0
    endloop
  endfacet
  facet normal -0.7071067690849304 0.7071067690849304 0.0
    outer loop
      vertex 13.0 10.287881851196289 12.0
      vertex 12.712118148803711 10.0 13.0
      vertex 13.0 10.287881851196289 13.0
    endloop
  endfacet
  facet normal -0.6442217826843262 0.6442217826843262 0.41225793957710266
    outer loop
      vertex 13.0 10.287881851196289 13.0
      vertex 12.712118148803711 10.0 13.0
      vertex 13.0 10.0 13.44986343383789
    endloop
  endfacet
  facet normal -0.3840098977088928 -0.3840098977088928 -0.8396860957145691
    outer loop
      vertex 13.0 13.0 9.927350044250488
      vertex 13.0 12.841141700744629 10.0
      vertex 12.841141700744629 13.0 10.0
    endloop
  endfacet
  facet normal -0.7041822075843811 -0.7041822075843811 -0.09085609763860703
    outer loop
      vertex 13.0 12.712118148803711 11.0
      vertex 12.712118148803711 13.0 11.0
      vertex 12.841141700744629 13.0 10.0
    endloop
  endfacet
  facet normal -0.7041822075843811 -0.7041822075843811 -0.09085609018802643
    outer loop
      vertex 13.0 12.712118148803711 11.0
      vertex 12.841141700744629 13.0 10.0
      vertex 13.0 12.841141700744629 10.0
    endloop
  endfacet
  facet normal -0.7071067690849304 -0.7071067690849304 0.0
    outer loop
      vertex 13.0 12.712118148803711 12.0
      vertex 12.712118148803711 13.0 12.0
      vertex 12.712118148803711 13.0 11.0
    endloop
  endfacet
  facet normal -0.7071067690849304 -0.7071067690849304 -0.0
    outer loop
      vertex 13.0 12.712118148803711 12.0
      vertex 12.712118148803711 13.0 11.0
      vertex 13.0 12.712118148803711 11.0
    endloop
  endfacet
  facet normal -0.7071067690849304 -0.7071067690849304 0.0
    outer loop
      vertex 13.0 12.712118148803711 13.0
      vertex 12.712118148803711 13.0 13.0
      vertex 12.712118148803711 13.0 12.0
    endloop
  endfacet
  facet normal -0.7071067690849304 -0.7071067690849304 -0.0
    outer loop
      vertex 13.0 12.712118148803711 13.0
      vertex 12.712118148803711 13.0 12.0
      vertex 13.0 12.712118148803711 12.0
    endloop
  endfacet
  facet normal -0.6442217826843262 -0.6442217826843262 0.41225793957710266
    outer loop
      vertex 13.0 13.0 13.44986343383789
      vertex 12.712118148803711 13.0 13.0
      vertex 13.0 12.712118148803711 13.0
    endloop
  endfacet
  facet normal -0.3840098977088928 -0.3840099275112152 -0.8396860957145691
    outer loop
      vertex 13.0 13.0 9.927350044250488
      vertex 12.841141700744629 13.0 10.0
      vertex 12.0 13.841141700744629 10.0
    endloop
  endfacet
  facet normal -0.3840099275112152 -0.3840099275112152 -0.8396861553192139
    outer loop
      vertex 12.0 14.0 9.927350044250488
      vertex 13.0 13.0 9.927350044250488
      vertex 12.0 13.841141700744629 10.0
    endloop
  endfacet
  facet normal -0.0 -0.0 -1.0
    outer loop
      vertex 13.0 14.0 9.927350044250488
      vertex 13.0 13.0 9.927350044250488
      vertex 12.0 14.0 9.927350044250488
    endloop
  endfacet
  facet normal -0.6940994262695312 -0.6940994262695312 -0.19092407822608948
    outer loop
      vertex 12.0 13.841141700744629 10.0
      vertex 12.841141700744629 13.0 10.0
      vertex 12.0 13.56607437133789 11.0
    endloop
  endfacet
  facet normal -0.6202695369720459 -0.7802953720092773 -0.08002936094999313
    outer loop
      vertex 12.0 13.56607437133789 11.0
      vertex 12.841141700744629 13.0 10.0
      vertex 12.712118148803711 13.0 11.0
    endloop
  endfacet
  facet normal -0.6222655177116394 -0.7828062772750854 0.0
    outer loop
      vertex 12.0 13.56607437133789 11.0
      vertex 12.712118148803711 13.0 11.0
      vertex 12.0 13.56607437133789 12.0
    endloop
  endfacet
  facet normal -0.6222655177116394 -0.7828062772750854 0.0
    outer loop
      vertex 12.0 13.56607437133789 12.0
      vertex 12.712118148803711 13.0 11.0
      vertex 12.712118148803711 13.0 12.0
    endloop
  endfacet
  facet normal -0.6222655177116394 -0.7828062772750854 0.0
    outer loop
      vertex 12.0 13.56607437133789 12.0
      vertex 12.712118148803711 13.0 12.0
      vertex 12.0 13.56607437133789 13.0
    endloop
  endfacet
  facet normal -0.6222655177116394 -0.7828062772750854 0.0
    outer loop
      vertex 12.0 13.56607437133789 13.0
      vertex 12.712118148803711 13.0 12.0
      vertex 12.712118148803711 13.0 13.0
    endloop
  endfacet
  facet normal -0.5432199239730835 -0.6833673715591431 0.48777157068252563
    outer loop
      vertex 12.0 14.0 13.607929229736328
      vertex 12.0 13.56607437133789 13.0
      vertex 12.712118148803711 13.0 13.0
    endloop
  endfacet
  facet normal -0.6175609230995178 -0.6800280213356018 0.395196795463562
    outer loop
      vertex 13.0 13.0 13.44986343383789
      vertex 12.0 14.0 13.607929229736328
      vertex 12.712118148803711 13.0 13.0
    endloop
  endfacet
  facet normal 0.0 -0.1561274230480194 0.9877369403839111
    outer loop
      vertex 13.0 14.0 13.607929229736328
      vertex 12.0 14.0 13.607929229736328
      vertex 13.0 13.0 13.44986343383789
    endloop
  endfacet
  facet normal 0.0 0.6402745246887207 -0.7681461572647095
    outer loop
      vertex 13.0 14.087159156799316 10.0
      vertex 13.0 14.0 9.927350044250488
      vertex 12.0 14.0 9.927350044250488
    endloop
  endfacet
  facet normal 0.020696712657809258 0.48928141593933105 -0.8718803524971008
    outer loop
      vertex 13.0 14.087159156799316 10.0
      vertex 12.0 14.0 9.927350044250488
      vertex 12.0 14.129459381103516 10.0
    endloop
  endfacet
  facet normal 0.3076739013195038 0.3592941164970398 -0.8810473680496216
    outer loop
      vertex 12.973222732543945 15.0 11.0
      vertex 13.0 14.977069854736328 11.0
      vertex 12.0 15.0 10.660137176513672
    endloop
  endfacet
  facet normal 0.2737849950790405 0.58114093542099 -0.7663661241531372
    outer loop
      vertex 13.0 14.977069854736328 11.0
      vertex 12.0 14.129459381103516 10.0
      vertex 12.0 15.0 10.660137176513672
    endloop
  endfacet
  facet normal 0.03158377856016159 0.7466574907302856 -0.6644585132598877
    outer loop
      vertex 13.0 14.977069854736328 11.0
      vertex 13.0 14.087159156799316 10.0
      vertex 12.0 14.129459381103516 10.0
    endloop
  endfacet
  facet normal 0.5179608464241028 0.6048621535301208 -0.6048621535301208
    outer loop
      vertex 12.973222732543945 15.0 11.0
      vertex 13.0 15.0 11.022930145263672
      vertex 13.0 14.977069854736328 11.0
    endloop
  endfacet
  facet normal 0.0 0.0 1.0
    outer loop
      vertex 13.0 14.0 13.607929229736328
      vertex 12.0 15.0 13.607929229736328
      vertex 12.0 14.0 13.607929229736328
    endloop
  endfacet
  facet normal 0.0 0.0 1.0
    outer loop
      vertex 13.0 15.0 13.607929229736328
      vertex 12.0 15.0 13.607929229736328
      vertex 13.0 14.0 13.607929229736328
    endloop
  endfacet
  facet normal 0.20433256030082703 0.7847808003425598 -0.5851216316223145
    outer loop
      vertex 12.0 15.253396987915039 11.0
      vertex 12.973222732543945 15.0 11.0
      vertex 12.0 15.0 10.660137176513672
    endloop
  endfacet
  facet normal 0.17322154343128204 0.41488754749298096 -0.8932315707206726
    outer loop
      vertex 12.469802856445312 16.0 12.0
      vertex 13.0 15.778635025024414 12.0
      vertex 12.0 16.0 11.908892631530762
    endloop
  endfacet
  facet normal 0.2231137901544571 0.753242552280426 -0.6187454462051392
    outer loop
      vertex 12.0 16.0 11.908892631530762
      vertex 13.0 15.778635025024414 12.0
      vertex 12.0 15.253396987915039 11.0
    endloop
  endfacet
  facet normal 0.20782023668289185 0.7649725079536438 -0.6096128821372986
    outer loop
      vertex 13.0 15.778635025024414 12.0
      vertex 13.0 15.0 11.022930145263672
      vertex 12.0 15.253396987915039 11.0
    endloop
  endfacet
  facet normal 0.2417214959859848 0.9283806681632996 -0.2822765111923218
    outer loop
      vertex 13.0 15.0 11.022930145263672
      vertex 12.973222732543945 15.0 11.0
      vertex 12.0 15.253396987915039 11.0
    endloop
  endfacet
  facet normal 0.2990431487560272 0.7162462472915649 -0.6305272579193115
    outer loop
      vertex 12.469802856445312 16.0 12.0
      vertex 13.0 16.0 12.251459121704102
      vertex 13.0 15.778635025024414 12.0
    endloop
  endfacet
  facet normal 0.0 0.0 1.0
    outer loop
      vertex 13.0 15.0 13.607929229736328
      vertex 12.0 16.0 13.607929229736328
      vertex 12.0 15.0 13.607929229736328
    endloop
  endfacet
  facet normal 0.04034516215324402 0.04034516215324402 0.9983709454536438
    outer loop
      vertex 13.0 16.0 13.56751823425293
      vertex 12.0 16.0 13.607929229736328
      vertex 13.0 15.0 13.607929229736328
    endloop
  endfacet
  facet normal 0.12189964950084686 0.7681277990341187 -0.6285858154296875
    outer loop
      vertex 12.0 16.074556350708008 12.0
      vertex 12.469802856445312 16.0 12.0
      vertex 12.0 16.0 11.908892631530762
    endloop
  endfacet
  facet normal 0.15029554069042206 0.9364766478538513 -0.3168955445289612
    outer loop
      vertex 13.0 16.253299713134766 13.0
      vertex 13.0 16.0 12.251459121704102
      vertex 12.469802856445312 16.0 12.0
    endloop
  endfacet
  facet normal 0.14869536459445953 0.9369759559631348 -0.31617361307144165
    outer loop
      vertex 12.0 16.074556350708008 12.0
      vertex 13.0 16.253299713134766 13.0
      vertex 12.469802856445312 16.0 12.0
    endloop
  endfacet
  facet normal 0.049800049513578415 0.9733659625053406 -0.2237827479839325
    outer loop
      vertex 12.0 16.304462432861328 13.0
      vertex 13.0 16.253299713134766 13.0
      vertex 12.0 16.074556350708008 12.0
    endloop
  endfacet
  facet normal 0.018093058839440346 0.893987774848938 0.44772595167160034
    outer loop
      vertex 12.0 16.304462432861328 13.0
      vertex 12.0 16.0 13.607929229736328
      vertex 13.0 16.0 13.56751823425293
    endloop
  endfacet
  facet normal 0.04666944593191147 0.912176787853241 0.40713074803352356
    outer loop
      vertex 12.0 16.304462432861328 13.0
      vertex 13.0 16.0 13.56751823425293
      vertex 13.0 16.253299713134766 13.0
    endloop
  endfacet
  facet normal 0.12413361668586731 -0.8847198486328125 -0.44929006695747375
    outer loop
      vertex 14.0 7.0 12.777503967285156
      vertex 14.0 6.887009143829346 13.0
      vertex 13.0 6.746700763702393 13.0
    endloop
  endfacet
  facet normal 0.1662691980600357 -0.9340511560440063 -0.3160741925239563
    outer loop
      vertex 14.0 7.0 12.777503967285156
      vertex 13.0 6.746700763702393 13.0
      vertex 13.0 7.0 12.251459121704102
    endloop
  endfacet
  facet normal 0.12708680331707 -0.9057677388191223 0.40426942706108093
    outer loop
      vertex 13.0 7.0 13.56751823425293
      vertex 13.0 6.746700763702393 13.0
      vertex 14.0 6.887009143829346 13.0
    endloop
  endfacet
  facet normal 0.060252927243709564 -0.9532959461212158 0.2959669828414917
    outer loop
      vertex 13.0 7.0 13.56751823425293
      vertex 14.0 6.887009143829346 13.0
      vertex 14.0 7.0 13.363938331604004
    endloop
  endfacet
  facet normal 0.219878688454628 -0.6431900262832642 -0.7334575653076172
    outer loop
      vertex 14.0 8.0 11.616976737976074
      vertex 14.0 7.5632219314575195 12.0
      vertex 13.0 7.221365451812744 12.0
    endloop
  endfacet
  facet normal 0.3471914529800415 -0.7333992719650269 -0.5844515562057495
    outer loop
      vertex 14.0 8.0 11.616976737976074
      vertex 13.0 7.221365451812744 12.0
      vertex 13.0 8.0 11.022930145263672
    endloop
  endfacet
  facet normal 0.3283233344554901 -0.7089841365814209 -0.6241356134414673
    outer loop
      vertex 13.0 7.0 12.251459121704102
      vertex 13.0 7.221365451812744 12.0
      vertex 14.0 7.0 12.777503967285156
    endloop
  endfacet
  facet normal 0.2668135166168213 -0.7804840207099915 -0.5653806924819946
    outer loop
      vertex 14.0 7.0 12.777503967285156
      vertex 13.0 7.221365451812744 12.0
      vertex 14.0 7.5632219314575195 12.0
    endloop
  endfacet
  facet normal 0.19933179020881653 -0.0395677387714386 0.9791329503059387
    outer loop
      vertex 14.0 7.0 13.363938331604004
      vertex 13.0 8.0 13.607929229736328
      vertex 13.0 7.0 13.56751823425293
    endloop
  endfacet
  facet normal 0.0 -0.2370372861623764 0.97150057554245
    outer loop
      vertex 14.0 8.0 13.607929229736328
      vertex 13.0 8.0 13.607929229736328
      vertex 14.0 7.0 13.363938331604004
    endloop
  endfacet
  facet normal 0.39585521817207336 -0.5879722833633423 -0.7053985595703125
    outer loop
      vertex 13.0 9.0 9.927350044250488
      vertex 13.129459381103516 9.0 10.0
      vertex 13.0 8.912840843200684 10.0
    endloop
  endfacet
  facet normal 0.44292569160461426 -0.6578871011734009 -0.6090989112854004
    outer loop
      vertex 13.0 8.912840843200684 10.0
      vertex 13.129459381103516 9.0 10.0
      vertex 14.0 9.0 10.633041381835938
    endloop
  endfacet
  facet normal 0.4562003016471863 -0.623643696308136 -0.6347832083702087
    outer loop
      vertex 14.0 8.626486778259277 11.0
      vertex 13.0 8.912840843200684 10.0
      vertex 14.0 9.0 10.633041381835938
    endloop
  endfacet
  facet normal 0.4110279083251953 -0.6810097098350525 -0.6060377955436707
    outer loop
      vertex 13.0 8.022930145263672 11.0
      vertex 13.0 8.912840843200684 10.0
      vertex 14.0 8.626486778259277 11.0
    endloop
  endfacet
  facet normal 0.3872750997543335 -0.65192711353302 -0.65192711353302
    outer loop
      vertex 13.0 8.0 11.022930145263672
      vertex 13.0 8.022930145263672 11.0
      vertex 14.0 8.0 11.616976737976074
    endloop
  endfacet
  facet normal 0.38997241854667664 -0.646124005317688 -0.6560832858085632
    outer loop
      vertex 14.0 8.0 11.616976737976074
      vertex 13.0 8.022930145263672 11.0
      vertex 14.0 8.626486778259277 11.0
    endloop
  endfacet
  facet normal 0.0 0.0 1.0
    outer loop
      vertex 14.0 8.0 13.607929229736328
      vertex 13.0 9.0 13.607929229736328
      vertex 13.0 8.0 13.607929229736328
    endloop
  endfacet
  facet normal 0.0 0.0 1.0
    outer loop
      vertex 14.0 9.0 13.607929229736328
      vertex 13.0 9.0 13.607929229736328
      vertex 14.0 8.0 13.607929229736328
    endloop
  endfacet
  facet normal 0.4395706355571747 -0.4395706355571747 -0.7832976579666138
    outer loop
      vertex 14.0 10.0 9.927350044250488
      vertex 14.0 9.870540618896484 10.0
      vertex 13.129459381103516 9.0 10.0
    endloop
  endfacet
  facet normal 0.4395706355571747 -0.4395706355571747 -0.7832977175712585
    outer loop
      vertex 13.0 9.0 9.927350044250488
      vertex 14.0 10.0 9.927350044250488
      vertex 13.129459381103516 9.0 10.0
    endloop
  endfacet
  facet normal 0.0 0.0 -1.0
    outer loop
      vertex 13.0 10.0 9.927350044250488
      vertex 14.0 10.0 9.927350044250488
      vertex 13.0 9.0 9.927350044250488
    endloop
  endfacet
  facet normal 0.5069486498832703 -0.5069486498832703 -0.6971414685249329
    outer loop
      vertex 13.129459381103516 9.0 10.0
      vertex 14.0 9.870540618896484 10.0
      vertex 14.0 9.0 10.633041381835938
    endloop
  endfacet
  facet normal 0.0 0.1561274230480194 0.9877369403839111
    outer loop
      vertex 14.0 9.0 13.607929229736328
      vertex 13.0 10.0 13.44986343383789
      vertex 13.0 9.0 13.607929229736328
    endloop
  endfacet
  facet normal -0.1561274230480194 0.0 0.9877369403839111
    outer loop
      vertex 14.0 10.0 13.607929229736328
      vertex 13.0 10.0 13.44986343383789
      vertex 14.0 9.0 13.607929229736328
    endloop
  endfacet
  facet normal -0.3840099275112152 0.3840098977088928 -0.8396860957145691
    outer loop
      vertex 13.0 10.0 9.927350044250488
      vertex 13.0 10.158858299255371 10.0
      vertex 13.841141700744629 11.0 10.0
    endloop
  endfacet
  facet normal -0.3840099275112152 0.3840099275112152 -0.8396861553192139
    outer loop
      vertex 14.0 11.0 9.927350044250488
      vertex 13.0 10.0 9.927350044250488
      vertex 13.841141700744629 11.0 10.0
    endloop
  endfacet
  facet normal 0.0 0.0 -1.0
    outer loop
      vertex 14.0 10.0 9.927350044250488
      vertex 13.0 10.0 9.927350044250488
      vertex 14.0 11.0 9.927350044250488
    endloop
  endfacet
  facet normal -0.7802953720092773 0.6202695369720459 -0.08002938330173492
    outer loop
      vertex 13.0 10.287881851196289 11.0
      vertex 13.56607437133789 11.0 11.0
      vertex 13.0 10.158858299255371 10.0
    endloop
  endfacet
  facet normal -0.6940994262695312 0.6940994262695312 -0.19092407822608948
    outer loop
      vertex 13.0 10.158858299255371 10.0
      vertex 13.56607437133789 11.0 11.0
      vertex 13.841141700744629 11.0 10.0
    endloop
  endfacet
  facet normal -0.7828062772750854 0.6222655177116394 0.0
    outer loop
      vertex 13.0 10.287881851196289 12.0
      vertex 13.56607437133789 11.0 12.0
      vertex 13.0 10.287881851196289 11.0
    endloop
  endfacet
  facet normal -0.7828062772750854 0.6222655177116394 0.0
    outer loop
      vertex 13.0 10.287881851196289 11.0
      vertex 13.56607437133789 11.0 12.0
      vertex 13.56607437133789 11.0 11.0
    endloop
  endfacet
  facet normal -0.7828062772750854 0.6222655177116394 0.0
    outer loop
      vertex 13.0 10.287881851196289 13.0
      vertex 13.56607437133789 11.0 13.0
      vertex 13.0 10.287881851196289 12.0
    endloop
  endfacet
  facet normal -0.7828062772750854 0.6222655177116394 0.0
    outer loop
      vertex 13.0 10.287881851196289 12.0
      vertex 13.56607437133789 11.0 13.0
      vertex 13.56607437133789 11.0 12.0
    endloop
  endfacet
  facet normal -0.6833673715591431 0.5432199239730835 0.48777157068252563
    outer loop
      vertex 14.0 11.0 13.607929229736328
      vertex 13.56607437133789 11.0 13.0
      vertex 13.0 10.287881851196289 13.0
    endloop
  endfacet
  facet normal -0.6800280213356018 0.6175609230995178 0.395196795463562
    outer loop
      vertex 13.0 10.0 13.44986343383789
      vertex 14.0 11.0 13.607929229736328
      vertex 13.0 10.287881851196289 13.0
    endloop
  endfacet
  facet normal -0.1561274230480194 0.0 0.9877369403839111
    outer loop
      vertex 14.0 10.0 13.607929229736328
      vertex 14.0 11.0 13.607929229736328
      vertex 13.0 10.0 13.44986343383789
    endloop
  endfacet
  facet normal -0.4158971607685089 0.0 -0.9094116687774658
    outer loop
      vertex 14.0 11.0 9.927350044250488
      vertex 13.841141700744629 11.0 10.0
      vertex 13.841141700744629 12.0 10.0
    endloop
  endfacet
  facet normal -0.4158971607685089 0.0 -0.9094116687774658
    outer loop
      vertex 14.0 11.0 9.927350044250488
      vertex 13.841141700744629 12.0 10.0
      vertex 14.0 12.0 9.927350044250488
    endloop
  endfacet
  facet normal -0.9641887545585632 -0.0 -0.2652168273925781
    outer loop
      vertex 13.56607437133789 12.0 11.0
      vertex 13.841141700744629 11.0 10.0
      vertex 13.56607437133789 11.0 11.0
    endloop
  endfacet
  facet normal -0.9641887545585632 -0.0 -0.2652168273925781
    outer loop
      vertex 13.841141700744629 12.0 10.0
      vertex 13.841141700744629 11.0 10.0
      vertex 13.56607437133789 12.0 11.0
    endloop
  endfacet
  facet normal -1.0 -0.0 0.0
    outer loop
      vertex 13.56607437133789 12.0 12.0
      vertex 13.56607437133789 11.0 11.0
      vertex 13.56607437133789 11.0 12.0
    endloop
  endfacet
  facet normal -1.0 0.0 0.0
    outer loop
      vertex 13.56607437133789 12.0 11.0
      vertex 13.56607437133789 11.0 11.0
      vertex 13.56607437133789 12.0 12.0
    endloop
  endfacet
  facet normal -1.0 -0.0 0.0
    outer loop
      vertex 13.56607437133789 12.0 13.0
      vertex 13.56607437133789 11.0 12.0
      vertex 13.56607437133789 11.0 13.0
    endloop
  endfacet
  facet normal -1.0 0.0 0.0
    outer loop
      vertex 13.56607437133789 12.0 12.0
      vertex 13.56607437133789 11.0 12.0
      vertex 13.56607437133789 12.0 13.0
    endloop
  endfacet
  facet normal -0.8139294981956482 0.0 0.5809637904167175
    outer loop
      vertex 13.56607437133789 11.0 13.0
      vertex 14.0 11.0 13.607929229736328
      vertex 14.0 12.0 13.607929229736328
    endloop
  endfacet
  facet normal -0.8139294981956482 0.0 0.5809637904167175
    outer loop
      vertex 13.56607437133789 11.0 13.0
      vertex 14.0 12.0 13.607929229736328
      vertex 13.56607437133789 12.0 13.0
    endloop
  endfacet
  facet normal -0.3840098977088928 -0.3840099275112152 -0.8396860957145691
    outer loop
      vertex 14.0 12.0 9.927350044250488
      vertex 13.841141700744629 12.0 10.0
      vertex 13.0 12.841141700744629 10.0
    endloop
  endfacet
  facet normal -0.3840099275112152 -0.3840099275112152 -0.8396861553192139
    outer loop
      vertex 13.0 13.0 9.927350044250488
      vertex 14.0 12.0 9.927350044250488
      vertex 13.0 12.841141700744629 10.0
    endloop
  endfacet
  facet normal -0.0 -0.0 -1.0
    outer loop
      vertex 14.0 13.0 9.927350044250488
      vertex 14.0 12.0 9.927350044250488
      vertex 13.0 13.0 9.927350044250488
    endloop
  endfacet
  facet normal -0.7041822075843811 -0.7041822075843811 -0.09085609018802643
    outer loop
      vertex 13.0 12.841141700744629 10.0
      vertex 13.841141700744629 12.0 10.0
      vertex 13.0 12.712118148803711 11.0
    endloop
  endfacet
  facet normal -0.7652665972709656 -0.6083229780197144 -0.2104998528957367
    outer loop
      vertex 13.0 12.712118148803711 11.0
      vertex 13.841141700744629 12.0 10.0
      vertex 13.56607437133789 12.0 11.0
    endloop
  endfacet
  facet normal -0.7828062772750854 -0.6222655177116394 0.0
    outer loop
      vertex 13.0 12.712118148803711 11.0
      vertex 13.56607437133789 12.0 11.0
      vertex 13.0 12.712118148803711 12.0
    endloop
  endfacet
  facet normal -0.7828062772750854 -0.6222655177116394 0.0
    outer loop
      vertex 13.0 12.712118148803711 12.0
      vertex 13.56607437133789 12.0 11.0
      vertex 13.56607437133789 12.0 12.0
    endloop
  endfacet
  facet normal -0.7828062772750854 -0.6222655177116394 0.0
    outer loop
      vertex 13.0 12.712118148803711 12.0
      vertex 13.56607437133789 12.0 12.0
      vertex 13.0 12.712118148803711 13.0
    endloop
  endfacet
  facet normal -0.7828062772750854 -0.6222655177116394 0.0
    outer loop
      vertex 13.0 12.712118148803711 13.0
      vertex 13.56607437133789 12.0 12.0
      vertex 13.56607437133789 12.0 13.0
    endloop
  endfacet
  facet normal -0.7272660732269287 -0.578115701675415 0.36995452642440796
    outer loop
      vertex 13.0 13.0 13.44986343383789
      vertex 13.0 12.712118148803711 13.0
      vertex 13.56607437133789 12.0 13.0
    endloop
  endfacet
  facet normal -0.6598742604255676 -0.5854248404502869 0.4710027873516083
    outer loop
      vertex 14.0 12.0 13.607929229736328
      vertex 13.0 13.0 13.44986343383789
      vertex 13.56607437133789 12.0 13.0
    endloop
  endfacet
  facet normal -0.1561274230480194 0.0 0.9877369403839111
    outer loop
      vertex 14.0 13.0 13.607929229736328
      vertex 13.0 13.0 13.44986343383789
      vertex 14.0 12.0 13.607929229736328
    endloop
  endfacet
  facet normal 0.4395706355571747 0.4395706355571747 -0.7832976579666138
    outer loop
      vertex 13.0 14.0 9.927350044250488
      vertex 13.129459381103516 14.0 10.0
      vertex 14.0 13.129459381103516 10.0
    endloop
  endfacet
  facet normal 0.4395706355571747 0.4395706355571747 -0.7832977175712585
    outer loop
      vertex 14.0 13.0 9.927350044250488
      vertex 13.0 14.0 9.927350044250488
      vertex 14.0 13.129459381103516 10.0
    endloop
  endfacet
  facet normal 0.0 0.0 -1.0
    outer loop
      vertex 13.0 13.0 9.927350044250488
      vertex 13.0 14.0 9.927350044250488
      vertex 14.0 13.0 9.927350044250488
    endloop
  endfacet
  facet normal 0.5069486498832703 0.5069486498832703 -0.6971414685249329
    outer loop
      vertex 13.129459381103516 14.0 10.0
      vertex 14.0 14.0 10.633041381835938
      vertex 14.0 13.129459381103516 10.0
    endloop
  endfacet
  facet normal -0.15425865352153778 -0.15425865352153778 0.9759141802787781
    outer loop
      vertex 14.0 13.0 13.607929229736328
      vertex 13.0 14.0 13.607929229736328
      vertex 13.0 13.0 13.44986343383789
    endloop
  endfacet
  facet normal 0.0 0.0 1.0
    outer loop
      vertex 14.0 14.0 13.607929229736328
      vertex 13.0 14.0 13.607929229736328
      vertex 14.0 13.0 13.607929229736328
    endloop
  endfacet
  facet normal 0.39585521817207336 0.5879722833633423 -0.7053985595703125
    outer loop
      vertex 13.0 14.087159156799316 10.0
      vertex 13.129459381103516 14.0 10.0
      vertex 13.0 14.0 9.927350044250488
    endloop
  endfacet
  facet normal 0.4604627192020416 0.6221033334732056 -0.6332153081893921
    outer loop
      vertex 14.0 14.373513221740723 11.0
      vertex 14.0 14.0 10.633041381835938
      vertex 13.129459381103516 14.0 10.0
    endloop
  endfacet
  facet normal 0.4369462728500366 0.6490057706832886 -0.6227917075157166
    outer loop
      vertex 13.0 14.087159156799316 10.0
      vertex 14.0 14.373513221740723 11.0
      vertex 13.129459381103516 14.0 10.0
    endloop
  endfacet
  facet normal 0.4110279083251953 0.6810097098350525 -0.6060377955436707
    outer loop
      vertex 13.0 14.977069854736328 11.0
      vertex 14.0 14.373513221740723 11.0
      vertex 13.0 14.087159156799316 10.0
    endloop
  endfacet
  facet normal 0.3925260901451111 0.6503549814224243 -0.6503549814224243
    outer loop
      vertex 13.0 14.977069854736328 11.0
      vertex 13.0 15.0 11.022930145263672
      vertex 14.0 14.373513221740723 11.0
    endloop
  endfacet
  facet normal 0.3897787630558014 0.6461815237998962 -0.6561416983604431
    outer loop
      vertex 14.0 14.373513221740723 11.0
      vertex 13.0 15.0 11.022930145263672
      vertex 14.0 15.0 11.616976737976074
    endloop
  endfacet
  facet normal 0.0 0.0 1.0
    outer loop
      vertex 14.0 14.0 13.607929229736328
      vertex 13.0 15.0 13.607929229736328
      vertex 13.0 14.0 13.607929229736328
    endloop
  endfacet
  facet normal 0.0 0.0 1.0
    outer loop
      vertex 14.0 15.0 13.607929229736328
      vertex 13.0 15.0 13.607929229736328
      vertex 14.0 14.0 13.607929229736328
    endloop
  endfacet
  facet normal 0.40781062841415405 0.6020081043243408 -0.6864960193634033
    outer loop
      vertex 14.0 15.43677806854248 12.0
      vertex 14.0 15.0 11.616976737976074
      vertex 13.0 15.0 11.022930145263672
    endloop
  endfacet
  facet normal 0.2582772970199585 0.7555127143859863 -0.6020743250846863
    outer loop
      vertex 14.0 15.43677806854248 12.0
      vertex 13.0 15.0 11.022930145263672
      vertex 13.0 15.778635025024414 12.0
    endloop
  endfacet
  facet normal 0.2485438585281372 0.7270405292510986 -0.6400297284126282
    outer loop
      vertex 13.0 15.778635025024414 12.0
      vertex 13.0 16.0 12.251459121704102
      vertex 14.0 15.43677806854248 12.0
    endloop
  endfacet
  facet normal 0.2948806583881378 0.773831844329834 -0.5605618357658386
    outer loop
      vertex 14.0 15.43677806854248 12.0
      vertex 13.0 16.0 12.251459121704102
      vertex 14.0 16.0 12.777503967285156
    endloop
  endfacet
  facet normal 0.0 0.040378037840127945 0.9991844296455383
    outer loop
      vertex 14.0 15.0 13.607929229736328
      vertex 13.0 16.0 13.56751823425293
      vertex 13.0 15.0 13.607929229736328
    endloop
  endfacet
  facet normal 0.19401973485946655 0.2325330227613449 0.9530397057533264
    outer loop
      vertex 14.0 16.0 13.363938331604004
      vertex 13.0 16.0 13.56751823425293
      vertex 14.0 15.0 13.607929229736328
    endloop
  endfacet
  facet normal 0.2317076027393341 0.8673504590988159 -0.44047117233276367
    outer loop
      vertex 14.0 16.112991333007812 13.0
      vertex 14.0 16.0 12.777503967285156
      vertex 13.0 16.0 12.251459121704102
    endloop
  endfacet
  facet normal 0.13174669444561005 0.9389795064926147 -0.3177424967288971
    outer loop
      vertex 14.0 16.112991333007812 13.0
      vertex 13.0 16.0 12.251459121704102
      vertex 13.0 16.253299713134766 13.0
    endloop
  endfacet
  facet normal 0.08268988132476807 0.9100444912910461 0.4061790406703949
    outer loop
      vertex 13.0 16.253299713134766 13.0
      vertex 13.0 16.0 13.56751823425293
      vertex 14.0 16.0 13.363938331604004
    endloop
  endfacet
  facet normal 0.1328117698431015 0.9465704560279846 0.2938801646232605
    outer loop
      vertex 13.0 16.253299713134766 13.0
      vertex 14.0 16.0 13.363938331604004
      vertex 14.0 16.112991333007812 13.0
    endloop
  endfacet
  facet normal 0.17544318735599518 -0.8777867555618286 -0.44576922059059143
    outer loop
      vertex 14.0 7.0 12.777503967285156
      vertex 14.565321922302246 7.0 13.0
      vertex 14.0 6.887009143829346 13.0
    endloop
  endfacet
  facet normal 0.18749675154685974 -0.9380937814712524 0.2912472188472748
    outer loop
      vertex 14.565321922302246 7.0 13.0
      vertex 14.0 7.0 13.363938331604004
      vertex 14.0 6.887009143829346 13.0
    endloop
  endfacet
  facet normal 0.22796441614627838 -0.5732766389846802 -0.7870108485221863
    outer loop
      vertex 15.0 8.0 11.9714994430542
      vertex 15.0 7.960873603820801 12.0
      vertex 14.0 7.5632219314575195 12.0
    endloop
  endfacet
  facet normal 0.2575579285621643 -0.6370818018913269 -0.7264921069145203
    outer loop
      vertex 15.0 8.0 11.9714994430542
      vertex 14.0 7.5632219314575195 12.0
      vertex 14.0 8.0 11.616976737976074
    endloop
  endfacet
  facet normal 0.22497056424617767 -0.7890823483467102 -0.5716092586517334
    outer loop
      vertex 14.0 7.0 12.777503967285156
      vertex 14.0 7.5632219314575195 12.0
      vertex 14.565321922302246 7.0 13.0
    endloop
  endfacet
  facet normal 0.361157089471817 -0.7102760672569275 -0.6042131185531616
    outer loop
      vertex 14.0 7.5632219314575195 12.0
      vertex 15.0 7.221022605895996 13.0
      vertex 14.565321922302246 7.0 13.0
    endloop
  endfacet
  facet normal 0.30449217557907104 -0.76572585105896 -0.566523015499115
    outer loop
      vertex 14.0 7.5632219314575195 12.0
      vertex 15.0 7.960873603820801 12.0
      vertex 15.0 7.221022605895996 13.0
    endloop
  endfacet
  facet normal 0.37060773372650146 -0.7288624048233032 0.5756818056106567
    outer loop
      vertex 14.0 7.0 13.363938331604004
      vertex 14.565321922302246 7.0 13.0
      vertex 15.0 7.221022605895996 13.0
    endloop
  endfacet
  facet normal 0.38949334621429443 -0.5666517019271851 0.7260859608650208
    outer loop
      vertex 15.0 8.0 13.607929229736328
      vertex 14.0 7.0 13.363938331604004
      vertex 15.0 7.221022605895996 13.0
    endloop
  endfacet
  facet normal 0.0 -0.2370372861623764 0.97150057554245
    outer loop
      vertex 14.0 8.0 13.607929229736328
      vertex 14.0 7.0 13.363938331604004
      vertex 15.0 8.0 13.607929229736328
    endloop
  endfacet
  facet normal 0.558270275592804 -0.5814417004585266 -0.5918274521827698
    outer loop
      vertex 14.0 9.0 10.633041381835938
      vertex 14.389016151428223 9.0 11.0
      vertex 14.0 8.626486778259277 11.0
    endloop
  endfacet
  facet normal 0.566402018070221 -0.5899109244346619 -0.5754943490028381
    outer loop
      vertex 14.389016151428223 9.0 11.0
      vertex 15.0 9.0 11.601330757141113
      vertex 14.0 8.626486778259277 11.0
    endloop
  endfacet
  facet normal 0.5682210326194763 -0.5773941874504089 -0.5862941145896912
    outer loop
      vertex 15.0 9.0 11.601330757141113
      vertex 14.0 8.0 11.616976737976074
      vertex 14.0 8.626486778259277 11.0
    endloop
  endfacet
  facet normal 0.31549468636512756 -0.32941827178001404 -0.8899139165878296
    outer loop
      vertex 15.0 9.0 11.601330757141113
      vertex 15.0 8.0 11.9714994430542
      vertex 14.0 8.0 11.616976737976074
    endloop
  endfacet
  facet normal 0.0 0.0 1.0
    outer loop
      vertex 15.0 8.0 13.607929229736328
      vertex 14.0 9.0 13.607929229736328
      vertex 14.0 8.0 13.607929229736328
    endloop
  endfacet
  facet normal 0.0 0.0 1.0
    outer loop
      vertex 15.0 9.0 13.607929229736328
      vertex 14.0 9.0 13.607929229736328
      vertex 15.0 8.0 13.607929229736328
    endloop
  endfacet
  facet normal 0.5879722833633423 -0.39585521817207336 -0.7053985595703125
    outer loop
      vertex 14.0 10.0 9.927350044250488
      vertex 14.087159156799316 10.0 10.0
      vertex 14.0 9.870540618896484 10.0
    endloop
  endfacet
  facet normal 0.6539505124092102 -0.4402753412723541 -0.6152287125587463
    outer loop
      vertex 14.087159156799316 10.0 10.0
      vertex 15.0 10.0 10.970293998718262
      vertex 14.0 9.870540618896484 10.0
    endloop
  endfacet
  facet normal 0.6524242162704468 -0.4457118809223175 -0.6129303574562073
    outer loop
      vertex 14.0 9.870540618896484 10.0
      vertex 15.0 10.0 10.970293998718262
      vertex 14.0 9.0 10.633041381835938
    endloop
  endfacet
  facet normal 0.6257038116455078 -0.39980795979499817 -0.6698121428489685
    outer loop
      vertex 15.0 10.0 10.970293998718262
      vertex 15.0 9.95023250579834 11.0
      vertex 14.0 9.0 10.633041381835938
    endloop
  endfacet
  facet normal 0.627794623374939 -0.4036616086959839 -0.6655307412147522
    outer loop
      vertex 15.0 9.95023250579834 11.0
      vertex 14.389016151428223 9.0 11.0
      vertex 14.0 9.0 10.633041381835938
    endloop
  endfacet
  facet normal 0.6394259929656982 -0.41114041209220886 -0.6496906280517578
    outer loop
      vertex 14.389016151428223 9.0 11.0
      vertex 15.0 9.95023250579834 11.0
      vertex 15.0 9.0 11.601330757141113
    endloop
  endfacet
  facet normal 0.0 0.0 1.0
    outer loop
      vertex 15.0 9.0 13.607929229736328
      vertex 14.0 10.0 13.607929229736328
      vertex 14.0 9.0 13.607929229736328
    endloop
  endfacet
  facet normal 0.0 0.0 1.0
    outer loop
      vertex 15.0 10.0 13.607929229736328
      vertex 14.0 10.0 13.607929229736328
      vertex 15.0 9.0 13.607929229736328
    endloop
  endfacet
  facet normal 0.48928141593933105 -0.020696712657809258 -0.8718803524971008
    outer loop
      vertex 14.0 11.0 9.927350044250488
      vertex 14.129459381103516 11.0 10.0
      vertex 14.087159156799316 10.0 10.0
    endloop
  endfacet
  facet normal 0.6402745246887207 0.0 -0.7681461572647095
    outer loop
      vertex 14.0 11.0 9.927350044250488
      vertex 14.087159156799316 10.0 10.0
      vertex 14.0 10.0 9.927350044250488
    endloop
  endfacet
  facet normal 0.7097671627998352 -0.22439545392990112 -0.6677403450012207
    outer loop
      vertex 15.0 10.0 10.970293998718262
      vertex 14.087159156799316 10.0 10.0
      vertex 15.0 11.0 10.634242057800293
    endloop
  endfacet
  facet normal 0.5886699557304382 -0.02490082196891308 -0.8079898357391357
    outer loop
      vertex 15.0 11.0 10.634242057800293
      vertex 14.087159156799316 10.0 10.0
      vertex 14.129459381103516 11.0 10.0
    endloop
  endfacet
  facet normal 0.0 0.0 1.0
    outer loop
      vertex 15.0 10.0 13.607929229736328
      vertex 14.0 11.0 13.607929229736328
      vertex 14.0 10.0 13.607929229736328
    endloop
  endfacet
  facet normal 0.0 0.0 1.0
    outer loop
      vertex 15.0 11.0 13.607929229736328
      vertex 14.0 11.0 13.607929229736328
      vertex 15.0 10.0 13.607929229736328
    endloop
  endfacet
  facet normal 0.4893862307071686 0.0 -0.8720671534538269
    outer loop
      vertex 14.0 12.0 9.927350044250488
      vertex 14.129459381103516 12.0 10.0
      vertex 14.129459381103516 11.0 10.0
    endloop
  endfacet
  facet normal 0.4893862307071686 0.0 -0.8720671534538269
    outer loop
      vertex 14.0 12.0 9.927350044250488
      vertex 14.129459381103516 11.0 10.0
      vertex 14.0 11.0 9.927350044250488
    endloop
  endfacet
  facet normal 0.58885258436203 0.0 -0.8082404732704163
    outer loop
      vertex 15.0 11.0 10.634242057800293
      vertex 14.129459381103516 11.0 10.0
      vertex 15.0 12.0 10.634242057800293
    endloop
  endfacet
  facet normal 0.58885258436203 0.0 -0.8082404732704163
    outer loop
      vertex 15.0 12.0 10.634242057800293
      vertex 14.129459381103516 11.0 10.0
      vertex 14.129459381103516 12.0 10.0
    endloop
  endfacet
  facet normal 0.0 0.0 1.0
    outer loop
      vertex 15.0 11.0 13.607929229736328
      vertex 14.0 12.0 13.607929229736328
      vertex 14.0 11.0 13.607929229736328
    endloop
  endfacet
  facet normal 0.0 0.0 1.0
    outer loop
      vertex 15.0 12.0 13.607929229736328
      vertex 14.0 12.0 13.607929229736328
      vertex 15.0 11.0 13.607929229736328
    endloop
  endfacet
  facet normal 0.6400398015975952 0.027073826640844345 -0.7678646445274353
    outer loop
      vertex 14.0 13.0 9.927350044250488
      vertex 14.087159156799316 13.0 10.0
      vertex 14.129459381103516 12.0 10.0
    endloop
  endfacet
  facet normal 0.4893862307071686 0.0 -0.8720671534538269
    outer loop
      vertex 14.0 13.0 9.927350044250488
      vertex 14.129459381103516 12.0 10.0
      vertex 14.0 12.0 9.927350044250488
    endloop
  endfacet
  facet normal 0.5682644248008728 0.26211440563201904 -0.779981791973114
    outer loop
      vertex 15.0 12.0 10.634242057800293
      vertex 14.129459381103516 12.0 10.0
      vertex 15.0 13.0 10.970293998718262
    endloop
  endfacet
  facet normal 0.7279958128929138 0.0307944193482399 -0.6848896145820618
    outer loop
      vertex 15.0 13.0 10.970293998718262
      vertex 14.129459381103516 12.0 10.0
      vertex 14.087159156799316 13.0 10.0
    endloop
  endfacet
  facet normal 0.0 0.0 1.0
    outer loop
      vertex 15.0 12.0 13.607929229736328
      vertex 14.0 13.0 13.607929229736328
      vertex 14.0 12.0 13.607929229736328
    endloop
  endfacet
  facet normal 0.0 0.0 1.0
    outer loop
      vertex 15.0 13.0 13.607929229736328
      vertex 14.0 13.0 13.607929229736328
      vertex 15.0 12.0 13.607929229736328
    endloop
  endfacet
  facet normal 0.5879722833633423 0.39585521817207336 -0.7053985595703125
    outer loop
      vertex 14.0 13.129459381103516 10.0
      vertex 14.087159156799316 13.0 10.0
      vertex 14.0 13.0 9.927350044250488
    endloop
  endfacet
  facet normal 0.627794623374939 0.4036616086959839 -0.6655307412147522
    outer loop
      vertex 14.389016151428223 14.0 11.0
      vertex 15.0 13.04976749420166 11.0
      vertex 14.0 14.0 10.633041381835938
    endloop
  endfacet
  facet normal 0.6501327157020569 0.4468684792518616 -0.6145209074020386
    outer loop
      vertex 14.0 14.0 10.633041381835938
      vertex 15.0 13.04976749420166 11.0
      vertex 14.0 13.129459381103516 10.0
    endloop
  endfacet
  facet normal 0.668764054775238 0.38105636835098267 -0.6383969187736511
    outer loop
      vertex 15.0 13.04976749420166 11.0
      vertex 15.0 13.0 10.970293998718262
      vertex 14.0 13.129459381103516 10.0
    endloop
  endfacet
  facet normal 0.6539505124092102 0.44027528166770935 -0.6152287721633911
    outer loop
      vertex 15.0 13.0 10.970293998718262
      vertex 14.087159156799316 13.0 10.0
      vertex 14.0 13.129459381103516 10.0
    endloop
  endfacet
  facet normal 0.6394259929656982 0.41114041209220886 -0.6496906280517578
    outer loop
      vertex 14.389016151428223 14.0 11.0
      vertex 15.0 14.0 11.601330757141113
      vertex 15.0 13.04976749420166 11.0
    endloop
  endfacet
  facet normal 0.0 0.0 1.0
    outer loop
      vertex 15.0 13.0 13.607929229736328
      vertex 14.0 14.0 13.607929229736328
      vertex 14.0 13.0 13.607929229736328
    endloop
  endfacet
  facet normal 0.0 0.0 1.0
    outer loop
      vertex 15.0 14.0 13.607929229736328
      vertex 14.0 14.0 13.607929229736328
      vertex 15.0 13.0 13.607929229736328
    endloop
  endfacet
  facet normal 0.558270275592804 0.5814417004585266 -0.5918274521827698
    outer loop
      vertex 14.0 14.373513221740723 11.0
      vertex 14.389016151428223 14.0 11.0
      vertex 14.0 14.0 10.633041381835938
    endloop
  endfacet
  facet normal 0.5587406754493713 0.5819315910339355 -0.5909014344215393
    outer loop
      vertex 14.0 14.373513221740723 11.0
      vertex 14.0 15.0 11.616976737976074
      vertex 14.389016151428223 14.0 11.0
    endloop
  endfacet
  facet normal 0.5712504386901855 0.5803316831588745 -0.5804206132888794
    outer loop
      vertex 14.0 15.0 11.616976737976074
      vertex 15.0 14.0 11.601330757141113
      vertex 14.389016151428223 14.0 11.0
    endloop
  endfacet
  facet normal 0.31549468636512756 0.32941827178001404 -0.8899139165878296
    outer loop
      vertex 14.0 15.0 11.616976737976074
      vertex 15.0 15.0 11.9714994430542
      vertex 15.0 14.0 11.601330757141113
    endloop
  endfacet
  facet normal 0.0 0.0 1.0
    outer loop
      vertex 15.0 14.0 13.607929229736328
      vertex 14.0 15.0 13.607929229736328
      vertex 14.0 14.0 13.607929229736328
    endloop
  endfacet
  facet normal 0.0 0.0 1.0
    outer loop
      vertex 15.0 15.0 13.607929229736328
      vertex 14.0 15.0 13.607929229736328
      vertex 15.0 14.0 13.607929229736328
    endloop
  endfacet
  facet normal 0.2754713296890259 0.5659992098808289 -0.777020275592804
    outer loop
      vertex 15.0 15.0391263961792 12.0
      vertex 15.0 15.0 11.9714994430542
      vertex 14.0 15.0 11.616976737976074
    endloop
  endfacet
  facet normal 0.2536102533340454 0.637769877910614 -0.7272766828536987
    outer loop
      vertex 15.0 15.0391263961792 12.0
      vertex 14.0 15.0 11.616976737976074
      vertex 14.0 15.43677806854248 12.0
    endloop
  endfacet
  facet normal 0.2971726953983307 0.5844399929046631 -0.7550617456436157
    outer loop
      vertex 14.565321922302246 16.0 13.0
      vertex 15.0 15.778977394104004 13.0
      vertex 14.0 16.0 12.777503967285156
    endloop
  endfacet
  facet normal 0.29568061232566833 0.7736316919326782 -0.5604168176651001
    outer loop
      vertex 15.0 15.778977394104004 13.0
      vertex 14.0 15.43677806854248 12.0
      vertex 14.0 16.0 12.777503967285156
    endloop
  endfacet
  facet normal 0.30449217557907104 0.76572585105896 -0.566523015499115
    outer loop
      vertex 15.0 15.778977394104004 13.0
      vertex 15.0 15.0391263961792 12.0
      vertex 14.0 15.43677806854248 12.0
    endloop
  endfacet
  facet normal 0.29856398701667786 0.5871762037277222 0.7523853182792664
    outer loop
      vertex 15.0 15.0 13.607929229736328
      vertex 15.0 15.778977394104004 13.0
      vertex 14.565321922302246 16.0 13.0
    endloop
  endfacet
  facet normal 0.4337781071662903 0.598180890083313 0.6738072037696838
    outer loop
      vertex 14.0 16.0 13.363938331604004
      vertex 15.0 15.0 13.607929229736328
      vertex 14.565321922302246 16.0 13.0
    endloop
  endfacet
  facet normal -0.0 0.2370372861623764 0.97150057554245
    outer loop
      vertex 14.0 15.0 13.607929229736328
      vertex 15.0 15.0 13.607929229736328
      vertex 14.0 16.0 13.363938331604004
    endloop
  endfacet
  facet normal 0.17544373869895935 0.8777858018875122 -0.44577065110206604
    outer loop
      vertex 14.0 16.112991333007812 13.0
      vertex 14.565321922302246 16.0 13.0
      vertex 14.0 16.0 12.777503967285156
    endloop
  endfacet
  facet normal 0.18749745190143585 0.938093364238739 0.2912483215332031
    outer loop
      vertex 14.565321922302246 16.0 13.0
      vertex 14.0 16.112991333007812 13.0
      vertex 14.0 16.0 13.363938331604004
    endloop
  endfacet
  facet normal 0.36855655908584595 -0.5473325848579407 -0.7513941526412964
    outer loop
      vertex 15.0 8.0 11.9714994430542
      vertex 15.05810546875 8.0 12.0
      vertex 15.0 7.960873603820801 12.0
    endloop
  endfacet
  facet normal 0.43079280853271484 -0.6397578120231628 -0.6364962458610535
    outer loop
      vertex 15.0 7.960873603820801 12.0
      vertex 15.05810546875 8.0 12.0
      vertex 16.0 8.0 12.637492179870605
    endloop
  endfacet
  facet normal 0.47082680463790894 -0.5289109945297241 -0.7060986757278442
    outer loop
      vertex 16.0 7.516050338745117 13.0
      vertex 15.0 7.960873603820801 12.0
      vertex 16.0 8.0 12.637492179870605
    endloop
  endfacet
  facet normal 0.23077081143856049 -0.7822003960609436 -0.578711748123169
    outer loop
      vertex 15.0 7.221022605895996 13.0
      vertex 15.0 7.960873603820801 12.0
      vertex 16.0 7.516050338745117 13.0
    endloop
  endfacet
  facet normal 0.17859390377998352 -0.605346143245697 0.7756675481796265
    outer loop
      vertex 15.0 8.0 13.607929229736328
      vertex 15.0 7.221022605895996 13.0
      vertex 16.0 7.516050338745117 13.0
    endloop
  endfacet
  facet normal 0.0 -0.7823692560195923 0.6228148341178894
    outer loop
      vertex 15.0 8.0 13.607929229736328
      vertex 16.0 7.516050338745117 13.0
      vertex 16.0 8.0 13.607929229736328
    endloop
  endfacet
  facet normal 0.3707640767097473 -0.3252618610858917 -0.8699073195457458
    outer loop
      vertex 15.0 9.0 11.601330757141113
      vertex 15.935379981994629 9.0 12.0
      vertex 15.05810546875 8.0 12.0
    endloop
  endfacet
  facet normal 0.4179004728794098 -0.3153814673423767 -0.851993978023529
    outer loop
      vertex 15.0 9.0 11.601330757141113
      vertex 15.05810546875 8.0 12.0
      vertex 15.0 8.0 11.9714994430542
    endloop
  endfacet
  facet normal 0.5064067244529724 -0.428631991147995 -0.7482157945632935
    outer loop
      vertex 16.0 8.0 12.637492179870605
      vertex 15.05810546875 8.0 12.0
      vertex 16.0 9.0 12.064620018005371
    endloop
  endfacet
  facet normal 0.6008840203285217 -0.527140200138092 -0.6008840203285217
    outer loop
      vertex 16.0 9.0 12.064620018005371
      vertex 15.05810546875 8.0 12.0
      vertex 15.935379981994629 9.0 12.0
    endloop
  endfacet
  facet normal 0.0 0.0 1.0
    outer loop
      vertex 16.0 8.0 13.607929229736328
      vertex 15.0 9.0 13.607929229736328
      vertex 15.0 8.0 13.607929229736328
    endloop
  endfacet
  facet normal 0.0 0.0 1.0
    outer loop
      vertex 16.0 9.0 13.607929229736328
      vertex 15.0 9.0 13.607929229736328
      vertex 16.0 8.0 13.607929229736328
    endloop
  endfacet
  facet normal 0.7168159484863281 -0.35737091302871704 -0.5987159013748169
    outer loop
      vertex 15.0 10.0 10.970293998718262
      vertex 15.024811744689941 10.0 11.0
      vertex 15.0 9.95023250579834 11.0
    endloop
  endfacet
  facet normal 0.5913702845573425 -0.2948295474052429 -0.7505709528923035
    outer loop
      vertex 15.024811744689941 10.0 11.0
      vertex 16.0 10.0 11.76834487915039
      vertex 15.0 9.95023250579834 11.0
    endloop
  endfacet
  facet normal 0.5599705576896667 -0.4430432617664337 -0.7001040577888489
    outer loop
      vertex 15.0 9.95023250579834 11.0
      vertex 16.0 10.0 11.76834487915039
      vertex 15.0 9.0 11.601330757141113
    endloop
  endfacet
  facet normal 0.3741629421710968 -0.22386062145233154 -0.8999379873275757
    outer loop
      vertex 16.0 10.0 11.76834487915039
      vertex 16.0 9.068727493286133 12.0
      vertex 15.0 9.0 11.601330757141113
    endloop
  endfacet
  facet normal 0.3678818941116333 -0.34589555859565735 -0.8631449937820435
    outer loop
      vertex 16.0 9.068727493286133 12.0
      vertex 15.935379981994629 9.0 12.0
      vertex 15.0 9.0 11.601330757141113
    endloop
  endfacet
  facet normal 0.588842511177063 -0.5536505579948425 -0.588842511177063
    outer loop
      vertex 15.935379981994629 9.0 12.0
      vertex 16.0 9.068727493286133 12.0
      vertex 16.0 9.0 12.064620018005371
    endloop
  endfacet
  facet normal 0.0 0.0 1.0
    outer loop
      vertex 16.0 9.0 13.607929229736328
      vertex 15.0 10.0 13.607929229736328
      vertex 15.0 9.0 13.607929229736328
    endloop
  endfacet
  facet normal 0.0 0.0 1.0
    outer loop
      vertex 16.0 10.0 13.607929229736328
      vertex 15.0 10.0 13.607929229736328
      vertex 16.0 9.0 13.607929229736328
    endloop
  endfacet
  facet normal 0.7739834189414978 -0.20048150420188904 -0.6006304621696472
    outer loop
      vertex 15.0 11.0 10.634242057800293
      vertex 15.28383731842041 11.0 11.0
      vertex 15.024811744689941 10.0 11.0
    endloop
  endfacet
  facet normal 0.7502874135971069 -0.21059457957744598 -0.6266726851463318
    outer loop
      vertex 15.0 11.0 10.634242057800293
      vertex 15.024811744689941 10.0 11.0
      vertex 15.0 10.0 10.970293998718262
    endloop
  endfacet
  facet normal 0.618157684803009 -0.04828513786196709 -0.7845696806907654
    outer loop
      vertex 16.0 10.0 11.76834487915039
      vertex 15.024811744689941 10.0 11.0
      vertex 16.0 11.0 11.706801414489746
    endloop
  endfacet
  facet normal 0.6910932660102844 -0.1790107935667038 -0.7002465128898621
    outer loop
      vertex 16.0 11.0 11.706801414489746
      vertex 15.024811744689941 10.0 11.0
      vertex 15.28383731842041 11.0 11.0
    endloop
  endfacet
  facet normal 0.0 0.0 1.0
    outer loop
      vertex 16.0 10.0 13.607929229736328
      vertex 15.0 11.0 13.607929229736328
      vertex 15.0 10.0 13.607929229736328
    endloop
  endfacet
  facet normal 0.0 0.0 1.0
    outer loop
      vertex 16.0 11.0 13.607929229736328
      vertex 15.0 11.0 13.607929229736328
      vertex 16.0 10.0 13.607929229736328
    endloop
  endfacet
  facet normal 0.7900228500366211 0.0 -0.6130774617195129
    outer loop
      vertex 15.0 12.0 10.634242057800293
      vertex 15.28383731842041 12.0 11.0
      vertex 15.28383731842041 11.0 11.0
    endloop
  endfacet
  facet normal 0.7900228500366211 0.0 -0.6130774617195129
    outer loop
      vertex 15.0 12.0 10.634242057800293
      vertex 15.28383731842041 11.0 11.0
      vertex 15.0 11.0 10.634242057800293
    endloop
  endfacet
  facet normal 0.7024397253990173 0.0 -0.711743175983429
    outer loop
      vertex 16.0 11.0 11.706801414489746
      vertex 15.28383731842041 11.0 11.0
      vertex 16.0 12.0 11.706801414489746
    endloop
  endfacet
  facet normal 0.7024397253990173 0.0 -0.711743175983429
    outer loop
      vertex 16.0 12.0 11.706801414489746
      vertex 15.28383731842041 11.0 11.0
      vertex 15.28383731842041 12.0 11.0
    endloop
  endfacet
  facet normal 0.0 0.0 1.0
    outer loop
      vertex 16.0 11.0 13.607929229736328
      vertex 15.0 12.0 13.607929229736328
      vertex 15.0 11.0 13.607929229736328
    endloop
  endfacet
  facet normal 0.0 0.0 1.0
    outer loop
      vertex 16.0 12.0 13.607929229736328
      vertex 15.0 12.0 13.607929229736328
      vertex 16.0 11.0 13.607929229736328
    endloop
  endfacet
  facet normal 0.7527683973312378 0.1949862837791443 -0.628744900226593
    outer loop
      vertex 15.0 13.0 10.970293998718262
      vertex 15.024811744689941 13.0 11.0
      vertex 15.28383731842041 12.0 11.0
    endloop
  endfacet
  facet normal 0.7737714648246765 0.2017877697944641 -0.6004660129547119
    outer loop
      vertex 15.0 13.0 10.970293998718262
      vertex 15.28383731842041 12.0 11.0
      vertex 15.0 12.0 10.634242057800293
    endloop
  endfacet
  facet normal 0.7017667889595032 0.043761178851127625 -0.7110613584518433
    outer loop
      vertex 16.0 12.0 11.706801414489746
      vertex 15.28383731842041 12.0 11.0
      vertex 16.0 13.0 11.76834487915039
    endloop
  endfacet
  facet normal 0.6110776662826538 0.1582847535610199 -0.7755836844444275
    outer loop
      vertex 16.0 13.0 11.76834487915039
      vertex 15.28383731842041 12.0 11.0
      vertex 15.024811744689941 13.0 11.0
    endloop
  endfacet
  facet normal 0.0 0.0 1.0
    outer loop
      vertex 16.0 12.0 13.607929229736328
      vertex 15.0 13.0 13.607929229736328
      vertex 15.0 12.0 13.607929229736328
    endloop
  endfacet
  facet normal 0.0 0.0 1.0
    outer loop
      vertex 16.0 13.0 13.607929229736328
      vertex 15.0 13.0 13.607929229736328
      vertex 16.0 12.0 13.607929229736328
    endloop
  endfacet
  facet normal 0.7168159484863281 0.35737091302871704 -0.5987159013748169
    outer loop
      vertex 15.0 13.04976749420166 11.0
      vertex 15.024811744689941 13.0 11.0
      vertex 15.0 13.0 10.970293998718262
    endloop
  endfacet
  facet normal 0.3678818941116333 0.34589555859565735 -0.8631449937820435
    outer loop
      vertex 15.935379981994629 14.0 12.0
      vertex 16.0 13.931272506713867 12.0
      vertex 15.0 14.0 11.601330757141113
    endloop
  endfacet
  facet normal 0.3500001132488251 0.5009225606918335 -0.7915658950805664
    outer loop
      vertex 15.0 14.0 11.601330757141113
      vertex 16.0 13.931272506713867 12.0
      vertex 15.0 13.04976749420166 11.0
    endloop
  endfacet
  facet normal 0.6038883328437805 0.19240833818912506 -0.7734972238540649
    outer loop
      vertex 16.0 13.931272506713867 12.0
      vertex 16.0 13.0 11.76834487915039
      vertex 15.0 13.04976749420166 11.0
    endloop
  endfacet
  facet normal 0.5913703441619873 0.2948291599750519 -0.7505710124969482
    outer loop
      vertex 16.0 13.0 11.76834487915039
      vertex 15.024811744689941 13.0 11.0
      vertex 15.0 13.04976749420166 11.0
    endloop
  endfacet
  facet normal 0.588842511177063 0.5536505579948425 -0.588842511177063
    outer loop
      vertex 15.935379981994629 14.0 12.0
      vertex 16.0 14.0 12.064620018005371
      vertex 16.0 13.931272506713867 12.0
    endloop
  endfacet
  facet normal 0.0 0.0 1.0
    outer loop
      vertex 16.0 13.0 13.607929229736328
      vertex 15.0 14.0 13.607929229736328
      vertex 15.0 13.0 13.607929229736328
    endloop
  endfacet
  facet normal 0.0 0.0 1.0
    outer loop
      vertex 16.0 14.0 13.607929229736328
      vertex 15.0 14.0 13.607929229736328
      vertex 16.0 13.0 13.607929229736328
    endloop
  endfacet
  facet normal 0.41078564524650574 0.36037176847457886 -0.8374886512756348
    outer loop
      vertex 15.0 15.0 11.9714994430542
      vertex 15.05810546875 15.0 12.0
      vertex 15.935379981994629 14.0 12.0
    endloop
  endfacet
  facet normal 0.3711546063423157 0.3223516345024109 -0.8708236217498779
    outer loop
      vertex 15.0 15.0 11.9714994430542
      vertex 15.935379981994629 14.0 12.0
      vertex 15.0 14.0 11.601330757141113
    endloop
  endfacet
  facet normal 0.6553773880004883 0.37544748187065125 -0.6553773880004883
    outer loop
      vertex 16.0 14.0 12.064620018005371
      vertex 15.935379981994629 14.0 12.0
      vertex 16.0 15.0 12.637492179870605
    endloop
  endfacet
  facet normal 0.5029880404472351 0.44125860929489136 -0.7431647181510925
    outer loop
      vertex 16.0 15.0 12.637492179870605
      vertex 15.935379981994629 14.0 12.0
      vertex 15.05810546875 15.0 12.0
    endloop
  endfacet
  facet normal 0.0 0.0 1.0
    outer loop
      vertex 16.0 14.0 13.607929229736328
      vertex 15.0 15.0 13.607929229736328
      vertex 15.0 14.0 13.607929229736328
    endloop
  endfacet
  facet normal 0.0 0.0 1.0
    outer loop
      vertex 16.0 15.0 13.607929229736328
      vertex 15.0 15.0 13.607929229736328
      vertex 16.0 14.0 13.607929229736328
    endloop
  endfacet
  facet normal 0.36855655908584595 0.5473325848579407 -0.7513941526412964
    outer loop
      vertex 15.0 15.0391263961792 12.0
      vertex 15.05810546875 15.0 12.0
      vertex 15.0 15.0 11.9714994430542
    endloop
  endfacet
  facet normal 0.4763053059577942 0.5271449685096741 -0.7037410140037537
    outer loop
      vertex 16.0 15.483949661254883 13.0
      vertex 16.0 15.0 12.637492179870605
      vertex 15.05810546875 15.0 12.0
    endloop
  endfacet
  facet normal 0.4095126688480377 0.6081553101539612 -0.6800342202186584
    outer loop
      vertex 15.0 15.0391263961792 12.0
      vertex 16.0 15.483949661254883 13.0
      vertex 15.05810546875 15.0 12.0
    endloop
  endfacet
  facet normal 0.23077081143856049 0.7822003960609436 -0.578711748123169
    outer loop
      vertex 15.0 15.778977394104004 13.0
      vertex 16.0 15.483949661254883 13.0
      vertex 15.0 15.0391263961792 12.0
    endloop
  endfacet
  facet normal 0.0 0.6152374148368835 0.7883418202400208
    outer loop
      vertex 15.0 15.778977394104004 13.0
      vertex 15.0 15.0 13.607929229736328
      vertex 16.0 15.0 13.607929229736328
    endloop
  endfacet
  facet normal 0.2249070554971695 0.7623251676559448 0.6068584322929382
    outer loop
      vertex 15.0 15.778977394104004 13.0
      vertex 16.0 15.0 13.607929229736328
      vertex 16.0 15.483949661254883 13.0
    endloop
  endfacet
  facet normal 0.08064749836921692 -0.4780481457710266 -0.8746232986450195
    outer loop
      vertex 17.0 8.0 12.827692985534668
      vertex 17.0 7.684751987457275 13.0
      vertex 16.0 7.516050338745117 13.0
    endloop
  endfacet
  facet normal 0.15049545466899872 -0.5926908254623413 -0.7912450432777405
    outer loop
      vertex 17.0 8.0 12.827692985534668
      vertex 16.0 7.516050338745117 13.0
      vertex 16.0 8.0 12.637492179870605
    endloop
  endfacet
  facet normal 0.13085216283798218 -0.7756423950195312 0.6174598336219788
    outer loop
      vertex 16.0 8.0 13.607929229736328
      vertex 16.0 7.516050338745117 13.0
      vertex 17.0 7.684751987457275 13.0
    endloop
  endfacet
  facet normal 0.012839357368648052 -0.8788790702819824 0.47687169909477234
    outer loop
      vertex 16.0 8.0 13.607929229736328
      vertex 17.0 7.684751987457275 13.0
      vertex 17.0 8.0 13.581005096435547
    endloop
  endfacet
  facet normal 0.16283509135246277 -0.4904484748840332 -0.8561220169067383
    outer loop
      vertex 16.0 9.0 12.064620018005371
      vertex 17.0 8.0 12.827692985534668
      vertex 16.0 8.0 12.637492179870605
    endloop
  endfacet
  facet normal 0.5663489699363708 -0.06083393841981888 -0.8219173550605774
    outer loop
      vertex 16.0 9.0 12.064620018005371
      vertex 17.0 9.0 12.753678321838379
      vertex 17.0 8.0 12.827692985534668
    endloop
  endfacet
  facet normal 0.026914380490779877 0.0 0.9996377229690552
    outer loop
      vertex 17.0 8.0 13.581005096435547
      vertex 16.0 9.0 13.607929229736328
      vertex 16.0 8.0 13.607929229736328
    endloop
  endfacet
  facet normal 0.0 -0.026914380490779877 0.9996377229690552
    outer loop
      vertex 17.0 9.0 13.607929229736328
      vertex 16.0 9.0 13.607929229736328
      vertex 17.0 8.0 13.581005096435547
    endloop
  endfacet
  facet normal 0.6031877994537354 -0.19253630936145782 -0.7740116715431213
    outer loop
      vertex 16.0 10.0 11.76834487915039
      vertex 16.297260284423828 10.0 12.0
      vertex 16.0 9.068727493286133 12.0
    endloop
  endfacet
  facet normal 0.6831269860267639 -0.2180527299642563 -0.696986734867096
    outer loop
      vertex 16.297260284423828 10.0 12.0
      vertex 17.0 10.0 12.688765525817871
      vertex 16.0 9.068727493286133 12.0
    endloop
  endfacet
  facet normal 0.7516781091690063 -0.4517788589000702 -0.48049551248550415
    outer loop
      vertex 17.0 10.0 12.688765525817871
      vertex 16.0 9.0 12.064620018005371
      vertex 16.0 9.068727493286133 12.0
    endloop
  endfacet
  facet normal 0.5665909647941589 -0.05337575078010559 -0.822268545627594
    outer loop
      vertex 17.0 10.0 12.688765525817871
      vertex 17.0 9.0 12.753678321838379
      vertex 16.0 9.0 12.064620018005371
    endloop
  endfacet
  facet normal 0.0 0.0 1.0
    outer loop
      vertex 17.0 9.0 13.607929229736328
      vertex 16.0 10.0 13.607929229736328
      vertex 16.0 9.0 13.607929229736328
    endloop
  endfacet
  facet normal 0.0 0.0 1.0
    outer loop
      vertex 17.0 10.0 13.607929229736328
      vertex 16.0 10.0 13.607929229736328
      vertex 17.0 9.0 13.607929229736328
    endloop
  endfacet
  facet normal 0.6299366354942322 -0.040152017027139664 -0.7756079435348511
    outer loop
      vertex 16.0 11.0 11.706801414489746
      vertex 16.361000061035156 11.0 12.0
      vertex 16.297260284423828 10.0 12.0
    endloop
  endfacet
  facet normal 0.6139657497406006 -0.04848652705550194 -0.7878420352935791
    outer loop
      vertex 16.0 11.0 11.706801414489746
      vertex 16.297260284423828 10.0 12.0
      vertex 16.0 10.0 11.76834487915039
    endloop
  endfacet
  facet normal 0.699528694152832 -0.03551943600177765 -0.7137212157249451
    outer loop
      vertex 17.0 10.0 12.688765525817871
      vertex 16.297260284423828 10.0 12.0
      vertex 17.0 11.0 12.638998985290527
    endloop
  endfacet
  facet normal 0.7063891887664795 -0.04502511024475098 -0.7063902020454407
    outer loop
      vertex 17.0 11.0 12.638998985290527
      vertex 16.297260284423828 10.0 12.0
      vertex 16.361000061035156 11.0 12.0
    endloop
  endfacet
  facet normal 0.0 0.0 1.0
    outer loop
      vertex 17.0 10.0 13.607929229736328
      vertex 16.0 11.0 13.607929229736328
      vertex 16.0 10.0 13.607929229736328
    endloop
  endfacet
  facet normal 0.0 0.0 1.0
    outer loop
      vertex 17.0 11.0 13.607929229736328
      vertex 16.0 11.0 13.607929229736328
      vertex 17.0 10.0 13.607929229736328
    endloop
  endfacet
  facet normal 0.6304450035095215 0.0 -0.7762339115142822
    outer loop
      vertex 16.0 12.0 11.706801414489746
      vertex 16.361000061035156 12.0 12.0
      vertex 16.361000061035156 11.0 12.0
    endloop
  endfacet
  facet normal 0.6304450035095215 0.0 -0.7762339115142822
    outer loop
      vertex 16.0 12.0 11.706801414489746
      vertex 16.361000061035156 11.0 12.0
      vertex 16.0 11.0 11.706801414489746
    endloop
  endfacet
  facet normal 0.7071062326431274 0.0 -0.7071073055267334
    outer loop
      vertex 17.0 11.0 12.638998985290527
      vertex 16.361000061035156 11.0 12.0
      vertex 17.0 12.0 12.638998985290527
    endloop
  endfacet
  facet normal 0.7071062326431274 0.0 -0.7071073055267334
    outer loop
      vertex 17.0 12.0 12.638998985290527
      vertex 16.361000061035156 11.0 12.0
      vertex 16.361000061035156 12.0 12.0
    endloop
  endfacet
  facet normal 0.0 0.0 1.0
    outer loop
      vertex 17.0 11.0 13.607929229736328
      vertex 16.0 12.0 13.607929229736328
      vertex 16.0 11.0 13.607929229736328
    endloop
  endfacet
  facet normal 0.0 0.0 1.0
    outer loop
      vertex 17.0 12.0 13.607929229736328
      vertex 16.0 12.0 13.607929229736328
      vertex 17.0 11.0 13.607929229736328
    endloop
  endfacet
  facet normal 0.6142174601554871 0.03915009647607803 -0.7881650328636169
    outer loop
      vertex 16.0 13.0 11.76834487915039
      vertex 16.297260284423828 13.0 12.0
      vertex 16.361000061035156 12.0 12.0
    endloop
  endfacet
  facet normal 0.6297268867492676 0.047717705368995667 -0.7753496766090393
    outer loop
      vertex 16.0 13.0 11.76834487915039
      vertex 16.361000061035156 12.0 12.0
      vertex 16.0 12.0 11.706801414489746
    endloop
  endfacet
  facet normal 0.7066688537597656 0.035168517380952835 -0.7066698670387268
    outer loop
      vertex 17.0 12.0 12.638998985290527
      vertex 16.361000061035156 12.0 12.0
      vertex 17.0 13.0 12.688765525817871
    endloop
  endfacet
  facet normal 0.6992747187614441 0.04457162693142891 -0.7134621143341064
    outer loop
      vertex 17.0 13.0 12.688765525817871
      vertex 16.361000061035156 12.0 12.0
      vertex 16.297260284423828 13.0 12.0
    endloop
  endfacet
  facet normal 0.0 0.0 1.0
    outer loop
      vertex 17.0 12.0 13.607929229736328
      vertex 16.0 13.0 13.607929229736328
      vertex 16.0 12.0 13.607929229736328
    endloop
  endfacet
  facet normal 0.0 0.0 1.0
    outer loop
      vertex 17.0 13.0 13.607929229736328
      vertex 16.0 13.0 13.607929229736328
      vertex 17.0 12.0 13.607929229736328
    endloop
  endfacet
  facet normal 0.6031877994537354 0.19253630936145782 -0.7740116715431213
    outer loop
      vertex 16.0 13.931272506713867 12.0
      vertex 16.297260284423828 13.0 12.0
      vertex 16.0 13.0 11.76834487915039
    endloop
  endfacet
  facet normal 0.9064209461212158 0.2893277406692505 -0.3077183961868286
    outer loop
      vertex 16.0 13.931272506713867 12.0
      vertex 16.0 14.0 12.064620018005371
      vertex 16.297260284423828 13.0 12.0
    endloop
  endfacet
  facet normal 0.6783915162086487 0.24638594686985016 -0.6921552419662476
    outer loop
      vertex 16.0 14.0 12.064620018005371
      vertex 17.0 13.0 12.688765525817871
      vertex 16.297260284423828 13.0 12.0
    endloop
  endfacet
  facet normal 0.5665909647941589 0.05337575078010559 -0.822268545627594
    outer loop
      vertex 16.0 14.0 12.064620018005371
      vertex 17.0 14.0 12.753678321838379
      vertex 17.0 13.0 12.688765525817871
    endloop
  endfacet
  facet normal 0.0 0.0 1.0
    outer loop
      vertex 17.0 13.0 13.607929229736328
      vertex 16.0 14.0 13.607929229736328
      vertex 16.0 13.0 13.607929229736328
    endloop
  endfacet
  facet normal 0.0 0.0 1.0
    outer loop
      vertex 17.0 14.0 13.607929229736328
      vertex 16.0 14.0 13.607929229736328
      vertex 17.0 13.0 13.607929229736328
    endloop
  endfacet
  facet normal 0.5131685733795166 0.42664021253585815 -0.7447389960289001
    outer loop
      vertex 16.0 15.0 12.637492179870605
      vertex 17.0 14.0 12.753678321838379
      vertex 16.0 14.0 12.064620018005371
    endloop
  endfacet
  facet normal 0.18635906279087067 0.0725196897983551 -0.9798016548156738
    outer loop
      vertex 16.0 15.0 12.637492179870605
      vertex 17.0 15.0 12.827692985534668
      vertex 17.0 14.0 12.753678321838379
    endloop
  endfacet
  facet normal 0.0 0.0 1.0
    outer loop
      vertex 17.0 14.0 13.607929229736328
      vertex 16.0 15.0 13.607929229736328
      vertex 16.0 14.0 13.607929229736328
    endloop
  endfacet
  facet normal 0.02690463699400425 0.02690463699400425 0.9992758631706238
    outer loop
      vertex 17.0 15.0 13.581005096435547
      vertex 16.0 15.0 13.607929229736328
      vertex 17.0 14.0 13.607929229736328
    endloop
  endfacet
  facet normal 0.16462063789367676 0.47306761145591736 -0.8655097484588623
    outer loop
      vertex 17.0 15.315247535705566 13.0
      vertex 17.0 15.0 12.827692985534668
      vertex 16.0 15.0 12.637492179870605
    endloop
  endfacet
  facet normal 0.10062675923109055 0.5964759588241577 -0.7962982058525085
    outer loop
      vertex 17.0 15.315247535705566 13.0
      vertex 16.0 15.0 12.637492179870605
      vertex 16.0 15.483949661254883 13.0
    endloop
  endfacet
  facet normal 0.01676640287041664 0.7822593450546265 0.6227273344993591
    outer loop
      vertex 16.0 15.483949661254883 13.0
      vertex 16.0 15.0 13.607929229736328
      vertex 17.0 15.0 13.581005096435547
    endloop
  endfacet
  facet normal 0.14667730033397675 0.8694455027580261 0.471752405166626
    outer loop
      vertex 16.0 15.483949661254883 13.0
      vertex 17.0 15.0 13.581005096435547
      vertex 17.0 15.315247535705566 13.0
    endloop
  endfacet
  facet normal 0.24375273287296295 -0.4651440978050232 -0.8510143756866455
    outer loop
      vertex 17.0 8.0 12.827692985534668
      vertex 17.60157585144043 8.0 13.0
      vertex 17.0 7.684751987457275 13.0
    endloop
  endfacet
  facet normal 0.4183577299118042 -0.7983361482620239 0.4331698417663574
    outer loop
      vertex 17.60157585144043 8.0 13.0
      vertex 17.0 8.0 13.581005096435547
      vertex 17.0 7.684751987457275 13.0
    endloop
  endfacet
  facet normal 0.2603908181190491 -0.0803544893860817 -0.9621537327766418
    outer loop
      vertex 17.0 9.0 12.753678321838379
      vertex 17.910167694091797 9.0 13.0
      vertex 17.60157585144043 8.0 13.0
    endloop
  endfacet
  facet normal 0.27465930581092834 -0.07097403705120087 -0.9589186310768127
    outer loop
      vertex 17.0 9.0 12.753678321838379
      vertex 17.60157585144043 8.0 13.0
      vertex 17.0 8.0 12.827692985534668
    endloop
  endfacet
  facet normal 0.5552887320518494 -0.022383568808436394 0.831356406211853
    outer loop
      vertex 17.910167694091797 9.0 13.0
      vertex 17.0 9.0 13.607929229736328
      vertex 17.0 8.0 13.581005096435547
    endloop
  endfacet
  facet normal 0.6792680025100708 -0.20961657166481018 0.7033178210258484
    outer loop
      vertex 17.910167694091797 9.0 13.0
      vertex 17.0 8.0 13.581005096435547
      vertex 17.60157585144043 8.0 13.0
    endloop
  endfacet
  facet normal 0.18651004135608673 -0.05877502262592316 -0.9806933999061584
    outer loop
      vertex 18.0 10.0 12.957152366638184
      vertex 18.0 9.285063743591309 13.0
      vertex 17.910167694091797 9.0 13.0
    endloop
  endfacet
  facet normal 0.2606883645057678 -0.06469134986400604 -0.9632531404495239
    outer loop
      vertex 17.0 9.0 12.753678321838379
      vertex 18.0 10.0 12.957152366638184
      vertex 17.910167694091797 9.0 13.0
    endloop
  endfacet
  facet normal 0.2587054669857025 -0.06257122755050659 -0.9639275074005127
    outer loop
      vertex 17.0 10.0 12.688765525817871
      vertex 18.0 10.0 12.957152366638184
      vertex 17.0 9.0 12.753678321838379
    endloop
  endfacet
  facet normal 0.547110378742218 -0.1724112182855606 0.8191121220588684
    outer loop
      vertex 17.0 9.0 13.607929229736328
      vertex 17.910167694091797 9.0 13.0
      vertex 18.0 9.285063743591309 13.0
    endloop
  endfacet
  facet normal 0.5565448999404907 -0.300498902797699 0.7745696306228638
    outer loop
      vertex 18.0 10.0 13.277363777160645
      vertex 17.0 9.0 13.607929229736328
      vertex 18.0 9.285063743591309 13.0
    endloop
  endfacet
  facet normal 0.31386157870292664 0.0 0.9494687914848328
    outer loop
      vertex 17.0 10.0 13.607929229736328
      vertex 17.0 9.0 13.607929229736328
      vertex 18.0 10.0 13.277363777160645
    endloop
  endfacet
  facet normal 0.2589145004749298 -0.048010099679231644 -0.9647063612937927
    outer loop
      vertex 17.0 11.0 12.638998985290527
      vertex 18.0 10.0 12.957152366638184
      vertex 17.0 10.0 12.688765525817871
    endloop
  endfacet
  facet normal 0.2735494077205658 -0.03229639679193497 -0.9613155722618103
    outer loop
      vertex 17.0 11.0 12.638998985290527
      vertex 18.0 11.0 12.923556327819824
      vertex 18.0 10.0 12.957152366638184
    endloop
  endfacet
  facet normal 0.31386157870292664 0.0 0.9494687914848328
    outer loop
      vertex 18.0 10.0 13.277363777160645
      vertex 17.0 11.0 13.607929229736328
      vertex 17.0 10.0 13.607929229736328
    endloop
  endfacet
  facet normal 0.20397122204303741 -0.11731278896331787 0.9719225168228149
    outer loop
      vertex 18.0 11.0 13.398065567016602
      vertex 17.0 11.0 13.607929229736328
      vertex 18.0 10.0 13.277363777160645
    endloop
  endfacet
  facet normal 0.27369219064712524 0.0 -0.9618173241615295
    outer loop
      vertex 17.0 12.0 12.638998985290527
      vertex 18.0 11.0 12.923556327819824
      vertex 17.0 11.0 12.638998985290527
    endloop
  endfacet
  facet normal 0.27369219064712524 0.0 -0.9618173241615295
    outer loop
      vertex 17.0 12.0 12.638998985290527
      vertex 18.0 12.0 12.923556327819824
      vertex 18.0 11.0 12.923556327819824
    endloop
  endfacet
  facet normal 0.20538944005966187 0.0 0.9786803722381592
    outer loop
      vertex 18.0 11.0 13.398065567016602
      vertex 17.0 12.0 13.607929229736328
      vertex 17.0 11.0 13.607929229736328
    endloop
  endfacet
  facet normal 0.20538944005966187 0.0 0.9786803722381592
    outer loop
      vertex 18.0 12.0 13.398065567016602
      vertex 17.0 12.0 13.607929229736328
      vertex 18.0 11.0 13.398065567016602
    endloop
  endfacet
  facet normal 0.2733791768550873 0.04781157895922661 -0.9607173204421997
    outer loop
      vertex 17.0 13.0 12.688765525817871
      vertex 18.0 12.0 12.923556327819824
      vertex 17.0 12.0 12.638998985290527
    endloop
  endfacet
  facet normal 0.2590770423412323 0.03243065997958183 -0.9653120636940002
    outer loop
      vertex 17.0 13.0 12.688765525817871
      vertex 18.0 13.0 12.957152366638184
      vertex 18.0 12.0 12.923556327819824
    endloop
  endfacet
  facet normal 0.20538944005966187 0.0 0.9786803722381592
    outer loop
      vertex 18.0 12.0 13.398065567016602
      vertex 17.0 13.0 13.607929229736328
      vertex 17.0 12.0 13.607929229736328
    endloop
  endfacet
  facet normal 0.3118205666542053 0.11385732889175415 0.9432944655418396
    outer loop
      vertex 18.0 13.0 13.277363777160645
      vertex 17.0 13.0 13.607929229736328
      vertex 18.0 12.0 13.398065567016602
    endloop
  endfacet
  facet normal 0.2603548467159271 0.0820457711815834 -0.9620206952095032
    outer loop
      vertex 17.0 14.0 12.753678321838379
      vertex 17.910167694091797 14.0 13.0
      vertex 18.0 13.714936256408691 13.0
    endloop
  endfacet
  facet normal 0.2542911171913147 0.0578581802546978 -0.965395450592041
    outer loop
      vertex 18.0 13.0 12.957152366638184
      vertex 17.0 14.0 12.753678321838379
      vertex 18.0 13.714936256408691 13.0
    endloop
  endfacet
  facet normal 0.2587054669857025 0.06257122755050659 -0.9639275074005127
    outer loop
      vertex 17.0 13.0 12.688765525817871
      vertex 17.0 14.0 12.753678321838379
      vertex 18.0 13.0 12.957152366638184
    endloop
  endfacet
  facet normal 0.7539682984352112 0.2375984936952591 0.6124367713928223
    outer loop
      vertex 18.0 13.0 13.277363777160645
      vertex 18.0 13.714936256408691 13.0
      vertex 17.910167694091797 14.0 13.0
    endloop
  endfacet
  facet normal 0.534781813621521 0.27011317014694214 0.8006542921066284
    outer loop
      vertex 17.0 14.0 13.607929229736328
      vertex 18.0 13.0 13.277363777160645
      vertex 17.910167694091797 14.0 13.0
    endloop
  endfacet
  facet normal 0.31386157870292664 -0.0 0.9494687914848328
    outer loop
      vertex 17.0 13.0 13.607929229736328
      vertex 18.0 13.0 13.277363777160645
      vertex 17.0 14.0 13.607929229736328
    endloop
  endfacet
  facet normal 0.27436500787734985 0.08466681092977524 -0.9578911066055298
    outer loop
      vertex 17.0 15.0 12.827692985534668
      vertex 17.60157585144043 15.0 13.0
      vertex 17.910167694091797 14.0 13.0
    endloop
  endfacet
  facet normal 0.2605713903903961 0.07126286625862122 -0.9628209471702576
    outer loop
      vertex 17.0 15.0 12.827692985534668
      vertex 17.910167694091797 14.0 13.0
      vertex 17.0 14.0 12.753678321838379
    endloop
  endfacet
  facet normal 0.6945714950561523 0.019362840801477432 0.7191631197929382
    outer loop
      vertex 17.60157585144043 15.0 13.0
      vertex 17.0 15.0 13.581005096435547
      vertex 17.0 14.0 13.607929229736328
    endloop
  endfacet
  facet normal 0.5474446415901184 0.16893695294857025 0.8196125626564026
    outer loop
      vertex 17.60157585144043 15.0 13.0
      vertex 17.0 14.0 13.607929229736328
      vertex 17.910167694091797 14.0 13.0
    endloop
  endfacet
  facet normal 0.24375265836715698 0.46514466404914856 -0.8510141372680664
    outer loop
      vertex 17.0 15.315247535705566 13.0
      vertex 17.60157585144043 15.0 13.0
      vertex 17.0 15.0 12.827692985534668
    endloop
  endfacet
  facet normal 0.41835731267929077 0.7983366250991821 0.4331694543361664
    outer loop
      vertex 17.60157585144043 15.0 13.0
      vertex 17.0 15.315247535705566 13.0
      vertex 17.0 15.0 13.581005096435547
    endloop
  endfacet
  facet normal 0.5026373267173767 -0.051718343049287796 -0.8629489541053772
    outer loop
      vertex 18.0 10.0 12.957152366638184
      vertex 18.073562622070312 10.0 13.0
      vertex 18.0 9.285063743591309 13.0
    endloop
  endfacet
  facet normal 0.9618368148803711 -0.09896719455718994 0.2550990581512451
    outer loop
      vertex 18.073562622070312 10.0 13.0
      vertex 18.0 10.0 13.277363777160645
      vertex 18.0 9.285063743591309 13.0
    endloop
  endfacet
  facet normal 0.5188882946968079 -0.027143536135554314 -0.8544110059738159
    outer loop
      vertex 18.0 11.0 12.923556327819824
      vertex 18.125873565673828 11.0 13.0
      vertex 18.073562622070312 10.0 13.0
    endloop
  endfacet
  facet normal 0.5030989646911621 -0.02901829592883587 -0.8637415170669556
    outer loop
      vertex 18.0 11.0 12.923556327819824
      vertex 18.073562622070312 10.0 13.0
      vertex 18.0 10.0 12.957152366638184
    endloop
  endfacet
  facet normal 0.9528359174728394 -0.03636735677719116 0.30129924416542053
    outer loop
      vertex 18.125873565673828 11.0 13.0
      vertex 18.0 11.0 13.398065567016602
      vertex 18.0 10.0 13.277363777160645
    endloop
  endfacet
  facet normal 0.9653487801551819 -0.05049830675125122 0.25603049993515015
    outer loop
      vertex 18.125873565673828 11.0 13.0
      vertex 18.0 10.0 13.277363777160645
      vertex 18.073562622070312 10.0 13.0
    endloop
  endfacet
  facet normal 0.5190795063972473 0.0 -0.8547258973121643
    outer loop
      vertex 18.0 12.0 12.923556327819824
      vertex 18.125873565673828 12.0 13.0
      vertex 18.125873565673828 11.0 13.0
    endloop
  endfacet
  facet normal 0.5190795063972473 0.0 -0.8547258973121643
    outer loop
      vertex 18.0 12.0 12.923556327819824
      vertex 18.125873565673828 11.0 13.0
      vertex 18.0 11.0 12.923556327819824
    endloop
  endfacet
  facet normal 0.9534665942192078 0.0 0.301498681306839
    outer loop
      vertex 18.125873565673828 12.0 13.0
      vertex 18.0 12.0 13.398065567016602
      vertex 18.0 11.0 13.398065567016602
    endloop
  endfacet
  facet normal 0.9534665942192078 0.0 0.301498681306839
    outer loop
      vertex 18.125873565673828 12.0 13.0
      vertex 18.0 11.0 13.398065567016602
      vertex 18.125873565673828 11.0 13.0
    endloop
  endfacet
  facet normal 0.5031365752220154 0.026319552212953568 -0.8638060688972473
    outer loop
      vertex 18.0 13.0 12.957152366638184
      vertex 18.073562622070312 13.0 13.0
      vertex 18.125873565673828 12.0 13.0
    endloop
  endfacet
  facet normal 0.5188656449317932 0.02870357409119606 -0.8543737530708313
    outer loop
      vertex 18.0 13.0 12.957152366638184
      vertex 18.125873565673828 12.0 13.0
      vertex 18.0 12.0 12.923556327819824
    endloop
  endfacet
  facet normal 0.966119647026062 0.03092801570892334 0.25623494386672974
    outer loop
      vertex 18.073562622070312 13.0 13.0
      vertex 18.0 13.0 13.277363777160645
      vertex 18.0 12.0 13.398065567016602
    endloop
  endfacet
  facet normal 0.9522828459739685 0.04981481656432152 0.30112436413764954
    outer loop
      vertex 18.073562622070312 13.0 13.0
      vertex 18.0 12.0 13.398065567016602
      vertex 18.125873565673828 12.0 13.0
    endloop
  endfacet
  facet normal 0.5026373267173767 0.051718343049287796 -0.8629489541053772
    outer loop
      vertex 18.0 13.714936256408691 13.0
      vertex 18.073562622070312 13.0 13.0
      vertex 18.0 13.0 12.957152366638184
    endloop
  endfacet
  facet normal 0.9618368148803711 0.09896719455718994 0.2550990581512451
    outer loop
      vertex 18.073562622070312 13.0 13.0
      vertex 18.0 13.714936256408691 13.0
      vertex 18.0 13.0 13.277363777160645
    endloop
  endfacet
endsolid labcem
